; HEADER_BLOCK_START
; generated by OrcaSlicer 2.3.1 on 2026-04-16 at 00:16:27
; total layer number: 102
; filament_density: 1.24
; filament_diameter: 1.75
; max_z_height: 20.44
; HEADER_BLOCK_END

; THUMBNAIL_BLOCK_START

;
; thumbnail begin 230x110 3024
; iVBORw0KGgoAAAANSUhEUgAAAOYAAABuCAYAAAAziW8OAAAIoklEQVR4Ae3d628UVRjH8XlhMCrBRo
; LxAoiiouKl0SjXwtIKKF5aoaWA0AJy9VojarwkVawCooIWxfsKatQYrIkYE2NSfSEmKmDEGE0kJSbq
; C1/wJ4z7LBw8Oz0zO7Pdc2Yo309yIrKknRfz2+fMc87MeB4AAAAAAAAAAAAAAAAAAAAAAAAAAAAAAA
; AAwKUhp5xeM3T4qDHyXw9AumrOHlfb0rWvb9n2f30Zt7/wx+EJLV1bCCiQolFXzOqY88Bn/pIX//RV
; OGU0Pta7f/RVNzZ5ANyTYNavfse//s73/daNv5SEU6rnZfWrO6iegGMqmGo0Pf6N377t75KA3nj/p7
; 1y/ekBcCMYTBk3dHxSqJYHjdXTA2CfKZhqajtv/ffG6snUFrAsLJhqmBpDUj1pDAEWlQumqp4tT+8v
; CacMllVwQjtj5OW1niVRwZRrTf3/b33kq35TW1lWsXl8QCbVtXXnbS5bhDV/ZPoqIZQubfCzsGUVDx
; jspArpO3JsLVsEg3lb57f9pqwLN//mz7rno2NVM/g5yyo4IdTe9GBn2Mkv1enCSQuWelWiginBCy6R
; 6EOqZ7BSyliy9RCNIQxuUiXlmi0sHPqQKa5UJ/n3EuRKp7kSzKgqGDbauv/yG9bs8OtX5YvLKjSGMC
; jJNVrScEh10qeRlTRhZt71QW/S3zu3c48/acGm4sjd8fqxZRUaQxg0pKo0rNnZkzQcxWmkYX0xbhPG
; dA0bZ0jzR4VSDyb7bTFonHXxlJxe9ZKO5qd+8Oc+8V3iva0yzVT/dvGWvmKopi9/tRi64M9SY+Hm3/
; 1pS18uCWUwmOy3xXFPD8dAglm/Zmfs3Tmma9g563b7E1s3+lPbugvXi+8UAxj8Pbc8/GW/QEYFM2q/
; bTUbV0DVJGnwxA2mvrc1+G9UEybsGlaCmLvjDWO1LH624o3QUEYFM+qYpHHF1BaZkbTB0/jY1/6UxV
; sK08zX/Nn37Spcvx0IDaa+tzUYsEqmy/K7owIZJ5hR+225ERupk+og11hJgtG64YA/sXDiy6hr7y6G
; UyqQfoKbghnWhIk7ZBkk2OAZaDDD9tvSGEKqzqu9qSNpUJq79hZDOXZCS370VXM6r2l6fH/96h2xgh
; nVhIkaYQ2eagQzar9tpUs9wIAMHT66tpKgTF70fF5OWKko0sENVt1ywQxrwpiGNIGSBLLSYKpjkm1+
; purpAS5dmluRTxKUWFU1RjCjmjCqSpZr8FQ7mPoxcSM2UnXSkFNrJi96ri/qpLQVzKgmjARz5t0fOg
; 9m1DGx3xZOSThV5Qw7KW0GM6wxJA0fmcpKB9h1MKMqOvtt4ZRsHJ+27JXDYd1Km8GMagy1bvjZevMn
; atz80Bfst0W6pCF0XfP6/eqkNHUrbQYz7HpXVc80gilDbj9jvy1Sd9HkRVv0oCRZVhloMPVppKl6xp
; naVjuY6pjkhm322yJVUj31qW3cxlA1gqmG6XpXqme5xpCNYOrHxH5bpC5pY6iawVRfCqbrXbU10HUw
; 9S+q4DGx3xZOjRhzdVOweroKphqm692w9U7bwYz6omK/LZySqe0Vs+/t0U9K09TWVjBlmK53Tcsqro
; KpvqhoDCF10hjSq2fwpLQZTL1iRy2ruAymGtyIjdRJ9VQ7hoInpe1g6hXbtKwiVTWNYMrgxUfIBL0x
; pE5KV8HUq2dwOi3NIvksjXCy3xaZUHPOJTl9anvD/T3OgqlXz/43Yh8s7tpJI5zqmNhvi1TJ1PZY9Z
; TnujoOpvpSCF7vqtcppFk9efERUndkv+32w2kEUw1TE0Z/nUIagxcfIXWjrpzdkWYwZZiaMKaXEbk+
; JtOyCjuG4EQWgikjrAkj1TNrjSHCCeuyEkw1TE0YCUaqjaF1u/uFk6YQrBpx/jVNWQqmqlSmJoxUr1
; SqZ6FBNmfd54Vw/vP/Ek/Xvj4aQrDq0hkr885P9hjD1ISRa9HgW6pdBLNh7bvFV0noxyJvSPMAm/T1
; zSwNUxPGeWPoaDDl9rXgJgQPsK1kfTNDI6ox5GRZ5WgwG9a+V3L9K11aD3BFf55QlkZqjSEtmMEXJn
; mAS8GN71mrnk4bQyEVUzbhe0Aa9OcJZa16OmsMhVxjNj/1I8FEevTnCWWtejrZb3s0mPOf+ankd8mX
; gAekLYuNIRnW99seXcfUf768RVtu8vaALNCfJ5SlEbbfVtZCB/qzZedP8Jo2t/ItgolsCT5PKCsjrD
; FUafUM24E08+6P/EkLNxNMZFOWG0OmZRUJqHxW7vpTll9MgZQubMOanUdCSTCRZVldVpGljXlPmh96
; LX8n015pHEkAZcifg+/b1Mfczj1Hnuy38FmCieNH1hpDM1bl/Rkr3/Zn3ftxcY9rpa8rbHy015/ats
; 2fuGDjkcdtEkwcb7LUGFLBzK1405++/LXin2fft8tvLHRwF2z61V+y9ZDf3l0a1sVb+/zmrr3Fp8bX
; r94hjxTxJ8x/pjA2EEwc37Ky3zYYzOnLXy2OactkbC+MV/y69m3Fz6a2vVSYpm4tjBf8SYs2F0K4yZ
; /YupFgYvBJe79t3GDWtXcTTJxY0mwMEUygjDSWVQgmEIPr/bYEE4jppCGn1rhqDBFMICEXyyoEE6iA
; 7f22BBMYAFuNIYIJDJCNZRWCCVRJNRtDBBOoomo1hggmUGXVaAwRTMASaQxVWj0JJmBRpY0hggk4kL
; QxRDABR5K8+IhgAg7FvRHbRTCvnfckLxUCdOVuxHYRzAsnzM97AEpFNYZcBPPscVM7PABmpv22toN5
; 7bz1TGOBcoI3YtsO5rAzx+Y8APGoxpDNYJ4xcnyTByAZ2W9bt/TlwzaCOezMC3IegMrI1PaS6cvz1Q
; rmZfWrek+rOafWAzBwQ4ePqh3fsLan0mBePGVxz7ARF+Q8AHacO76+Y1xde/66lq6+sGBe3fho39jC
; +uTI8dd3nnxazRgPAAAAAAAAAAAAKO8/qN7pNtRv28sAAAAASUVORK5CYII=
; thumbnail end
; THUMBNAIL_BLOCK_END

; external perimeters extrusion width = 0.42mm
; perimeters extrusion width = 0.45mm
; infill extrusion width = 0.45mm
; solid infill extrusion width = 0.42mm
; top infill extrusion width = 0.42mm
; support material extrusion width = 0.40mm
; first layer extrusion width = 0.50mm

; EXECUTABLE_BLOCK_START
M201 X2000 Y2000 Z800 E2000
M203 X300 Y300 Z8 E100
M204 P2000 R2000 T20000 ; sets acceleration (P, T) and retract acceleration (R), mm/sec^2
M205 X10.00 Y10.00 Z2.00 E5.00 ; sets the jerk limits, mm/sec
;TYPE:Custom
G21 ; metric values
G90 ; use absolute coordinates
M83 ; extruder relative mode
M104 S220 ; set extruder temp
M140 S60 ; set bed temp
G28; move X/Y/Z to min endstops
M420 S1
M300 S1318 P266
G1 Z5 F5000 ; lift nozzle
G1 X0 Y0  F3000
G1 Z0.3; lift nozzle a bit
G92 E0 ; zero after lift
G1 X10 Y5 F1800 ; move to purge line start position
M190 S60 ; wait for bed temp
M109 S220 ; wait for extruder temp
G1 X60 Y5 E20 F500 ; Extrude 20mm of filament in a 5cm line. 
G92 E0 ; zero the extruded length again 
G1 E-4.5 F4000 ; Retract a little 
G92 E0 ; zero the extruded length again
G1 X120 F4000 ; Quickly wipe away from the filament line
M117 Printing... ; Display status message
G90
G21
M83 ; use relative distances for extrusion
; filament start gcode
M106 S0
;LAYER_CHANGE
;Z:0.24
;HEIGHT:0.24
G92 E0 ; zero the extruded length again
; BEFORE_LAYER_CHANGE 0 @ 0.24mm
G1 E-2.5 F6000
; AFTER_LAYER_CHANGE 0 @ 0.24mm
;_SET_FAN_SPEED_CHANGING_LAYER
M204 P500
; printing object LEG id:18398695746277035084 copy 0
M204 T500
G1 X100.261 Y76.634 F18000
G1 Z.24
G1 Z.24
G1 E2.5 F6000
;TYPE:Brim
;WIDTH:0.5
G1 F3000
G1 X100.824 Y75.97 E.03778
G1 X101.149 Y75.626 E.02055
G1 X101.78 Y75.027 E.03778
G1 X102.141 Y74.72 E.02056
G1 X102.833 Y74.193 E.03778
G1 X103.225 Y73.926 E.02055
G1 X103.97 Y73.477 E.03778
G1 X104.388 Y73.255 E.02055
G1 X105.178 Y72.889 E.03778
G1 X105.617 Y72.713 E.02055
G1 X106.442 Y72.434 E.03778
G1 X106.898 Y72.307 E.02055
G1 X107.748 Y72.119 E.03778
G1 X108.215 Y72.042 E.02055
G1 X109.08 Y71.947 E.03777
G1 X109.557 Y71.921 E.02074
G1 X110.443 Y71.921 E.03848
G1 X110.916 Y71.947 E.02055
G1 X111.76 Y72.038 E.03686
G1 X112.22 Y72.114 E.02025
G1 X113.076 Y72.3 E.038
G1 X113.535 Y72.427 E.02067
G1 X114.36 Y72.704 E.03778
G1 X114.8 Y72.879 E.02055
G1 X115.59 Y73.244 E.03778
G1 X116.008 Y73.465 E.02055
G1 X116.755 Y73.913 E.03778
G1 X117.147 Y74.178 E.02055
G1 X117.84 Y74.704 E.03778
G1 X118.201 Y75.01 E.02056
G1 X118.834 Y75.608 E.03778
G1 X119.16 Y75.952 E.02055
G1 X119.724 Y76.614 E.03778
G1 X120.011 Y76.991 E.02055
G1 X120.5 Y77.711 E.03778
G1 X120.744 Y78.116 E.02055
G1 X121.153 Y78.885 E.03778
G1 X121.352 Y79.314 E.02055
G1 X121.675 Y80.123 E.03778
G1 X121.826 Y80.571 E.02055
G1 X122.06 Y81.409 E.03778
G1 X122.162 Y81.872 E.02055
G1 X122.304 Y82.73 E.03778
G1 X122.356 Y83.2 E.02052
G1 X122.41 Y84.317 E.04851
G1 X122.411 Y124.165 E1.72976
G1 X122.394 Y124.599 E.01886
G1 X122.315 Y125.256 E.02871
G1 X122.167 Y125.91 E.02912
G1 X121.951 Y126.547 E.0292
G1 X121.77 Y126.957 E.01945
G1 X121.326 Y127.732 E.03878
G1 X120.926 Y128.268 E.02903
G1 X120.47 Y128.761 E.02916
G1 X120.411 Y128.913 E.00709
G1 X120.411 Y142.336 E.58267
G1 X120.363 Y142.979 E.02796
G1 X120.221 Y143.6 E.02768
G1 X120.056 Y144.047 E.02066
G1 X119.71 Y144.72 E.03288
G1 X119.333 Y145.231 E.02754
G1 X118.884 Y145.681 E.02759
G1 X118.375 Y146.058 E.0275
G1 X117.656 Y146.421 E.03495
G1 X116.949 Y146.648 E.03225
G1 X116.322 Y146.743 E.02754
G1 X104.008 Y146.755 E.5345
G1 X103.366 Y146.707 E.02795
G1 X102.745 Y146.566 E.02763
G1 X102.19 Y146.353 E.0258
G1 X101.625 Y146.055 E.02774
G1 X101.114 Y145.678 E.02759
G1 X100.664 Y145.229 E.02759
G1 X100.287 Y144.72 E.0275
G1 X99.924 Y144.001 E.03495
G1 X99.697 Y143.294 E.03225
G1 X99.601 Y142.662 E.02772
G1 X99.589 Y142.341 E.01397
G1 X99.589 Y128.913 E.58288
G1 X99.529 Y128.76 E.00713
G1 X99.104 Y128.304 E.02704
G1 X98.7 Y127.771 E.02905
G1 X98.25 Y126.999 E.03879
G1 X98.067 Y126.59 E.01944
G1 X97.846 Y125.955 E.0292
G1 X97.693 Y125.302 E.02911
G1 X97.609 Y124.634 E.02922
G1 X97.59 Y124.172 E.02005
G1 X97.589 Y84.325 E1.72974
G1 X97.642 Y83.222 E.04792
G1 X97.693 Y82.755 E.02039
G1 X97.833 Y81.896 E.03778
G1 X97.934 Y81.433 E.02055
G1 X98.166 Y80.595 E.03778
G1 X98.317 Y80.146 E.02055
G1 X98.638 Y79.337 E.03778
G1 X98.837 Y78.907 E.02055
G1 X99.243 Y78.138 E.03778
G1 X99.487 Y77.732 E.02055
G1 X99.975 Y77.011 E.03778
G1 X100.237 Y76.666 E.01882
G1 X100.594 Y76.937 F18000
G1 F3000
G1 X100.609 Y76.917 E.00104
G1 X101.16 Y76.267 E.03704
G1 X101.469 Y75.94 E.01949
G1 X102.083 Y75.358 E.03672
G1 X102.425 Y75.067 E.0195
G1 X103.098 Y74.555 E.03672
G1 X103.47 Y74.302 E.0195
G1 X104.188 Y73.869 E.03641
G1 X104.591 Y73.655 E.01982
G1 X105.352 Y73.302 E.03641
G1 X105.776 Y73.133 E.01981
G1 X106.57 Y72.864 E.03641
G1 X107.003 Y72.743 E.0195
G1 X107.829 Y72.56 E.03672
G1 X108.272 Y72.487 E.01949
G1 X109.113 Y72.395 E.03671
G1 X109.565 Y72.37 E.01968
G1 X110.435 Y72.37 E.03774
G1 X110.883 Y72.394 E.0195
G1 X111.703 Y72.484 E.03581
G1 X112.14 Y72.555 E.01921
G1 X112.964 Y72.735 E.03663
G1 X113.407 Y72.857 E.01992
G1 X114.202 Y73.124 E.03641
G1 X114.619 Y73.29 E.0195
G1 X115.394 Y73.648 E.03704
G1 X115.791 Y73.858 E.0195
G1 X116.51 Y74.289 E.03641
G1 X116.888 Y74.545 E.01981
G1 X117.556 Y75.052 E.03641
G1 X117.899 Y75.342 E.0195
G1 X118.519 Y75.929 E.03704
G1 X118.828 Y76.254 E.0195
G1 X119.372 Y76.893 E.03641
G1 X119.649 Y77.256 E.01981
G1 X120.12 Y77.95 E.03641
G1 X120.352 Y78.334 E.0195
G1 X120.752 Y79.088 E.03704
G1 X120.941 Y79.496 E.0195
G1 X121.252 Y80.274 E.03641
G1 X121.399 Y80.707 E.01981
G1 X121.624 Y81.515 E.03641
G1 X121.721 Y81.953 E.0195
G1 X121.859 Y82.788 E.03672
G1 X121.908 Y83.232 E.01939
G1 X121.962 Y84.331 E.04776
G1 X121.962 Y124.154 E1.72865
G1 X121.946 Y124.569 E.01805
G1 X121.871 Y125.186 E.02698
G1 X121.737 Y125.781 E.02649
G1 X121.534 Y126.378 E.02737
G1 X121.372 Y126.748 E.01752
G1 X120.946 Y127.492 E.03724
G1 X120.576 Y127.986 E.02678
G1 X120.149 Y128.448 E.02729
G1 X120.048 Y128.61 E.00829
G1 X119.998 Y128.738 E.006
G1 X119.962 Y128.926 E.00829
G1 X119.962 Y142.325 E.58161
G1 X119.916 Y142.922 E.02599
G1 X119.787 Y143.48 E.02489
G1 X119.641 Y143.873 E.01818
G1 X119.332 Y144.474 E.02932
G1 X118.998 Y144.93 E.02454
G1 X118.597 Y145.333 E.02468
G1 X118.148 Y145.668 E.02434
G1 X117.495 Y146 E.03178
G1 X116.857 Y146.206 E.02914
G1 X116.297 Y146.293 E.02455
G1 X104.03 Y146.307 E.53252
G1 X103.443 Y146.263 E.02554
G1 X102.885 Y146.138 E.02481
G1 X102.369 Y145.94 E.02401
G1 X101.856 Y145.668 E.02519
G1 X101.4 Y145.33 E.02468
G1 X100.998 Y144.927 E.02468
G1 X100.665 Y144.473 E.02445
G1 X100.345 Y143.84 E.0308
G1 X100.138 Y143.201 E.02914
G1 X100.05 Y142.628 E.0252
G1 X100.038 Y142.33 E.01295
G1 X100.038 Y128.925 E.58186
G1 X100.002 Y128.737 E.00834
G1 X99.951 Y128.607 E.00604
G1 X99.849 Y128.445 E.00834
G1 X99.444 Y128.009 E.0258
G1 X99.079 Y127.528 E.02622
G1 X98.647 Y126.787 E.03724
G1 X98.482 Y126.419 E.01752
G1 X98.275 Y125.823 E.02737
G1 X98.134 Y125.216 E.02707
G1 X98.057 Y124.602 E.02683
G1 X98.038 Y124.16 E.0192
G1 X98.038 Y84.339 E1.7286
G1 X98.09 Y83.253 E.04719
G1 X98.138 Y82.812 E.01926
G1 X98.274 Y81.977 E.03673
G1 X98.371 Y81.538 E.0195
G1 X98.594 Y80.729 E.03641
G1 X98.739 Y80.297 E.01981
G1 X99.049 Y79.517 E.03641
G1 X99.24 Y79.103 E.01981
G1 X99.632 Y78.361 E.03641
G1 X99.864 Y77.976 E.0195
G1 X100.337 Y77.275 E.03672
G1 X100.57 Y76.969 E.01672
G1 X100.928 Y77.239 F18000
G1 F3000
G1 X100.957 Y77.201 E.00208
G1 X101.497 Y76.563 E.03629
G1 X101.789 Y76.255 E.01844
G1 X102.385 Y75.69 E.03567
G1 X102.709 Y75.414 E.01845
G1 X103.363 Y74.917 E.03567
G1 X103.715 Y74.678 E.01844
G1 X104.406 Y74.261 E.03504
G1 X104.794 Y74.055 E.01908
G1 X105.526 Y73.716 E.03503
G1 X105.934 Y73.553 E.01907
G1 X106.699 Y73.294 E.03504
G1 X107.108 Y73.18 E.01844
G1 X107.911 Y73.002 E.03567
G1 X108.33 Y72.932 E.01844
G1 X109.146 Y72.842 E.03565
G1 X109.574 Y72.818 E.01861
G1 X110.426 Y72.818 E.03699
G1 X110.85 Y72.842 E.01844
G1 X111.646 Y72.929 E.03476
G1 X112.059 Y72.997 E.01817
G1 X112.853 Y73.17 E.03527
G1 X113.279 Y73.288 E.01918
G1 X114.044 Y73.545 E.03504
G1 X114.439 Y73.701 E.01844
G1 X115.198 Y74.051 E.03629
G1 X115.574 Y74.25 E.01844
G1 X116.266 Y74.666 E.03504
G1 X116.63 Y74.912 E.01907
G1 X117.273 Y75.4 E.03504
G1 X117.597 Y75.674 E.01844
G1 X118.205 Y76.249 E.03629
G1 X118.497 Y76.557 E.01844
G1 X119.02 Y77.172 E.03504
G1 X119.286 Y77.521 E.01907
G1 X119.74 Y78.189 E.03504
G1 X119.96 Y78.553 E.01844
G1 X120.352 Y79.291 E.03629
G1 X120.531 Y79.676 E.01844
G1 X120.83 Y80.426 E.03504
G1 X120.971 Y80.842 E.01907
G1 X121.188 Y81.62 E.03504
G1 X121.28 Y82.035 E.01844
G1 X121.414 Y82.845 E.03567
G1 X121.46 Y83.263 E.01826
G1 X121.513 Y84.345 E.04701
G1 X121.514 Y124.142 E1.72753
G1 X121.498 Y124.539 E.01722
G1 X121.43 Y125.102 E.02465
G1 X121.306 Y125.653 E.02447
G1 X121.118 Y126.21 E.02555
G1 X120.974 Y126.539 E.01557
G1 X120.565 Y127.252 E.03567
G1 X120.227 Y127.702 E.02444
G1 X119.763 Y128.22 E.03018
G1 X119.673 Y128.363 E.00736
G1 X119.583 Y128.568 E.00971
G1 X119.524 Y128.833 E.01178
G1 X119.513 Y142.312 E.58513
G1 X119.472 Y142.844 E.02313
G1 X119.354 Y143.36 E.02297
G1 X119.226 Y143.698 E.01572
G1 X118.954 Y144.228 E.02584
G1 X118.662 Y144.63 E.02156
G1 X118.31 Y144.986 E.02176
G1 X117.92 Y145.279 E.02117
G1 X117.333 Y145.579 E.02862
G1 X116.763 Y145.765 E.02603
G1 X116.273 Y145.843 E.02153
G1 X104.051 Y145.858 E.53052
G1 X103.519 Y145.819 E.02316
G1 X103.025 Y145.71 E.02198
G1 X102.548 Y145.528 E.02218
G1 X102.088 Y145.282 E.0226
G1 X101.687 Y144.982 E.02176
G1 X101.334 Y144.626 E.02175
G1 X101.043 Y144.228 E.02141
G1 X100.758 Y143.659 E.02764
G1 X100.575 Y143.087 E.02607
G1 X100.498 Y142.592 E.02175
G1 X100.486 Y142.318 E.0119
G1 X100.476 Y128.832 E.58542
G1 X100.416 Y128.565 E.01185
G1 X100.326 Y128.362 E.00967
G1 X100.17 Y128.132 E.01206
G1 X99.792 Y127.725 E.02408
G1 X99.457 Y127.285 E.024
G1 X99.043 Y126.575 E.03568
G1 X98.897 Y126.248 E.01557
G1 X98.705 Y125.691 E.02555
G1 X98.575 Y125.129 E.02504
G1 X98.504 Y124.559 E.02495
G1 X98.486 Y124.148 E.01786
G1 X98.486 Y84.353 E1.72746
G1 X98.538 Y83.284 E.04645
G1 X98.583 Y82.868 E.01814
G1 X98.716 Y82.057 E.03568
G1 X98.807 Y81.642 E.01845
G1 X99.022 Y80.864 E.03504
G1 X99.162 Y80.448 E.01907
G1 X99.46 Y79.698 E.03504
G1 X99.644 Y79.299 E.01908
G1 X100.022 Y78.585 E.03504
G1 X100.24 Y78.221 E.01844
G1 X100.7 Y77.54 E.03567
G1 X100.903 Y77.271 E.01462
G1 X101.261 Y77.542 F18000
G1 F3000
G1 X101.304 Y77.485 E.00311
G1 X101.834 Y76.86 E.03554
G1 X102.109 Y76.57 E.01737
G1 X102.688 Y76.021 E.03462
G1 X102.993 Y75.762 E.01739
G1 X103.628 Y75.279 E.03461
G1 X103.96 Y75.054 E.01739
G1 X104.624 Y74.654 E.03368
G1 X104.997 Y74.455 E.01834
G1 X105.701 Y74.129 E.03366
G1 X106.093 Y73.972 E.01833
G1 X106.828 Y73.724 E.03368
G1 X107.214 Y73.616 E.01739
G1 X107.992 Y73.443 E.03462
G1 X108.387 Y73.377 E.01738
G1 X109.179 Y73.29 E.03459
G1 X109.583 Y73.267 E.01754
G1 X110.418 Y73.267 E.03623
G1 X110.817 Y73.289 E.01738
G1 X111.589 Y73.374 E.03371
G1 X111.979 Y73.438 E.01713
G1 X112.742 Y73.605 E.03392
G1 X113.151 Y73.718 E.01844
G1 X113.887 Y73.965 E.03367
G1 X114.259 Y74.112 E.01738
G1 X115.003 Y74.455 E.03554
G1 X115.356 Y74.643 E.01738
G1 X116.021 Y75.042 E.03368
G1 X116.371 Y75.279 E.01833
G1 X116.989 Y75.748 E.03368
G1 X117.295 Y76.006 E.01738
G1 X117.89 Y76.569 E.03554
G1 X118.165 Y76.86 E.01738
G1 X118.668 Y77.45 E.03368
G1 X118.924 Y77.786 E.01833
G1 X119.36 Y78.428 E.03368
G1 X119.568 Y78.771 E.01738
G1 X119.952 Y79.494 E.03554
G1 X120.12 Y79.857 E.01738
G1 X120.408 Y80.578 E.03368
G1 X120.543 Y80.978 E.01833
G1 X120.751 Y81.725 E.03368
G1 X120.838 Y82.116 E.01739
G1 X120.969 Y82.903 E.03462
G1 X121.012 Y83.295 E.01712
G1 X121.065 Y84.36 E.04626
G1 X121.065 Y124.131 E1.7264
G1 X121.05 Y124.508 E.0164
G1 X120.988 Y125.019 E.02235
G1 X120.875 Y125.525 E.02247
G1 X120.701 Y126.043 E.02374
G1 X120.576 Y126.33 E.01361
G1 X120.185 Y127.012 E.03409
G1 X119.877 Y127.422 E.02228
G1 X119.436 Y127.913 E.02866
G1 X119.296 Y128.12 E.01083
G1 X119.177 Y128.379 E.01238
G1 X119.088 Y128.73 E.01571
G1 X119.064 Y142.3 E.58908
G1 X119.025 Y142.786 E.02114
G1 X118.92 Y143.238 E.02017
G1 X118.812 Y143.523 E.01323
G1 X118.576 Y143.983 E.02243
G1 X118.325 Y144.33 E.0186
G1 X118.021 Y144.64 E.01883
G1 X117.69 Y144.89 E.018
G1 X117.169 Y145.159 E.02545
G1 X116.668 Y145.325 E.02293
G1 X116.227 Y145.394 E.01938
G1 X104.072 Y145.41 E.52761
G1 X103.594 Y145.375 E.02081
G1 X103.145 Y145.275 E.01998
G1 X102.726 Y145.115 E.01946
G1 X102.322 Y144.896 E.01997
G1 X101.975 Y144.636 E.01884
G1 X101.67 Y144.326 E.01882
G1 X101.423 Y143.983 E.01837
G1 X101.171 Y143.479 E.02449
G1 X101.011 Y142.973 E.02302
G1 X100.946 Y142.555 E.01837
G1 X100.935 Y142.305 E.01085
G1 X100.925 Y128.839 E.58456
G1 X100.822 Y128.376 E.02059
G1 X100.692 Y128.102 E.01313
G1 X100.492 Y127.82 E.01503
G1 X100.14 Y127.441 E.02244
G1 X99.836 Y127.042 E.02177
G1 X99.44 Y126.364 E.0341
G1 X99.313 Y126.077 E.01361
G1 X99.135 Y125.56 E.02372
G1 X99.016 Y125.044 E.02301
G1 X98.951 Y124.516 E.02308
G1 X98.935 Y124.136 E.01653
G1 X98.935 Y84.367 E1.72632
G1 X98.986 Y83.315 E.04571
G1 X99.028 Y82.925 E.01701
G1 X99.157 Y82.138 E.03463
G1 X99.243 Y81.747 E.01739
G1 X99.45 Y80.999 E.03368
G1 X99.585 Y80.599 E.01834
G1 X99.871 Y79.878 E.03366
G1 X100.048 Y79.494 E.01834
G1 X100.411 Y78.808 E.03368
G1 X100.617 Y78.465 E.01739
G1 X101.063 Y77.804 E.03462
G1 X101.237 Y77.574 E.01253
G1 X101.595 Y77.844 F18000
G1 F3000
G1 X101.652 Y77.768 E.00413
G1 X102.17 Y77.157 E.03479
G1 X102.429 Y76.884 E.0163
G1 X102.99 Y76.353 E.03357
G1 X103.277 Y76.109 E.01633
G1 X103.893 Y75.641 E.03356
G1 X104.205 Y75.43 E.01634
G1 X104.842 Y75.046 E.03233
G1 X105.2 Y74.856 E.0176
G1 X105.875 Y74.543 E.03229
G1 X106.252 Y74.392 E.01759
G1 X106.957 Y74.154 E.03233
G1 X107.319 Y74.052 E.01634
G1 X108.074 Y73.884 E.03357
G1 X108.445 Y73.822 E.01632
G1 X109.213 Y73.737 E.03354
G1 X109.592 Y73.716 E.01646
G1 X110.409 Y73.716 E.03547
G1 X110.784 Y73.737 E.01631
G1 X111.532 Y73.819 E.03267
G1 X111.898 Y73.879 E.01609
G1 X112.631 Y74.039 E.03257
G1 X113.024 Y74.148 E.01769
G1 X113.729 Y74.385 E.03232
G1 X114.079 Y74.523 E.01632
G1 X114.807 Y74.859 E.03478
G1 X115.139 Y75.035 E.01632
G1 X115.777 Y75.419 E.03233
G1 X116.113 Y75.646 E.0176
G1 X116.706 Y76.096 E.03233
G1 X116.993 Y76.338 E.01632
G1 X117.576 Y76.889 E.03479
G1 X117.834 Y77.162 E.01631
G1 X118.317 Y77.729 E.03233
G1 X118.562 Y78.052 E.0176
G1 X118.981 Y78.668 E.03233
G1 X119.176 Y78.989 E.01632
G1 X119.552 Y79.697 E.03478
G1 X119.709 Y80.038 E.01632
G1 X119.985 Y80.73 E.03233
G1 X120.115 Y81.114 E.01759
G1 X120.315 Y81.831 E.03233
G1 X120.397 Y82.198 E.01633
G1 X120.524 Y82.961 E.03357
G1 X120.565 Y83.327 E.01598
G1 X120.617 Y84.374 E.04551
G1 X120.617 Y124.119 E1.72526
G1 X120.602 Y124.477 E.01558
G1 X120.546 Y124.937 E.02008
G1 X120.444 Y125.397 E.02048
G1 X120.284 Y125.876 E.02193
G1 X120.177 Y126.122 E.01162
G1 X119.805 Y126.771 E.03249
G1 X119.526 Y127.141 E.02012
G1 X119.107 Y127.607 E.0272
G1 X118.929 Y127.863 E.01356
G1 X118.774 Y128.181 E.01535
G1 X118.655 Y128.613 E.01942
G1 X118.639 Y128.737 E.00545
G1 X118.615 Y142.287 E.58818
G1 X118.581 Y142.707 E.01828
G1 X118.487 Y143.116 E.01824
G1 X118.398 Y143.347 E.01076
G1 X118.197 Y143.739 E.0191
G1 X117.987 Y144.032 E.01566
G1 X117.732 Y144.295 E.01591
G1 X117.46 Y144.502 E.01484
G1 X117.005 Y144.739 E.02228
G1 X116.572 Y144.884 E.01979
G1 X116.181 Y144.946 E.0172
G1 X104.093 Y144.961 E.5247
G1 X103.669 Y144.931 E.01846
G1 X103.284 Y144.847 E.0171
G1 X102.922 Y144.709 E.01682
G1 X102.573 Y144.522 E.0172
G1 X102.264 Y144.29 E.01679
G1 X102.008 Y144.028 E.01589
G1 X101.803 Y143.741 E.01533
G1 X101.585 Y143.3 E.02135
G1 X101.447 Y142.86 E.01998
G1 X101.394 Y142.518 E.01506
G1 X101.383 Y142.292 E.00981
G1 X101.361 Y128.735 E.58849
G1 X101.262 Y128.286 E.01994
G1 X101.052 Y127.836 E.02157
G1 X100.863 Y127.568 E.01423
G1 X100.487 Y127.156 E.02422
G1 X100.215 Y126.799 E.01949
G1 X99.837 Y126.152 E.03251
G1 X99.729 Y125.907 E.01162
G1 X99.565 Y125.43 E.0219
G1 X99.458 Y124.959 E.02098
G1 X99.398 Y124.474 E.02122
G1 X99.383 Y124.124 E.0152
G1 X99.383 Y84.381 E1.72519
G1 X99.433 Y83.346 E.04497
G1 X99.473 Y82.983 E.01588
G1 X99.599 Y82.219 E.03358
G1 X99.68 Y81.852 E.01634
G1 X99.878 Y81.134 E.03233
G1 X100.007 Y80.75 E.0176
G1 X100.282 Y80.058 E.03229
G1 X100.452 Y79.69 E.0176
G1 X100.8 Y79.032 E.03233
G1 X100.993 Y78.709 E.01633
G1 X101.426 Y78.068 E.03357
G1 X101.571 Y77.876 E.01044
G1 X101.917 Y78.163 F18000
G1 F3000
G1 X102.516 Y77.442 E.04068
G1 X103.402 Y76.589 E.0534
G1 X104.247 Y75.94 E.04626
G1 X105.127 Y75.4 E.04482
G1 X106.294 Y74.855 E.0559
G1 X107.261 Y74.531 E.0443
G1 X108.204 Y74.315 E.04197
G1 X109.507 Y74.167 E.05694
G1 X110.544 Y74.17 E.04499
G1 X111.569 Y74.277 E.04476
G1 X112.633 Y74.502 E.04721
G1 X113.615 Y74.82 E.04477
G1 X114.9 Y75.415 E.06149
G1 X115.81 Y75.98 E.04648
G1 X116.675 Y76.655 E.04765
G1 X117.419 Y77.372 E.04487
G1 X118.079 Y78.152 E.04434
G1 X118.665 Y79.007 E.045
G1 X119.158 Y79.91 E.04465
G1 X119.682 Y81.227 E.06154
G1 X119.959 Y82.289 E.04762
G1 X120.12 Y83.367 E.04732
G1 X120.168 Y84.333 E.04199
G1 X120.163 Y124.22 E1.73144
G1 X120.01 Y125.262 E.0457
G1 X119.821 Y125.81 E.02515
G1 X119.542 Y126.348 E.02633
G1 X119.095 Y126.944 E.03234
G1 X118.663 Y127.361 E.0261
G1 X118.226 Y127.661 E.02297
G1 X118.168 Y127.772 E.00544
G1 X118.161 Y142.395 E.63476
G1 X118.105 Y142.782 E.01696
G1 X117.955 Y143.222 E.02018
G1 X117.767 Y143.559 E.01677
G1 X117.501 Y143.879 E.01808
G1 X117.353 Y144.012 E.00862
G1 X117.033 Y144.224 E.01665
G1 X116.752 Y144.356 E.0135
G1 X116.642 Y144.391 E.005
G1 X115.953 Y144.513 E.0304
G1 X104.039 Y144.513 E.51715
G1 X103.488 Y144.431 E.02417
G1 X103.066 Y144.271 E.01958
G1 X102.601 Y143.969 E.02408
G1 X102.286 Y143.633 E.02001
G1 X102.122 Y143.379 E.01314
G1 X101.989 Y143.097 E.01353
G1 X101.954 Y142.987 E.005
G1 X101.832 Y142.297 E.0304
G1 X101.832 Y127.778 E.63025
G1 X101.768 Y127.664 E.00567
G1 X101.535 Y127.519 E.01193
G1 X101.075 Y127.126 E.02625
G1 X100.654 Y126.636 E.02805
G1 X100.332 Y126.127 E.02613
G1 X100.056 Y125.483 E.03044
G1 X99.843 Y124.336 E.05063
G1 X99.832 Y84.334 E1.73642
G1 X99.885 Y83.323 E.04396
G1 X100.047 Y82.26 E.04666
G1 X100.404 Y80.969 E.05814
G1 X100.786 Y80.03 E.04399
G1 X101.271 Y79.113 E.04503
G1 X101.868 Y78.222 E.04657
G1 X101.891 Y78.194 E.00158
G1 X102.243 Y78.468 F18000
G1 F3000
G1 X102.864 Y77.725 E.04203
G1 X103.717 Y76.908 E.05125
G1 X104.524 Y76.293 E.04406
G1 X105.367 Y75.779 E.04284
G1 X106.489 Y75.259 E.05368
G1 X107.408 Y74.955 E.04205
G1 X108.31 Y74.751 E.04012
G1 X109.5 Y74.616 E.05201
G1 X110.49 Y74.615 E.04296
G1 X111.529 Y74.724 E.04536
G1 X112.546 Y74.942 E.04512
G1 X113.483 Y75.249 E.04279
G1 X114.658 Y75.792 E.05622
G1 X115.53 Y76.33 E.04445
G1 X116.36 Y76.974 E.04561
G1 X117.072 Y77.657 E.04285
G1 X117.741 Y78.447 E.04493
G1 X118.298 Y79.265 E.04295
G1 X118.767 Y80.131 E.04274
G1 X119.246 Y81.334 E.05623
G1 X119.514 Y82.349 E.04558
G1 X119.671 Y83.383 E.0454
G1 X119.72 Y84.33 E.04113
G1 X119.72 Y124.151 E1.7286
G1 X119.59 Y125.104 E.04172
G1 X119.394 Y125.673 E.02613
G1 X119.142 Y126.145 E.02324
G1 X118.792 Y126.614 E.0254
G1 X118.343 Y127.046 E.02705
G1 X117.78 Y127.418 E.02929
G1 X117.72 Y127.53 E.00553
G1 X117.712 Y142.404 E.64565
G1 X117.661 Y142.72 E.0139
G1 X117.531 Y143.077 E.01647
G1 X117.376 Y143.34 E.01326
G1 X117.159 Y143.59 E.01439
G1 X117.06 Y143.673 E.00559
G1 X116.783 Y143.851 E.01429
G1 X116.564 Y143.949 E.01043
G1 X115.964 Y144.065 E.02651
G1 X104.029 Y144.065 E.51809
G1 X103.645 Y144.011 E.01684
G1 X103.311 Y143.896 E.01532
G1 X102.925 Y143.659 E.01969
G1 X102.669 Y143.4 E.01577
G1 X102.493 Y143.128 E.01406
G1 X102.396 Y142.909 E.01043
G1 X102.28 Y142.309 E.0265
G1 X102.28 Y127.521 E.64192
G1 X102.214 Y127.405 E.00581
G1 X101.829 Y127.179 E.01938
G1 X101.422 Y126.841 E.02296
G1 X100.988 Y126.336 E.02892
G1 X100.71 Y125.885 E.02298
G1 X100.498 Y125.403 E.02286
G1 X100.291 Y124.348 E.04667
G1 X100.28 Y84.331 E1.73711
G1 X100.333 Y83.34 E.04305
G1 X100.491 Y82.322 E.04475
G1 X100.817 Y81.145 E.05298
G1 X101.204 Y80.193 E.04463
G1 X101.669 Y79.318 E.043
G1 X102.221 Y78.501 E.04281
G1 X102.592 Y78.753 F18000
G1 F3000
G1 X102.618 Y78.714 E.00202
G1 X103.212 Y78.008 E.04006
G1 X104.031 Y77.228 E.0491
G1 X104.8 Y76.647 E.04183
G1 X105.605 Y76.159 E.04088
G1 X106.624 Y75.687 E.04874
G1 X107.501 Y75.394 E.04012
G1 X108.416 Y75.187 E.04073
G1 X109.557 Y75.061 E.04982
G1 X110.496 Y75.064 E.04075
G1 X111.488 Y75.171 E.04333
G1 X112.457 Y75.382 E.04303
G1 X113.349 Y75.677 E.0408
G1 X114.417 Y76.171 E.05109
G1 X115.251 Y76.681 E.04241
G1 X116.046 Y77.294 E.04358
G1 X116.727 Y77.943 E.04083
G1 X117.366 Y78.694 E.04282
G1 X117.931 Y79.523 E.04356
G1 X118.376 Y80.349 E.04074
G1 X118.811 Y81.443 E.05108
G1 X119.07 Y82.411 E.04352
G1 X119.223 Y83.4 E.04344
G1 X119.271 Y84.326 E.04026
G1 X119.271 Y124.16 E1.72915
G1 X119.17 Y124.945 E.03434
G1 X118.967 Y125.537 E.02717
G1 X118.746 Y125.935 E.01975
G1 X118.43 Y126.349 E.02263
G1 X118.028 Y126.727 E.02396
G1 X117.472 Y127.083 E.02862
G1 X117.349 Y127.14 E.0059
G1 X117.271 Y127.262 E.00628
G1 X117.264 Y142.415 E.65776
G1 X117.219 Y142.644 E.01015
G1 X117.111 Y142.921 E.01292
G1 X116.993 Y143.108 E.00958
G1 X116.824 Y143.291 E.01083
G1 X116.531 Y143.48 E.01511
G1 X116.39 Y143.536 E.00661
G1 X115.977 Y143.616 E.01825
G1 X104.02 Y143.616 E.51906
G1 X103.783 Y143.585 E.01038
G1 X103.543 Y143.512 E.01088
G1 X103.235 Y143.336 E.0154
G1 X103.053 Y143.169 E.0107
G1 X102.865 Y142.876 E.01511
G1 X102.809 Y142.735 E.00661
G1 X102.729 Y142.322 E.01825
G1 X102.729 Y127.264 E.65363
G1 X102.662 Y127.148 E.00581
G1 X102.046 Y126.787 E.03102
G1 X101.708 Y126.496 E.01935
G1 X101.375 Y126.11 E.02214
G1 X101.087 Y125.642 E.02384
G1 X100.908 Y125.222 E.01983
G1 X100.74 Y124.36 E.0381
G1 X100.729 Y84.327 E1.7378
G1 X100.781 Y83.358 E.04213
G1 X100.935 Y82.384 E.04278
G1 X101.23 Y81.319 E.04797
G1 X101.596 Y80.41 E.04257
G1 X102.069 Y79.523 E.04361
G1 X102.569 Y78.786 E.03869
G1 X102.939 Y79.035 F18000
G1 F3000
G1 X102.957 Y79.008 E.0014
G1 X103.56 Y78.291 E.04069
G1 X104.297 Y77.589 E.04419
G1 X105.026 Y77.034 E.03978
G1 X105.844 Y76.538 E.04151
G1 X106.76 Y76.115 E.04378
G1 X107.65 Y75.817 E.04074
G1 X108.52 Y75.623 E.03873
G1 X109.55 Y75.509 E.04495
G1 X110.442 Y75.509 E.03874
G1 X111.387 Y75.608 E.04125
G1 X112.309 Y75.806 E.04093
G1 X113.216 Y76.105 E.04144
G1 X114.178 Y76.55 E.04603
G1 X114.973 Y77.033 E.04036
G1 X115.731 Y77.614 E.04147
G1 X116.422 Y78.272 E.04144
G1 X117.028 Y78.988 E.04073
G1 X117.564 Y79.78 E.04146
G1 X117.983 Y80.567 E.03873
G1 X118.376 Y81.553 E.04607
G1 X118.626 Y82.474 E.04144
G1 X118.775 Y83.417 E.04142
G1 X118.823 Y84.323 E.03938
G1 X118.823 Y124.169 E1.72967
G1 X118.748 Y124.793 E.0273
G1 X118.576 Y125.317 E.02395
G1 X118.396 Y125.655 E.01659
G1 X118.067 Y126.085 E.02353
G1 X117.718 Y126.403 E.02047
G1 X117.23 Y126.705 E.02489
G1 X116.91 Y126.826 E.01489
G1 X116.823 Y126.952 E.00664
G1 X116.823 Y142.334 E.6677
G1 X116.796 Y142.497 E.00718
G1 X116.738 Y142.671 E.00795
G1 X116.607 Y142.879 E.01066
G1 X116.507 Y142.975 E.00605
G1 X116.298 Y143.097 E.01048
G1 X115.99 Y143.168 E.01373
G1 X104.011 Y143.168 E.52
G1 X103.848 Y143.141 E.00718
G1 X103.674 Y143.083 E.00795
G1 X103.466 Y142.952 E.01066
G1 X103.37 Y142.852 E.00605
G1 X103.247 Y142.643 E.01048
G1 X103.177 Y142.335 E.01373
G1 X103.177 Y126.953 E.6677
G1 X103.09 Y126.827 E.00666
G1 X102.79 Y126.715 E.0139
G1 X102.342 Y126.451 E.02256
G1 X102.048 Y126.203 E.01672
G1 X101.763 Y125.884 E.01857
G1 X101.463 Y125.398 E.02475
G1 X101.319 Y125.042 E.0167
G1 X101.188 Y124.373 E.02957
G1 X101.177 Y84.323 E1.73852
G1 X101.229 Y83.376 E.04119
G1 X101.379 Y82.449 E.04074
G1 X101.644 Y81.492 E.0431
G1 X101.99 Y80.625 E.0405
G1 X102.437 Y79.779 E.04153
G1 X102.916 Y79.068 E.03725
G1 X103.287 Y79.32 F18000
G1 F3000
G1 X103.331 Y79.255 E.00342
G1 X103.907 Y78.575 E.03864
G1 X104.563 Y77.95 E.03935
G1 X105.304 Y77.386 E.04041
G1 X106.081 Y76.919 E.03937
G1 X106.897 Y76.542 E.03901
G1 X107.74 Y76.256 E.03865
G1 X108.625 Y76.059 E.03935
G1 X109.543 Y75.958 E.04007
G1 X110.45 Y75.958 E.03937
G1 X111.346 Y76.055 E.03913
G1 X112.22 Y76.245 E.03886
G1 X113.08 Y76.533 E.03936
G1 X113.94 Y76.93 E.04113
G1 X114.696 Y77.386 E.03831
G1 X115.418 Y77.935 E.03936
G1 X116.077 Y78.558 E.03936
G1 X116.654 Y79.235 E.03864
G1 X117.164 Y79.985 E.03935
G1 X117.591 Y80.785 E.03936
G1 X117.942 Y81.665 E.04113
G1 X118.182 Y82.539 E.03936
G1 X118.327 Y83.434 E.03935
G1 X118.374 Y84.319 E.03848
G1 X118.374 Y124.177 E1.73017
G1 X118.324 Y124.648 E.02056
G1 X118.18 Y125.106 E.02082
G1 X118.039 Y125.383 E.01353
G1 X117.773 Y125.746 E.01951
G1 X117.407 Y126.08 E.02153
G1 X116.994 Y126.324 E.02082
G1 X116.525 Y126.483 E.0215
G1 X116.374 Y126.507 E.00662
G1 X116.374 Y142.345 E.68748
G1 X116.308 Y142.544 E.00913
G1 X116.184 Y142.663 E.00745
G1 X116 Y142.719 E.00835
G1 X104 Y142.719 E.5209
G1 X103.8 Y142.652 E.00913
G1 X103.681 Y142.529 E.00745
G1 X103.626 Y142.345 E.00835
G1 X103.626 Y126.507 E.68747
G1 X103.476 Y126.484 E.00658
G1 X103.021 Y126.331 E.02082
G1 X102.631 Y126.108 E.01951
G1 X102.388 Y125.911 E.01357
G1 X102.089 Y125.576 E.01951
G1 X101.845 Y125.163 E.02082
G1 X101.733 Y124.872 E.01353
G1 X101.637 Y124.386 E.0215
G1 X101.626 Y84.319 E1.73925
G1 X101.678 Y83.394 E.04024
G1 X101.823 Y82.515 E.03864
G1 X102.058 Y81.665 E.03831
G1 X102.409 Y80.785 E.04113
G1 X102.836 Y79.985 E.03936
G1 X103.265 Y79.353 E.03315
G1 E-1.75 F6000
;WIPE_START
G1 F3000
G1 X103.331 Y79.255 E-.08913
G1 X103.901 Y78.582 E-.66087
;WIPE_END
G1 X115.675 Y125.861 F18000
G1 E2.5 F6000
;TYPE:Outer wall
G1 F3000
G1 X115.675 Y142.02 E.70143
G1 X104.325 Y142.02 E.49269
G1 X104.325 Y125.861 E.70144
G3 X103.319 Y125.699 I-.094 J-2.627 E.04452
G3 X102.325 Y124.161 I.694 J-1.539 E.08403
G1 X102.325 Y84.328 E1.72908
G3 X110.826 Y76.701 I7.668 J-.005 E.55929
G1 X111.237 Y76.745 E.01793
G3 X117.675 Y84.328 I-1.273 J7.605 E.46931
G1 X117.675 Y124.161 E1.72908
G3 X116.176 Y125.834 I-1.702 J-.016 E.10651
G1 X115.735 Y125.858 E.01918
G1 X115.227 Y125.447 F18000
;TYPE:Inner wall
G1 F3000
G1 X115.227 Y141.571 E.69993
G1 X104.773 Y141.571 E.45375
G1 X104.773 Y125.435 E.70045
G1 X103.872 Y125.388 E.03919
G3 X102.773 Y124.149 I.149 J-1.238 E.0786
G1 X102.773 Y84.34 E1.72804
G3 X110.778 Y77.146 I7.22 J-.016 E.52711
G1 X111.164 Y77.188 E.01688
G3 X117.227 Y84.34 I-1.199 J7.162 E.4424
G1 X117.227 Y124.149 E1.72804
G3 X116.129 Y125.388 I-1.247 J.001 E.07855
G1 X115.275 Y125.433 E.03713
G1 E-1.75 F6000
;WIPE_START
G1 F3000
G1 X115.272 Y126.433 E-.75
;WIPE_END
G1 X103.575 Y114.744 F18000
G1 E2.5 F6000
;TYPE:Outer wall
G1 F3000
G1 X103.575 Y84.308 E1.3212
G3 X109.652 Y77.903 I6.425 J.011 E.42251
G3 X116.425 Y84.308 I.327 J6.437 E.4523
G1 X116.425 Y114.744 E1.3212
G1 X103.635 Y114.744 E.5552
G1 X103.127 Y114.744 F18000
;TYPE:Inner wall
G1 F3000
G1 X103.127 Y84.295 E1.32173
G3 X109.628 Y77.454 I6.873 J.022 E.45154
G3 X116.873 Y84.295 I.351 J6.886 E.48342
G1 X116.873 Y115.193 E1.3412
G1 X103.127 Y115.193 E.59674
G1 X103.127 Y114.804 E.01686
G1 E-1.75 F6000
;WIPE_START
G1 F3000
G1 X103.127 Y113.804 E-.75
;WIPE_END
G1 X114.778 Y125.033 F18000
G1 E2.5 F6000
G1 F3000
G1 X114.778 Y141.123 E.69843
G1 X105.222 Y141.123 E.41481
G1 X105.222 Y125.009 E.69945
G1 X103.919 Y124.941 E.05665
G3 X103.222 Y124.137 I.095 J-.787 E.05064
G1 X103.222 Y115.641 E.3688
G1 X116.778 Y115.641 E.58845
G1 X116.778 Y124.137 E.3688
G3 X116.082 Y124.941 I-.792 J.017 E.0506
G1 X114.815 Y125.008 E.05507
G1 E-1.75 F6000
;WIPE_START
G1 F3000
G1 X114.813 Y126.008 E-.75
;WIPE_END
G1 X110.72 Y139.454 F18000
G1 E2.5 F6000
;TYPE:Outer wall
G1 F3000
G1 X110.712 Y139.455 E.00037
G3 X109.688 Y135.769 I-.712 J-1.788 E.28049
G1 X109.896 Y135.746 E.00905
G3 X111.079 Y139.261 I.104 J1.921 E.21719
G1 X110.773 Y139.426 E.01509
G1 X110.905 Y139.863 F18000
;TYPE:Inner wall
G1 F3000
G1 X110.878 Y139.872 E.00124
G3 X109.616 Y135.326 I-.878 J-2.205 E.34591
G1 X109.871 Y135.298 E.01116
G3 X111.111 Y139.764 I.128 J2.37 E.279
G1 X110.959 Y139.837 E.00731
G1 X111.093 Y140.27 F18000
G1 F3000
G1 X111.044 Y140.289 E.00229
G3 X109.543 Y134.882 I-1.044 J-2.622 E.41134
G1 X109.847 Y134.849 E.01327
G3 X111.321 Y140.161 I.153 J2.818 E.33177
G1 X111.147 Y140.244 E.00837
G1 E-1.75 F6000
;WIPE_START
G1 F3000
G1 X111.044 Y140.289 E-.0845
G1 X110.755 Y140.39 E-.22918
G1 X110.457 Y140.456 E-.22933
G1 X110.182 Y140.486 E-.20699
;WIPE_END
G1 X112.345 Y117.091 F18000
G1 E2.5 F6000
G1 F3000
G1 X112.284 Y117.008 E.00448
G2 X111.48 Y116.287 I-2.284 J1.736 E.04715
G1 X111.535 Y116.09 E.00888
G1 X116.33 Y116.09 E.20812
G1 X116.33 Y124.125 E.34882
G3 X116.035 Y124.494 I-.338 J.032 E.02266
G1 X114.33 Y124.585 E.07413
G1 X114.33 Y140.674 E.69842
G1 X111.727 Y140.674 E.11297
G1 X111.672 Y140.477 E.00888
G2 X108.328 Y140.477 I-1.672 J-2.808 E.739
G1 X108.273 Y140.674 E.00888
G1 X105.67 Y140.674 E.11297
G1 X105.67 Y124.584 E.69846
G1 X103.966 Y124.495 E.0741
G3 X103.67 Y124.125 I.043 J-.337 E.02269
G1 X103.67 Y116.09 E.34882
G1 X108.465 Y116.09 E.20812
G1 X108.52 Y116.287 E.00888
G2 X112.458 Y117.265 I1.48 J2.457 E.58678
G1 X112.378 Y117.141 E.0064
G1 E-1.75 F6000
;WIPE_START
G1 F3000
G1 X112.284 Y117.008 E-.1224
G1 X112.086 Y116.768 E-.23317
G1 X111.86 Y116.554 E-.23334
G1 X111.684 Y116.431 E-.16109
;WIPE_END
G1 X112.705 Y140.226 F18000
G1 E2.5 F6000
G1 F3000
G2 X113.648 Y138.422 I-2.868 J-2.649 E.08938
G1 X113.881 Y138.454 E.0102
G1 X113.881 Y140.226 E.07691
G1 X112.765 Y140.226 E.04845
G1 E-1.75 F6000
;WIPE_START
G1 F3000
G1 X112.963 Y139.922 E-.27227
G1 X113.189 Y139.588 E-.30222
G1 X113.299 Y139.381 E-.17552
;WIPE_END
G1 X107.295 Y140.226 F18000
G1 E2.5 F6000
G1 F3000
G1 X106.119 Y140.226 E.05105
G1 X106.119 Y138.454 E.07691
G1 X106.352 Y138.422 E.0102
G1 X106.473 Y138.858 E.01961
G2 X107.254 Y140.182 I3.524 J-1.187 E.06723
G1 E-1.75 F6000
;WIPE_START
G1 F3000
G1 X106.255 Y140.221 E-.75
;WIPE_END
G1 X112.716 Y116.839 F18000
G1 E2.5 F6000
G1 F3000
G1 X112.512 Y116.538 E.0158
G1 X115.881 Y116.538 E.14623
G1 X115.881 Y124.053 E.32623
G1 X113.881 Y124.159 E.08694
G1 X113.881 Y136.884 E.55236
G1 X113.648 Y136.916 E.0102
G2 X106.352 Y136.916 I-3.648 J.764 E.44152
G1 X106.119 Y136.884 E.0102
G1 X106.119 Y124.158 E.55241
G1 X104.119 Y124.053 E.08694
G1 X104.119 Y116.538 E.32623
G1 X107.488 Y116.538 E.14623
G1 X107.153 Y117.031 E.02587
G2 X112.847 Y117.031 I2.847 J1.71 E.60875
G1 X112.75 Y116.889 E.00746
G1 E-1.75 F6000
;WIPE_START
G1 F3000
G1 X112.512 Y116.538 E-.31793
G1 X113.088 Y116.538 E-.43207
;WIPE_END
G1 X111.233 Y117.851 F18000
G1 E2.5 F6000
;TYPE:Outer wall
G1 F3000
G1 X111.384 Y118.104 E.01277
G3 X109.753 Y117.239 I-1.384 J.639 E.32973
G1 X109.917 Y117.221 E.00717
G3 X111.199 Y117.802 I.082 J1.522 E.0635
G1 X111.578 Y117.576 F18000
;TYPE:Inner wall
G1 F3000
G1 X111.691 Y117.727 E.00816
G3 X109.681 Y116.795 I-1.692 J1.016 E.43608
G1 X109.893 Y116.772 E.00928
G3 X111.433 Y117.387 I.107 J1.97 E.07428
G1 X111.542 Y117.529 E.00776
G1 X111.974 Y117.343 F18000
G1 F3000
G1 X112.076 Y117.495 E.00796
G3 X109.608 Y116.352 I-2.076 J1.247 E.53527
G1 X109.869 Y116.324 E.01139
G3 X111.929 Y117.278 I.131 J2.419 E.10257
G1 X111.94 Y117.293 E.00083
G1 E-1.75 F6000
;WIPE_START
G1 F3000
G1 X112.076 Y117.495 E-.18244
G1 X112.2 Y117.726 E-.19683
G1 X112.297 Y117.97 E-.19685
G1 X112.359 Y118.194 E-.17389
;WIPE_END
G1 X113.392 Y117.704 F18000
G1 E2.5 F6000
;TYPE:Gap infill
;WIDTH:0.128859
G1 F3000
G1 X113.411 Y117.3 E.00302
G1 X113.459 Y117.554 F18000
;TYPE:Bottom surface
;WIDTH:0.5
G1 F3000
G1 X114.238 Y117.9 E.03704
G1 X115.055 Y118.369 E.04086
G1 X115.545 Y118.72 E.02616
G1 X115.508 Y118.771 F18000
;TYPE:Gap infill
;WIDTH:0.141121
G1 F3000
G1 X115.657 Y119.073 E.00292
G1 X115.545 Y118.169 F18000
;TYPE:Bottom surface
;WIDTH:0.5
G1 F3000
G1 X115.012 Y117.815 E.02774
G1 X114.161 Y117.364 E.04184
G1 X113.2 Y116.98 E.04492
G1 X113.156 Y117.127 F18000
;TYPE:Gap infill
;WIDTH:0.254012
G1 F3000
G1 X113.128 Y116.864 E.00518
G1 X112.943 Y116.762 E.00413
G1 X113.391 Y116.784 F18000
;WIDTH:0.149362
G1 F3000
G1 X113.536 Y116.813 E.0014
;WIDTH:0.17138
G1 X113.681 Y116.841 E.00172
;WIDTH:0.215418
G1 X113.826 Y116.869 E.00235
;WIDTH:0.259455
G1 X113.971 Y116.898 E.00298
;WIDTH:0.303492
G1 X114.116 Y116.926 E.00361
G1 X114.139 Y116.874 F18000
;TYPE:Bottom surface
;WIDTH:0.5
G1 F3000
G1 X114.547 Y117.052 E.01932
G1 X115.409 Y117.531 E.0428
G1 X115.545 Y117.625 E.00718
G1 X115.545 Y117.094 F18000
G1 F3000
G2 X115.154 Y116.874 I-1.345 J1.935 E.0195
G1 X115.131 Y116.918 F18000
;TYPE:Gap infill
;WIDTH:0.148461
G1 F3000
G1 X114.547 Y116.781 E.00563
G1 E-1.75 F6000
;WIPE_START
G1 F3000
G1 X115.131 Y116.918 E-.75
;WIPE_END
G1 X113.598 Y118.105 F18000
G1 E2.5 F6000
;TYPE:Bottom surface
;WIDTH:0.5
G1 F3000
G1 X113.892 Y118.229 E.01386
G1 X114.696 Y118.672 E.03985
G1 X115.545 Y119.279 E.04528
G1 X115.503 Y119.327 F18000
;TYPE:Gap infill
;WIDTH:0.180027
G1 F3000
G1 X115.657 Y119.654 E.0045
G1 X115.545 Y119.866 F18000
;TYPE:Bottom surface
;WIDTH:0.5
G1 F3000
G1 X115.41 Y119.74 E.00801
G1 X114.693 Y119.204 E.03885
G1 X113.924 Y118.748 E.03883
G1 X113.653 Y118.624 E.01296
G1 X113.56 Y119.58 F18000
G1 F3000
G1 X114.1 Y119.887 E.02698
G1 X114.783 Y120.386 E.0367
G1 X115.405 Y120.959 E.03672
G1 X115.545 Y121.12 E.00927
G1 X115.501 Y121.158 F18000
;TYPE:Gap infill
;WIDTH:0.191329
G1 F3000
G1 X115.643 Y121.537 E.00548
G1 X115.657 Y120.896 F18000
;WIDTH:0.160115
G1 F3000
G1 X115.503 Y120.518 E.00429
G1 X115.545 Y120.471 F18000
;TYPE:Bottom surface
;WIDTH:0.5
G1 F3000
G1 X114.967 Y119.958 E.03355
G1 X114.256 Y119.455 E.03778
G1 X113.639 Y119.113 E.03063
G1 X113.656 Y118.872 F18000
;TYPE:Gap infill
;WIDTH:0.147639
G1 F3000
G3 X113.525 Y119.274 I-7.456 J-2.218 E.00394
G1 X113.587 Y119.341 F18000
;WIDTH:0.192916
G1 F3000
G1 X113.522 Y119.523 E.00264
;WIDTH:0.157254
G1 X113.473 Y119.642 E.00132
;WIDTH:0.126022
G2 X113.426 Y119.815 I.161 J.136 E.00134
;WIDTH:0.161671
G3 X113.416 Y119.899 I-.102 J.031 E.00092
G1 X113.287 Y120.192 E.00342
G1 X113.279 Y120.246 E.00059
;WIDTH:0.163049
G1 X113.094 Y120.579 E.00411
G1 X113.129 Y120.62 F18000
;WIDTH:0.107285
G1 F3000
G1 X113.111 Y120.6 E.00015
;WIDTH:0.130643
G1 X113.094 Y120.579 E.00021
;WIDTH:0.153417
G1 X112.877 Y120.922 E.004
G1 X112.9 Y121.005 E.00085
G1 X112.877 Y120.922 F18000
;WIDTH:0.147375
G1 F3000
G1 X112.872 Y120.923 E.00005
G2 X112.817 Y120.957 I.027 J.106 E.00061
;WIDTH:0.140825
G1 X112.721 Y121.091 E.00142
;WIDTH:0.166812
G1 X112.547 Y121.323 E.00323
G1 X112.458 Y121.324 F18000
;WIDTH:0.12253
G1 F3000
G1 X112.398 Y121.408 E.00071
;WIDTH:0.162972
G3 X112.209 Y121.663 I-4.776 J-3.342 E.00343
G1 X112.037 Y121.67 F18000
;WIDTH:0.11262
G1 F3000
G3 X111.791 Y121.958 I-5.418 J-4.386 E.00224
G1 X111.638 Y121.892 F18000
;WIDTH:0.173735
G1 F3000
G1 X111.966 Y121.866 E.0039
G1 X111.994 Y121.809 F18000
;TYPE:Bottom surface
;WIDTH:0.5
G1 F3000
G1 X112.411 Y122.009 E.02009
G1 X112.973 Y122.384 E.02932
G1 X113.476 Y122.835 E.02935
G1 X113.911 Y123.354 E.02938
G1 X114.192 Y123.806 E.02311
G1 X114.683 Y123.78 F18000
G1 F3000
G1 X114.543 Y123.501 E.01357
G1 X114.142 Y122.916 E.03075
G1 X113.667 Y122.392 E.03072
G1 X113.125 Y121.937 E.03069
G1 X112.528 Y121.56 E.03067
G1 X112.401 Y121.503 E.00606
G1 X112.734 Y121.169 F18000
G1 F3000
G1 X113.267 Y121.488 E.02695
G1 X113.845 Y121.945 E.03198
G1 X114.359 Y122.474 E.03201
G1 X114.8 Y123.065 E.03203
G1 X115.179 Y123.754 E.03413
G1 X114.991 Y123.854 F18000
;TYPE:Gap infill
;WIDTH:0.150525
G1 F3000
G1 X115.135 Y123.822 E.00141
;WIDTH:0.173126
G1 X115.279 Y123.79 E.00173
;WIDTH:0.218328
G1 X115.423 Y123.758 E.00238
;WIDTH:0.26236
G1 X115.471 Y123.734 E.0011
;WIDTH:0.305221
G1 X115.519 Y123.71 E.00132
;WIDTH:0.314115
G1 X115.521 Y123.649 E.00156
G1 X115.441 Y123.611 E.00227
;WIDTH:0.276016
G1 X115.36 Y123.572 E.00194
G1 X115.545 Y123.491 F18000
;TYPE:Bottom surface
;WIDTH:0.5
G1 F3000
G1 X115.474 Y123.331 E.00756
G1 X115.078 Y122.674 E.03329
G1 X114.604 Y122.072 E.03327
G1 X114.058 Y121.535 E.03325
G1 X113.45 Y121.07 E.03322
G1 X113.011 Y120.814 E.02208
G1 E-1.75 F6000
;WIPE_START
G1 F3000
G1 X113.45 Y121.07 E-.38147
G1 X113.841 Y121.369 E-.36853
;WIPE_END
G1 X111.479 Y122.086 F18000
G1 E2.5 F6000
G1 F3000
G1 X111.656 Y122.141 E.00806
G1 X112.233 Y122.423 E.02787
G1 X112.762 Y122.789 E.02791
G1 X113.231 Y123.229 E.02794
G1 X113.631 Y123.735 E.02798
G1 X113.686 Y123.833 E.00489
G1 X113.857 Y123.735 F18000
;TYPE:Gap infill
;WIDTH:0.14611
G1 F3000
G1 X113.601 Y123.947 E.00305
G1 X113.547 Y124.039 E.00097
G1 E-1.75 F6000
;WIPE_START
G1 F3000
G1 X113.601 Y123.947 E-.18133
G1 X113.857 Y123.735 E-.56867
;WIPE_END
G1 X113.633 Y125.402 F18000
G1 E2.5 F6000
;WIDTH:0.120832
G1 F3000
G1 X113.616 Y125.244 E.00107
;WIDTH:0.154883
G1 X113.595 Y125.057 E.00188
;WIDTH:0.194783
G1 X113.569 Y124.924 E.00188
;WIDTH:0.232408
G1 X113.543 Y124.791 E.00238
;WIDTH:0.270034
G1 X113.518 Y124.658 E.00287
;WIDTH:0.288847
G1 X113.492 Y124.524 E.00312
G1 X113.545 Y124.495 F18000
;TYPE:Bottom surface
;WIDTH:0.5
G1 F3000
G1 X113.274 Y124.008 E.02418
G1 X112.897 Y123.528 E.02649
G1 X112.451 Y123.114 E.02645
G1 X111.945 Y122.775 E.02641
G1 X111.393 Y122.521 E.02637
G1 X110.809 Y122.357 E.02634
G1 X110.661 Y122.34 E.00646
G1 X110.654 Y122.401 F18000
;TYPE:Gap infill
;WIDTH:0.316203
G1 F3000
G1 X110.205 Y122.404 E.01151
;WIDTH:0.285639
G2 X109.789 Y122.402 I-.244 J9.815 E.00942
;WIDTH:0.301935
G1 X109.603 Y122.407 E.00451
;WIDTH:0.316595
G1 X109.417 Y122.411 E.00478
G1 X109.405 Y122.354 F18000
;TYPE:Bottom surface
;WIDTH:0.5
G1 F3000
G1 X109.011 Y122.435 E.01746
G1 X108.447 Y122.649 E.02618
G1 X107.925 Y122.949 E.02614
G1 X107.458 Y123.328 E.0261
G1 X107.058 Y123.776 E.02606
G1 X106.735 Y124.281 E.02602
G1 X106.498 Y124.83 E.02598
G1 X106.455 Y124.997 E.00747
G1 X106.508 Y125.01 F18000
;TYPE:Gap infill
;WIDTH:0.328152
G1 F3000
G1 X106.48 Y125.267 E.00691
;WIDTH:0.284747
G1 X106.449 Y125.561 E.00668
;WIDTH:0.247242
G1 X106.435 Y126.174 E.01163
;WIDTH:0.252752
G1 X106.453 Y126.463 E.00564
;WIDTH:0.290979
G1 X106.475 Y126.794 E.00768
;WIDTH:0.314713
G1 X106.513 Y127.048 E.00656
G1 X106.455 Y127.062 F18000
;TYPE:Bottom surface
;WIDTH:0.5
G1 F3000
G1 X106.483 Y127.176 E.00509
G1 X106.713 Y127.724 E.02578
G1 X107.028 Y128.226 E.02574
G1 X107.419 Y128.67 E.0257
G1 X107.876 Y129.045 E.02566
G1 X108.388 Y129.34 E.02562
G1 X108.939 Y129.548 E.02558
G1 X109.516 Y129.663 E.02554
G1 X110.103 Y129.682 E.02549
G1 X110.684 Y129.606 E.02545
G1 X111.244 Y129.436 E.02541
G1 X111.768 Y129.177 E.02537
G1 X112.242 Y128.836 E.02533
G1 X112.652 Y128.423 E.02529
G1 X112.989 Y127.949 E.02524
G1 X113.242 Y127.426 E.0252
G1 X113.405 Y126.87 E.02516
G1 X113.474 Y126.296 E.02512
G1 X113.447 Y125.719 E.02507
G1 X113.325 Y125.155 E.02503
G1 X113.111 Y124.621 E.02499
G1 X112.812 Y124.13 E.02494
G1 X112.436 Y123.697 E.0249
G1 X111.994 Y123.333 E.02486
G1 X111.497 Y123.049 E.02481
G1 X110.962 Y122.853 E.02477
G1 X110.402 Y122.75 E.02473
G1 X109.833 Y122.742 E.02468
G1 X109.272 Y122.83 E.02464
G1 X108.735 Y123.011 E.02459
G1 X108.238 Y123.28 E.02455
G1 X107.794 Y123.628 E.0245
G1 X107.416 Y124.046 E.02446
G1 X107.115 Y124.521 E.02441
G1 X106.9 Y125.04 E.02437
G1 X106.777 Y125.587 E.02432
G1 X106.75 Y126.145 E.02428
G1 X106.818 Y126.699 E.02423
G1 X106.98 Y127.232 E.02419
G1 X107.231 Y127.729 E.02414
G1 X107.563 Y128.174 E.02409
G1 X107.966 Y128.554 E.02405
G1 X108.428 Y128.858 E.024
G1 X108.934 Y129.077 E.02395
G1 X109.47 Y129.204 E.02391
G1 X110.019 Y129.237 E.02386
G1 X110.564 Y129.173 E.02381
G1 X111.088 Y129.016 E.02376
G1 X111.576 Y128.769 E.02372
G1 X112.012 Y128.442 E.02367
G1 X112.383 Y128.044 E.02362
G1 X112.677 Y127.587 E.02357
G1 X112.886 Y127.087 E.02352
G1 X113.003 Y126.559 E.02348
G1 X113.025 Y126.02 E.02343
G1 X112.95 Y125.487 E.02338
G1 X112.782 Y124.976 E.02333
G1 X112.527 Y124.505 E.02328
G1 X112.192 Y124.087 E.02323
G1 X111.789 Y123.737 E.02318
G1 X111.33 Y123.466 E.02313
G1 X110.831 Y123.282 E.02308
G1 X110.309 Y123.191 E.02303
G1 X109.779 Y123.196 E.02298
G1 X109.261 Y123.297 E.02293
G1 X108.77 Y123.489 E.02287
G1 X108.324 Y123.767 E.02282
G1 X107.936 Y124.121 E.02277
G1 X107.621 Y124.539 E.02272
G1 X107.388 Y125.006 E.02267
G1 X107.245 Y125.507 E.02261
G1 X107.196 Y126.024 E.02256
G1 X107.244 Y126.54 E.02251
G1 X107.385 Y127.038 E.02246
G1 X107.616 Y127.499 E.0224
G1 X107.928 Y127.909 E.02235
G1 X108.31 Y128.253 E.02229
G1 X108.748 Y128.518 E.02224
G1 X109.227 Y128.697 E.02219
G1 X109.73 Y128.782 E.02213
G1 X110.238 Y128.772 E.02208
G1 X110.734 Y128.666 E.02202
G1 X111.2 Y128.469 E.02196
G1 X111.619 Y128.188 E.02191
G1 X111.977 Y127.833 E.02185
G1 X112.259 Y127.418 E.0218
G1 X112.457 Y126.958 E.02174
G1 X112.562 Y126.47 E.02168
G1 X112.572 Y125.972 E.02162
G1 X112.486 Y125.482 E.02157
G1 X112.308 Y125.02 E.02151
G1 X112.045 Y124.602 E.02145
G1 X111.706 Y124.244 E.02139
G1 X111.306 Y123.959 E.02133
G1 X110.859 Y123.759 E.02127
G1 X110.382 Y123.65 E.02121
G1 X109.895 Y123.636 E.02115
G1 X109.416 Y123.719 E.02109
G1 X108.964 Y123.894 E.02103
G1 X108.557 Y124.154 E.02097
G1 X108.21 Y124.488 E.02091
G1 X107.938 Y124.884 E.02085
G1 X107.751 Y125.325 E.02079
G1 X107.656 Y125.793 E.02072
G1 X107.657 Y126.269 E.02066
G1 X107.753 Y126.733 E.0206
G1 X107.941 Y127.167 E.02053
G1 X108.212 Y127.553 E.02047
G1 X108.554 Y127.875 E.02041
G1 X108.954 Y128.12 E.02034
G1 X109.394 Y128.277 E.02028
G1 X109.855 Y128.34 E.02021
G1 X110.318 Y128.307 E.02014
G1 X110.763 Y128.18 E.02008
G1 X111.17 Y127.964 E.02001
G1 X111.522 Y127.669 E.01994
G1 X111.804 Y127.308 E.01988
G1 X112.004 Y126.898 E.01981
G1 X112.112 Y126.456 E.01974
G1 X112.125 Y126.003 E.01967
G1 X112.042 Y125.559 E.0196
G1 X111.868 Y125.145 E.01953
G1 X111.61 Y124.778 E.01946
G1 X111.28 Y124.476 E.01939
G1 X110.895 Y124.253 E.01932
G1 X110.473 Y124.119 E.01924
G1 X110.033 Y124.079 E.01917
G1 X109.597 Y124.135 E.0191
G1 X109.185 Y124.284 E.01902
G1 X108.817 Y124.52 E.01895
G1 X108.511 Y124.828 E.01887
G1 X108.282 Y125.196 E.0188
G1 X108.14 Y125.603 E.01872
G1 X108.093 Y126.03 E.01864
G1 X108.141 Y126.455 E.01856
G1 X108.284 Y126.856 E.01849
G1 X108.512 Y127.214 E.01841
G1 X108.813 Y127.509 E.01833
G1 X109.173 Y127.727 E.01825
G1 X109.57 Y127.857 E.01817
G1 X109.985 Y127.892 E.01808
G1 X110.396 Y127.831 E.018
G1 X110.779 Y127.678 E.01792
G1 X111.114 Y127.44 E.01783
G1 X111.383 Y127.133 E.01775
G1 X111.572 Y126.772 E.01766
G1 X111.67 Y126.379 E.01758
G1 X111.672 Y125.976 E.01749
G1 X111.579 Y125.587 E.0174
G1 X111.396 Y125.232 E.01731
G1 X111.134 Y124.934 E.01722
G1 X110.81 Y124.709 E.01713
G1 X110.443 Y124.571 E.01704
G1 X110.055 Y124.527 E.01694
G1 X109.67 Y124.579 E.01685
G1 X109.312 Y124.724 E.01675
G1 X109.004 Y124.952 E.01666
G1 X108.763 Y125.248 E.01656
G1 X108.606 Y125.593 E.01646
G1 X108.542 Y125.964 E.01636
G1 X108.574 Y126.337 E.01626
G1 X108.7 Y126.688 E.01616
G1 X108.911 Y126.991 E.01605
G1 X109.192 Y127.229 E.01595
G1 X109.523 Y127.383 E.01584
G1 X109.88 Y127.444 E.01573
G1 X110.238 Y127.409 E.01562
G1 X110.572 Y127.28 E.01551
G1 X110.856 Y127.068 E.0154
G1 X111.071 Y126.789 E.01529
G1 X111.2 Y126.464 E.01517
G1 X111.234 Y126.119 E.01505
G1 X111.172 Y125.781 E.01493
G1 X111.02 Y125.476 E.01481
G1 X110.789 Y125.228 E.01469
G1 X110.5 Y125.058 E.01456
G1 X110.177 Y124.979 E.01443
G1 X109.848 Y124.997 E.0143
G1 X109.541 Y125.109 E.01417
G1 X109.284 Y125.305 E.01403
G1 X109.098 Y125.566 E.0139
G1 X109.001 Y125.867 E.01376
G1 X109 Y126.181 E.01361
G1 X109.095 Y126.476 E.01346
G1 X109.275 Y126.724 E.01331
G1 X109.521 Y126.901 E.01316
G1 X109.808 Y126.989 E.013
G1 X110.103 Y126.98 E.01284
G1 X110.376 Y126.877 E.01268
G1 X110.596 Y126.691 E.01251
G1 X110.739 Y126.445 E.01233
G1 X110.788 Y126.169 E.01215
G1 X110.739 Y125.898 E.01197
G1 X110.6 Y125.665 E.01178
G1 X110.391 Y125.5 E.01158
G1 X110.14 Y125.425 E.01137
G1 X109.884 Y125.448 E.01116
G1 X109.66 Y125.565 E.01094
G1 X109.503 Y125.755 E.01071
G1 X109.436 Y125.987 E.01047
G1 X109.469 Y126.22 E.01022
G1 X109.594 Y126.413 E.00996
G1 X109.785 Y126.529 E.00968
G1 X110 Y126.546 E.00938
G1 X110 Y126.098 E.01947
G1 X109.696 Y125.894 F18000
;TYPE:Gap infill
;WIDTH:0.488966
G1 F3000
G1 X110.094 Y125.876 E.01686
G1 X110.188 Y125.89 E.00403
;WIDTH:0.45423
G1 X110.224 Y125.903 E.00149
;WIDTH:0.424
G1 X110.294 Y125.935 E.00276
;WIDTH:0.376112
G3 X110.391 Y126.169 I-.193 J.217 E.00826
G1 X110.352 Y126.603 E.01368
G1 E-1.75 F6000
;WIPE_START
G1 F3000
G1 X110.391 Y126.169 E-.4675
G1 X110.373 Y126.035 E-.14556
G1 X110.294 Y125.935 E-.13694
;WIPE_END
G1 X113.634 Y126.97 F18000
G1 E2.5 F6000
;WIDTH:0.143462
G1 F3000
G1 X113.614 Y127.109 E.00125
;WIDTH:0.162531
G1 X113.594 Y127.249 E.00151
;WIDTH:0.200669
G1 X113.574 Y127.388 E.00203
;WIDTH:0.238807
G1 X113.554 Y127.527 E.00255
;WIDTH:0.26886
G3 X113.496 Y127.807 I-4.669 J-.813 E.006
G1 X113.545 Y127.829 F18000
;TYPE:Bottom surface
;WIDTH:0.5
G1 F3000
G1 X113.422 Y128.094 E.01268
G1 X113.08 Y128.608 E.02679
G1 X112.662 Y129.063 E.02683
G1 X112.177 Y129.448 E.02687
G1 X111.638 Y129.754 E.0269
G1 X111.058 Y129.974 E.02694
G1 X110.449 Y130.101 E.02698
G1 X109.828 Y130.134 E.02702
G1 X109.208 Y130.07 E.02705
G1 X108.604 Y129.912 E.02709
G1 X108.031 Y129.663 E.02713
G1 X107.502 Y129.328 E.02716
G1 X107.03 Y128.916 E.0272
G1 X106.626 Y128.436 E.02724
G1 X106.455 Y128.156 E.01424
G1 X106.502 Y128.128 F18000
;TYPE:Gap infill
;WIDTH:0.233519
G1 F3000
G1 X106.436 Y127.878 E.00456
G3 X106.358 Y127.531 I8.566 J-2.1 E.00625
G1 X106.359 Y128.475 F18000
;WIDTH:0.159728
G1 F3000
G1 X106.495 Y128.898 E.00466
G1 X106.455 Y128.932 F18000
;TYPE:Bottom surface
;WIDTH:0.5
G1 F3000
G1 X106.752 Y129.273 E.01961
G1 X107.254 Y129.702 E.02865
G1 X107.811 Y130.054 E.02862
G1 X108.413 Y130.32 E.02858
G1 X109.047 Y130.496 E.02855
G1 X109.699 Y130.577 E.02852
G1 X110.355 Y130.563 E.02848
G1 X111.001 Y130.453 E.02845
G1 X111.623 Y130.25 E.02842
G1 X112.209 Y129.959 E.02838
G1 X112.744 Y129.585 E.02835
G1 X113.219 Y129.137 E.02832
G1 X113.545 Y128.723 E.02288
G1 E-1.75 F6000
;WIPE_START
G1 F3000
G1 X113.219 Y129.137 E-.39533
G1 X112.875 Y129.462 E-.35467
;WIPE_END
G1 X113.545 Y130.653 F18000
G1 E2.5 F6000
G1 F3000
G1 X113.175 Y130.938 E.02024
G1 X112.531 Y131.314 E.03237
G1 X111.844 Y131.605 E.0324
G1 X111.124 Y131.805 E.03242
G1 X110.384 Y131.911 E.03245
G1 X109.636 Y131.921 E.03247
G1 X108.893 Y131.836 E.0325
G1 X108.165 Y131.656 E.03252
G1 X107.466 Y131.384 E.03255
G1 X106.807 Y131.025 E.03258
G1 X106.455 Y130.771 E.01886
G1 X106.455 Y131.322 F18000
G1 F3000
G1 X106.589 Y131.418 E.00711
G1 X107.273 Y131.789 E.0338
G1 X107.997 Y132.073 E.03377
G1 X108.75 Y132.266 E.03375
G1 X109.521 Y132.364 E.03373
G1 X110.298 Y132.366 E.0337
G1 X111.068 Y132.273 E.03368
G1 X111.82 Y132.085 E.03366
G1 X112.543 Y131.806 E.03363
G1 X113.225 Y131.44 E.03361
G1 X113.545 Y131.213 E.01701
G1 X113.545 Y131.755 F18000
G1 F3000
G1 X113.132 Y132.012 E.02111
G1 X112.406 Y132.352 E.0348
G1 X111.644 Y132.603 E.03483
G1 X110.857 Y132.761 E.03485
G1 X110.056 Y132.824 E.03487
G1 X109.253 Y132.792 E.03489
G1 X108.459 Y132.663 E.03491
G1 X107.685 Y132.441 E.03494
G1 X106.943 Y132.128 E.03496
G1 X106.455 Y131.85 E.02437
G1 X106.455 Y132.377 F18000
G1 F3000
G1 X107.172 Y132.724 E.03458
G1 X107.957 Y132.998 E.03609
G1 X108.768 Y133.18 E.03607
G1 X109.594 Y133.266 E.03605
G1 X110.424 Y133.257 E.03603
G1 X111.246 Y133.152 E.036
G1 X112.051 Y132.953 E.03598
G1 X112.827 Y132.662 E.03596
G1 X113.545 Y132.293 E.03503
G1 X113.545 Y132.797 F18000
G1 F3000
G1 X113.029 Y133.063 E.02517
G1 X112.231 Y133.366 E.03707
G1 X111.403 Y133.578 E.03709
G1 X110.71 Y133.675 E.03039
G1 X110.702 Y133.615 F18000
;TYPE:Gap infill
;WIDTH:0.335459
G1 F3000
G3 X110.434 Y133.616 I-.163 J-4.751 E.00735
;WIDTH:0.299186
G1 X110.227 Y133.606 E.00497
G2 X109.577 Y133.62 I-.191 J6.296 E.0156
;WIDTH:0.311741
G1 X109.267 Y133.621 E.00779
G1 X109.262 Y133.681 F18000
;TYPE:Bottom surface
;WIDTH:0.5
G1 F3000
G1 X108.849 Y133.646 E.01801
G1 X108.009 Y133.477 E.03717
G1 X107.193 Y133.216 E.03719
G1 X106.455 Y132.884 E.03512
G1 X106.455 Y133.874 F18000
G1 F3000
G1 X107.18 Y134.165 E.0339
G1 X107.714 Y134.315 E.02409
G1 X107.694 Y134.445 F18000
;TYPE:Gap infill
;WIDTH:0.157539
G1 F3000
G1 X107.915 Y134.139 E.00388
G1 X108.816 Y133.88 F18000
;WIDTH:0.251497
G1 F3000
G1 X108.309 Y133.926 E.00985
G1 X108.294 Y133.992 F18000
;TYPE:Bottom surface
;WIDTH:0.5
G1 F3000
G1 X107.771 Y133.878 E.02328
G1 X106.935 Y133.596 E.03827
G1 X106.455 Y133.374 E.02295
G1 X106.447 Y133.617 F18000
;TYPE:Gap infill
;WIDTH:0.204871
G1 F3000
G1 X106.42 Y133.759 E.00214
;WIDTH:0.165052
G1 X106.392 Y133.9 E.00158
;WIDTH:0.145143
G1 X106.365 Y134.041 E.0013
G1 X106.444 Y134.111 F18000
;WIDTH:0.201918
G1 F3000
G1 X106.418 Y134.25 E.00205
;WIDTH:0.163281
G1 X106.391 Y134.388 E.00153
;WIDTH:0.143962
G1 X106.365 Y134.527 E.00126
G1 X106.455 Y134.358 F18000
;TYPE:Bottom surface
;WIDTH:0.5
G1 F3000
G1 X107.06 Y134.597 E.02824
G1 X107.283 Y134.66 E.01003
G1 X107.213 Y134.873 F18000
;TYPE:Gap infill
;WIDTH:0.209774
G1 F3000
G1 X107.057 Y134.917 E.00248
;WIDTH:0.200358
G1 X107.004 Y135.011 E.00157
;WIDTH:0.162344
G1 X106.95 Y135.106 E.00117
;WIDTH:0.143338
G1 X106.897 Y135.201 E.00097
G1 X106.805 Y135.359 F18000
;WIDTH:0.288997
G1 F3000
G1 X106.664 Y135.289 E.00361
;WIDTH:0.260737
G2 X106.448 Y135.2 I-.33 J.491 E.00478
;WIDTH:0.242154
G1 X106.395 Y135.292 E.00196
;WIDTH:0.223968
G1 X106.343 Y135.384 E.00177
G1 X106.58 Y135.649 F18000
;WIDTH:0.126832
G1 F3000
G1 X106.462 Y135.824 E.00154
;WIDTH:0.142161
G1 X106.343 Y135.998 E.00185
G1 X106.368 Y136.073 F18000
;WIDTH:0.130344
G1 F3000
G3 X106.429 Y135.786 I5.286 J.975 E.00223
G1 X106.936 Y135.016 F18000
;TYPE:Bottom surface
;WIDTH:0.5
G1 F3000
G3 X106.455 Y134.85 I.579 J-2.456 E.02209
G1 E-1.75 F6000
;WIPE_START
G1 F3000
G1 X106.936 Y135.016 E-.75
;WIPE_END
G1 X111.118 Y133.875 F18000
G1 E2.5 F6000
;TYPE:Gap infill
;WIDTH:0.264008
G1 F3000
G2 X111.496 Y133.899 I.637 J-7.014 E.00779
G1 X111.646 Y133.913 E.00311
G1 X111.659 Y133.971 F18000
;TYPE:Bottom surface
;WIDTH:0.5
G1 F3000
G1 X112.12 Y133.868 E.02048
G1 X112.951 Y133.583 E.03816
G1 X113.545 Y133.304 E.02845
G1 X113.545 Y133.804 F18000
G1 F3000
G1 X113.362 Y133.896 E.00887
G1 X112.518 Y134.216 E.0392
G1 X112.243 Y134.288 E.01235
G1 X112.256 Y134.411 F18000
;TYPE:Gap infill
;WIDTH:0.113021
G1 F3000
G2 X112.047 Y134.114 I-5.539 J3.672 E.00216
G1 E-1.77368 F6000
;WIPE_START
G1 F3000
G1 X112.256 Y134.411 E-.72632
;WIPE_END
G1 X113.04 Y134.987 F18000
G1 E2.5 F6000
;TYPE:Bottom surface
;WIDTH:0.5
G1 F3000
G1 X113.545 Y134.781 E.02367
G1 X113.635 Y134.946 F18000
;TYPE:Gap infill
;WIDTH:0.12434
G1 F3000
G1 X113.614 Y134.84 E.00076
;WIDTH:0.162369
G1 X113.594 Y134.734 E.00116
;WIDTH:0.194487
G1 X113.573 Y134.628 E.00149
G1 X113.525 Y134.609 E.00071
;WIDTH:0.144644
G1 X113.465 Y134.585 E.00059
G1 X113.545 Y134.299 F18000
;TYPE:Bottom surface
;WIDTH:0.5
G1 F3000
G1 X113.412 Y134.363 E.00639
G1 X112.683 Y134.627 E.03368
G1 X112.494 Y134.454 F18000
;TYPE:Gap infill
;WIDTH:0.190296
G1 F3000
G1 X112.723 Y134.784 E.0054
G1 X112.855 Y134.804 F18000
;WIDTH:0.207608
G1 F3000
G1 X112.924 Y134.905 E.00186
;WIDTH:0.179834
G1 X113.012 Y135.051 E.00212
;WIDTH:0.13016
G1 X113.101 Y135.197 E.0013
G1 X113.088 Y135.209 F18000
;WIDTH:0.194736
G1 F3000
G1 X113.657 Y135.365 E.00818
G1 X113.657 Y135.354 F18000
;WIDTH:0.20215
G1 F3000
G1 X113.614 Y135.293 E.0011
;WIDTH:0.245086
G1 X113.571 Y135.231 E.00141
;WIDTH:0.297262
G1 X113.528 Y135.17 E.00179
G1 X113.467 Y135.193 E.00154
;WIDTH:0.306452
G1 X113.185 Y135.344 E.0079
G1 X113.42 Y135.649 F18000
;WIDTH:0.142162
G1 F3000
G1 X113.538 Y135.824 E.00185
;WIDTH:0.15749
G1 X113.657 Y135.998 E.00216
G1 X113.632 Y136.073 F18000
;WIDTH:0.124434
G1 F3000
G2 X113.572 Y135.786 I-5.299 J.978 E.00207
G1 E-1.91455 F6000
;WIPE_START
G1 F3000
G1 X113.632 Y136.073 E-.58545
;WIPE_END
G1 X113.472 Y140.002 F18000
G1 E2.5 F6000
;WIDTH:0.130708
G1 F3000
G2 X113.632 Y139.266 I-13.417 J-3.302 E.00577
G1 X113.651 Y139.269 F18000
;WIDTH:0.36101
G1 F3000
G3 X113.441 Y140.002 I-13.743 J-3.539 E.02283
G1 E-1.75 F6000
;WIPE_START
G1 F3000
G1 X113.651 Y139.269 E-.75
;WIPE_END
G1 X111.482 Y140.632 F18000
G1 E2.5 F6000
;WIDTH:0.478354
G1 F3000
G3 X111.194 Y140.694 I-1.312 J-5.327 E.01222
;WIDTH:0.441561
G1 X111.083 Y140.713 E.00421
;WIDTH:0.405483
G1 X110.973 Y140.731 E.00382
;WIDTH:0.366828
G1 X110.847 Y140.751 E.0039
;WIDTH:0.329022
G1 X110.682 Y140.769 E.00446
;WIDTH:0.291841
G1 X110.505 Y140.788 E.00414
;WIDTH:0.249234
G1 X109.825 Y140.806 E.01302
G3 X109.483 Y140.787 I.177 J-6.312 E.00656
;WIDTH:0.293125
G1 X109.318 Y140.769 E.00388
;WIDTH:0.330817
G1 X109.137 Y140.749 E.00493
;WIDTH:0.369401
G1 X109.027 Y140.731 E.00343
;WIDTH:0.405479
G1 X108.917 Y140.713 E.00382
;WIDTH:0.445339
G1 X108.784 Y140.69 E.00512
;WIDTH:0.46817
G1 X108.518 Y140.632 E.01101
G1 E-1.954 F6000
;WIPE_START
G1 F3000
G1 X108.784 Y140.69 E-.546
;WIPE_END
G1 X106.559 Y140.002 F18000
G1 E2.5 F6000
;WIDTH:0.360998
G1 F3000
G3 X106.349 Y139.269 I13.518 J-4.268 E.02282
G1 X106.368 Y139.266 F18000
;WIDTH:0.130669
G1 F3000
G2 X106.528 Y140.002 I13.541 J-2.559 E.00577
G1 E-1.75 F6000
;WIPE_START
G1 F3000
G1 X106.368 Y139.266 E-.75
;WIPE_END
G1 X106.343 Y129.814 F18000
G1 E2.5 F6000
;WIDTH:0.10892
G1 F3000
G1 X106.493 Y130.158 E.00209
G1 X106.455 Y130.208 F18000
;TYPE:Bottom surface
;WIDTH:0.5
G1 F3000
G1 X106.955 Y130.587 E.02722
G1 X107.582 Y130.943 E.03131
G1 X108.25 Y131.212 E.03128
G1 X108.948 Y131.39 E.03126
G1 X109.663 Y131.474 E.03123
G1 X110.381 Y131.461 E.0312
G1 X111.091 Y131.353 E.03117
G1 X111.78 Y131.151 E.03114
G1 X112.435 Y130.86 E.03112
G1 X113.044 Y130.484 E.03109
G1 X113.545 Y130.073 E.02811
G1 X113.504 Y130.023 F18000
;TYPE:Gap infill
;WIDTH:0.175486
G1 F3000
G1 X113.657 Y129.657 E.00476
G1 X113.545 Y129.43 F18000
;TYPE:Bottom surface
;WIDTH:0.5
G1 F3000
G1 X113.401 Y129.595 E.00952
G1 X112.884 Y130.045 E.02972
G1 X112.309 Y130.418 E.02975
G1 X111.687 Y130.707 E.02978
G1 X111.03 Y130.907 E.02981
G1 X110.351 Y131.014 E.02984
G1 X109.663 Y131.025 E.02987
G1 X108.979 Y130.94 E.0299
G1 X108.314 Y130.76 E.02993
G1 X107.678 Y130.49 E.02996
G1 X107.086 Y130.134 E.02999
G1 X106.549 Y129.699 E.03002
G1 X106.455 Y129.599 E.00593
G1 X106.343 Y129.443 F18000
;TYPE:Gap infill
;WIDTH:0.119524
G1 F3000
G1 X106.613 Y129.452 E.00178
G1 E-1.96065 F6000
;WIPE_START
G1 F3000
G1 X106.343 Y129.443 E-.53935
;WIPE_END
G1 X105.973 Y123.814 F18000
G1 E2.5 F6000
;TYPE:Bottom surface
;WIDTH:0.5
G1 F3000
G1 X106.367 Y123.203 E.03154
G1 X106.812 Y122.705 E.029
G1 X107.325 Y122.275 E.02904
G1 X107.894 Y121.923 E.02907
G1 X108.069 Y121.847 E.0083
G1 X108.101 Y121.919 F18000
;TYPE:Gap infill
;WIDTH:0.151635
G1 F3000
G1 X108.429 Y121.926 E.00318
G1 X108.536 Y121.979 F18000
;WIDTH:0.21178
G1 F3000
G1 X108.807 Y122.273 E.0062
G1 X109.043 Y122.176 F18000
;WIDTH:0.151818
G1 F3000
G1 X108.594 Y122.168 E.00436
G1 X108.577 Y122.111 F18000
;TYPE:Bottom surface
;WIDTH:0.5
G1 F3000
G1 X107.955 Y122.401 E.02979
G1 X107.429 Y122.759 E.02763
G1 X106.963 Y123.192 E.02759
G1 X106.568 Y123.69 E.02756
G1 X106.455 Y123.888 E.00989
G1 X106.504 Y123.915 F18000
;TYPE:Gap infill
;WIDTH:0.258046
G1 F3000
G1 X106.449 Y124.118 E.0042
G2 X106.357 Y124.517 I9.956 J2.492 E.00818
G1 X106.591 Y124.091 F18000
;WIDTH:0.193102
G1 F3000
G1 X106.239 Y123.802 E.00623
G1 X106.131 Y123.913 F18000
;WIDTH:0.124681
G1 F3000
G1 X105.997 Y123.879 E.00098
;WIDTH:0.163396
G1 X105.863 Y123.845 E.0015
;WIDTH:0.182753
G1 X105.729 Y123.811 E.00176
G1 X105.486 Y123.788 F18000
;TYPE:Bottom surface
;WIDTH:0.5
G1 F3000
G1 X105.731 Y123.332 E.02246
G1 X106.143 Y122.767 E.03035
G1 X106.628 Y122.263 E.03038
G1 X107.179 Y121.83 E.03041
G1 X107.655 Y121.551 E.02397
G1 X107.028 Y120.871 F18000
G1 F3000
G1 X106.323 Y121.347 E.0369
G1 X105.759 Y121.855 E.03295
G1 X105.265 Y122.43 E.03293
G1 X104.847 Y123.063 E.0329
G1 X104.515 Y123.737 E.03265
G1 X104.752 Y123.763 F18000
;TYPE:Gap infill
;WIDTH:0.181293
G1 F3000
G1 X104.895 Y123.796 E.00184
;WIDTH:0.162301
G1 X105.037 Y123.829 E.00157
;WIDTH:0.124317
G1 X105.18 Y123.862 E.00103
G1 X105.004 Y123.763 F18000
;TYPE:Bottom surface
;WIDTH:0.5
G1 F3000
G1 X105.103 Y123.532 E.01089
G1 X105.475 Y122.905 E.03164
G1 X105.926 Y122.333 E.03166
G1 X106.449 Y121.823 E.03169
G1 X107.035 Y121.387 E.03172
G1 X107.317 Y121.23 E.01401
G1 X107.313 Y121.221 F18000
;TYPE:Gap infill
;WIDTH:0.117629
G1 F3000
G1 X107.562 Y121.346 E.00179
G1 X107.671 Y121.482 E.00112
;WIDTH:0.167206
G1 X107.766 Y121.59 E.00161
;WIDTH:0.204357
G1 X107.858 Y121.694 E.00205
G1 X107.776 Y121.732 F18000
;WIDTH:0.188339
G1 F3000
G3 X107.38 Y121.221 I9.298 J-7.631 E.00856
;WIDTH:0.14472
G1 X107.238 Y121.017 E.00225
G1 X107.18 Y120.984 E.00061
;WIDTH:0.180937
G1 X107.125 Y120.925 E.001
;WIDTH:0.155208
G1 X106.933 Y120.622 E.00361
G1 X106.906 Y120.675 F18000
;WIDTH:0.12115
G1 F3000
G1 X106.919 Y120.649 E.0002
;WIDTH:0.137399
G1 X106.933 Y120.622 E.00025
;WIDTH:0.163333
G1 X106.756 Y120.32 E.00379
;WIDTH:0.160148
G2 X106.74 Y120.25 I-.134 J-.005 E.00077
G1 X106.584 Y119.916 E.00388
G1 X106.594 Y119.889 E.0003
;WIDTH:0.148085
G1 X106.596 Y119.835 E.00051
G1 X106.469 Y119.525 E.00313
;WIDTH:0.193053
G1 X106.43 Y119.414 E.00162
G1 X106.491 Y119.368 F18000
;WIDTH:0.12294
G1 F3000
G1 X106.452 Y119.253 E.00084
;WIDTH:0.162844
G3 X106.351 Y118.938 I5.719 J-2 E.00356
G1 X106.437 Y118.843 F18000
;WIDTH:0.13435
G1 F3000
G3 X106.347 Y118.447 I7.25 J-1.852 E.00326
G1 X106.344 Y118.694 F18000
;TYPE:Bottom surface
;WIDTH:0.5
G1 F3000
G1 X106.199 Y118.761 E.00693
G1 X105.435 Y119.219 E.03865
G1 X104.726 Y119.757 E.03863
G1 X104.455 Y120.012 E.01616
G1 X104.496 Y120.055 F18000
;TYPE:Gap infill
;WIDTH:0.215749
G1 F3000
G1 X104.343 Y120.414 E.0062
G1 X104.455 Y120.638 F18000
;TYPE:Bottom surface
;WIDTH:0.5
G1 F3000
G1 X104.639 Y120.439 E.01175
G1 X105.294 Y119.874 E.03756
G1 X106.008 Y119.384 E.03757
G1 X106.371 Y119.191 E.01783
G1 X106.461 Y119.653 F18000
G1 F3000
G1 X106.116 Y119.845 E.01712
G1 X105.433 Y120.336 E.03648
G1 X104.812 Y120.9 E.03646
G1 X104.455 Y121.307 E.02347
G1 X104.497 Y121.343 F18000
;TYPE:Gap infill
;WIDTH:0.190398
G1 F3000
G1 X104.358 Y121.743 E.00569
G1 X104.357 Y122.537 F18000
;WIDTH:0.214545
G1 F3000
G1 X104.499 Y122.066 E.00776
G1 X104.455 Y122.036 F18000
;TYPE:Bottom surface
;WIDTH:0.5
G1 F3000
G1 X104.637 Y121.776 E.01375
G1 X105.177 Y121.168 E.03531
G1 X105.786 Y120.628 E.03533
G1 X106.454 Y120.163 E.03535
G1 X106.601 Y120.085 E.00722
G1 X106.676 Y120.309 F18000
;TYPE:Gap infill
;WIDTH:0.150638
G1 F3000
G1 X106.716 Y120.314 E.00039
;WIDTH:0.163203
G1 X106.756 Y120.32 E.00044
G1 X106.792 Y120.494 F18000
;TYPE:Bottom surface
;WIDTH:0.5
G1 F3000
G1 X106.304 Y120.8 E.02503
G1 X105.692 Y121.296 E.03417
G1 X105.146 Y121.862 E.03415
G1 X104.673 Y122.49 E.03412
G1 X104.455 Y122.868 E.01893
G1 E-1.75 F6000
;WIPE_START
G1 F3000
G1 X104.673 Y122.49 E-.327
G1 X105.012 Y122.04 E-.423
;WIPE_END
G1 X104.455 Y119.4 F18000
G1 E2.5 F6000
G1 F3000
G1 X105.165 Y118.861 E.03868
G1 X105.947 Y118.387 E.03968
G1 X106.39 Y118.179 E.02127
G1 X106.356 Y118.106 F18000
;TYPE:Gap infill
;WIDTH:0.173636
G1 F3000
G1 X106.565 Y117.855 E.00385
G1 X106.517 Y117.632 F18000
;TYPE:Bottom surface
;WIDTH:0.5
G1 F3000
G1 X106.075 Y117.818 E.02081
G1 X105.253 Y118.269 E.0407
G1 X104.455 Y118.824 E.04218
G1 X104.455 Y118.276 F18000
G1 F3000
G1 X104.95 Y117.929 E.02624
G1 X105.788 Y117.46 E.04168
G1 X106.766 Y117.045 E.04611
G1 X106.983 Y116.882 F18000
;TYPE:Gap infill
;WIDTH:0.154435
G1 F3000
G1 X106.686 Y116.798 E.00308
G2 X105.998 Y116.921 I2.224 J14.347 E.00696
G1 X105.98 Y116.874 F18000
;TYPE:Bottom surface
;WIDTH:0.5
G1 F3000
G1 X105.092 Y117.322 E.04317
G1 X104.455 Y117.727 E.03274
G1 X104.455 Y117.195 F18000
G1 F3000
G3 X104.984 Y116.874 I1.937 J2.596 E.02689
G1 E-1.75 F6000
;WIPE_START
G1 F3000
G1 X104.455 Y117.195 E-.75
;WIPE_END
G1 X107.789 Y116.541 F18000
G1 E2.5 F6000
;TYPE:Gap infill
;WIDTH:0.14463
G1 F3000
G1 X107.938 Y116.366 E.00208
G1 X108.025 Y116.334 E.00083
G1 X108.71 Y116.133 F18000
;WIDTH:0.489274
G1 F3000
G3 X108.951 Y116.08 I1.096 J4.463 E.01047
;WIDTH:0.457617
G1 X109.094 Y116.057 E.00571
;WIDTH:0.410605
G1 X109.238 Y116.033 E.00505
;WIDTH:0.368603
G1 X109.399 Y116.015 E.00499
;WIDTH:0.335377
G1 X109.543 Y116 E.00396
;WIDTH:0.296536
G3 X109.844 Y115.983 I.458 J5.527 E.00716
G1 X110.443 Y115.998 E.01421
;WIDTH:0.33384
G1 X110.601 Y116.015 E.00434
;WIDTH:0.366574
G1 X110.744 Y116.031 E.0044
;WIDTH:0.384633
G1 X110.762 Y116.033 E.00059
;WIDTH:0.410596
G1 X110.906 Y116.057 E.00505
;WIDTH:0.457607
G1 X111.049 Y116.08 E.00571
;WIDTH:0.490278
G3 X111.29 Y116.133 I-.855 J4.514 E.0105
G1 X111.975 Y116.334 F18000
;WIDTH:0.118993
G1 F3000
G1 X112.062 Y116.366 E.0006
G1 X112.211 Y116.541 E.00151
G1 E-1.85399 F6000
;WIPE_START
G1 F3000
G1 X112.062 Y116.366 E-.46095
G1 X111.975 Y116.334 E-.18507
;WIPE_END
G1 X115.637 Y122.268 F18000
G1 E2.5 F6000
;WIDTH:0.113393
G1 F3000
G2 X115.503 Y121.848 I-8.684 J2.55 E.00264
G1 X115.545 Y121.816 F18000
;TYPE:Bottom surface
;WIDTH:0.5
G1 F3000
G1 X115.366 Y121.581 E.01281
G1 X114.796 Y120.991 E.03561
G1 X114.161 Y120.472 E.03558
G1 X113.428 Y120.011 E.03758
G1 X113.357 Y120.236 F18000
;TYPE:Gap infill
;WIDTH:0.143968
G1 F3000
G1 X113.318 Y120.241 E.00035
;WIDTH:0.158739
G1 X113.279 Y120.246 E.0004
G1 X113.242 Y120.429 F18000
;TYPE:Bottom surface
;WIDTH:0.5
G1 F3000
G1 X113.731 Y120.718 E.02465
G1 X114.359 Y121.202 E.03442
G1 X114.925 Y121.759 E.03444
G1 X115.42 Y122.38 E.03447
G1 X115.545 Y122.583 E.01036
; stop printing object LEG id:18398695746277035084 copy 0
M106 S125
;LAYER_CHANGE
;Z:0.44
;HEIGHT:0.2
G92 E0 ; zero the extruded length again
; BEFORE_LAYER_CHANGE 1 @ 0.44mm
G1 E-1.75 F6000
;WIPE_START
G1 F3000
G1 X115.42 Y122.38 E-.17902
G1 X114.945 Y121.784 E-.57099
;WIPE_END
; AFTER_LAYER_CHANGE 1 @ 0.44mm
;_SET_FAN_SPEED_CHANGING_LAYER
M204 P2000
M104 S190 ; set nozzle temperature
; printing object LEG id:18398695746277035084 copy 0
M204 T2000
G1 X115.79 Y125.97 Z.44 F18000
G1 E2.5 F6000
M204 P1000
;TYPE:Outer wall
;WIDTH:0.42
G1 F3600
G1 X115.79 Y126.521 E.01676
G1 X115.79 Y141.505 E.45572
M106 S127
G1 F3000
G1 X115.79 Y142.345 E.02555
G1 F1560
G1 X115.79 Y142.545 E.00608
M204 P500
;TYPE:Overhang wall
;WIDTH:0.409292
G1 F1680
G1 X115.79 Y142.57 E.00074
G1 F1800
G1 X104.21 Y142.57 E.34219
G1 F1680
G1 X104.21 Y142.545 E.00074
M204 P1000
;TYPE:Outer wall
;WIDTH:0.42
G1 F1560
G1 X104.21 Y142.345 E.00608
M106 S125
G1 F3000
G1 X104.21 Y141.505 E.02555
G1 F3600
G1 X104.21 Y126.52 E.45575
G1 X104.21 Y125.97 E.01673
G1 X103.813 Y125.949 E.01209
G1 X103.447 Y125.871 E.01138
G1 X103.272 Y125.804 E.0057
G1 X102.948 Y125.617 E.01138
G1 X102.802 Y125.499 E.00571
G1 X102.552 Y125.221 E.01137
G1 X102.365 Y124.897 E.01138
G1 X102.249 Y124.541 E.01139
G1 X102.21 Y124.164 E.01153
G1 X102.21 Y84.325 E1.21165
G1 X102.256 Y83.477 E.02583
G1 X102.392 Y82.645 E.02564
G1 X102.618 Y81.832 E.02566
G1 X102.93 Y81.048 E.02566
G1 X103.325 Y80.303 E.02565
G1 X103.799 Y79.605 E.02566
G1 X104.345 Y78.962 E.02566
G1 X104.957 Y78.382 E.02564
G1 X105.629 Y77.872 E.02566
G1 X106.351 Y77.437 E.02564
G1 X107.117 Y77.083 E.02566
G1 X107.916 Y76.813 E.02565
G1 X108.74 Y76.632 E.02566
G1 X109.578 Y76.541 E.02564
G1 X110.422 Y76.541 E.02567
G1 X111.246 Y76.631 E.02521
G1 X112.084 Y76.813 E.02608
G1 X112.883 Y77.083 E.02565
G1 X113.649 Y77.437 E.02566
G1 X114.371 Y77.872 E.02564
G1 X115.043 Y78.382 E.02566
G1 X115.655 Y78.962 E.02564
G1 X116.201 Y79.605 E.02566
G1 X116.675 Y80.303 E.02566
G1 X117.07 Y81.048 E.02565
G1 X117.382 Y81.832 E.02566
G1 X117.608 Y82.645 E.02566
G1 X117.744 Y83.477 E.02564
G1 X117.79 Y84.325 E.02583
G1 X117.79 Y124.164 E1.21165
G1 X117.78 Y124.356 E.00585
G1 X117.702 Y124.722 E.01138
G1 X117.55 Y125.064 E.01138
G1 X117.33 Y125.367 E.01139
G1 X117.052 Y125.617 E.01137
G1 X116.895 Y125.719 E.00569
G1 X116.553 Y125.871 E.01138
G1 X116.19 Y125.949 E.01129
G1 X115.85 Y125.967 E.01036
G1 X115.398 Y125.609 F18000
M204 P1500
;TYPE:Inner wall
;WIDTH:0.45
G1 F6000
G1 X115.398 Y141.445 E.51995
G1 F5520
G1 X115.398 Y142.178 E.02407
G1 X114.665 Y142.178 E.02407
G1 X105.335 Y142.178 E.30634
G1 X104.602 Y142.178 E.02407
G1 X104.602 Y141.445 E.02407
G1 F6000
G1 X104.602 Y125.598 E.52031
G1 X103.854 Y125.559 E.02459
G1 X103.568 Y125.498 E.0096
G1 X103.432 Y125.445 E.00479
G1 X103.179 Y125.299 E.00959
G1 X102.962 Y125.104 E.00958
G1 X102.79 Y124.868 E.00959
G1 X102.671 Y124.601 E.0096
G1 X102.611 Y124.315 E.00959
G1 X102.602 Y124.153 E.00533
G1 X102.602 Y84.335 E1.30736
G1 X102.646 Y83.519 E.02683
G1 X102.776 Y82.729 E.02629
G1 X102.99 Y81.957 E.0263
G1 X103.287 Y81.213 E.0263
G1 X103.662 Y80.506 E.02628
G1 X104.111 Y79.843 E.02629
G1 X104.63 Y79.232 E.02632
G1 X105.211 Y78.681 E.02629
G1 X105.849 Y78.197 E.02629
G1 X106.535 Y77.784 E.02629
G1 X107.262 Y77.447 E.02631
G1 X108.021 Y77.192 E.02629
G1 X108.803 Y77.02 E.02629
G1 X109.6 Y76.933 E.02632
G1 X110.4 Y76.933 E.02627
G1 X111.183 Y77.018 E.02586
G1 X111.979 Y77.192 E.02675
G1 X112.738 Y77.447 E.02629
G1 X113.465 Y77.784 E.02631
G1 X114.151 Y78.197 E.02629
G1 X114.789 Y78.681 E.02629
G1 X115.37 Y79.232 E.02629
G1 X115.889 Y79.843 E.02632
G1 X116.338 Y80.506 E.02629
G1 X116.713 Y81.213 E.02628
G1 X117.01 Y81.957 E.0263
G1 X117.224 Y82.729 E.0263
G1 X117.354 Y83.519 E.02629
G1 X117.398 Y84.335 E.02683
G1 X117.398 Y124.153 E1.30736
G1 X117.389 Y124.315 E.00533
G1 X117.329 Y124.601 E.00959
G1 X117.21 Y124.868 E.0096
G1 X117.038 Y125.104 E.00959
G1 X116.821 Y125.299 E.00958
G1 X116.699 Y125.379 E.00479
G1 X116.432 Y125.498 E.0096
G1 X116.149 Y125.558 E.0095
G1 X115.448 Y125.596 E.02305
G1 E-1.75
;WIPE_START
G1 X115.445 Y126.596 E-.75
;WIPE_END
G1 X103.69 Y114.629 F18000
G1 E2.5 F6000
M204 P1000
;TYPE:Outer wall
;WIDTH:0.42
G1 F3600
G1 X103.69 Y84.311 E.92209
G3 X109.658 Y78.018 I6.316 J.014 E.29074
G3 X116.31 Y84.311 I.322 J6.322 E.31132
G1 X116.31 Y114.629 E.92209
G1 X103.75 Y114.629 E.382
G1 X103.298 Y114.629 F18000
M204 P1500
;TYPE:Inner wall
;WIDTH:0.45
G1 F6000
G1 X103.298 Y84.3 E.9958
G3 X109.636 Y77.626 I6.708 J.024 E.33305
G3 X116.702 Y84.3 I.342 J6.715 E.35667
G1 X116.702 Y115.021 E1.00868
G1 X103.298 Y115.021 E.4401
G1 X103.298 Y114.689 E.0109
G1 E-1.75
;WIPE_START
G1 X103.298 Y113.689 E-.75
;WIPE_END
G1 X114.991 Y125.234 F18000
G1 E2.5 F6000
G1 X114.991 Y141.771 E.54297
G1 X105.009 Y141.771 E.32773
G1 X105.009 Y125.211 E.5437
G1 X103.897 Y125.153 E.03658
G3 X103.009 Y124.143 I.121 J-1.001 E.04834
G1 X103.009 Y115.428 E.28612
G1 X116.991 Y115.428 E.45907
G1 X116.991 Y124.143 E.28612
G3 X116.106 Y125.153 I-1.008 J.01 E.04825
G1 X115.03 Y125.211 E.03538
G1 X114.584 Y124.859 F18000
G1 F6000
G1 X114.584 Y141.364 E.54192
G1 X105.416 Y141.364 E.301
G1 X105.416 Y124.825 E.54302
G1 X103.939 Y124.748 E.04856
G3 X103.416 Y124.132 I.073 J-.592 E.02914
G1 X103.416 Y115.835 E.27241
G1 X116.584 Y115.835 E.43233
G1 X116.584 Y124.132 E.27241
G3 X116.063 Y124.747 I-.595 J.024 E.02907
G1 X114.612 Y124.826 E.0477
G1 E-1.75
;WIPE_START
G1 X114.611 Y125.826 E-.75
;WIPE_END
G1 X110.666 Y139.341 F18000
G1 E2.5 F6000
M204 P1000
;TYPE:Outer wall
;WIDTH:0.42
G1 F3600
G3 X109.707 Y135.883 I-.667 J-1.677 E.18432
G1 X109.902 Y135.861 E.00596
G3 X110.722 Y139.318 I.097 J1.803 E.15284
G1 X110.797 Y139.722 F18000
M204 P1500
;TYPE:Inner wall
;WIDTH:0.45
G1 F6000
G1 X110.589 Y139.789 E.00718
G3 X109.644 Y135.495 I-.589 J-2.122 E.23493
G1 X109.881 Y135.469 E.00783
G3 X110.852 Y139.698 I.119 J2.199 E.2023
G1 X110.927 Y140.108 F18000
G1 F6000
G1 X110.698 Y140.182 E.00791
G3 X109.578 Y135.093 I-.698 J-2.514 E.2784
G1 X109.859 Y135.062 E.00928
G3 X110.982 Y140.085 I.141 J2.605 E.2407
G1 X111.057 Y140.494 F18000
G1 F6000
G1 X110.806 Y140.574 E.00863
G3 X109.512 Y134.69 I-.807 J-2.907 E.32188
G1 X109.837 Y134.655 E.01073
G3 X111.116 Y140.47 I.163 J3.012 E.27897
G1 X111.112 Y140.471 E.00012
G1 E-1.75
;WIPE_START
G1 X110.806 Y140.574 E-.24202
G1 X110.488 Y140.648 E-.24498
G1 X110.163 Y140.683 E-.24513
G1 X110.14 Y140.683 E-.01787
;WIPE_END
G1 X112.471 Y117.003 F18000
G1 E2.5 F6000
G1 X112.409 Y116.913 E.0036
G2 X112.197 Y116.663 I-2.409 J1.829 E.01076
G1 X111.753 Y116.242 E.02008
G1 X116.177 Y116.242 E.14525
G1 X116.177 Y124.121 E.25869
G3 X116.02 Y124.342 I-.185 J.035 E.00992
G1 X114.177 Y124.442 E.06061
G1 X114.177 Y140.957 E.54224
G1 X111.498 Y140.957 E.08794
G1 X111.456 Y140.765 E.00645
G2 X108.544 Y140.765 I-1.456 J-3.096 E.60702
G1 X108.502 Y140.957 E.00645
G1 X105.823 Y140.957 E.08794
G1 X105.823 Y124.439 E.54234
G1 X103.982 Y124.342 E.06055
G1 X103.883 Y124.299 E.00353
G1 X103.83 Y124.205 E.00353
G3 X103.823 Y124.121 I.396 J-.072 E.00277
G1 X103.823 Y116.242 E.25869
G1 X108.247 Y116.242 E.14525
G1 X107.803 Y116.663 E.02008
G2 X112.593 Y117.184 I2.197 J2.078 E.44091
G1 X112.504 Y117.053 E.00519
G1 E-1.75
;WIPE_START
G1 X112.409 Y116.913 E-.12716
G1 X112.197 Y116.663 E-.24575
G1 X111.832 Y116.317 E-.37709
;WIPE_END
G1 X111.134 Y117.909 F18000
G1 E2.5 F6000
M204 P1000
;TYPE:Outer wall
;WIDTH:0.42
G1 F3600
G1 X111.279 Y118.152 E.00862
G3 X109.772 Y117.352 I-1.28 J.591 E.21358
G1 X109.924 Y117.336 E.00465
G3 X111.099 Y117.861 I.076 J1.407 E.04064
G1 X111.441 Y117.677 F18000
M204 P1500
;TYPE:Inner wall
;WIDTH:0.45
G1 F6000
G1 X111.544 Y117.815 E.00565
G3 X109.708 Y116.965 I-1.545 J.928 E.30117
G1 X109.902 Y116.944 E.00641
G3 X111.309 Y117.505 I.097 J1.799 E.0513
G1 X111.404 Y117.63 E.00518
G1 X111.797 Y117.46 F18000
G1 F6000
G1 X111.893 Y117.605 E.00571
G3 X109.642 Y116.562 I-1.894 J1.138 E.36926
G1 X109.88 Y116.537 E.00786
G3 X111.759 Y117.407 I.119 J2.206 E.07076
G1 X111.762 Y117.411 E.00018
G1 X112.134 Y117.232 F18000
G1 F6000
G1 X112.243 Y117.395 E.00643
G3 X109.576 Y116.16 I-2.243 J1.347 E.43736
G1 X109.858 Y116.13 E.00931
G3 X112.084 Y117.16 I.141 J2.613 E.08381
G1 X112.099 Y117.183 E.0009
G1 E-1.75
;WIPE_START
G1 X112.243 Y117.395 E-.19193
G1 X112.376 Y117.645 E-.21262
G1 X112.481 Y117.908 E-.21265
G1 X112.529 Y118.079 E-.1328
;WIPE_END
G1 X111.538 Y116.353 F18000
G1 E2.5 F6000
M204 P2000
;TYPE:Gap infill
;WIDTH:0.120408
G1 X111.343 Y116.205 E.00153
;WIDTH:0.157178
G1 X111.221 Y116.122 E.00136
;WIDTH:0.17004
G1 X111.099 Y116.039 E.00151
G1 X110.935 Y116.062 F18000
;WIDTH:0.12981
G1 F6000
G3 X111.345 Y116.137 I-1.175 J7.554 E.00292
G1 X109.065 Y116.062 F18000
;WIDTH:0.119086
G1 F6000
G2 X108.655 Y116.137 I1.177 J7.564 E.00256
G1 X108.652 Y116.208 F18000
;WIDTH:0.142832
G1 F6000
G1 X108.462 Y116.353 E.00193
G1 X108.652 Y116.208 F18000
;WIDTH:0.15669
G1 F6000
G1 X108.779 Y116.122 E.0014
;WIDTH:0.182902
G1 X108.901 Y116.039 E.00167
G1 X105.42 Y119.335 F18000
;TYPE:Internal solid infill
;WIDTH:0.537915
G1 F6000
G1 X105.397 Y119.505 E.00685
;WIDTH:0.491393
G1 X105.373 Y119.675 E.0062
;WIDTH:0.44487
G1 X105.35 Y119.844 E.00556
;WIDTH:0.380592
G2 X105.327 Y120.18 I1.216 J.252 E.0092
G1 X105.715 Y120.18 E.01055
;WIDTH:0.39491
G1 X105.647 Y119.983 E.00593
;WIDTH:0.434558
G1 X105.58 Y119.785 E.0066
;WIDTH:0.474206
G1 X105.512 Y119.587 E.00727
;WIDTH:0.494032
G1 X105.445 Y119.389 E.00761
G1 X105.45 Y117.867 F18000
;WIDTH:0.602701
G1 F6000
G1 X105.429 Y118.131 E.01194
;WIDTH:0.550268
G2 X105.417 Y119.275 I11.802 J.697 E.04681
G1 X106.059 Y117.389 F18000
;WIDTH:0.419999
G1 F6000
G1 X104.97 Y117.389 E.03312
G1 X104.973 Y120.535 E.09569
G1 X106.252 Y120.535 E.03889
G1 X106.018 Y119.978 E.01836
G1 X105.868 Y119.296 E.02125
G1 X105.846 Y118.395 E.02741
G1 X106.04 Y117.446 E.02947
G1 X106.64 Y117.012 F18000
;WIDTH:0.419999
G1 F6000
G1 X104.593 Y117.012 E.06226
G1 X104.596 Y120.912 E.11863
G1 X106.904 Y120.912 E.07019
G1 X106.719 Y120.647 E.00984
G1 X106.426 Y120.013 E.02124
G1 X106.237 Y119.215 E.02495
G1 X106.223 Y118.395 E.02494
G1 X106.387 Y117.591 E.02494
G1 X106.616 Y117.067 E.01742
G1 X107.337 Y116.635 F18000
;WIDTH:0.419999
G1 F6000
G1 X104.216 Y116.635 E.09493
G1 X104.219 Y121.289 E.14157
G1 X107.745 Y121.289 E.10723
G1 X107.505 Y121.079 E.0097
G1 X107.082 Y120.523 E.02124
G1 X106.768 Y119.855 E.02247
G1 X106.605 Y119.134 E.02248
G1 X106.6 Y118.395 E.02247
G1 X106.755 Y117.672 E.02248
G1 X107.061 Y117 E.02248
G1 X107.301 Y116.682 E.01209
G1 X102.95 Y115.225 F18000
;TYPE:Gap infill
;WIDTH:0.330909
G1 F6000
G1 X102.95 Y84.345 E.71728
G3 X116.398 Y81.359 I7.053 J-.013 E.44368
G1 X116.681 Y82.068 E.01773
G1 X116.885 Y82.804 E.01773
G1 X117.009 Y83.557 E.01773
G1 X117.05 Y84.345 E.01833
G1 X117.05 Y115.225 E.71728
G1 X114.58 Y119.335 F18000
;TYPE:Internal solid infill
;WIDTH:0.551021
G1 F6000
G1 X114.591 Y118.395 E.03852
;WIDTH:0.561468
G1 X114.573 Y118.161 E.00981
;WIDTH:0.582091
G1 X114.555 Y117.927 E.0102
G1 X114.58 Y119.335 F18000
;WIDTH:0.537935
G1 F6000
G1 X114.521 Y119.496 E.00684
;WIDTH:0.491408
G1 X114.462 Y119.657 E.0062
;WIDTH:0.444881
G1 X114.403 Y119.818 E.00556
;WIDTH:0.380277
G2 X114.285 Y120.18 I2.691 J1.077 E.01039
G1 X114.673 Y120.18 E.01054
;WIDTH:0.394915
G1 X114.653 Y119.984 E.00561
;WIDTH:0.434566
G1 X114.633 Y119.787 E.00625
;WIDTH:0.474216
G1 X114.614 Y119.59 E.00688
;WIDTH:0.513866
G1 X114.594 Y119.394 E.00751
;WIDTH:0.533691
G1 X114.594 Y119.393 E.00002
G1 X113.941 Y117.389 F18000
;WIDTH:0.419999
G1 F6000
G3 X114.154 Y119.094 I-4.545 J1.434 E.05256
G1 X113.998 Y119.902 E.02503
G3 X113.748 Y120.535 I-2.4 J-.583 E.02076
G1 X115.027 Y120.535 E.0389
G1 X115.03 Y117.389 E.09569
G1 X114.001 Y117.389 E.03129
G1 X113.36 Y117.012 F18000
G1 F6000
G1 X113.574 Y117.475 E.01554
G3 X113.777 Y118.395 I-7.527 J2.139 E.02865
G1 X113.777 Y119.094 E.02126
G1 X113.63 Y119.821 E.02257
G1 X113.281 Y120.647 E.02726
G1 X113.096 Y120.912 E.00984
G1 X115.404 Y120.912 E.07019
G1 X115.407 Y117.012 E.11863
G1 X113.42 Y117.012 E.06044
G1 X112.663 Y116.635 F18000
G1 F6000
G1 X112.939 Y117 E.01392
G1 X113.232 Y117.634 E.02124
G3 X113.4 Y119.094 I-3.753 J1.17 E.04495
G1 X113.262 Y119.74 E.02011
G1 X112.939 Y120.489 E.02479
G1 X112.495 Y121.079 E.02248
G1 X112.257 Y121.289 E.00964
G1 X115.781 Y121.289 E.10716
G1 X115.784 Y116.635 E.14157
G1 X112.723 Y116.635 E.0931
G1 X115.833 Y124.188 F18000
;WIDTH:0.431813
G1 F6000
G1 X115.833 Y121.629 E.08029
G1 X115.444 Y121.629 E.0122
G1 X115.444 Y124.039 E.07562
G1 X115.056 Y124.06 E.01222
G1 X115.056 Y121.629 E.07628
G1 X114.667 Y121.629 E.0122
G1 X114.667 Y124.082 E.07694
G1 X114.278 Y124.103 E.01222
G1 X114.278 Y121.629 E.0776
G1 X113.889 Y121.629 E.0122
G1 X113.889 Y124.124 E.07826
G1 X113.843 Y124.126 E.00143
G1 X113.843 Y134.525 E.32617
G1 X113.5 Y134.525 E.01077
G1 X113.5 Y121.629 E.40451
G1 X113.111 Y121.629 E.0122
G1 X113.111 Y134.525 E.40451
G1 X112.722 Y134.525 E.0122
G1 X112.722 Y121.629 E.40451
G1 X112.333 Y121.629 E.0122
G1 X112.333 Y134.525 E.40451
G1 X112.056 Y134.525 E.0087
G1 X111.944 Y134.457 E.00409
G1 X111.944 Y121.629 E.4024
G1 X111.714 Y121.629 E.00724
G3 X111.556 Y121.721 I-.504 J-.68 E.00575
G1 X111.556 Y134.252 E.39305
G2 X111.167 Y134.1 I-.892 J1.713 E.01312
G1 X111.167 Y121.891 E.38296
G3 X110.778 Y122.008 I-.732 J-1.729 E.01276
G1 X110.778 Y133.996 E.37602
G2 X110.389 Y133.935 I-.475 J1.756 E.01237
G1 X110.389 Y122.077 E.37195
G3 X110 Y122.099 I-.298 J-1.776 E.01224
G1 X110 Y133.915 E.37062
G2 X109.611 Y133.935 I-.102 J1.799 E.01224
G1 X109.611 Y122.077 E.37195
G3 X109.222 Y122.008 I.12 J-1.823 E.01241
G1 X109.222 Y133.996 E.37602
G2 X108.833 Y134.1 I.286 J1.841 E.01265
G1 X108.833 Y121.891 E.38296
G3 X108.444 Y121.721 I.588 J-1.873 E.01334
G1 X108.444 Y134.252 E.39306
G2 X108.055 Y134.458 I.75 J1.891 E.01382
G1 X108.055 Y121.629 E.4024
G1 X107.667 Y121.629 E.0122
G1 X107.667 Y134.525 E.40451
G1 X107.278 Y134.525 E.0122
G1 X107.278 Y121.629 E.40451
G1 X106.889 Y121.629 E.0122
G1 X106.889 Y134.525 E.40451
G1 X106.5 Y134.525 E.0122
G1 X106.5 Y121.629 E.40451
G1 X106.111 Y121.629 E.0122
G1 X106.111 Y124.12 E.07815
G1 X105.722 Y124.1 E.01221
G1 X105.722 Y121.629 E.07751
G1 X105.333 Y121.629 E.0122
G1 X105.333 Y124.079 E.07688
G1 X104.944 Y124.059 E.01221
G1 X104.944 Y121.629 E.07624
G1 X104.555 Y121.629 E.0122
G1 X104.555 Y124.039 E.0756
G1 X104.167 Y124.018 E.01221
G1 X104.167 Y121.459 E.08028
G1 X107.427 Y134.864 F18000
;WIDTH:0.419999
G1 F6000
G1 X106.215 Y134.864 E.03685
G1 X106.215 Y136.065 E.03653
G1 X106.529 Y136.108 E.00962
G1 X106.74 Y135.684 E.0144
G1 X107.215 Y135.059 E.02387
G1 X107.383 Y134.905 E.00694
G1 X106.62 Y135.203 F18000
;WIDTH:0.426444
G1 F6000
G1 X106.548 Y135.244 E.00257
G1 X106.609 Y135.28 E.0022
G1 X106.294 Y136.471 F18000
;TYPE:Gap infill
;WIDTH:0.494815
G1 F6000
G2 X106.242 Y136.854 I7.054 J1.144 E.01407
;WIDTH:0.457769
G1 X106.226 Y137.05 E.0066
;WIDTH:0.424211
G2 X106.209 Y137.267 I3.991 J.424 E.00667
;WIDTH:0.397021
G2 X106.21 Y138.091 I11.066 J.398 E.02355
;WIDTH:0.42577
G1 X106.226 Y138.288 E.00609
;WIDTH:0.459761
G2 X106.245 Y138.508 I4.056 J-.231 E.00743
;WIDTH:0.478892
G1 X106.294 Y138.867 E.01274
G1 X106.529 Y139.231 F18000
;TYPE:Internal solid infill
;WIDTH:0.419999
G1 F6000
G1 X106.215 Y139.273 E.00962
G1 X106.215 Y140.565 E.03928
G1 X107.544 Y140.565 E.0404
G1 X107.215 Y140.28 E.01325
G1 X106.74 Y139.655 E.02387
G1 X106.556 Y139.284 E.01258
G1 X106.645 Y140.115 F18000
;WIDTH:0.47205
G1 F6000
G2 X106.639 Y140.208 I-.027 J.045 E.00738
G1 X108.722 Y140.904 F18000
;TYPE:Gap infill
;WIDTH:0.439614
G1 F6000
G1 X109.075 Y140.962 E.01144
;WIDTH:0.41722
G2 X109.27 Y140.984 I.5 J-3.587 E.00595
;WIDTH:0.376891
G1 X109.445 Y141.003 E.00473
;WIDTH:0.329742
G2 X110.538 Y141.004 I.556 J-7.532 E.02531
;WIDTH:0.375092
G1 X110.73 Y140.984 E.00516
;WIDTH:0.414831
G1 X110.904 Y140.965 E.00526
;WIDTH:0.436707
G1 X110.925 Y140.962 E.00068
;WIDTH:0.461738
G1 X111.278 Y140.904 E.01208
G1 X113.471 Y139.231 F18000
;TYPE:Internal solid infill
;WIDTH:0.419999
G1 F6000
G1 X113.26 Y139.655 E.01441
G1 X112.785 Y140.28 E.02387
G1 X112.456 Y140.565 E.01325
G1 X113.785 Y140.565 E.0404
G1 X113.785 Y139.273 E.03928
G1 X113.531 Y139.239 E.0078
G1 X113.408 Y140.115 F18000
;WIDTH:0.472064
G1 F6000
G2 X113.402 Y140.208 I-.027 J.045 E.00738
G1 X113.706 Y138.867 F18000
;TYPE:Gap infill
;WIDTH:0.494822
G1 F6000
G2 X113.758 Y138.484 I-7.058 J-1.144 E.01407
;WIDTH:0.457782
G1 X113.774 Y138.288 E.0066
;WIDTH:0.424232
G2 X113.791 Y138.071 I-3.994 J-.424 E.00667
;WIDTH:0.397035
G2 X113.79 Y137.247 I-11.059 J-.398 E.02355
;WIDTH:0.425793
G1 X113.774 Y137.05 E.00609
;WIDTH:0.459767
G2 X113.755 Y136.831 I-4.056 J.231 E.00742
;WIDTH:0.478885
G1 X113.706 Y136.471 E.01274
G1 X112.564 Y134.864 F18000
;TYPE:Internal solid infill
;WIDTH:0.419999
G1 F6000
G1 X112.785 Y135.059 E.00896
G1 X113.26 Y135.684 E.02387
G1 X113.471 Y136.108 E.01441
G1 X113.785 Y136.065 E.00962
G1 X113.785 Y134.864 E.03653
G1 X112.624 Y134.864 E.03529
G1 X113.428 Y135.203 F18000
;WIDTH:0.42646
G1 F6000
G1 X113.356 Y135.244 E.00257
G1 X113.418 Y135.28 E.0022
; stop printing object LEG id:18398695746277035084 copy 0
M106 S250
;LAYER_CHANGE
;Z:0.64
;HEIGHT:0.2
G92 E0 ; zero the extruded length again
; BEFORE_LAYER_CHANGE 2 @ 0.64mm
G1 E-2.34598 F6000
;WIPE_START
G1 X113.356 Y135.244 E-.07098
G1 X113.428 Y135.203 E-.08304
;WIPE_END
; AFTER_LAYER_CHANGE 2 @ 0.64mm
;_SET_FAN_SPEED_CHANGING_LAYER
; printing object LEG id:18398695746277035084 copy 0
G1 X115.79 Y125.97 Z.64 F18000
G1 E2.5 F6000
M204 P1000
;TYPE:Outer wall
;WIDTH:0.42
G1 F3600
G1 X115.79 Y126.52 E.01673
G1 X115.79 Y141.94 E.46898
M106 S255
G1 F2520
G1 X115.79 Y142.824 E.02689
G1 X114.906 Y142.824 E.02689
G1 X105.094 Y142.824 E.29842
G1 X104.21 Y142.824 E.02689
M106 S250
G1 X104.21 Y141.94 E.02689
G1 F3600
G1 X104.21 Y126.52 E.46898
G1 X104.21 Y125.97 E.01673
G1 X103.813 Y125.949 E.01209
G1 X103.447 Y125.871 E.01138
G1 X103.272 Y125.804 E.0057
G1 X102.948 Y125.617 E.01138
G1 X102.802 Y125.499 E.00571
G1 X102.552 Y125.221 E.01137
G1 X102.365 Y124.897 E.01138
G1 X102.249 Y124.541 E.01139
G1 X102.21 Y124.164 E.01153
G1 X102.21 Y84.325 E1.21165
G1 X102.256 Y83.477 E.02583
G1 X102.392 Y82.645 E.02564
G1 X102.618 Y81.832 E.02566
G1 X102.93 Y81.048 E.02566
G1 X103.325 Y80.303 E.02565
G1 X103.799 Y79.605 E.02566
G1 X104.345 Y78.962 E.02566
G1 X104.957 Y78.382 E.02564
G1 X105.629 Y77.872 E.02566
G1 X106.351 Y77.437 E.02564
G1 X107.117 Y77.083 E.02566
G1 X107.916 Y76.813 E.02565
G1 X108.74 Y76.632 E.02566
G1 X109.578 Y76.541 E.02564
G1 X110.422 Y76.541 E.02567
G1 X111.238 Y76.63 E.02496
G1 X112.084 Y76.813 E.02633
G1 X112.883 Y77.083 E.02565
G1 X113.649 Y77.437 E.02566
G1 X114.371 Y77.872 E.02564
G1 X115.043 Y78.382 E.02566
G1 X115.655 Y78.962 E.02564
G1 X116.201 Y79.605 E.02566
G1 X116.675 Y80.303 E.02566
G1 X117.07 Y81.048 E.02565
G1 X117.382 Y81.832 E.02566
G1 X117.608 Y82.645 E.02566
G1 X117.744 Y83.477 E.02564
G1 X117.79 Y84.325 E.02583
G1 X117.79 Y124.164 E1.21165
G1 X117.78 Y124.356 E.00585
G1 X117.702 Y124.722 E.01138
G1 X117.55 Y125.064 E.01138
G1 X117.33 Y125.367 E.01139
G1 X117.052 Y125.617 E.01137
G1 X116.895 Y125.719 E.00569
G1 X116.553 Y125.871 E.01138
G1 X116.187 Y125.949 E.01138
G1 X115.85 Y125.967 E.01026
G1 X115.398 Y125.62 F18000
M204 P1500
;TYPE:Inner wall
;WIDTH:0.45
G1 F6000
G1 X115.398 Y142.432 E.55198
G1 X104.602 Y142.432 E.35446
G1 X104.602 Y125.598 E.55271
G1 X103.854 Y125.559 E.0246
G3 X102.602 Y124.153 I.169 J-1.411 E.06753
G1 X102.602 Y84.335 E1.30736
G3 X111.175 Y77.017 I7.403 J-.008 E.42064
G3 X117.398 Y84.335 I-1.208 J7.332 E.34296
G1 X117.398 Y124.153 E1.30735
G3 X116.146 Y125.559 I-1.421 J-.006 E.06753
G1 X115.436 Y125.596 E.02336
G1 E-1.75
;WIPE_START
G1 X115.433 Y126.596 E-.75
;WIPE_END
G1 X103.69 Y114.629 F18000
G1 E2.5 F6000
M204 P1000
;TYPE:Outer wall
;WIDTH:0.42
G1 F3600
G1 X103.69 Y84.311 E.92209
G3 X109.658 Y78.018 I6.31 J.008 E.29082
G3 X116.31 Y84.311 I.321 J6.322 E.31131
G1 X116.31 Y114.629 E.92209
G1 X103.75 Y114.629 E.382
G1 X103.298 Y114.629 F18000
M204 P1500
;TYPE:Inner wall
;WIDTH:0.45
G1 F6000
G1 X103.298 Y84.3 E.9958
G3 X109.637 Y77.626 I6.702 J.018 E.33315
G3 X116.702 Y84.3 I.342 J6.715 E.35665
G1 X116.702 Y115.021 E1.00868
G1 X103.298 Y115.021 E.4401
G1 X103.298 Y114.689 E.0109
G1 E-1.75
;WIPE_START
G1 X103.298 Y113.689 E-.75
;WIPE_END
G1 X114.991 Y125.257 F18000
G1 E2.5 F6000
G1 X114.991 Y142.025 E.55054
G1 X105.009 Y142.025 E.32773
G1 X105.009 Y125.211 E.55203
G1 X103.897 Y125.153 E.03658
G3 X103.009 Y124.143 I.121 J-1.001 E.04834
G1 X103.009 Y115.428 E.28612
G1 X116.991 Y115.428 E.45907
G1 X116.991 Y124.143 E.28612
G3 X116.103 Y125.153 I-1.008 J.01 E.04834
G1 X115.005 Y125.211 E.0361
G1 X114.584 Y124.894 F18000
G1 F6000
G1 X114.584 Y141.617 E.5491
G1 X105.416 Y141.617 E.301
G1 X105.416 Y124.825 E.55135
G1 X103.939 Y124.748 E.04856
G3 X103.416 Y124.132 I.073 J-.592 E.02914
G1 X103.416 Y115.835 E.27241
G1 X116.584 Y115.835 E.43233
G1 X116.584 Y124.132 E.27241
G3 X116.061 Y124.748 I-.595 J.024 E.02915
G1 X114.584 Y124.825 E.04856
G1 X114.584 Y124.834 E.00028
G1 E-1.75
;WIPE_START
G1 X114.584 Y125.834 E-.75
;WIPE_END
G1 X110.669 Y139.349 F18000
G1 E2.5 F6000
M204 P1000
;TYPE:Outer wall
;WIDTH:0.42
G1 F3600
G3 X109.707 Y135.883 I-.669 J-1.681 E.18477
G1 X109.902 Y135.861 E.00596
G3 X110.724 Y139.326 I.098 J1.806 E.15316
G1 X110.797 Y139.722 F18000
M204 P1500
;TYPE:Inner wall
;WIDTH:0.45
G1 F6000
G1 X110.589 Y139.789 E.00717
G3 X109.644 Y135.495 I-.589 J-2.121 E.2349
G1 X109.881 Y135.469 E.00783
G3 X110.851 Y139.698 I.119 J2.198 E.20229
G1 X111.005 Y140.077 F18000
G1 F6000
G1 X110.965 Y140.091 E.00138
G3 X109.578 Y135.093 I-.965 J-2.424 E.28765
G1 X109.859 Y135.062 E.00928
G3 X111.221 Y139.973 I.141 J2.605 E.232
G1 X111.059 Y140.051 E.00592
G1 X111.175 Y140.446 F18000
G1 F6000
G1 X111.116 Y140.469 E.0021
G3 X109.512 Y134.69 I-1.116 J-2.802 E.33256
G1 X109.837 Y134.655 E.01073
G3 X111.412 Y140.332 I.163 J3.012 E.26823
G1 X111.229 Y140.42 E.00665
G1 E-1.75
;WIPE_START
G1 X111.116 Y140.469 E-.09295
G1 X110.808 Y140.578 E-.24499
G1 X110.488 Y140.648 E-.24512
G1 X110.267 Y140.672 E-.16694
;WIPE_END
G1 X112.47 Y117.002 F18000
G1 E2.5 F6000
G1 X112.409 Y116.913 E.00354
G2 X112.197 Y116.663 I-2.409 J1.829 E.01076
G1 X111.753 Y116.242 E.02008
G1 X116.177 Y116.242 E.14525
G1 X116.177 Y124.121 E.25869
G3 X116.018 Y124.342 I-.185 J.035 E.00998
G1 X114.177 Y124.439 E.06055
G1 X114.177 Y141.21 E.55067
G1 X110.846 Y141.21 E.10937
G1 X110.812 Y141.006 E.00681
G2 X107.513 Y135.313 I-.82 J-3.327 E.41731
G2 X109.188 Y141.006 I2.506 J2.355 E.23502
G1 X109.154 Y141.21 E.00681
G1 X105.823 Y141.21 E.10937
G1 X105.823 Y124.439 E.55067
G1 X103.982 Y124.342 E.06055
G1 X103.883 Y124.299 E.00353
G1 X103.83 Y124.205 E.00354
G3 X103.823 Y124.121 I.396 J-.072 E.00277
G1 X103.823 Y116.242 E.25869
G1 X108.245 Y116.242 E.14519
G1 X107.799 Y116.668 E.02025
G2 X112.593 Y117.184 I2.201 J2.074 E.44068
G1 X112.503 Y117.052 E.00524
G1 E-1.75
;WIPE_START
G1 X112.409 Y116.913 E-.12596
G1 X112.197 Y116.663 E-.24571
G1 X111.831 Y116.316 E-.37833
;WIPE_END
G1 X111.133 Y117.908 F18000
G1 E2.5 F6000
M204 P1000
;TYPE:Outer wall
;WIDTH:0.42
G1 F3600
G1 X111.279 Y118.152 E.00867
G3 X109.772 Y117.352 I-1.28 J.591 E.21358
G1 X109.924 Y117.336 E.00464
G3 X111.098 Y117.859 I.076 J1.407 E.0406
G1 X111.468 Y117.706 F18000
M204 P1500
;TYPE:Inner wall
;WIDTH:0.45
G1 F6000
G1 X111.636 Y117.987 E.01075
G3 X109.708 Y116.965 I-1.636 J.755 E.29476
G1 X109.902 Y116.944 E.00641
G3 X111.435 Y117.653 I.097 J1.799 E.05771
G1 X111.436 Y117.655 E.00007
G1 X111.796 Y117.459 F18000
G1 F6000
G1 X111.893 Y117.605 E.00576
G3 X109.642 Y116.562 I-1.894 J1.138 E.36926
G1 X109.88 Y116.537 E.00786
G3 X111.759 Y117.407 I.119 J2.206 E.07076
G1 X111.761 Y117.41 E.00012
G1 X112.133 Y117.231 F18000
G1 F6000
G1 X112.243 Y117.395 E.00649
G3 X109.576 Y116.16 I-2.243 J1.347 E.43736
G1 X109.858 Y116.13 E.00931
G3 X112.084 Y117.16 I.141 J2.613 E.08381
G1 X112.098 Y117.181 E.00085
G1 E-1.75
;WIPE_START
G1 X112.243 Y117.395 E-.1932
G1 X112.376 Y117.645 E-.21261
G1 X112.481 Y117.908 E-.21262
G1 X112.528 Y118.077 E-.13157
;WIPE_END
G1 X111.538 Y116.353 F18000
G1 E2.5 F6000
M204 P2000
;TYPE:Gap infill
;WIDTH:0.120413
G1 X111.343 Y116.205 E.00153
;WIDTH:0.157189
G1 X111.221 Y116.122 E.00136
;WIDTH:0.17005
G1 X111.099 Y116.039 E.00151
G1 X110.935 Y116.062 F18000
;WIDTH:0.129805
G1 F6000
G3 X111.346 Y116.137 I-1.175 J7.554 E.00292
G1 X109.065 Y116.062 F18000
;WIDTH:0.119187
G1 F6000
G2 X108.65 Y116.138 I1.189 J7.639 E.00259
G1 X108.652 Y116.207 F18000
;WIDTH:0.15881
G1 F6000
G1 X108.777 Y116.121 E.00142
;WIDTH:0.184682
G1 X108.898 Y116.039 E.00167
G1 X108.652 Y116.207 F18000
;WIDTH:0.145084
G1 F6000
G1 X108.456 Y116.356 E.00203
G1 X105.42 Y119.338 F18000
;TYPE:Internal solid infill
;WIDTH:0.551296
G1 F6000
G1 X105.409 Y118.395 E.03867
;WIDTH:0.561449
G1 X105.427 Y118.161 E.00981
;WIDTH:0.582077
G1 X105.445 Y117.927 E.0102
G1 X106.059 Y117.389 F18000
;WIDTH:0.419999
G1 F6000
G1 X104.97 Y117.389 E.03312
G1 X104.972 Y119.786 E.07291
G1 X105.976 Y119.786 E.03053
G1 X105.868 Y119.296 E.01526
G1 X105.846 Y118.395 E.02741
G1 X106.04 Y117.446 E.02947
G1 X106.64 Y117.012 F18000
G1 F6000
G1 X104.593 Y117.012 E.06226
G1 X104.596 Y120.163 E.09585
G1 X106.495 Y120.163 E.05777
G1 X106.387 Y119.897 E.00874
G1 X106.237 Y119.215 E.02124
G1 X106.223 Y118.395 E.02494
G1 X106.387 Y117.591 E.02495
G1 X106.616 Y117.067 E.01742
G1 X107.337 Y116.635 F18000
G1 F6000
G1 X104.216 Y116.635 E.09493
G1 X104.219 Y120.54 E.11878
G1 X107.094 Y120.54 E.08743
G1 X106.768 Y119.855 E.02308
G1 X106.605 Y119.134 E.02248
G1 X106.6 Y118.395 E.02247
G1 X106.755 Y117.672 E.02248
G1 X107.061 Y117 E.02248
G1 X107.301 Y116.682 E.01209
G1 X107.636 Y120.881 F18000
;WIDTH:0.422154
G1 F6000
G1 X104.16 Y120.881 E.1063
G1 X104.161 Y121.26 E.0116
G1 X107.777 Y121.26 E.11063
G2 X108.304 Y121.639 I2.41 J-2.792 E.01988
G1 X104.161 Y121.639 E.12673
G1 X104.161 Y122.018 E.0116
G1 X115.839 Y122.018 E.35719
G1 X115.839 Y122.398 E.0116
G1 X104.161 Y122.398 E.35717
G1 X104.162 Y122.777 E.0116
G1 X115.838 Y122.777 E.35715
G1 X115.838 Y123.156 E.0116
G1 X104.162 Y123.156 E.35714
G1 X104.162 Y123.535 E.0116
G1 X115.838 Y123.535 E.35712
G1 X115.837 Y123.915 E.0116
G1 X104.163 Y123.915 E.3571
G1 X104.163 Y124.018 E.00317
G1 X106.157 Y124.123 E.06107
G1 X106.157 Y124.294 E.00524
G1 X113.843 Y124.294 E.23512
G1 X113.843 Y124.673 E.0116
G1 X106.157 Y124.673 E.23512
G1 X106.157 Y125.052 E.0116
G1 X113.843 Y125.052 E.23512
G1 X113.843 Y125.431 E.0116
G1 X106.157 Y125.431 E.23512
G1 X106.157 Y125.811 E.0116
G1 X113.843 Y125.811 E.23512
G1 X113.843 Y126.19 E.0116
G1 X106.157 Y126.19 E.23512
G1 X106.157 Y126.569 E.0116
G1 X113.843 Y126.569 E.23512
G1 X113.843 Y126.948 E.0116
G1 X106.157 Y126.948 E.23512
G1 X106.157 Y127.328 E.0116
G1 X113.843 Y127.328 E.23512
G1 X113.843 Y127.707 E.0116
G1 X106.157 Y127.707 E.23512
G1 X106.157 Y128.086 E.0116
G1 X113.843 Y128.086 E.23512
G1 X113.843 Y128.465 E.0116
G1 X106.157 Y128.465 E.23512
G1 X106.157 Y128.845 E.0116
G1 X113.843 Y128.845 E.23512
G1 X113.843 Y129.224 E.0116
G1 X106.157 Y129.224 E.23512
G1 X106.157 Y129.603 E.0116
G1 X113.843 Y129.603 E.23512
G1 X113.843 Y129.982 E.0116
G1 X106.157 Y129.982 E.23512
G1 X106.157 Y130.362 E.0116
G1 X113.843 Y130.362 E.23512
G1 X113.843 Y130.741 E.0116
G1 X106.157 Y130.741 E.23512
G1 X106.157 Y131.12 E.0116
G1 X113.843 Y131.12 E.23512
G1 X113.843 Y131.499 E.0116
G1 X106.157 Y131.499 E.23512
G1 X106.157 Y131.878 E.0116
G1 X113.843 Y131.878 E.23512
G1 X113.843 Y132.258 E.0116
G1 X106.157 Y132.258 E.23512
G1 X106.157 Y132.637 E.0116
G1 X113.843 Y132.637 E.23512
G1 X113.843 Y133.016 E.0116
G1 X106.157 Y133.016 E.23512
G1 X106.157 Y133.395 E.0116
G1 X113.843 Y133.395 E.23512
G1 X113.843 Y133.775 E.0116
G1 X105.987 Y133.775 E.24031
G1 X106.294 Y136.471 F18000
;TYPE:Gap infill
;WIDTH:0.494814
G1 F6000
G2 X106.242 Y136.854 I7.052 J1.144 E.01407
;WIDTH:0.457769
G1 X106.226 Y137.05 E.0066
;WIDTH:0.424211
G2 X106.209 Y137.267 I3.99 J.424 E.00667
;WIDTH:0.397021
G2 X106.21 Y138.091 I11.066 J.398 E.02355
;WIDTH:0.425768
G1 X106.226 Y138.288 E.00609
;WIDTH:0.459758
G2 X106.245 Y138.508 I4.055 J-.231 E.00743
;WIDTH:0.478887
G1 X106.294 Y138.867 E.01274
G1 X106.529 Y139.231 F18000
;TYPE:Internal solid infill
;WIDTH:0.419999
G1 F6000
G1 X106.215 Y139.273 E.00962
G1 X106.215 Y140.818 E.04699
G1 X107.503 Y140.818 E.03916
G1 X107.498 Y140.681 E.00419
G1 X107.565 Y140.592 E.00338
G1 X107.215 Y140.28 E.01429
G1 X106.74 Y139.655 E.02387
G1 X106.556 Y139.284 E.01258
G1 X106.717 Y140.291 F18000
;WIDTH:0.599876
G1 F6000
G2 X106.722 Y140.403 I-.031 J.058 E.01233
G1 X107.971 Y140.707 F18000
;TYPE:Gap infill
;WIDTH:0.134171
G1 F6000
G1 X108.119 Y140.819 E.00137
;WIDTH:0.152796
G1 X108.267 Y140.931 E.00165
;WIDTH:0.174588
G1 X108.378 Y141.007 E.00143
G1 X109.374 Y141.127 F18000
;WIDTH:0.576649
G1 F6000
G2 X110.626 Y141.127 I.626 J-8.248 E.05391
G1 X111.622 Y141.007 F18000
;WIDTH:0.150565
G1 F6000
G1 X111.881 Y140.819 E.00278
;WIDTH:0.115549
G1 X112.029 Y140.707 E.00109
G1 X113.471 Y139.231 F18000
;TYPE:Internal solid infill
;WIDTH:0.419999
G1 F6000
G1 X113.26 Y139.655 E.01441
G1 X112.785 Y140.28 E.02387
G1 X112.435 Y140.592 E.01429
G1 X112.519 Y140.709 E.00438
G1 X112.493 Y140.818 E.00342
G1 X113.785 Y140.818 E.03929
G1 X113.785 Y139.273 E.04699
G1 X113.531 Y139.239 E.0078
G1 X113.352 Y140.291 F18000
;WIDTH:0.599888
G1 F6000
G2 X113.357 Y140.403 I-.031 J.058 E.01233
G1 X113.706 Y138.867 F18000
;TYPE:Gap infill
;WIDTH:0.494822
G1 F6000
G2 X113.758 Y138.484 I-7.058 J-1.144 E.01407
;WIDTH:0.457781
G1 X113.774 Y138.288 E.0066
;WIDTH:0.424233
G2 X113.791 Y138.071 I-3.994 J-.424 E.00667
;WIDTH:0.397035
G2 X113.79 Y137.247 I-11.059 J-.398 E.02355
;WIDTH:0.425793
G1 X113.774 Y137.05 E.00609
;WIDTH:0.459767
G2 X113.755 Y136.831 I-4.056 J.231 E.00742
;WIDTH:0.478888
G1 X113.706 Y136.471 E.01274
G1 X112.713 Y134.494 F18000
;TYPE:Internal solid infill
;WIDTH:0.423858
G1 F6000
G1 X113.087 Y134.829 E.01544
G1 X113.406 Y135.248 E.01617
G1 X113.406 Y134.494 E.02317
G1 X112.773 Y134.494 E.01944
G1 X110.609 Y134.008 F18000
;WIDTH:0.416782
G1 F6000
G1 X111.394 Y134.115 E.02389
G1 X112.125 Y134.498 E.02489
G1 X112.757 Y135.029 E.02489
G1 X113.26 Y135.684 E.02489
G1 X113.471 Y136.108 E.01428
G1 X113.785 Y136.065 E.00954
G1 X113.785 Y134.115 E.0588
G1 X111.436 Y134.115 E.07083
G1 X110.669 Y134.016 E.02332
G1 X109.007 Y134.05 F18000
;WIDTH:0.38292
G1 F6000
G3 X110.549 Y134.006 I.976 J7.124 E.04238
G1 X108.661 Y134.115 F18000
;WIDTH:0.419999
G1 F6000
G1 X106.215 Y134.115 E.07439
G1 X106.215 Y136.065 E.05931
G1 X106.518 Y136.106 E.00929
G1 X106.949 Y135.375 E.02581
G1 X107.513 Y134.773 E.02511
G1 X108.194 Y134.306 E.02511
G1 X108.606 Y134.138 E.01353
G1 X107.248 Y134.498 F18000
;WIDTH:0.432139
G1 F6000
G1 X106.599 Y134.498 E.02039
G1 X106.599 Y135.214 E.02247
G3 X107.207 Y134.542 I7.314 J6.005 E.02847
G1 X111.329 Y121.639 F18000
;WIDTH:0.422154
G1 F6000
G1 X115.839 Y121.639 E.13797
G1 X115.839 Y121.26 E.0116
G1 X112.223 Y121.26 E.11063
G2 X112.587 Y120.881 I-1.562 J-1.866 E.01612
G1 X116.009 Y120.881 E.10468
G1 X114.572 Y119.33 F18000
;WIDTH:0.563318
G1 F6000
G1 X114.586 Y119.034 E.01244
;WIDTH:0.535774
G1 X114.6 Y118.738 E.01178
;WIDTH:0.543049
G1 X114.58 Y118.33 E.01651
;WIDTH:0.564095
G1 X114.56 Y117.921 E.0172
G1 X113.926 Y117.389 F18000
;WIDTH:0.419999
G1 F6000
G1 X114.089 Y117.924 E.01701
G1 X114.167 Y118.635 E.02175
G3 X114.032 Y119.786 I-5.913 J-.108 E.03531
G1 X115.028 Y119.786 E.03028
G1 X115.03 Y117.389 E.07291
G1 X113.986 Y117.389 E.03172
G1 X113.365 Y117.012 F18000
G1 F6000
G1 X113.467 Y117.207 E.00672
G1 X113.69 Y117.869 E.02124
G1 X113.792 Y118.676 E.02473
G3 X113.69 Y119.619 I-8.138 J-.398 E.02887
G1 X113.507 Y120.163 E.01746
G1 X115.404 Y120.163 E.0577
G1 X115.407 Y117.012 E.09585
G1 X113.425 Y117.012 E.06027
G1 X112.687 Y116.635 F18000
G1 F6000
G1 X113.093 Y117.291 E.02347
G1 X113.333 Y117.99 E.02247
G1 X113.417 Y118.717 E.02226
G1 X113.342 Y119.459 E.02268
G1 X113.11 Y120.161 E.02248
G1 X112.883 Y120.54 E.01346
G1 X115.781 Y120.54 E.08815
G1 X115.784 Y116.635 E.11878
G1 X112.747 Y116.635 E.09237
G1 X117.05 Y115.225 F18000
;TYPE:Gap infill
;WIDTH:0.330909
G1 F6000
G1 X117.05 Y84.345 E.71728
G1 X117.009 Y83.557 E.01833
G1 X116.885 Y82.804 E.01773
G1 X116.681 Y82.068 E.01773
G1 X116.398 Y81.359 E.01773
G1 X116.041 Y80.685 E.01773
G1 X115.612 Y80.053 E.01773
G1 X115.118 Y79.471 E.01773
G1 X114.564 Y78.946 E.01773
G1 X113.956 Y78.484 E.01773
G2 X102.95 Y84.345 I-3.956 J5.836 E.35539
G1 X102.95 Y115.225 E.71728
; stop printing object LEG id:18398695746277035084 copy 0
;LAYER_CHANGE
;Z:0.84
;HEIGHT:0.2
G92 E0 ; zero the extruded length again
; BEFORE_LAYER_CHANGE 3 @ 0.84mm
G1 E-1.75 F6000
;WIPE_START
G1 X102.95 Y114.225 E-.75
;WIPE_END
; AFTER_LAYER_CHANGE 3 @ 0.84mm
;_SET_FAN_SPEED_CHANGING_LAYER
; printing object LEG id:18398695746277035084 copy 0
G1 X115.79 Y125.97 Z.84 F18000
G1 E2.5 F6000
M204 P1000
;TYPE:Outer wall
;WIDTH:0.42
G1 F3600
G1 X115.79 Y126.52 E.01673
G1 X115.79 Y142.194 E.4767
G1 F3120
G1 X115.79 Y143.009 E.02479
G1 X104.21 Y143.009 E.35219
G1 X104.21 Y142.194 E.02479
G1 F3600
G1 X104.21 Y126.52 E.4767
G1 X104.21 Y125.97 E.01673
G1 X103.813 Y125.949 E.01209
G1 X103.447 Y125.871 E.01138
G1 X103.272 Y125.804 E.0057
G1 X102.948 Y125.617 E.01138
G1 X102.802 Y125.499 E.00571
G1 X102.552 Y125.221 E.01137
G1 X102.365 Y124.897 E.01138
G1 X102.249 Y124.541 E.01139
G1 X102.21 Y124.164 E.01153
G1 X102.21 Y84.325 E1.21165
G1 X102.256 Y83.477 E.02583
G1 X102.392 Y82.645 E.02564
G1 X102.618 Y81.832 E.02566
G1 X102.93 Y81.048 E.02566
G1 X103.325 Y80.303 E.02565
G1 X103.799 Y79.605 E.02566
G1 X104.345 Y78.962 E.02566
G1 X104.957 Y78.382 E.02564
G1 X105.629 Y77.872 E.02566
G1 X106.351 Y77.437 E.02564
G1 X107.117 Y77.083 E.02566
G1 X107.916 Y76.813 E.02565
G1 X108.74 Y76.632 E.02566
G1 X109.578 Y76.541 E.02564
G1 X110.422 Y76.541 E.02567
G1 X111.24 Y76.63 E.02503
G1 X111.26 Y76.632 E.00061
G1 X112.084 Y76.813 E.02566
G1 X112.883 Y77.083 E.02565
G1 X113.649 Y77.437 E.02566
G1 X114.371 Y77.872 E.02564
G1 X115.043 Y78.382 E.02566
G1 X115.655 Y78.962 E.02564
G1 X116.201 Y79.605 E.02566
G1 X116.675 Y80.303 E.02566
G1 X117.07 Y81.048 E.02565
G1 X117.382 Y81.832 E.02566
G1 X117.608 Y82.645 E.02566
G1 X117.744 Y83.477 E.02564
G1 X117.79 Y84.325 E.02583
G1 X117.79 Y124.164 E1.21165
G1 X117.78 Y124.356 E.00585
G1 X117.702 Y124.722 E.01138
G1 X117.55 Y125.064 E.01138
G1 X117.33 Y125.367 E.01139
G1 X117.052 Y125.617 E.01137
G1 X116.895 Y125.719 E.00569
G1 X116.553 Y125.871 E.01138
G1 X116.187 Y125.949 E.01138
G1 X115.85 Y125.967 E.01026
G1 X115.398 Y125.62 F18000
M204 P1500
;TYPE:Inner wall
;WIDTH:0.45
G1 F6000
G1 X115.398 Y142.617 E.55806
G1 X104.602 Y142.617 E.35446
G1 X104.602 Y125.598 E.55879
G1 X103.854 Y125.559 E.0246
G3 X102.602 Y124.153 I.169 J-1.411 E.06753
G1 X102.602 Y84.335 E1.30736
G3 X111.197 Y77.02 I7.404 J-.008 E.42138
G3 X117.398 Y84.335 I-1.233 J7.331 E.34224
G1 X117.398 Y124.153 E1.30735
G3 X116.146 Y125.559 I-1.421 J-.006 E.06753
G1 X115.436 Y125.596 E.02336
G1 E-1.75
;WIPE_START
G1 X115.433 Y126.596 E-.75
;WIPE_END
G1 X103.69 Y114.629 F18000
G1 E2.5 F6000
M204 P1000
;TYPE:Outer wall
;WIDTH:0.42
G1 F3600
G1 X103.69 Y84.311 E.92209
G3 X109.658 Y78.018 I6.313 J.011 E.29078
G3 X116.31 Y84.311 I.321 J6.322 E.31131
G1 X116.31 Y114.629 E.92209
G1 X103.75 Y114.629 E.382
G1 X103.298 Y114.629 F18000
M204 P1500
;TYPE:Inner wall
;WIDTH:0.45
G1 F6000
G1 X103.298 Y84.3 E.9958
G3 X109.637 Y77.626 I6.705 J.021 E.33311
G3 X116.702 Y84.3 I.342 J6.715 E.35665
G1 X116.702 Y115.021 E1.00868
G1 X103.298 Y115.021 E.4401
G1 X103.298 Y114.689 E.0109
G1 E-1.75
;WIPE_START
G1 X103.298 Y113.689 E-.75
;WIPE_END
G1 X114.991 Y125.257 F18000
G1 E2.5 F6000
G1 X114.991 Y142.21 E.55662
G1 X105.009 Y142.21 E.32773
G1 X105.009 Y125.211 E.55811
G1 X103.897 Y125.153 E.03658
G3 X103.009 Y124.143 I.121 J-1.001 E.04833
G1 X103.009 Y115.428 E.28612
G1 X116.991 Y115.428 E.45907
G1 X116.991 Y124.143 E.28612
G3 X116.103 Y125.153 I-1.008 J.01 E.04834
G1 X115.005 Y125.211 E.0361
G1 X114.584 Y124.894 F18000
G1 F6000
G1 X114.584 Y141.803 E.55518
G1 X105.416 Y141.803 E.301
G1 X105.416 Y124.825 E.55743
G1 X103.939 Y124.748 E.04856
G3 X103.416 Y124.132 I.073 J-.592 E.02914
G1 X103.416 Y115.835 E.27241
G1 X116.584 Y115.835 E.43233
G1 X116.584 Y124.132 E.27241
G3 X116.061 Y124.748 I-.595 J.024 E.02915
G1 X114.584 Y124.825 E.04856
G1 X114.584 Y124.834 E.00028
G1 E-1.75
;WIPE_START
G1 X114.584 Y125.834 E-.75
;WIPE_END
G1 X112.469 Y117.001 F18000
G1 E2.5 F6000
G1 X112.409 Y116.913 E.00351
G2 X112.197 Y116.663 I-2.409 J1.829 E.01076
G1 X111.753 Y116.242 E.02008
G1 X116.177 Y116.242 E.14525
G1 X116.177 Y124.121 E.25869
G3 X116.018 Y124.342 I-.185 J.035 E.00998
G1 X114.177 Y124.439 E.06055
G1 X114.177 Y141.395 E.55674
G1 X105.823 Y141.395 E.27427
G1 X105.823 Y124.439 E.55674
G1 X103.982 Y124.342 E.06055
G1 X103.883 Y124.299 E.00353
G1 X103.83 Y124.205 E.00354
G3 X103.823 Y124.121 I.396 J-.072 E.00277
G1 X103.823 Y116.242 E.25869
G1 X108.245 Y116.242 E.14517
G1 X107.797 Y116.67 E.02032
G2 X112.593 Y117.184 I2.203 J2.072 E.4406
G1 X112.503 Y117.051 E.00528
G1 E-1.75
;WIPE_START
G1 X112.409 Y116.913 E-.12511
G1 X112.197 Y116.663 E-.24575
G1 X111.83 Y116.315 E-.37915
;WIPE_END
G1 X110.669 Y139.349 F18000
G1 E2.5 F6000
M204 P1000
;TYPE:Outer wall
;WIDTH:0.42
G1 F3600
G3 X109.707 Y135.883 I-.669 J-1.681 E.18477
G1 X109.902 Y135.861 E.00596
G3 X110.724 Y139.326 I.098 J1.806 E.15316
G1 X110.834 Y139.707 F18000
M204 P1500
;TYPE:Inner wall
;WIDTH:0.45
G1 F6000
G1 X110.814 Y139.713 E.00067
G3 X109.644 Y135.495 I-.814 J-2.045 E.24273
G1 X109.881 Y135.469 E.00783
G3 X111.03 Y139.613 I.119 J2.198 E.19577
G1 X110.888 Y139.681 E.00519
G1 X110.926 Y140.108 F18000
G1 F6000
G1 X110.697 Y140.181 E.00789
G3 X109.578 Y135.093 I-.698 J-2.514 E.27837
G1 X109.859 Y135.062 E.00928
G3 X110.981 Y140.084 I.141 J2.605 E.24069
G1 X111.056 Y140.494 F18000
G1 F6000
G1 X110.806 Y140.573 E.00861
G3 X109.512 Y134.69 I-.807 J-2.906 E.32184
G1 X109.837 Y134.655 E.01073
G3 X111.116 Y140.469 I.163 J3.012 E.27895
G1 X111.112 Y140.471 E.00014
G1 X111.186 Y140.88 F18000
G1 F6000
G1 X110.915 Y140.966 E.00933
G3 X109.446 Y134.288 I-.916 J-3.299 E.36531
G1 X109.815 Y134.248 E.01218
G3 X111.266 Y140.847 I.185 J3.419 E.31662
G1 X111.242 Y140.857 E.00087
G1 E-1.75
;WIPE_START
G1 X110.915 Y140.966 E-.25812
G1 X110.554 Y141.05 E-.27804
G1 X110.271 Y141.081 E-.21384
;WIPE_END
G1 X111.133 Y117.907 F18000
G1 E2.5 F6000
M204 P1000
;TYPE:Outer wall
;WIDTH:0.42
G1 F3600
G1 X111.279 Y118.152 E.0087
G3 X109.772 Y117.352 I-1.28 J.591 E.21358
G1 X109.924 Y117.336 E.00464
G3 X111.097 Y117.858 I.076 J1.407 E.04056
G1 X111.467 Y117.705 F18000
M204 P1500
;TYPE:Inner wall
;WIDTH:0.45
G1 F6000
G1 X111.636 Y117.987 E.01079
G3 X109.708 Y116.965 I-1.636 J.755 E.29476
G1 X109.902 Y116.944 E.00641
G3 X111.435 Y117.653 I.097 J1.799 E.05771
G1 X111.435 Y117.654 E.00004
G1 X111.795 Y117.458 F18000
G1 F6000
G1 X111.893 Y117.605 E.0058
G3 X109.642 Y116.562 I-1.894 J1.138 E.36926
G1 X109.88 Y116.537 E.00786
G3 X111.759 Y117.407 I.119 J2.206 E.07076
G1 X111.761 Y117.409 E.00009
G1 X112.132 Y117.23 F18000
G1 F6000
G1 X112.243 Y117.395 E.00652
G3 X109.576 Y116.16 I-2.243 J1.347 E.43736
G1 X109.858 Y116.13 E.00931
G3 X112.084 Y117.16 I.141 J2.613 E.08381
G1 X112.098 Y117.18 E.00081
G1 E-1.75
;WIPE_START
G1 X112.243 Y117.395 E-.194
G1 X112.376 Y117.645 E-.21263
G1 X112.481 Y117.908 E-.21264
G1 X112.528 Y118.076 E-.13074
;WIPE_END
G1 X111.538 Y116.353 F18000
G1 E2.5 F6000
M204 P2000
;TYPE:Gap infill
;WIDTH:0.120407
G1 X111.343 Y116.205 E.00153
;WIDTH:0.157178
G1 X111.221 Y116.122 E.00136
;WIDTH:0.17004
G1 X111.099 Y116.039 E.00151
G1 X110.935 Y116.062 F18000
;WIDTH:0.129789
G1 F6000
G3 X111.345 Y116.137 I-1.183 J7.598 E.00292
G1 X109.065 Y116.062 F18000
;WIDTH:0.119219
G1 F6000
G2 X108.649 Y116.138 I1.203 J7.72 E.0026
G1 X108.651 Y116.206 F18000
;WIDTH:0.159577
G1 F6000
G1 X108.777 Y116.121 E.00143
;WIDTH:0.185324
G1 X108.897 Y116.039 E.00168
G1 X108.651 Y116.206 F18000
;WIDTH:0.1459
G1 F6000
G1 X108.454 Y116.358 E.00207
G1 X105.42 Y119.335 F18000
;TYPE:Internal solid infill
;WIDTH:0.537931
G1 F6000
G1 X105.397 Y119.505 E.00685
;WIDTH:0.491432
G1 X105.373 Y119.674 E.0062
;WIDTH:0.444933
G1 X105.35 Y119.844 E.00556
;WIDTH:0.380689
G2 X105.327 Y120.18 I1.216 J.252 E.0092
G1 X105.714 Y120.18 E.01054
;WIDTH:0.394971
G1 X105.647 Y119.983 E.00593
;WIDTH:0.434542
G1 X105.58 Y119.785 E.0066
;WIDTH:0.474113
G1 X105.512 Y119.587 E.00726
;WIDTH:0.513685
G1 X105.445 Y119.39 E.00793
;WIDTH:0.53347
G1 X105.445 Y119.389 E.00002
G1 X105.45 Y117.867 F18000
;WIDTH:0.602703
G1 F6000
G1 X105.429 Y118.131 E.01194
;WIDTH:0.55027
G2 X105.417 Y119.275 I11.802 J.697 E.04681
G1 X106.059 Y117.389 F18000
;WIDTH:0.419999
G1 F6000
G1 X104.97 Y117.389 E.03312
G1 X104.973 Y120.535 E.09569
G1 X106.251 Y120.535 E.03888
G1 X106.02 Y119.983 E.01821
G1 X105.868 Y119.296 E.02138
G1 X105.846 Y118.395 E.02742
G1 X106.04 Y117.446 E.02947
G1 X106.64 Y117.012 F18000
;WIDTH:0.419999
G1 F6000
G1 X104.593 Y117.012 E.06226
G1 X104.596 Y120.912 E.11863
G1 X106.904 Y120.912 E.07019
G1 X106.719 Y120.647 E.00982
G1 X106.427 Y120.018 E.02111
G1 X106.237 Y119.215 E.0251
G1 X106.223 Y118.395 E.02495
G1 X106.387 Y117.591 E.02494
G1 X106.616 Y117.067 E.01742
G1 X107.337 Y116.635 F18000
;WIDTH:0.419999
G1 F6000
G1 X104.216 Y116.635 E.09493
G1 X104.219 Y121.289 E.14157
G1 X107.745 Y121.289 E.10723
G1 X107.505 Y121.079 E.0097
G1 X107.082 Y120.523 E.02124
G1 X106.769 Y119.859 E.02233
G1 X106.605 Y119.134 E.02262
G1 X106.6 Y118.395 E.02247
G1 X106.755 Y117.672 E.02248
G1 X107.061 Y117 E.02248
G1 X107.301 Y116.682 E.01209
G1 X102.95 Y115.225 F18000
;TYPE:Gap infill
;WIDTH:0.330911
G1 F6000
G1 X102.95 Y84.345 E.71728
G3 X106.044 Y78.484 I7.129 J.016 E.1601
G1 X106.698 Y78.09 E.01773
G1 X107.391 Y77.77 E.01773
G1 X108.114 Y77.526 E.01773
G1 X108.859 Y77.362 E.01773
G1 X109.618 Y77.28 E.01773
G1 X110.382 Y77.28 E.01773
G1 X111.141 Y77.362 E.01773
G1 X111.893 Y77.529 E.01791
G1 X112.609 Y77.77 E.01755
G1 X113.309 Y78.094 E.01791
G1 X113.956 Y78.484 E.01755
G1 X114.558 Y78.941 E.01755
G1 X115.113 Y79.465 E.01773
G1 X115.612 Y80.053 E.01791
G1 X116.041 Y80.684 E.01773
G1 X116.398 Y81.359 E.01773
G1 X116.681 Y82.068 E.01773
G1 X116.885 Y82.804 E.01773
G1 X117.007 Y83.549 E.01755
G1 X117.05 Y84.345 E.01851
G1 X117.05 Y115.225 E.71728
G1 X114.581 Y119.33 F18000
;TYPE:Internal solid infill
;WIDTH:0.550651
G1 F6000
G1 X114.591 Y118.393 E.03836
;WIDTH:0.561469
G1 X114.573 Y118.16 E.00978
;WIDTH:0.582094
G1 X114.555 Y117.927 E.01017
G1 X114.581 Y119.33 F18000
;WIDTH:0.537289
G1 F6000
G1 X114.522 Y119.492 E.00688
;WIDTH:0.49095
G1 X114.463 Y119.654 E.00624
;WIDTH:0.44461
G1 X114.404 Y119.817 E.00559
;WIDTH:0.380293
G2 X114.285 Y120.18 I2.775 J1.102 E.01042
G1 X114.673 Y120.18 E.01054
;WIDTH:0.394876
G1 X114.653 Y119.982 E.00565
;WIDTH:0.434425
G1 X114.633 Y119.785 E.00628
;WIDTH:0.473974
G1 X114.614 Y119.587 E.00692
;WIDTH:0.493748
G1 X114.594 Y119.389 E.00723
G1 X113.941 Y117.389 F18000
;WIDTH:0.419999
G1 F6000
G3 X114.154 Y119.09 I-4.555 J1.437 E.05242
G1 X113.998 Y119.903 E.02518
G3 X113.748 Y120.535 I-2.399 J-.582 E.02075
G1 X115.027 Y120.535 E.0389
G1 X115.03 Y117.389 E.09569
G1 X114.001 Y117.389 E.03129
G1 X113.36 Y117.012 F18000
G1 F6000
G1 X113.574 Y117.475 E.01554
G3 X113.777 Y118.394 I-7.562 J2.148 E.02864
G1 X113.777 Y119.089 E.02114
G1 X113.63 Y119.822 E.02272
G1 X113.281 Y120.647 E.02725
G1 X113.096 Y120.912 E.00984
G1 X115.404 Y120.912 E.07019
G1 X115.407 Y117.012 E.11863
G1 X113.42 Y117.012 E.06044
G1 X112.663 Y116.635 F18000
G1 F6000
G1 X112.939 Y117 E.01392
G1 X113.232 Y117.634 E.02124
G3 X113.4 Y119.089 I-3.762 J1.173 E.04482
G1 X113.262 Y119.741 E.02026
G1 X112.939 Y120.489 E.02477
G1 X112.495 Y121.079 E.02248
G1 X112.257 Y121.289 E.00964
G1 X115.781 Y121.289 E.10716
G1 X115.784 Y116.635 E.14157
G1 X112.723 Y116.635 E.0931
G1 X115.833 Y124.188 F18000
;WIDTH:0.431813
G1 F6000
G1 X115.833 Y121.629 E.08029
G1 X115.444 Y121.629 E.0122
G1 X115.444 Y124.039 E.0756
G1 X115.056 Y124.059 E.01221
G1 X115.056 Y121.629 E.07624
G1 X114.667 Y121.629 E.0122
G1 X114.667 Y124.079 E.07688
G1 X114.278 Y124.1 E.01221
G1 X114.278 Y121.629 E.07751
G1 X113.889 Y121.629 E.0122
G1 X113.889 Y124.12 E.07815
G1 X113.843 Y124.123 E.00143
G1 X113.843 Y134.525 E.32628
G1 X113.5 Y134.525 E.01077
G1 X113.5 Y121.629 E.40451
G1 X113.111 Y121.629 E.0122
G1 X113.111 Y134.525 E.40451
G1 X112.722 Y134.525 E.0122
G1 X112.722 Y121.629 E.40451
G1 X112.333 Y121.629 E.0122
G1 X112.333 Y134.525 E.40451
G1 X112.056 Y134.525 E.00869
G1 X111.944 Y134.457 E.00409
G1 X111.944 Y121.629 E.4024
G1 X111.714 Y121.629 E.00724
G3 X111.556 Y121.721 I-.504 J-.68 E.00575
G1 X111.556 Y134.252 E.39305
G2 X111.167 Y134.1 I-.892 J1.712 E.01312
G1 X111.167 Y121.891 E.38298
G3 X110.778 Y122.008 I-.714 J-1.66 E.01277
G1 X110.778 Y133.996 E.37602
G2 X110.389 Y133.935 I-.475 J1.756 E.01237
G1 X110.389 Y122.077 E.37195
G3 X110 Y122.099 I-.298 J-1.776 E.01224
G1 X110 Y133.915 E.37062
G2 X109.611 Y133.935 I-.102 J1.798 E.01224
G1 X109.611 Y122.077 E.37195
G3 X109.222 Y122.008 I.12 J-1.823 E.01241
G1 X109.222 Y133.996 E.37602
G2 X108.833 Y134.1 I.286 J1.841 E.01265
G1 X108.833 Y121.891 E.38296
G3 X108.444 Y121.721 I.588 J-1.873 E.01334
G1 X108.444 Y134.252 E.39306
G2 X108.055 Y134.458 I.75 J1.891 E.01382
G1 X108.055 Y121.629 E.4024
G1 X107.667 Y121.629 E.0122
G1 X107.667 Y134.525 E.40451
G1 X107.278 Y134.525 E.0122
G1 X107.278 Y121.629 E.40451
G1 X106.889 Y121.629 E.0122
G1 X106.889 Y134.525 E.40451
G1 X106.5 Y134.525 E.0122
G1 X106.5 Y121.629 E.40451
G1 X106.111 Y121.629 E.0122
G1 X106.111 Y124.12 E.07815
G1 X105.722 Y124.1 E.01221
G1 X105.722 Y121.629 E.07751
G1 X105.333 Y121.629 E.0122
G1 X105.333 Y124.079 E.07688
G1 X104.944 Y124.059 E.01221
G1 X104.944 Y121.629 E.07624
G1 X104.555 Y121.629 E.0122
G1 X104.555 Y124.039 E.0756
G1 X104.167 Y124.018 E.01221
G1 X104.167 Y121.459 E.08028
G1 X107.427 Y134.864 F18000
;WIDTH:0.419999
G1 F6000
G1 X106.215 Y134.864 E.03685
G1 X106.215 Y136.065 E.03653
G1 X106.529 Y136.108 E.00962
G1 X106.74 Y135.684 E.0144
G1 X107.215 Y135.059 E.02387
G1 X107.383 Y134.905 E.00694
G1 X106.62 Y135.203 F18000
;WIDTH:0.426446
G1 F6000
G1 X106.548 Y135.244 E.00257
G1 X106.609 Y135.28 E.0022
G1 X106.294 Y136.471 F18000
;TYPE:Gap infill
;WIDTH:0.494814
G1 F6000
G2 X106.242 Y136.854 I7.052 J1.144 E.01407
;WIDTH:0.457769
G1 X106.226 Y137.05 E.0066
;WIDTH:0.424211
G2 X106.209 Y137.267 I3.991 J.424 E.00667
;WIDTH:0.397021
G2 X106.21 Y138.091 I11.066 J.398 E.02355
;WIDTH:0.425768
G1 X106.226 Y138.288 E.00609
;WIDTH:0.459758
G2 X106.245 Y138.508 I4.055 J-.231 E.00743
;WIDTH:0.478887
G1 X106.294 Y138.867 E.01274
G1 X106.529 Y139.231 F18000
;TYPE:Internal solid infill
;WIDTH:0.419999
G1 F6000
G1 X106.215 Y139.273 E.00962
G1 X106.215 Y141.003 E.05262
G1 X107.571 Y141.003 E.04124
G1 X107.663 Y140.673 E.01044
G1 X107.241 Y140.308 E.01696
G1 X106.74 Y139.655 E.02505
G1 X106.556 Y139.284 E.01258
G1 X106.567 Y140.007 F18000
;WIDTH:0.368053
G1 F6000
G1 X106.567 Y140.652 E.01692
G1 X107.103 Y140.652 E.01406
G3 X106.603 Y140.055 I2.663 J-2.736 E.02046
G1 X107.99 Y140.96 F18000
;TYPE:Gap infill
;WIDTH:0.376124
G1 F6000
G2 X108.895 Y141.192 I4.768 J-16.745 E.02511
G1 X108.854 Y141.151 F18000
;WIDTH:0.147274
G1 F6000
G1 X108.743 Y141.133 E.00095
;WIDTH:0.192749
G3 X107.98 Y140.989 I2.245 J-14.043 E.00938
G1 X108.854 Y141.151 F18000
;WIDTH:0.113705
G1 F6000
G1 X108.965 Y141.169 E.00064
G1 X111.035 Y141.169 F18000
;WIDTH:0.130488
G1 F6000
G1 X111.146 Y141.151 E.0008
;WIDTH:0.147272
G1 X111.257 Y141.133 E.00095
;WIDTH:0.180839
G1 X111.368 Y141.115 E.00125
;WIDTH:0.199248
G1 X112.02 Y140.989 E.00836
G1 X112.01 Y140.96 F18000
;WIDTH:0.389176
G1 F6000
G3 X111.105 Y141.192 I-4.766 J-16.737 E.02609
G1 X113.471 Y139.231 F18000
;TYPE:Internal solid infill
;WIDTH:0.419999
G1 F6000
G1 X113.26 Y139.655 E.01441
G1 X112.785 Y140.28 E.02387
G1 X112.337 Y140.673 E.01814
G1 X112.429 Y141.003 E.01044
G1 X113.785 Y141.003 E.04124
G1 X113.785 Y139.273 E.05262
G1 X113.531 Y139.239 E.0078
G1 X113.434 Y140.007 F18000
;WIDTH:0.368058
G1 F6000
G1 X113.065 Y140.492 E.01597
G1 X112.897 Y140.652 E.00608
G1 X113.434 Y140.652 E.01406
G1 X113.434 Y140.067 E.01534
G1 X113.706 Y138.867 F18000
;TYPE:Gap infill
;WIDTH:0.494822
G1 F6000
G2 X113.758 Y138.484 I-7.055 J-1.144 E.01407
;WIDTH:0.457782
G1 X113.774 Y138.288 E.0066
;WIDTH:0.424232
G2 X113.791 Y138.071 I-3.994 J-.424 E.00667
;WIDTH:0.397035
G2 X113.79 Y137.247 I-11.059 J-.398 E.02355
;WIDTH:0.425793
G1 X113.774 Y137.05 E.00609
;WIDTH:0.459767
G2 X113.755 Y136.831 I-4.056 J.231 E.00742
;WIDTH:0.478888
G1 X113.706 Y136.471 E.01274
G1 X112.564 Y134.864 F18000
;TYPE:Internal solid infill
;WIDTH:0.419999
G1 F6000
G1 X112.785 Y135.059 E.00896
G1 X113.26 Y135.684 E.02387
G1 X113.471 Y136.108 E.01441
G1 X113.785 Y136.065 E.00962
G1 X113.785 Y134.864 E.03653
G1 X112.624 Y134.864 E.03529
G1 X113.428 Y135.203 F18000
;WIDTH:0.426462
G1 F6000
G1 X113.356 Y135.244 E.00257
G1 X113.418 Y135.28 E.0022
; stop printing object LEG id:18398695746277035084 copy 0
;LAYER_CHANGE
;Z:1.04
;HEIGHT:0.2
G92 E0 ; zero the extruded length again
; BEFORE_LAYER_CHANGE 4 @ 1.04mm
G1 E-2.34598 F6000
;WIPE_START
G1 X113.356 Y135.244 E-.07098
G1 X113.428 Y135.203 E-.08304
;WIPE_END
; AFTER_LAYER_CHANGE 4 @ 1.04mm
;_SET_FAN_SPEED_CHANGING_LAYER
; printing object LEG id:18398695746277035084 copy 0
G1 X115.79 Y125.97 Z1.04 F18000
G1 E2.5 F6000
M204 P1000
;TYPE:Outer wall
;WIDTH:0.42
G1 F3600
G1 X115.79 Y126.52 E.01673
G1 X115.79 Y142.379 E.48233
G1 F3360
G1 X115.79 Y143.152 E.02351
G1 X115.017 Y143.152 E.02351
G1 X104.983 Y143.152 E.30517
G1 X104.21 Y143.152 E.02351
G1 X104.21 Y142.379 E.02351
G1 F3600
G1 X104.21 Y126.52 E.48233
G1 X104.21 Y125.97 E.01673
G1 X103.813 Y125.949 E.01209
G1 X103.447 Y125.871 E.01138
G1 X103.272 Y125.804 E.0057
G1 X102.948 Y125.617 E.01138
G1 X102.802 Y125.499 E.00571
G1 X102.552 Y125.221 E.01137
G1 X102.365 Y124.897 E.01138
G1 X102.249 Y124.541 E.01139
G1 X102.21 Y124.164 E.01153
G1 X102.21 Y84.325 E1.21165
G1 X102.256 Y83.477 E.02583
G1 X102.392 Y82.645 E.02564
G1 X102.618 Y81.832 E.02566
G1 X102.93 Y81.048 E.02566
G1 X103.325 Y80.303 E.02565
G1 X103.799 Y79.605 E.02566
G1 X104.345 Y78.962 E.02566
G1 X104.957 Y78.382 E.02564
G1 X105.629 Y77.872 E.02566
G1 X106.351 Y77.437 E.02564
G1 X107.117 Y77.083 E.02566
G1 X107.916 Y76.813 E.02565
G1 X108.74 Y76.632 E.02566
G1 X109.578 Y76.541 E.02564
G1 X110.422 Y76.541 E.02567
G1 X111.232 Y76.629 E.02478
G1 X111.26 Y76.632 E.00086
G1 X112.084 Y76.813 E.02566
G1 X112.883 Y77.083 E.02565
G1 X113.649 Y77.437 E.02566
G1 X114.371 Y77.872 E.02564
G1 X115.043 Y78.382 E.02566
G1 X115.655 Y78.962 E.02564
G1 X116.201 Y79.605 E.02566
G1 X116.675 Y80.303 E.02566
G1 X117.07 Y81.048 E.02565
G1 X117.382 Y81.832 E.02566
G1 X117.608 Y82.645 E.02566
G1 X117.744 Y83.477 E.02564
G1 X117.79 Y84.325 E.02583
G1 X117.79 Y124.164 E1.21165
G1 X117.78 Y124.356 E.00585
G1 X117.702 Y124.722 E.01138
G1 X117.55 Y125.064 E.01138
G1 X117.33 Y125.367 E.01139
G1 X117.052 Y125.617 E.01137
G1 X116.895 Y125.719 E.00569
G1 X116.562 Y125.868 E.0111
G1 X116.187 Y125.949 E.01167
G1 X115.85 Y125.967 E.01026
G1 X115.398 Y125.62 F18000
M204 P1500
;TYPE:Inner wall
;WIDTH:0.45
G1 F6000
G1 X115.398 Y142.76 E.56275
G1 X104.602 Y142.76 E.35446
G1 X104.602 Y125.598 E.5635
G1 X103.854 Y125.559 E.0246
G3 X102.602 Y124.153 I.169 J-1.411 E.06753
G1 X102.602 Y84.335 E1.30736
G3 X111.196 Y77.02 I7.404 J-.008 E.42137
G3 X117.398 Y84.335 I-1.232 J7.331 E.34226
G1 X117.398 Y124.153 E1.30735
G3 X116.146 Y125.559 I-1.421 J-.006 E.06753
G1 X115.435 Y125.596 E.02337
G1 E-1.75
;WIPE_START
G1 X115.433 Y126.596 E-.75
;WIPE_END
G1 X103.69 Y114.629 F18000
G1 E2.5 F6000
M204 P1000
;TYPE:Outer wall
;WIDTH:0.42
G1 F3600
G1 X103.69 Y84.311 E.92209
G3 X109.658 Y78.018 I6.31 J.008 E.29082
G3 X116.31 Y84.311 I.321 J6.322 E.31131
G1 X116.31 Y114.629 E.92209
G1 X103.75 Y114.629 E.382
G1 X103.298 Y114.629 F18000
M204 P1500
;TYPE:Inner wall
;WIDTH:0.45
G1 F6000
G1 X103.298 Y84.3 E.9958
G3 X109.637 Y77.626 I6.702 J.018 E.33315
G3 X116.702 Y84.3 I.342 J6.715 E.35665
G1 X116.702 Y115.021 E1.00868
G1 X103.298 Y115.021 E.4401
G1 X103.298 Y114.689 E.0109
G1 E-1.75
;WIPE_START
G1 X103.298 Y113.689 E-.75
;WIPE_END
G1 X114.991 Y125.258 F18000
G1 E2.5 F6000
G1 X114.991 Y142.353 E.5613
G1 X105.009 Y142.353 E.32773
G1 X105.009 Y125.211 E.56282
G1 X103.897 Y125.153 E.03658
G3 X103.009 Y124.143 I.121 J-1.001 E.04834
G1 X103.009 Y115.428 E.28612
G1 X116.991 Y115.428 E.45907
G1 X116.991 Y124.143 E.28612
G3 X116.103 Y125.153 I-1.008 J.01 E.04834
G1 X115.005 Y125.211 E.03613
G1 X114.584 Y124.895 F18000
G1 F6000
G1 X114.584 Y141.946 E.55984
G1 X105.416 Y141.946 E.301
G1 X105.416 Y124.825 E.56213
G1 X103.939 Y124.748 E.04856
G3 X103.416 Y124.132 I.073 J-.592 E.02914
G1 X103.416 Y115.835 E.27241
G1 X116.584 Y115.835 E.43233
G1 X116.584 Y124.132 E.27241
G3 X116.061 Y124.748 I-.595 J.024 E.02915
G1 X114.584 Y124.825 E.04856
G1 X114.584 Y124.835 E.00032
G1 E-1.75
;WIPE_START
G1 X114.584 Y125.835 E-.75
;WIPE_END
G1 X112.468 Y117 F18000
G1 E2.5 F6000
G1 X112.409 Y116.913 E.00345
G2 X112.197 Y116.663 I-2.409 J1.829 E.01076
G1 X111.753 Y116.242 E.02008
G1 X116.177 Y116.242 E.14525
G1 X116.177 Y124.121 E.25869
G3 X116.018 Y124.342 I-.184 J.036 E.01
G1 X114.177 Y124.439 E.06055
G1 X114.177 Y141.539 E.56145
G1 X105.823 Y141.539 E.27427
G1 X105.823 Y124.439 E.56145
G1 X103.982 Y124.342 E.06055
G1 X103.883 Y124.299 E.00353
G1 X103.83 Y124.205 E.00353
G3 X103.823 Y124.121 I.396 J-.072 E.00277
G1 X103.823 Y116.242 E.25869
G1 X108.244 Y116.242 E.14515
G1 X107.796 Y116.672 E.02038
G2 X112.593 Y117.184 I2.205 J2.07 E.44051
G1 X112.502 Y117.049 E.00534
G1 E-1.75
;WIPE_START
G1 X112.409 Y116.913 E-.12374
G1 X112.197 Y116.663 E-.24577
G1 X111.829 Y116.314 E-.38049
;WIPE_END
G1 X110.669 Y139.349 F18000
G1 E2.5 F6000
M204 P1000
;TYPE:Outer wall
;WIDTH:0.42
G1 F3600
G3 X109.707 Y135.883 I-.669 J-1.681 E.18477
G1 X109.902 Y135.861 E.00596
G3 X110.724 Y139.326 I.098 J1.806 E.15316
G1 X110.796 Y139.722 F18000
M204 P1500
;TYPE:Inner wall
;WIDTH:0.45
G1 F6000
G1 X110.589 Y139.789 E.00715
G3 X109.644 Y135.495 I-.589 J-2.121 E.2349
G1 X109.881 Y135.469 E.00783
G3 X110.851 Y139.698 I.119 J2.198 E.20231
G1 X110.926 Y140.108 F18000
G1 F6000
G1 X110.697 Y140.181 E.00788
G3 X109.578 Y135.093 I-.698 J-2.514 E.27837
G1 X109.859 Y135.062 E.00928
G3 X110.981 Y140.085 I.141 J2.605 E.2407
G1 X111.056 Y140.494 F18000
G1 F6000
G1 X110.806 Y140.573 E.0086
G3 X109.512 Y134.69 I-.807 J-2.906 E.32184
G1 X109.837 Y134.655 E.01073
G3 X111.116 Y140.469 I.163 J3.012 E.27895
G1 X111.111 Y140.471 E.00015
G1 X111.186 Y140.88 F18000
G1 F6000
G1 X110.915 Y140.966 E.00932
G3 X109.446 Y134.288 I-.916 J-3.299 E.36531
G1 X109.815 Y134.248 E.01218
G3 X111.266 Y140.847 I.185 J3.419 E.31662
G1 X111.242 Y140.857 E.00088
G1 E-1.75
;WIPE_START
G1 X110.915 Y140.966 E-.25789
G1 X110.554 Y141.05 E-.27804
G1 X110.271 Y141.081 E-.21407
;WIPE_END
G1 X111.132 Y117.905 F18000
G1 E2.5 F6000
M204 P1000
;TYPE:Outer wall
;WIDTH:0.42
G1 F3600
G1 X111.279 Y118.152 E.00876
G3 X109.772 Y117.352 I-1.28 J.591 E.21358
G1 X109.924 Y117.336 E.00465
G3 X111.096 Y117.857 I.076 J1.407 E.04051
G1 X111.466 Y117.704 F18000
M204 P1500
;TYPE:Inner wall
;WIDTH:0.45
G1 F6000
G1 X111.636 Y117.987 E.01085
G3 X109.708 Y116.965 I-1.636 J.755 E.29476
G1 X109.902 Y116.944 E.00641
G3 X111.434 Y117.653 I.097 J1.799 E.05769
G1 X111.794 Y117.457 F18000
G1 F6000
G1 X111.893 Y117.605 E.00586
G3 X109.642 Y116.562 I-1.894 J1.138 E.36926
G1 X109.88 Y116.537 E.00786
G3 X111.759 Y117.407 I.119 J2.206 E.07076
G1 X111.76 Y117.407 E.00003
G1 X112.131 Y117.228 F18000
G1 F6000
G1 X112.243 Y117.395 E.00658
G3 X109.576 Y116.16 I-2.243 J1.347 E.43736
G1 X109.858 Y116.13 E.00931
G3 X112.084 Y117.16 I.141 J2.613 E.08381
G1 X112.097 Y117.179 E.00075
G1 E-1.75
;WIPE_START
G1 X112.243 Y117.395 E-.19539
G1 X112.376 Y117.645 E-.2126
G1 X112.481 Y117.908 E-.21263
G1 X112.528 Y118.074 E-.12938
;WIPE_END
G1 X111.538 Y116.353 F18000
G1 E2.5 F6000
M204 P2000
;TYPE:Gap infill
;WIDTH:0.120406
G1 X111.343 Y116.205 E.00153
;WIDTH:0.157177
G1 X111.221 Y116.122 E.00136
;WIDTH:0.170039
G1 X111.099 Y116.039 E.00151
G1 X110.935 Y116.062 F18000
;WIDTH:0.12979
G1 F6000
G3 X111.346 Y116.137 I-1.173 J7.543 E.00292
G1 X109.065 Y116.062 F18000
;WIDTH:0.119255
G1 F6000
G2 X108.647 Y116.138 I1.199 J7.7 E.00261
G1 X108.651 Y116.206 F18000
;WIDTH:0.160318
G1 F6000
G1 X108.776 Y116.121 E.00143
;WIDTH:0.185945
G1 X108.896 Y116.039 E.00168
G1 X108.651 Y116.206 F18000
;WIDTH:0.146687
G1 F6000
G1 X108.451 Y116.359 E.00211
G1 X105.42 Y119.338 F18000
;TYPE:Internal solid infill
;WIDTH:0.551303
G1 F6000
G1 X105.409 Y118.395 E.03867
;WIDTH:0.56145
G1 X105.427 Y118.161 E.00981
;WIDTH:0.582075
G1 X105.445 Y117.927 E.0102
G1 X106.059 Y117.389 F18000
;WIDTH:0.419999
G1 F6000
G1 X104.97 Y117.389 E.03312
G1 X104.972 Y119.786 E.07291
G1 X105.976 Y119.786 E.03053
G1 X105.868 Y119.296 E.01526
G1 X105.846 Y118.395 E.02741
G1 X106.04 Y117.446 E.02947
G1 X106.64 Y117.012 F18000
G1 F6000
G1 X104.593 Y117.012 E.06226
G1 X104.596 Y120.163 E.09585
G1 X106.495 Y120.163 E.05777
G1 X106.387 Y119.897 E.00874
G1 X106.237 Y119.215 E.02124
G1 X106.223 Y118.395 E.02494
G1 X106.387 Y117.591 E.02494
G1 X106.616 Y117.067 E.01742
G1 X107.337 Y116.635 F18000
G1 F6000
G1 X104.216 Y116.635 E.09493
G1 X104.219 Y120.54 E.11878
G1 X107.094 Y120.54 E.08743
G1 X106.768 Y119.855 E.02308
G1 X106.605 Y119.134 E.02248
G1 X106.6 Y118.395 E.02247
G1 X106.755 Y117.672 E.02248
G1 X107.061 Y117 E.02248
G1 X107.301 Y116.682 E.01209
G1 X107.636 Y120.881 F18000
;WIDTH:0.422154
G1 F6000
G1 X104.16 Y120.881 E.1063
G1 X104.161 Y121.26 E.0116
G1 X107.777 Y121.26 E.11063
G2 X108.304 Y121.639 I2.41 J-2.792 E.01988
G1 X104.161 Y121.639 E.12673
G1 X104.161 Y122.018 E.0116
G1 X115.839 Y122.018 E.35719
G1 X115.839 Y122.398 E.0116
G1 X104.161 Y122.398 E.35717
G1 X104.162 Y122.777 E.0116
G1 X115.838 Y122.777 E.35715
G1 X115.838 Y123.156 E.0116
G1 X104.162 Y123.156 E.35714
G1 X104.162 Y123.535 E.0116
G1 X115.838 Y123.535 E.35712
G1 X115.837 Y123.915 E.0116
G1 X104.163 Y123.915 E.3571
G1 X104.163 Y124.018 E.00317
G1 X106.157 Y124.123 E.06107
G1 X106.157 Y124.294 E.00524
G1 X113.843 Y124.294 E.23512
G1 X113.843 Y124.673 E.0116
G1 X106.157 Y124.673 E.23512
G1 X106.157 Y125.052 E.0116
G1 X113.843 Y125.052 E.23512
G1 X113.843 Y125.431 E.0116
G1 X106.157 Y125.431 E.23512
G1 X106.157 Y125.811 E.0116
G1 X113.843 Y125.811 E.23512
G1 X113.843 Y126.19 E.0116
G1 X106.157 Y126.19 E.23512
G1 X106.157 Y126.569 E.0116
G1 X113.843 Y126.569 E.23512
G1 X113.843 Y126.948 E.0116
G1 X106.157 Y126.948 E.23512
G1 X106.157 Y127.328 E.0116
G1 X113.843 Y127.328 E.23512
G1 X113.843 Y127.707 E.0116
G1 X106.157 Y127.707 E.23512
G1 X106.157 Y128.086 E.0116
G1 X113.843 Y128.086 E.23512
G1 X113.843 Y128.465 E.0116
G1 X106.157 Y128.465 E.23512
G1 X106.157 Y128.845 E.0116
G1 X113.843 Y128.845 E.23512
G1 X113.843 Y129.224 E.0116
G1 X106.157 Y129.224 E.23512
G1 X106.157 Y129.603 E.0116
G1 X113.843 Y129.603 E.23512
G1 X113.843 Y129.982 E.0116
G1 X106.157 Y129.982 E.23512
G1 X106.157 Y130.362 E.0116
G1 X113.843 Y130.362 E.23512
G1 X113.843 Y130.741 E.0116
G1 X106.157 Y130.741 E.23512
G1 X106.157 Y131.12 E.0116
G1 X113.843 Y131.12 E.23512
G1 X113.843 Y131.499 E.0116
G1 X106.157 Y131.499 E.23512
G1 X106.157 Y131.878 E.0116
G1 X113.843 Y131.878 E.23512
G1 X113.843 Y132.258 E.0116
G1 X106.157 Y132.258 E.23512
G1 X106.157 Y132.637 E.0116
G1 X113.843 Y132.637 E.23512
G1 X113.843 Y133.016 E.0116
G1 X106.157 Y133.016 E.23512
G1 X106.157 Y133.395 E.0116
G1 X113.843 Y133.395 E.23512
G1 X113.843 Y133.775 E.0116
G1 X105.987 Y133.775 E.24031
G1 X106.294 Y136.471 F18000
;TYPE:Gap infill
;WIDTH:0.494817
G1 F6000
G2 X106.242 Y136.854 I7.051 J1.144 E.01407
;WIDTH:0.457774
G1 X106.226 Y137.05 E.0066
;WIDTH:0.424213
G2 X106.209 Y137.267 I3.991 J.424 E.00667
;WIDTH:0.397021
G2 X106.21 Y138.091 I11.066 J.398 E.02355
;WIDTH:0.425768
G1 X106.226 Y138.288 E.00609
;WIDTH:0.459758
G2 X106.245 Y138.508 I4.055 J-.231 E.00743
;WIDTH:0.478887
G1 X106.294 Y138.867 E.01274
G1 X106.529 Y139.231 F18000
;TYPE:Internal solid infill
;WIDTH:0.419999
G1 F6000
G1 X106.215 Y139.273 E.00962
G1 X106.215 Y141.147 E.05698
G1 X107.794 Y141.147 E.04801
G1 X107.855 Y140.828 E.00988
G1 X107.243 Y140.309 E.02441
G1 X106.74 Y139.655 E.0251
G1 X106.556 Y139.284 E.01258
G1 X106.585 Y140.061 F18000
;WIDTH:0.404197
G1 F6000
G1 X106.585 Y140.778 E.02089
G1 X107.224 Y140.778 E.01863
G3 X106.621 Y140.109 I1.573 J-2.024 E.02638
G1 X108.201 Y141.106 F18000
;TYPE:Gap infill
;WIDTH:0.334475
G1 F6000
G2 X108.739 Y141.206 I2.099 J-9.834 E.01287
;WIDTH:0.280449
G1 X108.87 Y141.227 E.00254
;WIDTH:0.237483
G1 X109.001 Y141.249 E.00208
;WIDTH:0.193122
G1 X109.207 Y141.271 E.00251
;WIDTH:0.149359
G1 X109.404 Y141.293 E.0017
;WIDTH:0.112311
G1 X109.715 Y141.31 E.00174
G1 X110.285 Y141.31 F18000
;WIDTH:0.127244
G1 F6000
G1 X110.592 Y141.293 E.00209
;WIDTH:0.148865
G1 X110.793 Y141.271 E.00173
;WIDTH:0.192096
G1 X110.989 Y141.25 E.00238
;WIDTH:0.235981
G1 X111.13 Y141.227 E.00221
;WIDTH:0.280451
G1 X111.261 Y141.206 E.00254
;WIDTH:0.323419
G1 X111.392 Y141.184 E.003
;WIDTH:0.348075
G1 X111.799 Y141.106 E.0102
G1 X113.482 Y139.232 F18000
;TYPE:Internal solid infill
;WIDTH:0.419999
G1 F6000
G1 X113.051 Y139.963 E.02581
G1 X112.487 Y140.565 E.02511
G1 X112.143 Y140.818 E.01297
G1 X112.206 Y141.147 E.0102
G1 X113.785 Y141.147 E.04801
G1 X113.785 Y139.273 E.05698
G1 X113.541 Y139.24 E.00746
G1 X113.412 Y140.085 F18000
;WIDTH:0.41037
G1 F6000
G3 X112.802 Y140.775 I-5.859 J-4.576 E.02731
G1 X113.412 Y140.775 E.0181
G1 X113.412 Y140.145 E.01865
G1 X113.706 Y138.867 F18000
;TYPE:Gap infill
;WIDTH:0.494824
G1 F6000
G2 X113.758 Y138.484 I-7.059 J-1.145 E.01407
;WIDTH:0.457784
G1 X113.774 Y138.288 E.0066
;WIDTH:0.424234
G2 X113.791 Y138.071 I-3.994 J-.424 E.00667
;WIDTH:0.397035
G2 X113.79 Y137.247 I-11.059 J-.398 E.02355
;WIDTH:0.425793
G1 X113.774 Y137.05 E.00609
;WIDTH:0.459769
G2 X113.755 Y136.831 I-4.051 J.231 E.00742
;WIDTH:0.478889
G1 X113.706 Y136.471 E.01274
G1 X112.713 Y134.494 F18000
;TYPE:Internal solid infill
;WIDTH:0.423856
G1 F6000
G1 X113.087 Y134.829 E.01544
G1 X113.406 Y135.248 E.01617
G1 X113.406 Y134.494 E.02317
G1 X112.773 Y134.494 E.01944
G1 X110.609 Y134.008 F18000
;WIDTH:0.416783
G1 F6000
G1 X111.394 Y134.115 E.02389
G1 X112.125 Y134.498 E.02489
G1 X112.757 Y135.029 E.02489
G1 X113.26 Y135.684 E.02489
G1 X113.471 Y136.108 E.01428
G1 X113.785 Y136.065 E.00954
G1 X113.785 Y134.115 E.0588
G1 X111.436 Y134.115 E.07083
G1 X110.669 Y134.016 E.02332
G1 X109.007 Y134.05 F18000
;WIDTH:0.38292
G1 F6000
G3 X110.549 Y134.006 I.976 J7.124 E.04238
G1 X108.661 Y134.115 F18000
;WIDTH:0.419999
G1 F6000
G1 X106.215 Y134.115 E.07438
G1 X106.215 Y136.065 E.05931
G1 X106.518 Y136.106 E.00929
G1 X106.949 Y135.375 E.02581
G1 X107.513 Y134.773 E.02511
G1 X108.194 Y134.306 E.02511
G1 X108.606 Y134.138 E.01353
G1 X107.248 Y134.498 F18000
;WIDTH:0.432138
G1 F6000
G1 X106.599 Y134.498 E.02039
G1 X106.599 Y135.214 E.02247
G3 X107.207 Y134.542 I7.313 J6.004 E.02847
G1 X111.329 Y121.639 F18000
;WIDTH:0.422154
G1 F6000
G1 X115.839 Y121.639 E.13797
G1 X115.839 Y121.26 E.0116
G1 X112.223 Y121.26 E.11063
G2 X112.587 Y120.881 I-1.561 J-1.865 E.01612
G1 X116.009 Y120.881 E.10468
G1 X114.572 Y119.33 F18000
;WIDTH:0.5636
G1 F6000
G1 X114.586 Y119.032 E.01255
;WIDTH:0.536055
G1 X114.6 Y118.733 E.01188
;WIDTH:0.543276
G1 X114.58 Y118.327 E.01641
;WIDTH:0.56427
G1 X114.56 Y117.921 E.0171
G1 X113.926 Y117.389 F18000
;WIDTH:0.419999
G1 F6000
G1 X114.089 Y117.924 E.01701
G1 X114.166 Y118.629 E.02158
G3 X114.032 Y119.786 I-5.935 J-.103 E.03547
G1 X115.028 Y119.786 E.03028
G1 X115.03 Y117.389 E.07291
G1 X113.986 Y117.389 E.03172
G1 X113.365 Y117.012 F18000
G1 F6000
G1 X113.467 Y117.207 E.00672
G1 X113.69 Y117.869 E.02124
G1 X113.792 Y118.671 E.02457
G3 X113.69 Y119.619 I-8.176 J-.392 E.02903
G1 X113.507 Y120.163 E.01746
G1 X115.404 Y120.163 E.0577
G1 X115.407 Y117.012 E.09585
G1 X113.425 Y117.012 E.06027
G1 X112.687 Y116.635 F18000
G1 F6000
G1 X113.093 Y117.291 E.02347
G1 X113.333 Y117.99 E.02247
G1 X113.417 Y118.712 E.02211
G1 X113.342 Y119.458 E.02283
G1 X113.11 Y120.161 E.02249
G1 X112.883 Y120.54 E.01346
G1 X115.781 Y120.54 E.08815
G1 X115.784 Y116.635 E.11878
G1 X112.747 Y116.635 E.09237
G1 X117.05 Y115.225 F18000
;TYPE:Gap infill
;WIDTH:0.330912
G1 F6000
G1 X117.05 Y84.345 E.71728
G1 X117.009 Y83.557 E.01833
G1 X116.886 Y82.811 E.01755
G1 X116.678 Y82.061 E.01809
G1 X116.398 Y81.359 E.01755
G1 X116.041 Y80.685 E.01773
G1 X115.612 Y80.053 E.01773
G1 X115.123 Y79.477 E.01755
G1 X114.564 Y78.946 E.01791
G1 X113.956 Y78.484 E.01773
G1 X113.309 Y78.094 E.01755
G1 X112.609 Y77.77 E.01791
G1 X111.886 Y77.526 E.01773
G1 X111.148 Y77.364 E.01755
G1 X110.374 Y77.279 E.01809
G1 X109.618 Y77.28 E.01755
G1 X108.867 Y77.361 E.01755
G1 X108.107 Y77.529 E.01809
G1 X107.391 Y77.77 E.01755
G1 X106.698 Y78.09 E.01773
G1 X106.044 Y78.484 E.01773
G1 X105.442 Y78.941 E.01755
G1 X104.877 Y79.477 E.01809
G1 X104.388 Y80.053 E.01755
G1 X103.959 Y80.685 E.01773
G1 X103.599 Y81.366 E.01791
G1 X103.319 Y82.068 E.01755
G1 X103.115 Y82.804 E.01773
G1 X102.991 Y83.557 E.01773
G1 X102.95 Y84.345 E.01833
G1 X102.95 Y115.225 E.71728
; stop printing object LEG id:18398695746277035084 copy 0
;LAYER_CHANGE
;Z:1.24
;HEIGHT:0.2
G92 E0 ; zero the extruded length again
; BEFORE_LAYER_CHANGE 5 @ 1.24mm
G1 E-1.75 F6000
;WIPE_START
G1 X102.95 Y114.225 E-.75
;WIPE_END
; AFTER_LAYER_CHANGE 5 @ 1.24mm
;_SET_FAN_SPEED_CHANGING_LAYER
; printing object LEG id:18398695746277035084 copy 0
G1 X115.79 Y125.97 Z1.24 F18000
G1 E2.5 F6000
M204 P1000
;TYPE:Outer wall
;WIDTH:0.42
G1 F3600
G1 X115.79 Y143.263 E.52593
G1 X104.21 Y143.263 E.35219
G1 X104.21 Y125.97 E.52593
G3 X102.948 Y125.617 I-.086 J-2.127 E.04051
G3 X102.21 Y124.164 I1.073 J-1.459 E.05142
G1 X102.21 Y84.325 E1.21164
G3 X111.224 Y76.628 I7.79 J-.003 E.40962
G1 X111.26 Y76.632 E.00112
G3 X117.79 Y84.325 I-1.267 J7.693 E.33376
G1 X117.79 Y124.164 E1.21164
G3 X116.187 Y125.949 I-1.819 J-.021 E.07968
G1 X115.85 Y125.967 E.01027
G1 X115.398 Y125.62 F18000
M204 P1500
;TYPE:Inner wall
;WIDTH:0.45
G1 F6000
G1 X115.398 Y142.87 E.56639
G1 X104.602 Y142.87 E.35446
G1 X104.602 Y125.598 E.56712
G1 X103.854 Y125.559 E.0246
G3 X102.602 Y124.153 I.169 J-1.411 E.06753
G1 X102.602 Y84.335 E1.30736
G3 X111.181 Y77.018 I7.404 J-.008 E.42086
G1 X111.197 Y77.02 E.00051
G3 X117.398 Y84.335 I-1.206 J7.308 E.3425
G1 X117.398 Y124.153 E1.30735
G3 X116.146 Y125.559 I-1.421 J-.006 E.06753
G1 X115.436 Y125.596 E.02336
G1 E-1.75
;WIPE_START
G1 X115.433 Y126.596 E-.75
;WIPE_END
G1 X103.69 Y114.629 F18000
G1 E2.5 F6000
M204 P1000
;TYPE:Outer wall
;WIDTH:0.42
G1 F3600
G1 X103.69 Y84.311 E.92209
G3 X109.658 Y78.018 I6.31 J.008 E.29082
G3 X116.31 Y84.311 I.321 J6.322 E.31131
G1 X116.31 Y114.629 E.92209
G1 X103.75 Y114.629 E.382
G1 X103.298 Y114.629 F18000
M204 P1500
;TYPE:Inner wall
;WIDTH:0.45
G1 F6000
G1 X103.298 Y84.3 E.9958
G3 X109.637 Y77.626 I6.702 J.018 E.33315
G3 X116.702 Y84.3 I.342 J6.715 E.35665
G1 X116.702 Y115.021 E1.00868
G1 X103.298 Y115.021 E.4401
G1 X103.298 Y114.689 E.0109
G1 E-1.75
;WIPE_START
G1 X103.298 Y113.689 E-.75
;WIPE_END
G1 X114.991 Y125.257 F18000
G1 E2.5 F6000
G1 X114.991 Y142.463 E.56495
G1 X105.009 Y142.463 E.32773
G1 X105.009 Y125.211 E.56644
G1 X103.897 Y125.153 E.03658
G3 X103.009 Y124.143 I.121 J-1.001 E.04834
G1 X103.009 Y115.428 E.28612
G1 X116.991 Y115.428 E.45907
G1 X116.991 Y124.143 E.28612
G3 X116.103 Y125.153 I-1.008 J.01 E.04834
G1 X115.005 Y125.211 E.0361
G1 X114.584 Y124.894 F18000
G1 F6000
G1 X114.584 Y142.056 E.56351
G1 X105.416 Y142.056 E.301
G1 X105.416 Y124.825 E.56576
G1 X103.939 Y124.748 E.04856
G3 X103.416 Y124.132 I.073 J-.592 E.02914
G1 X103.416 Y115.835 E.27241
G1 X116.584 Y115.835 E.43233
G1 X116.584 Y124.132 E.27241
G3 X116.061 Y124.748 I-.595 J.024 E.02915
G1 X114.584 Y124.825 E.04856
G1 X114.584 Y124.834 E.00028
G1 E-1.75
;WIPE_START
G1 X114.584 Y125.834 E-.75
;WIPE_END
G1 X112.467 Y116.998 F18000
G1 E2.5 F6000
G1 X112.409 Y116.913 E.00337
G2 X112.197 Y116.663 I-2.409 J1.829 E.01076
G1 X111.753 Y116.242 E.02008
G1 X116.177 Y116.242 E.14525
G1 X116.177 Y124.121 E.25869
G3 X116.018 Y124.342 I-.185 J.035 E.00998
G1 X114.177 Y124.439 E.06055
G1 X114.177 Y141.649 E.56507
G1 X105.823 Y141.649 E.27427
G1 X105.823 Y124.439 E.56507
G1 X103.982 Y124.342 E.06055
G1 X103.883 Y124.299 E.00353
G1 X103.83 Y124.205 E.00354
G3 X103.823 Y124.121 I.396 J-.072 E.00277
G1 X103.823 Y116.242 E.25869
G1 X108.247 Y116.242 E.14525
G1 X107.803 Y116.663 E.02008
G2 X112.593 Y117.184 I2.197 J2.078 E.44091
G1 X112.5 Y117.047 E.00542
G1 E-1.75
;WIPE_START
G1 X112.409 Y116.913 E-.12192
G1 X112.197 Y116.663 E-.24576
G1 X111.827 Y116.312 E-.38232
;WIPE_END
G1 X110.669 Y139.349 F18000
G1 E2.5 F6000
M204 P1000
;TYPE:Outer wall
;WIDTH:0.42
G1 F3600
G3 X109.707 Y135.883 I-.669 J-1.681 E.18477
G1 X109.902 Y135.861 E.00596
G3 X110.724 Y139.325 I.098 J1.806 E.15316
G1 X110.796 Y139.722 F18000
M204 P1500
;TYPE:Inner wall
;WIDTH:0.45
G1 F6000
G1 X110.589 Y139.789 E.00714
G3 X109.644 Y135.495 I-.589 J-2.121 E.23491
G1 X109.881 Y135.469 E.00783
G3 X110.85 Y139.698 I.119 J2.198 E.20232
G1 X110.926 Y140.108 F18000
G1 F6000
G1 X110.697 Y140.181 E.00787
G3 X109.578 Y135.093 I-.698 J-2.514 E.27837
G1 X109.859 Y135.062 E.00928
G3 X110.981 Y140.085 I.141 J2.605 E.24071
G1 X111.056 Y140.494 F18000
G1 F6000
G1 X110.806 Y140.573 E.00859
G3 X109.512 Y134.69 I-.807 J-2.906 E.32184
G1 X109.837 Y134.655 E.01073
G3 X111.116 Y140.469 I.163 J3.012 E.27895
G1 X111.111 Y140.471 E.00016
G1 X111.186 Y140.88 F18000
G1 F6000
G1 X110.915 Y140.966 E.00931
G3 X109.446 Y134.288 I-.916 J-3.299 E.36531
G1 X109.815 Y134.248 E.01218
G3 X111.266 Y140.847 I.185 J3.419 E.31662
G1 X111.241 Y140.857 E.00089
G1 E-1.75
;WIPE_START
G1 X110.915 Y140.966 E-.25766
G1 X110.554 Y141.05 E-.27804
G1 X110.27 Y141.081 E-.2143
;WIPE_END
G1 X111.13 Y117.903 F18000
G1 E2.5 F6000
M204 P1000
;TYPE:Outer wall
;WIDTH:0.42
G1 F3600
G1 X111.279 Y118.152 E.00883
G3 X109.772 Y117.352 I-1.28 J.591 E.21358
G1 X109.924 Y117.336 E.00465
G3 X111.094 Y117.855 I.076 J1.407 E.04044
G1 X111.465 Y117.702 F18000
M204 P1500
;TYPE:Inner wall
;WIDTH:0.45
G1 F6000
G1 X111.636 Y117.987 E.01093
G3 X109.708 Y116.965 I-1.636 J.755 E.29476
G1 X109.902 Y116.944 E.00641
G3 X111.433 Y117.651 I.097 J1.799 E.05761
G1 X111.793 Y117.455 F18000
G1 F6000
G1 X111.893 Y117.605 E.00594
G3 X109.642 Y116.562 I-1.894 J1.138 E.36926
G1 X109.88 Y116.537 E.00786
G3 X111.758 Y117.406 I.119 J2.206 E.07071
G1 X112.13 Y117.226 F18000
G1 F6000
G1 X112.243 Y117.395 E.00666
G3 X109.576 Y116.16 I-2.243 J1.347 E.43736
G1 X109.858 Y116.13 E.00931
G3 X112.084 Y117.16 I.141 J2.613 E.08381
G1 X112.095 Y117.177 E.00067
G1 E-1.75
;WIPE_START
G1 X112.243 Y117.395 E-.1972
G1 X112.376 Y117.645 E-.21263
G1 X112.481 Y117.908 E-.21263
G1 X112.527 Y118.072 E-.12755
;WIPE_END
G1 X111.538 Y116.353 F18000
G1 E2.5 F6000
M204 P2000
;TYPE:Gap infill
;WIDTH:0.120404
G1 X111.343 Y116.205 E.00153
;WIDTH:0.157171
G1 X111.221 Y116.122 E.00136
;WIDTH:0.170034
G1 X111.099 Y116.039 E.00151
G1 X110.935 Y116.062 F18000
;WIDTH:0.129809
G1 F6000
G3 X111.345 Y116.137 I-1.183 J7.6 E.00292
G1 X109.067 Y116.061 F18000
;WIDTH:0.121822
G1 F6000
G2 X108.653 Y116.138 I1.289 J8.133 E.00268
G1 X108.652 Y116.208 F18000
;WIDTH:0.14283
G1 F6000
G1 X108.462 Y116.353 E.00193
G1 X108.652 Y116.208 F18000
;WIDTH:0.156688
G1 F6000
G1 X108.779 Y116.122 E.0014
;WIDTH:0.182903
G1 X108.901 Y116.039 E.00167
G1 X105.42 Y119.335 F18000
;TYPE:Internal solid infill
;WIDTH:0.537935
G1 F6000
G1 X105.397 Y119.505 E.00685
;WIDTH:0.49145
G1 X105.373 Y119.674 E.0062
;WIDTH:0.444964
G1 X105.35 Y119.844 E.00556
;WIDTH:0.380739
G2 X105.327 Y120.18 I1.216 J.252 E.0092
G1 X105.714 Y120.18 E.01054
;WIDTH:0.395001
G1 X105.647 Y119.983 E.00593
;WIDTH:0.434532
G1 X105.579 Y119.785 E.00659
;WIDTH:0.474062
G1 X105.512 Y119.588 E.00726
;WIDTH:0.513593
G1 X105.445 Y119.39 E.00793
;WIDTH:0.533358
G1 X105.445 Y119.389 E.00003
G1 X105.45 Y117.867 F18000
;WIDTH:0.602701
G1 F6000
G1 X105.429 Y118.131 E.01194
;WIDTH:0.550272
G2 X105.417 Y119.275 I11.803 J.697 E.04681
G1 X106.059 Y117.389 F18000
;WIDTH:0.419999
G1 F6000
G1 X104.97 Y117.389 E.03312
G1 X104.973 Y120.535 E.09569
G1 X106.251 Y120.535 E.03888
G1 X106.02 Y119.985 E.01814
G1 X105.868 Y119.296 E.02145
G1 X105.846 Y118.395 E.02743
G1 X106.04 Y117.446 E.02947
G1 X106.64 Y117.012 F18000
G1 F6000
G1 X104.593 Y117.012 E.06226
G1 X104.596 Y120.912 E.11863
G1 X106.904 Y120.912 E.07019
G1 X106.719 Y120.648 E.00981
G1 X106.428 Y120.02 E.02104
G1 X106.237 Y119.215 E.02517
G1 X106.223 Y118.395 E.02495
G1 X106.387 Y117.591 E.02494
G1 X106.616 Y117.067 E.01742
G1 X107.337 Y116.635 F18000
G1 F6000
G1 X104.216 Y116.635 E.09493
G1 X104.219 Y121.289 E.14157
G1 X107.745 Y121.289 E.10723
G1 X107.505 Y121.079 E.0097
G1 X107.082 Y120.523 E.02124
G1 X106.77 Y119.862 E.02226
G1 X106.605 Y119.134 E.02269
G1 X106.6 Y118.395 E.02248
G1 X106.755 Y117.672 E.02248
G1 X107.061 Y117 E.02248
G1 X107.301 Y116.682 E.01209
G1 X102.95 Y115.225 F18000
;TYPE:Gap infill
;WIDTH:0.330912
G1 F6000
G1 X102.95 Y84.345 E.71728
G3 X111.879 Y77.524 I7.05 J-.025 E.30199
G1 X112.609 Y77.77 E.01791
G1 X113.309 Y78.094 E.01791
G1 X113.956 Y78.484 E.01755
G1 X114.558 Y78.941 E.01755
G1 X115.123 Y79.477 E.01809
G1 X115.612 Y80.053 E.01755
G1 X116.037 Y80.678 E.01755
G1 X116.398 Y81.359 E.01791
G1 X116.681 Y82.068 E.01773
G1 X116.883 Y82.796 E.01755
G1 X117.009 Y83.557 E.01791
G1 X117.05 Y84.345 E.01833
G1 X117.05 Y115.225 E.71728
G1 X114.581 Y119.328 F18000
;TYPE:Internal solid infill
;WIDTH:0.550463
G1 F6000
G1 X114.591 Y118.393 E.03828
;WIDTH:0.561469
G1 X114.573 Y118.16 E.00976
;WIDTH:0.582092
G1 X114.555 Y117.927 E.01015
G1 X114.581 Y119.328 F18000
;WIDTH:0.536959
G1 F6000
G1 X114.522 Y119.491 E.0069
;WIDTH:0.490716
G1 X114.463 Y119.653 E.00625
;WIDTH:0.444472
G1 X114.404 Y119.816 E.00561
;WIDTH:0.380302
G2 X114.285 Y120.18 I2.82 J1.116 E.01043
G1 X114.673 Y120.18 E.01054
;WIDTH:0.394856
G1 X114.653 Y119.982 E.00566
;WIDTH:0.434354
G1 X114.634 Y119.783 E.0063
;WIDTH:0.473851
G1 X114.614 Y119.585 E.00693
;WIDTH:0.4936
G1 X114.594 Y119.386 E.00725
G1 X113.941 Y117.389 F18000
;WIDTH:0.419999
G1 F6000
G3 X114.155 Y119.087 I-4.56 J1.438 E.05235
G1 X113.998 Y119.903 E.02525
G3 X113.748 Y120.535 I-2.398 J-.582 E.02075
G1 X115.027 Y120.535 E.0389
G1 X115.03 Y117.389 E.09569
G1 X114.001 Y117.389 E.03129
G1 X113.36 Y117.012 F18000
G1 F6000
G1 X113.574 Y117.475 E.01554
G3 X113.777 Y118.394 I-7.578 J2.151 E.02863
G1 X113.778 Y119.087 E.02108
G1 X113.63 Y119.822 E.02279
G1 X113.281 Y120.647 E.02724
G1 X113.096 Y120.912 E.00984
G1 X115.404 Y120.912 E.07019
G1 X115.407 Y117.012 E.11863
G1 X113.42 Y117.012 E.06044
G1 X112.663 Y116.635 F18000
G1 F6000
G1 X112.939 Y117 E.01392
G1 X113.232 Y117.634 E.02124
G3 X113.401 Y119.087 I-3.767 J1.174 E.04475
G1 X113.262 Y119.741 E.02034
G1 X112.939 Y120.489 E.02477
G1 X112.495 Y121.079 E.02248
G1 X112.257 Y121.289 E.00964
G1 X115.781 Y121.289 E.10716
G1 X115.784 Y116.635 E.14157
G1 X112.723 Y116.635 E.0931
G1 X115.833 Y124.188 F18000
;WIDTH:0.431813
G1 F6000
G1 X115.833 Y121.629 E.08029
G1 X115.444 Y121.629 E.0122
G1 X115.444 Y124.039 E.0756
G1 X115.056 Y124.059 E.01221
G1 X115.056 Y121.629 E.07624
G1 X114.667 Y121.629 E.0122
G1 X114.667 Y124.079 E.07688
G1 X114.278 Y124.1 E.01221
G1 X114.278 Y121.629 E.07751
G1 X113.889 Y121.629 E.0122
G1 X113.889 Y124.12 E.07815
G1 X113.843 Y124.123 E.00143
G1 X113.843 Y134.525 E.32628
G1 X113.5 Y134.525 E.01077
G1 X113.5 Y121.629 E.40451
G1 X113.111 Y121.629 E.0122
G1 X113.111 Y134.525 E.40451
G1 X112.722 Y134.525 E.0122
G1 X112.722 Y121.629 E.40451
G1 X112.333 Y121.629 E.0122
G1 X112.333 Y134.525 E.40451
G1 X112.056 Y134.525 E.00869
G1 X111.944 Y134.457 E.00409
G1 X111.944 Y121.629 E.4024
G1 X111.714 Y121.629 E.00724
G3 X111.556 Y121.721 I-.504 J-.68 E.00575
G1 X111.556 Y134.252 E.39305
G2 X111.167 Y134.1 I-.892 J1.712 E.01312
G1 X111.167 Y121.89 E.38299
G3 X110.778 Y122.008 I-.706 J-1.628 E.01277
G1 X110.778 Y133.996 E.37602
G2 X110.389 Y133.935 I-.475 J1.756 E.01237
G1 X110.389 Y122.077 E.37195
G3 X110 Y122.099 I-.298 J-1.776 E.01224
G1 X110 Y133.915 E.37062
G2 X109.611 Y133.935 I-.102 J1.799 E.01224
G1 X109.611 Y122.077 E.37195
G3 X109.222 Y122.008 I.12 J-1.823 E.01241
G1 X109.222 Y133.996 E.37602
G2 X108.833 Y134.1 I.286 J1.84 E.01265
G1 X108.833 Y121.891 E.38296
G3 X108.444 Y121.722 I.634 J-1.986 E.01333
G1 X108.444 Y134.252 E.39303
G2 X108.055 Y134.458 I.75 J1.891 E.01382
G1 X108.055 Y121.629 E.4024
G1 X107.667 Y121.629 E.0122
G1 X107.667 Y134.525 E.40451
G1 X107.278 Y134.525 E.0122
G1 X107.278 Y121.629 E.40451
G1 X106.889 Y121.629 E.0122
G1 X106.889 Y134.525 E.40451
G1 X106.5 Y134.525 E.0122
G1 X106.5 Y121.629 E.40451
G1 X106.111 Y121.629 E.0122
G1 X106.111 Y124.12 E.07815
G1 X105.722 Y124.1 E.01221
G1 X105.722 Y121.629 E.07751
G1 X105.333 Y121.629 E.0122
G1 X105.333 Y124.079 E.07688
G1 X104.944 Y124.059 E.01221
G1 X104.944 Y121.629 E.07624
G1 X104.555 Y121.629 E.0122
G1 X104.555 Y124.039 E.0756
G1 X104.167 Y124.018 E.01221
G1 X104.167 Y121.459 E.08028
G1 X107.427 Y134.864 F18000
;WIDTH:0.419999
G1 F6000
G1 X106.215 Y134.864 E.03685
G1 X106.215 Y136.065 E.03653
G1 X106.529 Y136.108 E.00962
G1 X106.74 Y135.684 E.0144
G1 X107.215 Y135.059 E.02387
G1 X107.383 Y134.905 E.00694
G1 X106.62 Y135.203 F18000
;WIDTH:0.42645
G1 F6000
G1 X106.548 Y135.244 E.00257
G1 X106.609 Y135.28 E.0022
G1 X106.294 Y136.471 F18000
;TYPE:Gap infill
;WIDTH:0.494817
G1 F6000
G2 X106.242 Y136.854 I7.053 J1.144 E.01407
;WIDTH:0.457772
G1 X106.226 Y137.05 E.0066
;WIDTH:0.424212
G2 X106.209 Y137.267 I3.99 J.424 E.00667
;WIDTH:0.397021
G2 X106.21 Y138.091 I11.066 J.398 E.02355
;WIDTH:0.425768
G1 X106.226 Y138.288 E.00609
;WIDTH:0.459758
G2 X106.245 Y138.508 I4.055 J-.231 E.00743
;WIDTH:0.478887
G1 X106.294 Y138.867 E.01274
G1 X106.529 Y139.231 F18000
;TYPE:Internal solid infill
;WIDTH:0.419999
G1 F6000
G1 X106.215 Y139.273 E.00962
G1 X106.215 Y141.257 E.06034
G1 X107.919 Y141.257 E.0518
G1 X107.796 Y140.954 E.00993
G1 X107.857 Y140.829 E.00423
G1 X107.243 Y140.309 E.02449
G1 X106.74 Y139.655 E.0251
G1 X106.556 Y139.284 E.01258
G1 X106.599 Y140.104 F18000
;WIDTH:0.433076
G1 F6000
G1 X106.599 Y140.874 E.02422
G1 X107.314 Y140.874 E.02251
G1 X106.909 Y140.512 E.0171
G1 X106.635 Y140.152 E.01424
G1 X108.455 Y140.961 F18000
;TYPE:Gap infill
;WIDTH:0.440418
G1 F6000
G1 X108.593 Y141.239 E.00993
G1 X108.723 Y141.26 E.00422
;WIDTH:0.393209
G1 X108.853 Y141.281 E.00372
;WIDTH:0.350578
G1 X108.983 Y141.302 E.00327
;WIDTH:0.305407
G1 X109.195 Y141.326 E.00451
;WIDTH:0.26096
G1 X109.392 Y141.347 E.00348
;WIDTH:0.209369
G2 X109.795 Y141.37 I.61 J-7.41 E.00543
G1 X110.598 Y141.348 E.01078
;WIDTH:0.259825
G1 X110.805 Y141.326 E.00364
;WIDTH:0.303698
G1 X111.001 Y141.305 E.00416
;WIDTH:0.348109
G1 X111.147 Y141.281 E.00363
;WIDTH:0.39321
G1 X111.277 Y141.26 E.00372
;WIDTH:0.435841
G1 X111.407 Y141.239 E.00418
;WIDTH:0.432743
G1 X111.545 Y140.961 E.00974
G1 X113.482 Y139.232 F18000
;TYPE:Internal solid infill
;WIDTH:0.419999
G1 F6000
G1 X113.051 Y139.963 E.02581
G1 X112.487 Y140.565 E.02511
G1 X112.115 Y140.826 E.01382
G1 X112.2 Y140.955 E.0047
G1 X112.077 Y141.257 E.00992
G1 X113.785 Y141.257 E.05193
G1 X113.785 Y139.273 E.06034
G1 X113.541 Y139.24 E.00746
G1 X113.397 Y140.142 F18000
;WIDTH:0.441794
G1 F6000
G3 X112.725 Y140.869 I-7.758 J-6.487 E.03186
G1 X113.397 Y140.869 E.0216
G1 X113.397 Y140.202 E.02147
G1 X113.706 Y138.867 F18000
;TYPE:Gap infill
;WIDTH:0.494822
G1 F6000
G2 X113.758 Y138.484 I-7.054 J-1.144 E.01407
;WIDTH:0.457781
G1 X113.774 Y138.288 E.0066
;WIDTH:0.424233
G2 X113.791 Y138.071 I-3.994 J-.424 E.00667
;WIDTH:0.397034
G2 X113.79 Y137.247 I-11.06 J-.398 E.02355
;WIDTH:0.425792
G1 X113.774 Y137.05 E.00609
;WIDTH:0.459771
G2 X113.755 Y136.831 I-4.054 J.231 E.00742
;WIDTH:0.478892
G1 X113.706 Y136.471 E.01274
G1 X112.564 Y134.864 F18000
;TYPE:Internal solid infill
;WIDTH:0.419999
G1 F6000
G1 X112.785 Y135.059 E.00896
G1 X113.26 Y135.684 E.02387
G1 X113.471 Y136.108 E.0144
G1 X113.785 Y136.065 E.00962
G1 X113.785 Y134.864 E.03653
G1 X112.624 Y134.864 E.03529
G1 X113.428 Y135.203 F18000
;WIDTH:0.426464
G1 F6000
G1 X113.356 Y135.244 E.00257
G1 X113.418 Y135.28 E.0022
; stop printing object LEG id:18398695746277035084 copy 0
;LAYER_CHANGE
;Z:1.44
;HEIGHT:0.2
G92 E0 ; zero the extruded length again
; BEFORE_LAYER_CHANGE 6 @ 1.44mm
G1 E-2.34598 F6000
;WIPE_START
G1 X113.356 Y135.244 E-.07098
G1 X113.428 Y135.203 E-.08304
;WIPE_END
; AFTER_LAYER_CHANGE 6 @ 1.44mm
;_SET_FAN_SPEED_CHANGING_LAYER
; printing object LEG id:18398695746277035084 copy 0
G1 X115.79 Y125.97 Z1.44 F18000
G1 E2.5 F6000
M204 P1000
;TYPE:Outer wall
;WIDTH:0.42
G1 F3600
G1 X115.79 Y143.345 E.52845
G1 X104.21 Y143.345 E.35219
G1 X104.21 Y125.97 E.52845
G3 X102.948 Y125.617 I-.086 J-2.127 E.04051
G3 X102.21 Y124.164 I1.073 J-1.459 E.05142
G1 X102.21 Y84.325 E1.21164
G3 X111.215 Y76.627 I7.808 J.018 E.40902
G1 X111.26 Y76.632 E.00138
G3 X117.79 Y84.325 I-1.269 J7.694 E.33375
G1 X117.79 Y124.164 E1.21164
G3 X116.187 Y125.949 I-1.819 J-.021 E.07968
G1 X115.85 Y125.967 E.01027
G1 X115.398 Y125.62 F18000
M204 P1500
;TYPE:Inner wall
;WIDTH:0.45
G1 F6000
G1 X115.398 Y142.953 E.5691
G1 X104.602 Y142.953 E.35446
G1 X104.602 Y125.598 E.56983
G1 X103.854 Y125.559 E.0246
G3 X102.602 Y124.153 I.169 J-1.411 E.06753
G1 X102.602 Y84.335 E1.30736
G3 X111.173 Y77.017 I7.417 J.008 E.4203
G1 X111.197 Y77.02 E.00079
G3 X117.398 Y84.335 I-1.206 J7.308 E.3425
G1 X117.398 Y124.153 E1.30735
G3 X116.146 Y125.559 I-1.421 J-.006 E.06753
G1 X115.436 Y125.596 E.02336
G1 E-1.75
;WIPE_START
G1 X115.433 Y126.596 E-.75
;WIPE_END
G1 X103.69 Y114.629 F18000
G1 E2.5 F6000
M204 P1000
;TYPE:Outer wall
;WIDTH:0.42
G1 F3600
G1 X103.69 Y84.311 E.92209
G3 X109.658 Y78.018 I6.31 J.008 E.29082
G3 X116.31 Y84.311 I.335 J6.308 E.31151
G1 X116.31 Y114.629 E.92209
G1 X103.75 Y114.629 E.382
G1 X103.298 Y114.629 F18000
M204 P1500
;TYPE:Inner wall
;WIDTH:0.45
G1 F6000
G1 X103.298 Y84.3 E.9958
G3 X109.637 Y77.626 I6.702 J.018 E.33315
G3 X116.702 Y84.3 I.354 J6.701 E.35685
G1 X116.702 Y115.021 E1.00868
G1 X103.298 Y115.021 E.4401
G1 X103.298 Y114.689 E.0109
G1 E-1.75
;WIPE_START
G1 X103.298 Y113.689 E-.75
;WIPE_END
G1 X114.991 Y125.257 F18000
G1 E2.5 F6000
G1 X114.991 Y142.546 E.56766
G1 X105.009 Y142.546 E.32773
G1 X105.009 Y125.211 E.56915
G1 X103.897 Y125.153 E.03658
G3 X103.009 Y124.143 I.121 J-1.001 E.04833
G1 X103.009 Y115.428 E.28612
G1 X116.991 Y115.428 E.45907
G1 X116.991 Y124.143 E.28612
G3 X116.103 Y125.153 I-1.008 J.01 E.04834
G1 X115.005 Y125.211 E.0361
G1 X114.584 Y124.894 F18000
G1 F6000
G1 X114.584 Y142.139 E.56622
G1 X105.416 Y142.139 E.301
G1 X105.416 Y124.825 E.56847
G1 X103.939 Y124.748 E.04856
G3 X103.416 Y124.132 I.073 J-.592 E.02914
G1 X103.416 Y115.835 E.27241
G1 X116.584 Y115.835 E.43233
G1 X116.584 Y124.132 E.27241
G3 X116.061 Y124.748 I-.595 J.024 E.02915
G1 X114.584 Y124.825 E.04856
G1 X114.584 Y124.834 E.00028
G1 E-1.75
;WIPE_START
G1 X114.584 Y125.834 E-.75
;WIPE_END
G1 X112.466 Y116.996 F18000
G1 E2.5 F6000
G1 X112.409 Y116.913 E.00331
G2 X112.197 Y116.663 I-2.409 J1.829 E.01076
G1 X111.753 Y116.242 E.02008
G1 X116.177 Y116.242 E.14525
G1 X116.177 Y124.121 E.25869
G3 X116.018 Y124.342 I-.185 J.035 E.00998
G1 X114.177 Y124.439 E.06055
G1 X114.177 Y141.732 E.56779
G1 X105.823 Y141.732 E.27427
G1 X105.823 Y124.439 E.56779
G1 X103.982 Y124.342 E.06055
G1 X103.883 Y124.299 E.00353
G1 X103.83 Y124.205 E.00354
G3 X103.823 Y124.121 I.396 J-.072 E.00277
G1 X103.823 Y116.242 E.25869
G1 X108.247 Y116.242 E.14525
G1 X107.803 Y116.663 E.02008
G2 X112.593 Y117.184 I2.197 J2.078 E.44091
G1 X112.499 Y117.046 E.00548
G1 E-1.75
;WIPE_START
G1 X112.409 Y116.913 E-.12051
G1 X112.197 Y116.663 E-.24574
G1 X111.826 Y116.311 E-.38375
;WIPE_END
G1 X110.669 Y139.349 F18000
G1 E2.5 F6000
M204 P1000
;TYPE:Outer wall
;WIDTH:0.42
G1 F3600
G3 X109.707 Y135.883 I-.669 J-1.681 E.18477
G1 X109.902 Y135.861 E.00596
G3 X110.724 Y139.326 I.098 J1.806 E.15316
G1 X110.795 Y139.723 F18000
M204 P1500
;TYPE:Inner wall
;WIDTH:0.45
G1 F6000
G1 X110.589 Y139.789 E.00713
G3 X109.644 Y135.495 I-.589 J-2.121 E.23491
G1 X109.881 Y135.469 E.00783
G3 X110.85 Y139.698 I.119 J2.198 E.20233
G1 X110.925 Y140.108 F18000
G1 F6000
G1 X110.697 Y140.181 E.00786
G3 X109.578 Y135.093 I-.698 J-2.514 E.27837
G1 X109.859 Y135.062 E.00928
G3 X110.981 Y140.085 I.141 J2.605 E.24072
G1 X111.055 Y140.494 F18000
G1 F6000
G1 X110.806 Y140.573 E.00858
G3 X109.512 Y134.69 I-.807 J-2.906 E.32184
G1 X109.837 Y134.655 E.01073
G3 X111.116 Y140.469 I.163 J3.012 E.27895
G1 X111.111 Y140.471 E.00017
G1 X111.185 Y140.88 F18000
G1 F6000
G1 X110.915 Y140.966 E.0093
G3 X109.446 Y134.288 I-.916 J-3.299 E.36531
G1 X109.815 Y134.248 E.01218
G3 X111.266 Y140.847 I.185 J3.419 E.31662
G1 X111.241 Y140.857 E.0009
G1 E-1.75
;WIPE_START
G1 X110.915 Y140.966 E-.25742
G1 X110.554 Y141.05 E-.27804
G1 X110.27 Y141.081 E-.21453
;WIPE_END
G1 X111.129 Y117.901 F18000
G1 E2.5 F6000
M204 P1000
;TYPE:Outer wall
;WIDTH:0.42
G1 F3600
G1 X111.279 Y118.152 E.00889
G3 X109.772 Y117.352 I-1.28 J.591 E.21358
G1 X109.924 Y117.336 E.00465
G3 X111.093 Y117.854 I.076 J1.407 E.04038
G1 X111.464 Y117.7 F18000
M204 P1500
;TYPE:Inner wall
;WIDTH:0.45
G1 F6000
G1 X111.636 Y117.987 E.01099
G3 X109.708 Y116.965 I-1.636 J.755 E.29476
G1 X109.902 Y116.944 E.00641
G3 X111.432 Y117.65 I.097 J1.799 E.05755
G1 X111.792 Y117.453 F18000
G1 F6000
G1 X111.893 Y117.605 E.006
G3 X109.642 Y116.562 I-1.894 J1.138 E.36926
G1 X109.88 Y116.537 E.00786
G3 X111.757 Y117.404 I.119 J2.206 E.07064
G1 X112.129 Y117.225 F18000
G1 F6000
G1 X112.243 Y117.395 E.00672
G3 X109.576 Y116.16 I-2.243 J1.347 E.43736
G1 X109.858 Y116.13 E.00931
G3 X112.084 Y117.16 I.141 J2.613 E.08381
G1 X112.094 Y117.175 E.00061
G1 E-1.75
;WIPE_START
G1 X112.243 Y117.395 E-.19859
G1 X112.376 Y117.645 E-.21264
G1 X112.481 Y117.908 E-.21262
G1 X112.526 Y118.07 E-.12615
;WIPE_END
G1 X111.538 Y116.353 F18000
G1 E2.5 F6000
M204 P2000
;TYPE:Gap infill
;WIDTH:0.120416
G1 X111.343 Y116.205 E.00153
;WIDTH:0.157192
G1 X111.221 Y116.122 E.00136
;WIDTH:0.170052
G1 X111.099 Y116.039 E.00151
G1 X110.935 Y116.062 F18000
;WIDTH:0.129801
G1 F6000
G3 X111.346 Y116.137 I-1.174 J7.544 E.00292
G1 X109.067 Y116.061 F18000
;WIDTH:0.122254
G1 F6000
G2 X108.653 Y116.138 I1.302 J8.193 E.00269
G1 X108.652 Y116.208 F18000
;WIDTH:0.142824
G1 F6000
G1 X108.462 Y116.353 E.00193
G1 X108.652 Y116.208 F18000
;WIDTH:0.156684
G1 F6000
G1 X108.779 Y116.122 E.0014
;WIDTH:0.182899
G1 X108.901 Y116.039 E.00167
G1 X107.337 Y116.635 F18000
;TYPE:Internal solid infill
;WIDTH:0.419999
G1 F6000
G1 X104.216 Y116.635 E.09493
G1 X104.219 Y120.54 E.11878
G1 X107.094 Y120.54 E.08743
G1 X106.77 Y119.863 E.02283
G1 X106.605 Y119.134 E.02273
G1 X106.6 Y118.395 E.02248
G1 X106.755 Y117.672 E.02248
G1 X107.061 Y117 E.02248
G1 X107.301 Y116.682 E.01209
G1 X106.64 Y117.012 F18000
G1 F6000
G1 X104.593 Y117.012 E.06226
G1 X104.596 Y120.163 E.09585
G1 X106.494 Y120.163 E.05774
G1 X106.389 Y119.905 E.00847
G1 X106.237 Y119.215 E.02149
G1 X106.223 Y118.395 E.02495
G1 X106.387 Y117.591 E.02494
G1 X106.616 Y117.067 E.01742
G1 X106.059 Y117.389 F18000
G1 F6000
G1 X104.97 Y117.389 E.03312
G1 X104.972 Y119.786 E.07291
G1 X105.976 Y119.786 E.03054
G1 X105.868 Y119.296 E.01525
G1 X105.846 Y118.395 E.02743
G1 X106.04 Y117.446 E.02947
G1 X105.45 Y117.867 F18000
;WIDTH:0.602703
G1 F6000
G1 X105.429 Y118.131 E.01194
;WIDTH:0.550241
G2 X105.417 Y119.278 I11.74 J.695 E.04695
G1 X107.636 Y120.881 F18000
;WIDTH:0.422154
G1 F6000
G1 X104.16 Y120.881 E.1063
G1 X104.161 Y121.26 E.0116
G1 X107.777 Y121.26 E.11063
G2 X108.304 Y121.639 I2.41 J-2.792 E.01988
G1 X104.161 Y121.639 E.12673
G1 X104.161 Y122.018 E.0116
G1 X115.839 Y122.018 E.35719
G1 X115.839 Y122.398 E.0116
G1 X104.161 Y122.398 E.35717
G1 X104.162 Y122.777 E.0116
G1 X115.838 Y122.777 E.35715
G1 X115.838 Y123.156 E.0116
G1 X104.162 Y123.156 E.35714
G1 X104.162 Y123.535 E.0116
G1 X115.838 Y123.535 E.35712
G1 X115.837 Y123.915 E.0116
G1 X104.163 Y123.915 E.3571
G1 X104.163 Y124.018 E.00317
G1 X106.157 Y124.123 E.06107
G1 X106.157 Y124.294 E.00524
G1 X113.843 Y124.294 E.23512
G1 X113.843 Y124.673 E.0116
G1 X106.157 Y124.673 E.23512
G1 X106.157 Y125.052 E.0116
G1 X113.843 Y125.052 E.23512
G1 X113.843 Y125.431 E.0116
G1 X106.157 Y125.431 E.23512
G1 X106.157 Y125.811 E.0116
G1 X113.843 Y125.811 E.23512
G1 X113.843 Y126.19 E.0116
G1 X106.157 Y126.19 E.23512
G1 X106.157 Y126.569 E.0116
G1 X113.843 Y126.569 E.23512
G1 X113.843 Y126.948 E.0116
G1 X106.157 Y126.948 E.23512
G1 X106.157 Y127.328 E.0116
G1 X113.843 Y127.328 E.23512
G1 X113.843 Y127.707 E.0116
G1 X106.157 Y127.707 E.23512
G1 X106.157 Y128.086 E.0116
G1 X113.843 Y128.086 E.23512
G1 X113.843 Y128.465 E.0116
G1 X106.157 Y128.465 E.23512
G1 X106.157 Y128.845 E.0116
G1 X113.843 Y128.845 E.23512
G1 X113.843 Y129.224 E.0116
G1 X106.157 Y129.224 E.23512
G1 X106.157 Y129.603 E.0116
G1 X113.843 Y129.603 E.23512
G1 X113.843 Y129.982 E.0116
G1 X106.157 Y129.982 E.23512
G1 X106.157 Y130.361 E.0116
G1 X113.843 Y130.361 E.23512
G1 X113.843 Y130.741 E.0116
G1 X106.157 Y130.741 E.23512
G1 X106.157 Y131.12 E.0116
G1 X113.843 Y131.12 E.23512
G1 X113.843 Y131.499 E.0116
G1 X106.157 Y131.499 E.23512
G1 X106.157 Y131.878 E.0116
G1 X113.843 Y131.878 E.23512
G1 X113.843 Y132.258 E.0116
G1 X106.157 Y132.258 E.23512
G1 X106.157 Y132.637 E.0116
G1 X113.843 Y132.637 E.23512
G1 X113.843 Y133.016 E.0116
G1 X106.157 Y133.016 E.23512
G1 X106.157 Y133.395 E.0116
G1 X113.843 Y133.395 E.23512
G1 X113.843 Y133.775 E.0116
G1 X105.987 Y133.775 E.24031
G1 X106.294 Y136.471 F18000
;TYPE:Gap infill
;WIDTH:0.494816
G1 F6000
G2 X106.242 Y136.854 I7.051 J1.144 E.01407
;WIDTH:0.457772
G1 X106.226 Y137.05 E.0066
;WIDTH:0.424212
G2 X106.209 Y137.267 I3.99 J.424 E.00667
;WIDTH:0.397021
G2 X106.21 Y138.091 I11.066 J.398 E.02355
;WIDTH:0.425768
G1 X106.226 Y138.288 E.00609
;WIDTH:0.459758
G2 X106.245 Y138.508 I4.055 J-.231 E.00743
;WIDTH:0.478887
G1 X106.294 Y138.867 E.01274
G1 X106.529 Y139.231 F18000
;TYPE:Internal solid infill
;WIDTH:0.419999
G1 F6000
G1 X106.215 Y139.273 E.00962
G1 X106.215 Y141.34 E.06285
G1 X108.139 Y141.34 E.05851
G1 X108.191 Y141.021 E.00982
G1 X107.841 Y140.817 E.01233
G1 X107.243 Y140.309 E.02387
G1 X106.74 Y139.655 E.0251
G1 X106.556 Y139.284 E.01258
G1 X106.611 Y140.139 F18000
;WIDTH:0.456914
G1 F6000
G1 X106.611 Y140.944 E.02688
G1 X107.379 Y140.944 E.02565
G1 X106.986 Y140.611 E.01721
G1 X106.648 Y140.186 E.01812
G1 X108.547 Y141.273 F18000
;TYPE:Gap infill
;WIDTH:0.447809
G1 F6000
G1 X108.759 Y141.308 E.00699
;WIDTH:0.430961
G1 X108.97 Y141.343 E.0067
;WIDTH:0.389531
G2 X109.186 Y141.367 I.551 J-3.97 E.00609
;WIDTH:0.344566
G1 X109.383 Y141.388 E.00481
;WIDTH:0.292168
G2 X110.602 Y141.389 I.618 J-8.402 E.02454
;WIDTH:0.342958
G1 X110.814 Y141.367 E.00515
;WIDTH:0.387305
G1 X111.01 Y141.345 E.00549
;WIDTH:0.429278
G2 X111.241 Y141.308 I-.576 J-4.296 E.0073
;WIDTH:0.464655
G1 X111.453 Y141.273 E.00728
G1 X113.471 Y139.231 F18000
;TYPE:Internal solid infill
;WIDTH:0.419999
G1 F6000
G1 X113.26 Y139.655 E.01441
G1 X112.785 Y140.28 E.02387
G1 X112.159 Y140.817 E.02511
G1 X111.809 Y141.021 E.01233
G1 X111.861 Y141.34 E.00982
G1 X113.785 Y141.34 E.05851
G1 X113.785 Y139.273 E.06285
G1 X113.531 Y139.239 E.0078
G1 X113.389 Y140.139 F18000
;WIDTH:0.45692
G1 F6000
G1 X113.039 Y140.588 E.019
G1 X112.621 Y140.944 E.01835
G1 X113.389 Y140.944 E.02566
G1 X113.389 Y140.199 E.02488
G1 X113.706 Y138.867 F18000
;TYPE:Gap infill
;WIDTH:0.494821
G1 F6000
G2 X113.758 Y138.484 I-7.055 J-1.144 E.01407
;WIDTH:0.457781
G1 X113.774 Y138.288 E.0066
;WIDTH:0.424233
G2 X113.791 Y138.071 I-3.994 J-.424 E.00667
;WIDTH:0.397035
G2 X113.79 Y137.247 I-11.059 J-.398 E.02355
;WIDTH:0.425795
G1 X113.774 Y137.05 E.00609
;WIDTH:0.459775
G2 X113.755 Y136.831 I-4.058 J.231 E.00742
;WIDTH:0.478895
G1 X113.706 Y136.471 E.01274
G1 X112.713 Y134.494 F18000
;TYPE:Internal solid infill
;WIDTH:0.423861
G1 F6000
G1 X113.087 Y134.829 E.01544
G1 X113.406 Y135.248 E.01617
G1 X113.406 Y134.494 E.02317
G1 X112.773 Y134.494 E.01944
G1 X110.609 Y134.008 F18000
;WIDTH:0.416782
G1 F6000
G1 X111.394 Y134.115 E.02389
G1 X112.125 Y134.498 E.02489
G1 X112.757 Y135.029 E.02489
G1 X113.26 Y135.684 E.02489
G1 X113.471 Y136.108 E.01428
G1 X113.785 Y136.065 E.00954
G1 X113.785 Y134.115 E.0588
G1 X111.436 Y134.115 E.07083
G1 X110.669 Y134.016 E.02332
G1 X109.008 Y134.05 F18000
;WIDTH:0.38292
G1 F6000
G3 X110.549 Y134.006 I.976 J7.124 E.04238
G1 X108.661 Y134.115 F18000
;WIDTH:0.419999
G1 F6000
G1 X106.215 Y134.115 E.07439
G1 X106.215 Y136.065 E.05931
G1 X106.518 Y136.106 E.00929
G1 X106.949 Y135.375 E.02581
G1 X107.513 Y134.773 E.02511
G1 X108.194 Y134.306 E.02511
G1 X108.606 Y134.138 E.01353
G1 X107.248 Y134.498 F18000
;WIDTH:0.432142
G1 F6000
G1 X106.599 Y134.498 E.02039
G1 X106.599 Y135.214 E.02247
G3 X107.207 Y134.542 I7.315 J6.006 E.02847
G1 X111.329 Y121.639 F18000
;WIDTH:0.422154
G1 F6000
G1 X115.839 Y121.639 E.13797
G1 X115.839 Y121.26 E.0116
G1 X112.223 Y121.26 E.11063
G2 X112.587 Y120.881 I-1.562 J-1.866 E.01612
G1 X116.009 Y120.881 E.10468
G1 X114.572 Y119.33 F18000
;WIDTH:0.563872
G1 F6000
G1 X114.586 Y119.029 E.01266
;WIDTH:0.536328
G1 X114.6 Y118.728 E.01199
;WIDTH:0.543497
G1 X114.58 Y118.325 E.01632
;WIDTH:0.564438
G1 X114.56 Y117.921 E.017
G1 X113.926 Y117.389 F18000
;WIDTH:0.419999
G1 F6000
G1 X114.089 Y117.924 E.01701
G1 X114.166 Y118.624 E.02142
G3 X114.032 Y119.786 I-5.957 J-.098 E.03563
G1 X115.028 Y119.786 E.03028
G1 X115.03 Y117.389 E.07291
G1 X113.986 Y117.389 E.03172
G1 X113.365 Y117.012 F18000
G1 F6000
G1 X113.468 Y117.207 E.00672
G1 X113.69 Y117.869 E.02124
G1 X113.791 Y118.665 E.02441
G3 X113.69 Y119.619 I-8.213 J-.386 E.02919
G1 X113.507 Y120.163 E.01746
G1 X115.404 Y120.163 E.0577
G1 X115.407 Y117.012 E.09585
G1 X113.425 Y117.012 E.06027
G1 X112.687 Y116.635 F18000
G1 F6000
G1 X113.093 Y117.291 E.02347
G1 X113.333 Y117.99 E.02247
G1 X113.416 Y118.707 E.02195
G1 X113.342 Y119.458 E.02297
G1 X113.11 Y120.161 E.02249
G1 X112.883 Y120.54 E.01346
G1 X115.781 Y120.54 E.08815
G1 X115.784 Y116.635 E.11878
G1 X112.747 Y116.635 E.09237
G1 X117.05 Y115.225 F18000
;TYPE:Gap infill
;WIDTH:0.330911
G1 F6000
G1 X117.05 Y84.345 E.71728
G1 X117.009 Y83.557 E.01833
G1 X116.885 Y82.804 E.01773
G1 X116.681 Y82.068 E.01773
G1 X116.395 Y81.352 E.01791
G2 X102.95 Y84.345 I-6.395 J2.967 E.44391
G1 X102.95 Y115.225 E.71728
; stop printing object LEG id:18398695746277035084 copy 0
;LAYER_CHANGE
;Z:1.64
;HEIGHT:0.2
G92 E0 ; zero the extruded length again
; BEFORE_LAYER_CHANGE 7 @ 1.64mm
G1 E-1.75 F6000
;WIPE_START
G1 X102.95 Y114.225 E-.75
;WIPE_END
; AFTER_LAYER_CHANGE 7 @ 1.64mm
;_SET_FAN_SPEED_CHANGING_LAYER
; printing object LEG id:18398695746277035084 copy 0
G1 X115.79 Y125.971 Z1.64 F18000
G1 E2.5 F6000
M204 P1000
;TYPE:Outer wall
;WIDTH:0.42
G1 F3600
G1 X115.79 Y143.404 E.53018
G1 X104.21 Y143.404 E.35219
G1 X104.21 Y125.97 E.53022
G3 X102.948 Y125.617 I-.086 J-2.127 E.04051
G3 X102.21 Y124.164 I1.073 J-1.459 E.05142
G1 X102.21 Y84.325 E1.21164
G3 X111.207 Y76.626 I7.79 J-.003 E.40909
G1 X111.26 Y76.632 E.00163
G3 X117.79 Y84.325 I-1.297 J7.719 E.3335
G1 X117.79 Y124.164 E1.21164
G3 X116.202 Y125.947 I-1.818 J-.021 E.07923
G1 X115.85 Y125.968 E.01072
G1 X115.398 Y125.613 F18000
M204 P1500
;TYPE:Inner wall
;WIDTH:0.45
G1 F6000
G1 X115.398 Y143.012 E.57125
G1 X104.602 Y143.012 E.35446
G1 X104.602 Y125.598 E.57175
G1 X103.854 Y125.559 E.0246
G3 X102.602 Y124.153 I.169 J-1.411 E.06753
G1 X102.602 Y84.335 E1.30736
G3 X111.164 Y77.016 I7.403 J-.008 E.42029
G1 X111.197 Y77.02 E.00106
G3 X117.398 Y84.335 I-1.233 J7.331 E.34224
G1 X117.398 Y124.153 E1.30735
G3 X116.159 Y125.556 I-1.42 J-.005 E.06709
G1 X115.447 Y125.599 E.02344
G1 E-1.75
;WIPE_START
G1 X115.444 Y126.599 E-.75
;WIPE_END
G1 X103.69 Y114.629 F18000
G1 E2.5 F6000
M204 P1000
;TYPE:Outer wall
;WIDTH:0.42
G1 F3600
G1 X103.69 Y84.311 E.92209
G3 X109.658 Y78.018 I6.31 J.008 E.29082
G3 X116.31 Y84.311 I.334 J6.309 E.3115
G1 X116.31 Y114.629 E.92209
G1 X103.75 Y114.629 E.382
G1 X103.298 Y114.629 F18000
M204 P1500
;TYPE:Inner wall
;WIDTH:0.45
G1 F6000
G1 X103.298 Y84.3 E.9958
G3 X109.637 Y77.626 I6.702 J.018 E.33315
G3 X116.702 Y84.3 I.354 J6.702 E.35684
G1 X116.702 Y115.021 E1.00868
G1 X103.298 Y115.021 E.4401
G1 X103.298 Y114.689 E.0109
G1 E-1.75
;WIPE_START
G1 X103.298 Y113.689 E-.75
;WIPE_END
G1 X114.991 Y125.241 F18000
G1 E2.5 F6000
G1 X114.991 Y142.604 E.57009
G1 X105.009 Y142.604 E.32773
G1 X105.009 Y125.211 E.57107
G1 X103.897 Y125.153 E.03658
G3 X103.009 Y124.143 I.121 J-1.001 E.04833
G1 X103.009 Y115.428 E.28612
G1 X116.991 Y115.428 E.45907
G1 X116.991 Y124.143 E.28612
G3 X116.115 Y125.151 I-1.007 J.01 E.04794
G1 X115.028 Y125.216 E.03576
G1 X114.584 Y124.869 F18000
G1 F6000
G1 X114.584 Y142.197 E.56894
G1 X105.416 Y142.197 E.301
G1 X105.416 Y124.825 E.57039
G1 X103.939 Y124.748 E.04856
G3 X103.416 Y124.132 I.073 J-.592 E.02914
G1 X103.416 Y115.835 E.27241
G1 X116.584 Y115.835 E.43233
G1 X116.584 Y124.132 E.27241
G3 X116.071 Y124.746 I-.595 J.024 E.0288
G1 X114.609 Y124.833 E.04808
G1 E-1.75
;WIPE_START
G1 X114.608 Y125.833 E-.75
;WIPE_END
G1 X112.47 Y117.003 F18000
G1 E2.5 F6000
G1 X112.409 Y116.913 E.00357
G2 X112.197 Y116.663 I-2.408 J1.829 E.01076
G1 X111.753 Y116.242 E.02008
G1 X116.177 Y116.242 E.14525
G1 X116.177 Y124.121 E.25869
G3 X116.032 Y124.341 I-.185 J.035 E.00955
G1 X114.177 Y124.451 E.06102
G1 X114.177 Y141.79 E.56929
G1 X105.823 Y141.79 E.27427
G1 X105.823 Y124.439 E.56971
G1 X103.982 Y124.342 E.06055
G1 X103.883 Y124.299 E.00353
G1 X103.83 Y124.205 E.00354
G3 X103.823 Y124.121 I.396 J-.072 E.00277
G1 X103.823 Y116.242 E.25869
G1 X108.242 Y116.242 E.14509
G1 X107.791 Y116.677 E.02057
G2 X112.593 Y117.184 I2.21 J2.065 E.44027
G1 X112.504 Y117.052 E.00522
G1 E-1.75
;WIPE_START
G1 X112.409 Y116.913 E-.12645
G1 X112.197 Y116.663 E-.24574
G1 X111.831 Y116.317 E-.37781
;WIPE_END
G1 X110.67 Y139.351 F18000
G1 E2.5 F6000
M204 P1000
;TYPE:Outer wall
;WIDTH:0.42
G1 F3600
G1 X110.669 Y139.349 E.00008
G3 X109.707 Y135.883 I-.669 J-1.681 E.18477
G1 X109.902 Y135.861 E.00596
G3 X111.015 Y139.166 I.098 J1.806 E.14307
G1 X110.723 Y139.322 E.01006
G1 X110.835 Y139.707 F18000
M204 P1500
;TYPE:Inner wall
;WIDTH:0.45
G1 F6000
G1 X110.814 Y139.713 E.00071
G3 X109.644 Y135.495 I-.815 J-2.045 E.24273
G1 X109.881 Y135.469 E.00783
G3 X111.03 Y139.613 I.119 J2.198 E.19577
G1 X110.889 Y139.681 E.00515
G1 X111.006 Y140.076 F18000
G1 F6000
G1 X110.965 Y140.091 E.00143
G3 X109.578 Y135.093 I-.965 J-2.424 E.28765
G1 X109.859 Y135.062 E.00928
G3 X111.221 Y139.973 I.141 J2.605 E.232
G1 X111.06 Y140.05 E.00588
G1 X111.055 Y140.494 F18000
G1 F6000
G1 X110.806 Y140.573 E.00857
G3 X109.512 Y134.69 I-.807 J-2.906 E.32184
G1 X109.837 Y134.655 E.01073
G3 X111.116 Y140.469 I.163 J3.012 E.27895
G1 X111.111 Y140.471 E.00018
G1 X111.185 Y140.88 F18000
G1 F6000
G1 X110.915 Y140.966 E.00929
G3 X109.446 Y134.288 I-.916 J-3.299 E.36531
G1 X109.815 Y134.248 E.01218
G3 X111.266 Y140.847 I.185 J3.419 E.31662
G1 X111.241 Y140.858 E.00091
G1 E-1.75
;WIPE_START
G1 X110.915 Y140.966 E-.25721
G1 X110.554 Y141.05 E-.27805
G1 X110.27 Y141.081 E-.21474
;WIPE_END
G1 X111.129 Y117.913 F18000
G1 E2.5 F6000
M204 P1000
;TYPE:Outer wall
;WIDTH:0.42
G1 F3600
G1 X111.208 Y118.017 E.00398
G3 X109.772 Y117.352 I-1.208 J.726 E.21822
G1 X109.924 Y117.336 E.00464
G3 X111.024 Y117.775 I.076 J1.407 E.03717
G1 X111.093 Y117.865 E.00347
G1 X111.44 Y117.677 F18000
M204 P1500
;TYPE:Inner wall
;WIDTH:0.45
G1 F6000
G1 X111.544 Y117.815 E.00569
G3 X109.708 Y116.965 I-1.545 J.928 E.30117
G1 X109.902 Y116.944 E.00641
G3 X111.309 Y117.505 I.097 J1.799 E.0513
G1 X111.404 Y117.629 E.00514
G1 X111.796 Y117.46 F18000
G1 F6000
G1 X111.893 Y117.605 E.00574
G3 X109.642 Y116.562 I-1.894 J1.138 E.36926
G1 X109.88 Y116.537 E.00786
G3 X111.759 Y117.407 I.119 J2.206 E.07076
G1 X111.762 Y117.41 E.00015
G1 X112.133 Y117.231 F18000
G1 F6000
G1 X112.243 Y117.395 E.00646
G3 X109.576 Y116.16 I-2.243 J1.347 E.43736
G1 X109.858 Y116.13 E.00931
G3 X112.084 Y117.16 I.141 J2.613 E.08381
G1 X112.099 Y117.182 E.00087
G1 E-1.75
;WIPE_START
G1 X112.243 Y117.395 E-.19266
G1 X112.376 Y117.645 E-.21263
G1 X112.481 Y117.908 E-.21262
G1 X112.529 Y118.078 E-.13209
;WIPE_END
G1 X111.538 Y116.353 F18000
G1 E2.5 F6000
M204 P2000
;TYPE:Gap infill
;WIDTH:0.120408
G1 X111.343 Y116.205 E.00153
;WIDTH:0.157179
G1 X111.221 Y116.122 E.00136
;WIDTH:0.170042
G1 X111.099 Y116.039 E.00151
G1 X110.935 Y116.062 F18000
;WIDTH:0.12979
G1 F6000
G3 X111.346 Y116.137 I-1.174 J7.549 E.00292
G1 X109.065 Y116.062 F18000
;WIDTH:0.11935
G1 F6000
G2 X108.643 Y116.139 I1.212 J7.78 E.00265
G1 X108.655 Y116.202 F18000
;WIDTH:0.175362
G1 F6000
G1 X108.893 Y116.039 E.00308
G1 X108.655 Y116.202 F18000
;WIDTH:0.149798
G1 F6000
G1 X108.651 Y116.205 E.00005
;WIDTH:0.135969
G1 X108.548 Y116.284 E.00097
;WIDTH:0.122952
G1 X108.445 Y116.363 E.00083
G1 X105.42 Y119.335 F18000
;TYPE:Internal solid infill
;WIDTH:0.537917
G1 F6000
G1 X105.397 Y119.505 E.00685
;WIDTH:0.491394
G1 X105.373 Y119.675 E.0062
;WIDTH:0.44487
G1 X105.35 Y119.845 E.00556
;WIDTH:0.38059
G2 X105.327 Y120.18 I1.216 J.252 E.0092
G1 X105.715 Y120.18 E.01055
;WIDTH:0.39491
G1 X105.647 Y119.983 E.00593
;WIDTH:0.43456
G1 X105.58 Y119.785 E.0066
;WIDTH:0.474209
G1 X105.512 Y119.587 E.00727
;WIDTH:0.494035
G1 X105.445 Y119.389 E.00761
G1 X105.45 Y117.867 F18000
;WIDTH:0.602701
G1 F6000
G1 X105.429 Y118.131 E.01194
;WIDTH:0.550271
G2 X105.417 Y119.275 I11.803 J.697 E.04681
G1 X106.059 Y117.389 F18000
;WIDTH:0.419999
G1 F6000
G1 X104.97 Y117.389 E.03312
G1 X104.973 Y120.535 E.09569
G1 X106.252 Y120.535 E.0389
G1 X106.018 Y119.978 E.01837
G1 X105.868 Y119.296 E.02124
G1 X105.846 Y118.395 E.02741
G1 X106.04 Y117.446 E.02947
G1 X106.64 Y117.012 F18000
;WIDTH:0.419999
G1 F6000
G1 X104.593 Y117.012 E.06226
G1 X104.596 Y120.912 E.11863
G1 X106.903 Y120.912 E.07015
G1 X106.723 Y120.655 E.00953
G1 X106.426 Y120.013 E.02152
G1 X106.237 Y119.215 E.02496
G1 X106.223 Y118.395 E.02494
G1 X106.387 Y117.591 E.02494
G1 X106.616 Y117.067 E.01741
G1 X107.337 Y116.635 F18000
;WIDTH:0.419999
G1 F6000
G1 X104.216 Y116.635 E.09493
G1 X104.219 Y121.289 E.14157
G1 X107.745 Y121.289 E.10723
G1 X107.505 Y121.08 E.00968
G1 X107.087 Y120.532 E.02097
G1 X106.768 Y119.855 E.02276
G1 X106.605 Y119.134 E.02248
G1 X106.6 Y118.395 E.02247
G1 X106.755 Y117.672 E.02248
G1 X107.061 Y117 E.02248
G1 X107.301 Y116.682 E.01209
G1 X102.95 Y115.225 F18000
;TYPE:Gap infill
;WIDTH:0.330911
G1 F6000
G1 X102.95 Y84.345 E.71728
G3 X111.879 Y77.524 I7.05 J-.025 E.30199
G1 X112.609 Y77.77 E.01791
G1 X113.309 Y78.094 E.01791
G1 X113.956 Y78.484 E.01755
G1 X114.558 Y78.941 E.01755
G1 X115.123 Y79.477 E.01809
G1 X115.612 Y80.053 E.01755
G1 X116.037 Y80.678 E.01755
G1 X116.398 Y81.359 E.01791
G1 X116.681 Y82.068 E.01773
G1 X116.883 Y82.796 E.01755
G1 X117.009 Y83.557 E.01791
G1 X117.05 Y84.345 E.01833
G1 X117.05 Y115.225 E.71728
G1 X114.58 Y119.335 F18000
;TYPE:Internal solid infill
;WIDTH:0.55102
G1 F6000
G1 X114.591 Y118.395 E.03852
;WIDTH:0.561468
G1 X114.573 Y118.161 E.00981
;WIDTH:0.582092
G1 X114.555 Y117.927 E.0102
G1 X114.58 Y119.335 F18000
;WIDTH:0.537933
G1 F6000
G1 X114.521 Y119.496 E.00684
;WIDTH:0.491407
G1 X114.462 Y119.657 E.0062
;WIDTH:0.44488
G1 X114.403 Y119.818 E.00556
;WIDTH:0.380277
G2 X114.285 Y120.18 I2.691 J1.076 E.01039
G1 X114.673 Y120.18 E.01054
;WIDTH:0.394916
G1 X114.653 Y119.984 E.00561
;WIDTH:0.434566
G1 X114.633 Y119.787 E.00625
;WIDTH:0.474217
G1 X114.614 Y119.59 E.00688
;WIDTH:0.513868
G1 X114.594 Y119.394 E.00751
;WIDTH:0.533693
G1 X114.594 Y119.393 E.00002
G1 X113.941 Y117.389 F18000
;WIDTH:0.419999
G1 F6000
G3 X114.154 Y119.094 I-4.545 J1.434 E.05256
G1 X113.998 Y119.902 E.02503
G3 X113.748 Y120.535 I-2.4 J-.583 E.02076
G1 X115.027 Y120.535 E.03889
G1 X115.03 Y117.389 E.09569
G1 X114.001 Y117.389 E.03129
G1 X113.36 Y117.012 F18000
G1 F6000
G1 X113.574 Y117.475 E.01554
G3 X113.777 Y118.395 I-7.528 J2.139 E.02865
G1 X113.777 Y119.094 E.02126
G1 X113.63 Y119.821 E.02257
G1 X113.281 Y120.647 E.02726
G1 X113.096 Y120.912 E.00983
G1 X115.404 Y120.912 E.07017
G1 X115.407 Y117.012 E.11863
G1 X113.42 Y117.012 E.06044
G1 X112.663 Y116.635 F18000
G1 F6000
G1 X112.939 Y117 E.01392
G1 X113.232 Y117.634 E.02124
G3 X113.4 Y119.093 I-3.753 J1.17 E.04496
G1 X113.262 Y119.74 E.02011
G1 X112.939 Y120.489 E.02479
G1 X112.502 Y121.073 E.02219
G1 X112.257 Y121.289 E.00994
G1 X115.781 Y121.289 E.10717
G1 X115.784 Y116.635 E.14157
G1 X112.723 Y116.635 E.0931
G1 X115.833 Y124.189 F18000
;WIDTH:0.431813
G1 F6000
G1 X115.833 Y121.629 E.0803
G1 X115.444 Y121.629 E.0122
G1 X115.444 Y124.042 E.0757
G1 X115.056 Y124.065 E.01222
G1 X115.056 Y121.629 E.07643
G1 X114.667 Y121.629 E.0122
G1 X114.667 Y124.088 E.07715
G1 X114.278 Y124.112 E.01222
G1 X114.278 Y121.629 E.07788
G1 X113.889 Y121.629 E.0122
G1 X113.889 Y124.135 E.07861
G1 X113.843 Y124.137 E.00143
G1 X113.843 Y134.525 E.32581
G1 X113.5 Y134.525 E.01077
G1 X113.5 Y121.629 E.40451
G1 X113.111 Y121.629 E.0122
G1 X113.111 Y134.525 E.40451
G1 X112.722 Y134.525 E.0122
G1 X112.722 Y121.629 E.40451
G1 X112.333 Y121.629 E.0122
G1 X112.333 Y134.525 E.40451
G1 X112.056 Y134.525 E.0087
G1 X111.944 Y134.457 E.00409
G1 X111.944 Y121.629 E.4024
G1 X111.714 Y121.629 E.00724
G3 X111.556 Y121.721 I-.504 J-.68 E.00575
G1 X111.556 Y134.252 E.39305
G2 X111.167 Y134.1 I-.892 J1.713 E.01312
G1 X111.167 Y121.891 E.38296
G3 X110.778 Y122.008 I-.732 J-1.729 E.01276
G1 X110.778 Y133.996 E.37602
G2 X110.389 Y133.935 I-.475 J1.756 E.01237
G1 X110.389 Y122.077 E.37195
G3 X110 Y122.099 I-.298 J-1.776 E.01224
G1 X110 Y133.915 E.37062
G2 X109.611 Y133.935 I-.102 J1.799 E.01224
G1 X109.611 Y122.077 E.37195
G3 X109.222 Y122.008 I.12 J-1.823 E.01241
G1 X109.222 Y133.996 E.37602
G2 X108.833 Y134.1 I.286 J1.84 E.01265
G1 X108.833 Y121.891 E.38296
G3 X108.444 Y121.722 I.65 J-2.027 E.01332
G1 X108.444 Y134.252 E.39302
G2 X108.055 Y134.458 I.75 J1.891 E.01382
G1 X108.055 Y121.629 E.4024
G1 X107.667 Y121.629 E.0122
G1 X107.667 Y134.525 E.40451
G1 X107.278 Y134.525 E.0122
G1 X107.278 Y121.629 E.40451
G1 X106.889 Y121.629 E.0122
G1 X106.889 Y134.525 E.40451
G1 X106.5 Y134.525 E.0122
G1 X106.5 Y121.629 E.40451
G1 X106.111 Y121.629 E.0122
G1 X106.111 Y124.12 E.07815
G1 X105.722 Y124.1 E.01221
G1 X105.722 Y121.629 E.07751
G1 X105.333 Y121.629 E.0122
G1 X105.333 Y124.079 E.07687
G1 X104.944 Y124.059 E.01221
G1 X104.944 Y121.629 E.07623
G1 X104.555 Y121.629 E.0122
G1 X104.555 Y124.039 E.0756
G1 X104.167 Y124.018 E.01221
G1 X104.167 Y121.459 E.08028
G1 X107.427 Y134.864 F18000
;WIDTH:0.419999
G1 F6000
G1 X106.215 Y134.864 E.03685
G1 X106.215 Y136.065 E.03653
G1 X106.529 Y136.108 E.00962
G1 X106.74 Y135.684 E.0144
G1 X107.215 Y135.059 E.02387
G1 X107.383 Y134.905 E.00694
G1 X106.62 Y135.203 F18000
;WIDTH:0.426446
G1 F6000
G1 X106.548 Y135.244 E.00257
G1 X106.609 Y135.28 E.0022
G1 X106.294 Y136.471 F18000
;TYPE:Gap infill
;WIDTH:0.494816
G1 F6000
G2 X106.242 Y136.854 I7.051 J1.144 E.01407
;WIDTH:0.457772
G1 X106.226 Y137.05 E.0066
;WIDTH:0.424212
G2 X106.209 Y137.267 I3.99 J.424 E.00667
;WIDTH:0.397021
G2 X106.21 Y138.091 I11.066 J.398 E.02355
;WIDTH:0.425768
G1 X106.226 Y138.288 E.00609
;WIDTH:0.459758
G2 X106.245 Y138.508 I4.055 J-.231 E.00743
;WIDTH:0.478887
G1 X106.294 Y138.867 E.01274
G1 X106.529 Y139.231 F18000
;TYPE:Internal solid infill
;WIDTH:0.419999
G1 F6000
G1 X106.215 Y139.273 E.00962
G1 X106.215 Y141.398 E.06463
G1 X108.266 Y141.398 E.06237
G1 X108.318 Y141.082 E.00974
G1 X107.873 Y140.839 E.01543
G1 X107.243 Y140.309 E.02504
G1 X106.74 Y139.655 E.0251
G1 X106.556 Y139.284 E.01258
G1 X106.62 Y140.166 F18000
;WIDTH:0.474846
G1 F6000
G1 X106.62 Y140.994 E.02884
G1 X107.424 Y140.994 E.028
G1 X106.977 Y140.614 E.02042
G1 X106.657 Y140.213 E.01788
G1 X108.675 Y141.324 F18000
;TYPE:Gap infill
;WIDTH:0.474134
G1 F6000
G1 X108.96 Y141.371 E.01003
;WIDTH:0.449042
G2 X109.18 Y141.396 I.561 J-4.028 E.00724
;WIDTH:0.403709
G1 X109.376 Y141.417 E.00575
;WIDTH:0.350742
G2 X110.605 Y141.419 I.625 J-8.468 E.03054
;WIDTH:0.40177
G1 X110.82 Y141.396 E.00625
;WIDTH:0.446451
G1 X111.017 Y141.374 E.00643
;WIDTH:0.483247
G2 X111.325 Y141.324 I-.769 J-5.724 E.01108
G1 X113.471 Y139.231 F18000
;TYPE:Internal solid infill
;WIDTH:0.419999
G1 F6000
G1 X113.26 Y139.655 E.01441
G1 X112.785 Y140.28 E.02387
G1 X112.159 Y140.817 E.02511
G1 X111.682 Y141.082 E.01659
G1 X111.734 Y141.398 E.00974
G1 X113.785 Y141.398 E.06237
G1 X113.785 Y139.273 E.06463
G1 X113.531 Y139.239 E.0078
G1 X113.38 Y140.166 F18000
;WIDTH:0.47485
G1 F6000
G1 X113.023 Y140.614 E.01998
G1 X112.576 Y140.994 E.02042
G1 X113.38 Y140.994 E.028
G1 X113.38 Y140.226 E.02675
G1 X113.706 Y138.867 F18000
;TYPE:Gap infill
;WIDTH:0.494822
G1 F6000
G2 X113.758 Y138.484 I-7.058 J-1.144 E.01407
;WIDTH:0.457781
G1 X113.774 Y138.288 E.0066
;WIDTH:0.424233
G2 X113.791 Y138.071 I-3.994 J-.424 E.00667
;WIDTH:0.397035
G2 X113.79 Y137.247 I-11.059 J-.398 E.02355
;WIDTH:0.425793
G1 X113.774 Y137.05 E.00609
;WIDTH:0.459769
G2 X113.755 Y136.831 I-4.051 J.231 E.00742
;WIDTH:0.478889
G1 X113.706 Y136.471 E.01274
G1 X112.564 Y134.864 F18000
;TYPE:Internal solid infill
;WIDTH:0.419999
G1 F6000
G1 X112.785 Y135.059 E.00896
G1 X113.26 Y135.684 E.02387
G1 X113.471 Y136.108 E.01441
G1 X113.785 Y136.065 E.00962
G1 X113.785 Y134.864 E.03653
G1 X112.624 Y134.864 E.03529
G1 X113.428 Y135.203 F18000
;WIDTH:0.42646
G1 F6000
G1 X113.356 Y135.244 E.00257
G1 X113.418 Y135.28 E.0022
; stop printing object LEG id:18398695746277035084 copy 0
;LAYER_CHANGE
;Z:1.84
;HEIGHT:0.2
G92 E0 ; zero the extruded length again
; BEFORE_LAYER_CHANGE 8 @ 1.84mm
G1 E-2.34598 F6000
;WIPE_START
G1 X113.356 Y135.244 E-.07098
G1 X113.428 Y135.203 E-.08304
;WIPE_END
; AFTER_LAYER_CHANGE 8 @ 1.84mm
;_SET_FAN_SPEED_CHANGING_LAYER
; printing object LEG id:18398695746277035084 copy 0
G1 X115.79 Y125.97 Z1.84 F18000
G1 E2.5 F6000
M204 P1000
;TYPE:Outer wall
;WIDTH:0.42
G1 F3600
G1 X115.79 Y143.44 E.53133
G1 X104.21 Y143.44 E.35219
G1 X104.21 Y125.97 E.53133
G3 X102.948 Y125.617 I-.086 J-2.127 E.04051
G3 X102.21 Y124.164 I1.073 J-1.459 E.05142
G1 X102.21 Y84.325 E1.21165
G3 X111.198 Y76.625 I7.807 J.018 E.4085
G1 X111.26 Y76.632 E.00189
G3 X117.79 Y84.325 I-1.297 J7.719 E.3335
G1 X117.79 Y124.164 E1.21164
G3 X116.187 Y125.949 I-1.819 J-.021 E.07968
G1 X115.85 Y125.967 E.01027
G1 X115.398 Y125.62 F18000
M204 P1500
;TYPE:Inner wall
;WIDTH:0.45
G1 F6000
G1 X115.398 Y143.048 E.57222
G1 X104.602 Y143.048 E.35446
G1 X104.602 Y125.598 E.57295
G1 X103.854 Y125.559 E.0246
G3 X102.602 Y124.153 I.169 J-1.411 E.06753
G1 X102.602 Y84.335 E1.30736
G3 X111.156 Y77.015 I7.416 J.007 E.41974
G1 X111.197 Y77.02 E.00134
G3 X117.398 Y84.335 I-1.233 J7.331 E.34224
G1 X117.398 Y124.153 E1.30735
G3 X116.146 Y125.559 I-1.421 J-.006 E.06753
G1 X115.436 Y125.596 E.02336
G1 E-1.75
;WIPE_START
G1 X115.433 Y126.596 E-.75
;WIPE_END
G1 X103.69 Y114.629 F18000
G1 E2.5 F6000
M204 P1000
;TYPE:Outer wall
;WIDTH:0.42
G1 F3600
G1 X103.69 Y84.311 E.92209
G3 X109.658 Y78.018 I6.31 J.008 E.29082
G3 X116.31 Y84.311 I.334 J6.309 E.31149
G1 X116.31 Y114.629 E.92209
G1 X103.75 Y114.629 E.382
G1 X103.298 Y114.629 F18000
M204 P1500
;TYPE:Inner wall
;WIDTH:0.45
G1 F6000
G1 X103.298 Y84.3 E.9958
G3 X109.637 Y77.626 I6.702 J.018 E.33315
G3 X116.702 Y84.3 I.353 J6.703 E.35683
G1 X116.702 Y115.021 E1.00868
G1 X103.298 Y115.021 E.4401
G1 X103.298 Y114.689 E.0109
G1 E-1.75
;WIPE_START
G1 X103.298 Y113.689 E-.75
;WIPE_END
G1 X114.991 Y125.257 F18000
G1 E2.5 F6000
G1 X114.991 Y142.641 E.57078
G1 X105.009 Y142.641 E.32773
G1 X105.009 Y125.211 E.57227
G1 X103.897 Y125.153 E.03658
G3 X103.009 Y124.143 I.121 J-1.001 E.04833
G1 X103.009 Y115.428 E.28612
G1 X116.991 Y115.428 E.45907
G1 X116.991 Y124.143 E.28612
G3 X116.103 Y125.153 I-1.008 J.01 E.04834
G1 X115.005 Y125.211 E.0361
G1 X114.584 Y124.894 F18000
G1 F6000
G1 X114.584 Y142.234 E.56934
G1 X105.416 Y142.234 E.301
G1 X105.416 Y124.825 E.57159
G1 X103.939 Y124.748 E.04856
G3 X103.416 Y124.132 I.073 J-.592 E.02914
G1 X103.416 Y115.835 E.27241
G1 X116.584 Y115.835 E.43233
G1 X116.584 Y124.132 E.27241
G3 X116.061 Y124.748 I-.595 J.024 E.02915
G1 X114.584 Y124.825 E.04856
G1 X114.584 Y124.834 E.00028
G1 E-1.75
;WIPE_START
G1 X114.584 Y125.834 E-.75
;WIPE_END
G1 X112.463 Y116.993 F18000
G1 E2.5 F6000
G1 X112.409 Y116.913 E.00318
G2 X112.197 Y116.663 I-2.408 J1.829 E.01076
G1 X111.753 Y116.242 E.02008
G1 X116.177 Y116.242 E.14525
G1 X116.177 Y124.121 E.25869
G3 X116.018 Y124.342 I-.185 J.035 E.00998
G1 X114.177 Y124.439 E.06055
G1 X114.177 Y141.827 E.57091
G1 X105.823 Y141.827 E.27427
G1 X105.823 Y124.439 E.57091
G1 X103.982 Y124.342 E.06055
G1 X103.883 Y124.299 E.00353
G1 X103.83 Y124.205 E.00354
G3 X103.823 Y124.121 I.396 J-.072 E.00277
G1 X103.823 Y116.242 E.25869
G1 X108.242 Y116.242 E.14507
G1 X107.79 Y116.679 E.02063
G2 X112.593 Y117.184 I2.211 J2.063 E.44019
G1 X112.497 Y117.043 E.0056
G1 E-1.75
;WIPE_START
G1 X112.409 Y116.913 E-.11768
G1 X112.197 Y116.663 E-.24575
G1 X111.823 Y116.309 E-.38657
;WIPE_END
G1 X110.671 Y139.351 F18000
G1 E2.5 F6000
M204 P1000
;TYPE:Outer wall
;WIDTH:0.42
G1 F3600
G1 X110.669 Y139.349 E.00008
G3 X109.707 Y135.883 I-.669 J-1.681 E.18477
G1 X109.902 Y135.861 E.00596
G3 X111.015 Y139.166 I.098 J1.806 E.14307
G1 X110.724 Y139.322 E.01004
G1 X110.795 Y139.723 F18000
M204 P1500
;TYPE:Inner wall
;WIDTH:0.45
G1 F6000
G1 X110.589 Y139.789 E.00711
G3 X109.644 Y135.495 I-.589 J-2.121 E.2349
G1 X109.881 Y135.469 E.00783
G3 X110.85 Y139.698 I.119 J2.198 E.20235
G1 X110.925 Y140.108 F18000
G1 F6000
G1 X110.697 Y140.181 E.00784
G3 X109.578 Y135.093 I-.698 J-2.514 E.27837
G1 X109.859 Y135.062 E.00928
G3 X110.98 Y140.085 I.141 J2.605 E.24074
G1 X111.055 Y140.494 F18000
G1 F6000
G1 X110.806 Y140.573 E.00856
G3 X109.512 Y134.69 I-.807 J-2.906 E.32184
G1 X109.837 Y134.655 E.01073
G3 X111.116 Y140.469 I.163 J3.012 E.27895
G1 X111.11 Y140.471 E.00019
G1 X111.185 Y140.88 F18000
G1 F6000
G1 X110.915 Y140.966 E.00929
G3 X109.446 Y134.288 I-.916 J-3.299 E.36531
G1 X109.815 Y134.248 E.01218
G3 X111.266 Y140.847 I.185 J3.419 E.31662
G1 X111.24 Y140.858 E.00091
G1 E-1.75
;WIPE_START
G1 X110.915 Y140.966 E-.25702
G1 X110.554 Y141.05 E-.27804
G1 X110.269 Y141.081 E-.21494
;WIPE_END
G1 X111.128 Y117.898 F18000
G1 E2.5 F6000
M204 P1000
;TYPE:Outer wall
;WIDTH:0.42
G1 F3600
G1 X111.279 Y118.152 E.009
G3 X109.772 Y117.352 I-1.28 J.591 E.21358
G1 X109.924 Y117.336 E.00465
G3 X111.091 Y117.851 I.076 J1.407 E.04027
G1 X111.462 Y117.697 F18000
M204 P1500
;TYPE:Inner wall
;WIDTH:0.45
G1 F6000
G1 X111.636 Y117.987 E.01111
G3 X109.708 Y116.965 I-1.636 J.755 E.29476
G1 X109.902 Y116.944 E.00641
G3 X111.43 Y117.647 I.097 J1.799 E.05743
G1 X111.79 Y117.45 F18000
G1 F6000
G1 X111.893 Y117.605 E.00612
G3 X109.642 Y116.562 I-1.894 J1.138 E.36926
G1 X109.88 Y116.537 E.00786
G3 X111.755 Y117.401 I.119 J2.206 E.07052
G1 X112.127 Y117.221 F18000
G1 F6000
G1 X112.243 Y117.395 E.00685
G3 X109.576 Y116.16 I-2.243 J1.347 E.43736
G1 X109.858 Y116.13 E.00931
G3 X112.084 Y117.16 I.141 J2.613 E.08381
G1 X112.092 Y117.172 E.00049
G1 E-1.75
;WIPE_START
G1 X112.243 Y117.395 E-.20143
G1 X112.376 Y117.645 E-.21261
G1 X112.481 Y117.908 E-.21264
G1 X112.525 Y118.067 E-.12332
;WIPE_END
G1 X111.538 Y116.353 F18000
G1 E2.5 F6000
M204 P2000
;TYPE:Gap infill
;WIDTH:0.120408
G1 X111.343 Y116.205 E.00153
;WIDTH:0.157178
G1 X111.221 Y116.122 E.00136
;WIDTH:0.17004
G1 X111.099 Y116.039 E.00151
G1 X110.935 Y116.062 F18000
;WIDTH:0.129801
G1 F6000
G3 X111.346 Y116.137 I-1.175 J7.554 E.00292
G1 X109.065 Y116.062 F18000
;WIDTH:0.119379
G1 F6000
G2 X108.641 Y116.139 I1.213 J7.784 E.00266
G1 X108.655 Y116.201 F18000
;WIDTH:0.150545
G1 F6000
G1 X108.65 Y116.205 E.00005
;WIDTH:0.136521
G1 X108.547 Y116.284 E.00098
;WIDTH:0.123321
G1 X108.444 Y116.364 E.00085
G1 X108.655 Y116.201 F18000
;WIDTH:0.175999
G1 F6000
G1 X108.892 Y116.039 E.00309
G1 X105.443 Y117.861 F18000
;TYPE:Internal solid infill
;WIDTH:0.590314
G1 F6000
G1 X105.423 Y118.228 E.01624
;WIDTH:0.54403
G2 X105.425 Y119.271 I5.994 J.509 E.04218
G1 X106.074 Y117.389 F18000
;WIDTH:0.419999
G1 F6000
G1 X104.97 Y117.389 E.03355
G1 X104.972 Y119.786 E.07291
G1 X105.968 Y119.786 E.03028
G3 X105.827 Y118.745 I6.933 J-1.467 E.03198
G1 X105.908 Y117.948 E.02437
G1 X106.057 Y117.446 E.01591
G1 X106.635 Y117.012 F18000
G1 F6000
G1 X104.593 Y117.012 E.0621
G1 X104.596 Y120.163 E.09585
G1 X106.496 Y120.163 E.05779
G1 X106.31 Y119.622 E.0174
G1 X106.208 Y118.805 E.02503
G1 X106.283 Y117.989 E.02494
G1 X106.533 Y117.207 E.02494
G1 X106.607 Y117.065 E.00489
G1 X107.314 Y116.635 F18000
G1 F6000
G1 X104.216 Y116.635 E.09424
G1 X104.219 Y120.54 E.11878
G1 X107.113 Y120.54 E.08801
G1 X106.9 Y120.181 E.0127
G1 X106.667 Y119.5 E.02189
G1 X106.583 Y118.765 E.02251
G1 X106.658 Y118.029 E.02248
G1 X106.89 Y117.328 E.02247
G1 X107.276 Y116.681 E.02292
G1 X107.636 Y120.881 F18000
;WIDTH:0.422154
G1 F6000
G1 X104.16 Y120.881 E.1063
G1 X104.161 Y121.26 E.0116
G1 X107.777 Y121.26 E.11063
G2 X108.304 Y121.639 I2.41 J-2.792 E.01988
G1 X104.161 Y121.639 E.12673
G1 X104.161 Y122.018 E.0116
G1 X115.839 Y122.018 E.35719
G1 X115.839 Y122.398 E.0116
G1 X104.161 Y122.398 E.35717
G1 X104.162 Y122.777 E.0116
G1 X115.838 Y122.777 E.35715
G1 X115.838 Y123.156 E.0116
G1 X104.162 Y123.156 E.35714
G1 X104.162 Y123.535 E.0116
G1 X115.838 Y123.535 E.35712
G1 X115.837 Y123.915 E.0116
G1 X104.163 Y123.915 E.3571
G1 X104.163 Y124.018 E.00317
G1 X106.157 Y124.123 E.06107
G1 X106.157 Y124.294 E.00524
G1 X113.843 Y124.294 E.23512
G1 X113.843 Y124.673 E.0116
G1 X106.157 Y124.673 E.23512
G1 X106.157 Y125.052 E.0116
G1 X113.843 Y125.052 E.23512
G1 X113.843 Y125.431 E.0116
G1 X106.157 Y125.431 E.23512
G1 X106.157 Y125.811 E.0116
G1 X113.843 Y125.811 E.23512
G1 X113.843 Y126.19 E.0116
G1 X106.157 Y126.19 E.23512
G1 X106.157 Y126.569 E.0116
G1 X113.843 Y126.569 E.23512
G1 X113.843 Y126.948 E.0116
G1 X106.157 Y126.948 E.23512
G1 X106.157 Y127.328 E.0116
G1 X113.843 Y127.328 E.23512
G1 X113.843 Y127.707 E.0116
G1 X106.157 Y127.707 E.23512
G1 X106.157 Y128.086 E.0116
G1 X113.843 Y128.086 E.23512
G1 X113.843 Y128.465 E.0116
G1 X106.157 Y128.465 E.23512
G1 X106.157 Y128.845 E.0116
G1 X113.843 Y128.845 E.23512
G1 X113.843 Y129.224 E.0116
G1 X106.157 Y129.224 E.23512
G1 X106.157 Y129.603 E.0116
G1 X113.843 Y129.603 E.23512
G1 X113.843 Y129.982 E.0116
G1 X106.157 Y129.982 E.23512
G1 X106.157 Y130.362 E.0116
G1 X113.843 Y130.362 E.23512
G1 X113.843 Y130.741 E.0116
G1 X106.157 Y130.741 E.23512
G1 X106.157 Y131.12 E.0116
G1 X113.843 Y131.12 E.23512
G1 X113.843 Y131.499 E.0116
G1 X106.157 Y131.499 E.23512
G1 X106.157 Y131.878 E.0116
G1 X113.843 Y131.878 E.23512
G1 X113.843 Y132.258 E.0116
G1 X106.157 Y132.258 E.23512
G1 X106.157 Y132.637 E.0116
G1 X113.843 Y132.637 E.23512
G1 X113.843 Y133.016 E.0116
G1 X106.157 Y133.016 E.23512
G1 X106.157 Y133.395 E.0116
G1 X113.843 Y133.395 E.23512
G1 X113.843 Y133.775 E.0116
G1 X105.987 Y133.775 E.24031
G1 X106.294 Y136.471 F18000
;TYPE:Gap infill
;WIDTH:0.494817
G1 F6000
G2 X106.242 Y136.854 I7.047 J1.143 E.01407
;WIDTH:0.457775
G1 X106.226 Y137.05 E.0066
;WIDTH:0.424213
G2 X106.209 Y137.267 I3.991 J.424 E.00667
;WIDTH:0.396518
G2 X106.209 Y138.054 I10.405 J.394 E.02247
;WIDTH:0.423102
G1 X106.225 Y138.262 E.00637
;WIDTH:0.456269
G2 X106.243 Y138.495 I3.852 J-.185 E.00779
;WIDTH:0.475273
G1 X106.294 Y138.867 E.0131
G1 X106.529 Y139.231 F18000
;TYPE:Internal solid infill
;WIDTH:0.419999
G1 F6000
G1 X106.215 Y139.273 E.00962
G1 X106.215 Y141.435 E.06574
G1 X108.261 Y141.435 E.06222
G1 X108.13 Y141.158 E.0093
G1 X108.211 Y141.021 E.00484
G1 X107.841 Y140.817 E.01285
G1 X107.243 Y140.309 E.02387
G1 X106.74 Y139.655 E.0251
G1 X106.556 Y139.284 E.01258
G1 X106.626 Y140.183 F18000
;WIDTH:0.486385
G1 F6000
G1 X106.626 Y141.024 E.0301
G1 X107.451 Y141.024 E.02952
G1 X106.977 Y140.622 E.02224
G1 X106.663 Y140.23 E.01796
G1 X108.81 Y141.106 F18000
;TYPE:Gap infill
;WIDTH:0.495791
G1 F6000
G1 X108.98 Y141.388 E.01202
;WIDTH:0.483229
G1 X109.178 Y141.414 E.00708
;WIDTH:0.440441
G1 X109.372 Y141.435 E.00627
;WIDTH:0.387337
G2 X110.607 Y141.437 I.629 J-8.508 E.03434
;WIDTH:0.438293
G2 X110.822 Y141.414 I-.314 J-3.983 E.00689
;WIDTH:0.482741
G1 X111.017 Y141.393 E.00694
;WIDTH:0.499848
G1 X111.02 Y141.388 E.00021
;WIDTH:0.473708
G1 X111.19 Y141.106 E.01143
G1 X113.471 Y139.231 F18000
;TYPE:Internal solid infill
;WIDTH:0.419999
G1 F6000
G1 X113.26 Y139.655 E.01441
G1 X112.785 Y140.28 E.02387
G1 X112.159 Y140.817 E.02511
G1 X111.784 Y141.024 E.01302
G1 X111.86 Y141.156 E.00464
G1 X111.732 Y141.435 E.00933
G1 X113.785 Y141.435 E.06243
G1 X113.785 Y139.273 E.06574
G1 X113.531 Y139.239 E.0078
G1 X113.374 Y140.183 F18000
;WIDTH:0.486393
G1 F6000
G1 X113.023 Y140.622 E.02011
G1 X112.549 Y141.024 E.02224
G1 X113.374 Y141.024 E.02952
G1 X113.374 Y140.243 E.02796
G1 X113.706 Y138.867 F18000
;TYPE:Gap infill
;WIDTH:0.494824
G1 F6000
G2 X113.758 Y138.484 I-7.053 J-1.144 E.01407
;WIDTH:0.457785
G1 X113.774 Y138.288 E.0066
;WIDTH:0.424232
G2 X113.791 Y138.071 I-3.995 J-.424 E.00667
;WIDTH:0.397034
G2 X113.79 Y137.247 I-11.059 J-.398 E.02355
;WIDTH:0.425793
G1 X113.774 Y137.05 E.00609
;WIDTH:0.459769
G2 X113.755 Y136.831 I-4.059 J.231 E.00742
;WIDTH:0.478889
G1 X113.706 Y136.471 E.01274
G1 X112.713 Y134.494 F18000
;TYPE:Internal solid infill
;WIDTH:0.42386
G1 F6000
G1 X113.087 Y134.829 E.01544
G1 X113.406 Y135.248 E.01617
G1 X113.406 Y134.494 E.02317
G1 X112.773 Y134.494 E.01944
G1 X110.609 Y134.008 F18000
;WIDTH:0.416782
G1 F6000
G1 X111.394 Y134.115 E.02389
G1 X112.125 Y134.498 E.02489
G1 X112.757 Y135.029 E.02489
G1 X113.26 Y135.684 E.02489
G1 X113.471 Y136.108 E.01428
G1 X113.785 Y136.065 E.00954
G1 X113.785 Y134.115 E.0588
G1 X111.436 Y134.115 E.07083
G1 X110.669 Y134.016 E.02332
G1 X109.007 Y134.05 F18000
;WIDTH:0.38292
G1 F6000
G3 X110.549 Y134.006 I.976 J7.124 E.04238
G1 X108.659 Y134.115 F18000
;WIDTH:0.419999
G1 F6000
G1 X106.215 Y134.115 E.07432
G1 X106.215 Y136.065 E.05931
G1 X106.518 Y136.106 E.00929
G1 X106.949 Y135.375 E.02581
G1 X107.513 Y134.773 E.02511
G1 X108.226 Y134.291 E.02618
G1 X108.603 Y134.138 E.01238
G1 X107.248 Y134.498 F18000
;WIDTH:0.432141
G1 F6000
G1 X106.599 Y134.498 E.0204
G1 X106.599 Y135.214 E.02247
G3 X107.207 Y134.542 I7.294 J5.988 E.02847
G1 X111.329 Y121.639 F18000
;WIDTH:0.422154
G1 F6000
G1 X115.839 Y121.639 E.13797
G1 X115.839 Y121.26 E.0116
G1 X112.223 Y121.26 E.11063
G2 X112.587 Y120.881 I-1.562 J-1.866 E.01612
G1 X116.009 Y120.881 E.10468
G1 X114.572 Y119.33 F18000
;WIDTH:0.564129
G1 F6000
G1 X114.586 Y119.027 E.01276
;WIDTH:0.536587
G1 X114.6 Y118.724 E.01209
;WIDTH:0.543708
G1 X114.58 Y118.322 E.01623
;WIDTH:0.564599
G1 X114.56 Y117.921 E.01691
G1 X113.926 Y117.389 F18000
;WIDTH:0.419999
G1 F6000
G1 X114.089 Y117.924 E.01701
G1 X114.166 Y118.619 E.02126
G3 X114.032 Y119.786 I-5.976 J-.093 E.03579
G1 X115.028 Y119.786 E.03028
G1 X115.03 Y117.389 E.07291
G1 X113.986 Y117.389 E.03172
G1 X113.365 Y117.012 F18000
G1 F6000
G1 X113.467 Y117.207 E.00672
G1 X113.69 Y117.869 E.02124
G1 X113.791 Y118.66 E.02426
G3 X113.69 Y119.619 I-8.247 J-.38 E.02934
G1 X113.507 Y120.163 E.01746
G1 X115.404 Y120.163 E.0577
G1 X115.407 Y117.012 E.09585
G1 X113.425 Y117.012 E.06027
G1 X112.687 Y116.635 F18000
G1 F6000
G1 X113.093 Y117.291 E.02347
G1 X113.333 Y117.99 E.02247
G1 X113.416 Y118.702 E.02181
G3 X113.333 Y119.499 I-16.613 J-1.329 E.02437
G1 X113.11 Y120.161 E.02124
G1 X112.883 Y120.54 E.01346
G1 X115.781 Y120.54 E.08815
G1 X115.784 Y116.635 E.11878
G1 X112.747 Y116.635 E.09237
G1 X117.05 Y115.225 F18000
;TYPE:Gap infill
;WIDTH:0.330912
G1 F6000
G1 X117.05 Y84.345 E.71728
G1 X117.009 Y83.557 E.01833
G1 X116.886 Y82.811 E.01755
G1 X116.678 Y82.061 E.01809
G1 X116.398 Y81.359 E.01755
G1 X116.041 Y80.685 E.01773
G1 X115.607 Y80.047 E.01791
G1 X115.118 Y79.471 E.01755
G1 X114.564 Y78.946 E.01773
G1 X113.956 Y78.484 E.01773
G1 X113.309 Y78.094 E.01755
G1 X112.609 Y77.77 E.01791
G1 X111.886 Y77.526 E.01773
G1 X111.148 Y77.364 E.01755
G1 X110.374 Y77.279 E.01809
G1 X109.618 Y77.28 E.01755
G1 X108.867 Y77.361 E.01755
G1 X108.107 Y77.529 E.01809
G1 X107.391 Y77.77 E.01755
G1 X106.698 Y78.09 E.01773
G1 X106.044 Y78.484 E.01773
G1 X105.442 Y78.941 E.01755
G1 X104.877 Y79.477 E.01809
G1 X104.388 Y80.053 E.01755
G1 X103.959 Y80.685 E.01773
G1 X103.599 Y81.366 E.01791
G1 X103.319 Y82.068 E.01755
G1 X103.115 Y82.804 E.01773
G1 X102.991 Y83.557 E.01773
G1 X102.95 Y84.345 E.01833
G1 X102.95 Y115.225 E.71728
; stop printing object LEG id:18398695746277035084 copy 0
M106 S245
;LAYER_CHANGE
;Z:2.04
;HEIGHT:0.2
G92 E0 ; zero the extruded length again
; BEFORE_LAYER_CHANGE 9 @ 2.04mm
G1 E-1.75 F6000
;WIPE_START
G1 X102.95 Y114.225 E-.75
;WIPE_END
; AFTER_LAYER_CHANGE 9 @ 2.04mm
;_SET_FAN_SPEED_CHANGING_LAYER
; printing object LEG id:18398695746277035084 copy 0
G1 X115.79 Y125.97 Z2.04 F18000
G1 E2.5 F6000
M204 P1000
;TYPE:Outer wall
;WIDTH:0.42
G1 F3600
G1 X115.79 Y143.456 E.53182
G1 X104.21 Y143.456 E.35219
G1 X104.21 Y125.97 E.53182
G3 X102.948 Y125.617 I-.086 J-2.127 E.04051
G3 X102.21 Y124.164 I1.073 J-1.459 E.05142
G1 X102.21 Y84.325 E1.21164
G3 X111.19 Y76.624 I7.807 J.018 E.40824
G1 X111.26 Y76.632 E.00215
G3 X117.79 Y84.325 I-1.297 J7.719 E.3335
G1 X117.79 Y124.164 E1.21164
G3 X116.187 Y125.949 I-1.819 J-.021 E.07968
G1 X115.85 Y125.967 E.01027
G1 E-1.75 F6000
;WIPE_START
G1 F3600
G1 X115.846 Y126.967 E-.75
;WIPE_END
G1 X116.582 Y125.127 F18000
G1 E2.5 F6000
M204 P1500
;TYPE:Inner wall
;WIDTH:0.45
G1 X116.582 Y120.588 E.14906
G1 X110.76 Y120.588 E.19114
G1 X110.718 Y120.396 E.00645
G2 X109.282 Y120.395 I-.717 J-1.652 E.32293
G1 X109.24 Y120.588 E.00648
G1 X103.418 Y120.588 E.19116
G1 X103.418 Y125.455 E.15981
G3 X102.602 Y124.153 I.67 J-1.327 E.05302
G1 X102.602 Y84.335 E1.30736
G3 X111.148 Y77.014 I7.415 J.007 E.41946
G1 X111.197 Y77.02 E.00162
G3 X117.398 Y84.335 I-1.233 J7.331 E.34224
G1 X117.398 Y124.153 E1.30735
G3 X116.582 Y125.455 I-1.494 J-.03 E.05299
G1 X116.582 Y125.187 E.00879
G1 E-1.75
;WIPE_START
G1 X116.582 Y124.187 E-.75
;WIPE_END
G1 X103.69 Y114.629 F18000
G1 E2.5 F6000
M204 P1000
;TYPE:Outer wall
;WIDTH:0.42
G1 F3600
G1 X103.69 Y84.311 E.92209
G3 X109.658 Y78.018 I6.31 J.008 E.29082
G3 X116.31 Y84.311 I.321 J6.322 E.31131
G1 X116.31 Y114.629 E.92209
G1 X103.75 Y114.629 E.382
G1 X103.298 Y114.629 F18000
M204 P1500
;TYPE:Inner wall
;WIDTH:0.45
G1 F6000
G1 X103.298 Y84.3 E.9958
G3 X109.637 Y77.626 I6.702 J.018 E.33315
G3 X116.702 Y84.3 I.342 J6.715 E.35665
G1 X116.702 Y115.021 E1.00868
G1 X103.298 Y115.021 E.4401
G1 X103.298 Y114.689 E.0109
G1 E-1.75
;WIPE_START
G1 X103.298 Y113.689 E-.75
;WIPE_END
G1 X111.789 Y117.449 F18000
G1 E2.5 F6000
G1 X111.756 Y117.409 E.00168
G2 X107.789 Y118.744 I-1.755 J1.347 E.18026
G2 X108.307 Y120.181 I2.317 J-.023 E.05108
G1 X103.009 Y120.181 E.17394
G1 X103.009 Y115.428 E.15603
G1 X116.991 Y115.428 E.45907
G1 X116.991 Y120.181 E.15603
G1 X111.693 Y120.181 E.17394
G2 X111.891 Y117.606 I-1.692 J-1.425 E.09052
G1 X111.821 Y117.499 E.00421
G1 X112.126 Y117.22 F18000
G1 F6000
G1 X112.082 Y117.162 E.0024
G2 X107.596 Y119.773 I-2.082 J1.583 E.24864
G1 X103.416 Y119.773 E.13722
G1 X103.416 Y115.835 E.1293
G1 X116.584 Y115.835 E.43233
G1 X116.584 Y119.773 E.1293
G1 X112.404 Y119.773 E.13722
G2 X112.241 Y117.396 I-2.404 J-1.029 E.08124
G1 X112.158 Y117.27 E.00493
G1 X112.463 Y116.992 F18000
G1 F6000
G1 X112.408 Y116.914 E.00313
G2 X112.197 Y116.663 I-2.44 J1.838 E.01076
G1 X111.753 Y116.242 E.02008
G1 X116.177 Y116.242 E.14525
G1 X116.177 Y119.366 E.10257
G1 X112.96 Y119.366 E.10561
G2 X112.59 Y117.185 I-2.992 J-.615 E.07432
G1 X112.496 Y117.042 E.00565
G1 E-1.75
;WIPE_START
G1 X112.408 Y116.914 E-.11641
G1 X112.197 Y116.663 E-.24566
G1 X111.821 Y116.307 E-.38793
;WIPE_END
G1 X108.241 Y116.242 F18000
G1 E2.5 F6000
G1 X107.788 Y116.681 E.02069
G2 X107.04 Y119.366 I2.239 J2.071 E.09507
G1 X103.823 Y119.366 E.10561
G1 X103.823 Y116.242 E.10257
G1 X108.181 Y116.242 E.14308
G1 E-1.75
;WIPE_START
G1 X107.788 Y116.681 E-.44136
G1 X107.591 Y116.913 E-.22852
G1 X107.531 Y117.001 E-.08012
;WIPE_END
G1 X110.671 Y139.35 F18000
G1 E2.5 F6000
M204 P1000
;TYPE:Outer wall
;WIDTH:0.42
G1 F3600
G1 X110.669 Y139.349 E.00009
G3 X109.707 Y135.883 I-.669 J-1.681 E.18477
G1 X109.902 Y135.861 E.00596
G3 X111.015 Y139.166 I.098 J1.806 E.14307
G1 X110.724 Y139.322 E.01003
G1 E-1.75 F6000
;WIPE_START
G1 F3600
G1 X110.669 Y139.349 E-.04587
G1 X110.484 Y139.414 E-.14693
G1 X110.098 Y139.477 E-.29362
G1 X109.747 Y139.458 E-.26357
;WIPE_END
G1 X111.127 Y117.897 F18000
G1 E2.5 F6000
G1 F3600
G1 X111.279 Y118.152 E.00905
G3 X109.772 Y117.352 I-1.28 J.591 E.21358
G1 X109.924 Y117.336 E.00465
G3 X111.09 Y117.85 I.076 J1.407 E.04022
G1 E-1.75 F6000
;WIPE_START
G1 F3600
G1 X111.279 Y118.152 E-.26783
G1 X111.377 Y118.441 E-.22868
G1 X111.41 Y118.744 E-.22874
G1 X111.407 Y118.777 E-.02474
;WIPE_END
G1 X111.392 Y120.219 F18000
G1 E2.5 F6000
M204 P2000
;TYPE:Gap infill
;WIDTH:0.106375
G1 X111.244 Y120.384 E.00114
G1 X111.218 Y120.831 F18000
;WIDTH:0.122523
G1 F6000
G1 X110.591 Y120.813 E.00403
G1 X110.546 Y120.528 F18000
;WIDTH:0.493257
G1 F6000
G3 X109.454 Y120.528 I-.546 J-3.923 E.03981
G1 X109.514 Y120.813 F18000
;WIDTH:0.0954258
G1 F6000
G1 X109.113 Y120.821 E.0017
;WIDTH:0.125387
G1 X108.767 Y120.844 E.0023
;WIDTH:0.170577
G1 X108.421 Y120.866 E.00357
;WIDTH:0.216365
G1 X108.066 Y120.89 E.00497
;WIDTH:0.252928
G1 X107.888 Y120.91 E.00303
;WIDTH:0.26589
G1 X107.71 Y120.929 E.00322
G1 X107.7 Y120.882 F18000
M204 P1000
;TYPE:Top surface
;WIDTH:0.42
G1 F3600
G1 X107.159 Y120.998 E.01681
G1 X106.161 Y121.31 E.0318
G1 X105.197 Y121.712 E.03179
G1 X104.273 Y122.201 E.03178
G1 X103.713 Y122.567 E.02037
G1 X103.713 Y122.117 F18000
G1 F3600
G1 X104.135 Y121.845 E.01528
G1 X105.076 Y121.352 E.0323
G1 X106.058 Y120.946 E.03231
G1 X106.266 Y120.882 E.00663
G1 X106.281 Y120.93 F18000
M204 P2000
;TYPE:Gap infill
;WIDTH:0.234602
G1 F6000
G1 X106.476 Y120.9 E.00306
;WIDTH:0.210197
G1 X106.671 Y120.87 E.00267
;WIDTH:0.161386
G1 X106.867 Y120.84 E.00189
;WIDTH:0.112576
G1 X107.062 Y120.81 E.00111
G1 X105.848 Y120.809 F18000
;WIDTH:0.111068
G1 F6000
G1 X105.698 Y120.839 E.00084
;WIDTH:0.156866
G1 X105.549 Y120.869 E.0014
;WIDTH:0.202664
G1 X105.399 Y120.898 E.00196
;WIDTH:0.225563
G1 X105.25 Y120.928 E.00224
G1 X105.23 Y120.882 F18000
M204 P1000
;TYPE:Top surface
;WIDTH:0.42
G1 F3600
G1 X104.843 Y121.045 E.01278
G1 X103.89 Y121.551 E.03282
G1 X103.713 Y121.667 E.00645
G1 X103.713 Y121.226 F18000
G1 F3600
G1 X104.339 Y120.882 E.02175
G1 X104.361 Y120.922 F18000
M204 P2000
;TYPE:Gap infill
;WIDTH:0.131948
G1 F6000
G1 X104.87 Y120.807 E.00374
G1 X103.01 Y120.384 F18000
;WIDTH:0.451997
G1 F6000
G1 X103.014 Y124.273 E.12831
;WIDTH:0.426082
G2 X103.036 Y124.482 I2.012 J-.106 E.00652
;WIDTH:0.381398
G1 X103.129 Y124.983 E.01389
G1 X103.713 Y124.95 F18000
M204 P1000
;TYPE:Top surface
;WIDTH:0.42
G1 F3600
G1 X103.907 Y124.767 E.00814
G1 X104.665 Y124.187 E.02901
G1 X105.476 Y123.685 E.02902
G1 X106.335 Y123.268 E.02903
G1 X107.231 Y122.938 E.02904
G1 X108.156 Y122.7 E.02905
G1 X109.101 Y122.556 E.02906
G1 X110.055 Y122.508 E.02907
G1 X111.01 Y122.555 E.02908
G1 X111.956 Y122.698 E.02909
G1 X112.883 Y122.936 E.0291
G1 X113.781 Y123.264 E.02911
G1 X114.643 Y123.682 E.02912
G1 X115.459 Y124.184 E.02912
G1 X116.287 Y124.828 E.03193
G1 X116.378 Y124.65 F18000
M204 P2000
;TYPE:Gap infill
;WIDTH:0.0912381
G1 F6000
G1 X116.249 Y124.38 E.00117
G1 X116.287 Y124.336 F18000
M204 P1000
;TYPE:Top surface
;WIDTH:0.42
G1 F3600
G1 X115.437 Y123.716 E.032
G1 X114.592 Y123.228 E.02969
G1 X113.703 Y122.825 E.02968
G1 X112.779 Y122.511 E.02967
G1 X111.829 Y122.29 E.02966
G1 X110.862 Y122.163 E.02966
G1 X109.888 Y122.132 E.02965
G1 X108.915 Y122.197 E.02964
G1 X107.954 Y122.357 E.02963
G1 X107.014 Y122.611 E.02962
G1 X106.104 Y122.956 E.02961
G1 X105.232 Y123.389 E.0296
G1 X104.408 Y123.906 E.02959
G1 X103.713 Y124.444 E.02673
G1 X103.713 Y123.966 F18000
G1 F3600
G1 X103.974 Y123.753 E.01024
G1 X104.799 Y123.204 E.03015
G1 X105.674 Y122.738 E.03016
G1 X106.59 Y122.358 E.03017
G1 X107.539 Y122.068 E.03018
G1 X108.512 Y121.871 E.03019
G1 X109.5 Y121.769 E.03019
G1 X110.493 Y121.763 E.0302
G1 X111.482 Y121.853 E.03021
G1 X112.458 Y122.037 E.03022
G1 X113.412 Y122.316 E.03023
G1 X114.336 Y122.685 E.03024
G1 X115.219 Y123.141 E.03025
G1 X116.055 Y123.681 E.03025
G1 X116.287 Y123.865 E.00903
G1 X116.287 Y123.395 F18000
G1 F3600
G1 X115.686 Y122.982 E.02219
G1 X114.802 Y122.489 E.0308
G1 X113.875 Y122.083 E.03079
G1 X112.913 Y121.766 E.03078
G1 X111.927 Y121.541 E.03077
G1 X110.924 Y121.412 E.03076
G1 X109.913 Y121.378 E.03076
G1 X108.904 Y121.44 E.03075
G1 X107.906 Y121.597 E.03074
G1 X106.927 Y121.848 E.03073
G1 X105.977 Y122.191 E.03072
G1 X105.064 Y122.622 E.03071
G1 X104.196 Y123.138 E.03071
G1 X103.713 Y123.492 E.01821
G1 X103.713 Y123.024 F18000
G1 F3600
G1 X104.296 Y122.628 E.02145
G1 X105.195 Y122.131 E.03125
G1 X106.138 Y121.721 E.03126
G1 X107.114 Y121.4 E.03127
G1 X108.117 Y121.172 E.03127
G1 X109.137 Y121.038 E.03128
G1 X110.165 Y121 E.03129
G1 X111.192 Y121.058 E.0313
G1 X112.21 Y121.211 E.0313
G1 X113.209 Y121.458 E.03131
G1 X114.182 Y121.798 E.03132
G1 X115.118 Y122.227 E.03133
G1 X116.011 Y122.741 E.03134
G1 X116.287 Y122.936 E.01029
G1 X116.287 Y122.475 F18000
G1 F3600
G1 X115.299 Y121.896 E.03485
G1 X114.347 Y121.458 E.03186
G1 X113.36 Y121.11 E.03185
G1 X112.456 Y120.882 E.02835
G1 X112.444 Y120.931 F18000
M204 P2000
;TYPE:Gap infill
;WIDTH:0.285853
G1 F6000
G1 X112.26 Y120.909 E.00363
;WIDTH:0.258891
G1 X112 Y120.889 E.00453
;WIDTH:0.220038
G1 X111.741 Y120.87 E.00372
;WIDTH:0.181184
G1 X111.481 Y120.851 E.0029
;WIDTH:0.142056
G1 X111.218 Y120.831 E.00211
G1 X113.027 Y120.811 F18000
;WIDTH:0.135093
G1 F6000
G1 X113.227 Y120.836 E.0015
;WIDTH:0.158554
G1 X113.427 Y120.861 E.00188
;WIDTH:0.206735
G1 X113.63 Y120.895 E.00273
;WIDTH:0.254722
G1 X113.828 Y120.929 E.00342
G1 X113.844 Y120.882 F18000
M204 P1000
;TYPE:Top surface
;WIDTH:0.42
G1 F3600
G1 X114.384 Y121.067 E.01736
G1 X115.356 Y121.501 E.03238
G1 X116.287 Y122.024 E.03248
G1 X116.254 Y122.077 F18000
M204 P2000
;TYPE:Gap infill
;WIDTH:0.135854
G1 F6000
G1 X116.378 Y122.304 E.00193
G1 X116.287 Y121.584 F18000
M204 P1000
;TYPE:Top surface
;WIDTH:0.42
G1 F3600
G1 X115.298 Y121.053 E.03414
G1 X114.893 Y120.882 E.01339
G1 X114.876 Y120.92 F18000
M204 P2000
;TYPE:Gap infill
;WIDTH:0.148451
G1 F6000
G1 X114.474 Y120.843 E.00349
;WIDTH:0.132726
G1 X114.374 Y120.827 E.00073
;WIDTH:0.117889
G1 X114.275 Y120.81 E.00061
G1 X115.252 Y120.806 F18000
;WIDTH:0.142551
G1 F6000
G1 X115.758 Y120.921 E.00416
G1 X115.777 Y120.882 F18000
M204 P1000
;TYPE:Top surface
;WIDTH:0.42
G1 F3600
G3 X116.287 Y121.154 I-1.297 J3.047 E.01761
G1 X116.378 Y120.879 F18000
M204 P2000
;TYPE:Gap infill
;WIDTH:0.147627
G1 F6000
G1 X116.094 Y120.806 E.00247
G1 X116.99 Y120.384 F18000
;WIDTH:0.45172
G1 F6000
G1 X116.99 Y124.143 E.12393
G3 X116.978 Y124.377 I-2.243 J.006 E.00774
;WIDTH:0.415116
G1 X116.964 Y124.482 E.00319
;WIDTH:0.401241
G1 X116.871 Y124.983 E.01471
G1 X116.287 Y125.343 F18000
M204 P1000
;TYPE:Top surface
;WIDTH:0.42
G1 F3600
G1 X116.028 Y125.096 E.01089
G1 X115.285 Y124.522 E.02855
G1 X114.488 Y124.027 E.02854
G1 X113.644 Y123.616 E.02853
G1 X112.764 Y123.293 E.02852
G1 X111.855 Y123.063 E.02852
G1 X110.928 Y122.926 E.02851
G1 X109.992 Y122.885 E.0285
G1 X109.057 Y122.94 E.02849
G1 X108.132 Y123.09 E.02848
G1 X107.229 Y123.335 E.02847
G1 X106.355 Y123.67 E.02846
G1 X105.521 Y124.093 E.02845
G1 X104.734 Y124.599 E.02844
G1 X104.004 Y125.182 E.02843
G1 X103.713 Y125.469 E.01245
G1 X103.622 Y125.616 F18000
M204 P2000
;TYPE:Gap infill
;WIDTH:0.205885
G1 F6000
G1 X103.841 Y125.683 E.00301
G1 X103.901 Y125.674 E.0008
G1 X103.909 Y125.547 E.00168
G1 X104.028 Y125.681 F18000
M204 P1000
;TYPE:Top surface
;WIDTH:0.42
G1 F3600
G1 X104.618 Y125.159 E.02397
G1 X105.364 Y124.628 E.02784
G1 X106.161 Y124.178 E.02785
G1 X107.002 Y123.813 E.02786
G1 X107.876 Y123.539 E.02787
G1 X108.774 Y123.357 E.02788
G1 X109.687 Y123.27 E.02789
G1 X110.605 Y123.279 E.0279
G1 X111.516 Y123.384 E.02791
G1 X112.412 Y123.583 E.02792
G1 X113.283 Y123.875 E.02793
G1 X114.119 Y124.257 E.02794
G1 X114.91 Y124.723 E.02795
G1 X115.649 Y125.27 E.02796
G1 X116.091 Y125.675 E.0182
G1 X115.726 Y125.597 F18000
M204 P2000
;TYPE:Gap infill
;WIDTH:0.147381
G1 F6000
G1 X115.473 Y125.879 E.00319
G1 X115.561 Y125.702 F18000
M204 P1000
;TYPE:Top surface
;WIDTH:0.42
G1 F3600
G1 X115.068 Y125.294 E.01948
G1 X114.318 Y124.798 E.02735
G1 X113.519 Y124.385 E.02734
G1 X112.682 Y124.059 E.02733
G1 X111.815 Y123.825 E.02732
G1 X110.928 Y123.684 E.02731
G1 X110.032 Y123.639 E.0273
G1 X109.136 Y123.69 E.02729
G1 X108.251 Y123.836 E.02728
G1 X107.387 Y124.076 E.02727
G1 X106.555 Y124.407 E.02726
G1 X105.762 Y124.825 E.02724
G1 X105.019 Y125.325 E.02723
G1 X104.489 Y125.772 E.02108
G1 X104.582 Y125.943 F18000
M204 P2000
;TYPE:Gap infill
;WIDTH:0.136688
G1 F6000
G1 X104.401 Y125.743 E.00204
G1 X104.3 Y125.692 E.00086
G1 X104.489 Y126.279 F18000
M204 P1000
;TYPE:Top surface
;WIDTH:0.42
G1 F3600
G1 X105.188 Y125.671 E.02819
G1 X105.91 Y125.176 E.02661
G1 X106.682 Y124.764 E.02662
G1 X107.495 Y124.438 E.02663
G1 X108.339 Y124.203 E.02664
G1 X109.204 Y124.062 E.02666
G1 X110.079 Y124.016 E.02667
G1 X110.955 Y124.066 E.02668
G1 X111.821 Y124.212 E.02669
G1 X112.665 Y124.451 E.0267
G1 X113.479 Y124.781 E.02671
G1 X114.252 Y125.198 E.02672
G1 X114.976 Y125.697 E.02673
G1 X115.511 Y126.161 E.02153
G1 X115.511 Y126.691 F18000
G1 F3600
G1 X115.297 Y126.466 E.00942
G1 X114.639 Y125.915 E.02611
G1 X113.924 Y125.441 E.0261
G1 X113.161 Y125.05 E.02609
G1 X112.359 Y124.747 E.02607
G1 X111.528 Y124.536 E.02606
G1 X110.68 Y124.418 E.02605
G1 X109.824 Y124.397 E.02604
G1 X108.971 Y124.471 E.02603
G1 X108.133 Y124.641 E.02602
G1 X107.319 Y124.903 E.026
G1 X106.54 Y125.254 E.02599
G1 X105.806 Y125.691 E.02598
G1 X105.125 Y126.207 E.02597
G1 X104.489 Y126.817 E.02681
G1 X104.489 Y127.402 F18000
G1 F3600
G1 X104.859 Y126.972 E.01726
G1 X105.472 Y126.408 E.02531
G1 X106.145 Y125.919 E.02532
G1 X106.87 Y125.51 E.02533
G1 X107.638 Y125.187 E.02534
G1 X108.439 Y124.954 E.02536
G1 X109.261 Y124.814 E.02537
G1 X110.095 Y124.77 E.02538
G1 X110.928 Y124.822 E.02539
G1 X111.75 Y124.97 E.0254
G1 X112.55 Y125.21 E.02542
G1 X113.318 Y125.541 E.02543
G1 X114.043 Y125.958 E.02544
G1 X114.716 Y126.456 E.02545
G1 X115.328 Y127.028 E.02546
G1 X115.511 Y127.243 E.00859
G1 X115.511 Y127.83 F18000
G1 F3600
G1 X115.101 Y127.336 E.0195
G1 X114.51 Y126.775 E.0248
G1 X113.857 Y126.287 E.02479
G1 X113.152 Y125.88 E.02477
G1 X112.404 Y125.558 E.02476
G1 X111.623 Y125.327 E.02475
G1 X110.822 Y125.19 E.02474
G1 X110.01 Y125.148 E.02472
G1 X109.199 Y125.201 E.02471
G1 X108.401 Y125.35 E.0247
G1 X107.626 Y125.593 E.02469
G1 X106.886 Y125.924 E.02467
G1 X106.19 Y126.341 E.02466
G1 X105.549 Y126.837 E.02465
G1 X104.972 Y127.404 E.02463
G1 X104.489 Y128.006 E.02347
G1 X104.489 Y128.701 F18000
G1 F3600
G1 X104.872 Y128.118 E.02119
G1 X105.381 Y127.518 E.02393
G1 X105.959 Y126.984 E.02395
G1 X106.599 Y126.524 E.02396
G1 X107.29 Y126.145 E.02398
G1 X108.022 Y125.852 E.02399
G1 X108.785 Y125.651 E.024
G1 X109.568 Y125.543 E.02402
G1 X110.358 Y125.531 E.02403
G1 X111.144 Y125.615 E.02404
G1 X111.914 Y125.794 E.02406
G1 X112.658 Y126.065 E.02407
G1 X113.363 Y126.424 E.02408
G1 X114.021 Y126.866 E.0241
G1 X114.621 Y127.385 E.02411
G1 X115.153 Y127.972 E.02412
G1 X115.511 Y128.478 E.01883
G1 X115.473 Y128.504 F18000
M204 P2000
;TYPE:Gap infill
;WIDTH:0.125294
G1 F6000
G1 X115.587 Y128.917 E.00285
G1 X115.511 Y129.228 F18000
M204 P1000
;TYPE:Top surface
;WIDTH:0.42
G1 F3600
G1 X115.364 Y128.94 E.00985
G1 X114.933 Y128.301 E.02344
G1 X114.425 Y127.722 E.02342
G1 X113.85 Y127.21 E.02341
G1 X113.216 Y126.775 E.02339
G1 X112.533 Y126.422 E.02338
G1 X111.812 Y126.157 E.02336
G1 X111.064 Y125.984 E.02335
G1 X110.301 Y125.906 E.02334
G1 X109.534 Y125.924 E.02332
G1 X108.776 Y126.038 E.02331
G1 X108.039 Y126.245 E.02329
G1 X107.334 Y126.542 E.02328
G1 X106.672 Y126.926 E.02326
G1 X106.064 Y127.389 E.02325
G1 X105.518 Y127.924 E.02324
G1 X105.045 Y128.523 E.02322
G1 X104.651 Y129.176 E.02321
G1 X104.489 Y129.541 E.01213
G1 X104.527 Y129.557 F18000
M204 P2000
;TYPE:Gap infill
;WIDTH:0.188716
G1 F6000
G1 X104.471 Y129.862 E.00364
;WIDTH:0.162297
G1 X104.444 Y130.036 E.0017
;WIDTH:0.137588
G1 X104.418 Y130.211 E.00135
G1 X104.489 Y130.71 F18000
M204 P1000
;TYPE:Top surface
;WIDTH:0.42
G1 F3600
G1 X104.718 Y129.945 E.0243
G1 X105.026 Y129.274 E.02246
G1 X105.419 Y128.648 E.02248
G1 X105.889 Y128.077 E.02249
G1 X106.431 Y127.573 E.02251
G1 X107.033 Y127.142 E.02252
G1 X107.686 Y126.792 E.02254
G1 X108.38 Y126.53 E.02255
G1 X109.102 Y126.359 E.02257
G1 X109.841 Y126.283 E.02258
G1 X110.583 Y126.302 E.0226
G1 X111.318 Y126.418 E.02261
G1 X112.032 Y126.627 E.02263
G1 X112.714 Y126.926 E.02264
G1 X113.352 Y127.311 E.02266
G1 X113.935 Y127.775 E.02267
G1 X114.455 Y128.31 E.02269
G1 X114.902 Y128.908 E.0227
G1 X115.268 Y129.559 E.02272
G1 X115.511 Y130.159 E.01969
G1 X115.462 Y130.179 F18000
M204 P2000
;TYPE:Gap infill
;WIDTH:0.253064
G1 F6000
G1 X115.496 Y130.363 E.00317
;WIDTH:0.230479
G1 X115.519 Y130.55 E.00285
;WIDTH:0.188686
G1 X115.54 Y130.723 E.00205
;WIDTH:0.148479
G1 X115.561 Y130.897 E.00149
;WIDTH:0.108272
G1 X115.582 Y131.07 E.00092
G1 E-2.32527
;WIPE_START
G1 X115.561 Y130.897 E-.17473
;WIPE_END
G1 X115.583 Y129.786 F18000
G1 E2.5 F6000
;WIDTH:0.108444
G1 X115.561 Y129.675 E.0006
;WIDTH:0.148991
G1 X115.54 Y129.563 E.00097
;WIDTH:0.195513
G2 X115.472 Y129.248 I-5.06 J.927 E.00397
G1 E-2.17775
;WIPE_START
G1 X115.54 Y129.563 E-.32225
;WIPE_END
G1 X115.581 Y133.069 F18000
G1 E2.5 F6000
;WIDTH:0.133548
G1 X115.555 Y133.376 E.00225
;WIDTH:0.15961
G1 X115.525 Y133.585 E.00199
;WIDTH:0.209084
G1 X115.494 Y133.794 E.00283
;WIDTH:0.258559
G1 X115.463 Y134.003 E.00368
G1 X115.511 Y134.023 F18000
M204 P1000
;TYPE:Top surface
;WIDTH:0.42
G1 F3600
G1 X115.264 Y134.632 E.01999
G1 X114.896 Y135.286 E.02284
G1 X114.447 Y135.888 E.02285
G1 X113.924 Y136.429 E.02287
G1 X113.336 Y136.899 E.02288
G1 X112.693 Y137.291 E.0229
G1 X112.084 Y137.562 E.02028
G1 X112.033 Y137.548 F18000
M204 P2000
;TYPE:Gap infill
;WIDTH:0.148082
G1 F6000
G1 X112.062 Y137.666 E.00103
;WIDTH:0.176458
G1 X112.081 Y137.767 E.00111
G1 X112.008 Y137.849 F18000
;WIDTH:0.0946909
G1 F6000
G3 X112.042 Y138.18 I-6.066 J.782 E.00139
G1 X112.065 Y137.969 F18000
M204 P1000
;TYPE:Top surface
;WIDTH:0.42
G1 F3600
G1 X112.197 Y137.928 E.00418
G1 X112.904 Y137.606 E.02363
G1 X113.565 Y137.199 E.02362
G1 X114.171 Y136.714 E.0236
G1 X114.712 Y136.158 E.02359
G1 X115.18 Y135.54 E.02358
G1 X115.511 Y134.967 E.02012
G1 X115.47 Y134.944 F18000
M204 P2000
;TYPE:Gap infill
;WIDTH:0.216388
G1 F6000
G1 X115.516 Y134.74 E.00292
;WIDTH:0.192985
G1 X115.538 Y134.625 E.00142
;WIDTH:0.151059
G1 X115.561 Y134.51 E.00102
;WIDTH:0.130096
G1 X115.583 Y134.395 E.00082
G1 E-2.38286
;WIPE_START
G1 X115.561 Y134.51 E-.11714
;WIPE_END
G1 X115.511 Y135.702 F18000
G1 E2.5 F6000
M204 P1000
;TYPE:Top surface
;WIDTH:0.42
G1 F3600
G1 X115.243 Y136.102 E.01464
G1 X114.721 Y136.706 E.02428
G1 X114.131 Y137.244 E.0243
G1 X113.48 Y137.708 E.02431
G1 X112.778 Y138.091 E.02432
G1 X111.952 Y138.408 E.0269
G1 X111.683 Y138.759 F18000
M204 P2000
;TYPE:Gap infill
;WIDTH:0.197225
G1 F6000
G1 X111.622 Y139.079 E.00406
G1 X111.73 Y138.928 F18000
;WIDTH:0.122361
G1 F6000
G1 X111.406 Y139.113 E.00239
G1 X111.221 Y139.362 F18000
M204 P1000
;TYPE:Top surface
;WIDTH:0.42
G1 F3600
G1 X111.978 Y139.192 E.02359
G1 X112.776 Y138.915 E.02568
G1 X113.536 Y138.55 E.02567
G1 X114.25 Y138.1 E.02565
G1 X114.908 Y137.573 E.02564
G1 X115.511 Y136.962 E.02611
G1 X115.511 Y137.503 F18000
G1 F3600
G1 X115.064 Y137.938 E.01895
G1 X114.382 Y138.468 E.02629
G1 X113.645 Y138.92 E.0263
G1 X112.861 Y139.287 E.02631
G1 X112.042 Y139.566 E.02632
G1 X111.196 Y139.752 E.02633
G1 X110.335 Y139.844 E.02635
G1 X109.468 Y139.84 E.02636
G1 X108.607 Y139.74 E.02637
G1 X107.762 Y139.545 E.02638
G1 X106.943 Y139.258 E.02639
G1 X106.161 Y138.882 E.0264
G1 X105.424 Y138.422 E.02641
G1 X104.743 Y137.883 E.02642
G1 X104.489 Y137.633 E.01084
G1 X104.489 Y138.147 F18000
G1 F3600
G1 X104.86 Y138.472 E.01501
G1 X105.588 Y138.983 E.02704
G1 X106.366 Y139.412 E.02703
G1 X107.186 Y139.755 E.02702
G1 X108.037 Y140.007 E.02701
G1 X108.911 Y140.166 E.027
G1 X109.796 Y140.23 E.02699
G1 X110.682 Y140.197 E.02698
G1 X111.56 Y140.069 E.02697
G1 X112.418 Y139.847 E.02696
G1 X113.247 Y139.534 E.02695
G1 X114.037 Y139.133 E.02694
G1 X114.778 Y138.649 E.02693
G1 X115.511 Y138.038 E.02902
G1 X115.511 Y138.541 F18000
G1 F3600
G1 X114.693 Y139.169 E.03137
G1 X113.914 Y139.631 E.02755
G1 X113.09 Y140.008 E.02756
G1 X112.231 Y140.296 E.02757
G1 X111.345 Y140.492 E.02758
G1 X110.444 Y140.593 E.02759
G1 X109.537 Y140.599 E.0276
G1 X108.634 Y140.508 E.02761
G1 X107.745 Y140.323 E.02762
G1 X106.88 Y140.044 E.02763
G1 X106.049 Y139.676 E.02764
G1 X105.262 Y139.222 E.02765
G1 X104.489 Y138.655 E.02916
G1 X104.489 Y139.133 F18000
G1 F3600
G1 X105.168 Y139.61 E.02523
G1 X105.979 Y140.063 E.02825
G1 X106.832 Y140.429 E.02824
G1 X107.718 Y140.705 E.02823
G1 X108.627 Y140.888 E.02822
G1 X109.55 Y140.977 E.02821
G1 X110.477 Y140.969 E.0282
G1 X111.398 Y140.866 E.02819
G1 X112.303 Y140.667 E.02818
G1 X113.183 Y140.377 E.02817
G1 X114.027 Y139.997 E.02816
G1 X114.827 Y139.532 E.02815
G1 X115.511 Y139.033 E.02574
G1 X115.476 Y138.986 F18000
M204 P2000
;TYPE:Gap infill
;WIDTH:0.126183
G1 F6000
G1 X115.601 Y138.72 E.00197
G1 X115.511 Y139.499 F18000
M204 P1000
;TYPE:Top surface
;WIDTH:0.42
G1 F3600
G1 X115.18 Y139.75 E.01264
G1 X114.372 Y140.241 E.02873
G1 X113.519 Y140.648 E.02874
G1 X112.629 Y140.966 E.02875
G1 X111.711 Y141.193 E.02876
G1 X110.774 Y141.325 E.02877
G1 X109.829 Y141.362 E.02878
G1 X108.884 Y141.302 E.02879
G1 X107.95 Y141.148 E.0288
G1 X107.036 Y140.899 E.02881
G1 X106.151 Y140.559 E.02882
G1 X105.305 Y140.132 E.02883
G1 X104.489 Y139.607 E.02952
G1 X104.489 Y140.053 F18000
G1 F3600
G1 X104.833 Y140.29 E.0127
G1 X105.68 Y140.756 E.02941
G1 X106.569 Y141.136 E.0294
G1 X107.491 Y141.426 E.02939
G1 X108.437 Y141.622 E.02938
G1 X109.397 Y141.724 E.02937
G1 X110.362 Y141.73 E.02936
G1 X111.323 Y141.64 E.02935
G1 X112.27 Y141.455 E.02934
G1 X113.194 Y141.178 E.02933
G1 X114.085 Y140.809 E.02932
G1 X114.935 Y140.354 E.02932
G1 X115.511 Y139.968 E.02111
G1 X115.511 Y140.426 F18000
G1 F3600
G1 X114.855 Y140.836 E.02353
G1 X113.975 Y141.273 E.02988
G1 X113.056 Y141.623 E.02989
G1 X112.107 Y141.881 E.0299
G1 X111.138 Y142.045 E.02991
G1 X110.156 Y142.114 E.02992
G1 X109.173 Y142.087 E.02993
G1 X108.196 Y141.965 E.02994
G1 X107.236 Y141.747 E.02994
G1 X106.301 Y141.438 E.02995
G1 X105.4 Y141.038 E.02996
G1 X104.489 Y140.515 E.03196
G1 X104.399 Y140.685 F18000
M204 P2000
;TYPE:Gap infill
;WIDTH:0.0958664
G1 F6000
G1 X104.519 Y140.905 E.00107
G1 X104.489 Y140.959 F18000
M204 P1000
;TYPE:Top surface
;WIDTH:0.42
G1 F3600
G1 X105.299 Y141.409 E.02817
G1 X106.219 Y141.81 E.03051
G1 X107.172 Y142.121 E.03051
G1 X108.151 Y142.339 E.0305
G1 X109.146 Y142.463 E.03049
G1 X110.148 Y142.491 E.03048
G1 X111.147 Y142.424 E.03047
G1 X112.135 Y142.26 E.03046
G1 X113.103 Y142.004 E.03046
G1 X114.042 Y141.655 E.03045
G1 X114.943 Y141.219 E.03044
G1 X115.511 Y140.872 E.02024
G1 X115.511 Y141.315 F18000
G1 F3600
G1 X115.191 Y141.512 E.01143
G1 X114.278 Y141.964 E.03098
G1 X113.326 Y142.328 E.03099
G1 X112.344 Y142.6 E.031
G1 X111.341 Y142.78 E.03101
G1 X110.324 Y142.864 E.03102
G1 X109.304 Y142.852 E.03102
G1 X108.29 Y142.744 E.03103
G1 X107.289 Y142.542 E.03104
G1 X106.312 Y142.246 E.03105
G1 X105.367 Y141.86 E.03106
G1 X104.489 Y141.401 E.03013
G1 X104.489 Y141.827 F18000
G1 F3600
G1 X104.66 Y141.929 E.00605
G1 X105.599 Y142.374 E.0316
G1 X106.574 Y142.731 E.03159
G1 X107.578 Y142.996 E.03158
G1 X108.73 Y143.177 E.03548
G1 X108.734 Y143.125 F18000
M204 P2000
;TYPE:Gap infill
;WIDTH:0.271194
G1 F6000
G1 X109.277 Y143.153 E.01
;WIDTH:0.266096
G2 X110.335 Y143.16 I3.988 J-574.575 E.01906
G1 X110.71 Y143.144 E.00674
;WIDTH:0.296295
G1 X111.084 Y143.129 E.00766
G1 X111.089 Y143.177 F18000
M204 P1000
;TYPE:Top surface
;WIDTH:0.42
G1 F3600
G1 X111.705 Y143.108 E.01885
G1 X112.721 Y142.897 E.03154
G1 X113.712 Y142.594 E.03153
G1 X114.671 Y142.2 E.03153
G1 X115.511 Y141.761 E.02883
G1 X115.511 Y142.185 F18000
G1 F3600
G1 X115.204 Y142.36 E.01074
G1 X114.245 Y142.795 E.03205
G1 X113.11 Y143.177 E.03642
G1 X113.097 Y143.127 F18000
M204 P2000
;TYPE:Gap infill
;WIDTH:0.274567
G1 F6000
G1 X112.944 Y143.149 E.00289
;WIDTH:0.246351
G1 X112.782 Y143.173 E.00268
;WIDTH:0.207405
G1 X112.542 Y143.198 E.0032
;WIDTH:0.159711
G1 X112.302 Y143.223 E.00227
;WIDTH:0.135864
G1 X112.062 Y143.247 E.00181
G1 E-2.25867
;WIPE_START
G1 X112.302 Y143.223 E-.24133
;WIPE_END
G1 X113.574 Y143.249 F18000
G1 E2.5 F6000
;WIDTH:0.134255
G1 X113.745 Y143.22 E.00128
;WIDTH:0.157297
G1 X113.916 Y143.191 E.0016
;WIDTH:0.203382
G1 X114.086 Y143.162 E.00224
;WIDTH:0.249466
G1 X114.257 Y143.133 E.00288
G1 X114.275 Y143.177 F18000
M204 P1000
;TYPE:Top surface
;WIDTH:0.42
G1 F3600
G2 X115.511 Y142.613 I-2.52 J-7.157 E.04138
G1 X115.511 Y143.042 F18000
G1 F3600
G1 X115.224 Y143.177 E.00963
G1 X115.205 Y143.137 F18000
M204 P2000
;TYPE:Gap infill
;WIDTH:0.222837
G1 F6000
G1 X115.014 Y143.178 E.00285
;WIDTH:0.198967
G1 X114.892 Y143.202 E.00156
;WIDTH:0.154648
G1 X114.77 Y143.226 E.00112
;WIDTH:0.132488
G1 X114.649 Y143.249 E.00089
G1 E-2.37614
;WIPE_START
G1 X114.77 Y143.226 E-.12386
;WIPE_END
G1 X111.236 Y139.426 F18000
G1 E2.5 F6000
;WIDTH:0.202799
G1 X110.97 Y139.507 E.00359
;WIDTH:0.183246
G1 X110.864 Y139.537 E.00124
;WIDTH:0.146726
G1 X110.754 Y139.567 E.00096
;WIDTH:0.128324
G1 X110.552 Y139.611 E.00142
G1 E-2.2937
;WIPE_START
G1 X110.754 Y139.567 E-.2063
;WIPE_END
G1 X109.533 Y139.631 F18000
G1 E2.5 F6000
;WIDTH:0.0927311
G1 X109.456 Y139.621 E.00031
;WIDTH:0.120443
G1 X109.239 Y139.572 E.0014
;WIDTH:0.161384
G1 X109.133 Y139.543 E.00105
;WIDTH:0.202563
G3 X108.797 Y139.441 I1.696 J-6.225 E.00452
G1 X108.805 Y139.382 F18000
M204 P1000
;TYPE:Top surface
;WIDTH:0.42
G1 F3600
G1 X108.628 Y139.361 E.0054
G1 X107.805 Y139.165 E.02574
G1 X107.009 Y138.877 E.02575
G1 X106.25 Y138.5 E.02576
G1 X105.539 Y138.04 E.02577
G1 X104.883 Y137.502 E.02578
G1 X104.489 Y137.096 E.01721
G1 X104.489 Y136.525 F18000
G1 F3600
G1 X104.684 Y136.767 E.00947
G1 X105.274 Y137.347 E.02514
G1 X105.927 Y137.853 E.02512
G1 X106.633 Y138.28 E.02511
G1 X107.384 Y138.622 E.0251
G1 X108.17 Y138.875 E.02509
G1 X108.316 Y138.904 E.00453
G1 X108.304 Y138.964 F18000
M204 P2000
;TYPE:Gap infill
;WIDTH:0.151052
G1 F6000
G1 X108.636 Y139.155 E.00334
G1 X108.415 Y139.116 F18000
;WIDTH:0.149269
G1 F6000
G1 X108.339 Y138.787 E.00289
G1 X108.066 Y138.454 F18000
M204 P1000
;TYPE:Top surface
;WIDTH:0.42
G1 F3600
G1 X107.328 Y138.193 E.02382
G1 X106.608 Y137.836 E.02443
G1 X105.936 Y137.396 E.02444
G1 X105.321 Y136.879 E.02445
G1 X104.771 Y136.292 E.02447
G1 X104.489 Y135.908 E.01448
G1 X104.525 Y135.881 F18000
M204 P2000
;TYPE:Gap infill
;WIDTH:0.133546
G1 F6000
G1 X104.412 Y135.504 E.00288
G1 X104.489 Y135.219 F18000
M204 P1000
;TYPE:Top surface
;WIDTH:0.42
G1 F3600
G1 X104.641 Y135.484 E.00928
G1 X105.11 Y136.109 E.02378
G1 X105.652 Y136.673 E.02377
G1 X106.259 Y137.165 E.02376
G1 X106.92 Y137.579 E.02374
G1 X107.628 Y137.908 E.02373
G1 X107.941 Y138.009 E.01002
G1 X107.991 Y137.893 F18000
M204 P2000
;TYPE:Gap infill
;WIDTH:0.187288
G1 F6000
G2 X107.978 Y138.223 I5.933 J.401 E.00384
G1 X107.923 Y137.805 F18000
;WIDTH:0.136056
G1 F6000
G3 X107.971 Y137.55 I4.728 J.749 E.00195
;WIDTH:0.103692
G1 X107.994 Y137.433 E.00058
G1 X107.959 Y137.416 F18000
;WIDTH:0.132911
G1 F6000
G1 X108.003 Y137.232 E.00137
;WIDTH:0.127352
G3 X108.056 Y137.056 I1.135 J.244 E.00125
G1 X108.143 Y136.807 E.0018
G2 X108.256 Y136.622 I-5.66 J-3.581 E.00148
G1 X108.308 Y136.522 E.00077
;WIDTH:0.151312
G1 X108.358 Y136.425 E.00095
;WIDTH:0.160229
G1 X108.459 Y136.393 E.001
G1 X108.481 Y136.345 F18000
;WIDTH:0.113481
G1 F6000
G3 X108.648 Y136.059 I5.323 J2.917 E.00189
G1 X108.766 Y136.094 F18000
;WIDTH:0.126036
G1 F6000
G1 X108.527 Y136.145 E.00164
G1 X108.506 Y136.21 F18000
M204 P1000
;TYPE:Top surface
;WIDTH:0.42
G1 F3600
G1 X108.268 Y136.133 E.0076
G1 X107.682 Y135.843 E.0199
G1 X107.143 Y135.47 E.01992
G1 X106.665 Y135.022 E.01994
G1 X106.257 Y134.509 E.01996
G1 X105.927 Y133.94 E.01998
G1 X105.684 Y133.329 E.01999
G1 X105.532 Y132.689 E.02001
G1 X105.475 Y132.033 E.02003
G1 X105.514 Y131.375 E.02005
G1 X105.648 Y130.729 E.02007
G1 X105.874 Y130.108 E.02009
G1 X106.189 Y129.526 E.02011
G1 X106.584 Y128.996 E.02013
G1 X107.053 Y128.527 E.02015
G1 X107.585 Y128.131 E.02017
G1 X108.169 Y127.815 E.02019
G1 X108.792 Y127.587 E.02021
G1 X109.443 Y127.451 E.02023
G1 X110.108 Y127.41 E.02024
G1 X110.772 Y127.465 E.02026
G1 X111.422 Y127.615 E.02028
G1 X112.044 Y127.856 E.0203
G1 X112.625 Y128.185 E.02032
G1 X113.155 Y128.594 E.02034
G1 X113.62 Y129.075 E.02036
G1 X114.012 Y129.618 E.02038
G1 X114.323 Y130.212 E.0204
G1 X114.547 Y130.845 E.02041
G1 X114.677 Y131.504 E.02043
G1 X114.713 Y132.176 E.02045
G1 X114.653 Y132.846 E.02047
G1 X114.498 Y133.502 E.02049
G1 X114.251 Y134.129 E.02051
G1 X113.917 Y134.716 E.02053
G1 X113.503 Y135.249 E.02054
G1 X113.017 Y135.72 E.02056
G1 X112.469 Y136.117 E.02058
G1 X111.87 Y136.432 E.0206
G1 X111.719 Y136.486 E.00486
G1 X111.688 Y136.525 F18000
M204 P2000
;TYPE:Gap infill
;WIDTH:0.114609
G1 F6000
G1 X111.737 Y136.622 E.00063
;WIDTH:0.103689
G2 X111.797 Y136.705 I.166 J-.058 E.00051
;WIDTH:0.135726
G1 X111.922 Y136.979 E.00226
G1 X111.948 Y136.983 F18000
;WIDTH:0.0845082
G1 F6000
G1 X111.973 Y136.988 E.00009
G1 X111.948 Y136.983 F18000
;WIDTH:0.126307
G1 F6000
G1 X111.922 Y136.979 E.00017
G1 X111.999 Y137.232 E.00178
;WIDTH:0.137553
G1 X112.038 Y137.377 E.00114
G1 X112.005 Y137.43 F18000
;WIDTH:0.128111
G1 F6000
G1 X112.033 Y137.548 E.00083
G1 X112.028 Y137.174 F18000
M204 P1000
;TYPE:Top surface
;WIDTH:0.42
G1 F3600
G1 X112.205 Y137.108 E.00574
G1 X112.85 Y136.768 E.02216
G1 X113.443 Y136.346 E.02215
G1 X113.976 Y135.85 E.02213
G1 X114.438 Y135.288 E.02212
G1 X114.821 Y134.671 E.0221
G1 X115.12 Y134.009 E.02208
G1 X115.329 Y133.314 E.02207
G1 X115.444 Y132.599 E.02205
G1 X115.464 Y131.874 E.02204
G1 X115.387 Y131.154 E.02202
G1 X115.217 Y130.451 E.022
G1 X114.954 Y129.778 E.02199
G1 X114.605 Y129.145 E.02197
G1 X114.176 Y128.565 E.02196
G1 X113.674 Y128.047 E.02194
G1 X113.107 Y127.601 E.02192
G1 X112.487 Y127.234 E.02191
G1 X111.825 Y126.953 E.02189
G1 X111.131 Y126.763 E.02188
G1 X110.419 Y126.668 E.02186
G1 X109.701 Y126.668 E.02184
G1 X108.989 Y126.763 E.02183
G1 X108.298 Y126.953 E.02181
G1 X107.638 Y127.233 E.02179
G1 X107.023 Y127.599 E.02178
G1 X106.462 Y128.043 E.02176
G1 X105.966 Y128.558 E.02174
G1 X105.544 Y129.135 E.02173
G1 X105.203 Y129.762 E.02171
G1 X104.95 Y130.429 E.02169
G1 X104.789 Y131.123 E.02168
G1 X104.722 Y131.832 E.02166
G1 X104.752 Y132.543 E.02165
G1 X104.877 Y133.244 E.02163
G1 X105.095 Y133.92 E.02161
G1 X105.402 Y134.56 E.0216
G1 X105.792 Y135.153 E.02158
G1 X106.258 Y135.687 E.02156
G1 X106.792 Y136.153 E.02154
G1 X107.383 Y136.542 E.02153
G1 X108.074 Y136.864 E.0232
G1 X107.958 Y137.225 F18000
G1 F3600
G1 X107.269 Y136.91 E.02306
G1 X106.65 Y136.517 E.02229
G1 X106.087 Y136.047 E.02231
G1 X105.59 Y135.507 E.02232
G1 X105.167 Y134.906 E.02234
G1 X104.827 Y134.255 E.02235
G1 X104.573 Y133.564 E.02237
G1 X104.489 Y133.19 E.01169
G1 X104.535 Y133.179 F18000
M204 P2000
;TYPE:Gap infill
;WIDTH:0.251622
G1 F6000
G1 X104.508 Y132.876 E.00513
;WIDTH:0.230512
G1 X104.482 Y132.572 E.00461
;WIDTH:0.193918
G3 X104.483 Y131.459 I16.208 J-.535 E.01356
;WIDTH:0.229389
G1 X104.5 Y131.09 E.00555
;WIDTH:0.260571
G1 X104.522 Y130.898 E.0034
;WIDTH:0.28753
G1 X104.542 Y130.719 E.00355
G1 E-2.3203
;WIPE_START
G1 X104.522 Y130.898 E-.1797
;WIPE_END
G1 X104.413 Y129.194 F18000
G1 E2.5 F6000
;WIDTH:0.137299
G1 X104.528 Y128.726 E.00367
G1 E-2.01827
;WIPE_START
G1 X104.413 Y129.194 E-.48173
;WIPE_END
G1 X104.417 Y133.741 F18000
G1 E2.5 F6000
;WIDTH:0.133504
G1 X104.446 Y133.903 E.0012
;WIDTH:0.156171
G1 X104.475 Y134.065 E.00151
;WIDTH:0.201504
G1 X104.504 Y134.227 E.00211
;WIDTH:0.246838
G1 X104.533 Y134.39 E.00271
G1 X104.489 Y134.412 F18000
M204 P1000
;TYPE:Top surface
;WIDTH:0.42
G1 F3600
G1 X104.79 Y135.01 E.02038
G1 X105.214 Y135.639 E.02308
G1 X105.714 Y136.21 E.02306
G1 X106.282 Y136.712 E.02305
G1 X106.908 Y137.138 E.02303
G1 X107.582 Y137.481 E.02302
G1 X107.914 Y137.6 E.01071
G1 E-1.75 F6000
;WIPE_START
G1 F3600
G1 X107.582 Y137.481 E-.26422
G1 X107.005 Y137.187 E-.48578
;WIPE_END
G1 X108.257 Y136.521 F18000
G1 E2.5 F6000
G1 F3600
G1 X107.912 Y136.39 E.01125
G1 X107.315 Y136.06 E.02073
G1 X106.77 Y135.65 E.02074
G1 X106.288 Y135.166 E.02076
G1 X105.878 Y134.62 E.02078
G1 X105.548 Y134.021 E.0208
G1 X105.305 Y133.381 E.02082
G1 X105.154 Y132.713 E.02083
G1 X105.098 Y132.029 E.02085
G1 X105.138 Y131.344 E.02087
G1 X105.273 Y130.671 E.02089
G1 X105.5 Y130.022 E.02091
G1 X105.816 Y129.411 E.02092
G1 X106.214 Y128.849 E.02094
G1 X106.687 Y128.348 E.02096
G1 X107.226 Y127.917 E.02098
G1 X107.819 Y127.564 E.02099
G1 X108.456 Y127.297 E.02101
G1 X109.125 Y127.121 E.02103
G1 X109.812 Y127.039 E.02105
G1 X110.505 Y127.052 E.02107
G1 X111.189 Y127.162 E.02108
G1 X111.853 Y127.365 E.0211
G1 X112.482 Y127.657 E.02112
G1 X113.066 Y128.035 E.02113
G1 X113.592 Y128.489 E.02115
G1 X114.052 Y129.012 E.02117
G1 X114.435 Y129.593 E.02119
G1 X114.736 Y130.222 E.0212
G1 X114.947 Y130.888 E.02122
G1 X115.065 Y131.576 E.02124
G1 X115.088 Y132.274 E.02126
G1 X115.014 Y132.97 E.02127
G1 X114.846 Y133.65 E.02129
G1 X114.587 Y134.3 E.02131
G1 X114.24 Y134.91 E.02132
G1 X113.814 Y135.467 E.02134
G1 X113.315 Y135.961 E.02136
G1 X112.753 Y136.383 E.02138
G1 X112.138 Y136.725 E.02139
G1 X111.906 Y136.815 E.00756
G1 X111.688 Y136.525 F18000
M204 P2000
;TYPE:Gap infill
;WIDTH:0.14242
G1 F6000
G1 X111.588 Y136.34 E.00169
G1 X111.519 Y136.344 F18000
;WIDTH:0.096873
G1 F6000
G1 X111.473 Y136.271 E.00037
;WIDTH:0.126786
G1 X111.411 Y136.184 E.00073
;WIDTH:0.168219
G1 X111.348 Y136.096 E.00109
G1 X111.203 Y136.068 E.00149
G1 X111.109 Y135.901 F18000
M204 P1000
;TYPE:Top surface
;WIDTH:0.42
G1 F3600
G1 X111.547 Y135.751 E.01406
G1 X112.096 Y135.46 E.01891
G1 X112.594 Y135.089 E.01888
G1 X113.028 Y134.646 E.01886
G1 X113.388 Y134.142 E.01884
G1 X113.665 Y133.589 E.01882
G1 X113.854 Y133.001 E.0188
G1 X113.948 Y132.391 E.01877
G1 X113.947 Y131.774 E.01875
G1 X113.85 Y131.166 E.01873
G1 X113.661 Y130.581 E.01871
G1 X113.382 Y130.033 E.01868
G1 X113.022 Y129.536 E.01866
G1 X112.59 Y129.102 E.01864
G1 X112.095 Y128.741 E.01862
G1 X111.551 Y128.462 E.0186
G1 X110.971 Y128.272 E.01857
G1 X110.368 Y128.176 E.01855
G1 X109.759 Y128.175 E.01853
G1 X109.158 Y128.271 E.0185
G1 X108.58 Y128.459 E.01848
G1 X108.04 Y128.735 E.01846
G1 X107.551 Y129.093 E.01844
G1 X107.125 Y129.523 E.01841
G1 X106.773 Y130.015 E.01839
G1 X106.503 Y130.555 E.01837
G1 X106.323 Y131.131 E.01834
G1 X106.237 Y131.727 E.01832
G1 X106.246 Y132.329 E.0183
G1 X106.351 Y132.92 E.01827
G1 X106.548 Y133.487 E.01825
G1 X106.834 Y134.014 E.01823
G1 X107.199 Y134.488 E.0182
G1 X107.635 Y134.898 E.01818
G1 X108.13 Y135.231 E.01816
G1 X108.671 Y135.481 E.01813
G1 X109.245 Y135.64 E.01811
G1 X109.427 Y135.66 E.00557
G1 X109.432 Y135.611 F18000
M204 P2000
;TYPE:Gap infill
;WIDTH:0.24702
G1 F6000
G1 X109.655 Y135.597 E.00367
;WIDTH:0.213723
G1 X110.108 Y135.589 E.00625
;WIDTH:0.232716
G1 X110.335 Y135.591 E.00347
;WIDTH:0.265732
G1 X110.526 Y135.603 E.00344
G1 X110.536 Y135.65 F18000
M204 P1000
;TYPE:Top surface
;WIDTH:0.42
G1 F3600
G1 X111.009 Y135.547 E.01471
G1 X111.559 Y135.329 E.01801
G1 X112.067 Y135.026 E.01799
G1 X112.518 Y134.644 E.01797
G1 X112.901 Y134.196 E.01794
G1 X113.206 Y133.691 E.01792
G1 X113.424 Y133.145 E.01789
G1 X113.55 Y132.571 E.01787
G1 X113.581 Y131.985 E.01785
G1 X113.516 Y131.403 E.01782
G1 X113.357 Y130.84 E.0178
G1 X113.109 Y130.311 E.01777
G1 X112.777 Y129.831 E.01775
G1 X112.372 Y129.412 E.01772
G1 X111.904 Y129.066 E.0177
G1 X111.386 Y128.802 E.01767
G1 X110.833 Y128.627 E.01765
G1 X110.259 Y128.546 E.01762
G1 X109.681 Y128.561 E.0176
G1 X109.114 Y128.672 E.01757
G1 X108.573 Y128.874 E.01755
G1 X108.075 Y129.163 E.01752
G1 X107.632 Y129.531 E.0175
G1 X107.257 Y129.966 E.01747
G1 X106.96 Y130.457 E.01745
G1 X106.75 Y130.989 E.01742
G1 X106.632 Y131.549 E.01739
G1 X106.609 Y132.12 E.01737
G1 X106.682 Y132.685 E.01734
G1 X106.849 Y133.23 E.01732
G1 X107.105 Y133.737 E.01729
G1 X107.442 Y134.194 E.01726
G1 X107.85 Y134.587 E.01724
G1 X108.318 Y134.905 E.01721
G1 X108.833 Y135.138 E.01719
G1 X109.379 Y135.281 E.01716
G1 X109.94 Y135.329 E.01713
G1 X110.501 Y135.281 E.01711
G1 X111.044 Y135.139 E.01708
G1 X111.554 Y134.906 E.01705
G1 X112.016 Y134.59 E.01703
G1 X112.417 Y134.201 E.017
G1 X112.745 Y133.749 E.01697
G1 X112.989 Y133.248 E.01695
G1 X113.144 Y132.714 E.01692
G1 X113.205 Y132.162 E.01689
G1 X113.169 Y131.609 E.01686
G1 X113.039 Y131.071 E.01684
G1 X112.818 Y130.564 E.01681
G1 X112.513 Y130.104 E.01678
G1 X112.134 Y129.705 E.01675
G1 X111.692 Y129.378 E.01673
G1 X111.2 Y129.134 E.0167
G1 X110.674 Y128.979 E.01667
G1 X110.13 Y128.919 E.01664
G1 X109.585 Y128.954 E.01661
G1 X109.056 Y129.085 E.01659
G1 X108.558 Y129.306 E.01656
G1 X108.108 Y129.61 E.01653
G1 X107.719 Y129.989 E.0165
G1 X107.404 Y130.429 E.01647
G1 X107.172 Y130.917 E.01644
G1 X107.03 Y131.438 E.01641
G1 X106.983 Y131.975 E.01639
G1 X107.032 Y132.51 E.01636
G1 X107.175 Y133.028 E.01633
G1 X107.408 Y133.51 E.0163
G1 X107.723 Y133.943 E.01627
G1 X108.109 Y134.312 E.01624
G1 X108.554 Y134.604 E.01621
G1 X109.044 Y134.812 E.01618
G1 X109.562 Y134.928 E.01615
G1 X110.092 Y134.948 E.01612
G1 X110.616 Y134.873 E.01609
G1 X111.116 Y134.704 E.01606
G1 X111.577 Y134.448 E.01603
G1 X111.983 Y134.114 E.016
G1 X112.32 Y133.711 E.01597
G1 X112.578 Y133.255 E.01594
G1 X112.748 Y132.76 E.01591
G1 X112.824 Y132.244 E.01588
G1 X112.805 Y131.723 E.01585
G1 X112.69 Y131.216 E.01582
G1 X112.485 Y130.74 E.01578
G1 X112.195 Y130.31 E.01575
G1 X111.832 Y129.942 E.01572
G1 X111.408 Y129.649 E.01569
G1 X110.938 Y129.439 E.01566
G1 X110.438 Y129.321 E.01563
G1 X109.925 Y129.298 E.01559
G1 X109.419 Y129.371 E.01556
G1 X108.936 Y129.537 E.01553
G1 X108.494 Y129.791 E.0155
G1 X108.108 Y130.122 E.01547
G1 X107.792 Y130.519 E.01543
G1 X107.557 Y130.967 E.0154
G1 X107.411 Y131.451 E.01537
G1 X107.36 Y131.953 E.01533
G1 X107.405 Y132.454 E.0153
G1 X107.544 Y132.936 E.01527
G1 X107.772 Y133.382 E.01523
G1 X108.08 Y133.775 E.0152
G1 X108.457 Y134.102 E.01517
G1 X108.889 Y134.349 E.01513
G1 X109.359 Y134.508 E.0151
G1 X109.85 Y134.574 E.01507
G1 X110.343 Y134.543 E.01503
G1 X110.82 Y134.418 E.015
G1 X111.263 Y134.203 E.01496
G1 X111.654 Y133.906 E.01493
G1 X111.979 Y133.54 E.01489
G1 X112.226 Y133.119 E.01486
G1 X112.385 Y132.658 E.01482
G1 X112.45 Y132.176 E.01479
G1 X112.419 Y131.692 E.01475
G1 X112.294 Y131.225 E.01471
G1 X112.079 Y130.793 E.01468
G1 X111.783 Y130.413 E.01464
G1 X111.419 Y130.1 E.01461
G1 X111.001 Y129.867 E.01457
G1 X110.545 Y129.722 E.01453
G1 X110.071 Y129.672 E.0145
G1 X109.598 Y129.718 E.01446
G1 X109.145 Y129.857 E.01442
G1 X108.731 Y130.085 E.01438
G1 X108.372 Y130.391 E.01435
G1 X108.083 Y130.763 E.01431
G1 X107.877 Y131.184 E.01427
G1 X107.761 Y131.637 E.01423
G1 X107.741 Y132.104 E.01419
G1 X107.816 Y132.563 E.01415
G1 X107.984 Y132.996 E.01412
G1 X108.237 Y133.383 E.01408
G1 X108.563 Y133.709 E.01404
G1 X108.949 Y133.96 E.014
G1 X109.378 Y134.124 E.01396
G1 X109.83 Y134.196 E.01392
G1 X110.285 Y134.171 E.01388
G1 X110.724 Y134.051 E.01384
G1 X111.127 Y133.842 E.0138
G1 X111.476 Y133.554 E.01375
G1 X111.755 Y133.2 E.01371
G1 X111.951 Y132.796 E.01367
G1 X112.057 Y132.36 E.01363
G1 X112.067 Y131.914 E.01359
G1 X111.982 Y131.477 E.01355
G1 X111.805 Y131.069 E.0135
G1 X111.546 Y130.711 E.01346
G1 X111.216 Y130.418 E.01342
G1 X110.831 Y130.204 E.01337
G1 X110.411 Y130.08 E.01333
G1 X109.975 Y130.051 E.01329
G1 X109.545 Y130.117 E.01324
G1 X109.141 Y130.276 E.0132
G1 X108.784 Y130.519 E.01315
G1 X108.49 Y130.835 E.01311
G1 X108.274 Y131.206 E.01306
G1 X108.147 Y131.615 E.01302
G1 X108.115 Y132.04 E.01297
G1 X108.179 Y132.46 E.01292
G1 X108.335 Y132.854 E.01288
G1 X108.575 Y133.2 E.01283
G1 X108.887 Y133.482 E.01278
G1 X109.253 Y133.685 E.01273
G1 X109.655 Y133.799 E.01269
G1 X110.07 Y133.817 E.01264
G1 X110.476 Y133.739 E.01259
G1 X110.853 Y133.57 E.01254
G1 X111.178 Y133.319 E.01249
G1 X111.435 Y133.001 E.01244
G1 X111.609 Y132.633 E.01239
G1 X111.692 Y132.235 E.01234
G1 X111.678 Y131.832 E.01229
G1 X111.57 Y131.444 E.01224
G1 X111.373 Y131.095 E.01218
G1 X111.1 Y130.804 E.01213
G1 X110.767 Y130.589 E.01208
G1 X110.393 Y130.46 E.01202
G1 X110.001 Y130.427 E.01197
G1 X109.614 Y130.489 E.01192
G1 X109.256 Y130.643 E.01186
G1 X108.948 Y130.88 E.0118
G1 X108.709 Y131.183 E.01175
G1 X108.554 Y131.535 E.01169
G1 X108.492 Y131.913 E.01163
G1 X108.525 Y132.292 E.01158
G1 X108.653 Y132.648 E.01152
G1 X108.865 Y132.959 E.01146
G1 X109.149 Y133.205 E.0114
G1 X109.483 Y133.369 E.01134
G1 X109.847 Y133.442 E.01128
G1 X110.215 Y133.418 E.01122
G1 X110.562 Y133.299 E.01116
G1 X110.865 Y133.096 E.01109
G1 X111.102 Y132.821 E.01103
G1 X111.257 Y132.496 E.01096
G1 X111.32 Y132.143 E.0109
G1 X111.286 Y131.789 E.01083
G1 X111.159 Y131.458 E.01077
G1 X110.949 Y131.176 E.0107
G1 X110.671 Y130.964 E.01063
G1 X110.348 Y130.837 E.01056
G1 X110.005 Y130.804 E.01049
G1 X109.668 Y130.867 E.01042
G1 X109.365 Y131.021 E.01035
G1 X109.119 Y131.253 E.01027
G1 X108.95 Y131.542 E.0102
G1 X108.872 Y131.866 E.01012
G1 X108.89 Y132.196 E.01005
G1 X109.002 Y132.504 E.00997
G1 X109.199 Y132.763 E.00989
G1 X109.46 Y132.952 E.00981
G1 X109.764 Y133.053 E.00973
G1 X110.081 Y133.058 E.00965
G1 X110.382 Y132.968 E.00956
G1 X110.639 Y132.792 E.00948
G1 X110.827 Y132.547 E.00939
G1 X110.929 Y132.259 E.0093
G1 X110.935 Y131.956 E.00921
G1 X110.846 Y131.67 E.00912
G1 X110.671 Y131.431 E.00902
G1 X110.43 Y131.263 E.00892
G1 X110.151 Y131.184 E.00883
G1 X109.865 Y131.202 E.00872
G1 X109.604 Y131.313 E.00862
G1 X109.4 Y131.505 E.00851
G1 X109.275 Y131.751 E.00841
G1 X109.245 Y132.022 E.00829
G1 X109.312 Y132.283 E.00818
G1 X109.466 Y132.499 E.00806
G1 X109.685 Y132.641 E.00794
G1 X109.937 Y132.692 E.00781
G1 X110.185 Y132.644 E.00768
G1 X110.392 Y132.508 E.00755
G1 X110.527 Y132.305 E.00741
G1 X110.568 Y132.069 E.00727
G1 X110.512 Y131.842 E.00712
G1 X110.368 Y131.664 E.00696
G1 X110.167 Y131.566 E.00679
G1 X109.95 Y131.567 E.00662
G1 X109.761 Y131.664 E.00644
G1 X109.644 Y131.832 E.00624
G1 X109.623 Y132.029 E.00604
G1 X110 Y132.029 E.01147
G1 X110.146 Y132.261 F18000
M204 P2000
;TYPE:Gap infill
;WIDTH:0.322108
G1 F6000
G3 X109.938 Y132.357 I-.194 J-.146 E.00538
;WIDTH:0.322179
G1 X109.571 Y132.321 E.00831
G1 X110.146 Y132.261 F18000
;WIDTH:0.358382
G1 F6000
G1 X110.294 Y131.873 E.01057
G1 E-2.08441
;WIPE_START
G1 X110.146 Y132.261 E-.41559
;WIPE_END
G1 X109.209 Y135.826 F18000
G1 E2.5 F6000
;WIDTH:0.171197
G1 X108.872 Y135.863 E.00351
G1 X108.854 Y135.923 F18000
M204 P1000
;TYPE:Top surface
;WIDTH:0.42
G1 F3600
G1 X108.502 Y135.82 E.01115
G1 X107.935 Y135.555 E.01903
G1 X107.415 Y135.205 E.01906
G1 X106.954 Y134.78 E.01908
G1 X106.563 Y134.289 E.0191
G1 X106.251 Y133.743 E.01912
G1 X106.025 Y133.155 E.01914
G1 X105.891 Y132.54 E.01916
G1 X105.852 Y131.91 E.01918
G1 X105.909 Y131.281 E.01921
G1 X106.061 Y130.668 E.01923
G1 X106.304 Y130.083 E.01925
G1 X106.633 Y129.542 E.01927
G1 X107.04 Y129.056 E.01929
G1 X107.517 Y128.637 E.01931
G1 X108.052 Y128.293 E.01933
G1 X108.633 Y128.034 E.01935
G1 X109.247 Y127.865 E.01937
G1 X109.881 Y127.791 E.01939
G1 X110.519 Y127.812 E.01941
G1 X111.147 Y127.928 E.01943
G1 X111.751 Y128.138 E.01945
G1 X112.318 Y128.436 E.01948
G1 X112.835 Y128.815 E.0195
G1 X113.289 Y129.268 E.01952
G1 X113.672 Y129.784 E.01954
G1 X113.973 Y130.352 E.01956
G1 X114.187 Y130.959 E.01958
G1 X114.308 Y131.592 E.0196
G1 X114.334 Y132.237 E.01962
G1 X114.264 Y132.879 E.01964
G1 X114.1 Y133.504 E.01966
G1 X113.845 Y134.098 E.01968
G1 X113.504 Y134.649 E.0197
G1 X113.085 Y135.144 E.01972
G1 X112.597 Y135.572 E.01974
G1 X112.051 Y135.924 E.01976
G1 X111.469 Y136.187 E.01941
G1 E-1.75 F6000
;WIPE_START
G1 F3600
G1 X112.051 Y135.924 E-.47862
G1 X112.355 Y135.728 E-.27138
;WIPE_END
G1 X109.021 Y135.774 F18000
G1 E2.5 F6000
M204 P2000
;TYPE:Gap infill
;WIDTH:0.0988547
G2 X108.841 Y136.023 I4.504 J3.451 E.00139
G1 E-2.19219
;WIPE_START
G1 X109.021 Y135.774 E-.30781
;WIPE_END
G1 X111.712 Y138.863 F18000
G1 E2.5 F6000
M204 P1000
;TYPE:Top surface
;WIDTH:0.42
G1 F3600
G1 X112.229 Y138.719 E.01632
G1 X112.99 Y138.407 E.02501
G1 X113.709 Y138.009 E.025
G1 X114.377 Y137.53 E.02499
G1 X114.984 Y136.977 E.02498
G1 X115.511 Y136.37 E.02445
G1 X115.601 Y136.222 F18000
M204 P2000
;TYPE:Gap infill
;WIDTH:0.144072
G1 F6000
G1 X115.369 Y136.247 E.0019
G1 E-2.26661
;WIPE_START
G1 X115.601 Y136.222 E-.23339
;WIPE_END
G1 X107.807 Y143.247 F18000
G1 E2.5 F6000
;WIDTH:0.110104
G1 X107.523 Y143.223 E.00155
;WIDTH:0.151894
G1 X107.34 Y143.199 E.00162
;WIDTH:0.191192
G1 X107.158 Y143.175 E.0022
;WIDTH:0.230491
G1 X106.976 Y143.152 E.00278
;WIDTH:0.25014
G1 X106.793 Y143.128 E.00307
G1 X106.778 Y143.177 F18000
M204 P1000
;TYPE:Top surface
;WIDTH:0.42
G1 F3600
G1 X105.989 Y142.931 E.02513
G1 X105.013 Y142.527 E.03212
G1 X104.489 Y142.251 E.01802
G1 X104.489 Y142.687 F18000
G1 F3600
G1 X105.579 Y143.177 E.03635
G1 X105.595 Y143.132 F18000
M204 P2000
;TYPE:Gap infill
;WIDTH:0.194689
G1 F6000
G2 X106.034 Y143.206 I1.857 J-9.681 E.00545
;WIDTH:0.147619
G1 X106.171 Y143.227 E.00117
;WIDTH:0.108001
G1 X106.308 Y143.248 E.00073
G1 E-2.36114
;WIPE_START
G1 X106.171 Y143.227 E-.13886
;WIPE_END
G1 X104.652 Y143.177 F18000
G1 E2.5 F6000
M204 P1000
;TYPE:Top surface
;WIDTH:0.42
G1 F3600
G1 X104.489 Y143.1 E.00548
G1 X104.515 Y143.045 F18000
M204 P2000
;TYPE:Gap infill
;WIDTH:0.116396
G1 F6000
G1 X104.399 Y142.856 E.00132
G1 E-2.2776
;WIPE_START
G1 X104.515 Y143.045 E-.2224
;WIPE_END
G1 X104.642 Y135.131 F18000
G1 E2.5 F6000
;WIDTH:0.113146
G1 X104.399 Y135.063 E.00143
G1 E-2.2473
;WIPE_START
G1 X104.642 Y135.131 E-.2527
;WIPE_END
G1 X108.756 Y120.384 F18000
G1 E2.5 F6000
;WIDTH:0.122909
G1 X108.608 Y120.219 E.00143
G1 X108.442 Y116.365 F18000
;WIDTH:0.123687
G1 F6000
G1 X108.546 Y116.285 E.00086
;WIDTH:0.137071
G1 X108.65 Y116.205 E.001
;WIDTH:0.151285
G1 X108.655 Y116.201 E.00005
;WIDTH:0.176624
G1 X108.892 Y116.039 E.00309
G1 X109.065 Y116.062 F18000
;WIDTH:0.119413
G1 F6000
G2 X108.64 Y116.14 I1.219 J7.821 E.00266
G1 X110.935 Y116.062 F18000
;WIDTH:0.129802
G1 F6000
G3 X111.345 Y116.137 I-1.183 J7.6 E.00292
G1 X111.343 Y116.205 F18000
;WIDTH:0.120409
G1 F6000
G1 X111.538 Y116.353 E.00153
G1 X111.343 Y116.205 F18000
;WIDTH:0.157179
G1 F6000
G1 X111.221 Y116.122 E.00136
;WIDTH:0.17004
G1 X111.099 Y116.039 E.00151
G1 X112.687 Y116.635 F18000
;TYPE:Internal solid infill
;WIDTH:0.419999
G1 F6000
G1 X113.093 Y117.291 E.02347
G1 X113.333 Y117.99 E.02247
G1 X113.417 Y118.724 E.02248
G1 X113.402 Y118.974 E.00763
G1 X115.785 Y118.974 E.07245
G1 X115.785 Y116.635 E.07116
G1 X112.747 Y116.635 E.09238
G1 X113.365 Y117.012 F18000
G1 F6000
G1 X113.467 Y117.207 E.00672
G1 X113.69 Y117.869 E.02124
G1 X113.783 Y118.597 E.02232
G1 X115.408 Y118.597 E.04941
G1 X115.408 Y117.012 E.04822
G1 X113.425 Y117.012 E.06029
G1 X113.926 Y117.389 F18000
G1 F6000
G1 X114.082 Y117.879 E.01565
G1 X114.121 Y118.22 E.01043
G1 X115.03 Y118.22 E.02765
G1 X115.03 Y117.389 E.02529
G1 X113.986 Y117.389 E.03175
G1 X114.491 Y117.804 F18000
;WIDTH:0.497276
G1 F6000
G1 X114.555 Y117.804 E.00235
G1 X117.05 Y115.225 F18000
;TYPE:Gap infill
;WIDTH:0.330912
G1 F6000
G1 X117.05 Y84.345 E.71728
G1 X117.009 Y83.557 E.01833
G1 X116.886 Y82.811 E.01755
G1 X116.678 Y82.061 E.01809
G1 X116.398 Y81.359 E.01755
G1 X116.041 Y80.685 E.01773
G1 X115.607 Y80.047 E.01791
G1 X115.118 Y79.471 E.01755
G1 X114.564 Y78.946 E.01773
G1 X113.956 Y78.484 E.01773
G1 X113.309 Y78.094 E.01755
G1 X112.609 Y77.77 E.01791
G1 X111.886 Y77.526 E.01773
G1 X111.148 Y77.364 E.01755
G1 X110.374 Y77.279 E.01809
G1 X109.618 Y77.28 E.01755
G1 X108.867 Y77.361 E.01755
G1 X108.107 Y77.529 E.01809
G1 X107.391 Y77.77 E.01755
G1 X106.698 Y78.09 E.01773
G1 X106.044 Y78.484 E.01773
G1 X105.442 Y78.941 E.01755
G1 X104.877 Y79.477 E.01809
G1 X104.388 Y80.053 E.01755
G1 X103.959 Y80.685 E.01773
G1 X103.599 Y81.366 E.01791
G1 X103.319 Y82.068 E.01755
G1 X103.115 Y82.804 E.01773
G1 X102.991 Y83.557 E.01773
G1 X102.95 Y84.345 E.01833
G1 X102.95 Y115.225 E.71728
G1 X105.385 Y117.804 F18000
;TYPE:Internal solid infill
;WIDTH:0.497276
G1 F6000
G1 X105.449 Y117.804 E.00235
G1 X106.074 Y117.389 F18000
;WIDTH:0.419999
G1 F6000
G1 X104.97 Y117.389 E.03357
G1 X104.97 Y118.22 E.02529
G1 X105.879 Y118.22 E.02765
G1 X105.952 Y117.749 E.01451
G1 X106.054 Y117.446 E.00973
G1 X106.635 Y117.012 F18000
G1 F6000
G1 X104.592 Y117.012 E.06212
G1 X104.592 Y118.597 E.04822
G1 X106.217 Y118.597 E.04941
G1 X106.283 Y117.989 E.01862
G1 X106.533 Y117.207 E.02494
G1 X106.607 Y117.065 E.00489
G1 X107.314 Y116.635 F18000
G1 F6000
G1 X104.215 Y116.635 E.09425
G1 X104.215 Y118.974 E.07116
G1 X106.598 Y118.974 E.07245
G1 X106.583 Y118.724 E.00763
G1 X106.658 Y118.029 E.02124
G1 X106.89 Y117.328 E.02247
G1 X107.276 Y116.681 E.02292
; stop printing object LEG id:18398695746277035084 copy 0
M106 S252
;LAYER_CHANGE
;Z:2.24
;HEIGHT:0.2
G92 E0 ; zero the extruded length again
; BEFORE_LAYER_CHANGE 10 @ 2.24mm
G1 E-1.75 F6000
;WIPE_START
G1 X106.89 Y117.328 E-.56512
G1 X106.813 Y117.562 E-.18488
;WIPE_END
; AFTER_LAYER_CHANGE 10 @ 2.24mm
;_SET_FAN_SPEED_CHANGING_LAYER
; printing object LEG id:18398695746277035084 copy 0
G1 X103.79 Y120.959 Z2.24 F18000
G1 E2.5 F6000
M204 P1000
;TYPE:Outer wall
;WIDTH:0.42
G1 F3600
G1 X103.79 Y125.945 E.15165
G3 X102.21 Y124.164 I.238 J-1.802 E.07897
G1 X102.21 Y84.325 E1.21164
G3 X111.182 Y76.624 I7.789 J-.003 E.4083
G1 X111.26 Y76.632 E.0024
G3 X117.79 Y84.325 I-1.297 J7.719 E.3335
G1 X117.79 Y124.164 E1.21164
G3 X116.21 Y125.945 I-1.818 J-.02 E.07897
G1 X116.21 Y120.959 E.15165
G1 X103.85 Y120.959 E.37591
G1 X103.398 Y120.567 F18000
M204 P1500
;TYPE:Inner wall
;WIDTH:0.45
G1 F6000
G1 X103.398 Y125.442 E.16005
G3 X102.602 Y124.153 I.682 J-1.311 E.0522
G1 X102.602 Y84.335 E1.30736
G3 X111.139 Y77.013 I7.402 J-.008 E.41943
G1 X111.197 Y77.02 E.0019
G3 X117.398 Y84.335 I-1.233 J7.331 E.34224
G1 X117.398 Y124.153 E1.30735
G3 X116.602 Y125.442 I-1.478 J-.023 E.0522
G1 X116.602 Y120.567 E.16005
G1 X110.81 Y120.567 E.19019
G1 X110.76 Y120.388 E.0061
G2 X108.833 Y120.118 I-.753 J-1.638 E.30439
G2 X109.24 Y120.388 I1.444 J-1.738 E.01607
G1 X109.19 Y120.567 E.0061
G1 X103.458 Y120.567 E.18822
G1 E-1.75
;WIPE_START
G1 X103.446 Y121.567 E-.75
;WIPE_END
G1 X103.69 Y114.629 F18000
G1 E2.5 F6000
M204 P1000
;TYPE:Outer wall
;WIDTH:0.42
G1 F3600
G1 X103.69 Y84.311 E.92209
G3 X109.658 Y78.018 I6.31 J.008 E.29082
G3 X116.31 Y84.311 I.321 J6.322 E.31131
G1 X116.31 Y114.629 E.92209
G1 X103.75 Y114.629 E.382
G1 X103.298 Y114.629 F18000
M204 P1500
;TYPE:Inner wall
;WIDTH:0.45
G1 F6000
G1 X103.298 Y84.3 E.9958
G3 X109.637 Y77.626 I6.702 J.018 E.33315
G3 X116.702 Y84.3 I.342 J6.715 E.35665
G1 X116.702 Y115.021 E1.00868
G1 X103.298 Y115.021 E.4401
G1 X103.298 Y114.689 E.0109
G1 E-1.75
;WIPE_START
G1 X103.298 Y113.689 E-.75
;WIPE_END
G1 X111.788 Y117.447 F18000
G1 E2.5 F6000
G1 X111.759 Y117.407 E.00161
G2 X108.293 Y120.16 I-1.759 J1.344 E.23111
G1 X103.009 Y120.16 E.17348
G1 X103.009 Y115.428 E.15536
G1 X116.991 Y115.428 E.45907
G1 X116.991 Y120.16 E.15536
G1 X111.707 Y120.16 E.17348
G2 X111.894 Y117.604 I-1.707 J-1.41 E.08972
G1 X111.821 Y117.497 E.00427
G1 X112.125 Y117.219 F18000
G1 F6000
G1 X112.082 Y117.162 E.00234
G2 X107.587 Y119.753 I-2.082 J1.583 E.2479
G1 X103.416 Y119.753 E.13695
G1 X103.416 Y115.835 E.12863
G1 X116.584 Y115.835 E.43233
G1 X116.584 Y119.753 E.12863
G1 X112.413 Y119.753 E.13695
G2 X112.24 Y117.396 I-2.413 J-1.008 E.08051
G1 X112.157 Y117.269 E.00499
G1 X112.461 Y116.99 F18000
G1 F6000
G1 X112.408 Y116.914 E.00306
G2 X112.197 Y116.663 I-2.437 J1.836 E.01076
G1 X111.753 Y116.242 E.02008
G1 X116.177 Y116.242 E.14525
G1 X116.177 Y119.346 E.10189
G1 X112.963 Y119.346 E.1055
G2 X112.591 Y117.185 I-2.992 J-.596 E.07363
G1 X112.495 Y117.04 E.00572
G1 E-1.75
;WIPE_START
G1 X112.408 Y116.914 E-.11495
G1 X112.197 Y116.663 E-.24568
G1 X111.82 Y116.306 E-.38937
;WIPE_END
G1 X108.247 Y116.242 F18000
G1 E2.5 F6000
G1 X107.803 Y116.663 E.02008
G2 X107.037 Y119.346 I2.226 J2.087 E.09514
G1 X103.823 Y119.346 E.1055
G1 X103.823 Y116.242 E.10189
G1 X108.187 Y116.242 E.14328
G1 E-1.75
;WIPE_START
G1 X107.803 Y116.663 E-.42716
G1 X107.591 Y116.913 E-.24575
G1 X107.533 Y116.998 E-.07709
;WIPE_END
G1 X111.126 Y117.895 F18000
G1 E2.5 F6000
M204 P1000
;TYPE:Outer wall
;WIDTH:0.42
G1 F3600
G1 X111.279 Y118.152 E.00911
G3 X109.772 Y117.352 I-1.28 J.591 E.21358
G1 X109.924 Y117.336 E.00465
G3 X111.089 Y117.848 I.076 J1.407 E.04016
G1 E-1.75 F6000
;WIPE_START
G1 F3600
G1 X111.279 Y118.152 E-.26924
G1 X111.377 Y118.441 E-.22868
G1 X111.41 Y118.744 E-.22874
G1 X111.407 Y118.775 E-.02334
;WIPE_END
G1 X111.392 Y120.219 F18000
G1 E2.5 F6000
M204 P2000
;TYPE:Gap infill
;WIDTH:0.108824
G1 X111.321 Y120.302 E.00058
G3 X111.236 Y120.345 I-.083 J-.059 E.00053
G1 X110.591 Y120.513 F18000
;WIDTH:0.475998
G1 F6000
G3 X109.409 Y120.513 I-.591 J-4.055 E.04144
G1 X108.764 Y120.345 F18000
;WIDTH:0.109636
G1 F6000
G3 X108.608 Y120.219 I.054 J-.227 E.00112
G1 E-2.29259
;WIPE_START
G1 X108.698 Y120.323 E-.13782
G1 X108.764 Y120.345 E-.0696
;WIPE_END
G1 X103.115 Y124.97 F18000
G1 E2.5 F6000
;WIDTH:0.360148
G1 X103.026 Y124.486 E.0126
;WIDTH:0.405299
G3 X103.003 Y124.274 I2.01 J-.319 E.00623
;WIDTH:0.431455
G1 X103 Y120.364 E.12254
G1 X105.375 Y117.794 F18000
;TYPE:Internal solid infill
;WIDTH:0.476736
G1 F6000
G1 X105.481 Y117.794 E.0037
G1 X106.059 Y117.389 F18000
;WIDTH:0.419999
G1 F6000
G1 X104.97 Y117.389 E.03315
G1 X104.97 Y118.2 E.02466
G1 X105.868 Y118.2 E.02731
G1 X106.04 Y117.446 E.02353
G1 X106.64 Y117.012 F18000
G1 F6000
G1 X104.592 Y117.012 E.06228
G1 X104.592 Y118.577 E.0476
G1 X106.224 Y118.577 E.04962
G1 X106.237 Y118.273 E.00923
G1 X106.387 Y117.591 E.02124
G1 X106.616 Y117.067 E.01742
G1 X107.337 Y116.635 F18000
G1 F6000
G1 X104.215 Y116.635 E.09494
G1 X104.215 Y118.954 E.07054
G1 X106.602 Y118.954 E.0726
G1 X106.6 Y118.396 E.01697
G1 X106.755 Y117.672 E.0225
G1 X107.061 Y117 E.02248
G1 X107.301 Y116.682 E.01209
G1 X108.462 Y116.353 F18000
;TYPE:Gap infill
;WIDTH:0.14284
G1 F6000
G1 X108.652 Y116.208 E.00193
;WIDTH:0.156697
G1 X108.779 Y116.122 E.0014
;WIDTH:0.182907
G1 X108.901 Y116.039 E.00167
G1 X109.065 Y116.062 F18000
;WIDTH:0.119091
G1 F6000
G2 X108.654 Y116.137 I1.175 J7.555 E.00256
G1 X111.345 Y116.137 F18000
;WIDTH:0.129803
G1 F6000
G2 X110.935 Y116.062 I-1.587 J7.488 E.00292
G1 X111.099 Y116.039 F18000
;WIDTH:0.170041
G1 F6000
G1 X111.221 Y116.122 E.00151
;WIDTH:0.157179
G1 X111.343 Y116.205 E.00136
;WIDTH:0.12041
G1 X111.538 Y116.353 E.00153
G1 X112.663 Y116.635 F18000
;TYPE:Internal solid infill
;WIDTH:0.419999
G1 F6000
G1 X112.939 Y117 E.01392
G1 X113.232 Y117.634 E.02124
G1 X113.395 Y118.354 E.02247
G1 X113.398 Y118.954 E.01823
G1 X115.785 Y118.954 E.0726
G1 X115.785 Y116.635 E.07054
G1 X112.723 Y116.635 E.09311
G1 X113.36 Y117.012 F18000
G1 F6000
G1 X113.574 Y117.475 E.01554
G3 X113.777 Y118.397 I-7.938 J2.227 E.02871
G1 X113.776 Y118.577 E.00547
G1 X115.408 Y118.577 E.04962
G1 X115.408 Y117.012 E.0476
G1 X113.42 Y117.012 E.06046
G1 X113.941 Y117.389 F18000
G1 F6000
G3 X114.141 Y118.2 I-84.519 J21.301 E.0254
G1 X115.03 Y118.2 E.02706
G1 X115.03 Y117.389 E.02466
G1 X114.001 Y117.389 E.03132
G1 X114.459 Y117.794 F18000
;WIDTH:0.476736
G1 F6000
G1 X114.565 Y117.794 E.0037
G1 X117 Y120.364 F18000
;TYPE:Gap infill
;WIDTH:0.431174
G1 F6000
G1 X117 Y124.143 E.11835
G3 X116.988 Y124.379 I-2.261 J.006 E.00741
;WIDTH:0.394221
G1 X116.974 Y124.486 E.00304
;WIDTH:0.380202
G1 X116.885 Y124.97 E.01339
G1 X117.05 Y115.225 F18000
;WIDTH:0.330912
G1 F6000
G1 X117.05 Y84.345 E.71728
G1 X117.009 Y83.557 E.01833
G1 X116.886 Y82.811 E.01755
G1 X116.678 Y82.061 E.01809
G1 X116.398 Y81.359 E.01755
G1 X116.041 Y80.685 E.01773
G1 X115.612 Y80.053 E.01773
G1 X115.123 Y79.477 E.01755
G1 X114.564 Y78.946 E.01791
G1 X113.956 Y78.484 E.01773
G1 X113.309 Y78.094 E.01755
G1 X112.609 Y77.77 E.01791
G1 X111.886 Y77.526 E.01773
G1 X111.148 Y77.364 E.01755
G1 X110.374 Y77.279 E.01809
G1 X109.618 Y77.28 E.01755
G1 X108.867 Y77.361 E.01755
G1 X108.107 Y77.529 E.01809
G1 X107.391 Y77.77 E.01755
G1 X106.698 Y78.09 E.01773
G1 X106.044 Y78.484 E.01773
G1 X105.442 Y78.941 E.01755
G1 X104.877 Y79.477 E.01809
G1 X104.388 Y80.053 E.01755
G1 X103.959 Y80.685 E.01773
G1 X103.599 Y81.366 E.01791
G1 X103.319 Y82.068 E.01755
G1 X103.115 Y82.804 E.01773
G1 X102.991 Y83.557 E.01773
G1 X102.95 Y84.345 E.01833
G1 X102.95 Y115.225 E.71728
; stop printing object LEG id:18398695746277035084 copy 0
;LAYER_CHANGE
;Z:2.44
;HEIGHT:0.2
G92 E0 ; zero the extruded length again
; BEFORE_LAYER_CHANGE 11 @ 2.44mm
G1 E-1.75 F6000
;WIPE_START
G1 X102.95 Y114.225 E-.75
;WIPE_END
; AFTER_LAYER_CHANGE 11 @ 2.44mm
;_SET_FAN_SPEED_CHANGING_LAYER
; printing object LEG id:18398695746277035084 copy 0
G1 X103.79 Y120.959 Z2.44 F18000
G1 E2.5 F6000
M204 P1000
;TYPE:Outer wall
;WIDTH:0.42
G1 F3600
G1 X103.79 Y125.945 E.15165
G3 X102.21 Y124.164 I.238 J-1.802 E.07897
G1 X102.21 Y84.325 E1.21164
G3 X111.173 Y76.623 I7.788 J-.003 E.40804
G1 X111.26 Y76.632 E.00266
G3 X117.79 Y84.325 I-1.297 J7.719 E.3335
G1 X117.79 Y124.164 E1.21164
G3 X116.21 Y125.945 I-1.818 J-.02 E.07897
G1 X116.21 Y120.959 E.15165
G1 X103.85 Y120.959 E.37591
G1 X103.398 Y120.567 F18000
M204 P1500
;TYPE:Inner wall
;WIDTH:0.45
G1 F6000
G1 X103.398 Y125.442 E.16005
G3 X102.602 Y124.153 I.682 J-1.311 E.0522
G1 X102.602 Y84.335 E1.30736
G3 X111.131 Y77.012 I7.401 J-.008 E.41915
G1 X111.197 Y77.02 E.00218
G3 X117.398 Y84.335 I-1.233 J7.331 E.34224
G1 X117.398 Y124.153 E1.30735
G3 X116.602 Y125.442 I-1.478 J-.023 E.0522
G1 X116.602 Y120.567 E.16005
G1 X110.81 Y120.567 E.19019
G1 X110.76 Y120.388 E.0061
G2 X109.24 Y120.388 I-.76 J-1.638 E.32108
G1 X109.19 Y120.567 E.0061
G1 X103.458 Y120.567 E.18822
G1 E-1.75
;WIPE_START
G1 X103.446 Y121.567 E-.75
;WIPE_END
G1 X103.69 Y114.629 F18000
G1 E2.5 F6000
M204 P1000
;TYPE:Outer wall
;WIDTH:0.42
G1 F3600
G1 X103.69 Y84.311 E.92209
G3 X109.658 Y78.018 I6.31 J.008 E.29082
G3 X116.31 Y84.311 I.321 J6.322 E.31131
G1 X116.31 Y114.629 E.92209
G1 X103.75 Y114.629 E.382
G1 X103.298 Y114.629 F18000
M204 P1500
;TYPE:Inner wall
;WIDTH:0.45
G1 F6000
G1 X103.298 Y84.3 E.9958
G3 X109.637 Y77.626 I6.702 J.018 E.33315
G3 X116.702 Y84.3 I.342 J6.715 E.35665
G1 X116.702 Y115.021 E1.00868
G1 X103.298 Y115.021 E.4401
G1 X103.298 Y114.689 E.0109
G1 E-1.75
;WIPE_START
G1 X103.298 Y113.689 E-.75
;WIPE_END
G1 X111.786 Y117.445 F18000
G1 E2.5 F6000
G1 X111.759 Y117.407 E.00155
G2 X108.293 Y120.16 I-1.759 J1.344 E.23111
G1 X103.009 Y120.16 E.17348
G1 X103.009 Y115.428 E.15536
G1 X116.991 Y115.428 E.45907
G1 X116.991 Y120.16 E.15536
G1 X111.707 Y120.16 E.17348
G2 X111.894 Y117.604 I-1.707 J-1.41 E.08972
G1 X111.82 Y117.495 E.00434
G1 X112.123 Y117.217 F18000
G1 F6000
G1 X112.082 Y117.162 E.00227
G2 X107.587 Y119.753 I-2.082 J1.583 E.2479
G1 X103.416 Y119.753 E.13695
G1 X103.416 Y115.835 E.12863
G1 X116.584 Y115.835 E.43233
G1 X116.584 Y119.753 E.12863
G1 X112.413 Y119.753 E.13695
G2 X112.24 Y117.396 I-2.413 J-1.008 E.08051
G1 X112.156 Y117.267 E.00506
G1 X112.46 Y116.988 F18000
G1 F6000
G1 X112.408 Y116.914 E.003
G2 X112.197 Y116.663 I-2.437 J1.836 E.01076
G1 X111.753 Y116.242 E.02008
G1 X116.177 Y116.242 E.14525
G1 X116.177 Y119.346 E.10189
G1 X112.963 Y119.346 E.1055
G2 X112.591 Y117.185 I-2.992 J-.596 E.07363
G1 X112.493 Y117.038 E.00578
G1 E-1.75
;WIPE_START
G1 X112.408 Y116.914 E-.11343
G1 X112.197 Y116.663 E-.24568
G1 X111.819 Y116.305 E-.39089
;WIPE_END
G1 X108.247 Y116.242 F18000
G1 E2.5 F6000
G1 X107.803 Y116.663 E.02008
G2 X107.037 Y119.346 I2.226 J2.087 E.09514
G1 X103.823 Y119.346 E.1055
G1 X103.823 Y116.242 E.10189
G1 X108.187 Y116.242 E.14328
G1 E-1.75
;WIPE_START
G1 X107.803 Y116.663 E-.42717
G1 X107.591 Y116.913 E-.24572
G1 X107.533 Y116.998 E-.07711
;WIPE_END
G1 X111.125 Y117.894 F18000
G1 E2.5 F6000
M204 P1000
;TYPE:Outer wall
;WIDTH:0.42
G1 F3600
G1 X111.279 Y118.152 E.00917
G3 X109.772 Y117.352 I-1.28 J.591 E.21358
G1 X109.924 Y117.336 E.00465
G3 X111.087 Y117.847 I.076 J1.407 E.0401
G1 E-1.75 F6000
;WIPE_START
G1 F3600
G1 X111.279 Y118.152 E-.27061
G1 X111.377 Y118.441 E-.22868
G1 X111.41 Y118.727 E-.2157
G1 X111.408 Y118.773 E-.03501
;WIPE_END
G1 X111.392 Y120.219 F18000
G1 E2.5 F6000
M204 P2000
;TYPE:Gap infill
;WIDTH:0.108827
G1 X111.321 Y120.302 E.00058
G3 X111.236 Y120.345 I-.083 J-.059 E.00053
G1 X110.591 Y120.513 F18000
;WIDTH:0.475998
G1 F6000
G3 X109.409 Y120.513 I-.591 J-4.055 E.04144
G1 X108.764 Y120.345 F18000
;WIDTH:0.109635
G1 F6000
G3 X108.608 Y120.219 I.054 J-.227 E.00112
G1 E-2.29259
;WIPE_START
G1 X108.698 Y120.323 E-.13781
G1 X108.764 Y120.345 E-.0696
;WIPE_END
G1 X103.115 Y124.97 F18000
G1 E2.5 F6000
;WIDTH:0.356723
G1 X103.029 Y124.504 E.01199
;WIDTH:0.391228
G1 X103.011 Y124.374 E.0037
;WIDTH:0.430896
G3 X103 Y124.143 I2.196 J-.223 E.00724
G1 X103 Y120.364 E.11827
G1 X105.375 Y117.794 F18000
;TYPE:Internal solid infill
;WIDTH:0.476736
G1 F6000
G1 X105.481 Y117.794 E.0037
G1 X106.059 Y117.389 F18000
;WIDTH:0.419999
G1 F6000
G1 X104.97 Y117.389 E.03314
G1 X104.97 Y118.2 E.02466
G1 X105.868 Y118.2 E.02731
G1 X106.04 Y117.446 E.02353
G1 X106.64 Y117.012 F18000
G1 F6000
G1 X104.592 Y117.012 E.06228
G1 X104.592 Y118.577 E.0476
G1 X106.224 Y118.577 E.04962
G1 X106.237 Y118.273 E.00923
G1 X106.387 Y117.591 E.02124
G1 X106.616 Y117.067 E.01742
G1 X107.337 Y116.635 F18000
G1 F6000
G1 X104.215 Y116.635 E.09494
G1 X104.215 Y118.954 E.07054
G1 X106.602 Y118.954 E.0726
G1 X106.6 Y118.396 E.01697
G1 X106.755 Y117.672 E.0225
G1 X107.061 Y117 E.02248
G1 X107.301 Y116.682 E.01209
G1 X108.462 Y116.353 F18000
;TYPE:Gap infill
;WIDTH:0.142826
G1 F6000
G1 X108.652 Y116.208 E.00193
;WIDTH:0.156686
G1 X108.779 Y116.122 E.0014
;WIDTH:0.1829
G1 X108.901 Y116.039 E.00167
G1 X109.065 Y116.062 F18000
;WIDTH:0.119086
G1 F6000
G2 X108.655 Y116.137 I1.186 J7.62 E.00256
G1 X111.345 Y116.137 F18000
;WIDTH:0.121018
G1 F6000
G2 X110.935 Y116.062 I-1.749 J8.396 E.00263
G1 X111.097 Y116.039 F18000
;WIDTH:0.146904
G1 F6000
G1 X111.334 Y116.198 E.00239
;WIDTH:0.121656
G1 X111.538 Y116.353 E.00163
G1 X112.663 Y116.635 F18000
;TYPE:Internal solid infill
;WIDTH:0.419999
G1 F6000
G1 X112.939 Y117 E.01392
G1 X113.232 Y117.634 E.02124
G1 X113.395 Y118.354 E.02247
G1 X113.394 Y118.954 E.01823
G1 X115.785 Y118.954 E.07272
G1 X115.785 Y116.635 E.07054
G1 X112.723 Y116.635 E.09311
G1 X113.36 Y117.012 F18000
G1 F6000
G1 X113.574 Y117.475 E.01554
G3 X113.777 Y118.401 I-7.734 J2.176 E.02883
G1 X113.775 Y118.577 E.00534
G1 X115.408 Y118.577 E.04966
G1 X115.408 Y117.012 E.0476
G1 X113.42 Y117.012 E.06046
G1 X113.941 Y117.389 F18000
G1 F6000
G3 X114.141 Y118.2 I-85.145 J21.458 E.0254
G1 X115.03 Y118.2 E.02706
G1 X115.03 Y117.389 E.02466
G1 X114.001 Y117.389 E.03132
G1 X114.459 Y117.794 F18000
;WIDTH:0.476736
G1 F6000
G1 X114.565 Y117.794 E.0037
G1 X117 Y120.364 F18000
;TYPE:Gap infill
;WIDTH:0.431174
G1 F6000
G1 X117 Y124.143 E.11835
G3 X116.988 Y124.379 I-2.261 J.006 E.00741
;WIDTH:0.394222
G1 X116.974 Y124.486 E.00304
;WIDTH:0.380207
G1 X116.885 Y124.97 E.0134
G1 X117.05 Y115.225 F18000
;WIDTH:0.330912
G1 F6000
G1 X117.05 Y84.345 E.71728
G1 X117.009 Y83.557 E.01833
G1 X116.886 Y82.811 E.01755
G1 X116.678 Y82.061 E.01809
G1 X116.398 Y81.359 E.01755
G1 X116.041 Y80.685 E.01773
G1 X115.612 Y80.053 E.01773
G1 X115.123 Y79.477 E.01755
G1 X114.564 Y78.946 E.01791
G1 X113.956 Y78.484 E.01773
G1 X113.309 Y78.094 E.01755
G1 X112.609 Y77.77 E.01791
G1 X111.886 Y77.526 E.01773
G1 X111.148 Y77.364 E.01755
G1 X110.374 Y77.279 E.01809
G1 X109.618 Y77.28 E.01755
G1 X108.867 Y77.361 E.01755
G1 X108.107 Y77.529 E.01809
G1 X107.391 Y77.77 E.01755
G1 X106.698 Y78.09 E.01773
G1 X106.044 Y78.484 E.01773
G1 X105.442 Y78.941 E.01755
G1 X104.877 Y79.477 E.01809
G1 X104.388 Y80.053 E.01755
G1 X103.959 Y80.685 E.01773
G1 X103.599 Y81.366 E.01791
G1 X103.319 Y82.068 E.01755
G1 X103.115 Y82.804 E.01773
G1 X102.991 Y83.557 E.01773
G1 X102.95 Y84.345 E.01833
G1 X102.95 Y115.225 E.71728
; stop printing object LEG id:18398695746277035084 copy 0
;LAYER_CHANGE
;Z:2.64
;HEIGHT:0.2
G92 E0 ; zero the extruded length again
; BEFORE_LAYER_CHANGE 12 @ 2.64mm
G1 E-1.75 F6000
;WIPE_START
G1 X102.95 Y114.225 E-.75
;WIPE_END
; AFTER_LAYER_CHANGE 12 @ 2.64mm
;_SET_FAN_SPEED_CHANGING_LAYER
; printing object LEG id:18398695746277035084 copy 0
G1 X103.79 Y120.959 Z2.64 F18000
G1 E2.5 F6000
M204 P1000
;TYPE:Outer wall
;WIDTH:0.42
G1 F3600
G1 X103.79 Y125.945 E.15165
G3 X102.21 Y124.164 I.238 J-1.802 E.07897
G1 X102.21 Y84.325 E1.21164
G3 X111.165 Y76.622 I7.805 J.017 E.40746
G1 X111.26 Y76.632 E.00292
G3 X117.79 Y84.325 I-1.276 J7.701 E.33368
G1 X117.79 Y124.164 E1.21164
G3 X116.21 Y125.945 I-1.818 J-.02 E.07897
G1 X116.21 Y120.959 E.15165
G1 X103.85 Y120.959 E.37591
G1 X103.398 Y120.567 F18000
M204 P1500
;TYPE:Inner wall
;WIDTH:0.45
G1 F6000
G1 X103.398 Y125.442 E.16005
G3 X102.602 Y124.153 I.682 J-1.311 E.0522
G1 X102.602 Y84.335 E1.30736
G3 X111.122 Y77.011 I7.414 J.007 E.41861
G1 X111.197 Y77.02 E.00245
G3 X117.398 Y84.335 I-1.21 J7.312 E.34245
G1 X117.398 Y124.153 E1.30735
G3 X116.602 Y125.442 I-1.478 J-.023 E.0522
G1 X116.602 Y120.567 E.16005
G1 X110.81 Y120.567 E.19019
G1 X110.76 Y120.388 E.0061
G2 X108.836 Y120.122 I-.753 J-1.639 E.30488
G2 X109.24 Y120.388 I1.601 J-1.988 E.01591
G1 X109.19 Y120.567 E.0061
G1 X103.458 Y120.567 E.18822
G1 E-1.75
;WIPE_START
G1 X103.446 Y121.567 E-.75
;WIPE_END
G1 X103.69 Y114.629 F18000
G1 E2.5 F6000
M204 P1000
;TYPE:Outer wall
;WIDTH:0.42
G1 F3600
G1 X103.69 Y84.311 E.92209
G3 X109.658 Y78.018 I6.31 J.008 E.29082
G3 X116.31 Y84.311 I.321 J6.322 E.31131
G1 X116.31 Y114.629 E.92209
G1 X103.75 Y114.629 E.382
G1 X103.298 Y114.629 F18000
M204 P1500
;TYPE:Inner wall
;WIDTH:0.45
G1 F6000
G1 X103.298 Y84.3 E.9958
G3 X109.637 Y77.626 I6.702 J.018 E.33315
G3 X116.702 Y84.3 I.342 J6.715 E.35665
G1 X116.702 Y115.021 E1.00868
G1 X103.298 Y115.021 E.4401
G1 X103.298 Y114.689 E.0109
G1 E-1.75
;WIPE_START
G1 X103.298 Y113.689 E-.75
;WIPE_END
G1 X111.785 Y117.444 F18000
G1 E2.5 F6000
G1 X111.759 Y117.407 E.00149
G2 X108.293 Y120.16 I-1.759 J1.344 E.23111
G1 X103.009 Y120.16 E.17348
G1 X103.009 Y115.428 E.15536
G1 X116.991 Y115.428 E.45907
G1 X116.991 Y120.16 E.15536
G1 X111.707 Y120.16 E.17348
G2 X111.894 Y117.604 I-1.707 J-1.41 E.08972
G1 X111.819 Y117.493 E.0044
G1 X112.122 Y117.215 F18000
G1 F6000
G1 X112.082 Y117.162 E.00221
G2 X107.587 Y119.753 I-2.082 J1.583 E.24791
G1 X103.416 Y119.753 E.13695
G1 X103.416 Y115.835 E.12863
G1 X116.584 Y115.835 E.43233
G1 X116.584 Y119.753 E.12863
G1 X112.413 Y119.753 E.13695
G2 X112.24 Y117.396 I-2.413 J-1.008 E.0805
G1 X112.155 Y117.266 E.00512
G1 X112.459 Y116.987 F18000
G1 F6000
G1 X112.408 Y116.914 E.00294
G2 X112.197 Y116.663 I-2.437 J1.836 E.01076
G1 X111.753 Y116.242 E.02008
G1 X116.177 Y116.242 E.14525
G1 X116.177 Y119.346 E.10189
G1 X112.963 Y119.346 E.1055
G2 X112.591 Y117.185 I-2.992 J-.596 E.07363
G1 X112.492 Y117.037 E.00585
G1 E-1.75
;WIPE_START
G1 X112.408 Y116.914 E-.11205
G1 X112.197 Y116.663 E-.24569
G1 X111.817 Y116.303 E-.39226
;WIPE_END
G1 X108.239 Y116.242 F18000
G1 E2.5 F6000
G1 X107.784 Y116.686 E.02087
G2 X107.037 Y119.346 I2.239 J2.064 E.09416
G1 X103.823 Y119.346 E.1055
G1 X103.823 Y116.242 E.10189
G1 X108.179 Y116.242 E.14302
G1 E-1.75
;WIPE_START
G1 X107.784 Y116.686 E-.44558
G1 X107.591 Y116.913 E-.22344
G1 X107.53 Y117.002 E-.08098
;WIPE_END
G1 X111.124 Y117.892 F18000
G1 E2.5 F6000
M204 P1000
;TYPE:Outer wall
;WIDTH:0.42
G1 F3600
G1 X111.279 Y118.152 E.00922
G3 X109.772 Y117.352 I-1.28 J.591 E.21358
G1 X109.924 Y117.336 E.00465
G3 X111.086 Y117.845 I.076 J1.407 E.04005
G1 E-1.75 F6000
;WIPE_START
G1 F3600
G1 X111.279 Y118.152 E-.27188
G1 X111.377 Y118.441 E-.22868
G1 X111.41 Y118.744 E-.22874
G1 X111.407 Y118.772 E-.02069
;WIPE_END
G1 X111.392 Y120.219 F18000
G1 E2.5 F6000
M204 P2000
;TYPE:Gap infill
;WIDTH:0.108826
G1 X111.321 Y120.302 E.00058
G3 X111.236 Y120.345 I-.083 J-.059 E.00053
G1 X110.591 Y120.513 F18000
;WIDTH:0.475997
G1 F6000
G3 X109.409 Y120.513 I-.591 J-4.055 E.04144
G1 X108.765 Y120.345 F18000
;WIDTH:0.110006
G1 F6000
G3 X108.608 Y120.219 I.047 J-.218 E.00113
G1 E-2.29221
;WIPE_START
G1 X108.698 Y120.323 E-.13788
G1 X108.765 Y120.345 E-.06991
;WIPE_END
G1 X103.115 Y124.97 F18000
G1 E2.5 F6000
;WIDTH:0.360148
G1 X103.026 Y124.486 E.0126
;WIDTH:0.405299
G3 X103.003 Y124.274 I2.009 J-.319 E.00623
;WIDTH:0.431455
G1 X103 Y120.364 E.12254
G1 X105.375 Y117.794 F18000
;TYPE:Internal solid infill
;WIDTH:0.476736
G1 F6000
G1 X105.462 Y117.794 E.00304
G1 X106.073 Y117.389 F18000
;WIDTH:0.419999
G1 F6000
G1 X104.97 Y117.389 E.03357
G1 X104.97 Y118.2 E.02466
G1 X105.881 Y118.2 E.02772
G3 X106.054 Y117.446 I2.305 J.133 E.02364
G1 X106.635 Y117.012 F18000
G1 F6000
G1 X104.592 Y117.012 E.06212
G1 X104.592 Y118.577 E.0476
G1 X106.219 Y118.577 E.04948
G1 X106.283 Y117.989 E.01799
G1 X106.533 Y117.207 E.02494
G1 X106.607 Y117.065 E.00489
G1 X107.314 Y116.635 F18000
G1 F6000
G1 X104.215 Y116.635 E.09425
G1 X104.215 Y118.954 E.07054
G1 X106.593 Y118.954 E.0723
G1 X106.583 Y118.724 E.007
G1 X106.658 Y118.029 E.02124
G1 X106.89 Y117.328 E.02247
G1 X107.276 Y116.681 E.02292
G1 X108.436 Y116.368 F18000
;TYPE:Gap infill
;WIDTH:0.12474
G1 F6000
G1 X108.543 Y116.286 E.00089
;WIDTH:0.13865
G1 X108.65 Y116.204 E.00104
;WIDTH:0.153417
G1 X108.655 Y116.2 E.00005
;WIDTH:0.178429
G1 X108.889 Y116.039 E.00311
G1 X109.065 Y116.062 F18000
;WIDTH:0.119493
G1 F6000
G2 X108.636 Y116.14 I1.229 J7.882 E.00269
G1 X111.345 Y116.137 F18000
;WIDTH:0.129802
G1 F6000
G2 X110.935 Y116.062 I-1.593 J7.526 E.00292
G1 X111.099 Y116.039 F18000
;WIDTH:0.17005
G1 F6000
G1 X111.221 Y116.122 E.00151
;WIDTH:0.157189
G1 X111.343 Y116.205 E.00136
;WIDTH:0.120413
G1 X111.538 Y116.353 E.00153
G1 X112.663 Y116.635 F18000
;TYPE:Internal solid infill
;WIDTH:0.419999
G1 F6000
G1 X112.939 Y117 E.01392
G1 X113.232 Y117.634 E.02124
G1 X113.395 Y118.354 E.02247
G1 X113.398 Y118.954 E.01823
G1 X115.785 Y118.954 E.0726
G1 X115.785 Y116.635 E.07054
G1 X112.723 Y116.635 E.09311
G1 X113.36 Y117.012 F18000
G1 F6000
G1 X113.574 Y117.475 E.01554
G3 X113.777 Y118.397 I-7.938 J2.227 E.02871
G1 X113.776 Y118.577 E.00547
G1 X115.408 Y118.577 E.04962
G1 X115.408 Y117.012 E.0476
G1 X113.42 Y117.012 E.06046
G1 X113.941 Y117.389 F18000
G1 F6000
G3 X114.141 Y118.2 I-84.485 J21.293 E.0254
G1 X115.03 Y118.2 E.02706
G1 X115.03 Y117.389 E.02466
G1 X114.001 Y117.389 E.03132
G1 X114.459 Y117.794 F18000
;WIDTH:0.476736
G1 F6000
G1 X114.565 Y117.794 E.0037
G1 X117 Y120.364 F18000
;TYPE:Gap infill
;WIDTH:0.431174
G1 F6000
G1 X117 Y124.143 E.11835
G3 X116.988 Y124.379 I-2.261 J.006 E.00741
;WIDTH:0.394221
G1 X116.974 Y124.486 E.00304
;WIDTH:0.380199
G1 X116.885 Y124.97 E.01339
G1 X117.05 Y115.225 F18000
;WIDTH:0.330912
G1 F6000
G1 X117.05 Y84.345 E.71728
G1 X117.009 Y83.557 E.01833
G1 X116.886 Y82.811 E.01755
G1 X116.678 Y82.061 E.01809
G1 X116.398 Y81.359 E.01755
G1 X116.041 Y80.684 E.01773
G1 X115.612 Y80.053 E.01773
G1 X115.123 Y79.477 E.01755
G1 X114.564 Y78.946 E.01791
G1 X113.956 Y78.484 E.01773
G1 X113.309 Y78.094 E.01755
G1 X112.609 Y77.77 E.01791
G1 X111.886 Y77.526 E.01773
G1 X111.148 Y77.364 E.01755
G1 X110.374 Y77.279 E.01809
G1 X109.618 Y77.28 E.01755
G1 X108.867 Y77.361 E.01755
G1 X108.107 Y77.529 E.01809
G1 X107.391 Y77.77 E.01755
G1 X106.698 Y78.09 E.01773
G1 X106.044 Y78.484 E.01773
G1 X105.442 Y78.941 E.01755
G1 X104.877 Y79.477 E.01809
G1 X104.388 Y80.053 E.01755
G1 X103.959 Y80.685 E.01773
G1 X103.599 Y81.366 E.01791
G1 X103.319 Y82.068 E.01755
G1 X103.115 Y82.804 E.01773
G1 X102.991 Y83.557 E.01773
G1 X102.95 Y84.345 E.01833
G1 X102.95 Y115.225 E.71728
; stop printing object LEG id:18398695746277035084 copy 0
;LAYER_CHANGE
;Z:2.84
;HEIGHT:0.2
G92 E0 ; zero the extruded length again
; BEFORE_LAYER_CHANGE 13 @ 2.84mm
G1 E-1.75 F6000
;WIPE_START
G1 X102.95 Y114.225 E-.75
;WIPE_END
; AFTER_LAYER_CHANGE 13 @ 2.84mm
;_SET_FAN_SPEED_CHANGING_LAYER
; printing object LEG id:18398695746277035084 copy 0
G1 X103.79 Y120.959 Z2.84 F18000
G1 E2.5 F6000
M204 P1000
;TYPE:Outer wall
;WIDTH:0.42
G1 F3600
G1 X103.79 Y125.945 E.15165
G3 X102.21 Y124.164 I.238 J-1.802 E.07897
G1 X102.21 Y84.325 E1.21164
G3 X111.156 Y76.621 I7.788 J-.003 E.40751
G1 X111.26 Y76.632 E.00318
G3 X117.79 Y84.325 I-1.297 J7.719 E.3335
G1 X117.79 Y124.164 E1.21164
G3 X116.21 Y125.945 I-1.818 J-.02 E.07897
G1 X116.21 Y120.959 E.15165
G1 X103.85 Y120.959 E.37591
G1 X103.398 Y120.567 F18000
M204 P1500
;TYPE:Inner wall
;WIDTH:0.45
G1 F6000
G1 X103.398 Y125.442 E.16005
G3 X102.602 Y124.153 I.682 J-1.311 E.0522
G1 X102.602 Y84.335 E1.30736
G3 X111.114 Y77.011 I7.401 J-.008 E.41858
G1 X111.197 Y77.02 E.00273
G3 X117.398 Y84.335 I-1.233 J7.331 E.34224
G1 X117.398 Y124.153 E1.30735
G3 X116.602 Y125.442 I-1.478 J-.023 E.0522
G1 X116.602 Y120.567 E.16005
G1 X110.81 Y120.567 E.19019
G1 X110.76 Y120.388 E.0061
G2 X108.691 Y119.984 I-.754 J-1.637 E.29796
G2 X109.24 Y120.388 I1.58 J-1.572 E.02247
G1 X109.19 Y120.567 E.0061
G1 X103.458 Y120.567 E.18822
G1 E-1.75
;WIPE_START
G1 X103.446 Y121.567 E-.75
;WIPE_END
G1 X103.69 Y114.629 F18000
G1 E2.5 F6000
M204 P1000
;TYPE:Outer wall
;WIDTH:0.42
G1 F3600
G1 X103.69 Y84.311 E.92209
G3 X109.658 Y78.018 I6.31 J.008 E.29082
G3 X116.31 Y84.311 I.33 J6.313 E.31144
G1 X116.31 Y114.629 E.92209
G1 X103.75 Y114.629 E.382
G1 X103.298 Y114.629 F18000
M204 P1500
;TYPE:Inner wall
;WIDTH:0.45
G1 F6000
G1 X103.298 Y84.3 E.9958
G3 X109.637 Y77.626 I6.702 J.018 E.33315
G3 X116.702 Y84.3 I.341 J6.715 E.35665
G1 X116.702 Y115.021 E1.00868
G1 X103.298 Y115.021 E.4401
G1 X103.298 Y114.689 E.0109
G1 E-1.75
;WIPE_START
G1 X103.298 Y113.689 E-.75
;WIPE_END
G1 X111.804 Y117.478 F18000
G1 E2.5 F6000
G1 X111.759 Y117.407 E.00277
G2 X108.293 Y120.16 I-1.759 J1.344 E.23111
G1 X103.009 Y120.16 E.17348
G1 X103.009 Y115.428 E.15536
G1 X116.991 Y115.428 E.45907
G1 X116.991 Y120.16 E.15536
G1 X111.707 Y120.16 E.17348
G2 X112.003 Y117.809 I-1.707 J-1.41 E.08211
G1 X111.835 Y117.53 E.0107
G1 X112.121 Y117.214 F18000
G1 F6000
G1 X112.082 Y117.162 E.00215
G2 X107.587 Y119.753 I-2.082 J1.583 E.2479
G1 X103.416 Y119.753 E.13695
G1 X103.416 Y115.835 E.12863
G1 X116.584 Y115.835 E.43233
G1 X116.584 Y119.753 E.12863
G1 X112.413 Y119.753 E.13695
G2 X112.225 Y117.371 I-2.413 J-1.008 E.08146
G1 X112.154 Y117.264 E.00423
G1 X112.458 Y116.985 F18000
G1 F6000
G1 X112.408 Y116.914 E.00288
G2 X112.197 Y116.663 I-2.437 J1.836 E.01076
G1 X111.753 Y116.242 E.02008
G1 X116.177 Y116.242 E.14525
G1 X116.177 Y119.346 E.10189
G1 X112.963 Y119.346 E.1055
G2 X112.574 Y117.158 I-2.992 J-.596 E.07467
G1 X112.492 Y117.035 E.00486
G1 E-1.75
;WIPE_START
G1 X112.408 Y116.914 E-.11076
G1 X112.197 Y116.663 E-.24566
G1 X111.816 Y116.302 E-.39357
;WIPE_END
G1 X108.239 Y116.242 F18000
G1 E2.5 F6000
G1 X107.782 Y116.687 E.02093
G2 X107.037 Y119.346 I2.24 J2.062 E.09409
G1 X103.823 Y119.346 E.1055
G1 X103.823 Y116.242 E.10189
G1 X108.179 Y116.242 E.14301
G1 E-1.75
;WIPE_START
G1 X107.782 Y116.687 E-.44694
G1 X107.591 Y116.913 E-.22183
G1 X107.53 Y117.002 E-.08123
;WIPE_END
G1 X111.123 Y117.891 F18000
G1 E2.5 F6000
M204 P1000
;TYPE:Outer wall
;WIDTH:0.42
G1 F3600
G1 X111.278 Y118.15 E.0092
G3 X109.772 Y117.352 I-1.279 J.593 E.21365
G1 X109.924 Y117.336 E.00464
G3 X111.085 Y117.844 I.076 J1.407 E.04001
G1 E-1.75 F6000
;WIPE_START
G1 F3600
G1 X111.278 Y118.15 E-.27124
G1 X111.377 Y118.441 E-.23034
G1 X111.41 Y118.744 E-.22874
G1 X111.408 Y118.77 E-.01968
;WIPE_END
G1 X111.392 Y120.219 F18000
G1 E2.5 F6000
M204 P2000
;TYPE:Gap infill
;WIDTH:0.108826
G1 X111.321 Y120.302 E.00058
G3 X111.236 Y120.345 I-.083 J-.059 E.00053
G1 X110.591 Y120.513 F18000
;WIDTH:0.475997
G1 F6000
G3 X109.409 Y120.513 I-.591 J-4.055 E.04144
G1 X108.764 Y120.345 F18000
;WIDTH:0.10964
G1 F6000
G3 X108.608 Y120.219 I.054 J-.227 E.00112
G1 E-2.29256
;WIPE_START
G1 X108.698 Y120.323 E-.13783
G1 X108.764 Y120.345 E-.06961
;WIPE_END
G1 X103.115 Y124.97 F18000
G1 E2.5 F6000
;WIDTH:0.360149
G1 X103.026 Y124.486 E.0126
;WIDTH:0.405296
G3 X103.003 Y124.274 I2.01 J-.319 E.00623
;WIDTH:0.431455
G1 X103 Y120.364 E.12254
G1 X105.375 Y117.794 F18000
;TYPE:Internal solid infill
;WIDTH:0.476736
G1 F6000
G1 X105.462 Y117.794 E.00304
G1 X106.073 Y117.389 F18000
;WIDTH:0.419999
G1 F6000
G1 X104.97 Y117.389 E.03357
G1 X104.97 Y118.2 E.02466
G1 X105.881 Y118.2 E.02772
G3 X106.054 Y117.446 I2.305 J.133 E.02364
G1 X106.635 Y117.012 F18000
G1 F6000
G1 X104.592 Y117.012 E.06212
G1 X104.592 Y118.577 E.0476
G1 X106.219 Y118.577 E.04948
G1 X106.283 Y117.989 E.01799
G1 X106.533 Y117.207 E.02494
G1 X106.607 Y117.065 E.00489
G1 X107.314 Y116.635 F18000
G1 F6000
G1 X104.215 Y116.635 E.09425
G1 X104.215 Y118.954 E.07054
G1 X106.593 Y118.954 E.0723
G1 X106.583 Y118.724 E.007
G1 X106.658 Y118.029 E.02124
G1 X106.89 Y117.328 E.02247
G1 X107.276 Y116.681 E.02292
G1 X108.435 Y116.369 F18000
;TYPE:Gap infill
;WIDTH:0.125084
G1 F6000
G1 X108.542 Y116.286 E.0009
;WIDTH:0.139166
G1 X108.65 Y116.203 E.00105
;WIDTH:0.178495
G1 X108.888 Y116.039 E.00317
G1 X109.065 Y116.062 F18000
;WIDTH:0.119518
G1 F6000
G2 X108.635 Y116.141 I1.244 J7.975 E.0027
G1 X111.346 Y116.137 F18000
;WIDTH:0.129807
G1 F6000
G2 X110.935 Y116.062 I-1.584 J7.469 E.00292
G1 X111.099 Y116.039 F18000
;WIDTH:0.170036
G1 F6000
G1 X111.221 Y116.122 E.00151
;WIDTH:0.157174
G1 X111.343 Y116.205 E.00136
;WIDTH:0.120406
G1 X111.538 Y116.353 E.00153
G1 X112.664 Y116.635 F18000
;TYPE:Internal solid infill
;WIDTH:0.419999
G1 F6000
G1 X112.919 Y116.971 E.01284
G1 X113.231 Y117.632 E.02225
G1 X113.395 Y118.354 E.02252
G1 X113.398 Y118.954 E.01823
G1 X115.785 Y118.954 E.0726
G1 X115.785 Y116.635 E.07054
G1 X112.724 Y116.635 E.09307
G1 X113.356 Y117.012 F18000
G1 F6000
G1 X113.572 Y117.472 E.01547
G3 X113.777 Y118.397 I-7.752 J2.196 E.02884
G1 X113.776 Y118.577 E.00547
G1 X115.408 Y118.577 E.04962
G1 X115.408 Y117.012 E.0476
G1 X113.416 Y117.012 E.06058
G1 X113.94 Y117.389 F18000
G1 F6000
G3 X114.141 Y118.2 I-70.481 J17.878 E.02541
G1 X115.03 Y118.2 E.02706
G1 X115.03 Y117.389 E.02466
G1 X114 Y117.389 E.03134
G1 X114.459 Y117.794 F18000
;WIDTH:0.476736
G1 F6000
G1 X114.565 Y117.794 E.0037
G1 X117 Y120.364 F18000
;TYPE:Gap infill
;WIDTH:0.431174
G1 F6000
G1 X117 Y124.143 E.11835
G3 X116.988 Y124.379 I-2.26 J.006 E.00741
;WIDTH:0.394223
G1 X116.974 Y124.486 E.00304
;WIDTH:0.380205
G1 X116.885 Y124.97 E.01339
G1 X117.05 Y115.225 F18000
;WIDTH:0.330912
G1 F6000
G1 X117.05 Y84.345 E.71728
G1 X117.009 Y83.557 E.01833
G1 X116.886 Y82.811 E.01755
G1 X116.678 Y82.061 E.01809
G1 X116.398 Y81.359 E.01755
G1 X116.041 Y80.685 E.01773
G1 X115.612 Y80.053 E.01773
G1 X115.123 Y79.477 E.01755
G1 X114.564 Y78.946 E.01791
G1 X113.956 Y78.484 E.01773
G1 X113.309 Y78.094 E.01755
G1 X112.609 Y77.77 E.01791
G1 X111.886 Y77.526 E.01773
G1 X111.148 Y77.364 E.01755
G1 X110.374 Y77.279 E.01809
G1 X109.618 Y77.28 E.01755
G1 X108.867 Y77.361 E.01755
G1 X108.107 Y77.529 E.01809
G1 X107.391 Y77.77 E.01755
G1 X106.698 Y78.09 E.01773
G1 X106.044 Y78.484 E.01773
G1 X105.442 Y78.941 E.01755
G1 X104.877 Y79.477 E.01809
G1 X104.388 Y80.053 E.01755
G1 X103.959 Y80.685 E.01773
G1 X103.599 Y81.366 E.01791
G1 X103.319 Y82.068 E.01755
G1 X103.115 Y82.804 E.01773
G1 X102.991 Y83.557 E.01773
G1 X102.95 Y84.345 E.01833
G1 X102.95 Y115.225 E.71728
; stop printing object LEG id:18398695746277035084 copy 0
;LAYER_CHANGE
;Z:3.04
;HEIGHT:0.2
G92 E0 ; zero the extruded length again
; BEFORE_LAYER_CHANGE 14 @ 3.04mm
G1 E-1.75 F6000
;WIPE_START
G1 X102.95 Y114.225 E-.75
;WIPE_END
; AFTER_LAYER_CHANGE 14 @ 3.04mm
;_SET_FAN_SPEED_CHANGING_LAYER
; printing object LEG id:18398695746277035084 copy 0
G1 X103.79 Y120.959 Z3.04 F18000
G1 E2.5 F6000
M204 P1000
;TYPE:Outer wall
;WIDTH:0.42
G1 F3600
G1 X103.79 Y125.945 E.15165
G3 X102.21 Y124.164 I.238 J-1.802 E.07897
G1 X102.21 Y84.325 E1.21164
G3 X111.148 Y76.62 I7.787 J-.003 E.40725
G1 X111.26 Y76.632 E.00343
G3 X117.79 Y84.325 I-1.297 J7.719 E.3335
G1 X117.79 Y124.164 E1.21164
G3 X116.21 Y125.945 I-1.818 J-.02 E.07897
G1 X116.21 Y120.959 E.15165
G1 X103.85 Y120.959 E.37591
G1 X103.398 Y120.567 F18000
M204 P1500
;TYPE:Inner wall
;WIDTH:0.45
G1 F6000
G1 X103.398 Y125.442 E.16005
G3 X102.602 Y124.153 I.682 J-1.311 E.0522
G1 X102.602 Y84.335 E1.30736
G3 X111.106 Y77.01 I7.4 J-.008 E.41829
G1 X111.197 Y77.02 E.00301
G3 X117.398 Y84.335 I-1.233 J7.331 E.34224
G1 X117.398 Y124.153 E1.30735
G3 X116.602 Y125.442 I-1.478 J-.023 E.0522
G1 X116.602 Y120.567 E.16005
G1 X110.81 Y120.567 E.19019
G1 X110.76 Y120.388 E.0061
G2 X109.24 Y120.388 I-.76 J-1.638 E.32108
G1 X109.19 Y120.567 E.0061
G1 X103.458 Y120.567 E.18822
G1 E-1.75
;WIPE_START
G1 X103.446 Y121.567 E-.75
;WIPE_END
G1 X103.69 Y114.629 F18000
G1 E2.5 F6000
M204 P1000
;TYPE:Outer wall
;WIDTH:0.42
G1 F3600
G1 X103.69 Y84.311 E.92209
G3 X109.658 Y78.018 I6.31 J.008 E.29082
G3 X116.31 Y84.311 I.33 J6.313 E.31143
G1 X116.31 Y114.629 E.92209
G1 X103.75 Y114.629 E.382
G1 X103.298 Y114.629 F18000
M204 P1500
;TYPE:Inner wall
;WIDTH:0.45
G1 F6000
G1 X103.298 Y84.3 E.9958
G3 X109.637 Y77.626 I6.702 J.018 E.33315
G3 X116.702 Y84.3 I.35 J6.706 E.35678
G1 X116.702 Y115.021 E1.00868
G1 X103.298 Y115.021 E.4401
G1 X103.298 Y114.689 E.0109
G1 E-1.75
;WIPE_START
G1 X103.298 Y113.689 E-.75
;WIPE_END
G1 X111.731 Y117.372 F18000
G1 E2.5 F6000
G1 X111.604 Y117.225 E.0064
G2 X108.293 Y120.16 I-1.604 J1.526 E.22325
G1 X103.009 Y120.16 E.17348
G1 X103.009 Y115.428 E.15536
G1 X116.991 Y115.428 E.45907
G1 X116.991 Y120.16 E.15536
G1 X111.707 Y120.16 E.17348
G2 X111.769 Y117.419 I-1.707 J-1.41 E.09707
G1 X112.042 Y117.109 F18000
G1 F6000
G1 X111.898 Y116.946 E.00712
G2 X107.587 Y119.753 I-1.898 J1.798 E.2386
G1 X103.416 Y119.753 E.13695
G1 X103.416 Y115.835 E.12863
G1 X116.584 Y115.835 E.43233
G1 X116.584 Y119.753 E.12863
G1 X112.413 Y119.753 E.13695
G2 X112.082 Y117.162 I-2.413 J-1.008 E.0898
G1 X112.078 Y117.157 E.00021
G1 X112.352 Y116.845 F18000
G1 F6000
G1 X112.197 Y116.663 E.00785
G1 X111.753 Y116.242 E.02008
G1 X116.177 Y116.242 E.14525
G1 X116.177 Y119.346 E.10189
G1 X112.963 Y119.346 E.1055
G2 X112.408 Y116.914 I-2.992 J-.596 E.08438
G1 X112.39 Y116.892 E.00093
G1 E-1.75
;WIPE_START
G1 X112.197 Y116.663 E-.22439
G1 X111.753 Y116.242 E-.45871
G1 X111.842 Y116.242 E-.06691
;WIPE_END
G1 X108.247 Y116.242 F18000
G1 E2.5 F6000
G1 X107.803 Y116.663 E.02008
G2 X107.037 Y119.346 I2.226 J2.087 E.09514
G1 X103.823 Y119.346 E.1055
G1 X103.823 Y116.242 E.10189
G1 X108.187 Y116.242 E.14328
G1 E-1.75
;WIPE_START
G1 X107.803 Y116.663 E-.42717
G1 X107.591 Y116.913 E-.24575
G1 X107.533 Y116.998 E-.07708
;WIPE_END
G1 X111.122 Y117.89 F18000
G1 E2.5 F6000
M204 P1000
;TYPE:Outer wall
;WIDTH:0.42
G1 F3600
G1 X111.122 Y117.891 E.00003
G3 X109.772 Y117.352 I-1.123 J.852 E.22287
G1 X109.924 Y117.336 E.00465
G3 X110.913 Y117.669 I.076 J1.407 E.03253
G1 X111.081 Y117.846 E.00742
G1 E-1.75 F6000
;WIPE_START
G1 F3600
G1 X111.122 Y117.891 E-.04558
G1 X111.28 Y118.152 E-.2287
G1 X111.377 Y118.441 E-.22874
G1 X111.409 Y118.722 E-.21241
G1 X111.407 Y118.768 E-.03457
;WIPE_END
G1 X111.392 Y120.219 F18000
G1 E2.5 F6000
M204 P2000
;TYPE:Gap infill
;WIDTH:0.108824
G1 X111.321 Y120.302 E.00058
G3 X111.236 Y120.345 I-.083 J-.059 E.00053
G1 X110.591 Y120.513 F18000
;WIDTH:0.475997
G1 F6000
G3 X109.409 Y120.513 I-.591 J-4.055 E.04144
G1 X108.764 Y120.345 F18000
;WIDTH:0.109637
G1 F6000
G3 X108.608 Y120.219 I.054 J-.227 E.00112
G1 E-2.29258
;WIPE_START
G1 X108.698 Y120.323 E-.13782
G1 X108.764 Y120.345 E-.0696
;WIPE_END
G1 X103.115 Y124.97 F18000
G1 E2.5 F6000
;WIDTH:0.360149
G1 X103.026 Y124.486 E.0126
;WIDTH:0.405299
G3 X103.003 Y124.274 I2.01 J-.319 E.00623
;WIDTH:0.431455
G1 X103 Y120.364 E.12254
G1 X105.375 Y117.794 F18000
;TYPE:Internal solid infill
;WIDTH:0.476736
G1 F6000
G1 X105.481 Y117.794 E.0037
G1 X106.059 Y117.389 F18000
;WIDTH:0.419999
G1 F6000
G1 X104.97 Y117.389 E.03315
G1 X104.97 Y118.2 E.02466
G1 X105.868 Y118.2 E.02731
G1 X106.04 Y117.446 E.02353
G1 X106.64 Y117.012 F18000
G1 F6000
G1 X104.592 Y117.012 E.06228
G1 X104.592 Y118.577 E.0476
G1 X106.224 Y118.577 E.04962
G1 X106.237 Y118.273 E.00923
G1 X106.387 Y117.591 E.02124
G1 X106.616 Y117.067 E.01742
G1 X107.337 Y116.635 F18000
G1 F6000
G1 X104.215 Y116.635 E.09494
G1 X104.215 Y118.954 E.07054
G1 X106.602 Y118.954 E.0726
G1 X106.6 Y118.396 E.01698
G1 X106.755 Y117.672 E.0225
G1 X107.061 Y117 E.02247
G1 X107.301 Y116.682 E.01209
G1 X108.462 Y116.353 F18000
;TYPE:Gap infill
;WIDTH:0.142824
G1 F6000
G1 X108.652 Y116.208 E.00193
;WIDTH:0.156683
G1 X108.779 Y116.122 E.0014
;WIDTH:0.182899
G1 X108.901 Y116.039 E.00167
G1 X109.065 Y116.062 F18000
;WIDTH:0.119089
G1 F6000
G2 X108.655 Y116.137 I1.177 J7.563 E.00256
G1 X111.346 Y116.137 F18000
;WIDTH:0.129803
G1 F6000
G2 X110.935 Y116.062 I-1.584 J7.469 E.00292
G1 X111.099 Y116.039 F18000
;WIDTH:0.170044
G1 F6000
G1 X111.221 Y116.122 E.00151
;WIDTH:0.157183
G1 X111.343 Y116.205 E.00136
;WIDTH:0.12041
G1 X111.538 Y116.353 E.00153
G1 X112.663 Y116.635 F18000
;TYPE:Internal solid infill
;WIDTH:0.419999
G1 F6000
G1 X112.939 Y117 E.01392
G1 X113.232 Y117.634 E.02124
G1 X113.395 Y118.354 E.02247
G1 X113.394 Y118.954 E.01823
G1 X115.785 Y118.954 E.07272
G1 X115.785 Y116.635 E.07054
G1 X112.723 Y116.635 E.09311
G1 X113.36 Y117.012 F18000
G1 F6000
G1 X113.574 Y117.475 E.01554
G3 X113.777 Y118.401 I-7.735 J2.176 E.02883
G1 X113.775 Y118.577 E.00534
G1 X115.408 Y118.577 E.04966
G1 X115.408 Y117.012 E.0476
G1 X113.42 Y117.012 E.06046
G1 X113.941 Y117.389 F18000
G1 F6000
G3 X114.141 Y118.2 I-85.179 J21.466 E.0254
G1 X115.03 Y118.2 E.02706
G1 X115.03 Y117.389 E.02466
G1 X114.001 Y117.389 E.03132
G1 X114.459 Y117.794 F18000
;WIDTH:0.476736
G1 F6000
G1 X114.565 Y117.794 E.0037
G1 X117 Y120.364 F18000
;TYPE:Gap infill
;WIDTH:0.431174
G1 F6000
G1 X117 Y124.143 E.11835
G3 X116.988 Y124.379 I-2.261 J.006 E.00741
;WIDTH:0.394222
G1 X116.974 Y124.486 E.00304
;WIDTH:0.380205
G1 X116.885 Y124.97 E.01339
G1 X117.05 Y115.225 F18000
;WIDTH:0.330912
G1 F6000
G1 X117.05 Y84.345 E.71728
G1 X117.009 Y83.557 E.01833
G1 X116.886 Y82.811 E.01755
G1 X116.678 Y82.061 E.01809
G1 X116.398 Y81.359 E.01755
G1 X116.041 Y80.685 E.01773
G1 X115.612 Y80.053 E.01773
G1 X115.123 Y79.477 E.01755
G1 X114.564 Y78.946 E.01791
G1 X113.956 Y78.484 E.01773
G1 X113.309 Y78.094 E.01755
G1 X112.609 Y77.77 E.01791
G1 X111.886 Y77.526 E.01773
G1 X111.148 Y77.364 E.01755
G1 X110.374 Y77.279 E.01809
G1 X109.618 Y77.28 E.01755
G1 X108.867 Y77.361 E.01755
G1 X108.107 Y77.529 E.01809
G1 X107.391 Y77.77 E.01755
G1 X106.698 Y78.09 E.01773
G1 X106.044 Y78.484 E.01773
G1 X105.442 Y78.941 E.01755
G1 X104.877 Y79.477 E.01809
G1 X104.388 Y80.053 E.01755
G1 X103.959 Y80.685 E.01773
G1 X103.599 Y81.366 E.01791
G1 X103.319 Y82.068 E.01755
G1 X103.115 Y82.804 E.01773
G1 X102.991 Y83.557 E.01773
G1 X102.95 Y84.345 E.01833
G1 X102.95 Y115.225 E.71728
; stop printing object LEG id:18398695746277035084 copy 0
;LAYER_CHANGE
;Z:3.24
;HEIGHT:0.2
G92 E0 ; zero the extruded length again
; BEFORE_LAYER_CHANGE 15 @ 3.24mm
G1 E-1.75 F6000
;WIPE_START
G1 X102.95 Y114.225 E-.75
;WIPE_END
; AFTER_LAYER_CHANGE 15 @ 3.24mm
;_SET_FAN_SPEED_CHANGING_LAYER
; printing object LEG id:18398695746277035084 copy 0
G1 X103.79 Y120.959 Z3.24 F18000
G1 E2.5 F6000
M204 P1000
;TYPE:Outer wall
;WIDTH:0.42
G1 F3600
G1 X103.79 Y125.945 E.15165
G3 X102.21 Y124.164 I.238 J-1.802 E.07897
G1 X102.21 Y84.325 E1.21164
G3 X111.14 Y76.619 I7.787 J-.003 E.40699
G1 X111.26 Y76.632 E.00369
G3 X117.79 Y84.325 I-1.297 J7.719 E.3335
G1 X117.79 Y124.164 E1.21164
G3 X116.21 Y125.945 I-1.818 J-.02 E.07897
G1 X116.21 Y120.959 E.15165
G1 X103.85 Y120.959 E.37591
G1 X103.398 Y120.567 F18000
M204 P1500
;TYPE:Inner wall
;WIDTH:0.45
G1 F6000
G1 X103.398 Y125.442 E.16005
G3 X102.602 Y124.153 I.682 J-1.311 E.0522
G1 X102.602 Y84.335 E1.30736
G3 X111.097 Y77.009 I7.4 J-.008 E.41801
G1 X111.197 Y77.02 E.00328
G3 X117.398 Y84.335 I-1.233 J7.331 E.34224
G1 X117.398 Y124.153 E1.30735
G3 X116.602 Y125.442 I-1.478 J-.023 E.0522
G1 X116.602 Y120.567 E.16005
G1 X110.81 Y120.567 E.19019
G1 X110.76 Y120.388 E.0061
G2 X108.837 Y120.122 I-.753 J-1.639 E.30491
G2 X109.24 Y120.388 I1.639 J-2.047 E.01588
G1 X109.19 Y120.567 E.0061
G1 X103.458 Y120.567 E.18822
G1 E-1.75
;WIPE_START
G1 X103.446 Y121.567 E-.75
;WIPE_END
G1 X103.69 Y114.629 F18000
G1 E2.5 F6000
M204 P1000
;TYPE:Outer wall
;WIDTH:0.42
G1 F3600
G1 X103.69 Y84.311 E.92209
G3 X109.658 Y78.018 I6.31 J.008 E.29082
G3 X116.31 Y84.311 I.321 J6.322 E.31131
G1 X116.31 Y114.629 E.92209
G1 X103.75 Y114.629 E.382
G1 X103.298 Y114.629 F18000
M204 P1500
;TYPE:Inner wall
;WIDTH:0.45
G1 F6000
G1 X103.298 Y84.3 E.9958
G3 X109.637 Y77.626 I6.702 J.018 E.33315
G3 X116.702 Y84.3 I.342 J6.715 E.35665
G1 X116.702 Y115.021 E1.00868
G1 X103.298 Y115.021 E.4401
G1 X103.298 Y114.689 E.0109
G1 E-1.75
;WIPE_START
G1 X103.298 Y113.689 E-.75
;WIPE_END
G1 X111.73 Y117.371 F18000
G1 E2.5 F6000
G1 X111.604 Y117.225 E.00635
G2 X108.293 Y120.16 I-1.604 J1.526 E.22325
G1 X103.009 Y120.16 E.17348
G1 X103.009 Y115.428 E.15536
G1 X116.991 Y115.428 E.45907
G1 X116.991 Y120.16 E.15536
G1 X111.707 Y120.16 E.17348
G2 X111.768 Y117.418 I-1.707 J-1.41 E.09712
G1 X112.04 Y117.108 F18000
G1 F6000
G1 X111.898 Y116.947 E.00707
G2 X107.443 Y119.307 I-1.9 J1.799 E.22332
G1 X107.567 Y119.753 E.01519
G1 X103.416 Y119.753 E.13627
G1 X103.416 Y115.835 E.12863
G1 X116.584 Y115.835 E.43233
G1 X116.584 Y119.753 E.12863
G1 X112.413 Y119.753 E.13695
G2 X112.081 Y117.162 I-2.415 J-1.007 E.08978
G1 X112.076 Y117.156 E.00026
G1 X112.351 Y116.844 F18000
G1 F6000
G1 X112.197 Y116.663 E.0078
G1 X111.753 Y116.242 E.02008
G1 X116.177 Y116.242 E.14525
G1 X116.177 Y119.346 E.10189
G1 X112.963 Y119.346 E.1055
G2 X112.408 Y116.914 I-2.992 J-.596 E.08438
G1 X112.389 Y116.89 E.00099
G1 E-1.75
;WIPE_START
G1 X112.197 Y116.663 E-.22315
G1 X111.753 Y116.242 E-.45871
G1 X111.844 Y116.242 E-.06815
;WIPE_END
G1 X108.247 Y116.242 F18000
G1 E2.5 F6000
G1 X107.803 Y116.663 E.02008
G2 X107.037 Y119.346 I2.226 J2.087 E.09514
G1 X103.823 Y119.346 E.1055
G1 X103.823 Y116.242 E.10189
G1 X108.187 Y116.242 E.14328
G1 E-1.75
;WIPE_START
G1 X107.803 Y116.663 E-.42717
G1 X107.591 Y116.913 E-.24574
G1 X107.533 Y116.998 E-.07709
;WIPE_END
G1 X111.121 Y117.889 F18000
G1 E2.5 F6000
M204 P1000
;TYPE:Outer wall
;WIDTH:0.42
G1 F3600
G1 X111.122 Y117.891 E.00008
G3 X109.772 Y117.352 I-1.123 J.852 E.22287
G1 X109.924 Y117.336 E.00465
G3 X110.913 Y117.669 I.076 J1.407 E.03253
G1 X111.08 Y117.845 E.00737
G1 E-1.75 F6000
;WIPE_START
G1 F3600
G1 X111.122 Y117.891 E-.04684
G1 X111.28 Y118.152 E-.2287
G1 X111.377 Y118.441 E-.22875
G1 X111.41 Y118.744 E-.22874
G1 X111.408 Y118.767 E-.01697
;WIPE_END
G1 X111.392 Y120.219 F18000
G1 E2.5 F6000
M204 P2000
;TYPE:Gap infill
;WIDTH:0.108827
G1 X111.321 Y120.302 E.00058
G3 X111.236 Y120.345 I-.083 J-.059 E.00053
G1 X110.591 Y120.513 F18000
;WIDTH:0.475997
G1 F6000
G3 X109.409 Y120.513 I-.591 J-4.055 E.04144
G1 X108.765 Y120.345 F18000
;WIDTH:0.110094
G1 F6000
G3 X108.608 Y120.219 I.045 J-.217 E.00113
G1 E-2.29216
;WIPE_START
G1 X108.698 Y120.323 E-.1379
G1 X108.765 Y120.345 E-.06994
;WIPE_END
G1 X103.115 Y124.97 F18000
G1 E2.5 F6000
;WIDTH:0.360148
G1 X103.026 Y124.486 E.0126
;WIDTH:0.405298
G3 X103.003 Y124.274 I2.009 J-.319 E.00623
;WIDTH:0.431455
G1 X103 Y120.364 E.12254
G1 X105.375 Y117.794 F18000
;TYPE:Internal solid infill
;WIDTH:0.476736
G1 F6000
G1 X105.481 Y117.794 E.0037
G1 X106.059 Y117.389 F18000
;WIDTH:0.419999
G1 F6000
G1 X104.97 Y117.389 E.03315
G1 X104.97 Y118.2 E.02466
G1 X105.868 Y118.2 E.02731
G1 X106.04 Y117.446 E.02353
G1 X106.64 Y117.012 F18000
G1 F6000
G1 X104.592 Y117.012 E.06228
G1 X104.592 Y118.577 E.0476
G1 X106.224 Y118.577 E.04962
G1 X106.237 Y118.273 E.00923
G1 X106.387 Y117.591 E.02124
G1 X106.616 Y117.067 E.01742
G1 X107.337 Y116.635 F18000
G1 F6000
G1 X104.215 Y116.635 E.09494
G1 X104.215 Y118.954 E.07054
G1 X106.602 Y118.954 E.0726
G1 X106.6 Y118.396 E.01698
G1 X106.755 Y117.672 E.0225
G1 X107.061 Y117 E.02248
G1 X107.301 Y116.682 E.01209
G1 X108.462 Y116.353 F18000
;TYPE:Gap infill
;WIDTH:0.142832
G1 F6000
G1 X108.652 Y116.208 E.00193
;WIDTH:0.156691
G1 X108.779 Y116.122 E.0014
;WIDTH:0.182904
G1 X108.901 Y116.039 E.00167
G1 X109.065 Y116.062 F18000
;WIDTH:0.119091
G1 F6000
G2 X108.654 Y116.137 I1.175 J7.555 E.00256
G1 X111.346 Y116.137 F18000
;WIDTH:0.129799
G1 F6000
G2 X110.935 Y116.062 I-1.585 J7.474 E.00292
G1 X111.099 Y116.039 F18000
;WIDTH:0.170039
G1 F6000
G1 X111.221 Y116.122 E.00151
;WIDTH:0.157177
G1 X111.343 Y116.205 E.00136
;WIDTH:0.120407
G1 X111.538 Y116.353 E.00153
G1 X112.663 Y116.635 F18000
;TYPE:Internal solid infill
;WIDTH:0.419999
G1 F6000
G1 X112.939 Y117 E.01392
G1 X113.232 Y117.634 E.02124
G1 X113.395 Y118.354 E.02247
G1 X113.398 Y118.954 E.01823
G1 X115.785 Y118.954 E.0726
G1 X115.785 Y116.635 E.07054
G1 X112.723 Y116.635 E.09311
G1 X113.36 Y117.012 F18000
G1 F6000
G1 X113.574 Y117.475 E.01554
G3 X113.777 Y118.397 I-7.938 J2.227 E.02871
G1 X113.776 Y118.577 E.00547
G1 X115.408 Y118.577 E.04962
G1 X115.408 Y117.012 E.0476
G1 X113.42 Y117.012 E.06046
G1 X113.941 Y117.389 F18000
G1 F6000
G3 X114.141 Y118.2 I-84.51 J21.299 E.0254
G1 X115.03 Y118.2 E.02706
G1 X115.03 Y117.389 E.02466
G1 X114.001 Y117.389 E.03132
G1 X114.459 Y117.794 F18000
;WIDTH:0.476736
G1 F6000
G1 X114.565 Y117.794 E.0037
G1 X117 Y120.364 F18000
;TYPE:Gap infill
;WIDTH:0.431174
G1 F6000
G1 X117 Y124.143 E.11835
G3 X116.988 Y124.379 I-2.261 J.006 E.00741
;WIDTH:0.394222
G1 X116.974 Y124.486 E.00304
;WIDTH:0.380207
G1 X116.885 Y124.97 E.01339
G1 X117.05 Y115.225 F18000
;WIDTH:0.330912
G1 F6000
G1 X117.05 Y84.345 E.71728
G1 X117.009 Y83.557 E.01833
G1 X116.886 Y82.811 E.01755
G1 X116.678 Y82.061 E.01809
G1 X116.398 Y81.359 E.01755
G1 X116.041 Y80.685 E.01773
G1 X115.607 Y80.047 E.01791
G1 X115.118 Y79.471 E.01755
G1 X114.564 Y78.946 E.01773
G1 X113.956 Y78.484 E.01773
G1 X113.309 Y78.094 E.01755
G1 X112.609 Y77.77 E.01791
G1 X111.886 Y77.526 E.01773
G1 X111.148 Y77.364 E.01755
G1 X110.374 Y77.279 E.01809
G1 X109.618 Y77.28 E.01755
G1 X108.867 Y77.361 E.01755
G1 X108.107 Y77.529 E.01809
G1 X107.391 Y77.77 E.01755
G1 X106.698 Y78.09 E.01773
G1 X106.044 Y78.484 E.01773
G1 X105.442 Y78.941 E.01755
G1 X104.877 Y79.477 E.01809
G1 X104.388 Y80.053 E.01755
G1 X103.959 Y80.685 E.01773
G1 X103.599 Y81.366 E.01791
G1 X103.319 Y82.068 E.01755
G1 X103.115 Y82.804 E.01773
G1 X102.991 Y83.557 E.01773
G1 X102.95 Y84.345 E.01833
G1 X102.95 Y115.225 E.71728
; stop printing object LEG id:18398695746277035084 copy 0
;LAYER_CHANGE
;Z:3.44
;HEIGHT:0.2
G92 E0 ; zero the extruded length again
; BEFORE_LAYER_CHANGE 16 @ 3.44mm
G1 E-1.75 F6000
;WIPE_START
G1 X102.95 Y114.225 E-.75
;WIPE_END
; AFTER_LAYER_CHANGE 16 @ 3.44mm
;_SET_FAN_SPEED_CHANGING_LAYER
; printing object LEG id:18398695746277035084 copy 0
G1 X103.79 Y120.959 Z3.44 F18000
G1 E2.5 F6000
M204 P1000
;TYPE:Outer wall
;WIDTH:0.42
G1 F3600
G1 X103.79 Y125.945 E.15165
G3 X102.21 Y124.164 I.238 J-1.802 E.07897
G1 X102.21 Y84.325 E1.21164
G3 X111.131 Y76.618 I7.804 J.016 E.40642
G1 X111.26 Y76.632 E.00395
G3 X117.79 Y84.325 I-1.281 J7.705 E.33364
G1 X117.79 Y124.164 E1.21164
G3 X116.21 Y125.945 I-1.818 J-.02 E.07897
G1 X116.21 Y120.959 E.15165
G1 X103.85 Y120.959 E.37591
G1 X103.398 Y120.567 F18000
M204 P1500
;TYPE:Inner wall
;WIDTH:0.45
G1 F6000
G1 X103.398 Y125.442 E.16005
G3 X102.602 Y124.153 I.682 J-1.311 E.0522
G1 X102.602 Y84.335 E1.30736
G3 X111.089 Y77.008 I7.412 J.006 E.41749
G1 X111.197 Y77.02 E.00356
G3 X117.398 Y84.335 I-1.215 J7.316 E.34241
G1 X117.398 Y124.153 E1.30735
G3 X116.602 Y125.442 I-1.478 J-.023 E.0522
G1 X116.602 Y120.567 E.16005
G1 X110.81 Y120.567 E.19019
G1 X110.76 Y120.388 E.0061
G2 X109.24 Y120.388 I-.76 J-1.638 E.32108
G1 X109.19 Y120.567 E.0061
G1 X103.458 Y120.567 E.18822
G1 E-1.75
;WIPE_START
G1 X103.446 Y121.567 E-.75
;WIPE_END
G1 X103.69 Y114.629 F18000
G1 E2.5 F6000
M204 P1000
;TYPE:Outer wall
;WIDTH:0.42
G1 F3600
G1 X103.69 Y84.311 E.92209
G3 X109.658 Y78.018 I6.31 J.008 E.29082
G3 X116.31 Y84.311 I.321 J6.322 E.31131
G1 X116.31 Y114.629 E.92209
G1 X103.75 Y114.629 E.382
G1 X103.298 Y114.629 F18000
M204 P1500
;TYPE:Inner wall
;WIDTH:0.45
G1 F6000
G1 X103.298 Y84.3 E.9958
G3 X109.637 Y77.626 I6.702 J.018 E.33315
G3 X116.702 Y84.3 I.342 J6.715 E.35665
G1 X116.702 Y115.021 E1.00868
G1 X103.298 Y115.021 E.4401
G1 X103.298 Y114.689 E.0109
G1 E-1.75
;WIPE_START
G1 X103.298 Y113.689 E-.75
;WIPE_END
G1 X111.697 Y117.337 F18000
G1 E2.5 F6000
G1 X111.43 Y117.06 E.01262
G2 X108.293 Y120.16 I-1.43 J1.69 E.2154
G1 X103.009 Y120.16 E.17348
G1 X103.009 Y115.428 E.15536
G1 X116.991 Y115.428 E.45907
G1 X116.991 Y120.16 E.15536
G1 X111.707 Y120.16 E.17348
G2 X111.754 Y117.399 I-1.707 J-1.41 E.09789
G1 X111.737 Y117.382 E.00079
G1 X112.026 Y117.091 F18000
G1 F6000
G1 X111.873 Y116.921 E.00748
G2 X107.443 Y119.307 I-1.875 J1.824 E.22217
G1 X107.567 Y119.753 E.01519
G1 X103.416 Y119.753 E.13627
G1 X103.416 Y115.835 E.12863
G1 X116.584 Y115.835 E.43233
G1 X116.584 Y119.753 E.12863
G1 X112.413 Y119.753 E.13695
G2 X112.073 Y117.152 I-2.415 J-1.007 E.0902
G1 X112.063 Y117.138 E.00057
G1 X112.332 Y116.822 F18000
G1 F6000
G1 X112.169 Y116.637 E.0081
G1 X111.753 Y116.242 E.01882
G1 X116.177 Y116.242 E.14525
G1 X116.177 Y119.346 E.10189
G1 X112.963 Y119.346 E.1055
G2 X112.397 Y116.902 I-2.983 J-.596 E.08491
G1 X112.37 Y116.868 E.00141
G1 E-1.75
;WIPE_START
G1 X112.169 Y116.637 E-.22995
G1 X111.753 Y116.242 E-.4299
G1 X111.873 Y116.242 E-.09016
;WIPE_END
G1 X108.247 Y116.242 F18000
G1 E2.5 F6000
G1 X107.803 Y116.663 E.02008
G2 X107.037 Y119.346 I2.226 J2.087 E.09514
G1 X103.823 Y119.346 E.1055
G1 X103.823 Y116.242 E.10189
G1 X108.187 Y116.242 E.14328
G1 E-1.75
;WIPE_START
G1 X107.803 Y116.663 E-.42718
G1 X107.591 Y116.913 E-.24574
G1 X107.533 Y116.998 E-.07709
;WIPE_END
G1 X111.12 Y117.887 F18000
G1 E2.5 F6000
M204 P1000
;TYPE:Outer wall
;WIDTH:0.42
G1 F3600
G1 X111.121 Y117.889 E.00006
G3 X109.772 Y117.352 I-1.121 J.854 E.22295
G1 X109.924 Y117.336 E.00464
G3 X111.006 Y117.757 I.076 J1.407 E.03642
G1 X111.081 Y117.842 E.00343
G1 E-1.75 F6000
;WIPE_START
G1 F3600
G1 X111.121 Y117.889 E-.04638
G1 X111.28 Y118.152 E-.23065
G1 X111.377 Y118.441 E-.22875
G1 X111.41 Y118.744 E-.22875
G1 X111.408 Y118.765 E-.01547
;WIPE_END
G1 X111.392 Y120.219 F18000
G1 E2.5 F6000
M204 P2000
;TYPE:Gap infill
;WIDTH:0.108826
G1 X111.321 Y120.302 E.00058
G3 X111.236 Y120.345 I-.083 J-.059 E.00053
G1 X110.591 Y120.513 F18000
;WIDTH:0.475997
G1 F6000
G3 X109.409 Y120.513 I-.591 J-4.055 E.04144
G1 X108.764 Y120.345 F18000
;WIDTH:0.10964
G1 F6000
G3 X108.608 Y120.219 I.054 J-.227 E.00112
G1 E-2.29257
;WIPE_START
G1 X108.698 Y120.323 E-.13783
G1 X108.764 Y120.345 E-.0696
;WIPE_END
G1 X103.115 Y124.97 F18000
G1 E2.5 F6000
;WIDTH:0.360152
G1 X103.026 Y124.486 E.0126
;WIDTH:0.405302
G3 X103.003 Y124.274 I2.009 J-.319 E.00623
;WIDTH:0.431455
G1 X103 Y120.364 E.12254
G1 X105.375 Y117.794 F18000
;TYPE:Internal solid infill
;WIDTH:0.476736
G1 F6000
G1 X105.481 Y117.794 E.0037
G1 X106.059 Y117.389 F18000
;WIDTH:0.419999
G1 F6000
G1 X104.97 Y117.389 E.03315
G1 X104.97 Y118.2 E.02466
G1 X105.868 Y118.2 E.02731
G1 X106.04 Y117.446 E.02353
G1 X106.64 Y117.012 F18000
G1 F6000
G1 X104.592 Y117.012 E.06228
G1 X104.592 Y118.577 E.0476
G1 X106.224 Y118.577 E.04962
G1 X106.237 Y118.273 E.00923
G1 X106.387 Y117.591 E.02124
G1 X106.616 Y117.067 E.01742
G1 X107.337 Y116.635 F18000
G1 F6000
G1 X104.215 Y116.635 E.09494
G1 X104.215 Y118.954 E.07054
G1 X106.602 Y118.954 E.0726
G1 X106.6 Y118.396 E.01698
G1 X106.755 Y117.672 E.0225
G1 X107.061 Y117 E.02248
G1 X107.301 Y116.682 E.01209
G1 X108.462 Y116.353 F18000
;TYPE:Gap infill
;WIDTH:0.142837
G1 F6000
G1 X108.652 Y116.208 E.00193
;WIDTH:0.156694
G1 X108.779 Y116.122 E.0014
;WIDTH:0.182906
G1 X108.901 Y116.039 E.00167
G1 X109.065 Y116.062 F18000
;WIDTH:0.119086
G1 F6000
G2 X108.654 Y116.137 I1.177 J7.563 E.00256
G1 X111.345 Y116.137 F18000
;WIDTH:0.129804
G1 F6000
G2 X110.935 Y116.062 I-1.585 J7.478 E.00292
G1 X111.099 Y116.039 F18000
;WIDTH:0.17003
G1 F6000
G1 X111.221 Y116.122 E.00151
;WIDTH:0.157166
G1 X111.343 Y116.205 E.00136
;WIDTH:0.120401
G1 X111.538 Y116.353 E.00153
G1 X112.689 Y116.635 F18000
;TYPE:Internal solid infill
;WIDTH:0.419999
G1 F6000
G1 X112.939 Y117 E.01345
G1 X113.232 Y117.634 E.02124
G1 X113.395 Y118.354 E.02247
G1 X113.398 Y118.954 E.01823
G1 X115.785 Y118.954 E.0726
G1 X115.785 Y116.635 E.07054
G1 X112.749 Y116.635 E.09232
G1 X113.36 Y117.012 F18000
G1 F6000
G1 X113.574 Y117.475 E.01554
G3 X113.777 Y118.397 I-7.939 J2.227 E.02871
G1 X113.776 Y118.577 E.00547
G1 X115.408 Y118.577 E.04962
G1 X115.408 Y117.012 E.0476
G1 X113.42 Y117.012 E.06046
G1 X113.941 Y117.389 F18000
G1 F6000
G3 X114.141 Y118.2 I-84.737 J21.356 E.0254
G1 X115.03 Y118.2 E.02706
G1 X115.03 Y117.389 E.02466
G1 X114.001 Y117.389 E.03132
G1 X114.459 Y117.794 F18000
;WIDTH:0.476736
G1 F6000
G1 X114.565 Y117.794 E.0037
G1 X117 Y120.364 F18000
;TYPE:Gap infill
;WIDTH:0.431174
G1 F6000
G1 X117 Y124.143 E.11835
G3 X116.988 Y124.379 I-2.261 J.006 E.00741
;WIDTH:0.394222
G1 X116.974 Y124.486 E.00304
;WIDTH:0.380205
G1 X116.885 Y124.97 E.01339
G1 X117.05 Y115.225 F18000
;WIDTH:0.330912
G1 F6000
G1 X117.05 Y84.345 E.71728
G1 X117.009 Y83.557 E.01833
G1 X116.886 Y82.811 E.01755
G1 X116.678 Y82.061 E.01809
G1 X116.398 Y81.359 E.01755
G1 X116.041 Y80.684 E.01773
G1 X115.612 Y80.053 E.01773
G1 X115.123 Y79.477 E.01755
G1 X114.564 Y78.946 E.01791
G1 X113.956 Y78.484 E.01773
G1 X113.309 Y78.094 E.01755
G1 X112.609 Y77.77 E.01791
G1 X111.886 Y77.526 E.01773
G1 X111.148 Y77.364 E.01755
G1 X110.374 Y77.279 E.01809
G1 X109.618 Y77.28 E.01755
G1 X108.867 Y77.361 E.01755
G1 X108.107 Y77.529 E.01809
G1 X107.391 Y77.77 E.01755
G1 X106.698 Y78.09 E.01773
G1 X106.044 Y78.484 E.01773
G1 X105.442 Y78.941 E.01755
G1 X104.877 Y79.477 E.01809
G1 X104.388 Y80.053 E.01755
G1 X103.959 Y80.685 E.01773
G1 X103.599 Y81.366 E.01791
G1 X103.319 Y82.068 E.01755
G1 X103.115 Y82.804 E.01773
G1 X102.991 Y83.557 E.01773
G1 X102.95 Y84.345 E.01833
G1 X102.95 Y115.225 E.71728
; stop printing object LEG id:18398695746277035084 copy 0
;LAYER_CHANGE
;Z:3.64
;HEIGHT:0.2
G92 E0 ; zero the extruded length again
; BEFORE_LAYER_CHANGE 17 @ 3.64mm
G1 E-1.75 F6000
;WIPE_START
G1 X102.95 Y114.225 E-.75
;WIPE_END
; AFTER_LAYER_CHANGE 17 @ 3.64mm
;_SET_FAN_SPEED_CHANGING_LAYER
; printing object LEG id:18398695746277035084 copy 0
G1 X103.79 Y120.959 Z3.64 F18000
G1 E2.5 F6000
M204 P1000
;TYPE:Outer wall
;WIDTH:0.42
G1 F3600
G1 X103.79 Y125.945 E.15165
G3 X102.21 Y124.164 I.238 J-1.802 E.07897
G1 X102.21 Y84.325 E1.21164
G3 X111.123 Y76.617 I7.803 J.016 E.40616
G1 X111.26 Y76.632 E.0042
G3 X117.79 Y84.325 I-1.297 J7.719 E.3335
G1 X117.79 Y124.164 E1.21164
G3 X116.21 Y125.945 I-1.795 J-.001 E.07919
G1 X116.21 Y120.959 E.15165
G1 X103.85 Y120.959 E.37591
G1 X103.398 Y120.567 F18000
M204 P1500
;TYPE:Inner wall
;WIDTH:0.45
G1 F6000
G1 X103.398 Y125.442 E.16005
G3 X102.602 Y124.153 I.682 J-1.311 E.0522
G1 X102.602 Y84.335 E1.30736
G3 X111.08 Y77.007 I7.411 J.006 E.41721
G1 X111.197 Y77.02 E.00384
G3 X117.398 Y84.335 I-1.233 J7.331 E.34224
G1 X117.398 Y124.153 E1.30735
G3 X116.604 Y125.441 I-1.477 J-.023 E.05213
G1 X116.602 Y120.567 E.16001
G1 X110.81 Y120.567 E.19018
G1 X110.76 Y120.388 E.0061
G2 X109.24 Y120.388 I-.76 J-1.638 E.32108
G1 X109.19 Y120.567 E.0061
G1 X103.458 Y120.567 E.18822
G1 E-1.75
;WIPE_START
G1 X103.446 Y121.567 E-.75
;WIPE_END
G1 X103.69 Y114.629 F18000
G1 E2.5 F6000
M204 P1000
;TYPE:Outer wall
;WIDTH:0.42
G1 F3600
G1 X103.69 Y84.311 E.92209
G3 X109.658 Y78.018 I6.31 J.008 E.29082
G3 X116.31 Y84.311 I.321 J6.322 E.31131
G1 X116.31 Y114.629 E.92209
G1 X103.75 Y114.629 E.382
G1 X103.298 Y114.629 F18000
M204 P1500
;TYPE:Inner wall
;WIDTH:0.45
G1 F6000
G1 X103.298 Y84.3 E.9958
G3 X109.637 Y77.626 I6.702 J.018 E.33315
G3 X116.702 Y84.3 I.342 J6.715 E.35665
G1 X116.702 Y115.021 E1.00868
G1 X103.298 Y115.021 E.4401
G1 X103.298 Y114.689 E.0109
G1 E-1.75
;WIPE_START
G1 X103.298 Y113.689 E-.75
;WIPE_END
G1 X111.728 Y117.369 F18000
G1 E2.5 F6000
G1 X111.604 Y117.225 E.00625
G2 X108.293 Y120.16 I-1.604 J1.526 E.22325
G1 X103.009 Y120.16 E.17348
G1 X103.009 Y115.428 E.15536
G1 X116.991 Y115.428 E.45907
G1 X116.991 Y120.16 E.15536
G1 X111.707 Y120.16 E.17348
G2 X111.766 Y117.415 I-1.707 J-1.41 E.09722
G1 X112.039 Y117.105 F18000
G1 F6000
G1 X111.898 Y116.947 E.00697
G2 X107.443 Y119.307 I-1.9 J1.799 E.22332
G1 X107.567 Y119.753 E.01519
G1 X103.416 Y119.753 E.13627
G1 X103.416 Y115.835 E.12863
G1 X116.584 Y115.835 E.43233
G1 X116.584 Y119.753 E.12863
G1 X112.413 Y119.753 E.13695
G2 X112.081 Y117.162 I-2.415 J-1.007 E.08978
G1 X112.074 Y117.154 E.00036
G1 X112.349 Y116.842 F18000
G1 F6000
G1 X112.197 Y116.663 E.0077
G1 X111.753 Y116.242 E.02008
G1 X116.177 Y116.242 E.14525
G1 X116.177 Y119.346 E.10189
G1 X112.963 Y119.346 E.1055
G2 X112.408 Y116.914 I-2.992 J-.596 E.08438
G1 X112.387 Y116.888 E.00109
G1 E-1.75
;WIPE_START
G1 X112.197 Y116.663 E-.22089
G1 X111.753 Y116.242 E-.4587
G1 X111.847 Y116.242 E-.07041
;WIPE_END
G1 X108.247 Y116.242 F18000
G1 E2.5 F6000
G1 X107.803 Y116.663 E.02008
G2 X107.037 Y119.346 I2.226 J2.087 E.09514
G1 X103.823 Y119.346 E.1055
G1 X103.823 Y116.242 E.10189
G1 X108.187 Y116.242 E.14328
G1 E-1.75
;WIPE_START
G1 X107.803 Y116.663 E-.42716
G1 X107.591 Y116.913 E-.24575
G1 X107.533 Y116.998 E-.07709
;WIPE_END
G1 X111.119 Y117.887 F18000
G1 E2.5 F6000
M204 P1000
;TYPE:Outer wall
;WIDTH:0.42
G1 F3600
G1 X111.122 Y117.891 E.00017
G3 X109.772 Y117.352 I-1.123 J.852 E.22287
G1 X109.924 Y117.336 E.00465
G3 X110.913 Y117.669 I.076 J1.407 E.03253
G1 X111.078 Y117.843 E.00728
G1 E-1.75 F6000
;WIPE_START
G1 F3600
G1 X111.122 Y117.891 E-.04914
G1 X111.28 Y118.152 E-.2287
G1 X111.377 Y118.441 E-.22875
G1 X111.409 Y118.718 E-.20913
G1 X111.407 Y118.764 E-.03429
;WIPE_END
G1 X111.392 Y120.219 F18000
G1 E2.5 F6000
M204 P2000
;TYPE:Gap infill
;WIDTH:0.108827
G1 X111.321 Y120.302 E.00058
G3 X111.236 Y120.345 I-.083 J-.059 E.00053
G1 X110.591 Y120.513 F18000
;WIDTH:0.475997
G1 F6000
G3 X109.409 Y120.513 I-.591 J-4.055 E.04144
G1 X108.764 Y120.345 F18000
;WIDTH:0.109633
G1 F6000
G3 X108.608 Y120.219 I.054 J-.227 E.00112
G1 E-2.2926
;WIPE_START
G1 X108.698 Y120.323 E-.1378
G1 X108.764 Y120.345 E-.0696
;WIPE_END
G1 X103.115 Y124.97 F18000
G1 E2.5 F6000
;WIDTH:0.36015
G1 X103.026 Y124.486 E.0126
;WIDTH:0.405298
G3 X103.003 Y124.274 I2.01 J-.319 E.00623
;WIDTH:0.431455
G1 X103 Y120.364 E.12254
G1 X105.375 Y117.794 F18000
;TYPE:Internal solid infill
;WIDTH:0.476736
G1 F6000
G1 X105.481 Y117.794 E.0037
G1 X106.059 Y117.389 F18000
;WIDTH:0.419999
G1 F6000
G1 X104.97 Y117.389 E.03315
G1 X104.97 Y118.2 E.02466
G1 X105.868 Y118.2 E.02731
G1 X106.04 Y117.446 E.02353
G1 X106.64 Y117.012 F18000
G1 F6000
G1 X104.592 Y117.012 E.06228
G1 X104.592 Y118.577 E.0476
G1 X106.224 Y118.577 E.04962
G1 X106.237 Y118.273 E.00923
G1 X106.387 Y117.591 E.02124
G1 X106.616 Y117.067 E.01742
G1 X107.337 Y116.635 F18000
G1 F6000
G1 X104.215 Y116.635 E.09494
G1 X104.215 Y118.954 E.07054
G1 X106.602 Y118.954 E.0726
G1 X106.6 Y118.396 E.01698
G1 X106.755 Y117.672 E.0225
G1 X107.061 Y117 E.02248
G1 X107.301 Y116.682 E.01209
G1 X108.462 Y116.353 F18000
;TYPE:Gap infill
;WIDTH:0.14284
G1 F6000
G1 X108.652 Y116.208 E.00193
;WIDTH:0.156698
G1 X108.779 Y116.122 E.0014
;WIDTH:0.18291
G1 X108.901 Y116.039 E.00167
G1 X109.07 Y116.061 F18000
;WIDTH:0.12124
G1 F6000
G1 X108.903 Y116.09 E.00107
;WIDTH:0.145561
G1 X108.652 Y116.14 E.00212
G1 X111.345 Y116.137 F18000
;WIDTH:0.129807
G1 F6000
G2 X110.935 Y116.062 I-1.595 J7.535 E.00292
G1 X111.099 Y116.039 F18000
;WIDTH:0.170044
G1 F6000
G1 X111.221 Y116.122 E.00151
;WIDTH:0.157182
G1 X111.343 Y116.205 E.00136
;WIDTH:0.12041
G1 X111.538 Y116.353 E.00153
G1 X112.663 Y116.635 F18000
;TYPE:Internal solid infill
;WIDTH:0.419999
G1 F6000
G1 X112.939 Y117 E.01392
G1 X113.232 Y117.634 E.02124
G1 X113.395 Y118.354 E.02247
G1 X113.394 Y118.954 E.01823
G1 X115.785 Y118.954 E.07272
G1 X115.785 Y116.635 E.07054
G1 X112.723 Y116.635 E.09311
G1 X113.36 Y117.012 F18000
G1 F6000
G1 X113.574 Y117.475 E.01554
G3 X113.777 Y118.401 I-7.734 J2.176 E.02883
G1 X113.775 Y118.577 E.00534
G1 X115.408 Y118.577 E.04966
G1 X115.408 Y117.012 E.0476
G1 X113.42 Y117.012 E.06046
G1 X113.941 Y117.389 F18000
G1 F6000
G3 X114.141 Y118.2 I-85.312 J21.499 E.0254
G1 X115.03 Y118.2 E.02705
G1 X115.03 Y117.389 E.02466
G1 X114.001 Y117.389 E.03132
G1 X114.459 Y117.794 F18000
;WIDTH:0.476736
G1 F6000
G1 X114.565 Y117.794 E.0037
G1 X117 Y120.364 F18000
;TYPE:Gap infill
;WIDTH:0.4306
G1 F6000
G1 X117.001 Y124.143 E.11818
G3 X116.989 Y124.379 I-2.262 J.007 E.00741
;WIDTH:0.392874
G1 X116.975 Y124.486 E.00303
;WIDTH:0.378827
G1 X116.886 Y124.969 E.01331
G1 X117.05 Y115.225 F18000
;WIDTH:0.330912
G1 F6000
G1 X117.05 Y84.345 E.71728
G1 X117.009 Y83.557 E.01833
G1 X116.886 Y82.811 E.01755
G1 X116.678 Y82.061 E.01809
G1 X116.398 Y81.359 E.01755
G1 X116.041 Y80.685 E.01773
G1 X115.607 Y80.047 E.01791
G1 X115.118 Y79.471 E.01755
G1 X114.564 Y78.946 E.01773
G1 X113.956 Y78.484 E.01773
G1 X113.309 Y78.094 E.01755
G1 X112.609 Y77.77 E.01791
G1 X111.886 Y77.526 E.01773
G1 X111.148 Y77.364 E.01755
G1 X110.374 Y77.279 E.01809
G1 X109.618 Y77.28 E.01755
G1 X108.867 Y77.361 E.01755
G1 X108.107 Y77.529 E.01809
G1 X107.391 Y77.77 E.01755
G1 X106.698 Y78.09 E.01773
G1 X106.044 Y78.484 E.01773
G1 X105.442 Y78.941 E.01755
G1 X104.877 Y79.477 E.01809
G1 X104.388 Y80.053 E.01755
G1 X103.959 Y80.685 E.01773
G1 X103.599 Y81.366 E.01791
G1 X103.319 Y82.068 E.01755
G1 X103.115 Y82.804 E.01773
G1 X102.991 Y83.557 E.01773
G1 X102.95 Y84.345 E.01833
G1 X102.95 Y115.225 E.71728
; stop printing object LEG id:18398695746277035084 copy 0
;LAYER_CHANGE
;Z:3.84
;HEIGHT:0.2
G92 E0 ; zero the extruded length again
; BEFORE_LAYER_CHANGE 18 @ 3.84mm
G1 E-1.75 F6000
;WIPE_START
G1 X102.95 Y114.225 E-.75
;WIPE_END
; AFTER_LAYER_CHANGE 18 @ 3.84mm
;_SET_FAN_SPEED_CHANGING_LAYER
; printing object LEG id:18398695746277035084 copy 0
G1 X103.79 Y120.959 Z3.84 F18000
G1 E2.5 F6000
M204 P1000
;TYPE:Outer wall
;WIDTH:0.42
G1 F3600
G1 X103.79 Y125.945 E.15165
G3 X102.21 Y124.164 I.238 J-1.802 E.07897
G1 X102.21 Y84.325 E1.21164
G3 X111.114 Y76.616 I7.786 J-.003 E.4062
G1 X111.26 Y76.632 E.00446
G3 X117.79 Y84.325 I-1.283 J7.707 E.33362
G1 X117.79 Y124.164 E1.21164
G3 X116.21 Y125.945 I-1.818 J-.02 E.07897
G1 X116.21 Y120.959 E.15165
G1 X103.85 Y120.959 E.37591
G1 X103.398 Y120.567 F18000
M204 P1500
;TYPE:Inner wall
;WIDTH:0.45
G1 F6000
G1 X103.398 Y125.442 E.16005
G3 X102.602 Y124.153 I.682 J-1.311 E.0522
G1 X102.602 Y84.335 E1.30736
G3 X111.072 Y77.006 I7.399 J-.008 E.41716
G1 X111.197 Y77.02 E.00412
G3 X117.398 Y84.335 I-1.217 J7.318 E.34239
G1 X117.398 Y124.153 E1.30735
G3 X116.602 Y125.442 I-1.478 J-.023 E.0522
G1 X116.602 Y120.567 E.16005
G1 X110.81 Y120.567 E.19019
G1 X110.76 Y120.388 E.0061
G2 X108.837 Y120.123 I-.753 J-1.639 E.30494
G2 X109.24 Y120.388 I1.676 J-2.106 E.01585
G1 X109.19 Y120.567 E.0061
G1 X103.458 Y120.567 E.18822
G1 E-1.75
;WIPE_START
G1 X103.446 Y121.567 E-.75
;WIPE_END
G1 X103.69 Y114.629 F18000
G1 E2.5 F6000
M204 P1000
;TYPE:Outer wall
;WIDTH:0.42
G1 F3600
G1 X103.69 Y84.311 E.92209
G3 X109.658 Y78.018 I6.31 J.008 E.29082
G3 X116.31 Y84.311 I.321 J6.322 E.31131
G1 X116.31 Y114.629 E.92209
G1 X103.75 Y114.629 E.382
G1 X103.298 Y114.629 F18000
M204 P1500
;TYPE:Inner wall
;WIDTH:0.45
G1 F6000
G1 X103.298 Y84.3 E.9958
G3 X109.637 Y77.626 I6.702 J.018 E.33315
G3 X116.702 Y84.3 I.342 J6.715 E.35665
G1 X116.702 Y115.021 E1.00868
G1 X103.298 Y115.021 E.4401
G1 X103.298 Y114.689 E.0109
G1 E-1.75
;WIPE_START
G1 X103.298 Y113.689 E-.75
;WIPE_END
G1 X111.727 Y117.368 F18000
G1 E2.5 F6000
G1 X111.604 Y117.225 E.0062
G2 X108.293 Y120.16 I-1.604 J1.526 E.22325
G1 X103.009 Y120.16 E.17348
G1 X103.009 Y115.428 E.15536
G1 X116.991 Y115.428 E.45907
G1 X116.991 Y120.16 E.15536
G1 X111.707 Y120.16 E.17348
G2 X111.765 Y117.414 I-1.707 J-1.41 E.09726
G1 X112.038 Y117.104 F18000
G1 F6000
G1 X111.898 Y116.947 E.00692
G2 X107.443 Y119.307 I-1.9 J1.799 E.22332
G1 X107.567 Y119.753 E.01519
G1 X103.416 Y119.753 E.13627
G1 X103.416 Y115.835 E.12863
G1 X116.584 Y115.835 E.43233
G1 X116.584 Y119.753 E.12863
G1 X112.413 Y119.753 E.13695
G2 X112.081 Y117.162 I-2.415 J-1.007 E.08978
G1 X112.073 Y117.152 E.0004
G1 X112.348 Y116.841 F18000
G1 F6000
G1 X112.197 Y116.663 E.00766
G1 X111.753 Y116.242 E.02008
G1 X116.177 Y116.242 E.14525
G1 X116.177 Y119.346 E.10189
G1 X112.963 Y119.346 E.1055
G2 X112.408 Y116.914 I-2.992 J-.596 E.08438
G1 X112.386 Y116.887 E.00113
G1 E-1.75
;WIPE_START
G1 X112.197 Y116.663 E-.21986
G1 X111.753 Y116.242 E-.45871
G1 X111.848 Y116.242 E-.07143
;WIPE_END
G1 X108.236 Y116.242 F18000
G1 E2.5 F6000
G1 X107.775 Y116.696 E.02122
G2 X107.037 Y119.346 I2.245 J2.054 E.09373
G1 X103.823 Y119.346 E.1055
G1 X103.823 Y116.242 E.10189
G1 X108.176 Y116.242 E.14292
G1 E-1.75
;WIPE_START
G1 X107.775 Y116.696 E-.45378
G1 X107.591 Y116.913 E-.21373
G1 X107.529 Y117.004 E-.08249
;WIPE_END
G1 X111.118 Y117.886 F18000
G1 E2.5 F6000
M204 P1000
;TYPE:Outer wall
;WIDTH:0.42
G1 F3600
G1 X111.122 Y117.891 E.00021
G3 X109.772 Y117.352 I-1.123 J.852 E.22287
G1 X109.924 Y117.336 E.00464
G3 X110.913 Y117.669 I.076 J1.407 E.03253
G1 X111.077 Y117.842 E.00724
G1 E-1.75 F6000
;WIPE_START
G1 F3600
G1 X111.122 Y117.891 E-.05014
G1 X111.28 Y118.152 E-.22871
G1 X111.377 Y118.441 E-.22875
G1 X111.41 Y118.744 E-.22874
G1 X111.408 Y118.762 E-.01366
;WIPE_END
G1 X111.392 Y120.219 F18000
G1 E2.5 F6000
M204 P2000
;TYPE:Gap infill
;WIDTH:0.108827
G1 X111.321 Y120.302 E.00058
G3 X111.236 Y120.345 I-.083 J-.059 E.00053
G1 X110.591 Y120.513 F18000
;WIDTH:0.475997
G1 F6000
G3 X109.409 Y120.513 I-.591 J-4.055 E.04144
G1 X108.765 Y120.345 F18000
;WIDTH:0.110181
G1 F6000
G3 X108.608 Y120.219 I.044 J-.215 E.00113
G1 E-2.29211
;WIPE_START
G1 X108.698 Y120.323 E-.13793
G1 X108.765 Y120.345 E-.06996
;WIPE_END
G1 X103.115 Y124.97 F18000
G1 E2.5 F6000
;WIDTH:0.36015
G1 X103.026 Y124.486 E.0126
;WIDTH:0.405298
G3 X103.003 Y124.274 I2.01 J-.319 E.00623
;WIDTH:0.431455
G1 X103 Y120.364 E.12254
G1 X105.375 Y117.794 F18000
;TYPE:Internal solid infill
;WIDTH:0.476736
G1 F6000
G1 X105.462 Y117.794 E.00304
G1 X106.073 Y117.389 F18000
;WIDTH:0.419999
G1 F6000
G1 X104.97 Y117.389 E.03357
G1 X104.97 Y118.2 E.02466
G1 X105.881 Y118.2 E.02772
G3 X106.054 Y117.446 I2.305 J.133 E.02364
G1 X106.635 Y117.012 F18000
G1 F6000
G1 X104.592 Y117.012 E.06212
G1 X104.592 Y118.577 E.0476
G1 X106.219 Y118.577 E.04948
G1 X106.283 Y117.989 E.01799
G1 X106.533 Y117.207 E.02494
G1 X106.607 Y117.065 E.00489
G1 X107.314 Y116.635 F18000
G1 F6000
G1 X104.215 Y116.635 E.09425
G1 X104.215 Y118.954 E.07054
G1 X106.593 Y118.954 E.0723
G1 X106.583 Y118.724 E.007
G1 X106.658 Y118.029 E.02124
G1 X106.89 Y117.328 E.02247
G1 X107.276 Y116.681 E.02292
G1 X108.427 Y116.374 F18000
;TYPE:Gap infill
;WIDTH:0.126686
G1 F6000
G1 X108.538 Y116.288 E.00095
;WIDTH:0.141568
G1 X108.649 Y116.202 E.00112
;WIDTH:0.181217
G1 X108.884 Y116.039 E.00319
G1 X109.065 Y116.062 F18000
;WIDTH:0.119639
G1 F6000
G2 X108.629 Y116.142 I1.25 J8.012 E.00274
G1 X111.345 Y116.137 F18000
;WIDTH:0.129802
G1 F6000
G2 X110.935 Y116.062 I-1.595 J7.537 E.00292
G1 X111.099 Y116.039 F18000
;WIDTH:0.170057
G1 F6000
G1 X111.221 Y116.122 E.00151
;WIDTH:0.157197
G1 X111.343 Y116.205 E.00136
;WIDTH:0.120418
G1 X111.538 Y116.353 E.00153
G1 X112.663 Y116.635 F18000
;TYPE:Internal solid infill
;WIDTH:0.419999
G1 F6000
G1 X112.939 Y117 E.01392
G1 X113.232 Y117.634 E.02124
G1 X113.395 Y118.354 E.02247
G1 X113.398 Y118.954 E.01823
G1 X115.785 Y118.954 E.0726
G1 X115.785 Y116.635 E.07054
G1 X112.723 Y116.635 E.09311
G1 X113.36 Y117.012 F18000
G1 F6000
G1 X113.574 Y117.475 E.01554
G3 X113.777 Y118.397 I-7.938 J2.227 E.02871
G1 X113.776 Y118.577 E.00547
G1 X115.408 Y118.577 E.04962
G1 X115.408 Y117.012 E.0476
G1 X113.42 Y117.012 E.06046
G1 X113.941 Y117.389 F18000
G1 F6000
G3 X114.141 Y118.2 I-84.405 J21.273 E.0254
G1 X115.03 Y118.2 E.02706
G1 X115.03 Y117.389 E.02466
G1 X114.001 Y117.389 E.03132
G1 X114.459 Y117.794 F18000
;WIDTH:0.476736
G1 F6000
G1 X114.565 Y117.794 E.0037
G1 X117 Y120.364 F18000
;TYPE:Gap infill
;WIDTH:0.431174
G1 F6000
G1 X117 Y124.143 E.11835
G3 X116.988 Y124.379 I-2.261 J.006 E.00741
;WIDTH:0.394222
G1 X116.974 Y124.486 E.00304
;WIDTH:0.380205
G1 X116.885 Y124.97 E.01339
G1 X117.05 Y115.225 F18000
;WIDTH:0.330912
G1 F6000
G1 X117.05 Y84.345 E.71728
G1 X117.009 Y83.557 E.01833
G1 X116.886 Y82.811 E.01755
G1 X116.678 Y82.061 E.01809
G1 X116.398 Y81.359 E.01755
G1 X116.041 Y80.685 E.01773
G1 X115.607 Y80.047 E.01791
G1 X115.118 Y79.471 E.01755
G1 X114.564 Y78.946 E.01773
G1 X113.956 Y78.484 E.01773
G1 X113.309 Y78.094 E.01755
G1 X112.609 Y77.77 E.01791
G1 X111.886 Y77.526 E.01773
G1 X111.148 Y77.364 E.01755
G1 X110.374 Y77.279 E.01809
G1 X109.618 Y77.28 E.01755
G1 X108.867 Y77.361 E.01755
G1 X108.107 Y77.529 E.01809
G1 X107.391 Y77.77 E.01755
G1 X106.698 Y78.09 E.01773
G1 X106.044 Y78.484 E.01773
G1 X105.442 Y78.941 E.01755
G1 X104.877 Y79.477 E.01809
G1 X104.388 Y80.053 E.01755
G1 X103.959 Y80.685 E.01773
G1 X103.599 Y81.366 E.01791
G1 X103.319 Y82.068 E.01755
G1 X103.115 Y82.804 E.01773
G1 X102.991 Y83.557 E.01773
G1 X102.95 Y84.345 E.01833
G1 X102.95 Y115.225 E.71728
; stop printing object LEG id:18398695746277035084 copy 0
;LAYER_CHANGE
;Z:4.04
;HEIGHT:0.2
G92 E0 ; zero the extruded length again
; BEFORE_LAYER_CHANGE 19 @ 4.04mm
G1 E-1.75 F6000
;WIPE_START
G1 X102.95 Y114.225 E-.75
;WIPE_END
; AFTER_LAYER_CHANGE 19 @ 4.04mm
;_SET_FAN_SPEED_CHANGING_LAYER
; printing object LEG id:18398695746277035084 copy 0
G1 X103.79 Y120.959 Z4.04 F18000
G1 E2.5 F6000
M204 P1000
;TYPE:Outer wall
;WIDTH:0.42
G1 F3600
G1 X103.79 Y125.945 E.15165
G3 X102.21 Y124.164 I.216 J-1.783 E.07918
G1 X102.21 Y84.325 E1.21164
G3 X111.106 Y76.615 I7.786 J-.003 E.40594
G1 X111.26 Y76.632 E.00472
G3 X117.79 Y84.325 I-1.297 J7.719 E.3335
G1 X117.79 Y124.164 E1.21164
G3 X116.21 Y125.945 I-1.795 J-.001 E.07919
G1 X116.21 Y120.959 E.15165
G1 X103.85 Y120.959 E.37591
G1 X103.398 Y120.567 F18000
M204 P1500
;TYPE:Inner wall
;WIDTH:0.45
G1 F6000
G1 X103.398 Y125.442 E.16005
G3 X102.674 Y124.609 I.676 J-1.318 E.03711
G3 X102.602 Y124.153 I2.449 J-.622 E.01517
G1 X102.602 Y84.335 E1.30736
G3 X111.064 Y77.005 I7.399 J-.008 E.41687
G1 X111.197 Y77.02 E.00439
G3 X117.398 Y84.335 I-1.233 J7.331 E.34224
G1 X117.398 Y124.153 E1.30735
G3 X116.602 Y125.442 I-1.478 J-.023 E.0522
G1 X116.602 Y120.567 E.16005
G1 X110.81 Y120.567 E.19019
G1 X110.76 Y120.388 E.0061
G2 X109.24 Y120.388 I-.76 J-1.638 E.32108
G1 X109.19 Y120.567 E.0061
G1 X103.458 Y120.567 E.18822
G1 E-1.75
;WIPE_START
G1 X103.446 Y121.567 E-.75
;WIPE_END
G1 X103.69 Y114.629 F18000
G1 E2.5 F6000
M204 P1000
;TYPE:Outer wall
;WIDTH:0.42
G1 F3600
G1 X103.69 Y84.311 E.92209
G3 X109.658 Y78.018 I6.31 J.008 E.29082
G3 X116.31 Y84.311 I.321 J6.322 E.31131
G1 X116.31 Y114.629 E.92209
G1 X103.75 Y114.629 E.382
G1 X103.298 Y114.629 F18000
M204 P1500
;TYPE:Inner wall
;WIDTH:0.45
G1 F6000
G1 X103.298 Y84.3 E.9958
G3 X109.637 Y77.626 I6.702 J.018 E.33315
G3 X116.702 Y84.3 I.342 J6.715 E.35665
G1 X116.702 Y115.021 E1.00868
G1 X103.298 Y115.021 E.4401
G1 X103.298 Y114.689 E.0109
G1 E-1.75
;WIPE_START
G1 X103.298 Y113.689 E-.75
;WIPE_END
G1 X111.799 Y117.47 F18000
G1 E2.5 F6000
G1 X111.761 Y117.406 E.00247
G2 X108.299 Y120.16 I-1.758 J1.343 E.23104
G1 X103.009 Y120.16 E.17369
G1 X103.009 Y115.428 E.15536
G1 X116.991 Y115.428 E.45907
G1 X116.991 Y120.16 E.15536
G1 X111.707 Y120.16 E.17348
G2 X112.004 Y117.805 I-1.704 J-1.411 E.08226
G1 X111.83 Y117.522 E.01092
G1 X112.037 Y117.103 F18000
G1 F6000
G1 X111.898 Y116.946 E.00688
G2 X107.587 Y119.753 I-1.898 J1.798 E.2386
G1 X103.416 Y119.753 E.13695
G1 X103.416 Y115.835 E.12863
G1 X116.584 Y115.835 E.43233
G1 X116.584 Y119.753 E.12863
G1 X112.413 Y119.753 E.13695
G2 X112.082 Y117.162 I-2.413 J-1.008 E.08981
G1 X112.073 Y117.151 E.00045
G1 X112.347 Y116.84 F18000
G1 F6000
G1 X112.197 Y116.663 E.00761
G1 X111.753 Y116.242 E.02008
G1 X116.177 Y116.242 E.14525
G1 X116.177 Y119.346 E.10189
G1 X112.963 Y119.346 E.1055
G2 X112.408 Y116.914 I-2.992 J-.596 E.08438
G1 X112.385 Y116.886 E.00118
G1 E-1.75
;WIPE_START
G1 X112.197 Y116.663 E-.21879
G1 X111.753 Y116.242 E-.4587
G1 X111.85 Y116.242 E-.07251
;WIPE_END
G1 X108.247 Y116.242 F18000
G1 E2.5 F6000
G1 X107.803 Y116.663 E.02008
G2 X107.037 Y119.346 I2.226 J2.087 E.09514
G1 X103.823 Y119.346 E.1055
G1 X103.823 Y116.242 E.10189
G1 X108.187 Y116.242 E.14328
G1 E-1.75
;WIPE_START
G1 X107.803 Y116.663 E-.42716
G1 X107.591 Y116.913 E-.24575
G1 X107.533 Y116.998 E-.07709
;WIPE_END
G1 X111.117 Y117.884 F18000
G1 E2.5 F6000
M204 P1000
;TYPE:Outer wall
;WIDTH:0.42
G1 F3600
G1 X111.122 Y117.891 E.00026
G3 X109.772 Y117.352 I-1.123 J.852 E.22287
G1 X109.924 Y117.336 E.00465
G3 X111.024 Y117.775 I.076 J1.407 E.03717
G1 X111.078 Y117.839 E.00256
G1 E-1.75 F6000
;WIPE_START
G1 F3600
G1 X111.122 Y117.891 E-.05133
G1 X111.279 Y118.149 E-.22647
G1 X111.377 Y118.441 E-.23101
G1 X111.41 Y118.744 E-.22874
G1 X111.409 Y118.761 E-.01246
;WIPE_END
G1 X111.392 Y120.219 F18000
G1 E2.5 F6000
M204 P2000
;TYPE:Gap infill
;WIDTH:0.108827
G1 X111.321 Y120.302 E.00058
G3 X111.236 Y120.345 I-.083 J-.059 E.00053
G1 X110.591 Y120.513 F18000
;WIDTH:0.475997
G1 F6000
G3 X109.409 Y120.513 I-.591 J-4.055 E.04144
G1 X108.764 Y120.345 F18000
;WIDTH:0.103862
G1 F6000
G3 X108.645 Y120.254 I.053 J-.194 E.00076
G1 E-2.34549
;WIPE_START
G1 X108.711 Y120.327 E-.09833
G1 X108.764 Y120.345 E-.05618
;WIPE_END
G1 X103.115 Y124.97 F18000
G1 E2.5 F6000
;WIDTH:0.360149
G1 X103.026 Y124.486 E.0126
;WIDTH:0.405298
G3 X103.003 Y124.274 I2.009 J-.319 E.00623
;WIDTH:0.431455
G1 X103 Y120.364 E.12254
G1 X105.375 Y117.794 F18000
;TYPE:Internal solid infill
;WIDTH:0.476736
G1 F6000
G1 X105.481 Y117.794 E.0037
G1 X106.059 Y117.389 F18000
;WIDTH:0.419999
G1 F6000
G1 X104.97 Y117.389 E.03315
G1 X104.97 Y118.2 E.02466
G1 X105.868 Y118.2 E.02731
G1 X106.04 Y117.446 E.02353
G1 X106.64 Y117.012 F18000
G1 F6000
G1 X104.592 Y117.012 E.06228
G1 X104.592 Y118.577 E.0476
G1 X106.224 Y118.577 E.04962
G1 X106.237 Y118.273 E.00923
G1 X106.387 Y117.591 E.02124
G1 X106.616 Y117.067 E.01742
G1 X107.337 Y116.635 F18000
G1 F6000
G1 X104.215 Y116.635 E.09494
G1 X104.215 Y118.954 E.07054
G1 X106.602 Y118.954 E.0726
G1 X106.6 Y118.396 E.01697
G1 X106.755 Y117.672 E.0225
G1 X107.061 Y117 E.02248
G1 X107.301 Y116.682 E.01209
G1 X108.462 Y116.353 F18000
;TYPE:Gap infill
;WIDTH:0.142837
G1 F6000
G1 X108.652 Y116.208 E.00193
;WIDTH:0.156695
G1 X108.779 Y116.122 E.0014
;WIDTH:0.182908
G1 X108.901 Y116.039 E.00167
G1 X109.07 Y116.061 F18000
;WIDTH:0.109528
G1 F6000
G1 X108.985 Y116.076 E.00047
;WIDTH:0.140882
G2 X108.651 Y116.14 I1.257 J7.479 E.00268
G1 X111.346 Y116.137 F18000
;WIDTH:0.129803
G1 F6000
G2 X110.935 Y116.062 I-1.584 J7.467 E.00292
G1 X111.099 Y116.039 F18000
;WIDTH:0.170041
G1 F6000
G1 X111.221 Y116.122 E.00151
;WIDTH:0.157178
G1 X111.343 Y116.205 E.00136
;WIDTH:0.120407
G1 X111.538 Y116.353 E.00153
G1 X112.665 Y116.635 F18000
;TYPE:Internal solid infill
;WIDTH:0.419999
G1 F6000
G1 X112.912 Y116.959 E.0124
G1 X113.231 Y117.632 E.02265
G1 X113.395 Y118.354 E.02253
G1 X113.398 Y118.954 E.01823
G1 X115.785 Y118.954 E.0726
G1 X115.785 Y116.635 E.07054
G1 X112.725 Y116.635 E.09306
G1 X113.354 Y117.012 F18000
G1 F6000
G1 X113.572 Y117.47 E.01544
G3 X113.777 Y118.397 I-7.683 J2.184 E.02888
G1 X113.776 Y118.577 E.00547
G1 X115.408 Y118.577 E.04962
G1 X115.408 Y117.012 E.0476
G1 X113.414 Y117.012 E.06063
G1 X113.94 Y117.389 F18000
G1 F6000
G3 X114.141 Y118.2 I-66.25 J16.846 E.02541
G1 X115.03 Y118.2 E.02706
G1 X115.03 Y117.389 E.02466
G1 X114 Y117.389 E.03134
G1 X114.459 Y117.794 F18000
;WIDTH:0.476736
G1 F6000
G1 X114.565 Y117.794 E.0037
G1 X117 Y120.364 F18000
;TYPE:Gap infill
;WIDTH:0.431174
G1 F6000
G1 X117 Y124.143 E.11835
G3 X116.988 Y124.379 I-2.261 J.006 E.00741
;WIDTH:0.394221
G1 X116.974 Y124.486 E.00304
;WIDTH:0.380201
G1 X116.885 Y124.97 E.01339
G1 X117.05 Y115.225 F18000
;WIDTH:0.330912
G1 F6000
G1 X117.05 Y84.345 E.71728
G1 X117.009 Y83.557 E.01833
G1 X116.886 Y82.811 E.01755
G1 X116.678 Y82.061 E.01809
G1 X116.398 Y81.359 E.01755
G1 X116.041 Y80.685 E.01773
G1 X115.607 Y80.047 E.01791
G1 X115.118 Y79.471 E.01755
G1 X114.564 Y78.946 E.01773
G1 X113.956 Y78.484 E.01773
G1 X113.309 Y78.094 E.01755
G1 X112.609 Y77.77 E.01791
G1 X111.886 Y77.526 E.01773
G1 X111.148 Y77.364 E.01755
G1 X110.374 Y77.279 E.01809
G1 X109.618 Y77.28 E.01755
G1 X108.867 Y77.361 E.01755
G1 X108.107 Y77.529 E.01809
G1 X107.391 Y77.77 E.01755
G1 X106.698 Y78.09 E.01773
G1 X106.044 Y78.484 E.01773
G1 X105.442 Y78.941 E.01755
G1 X104.877 Y79.477 E.01809
G1 X104.388 Y80.053 E.01755
G1 X103.959 Y80.685 E.01773
G1 X103.599 Y81.366 E.01791
G1 X103.319 Y82.068 E.01755
G1 X103.115 Y82.804 E.01773
G1 X102.991 Y83.557 E.01773
G1 X102.95 Y84.345 E.01833
G1 X102.95 Y115.225 E.71728
; stop printing object LEG id:18398695746277035084 copy 0
;LAYER_CHANGE
;Z:4.24
;HEIGHT:0.2
G92 E0 ; zero the extruded length again
; BEFORE_LAYER_CHANGE 20 @ 4.24mm
G1 E-1.75 F6000
;WIPE_START
G1 X102.95 Y114.225 E-.75
;WIPE_END
; AFTER_LAYER_CHANGE 20 @ 4.24mm
;_SET_FAN_SPEED_CHANGING_LAYER
; printing object LEG id:18398695746277035084 copy 0
G1 X103.79 Y120.959 Z4.24 F18000
G1 E2.5 F6000
M204 P1000
;TYPE:Outer wall
;WIDTH:0.42
G1 F3600
G1 X103.79 Y125.945 E.15165
G3 X102.21 Y124.164 I.238 J-1.802 E.07897
G1 X102.21 Y84.325 E1.21164
G3 X111.098 Y76.614 I7.786 J-.003 E.40567
G1 X111.26 Y76.632 E.00497
G3 X117.79 Y84.325 I-1.297 J7.719 E.3335
G1 X117.79 Y124.164 E1.21164
G3 X116.21 Y125.945 I-1.818 J-.02 E.07897
G1 X116.21 Y120.959 E.15165
G1 X103.85 Y120.959 E.37591
G1 X103.398 Y120.567 F18000
M204 P1500
;TYPE:Inner wall
;WIDTH:0.45
G1 F6000
G1 X103.398 Y125.442 E.16005
G3 X102.602 Y124.153 I.682 J-1.311 E.0522
G1 X102.602 Y84.335 E1.30736
G3 X111.055 Y77.004 I7.399 J-.008 E.41659
G1 X111.197 Y77.02 E.00467
G3 X117.398 Y84.335 I-1.233 J7.331 E.34224
G1 X117.398 Y124.153 E1.30735
G3 X116.602 Y125.442 I-1.478 J-.023 E.0522
G1 X116.602 Y120.567 E.16005
G1 X110.81 Y120.567 E.19019
G1 X110.76 Y120.388 E.0061
G2 X109.24 Y120.388 I-.76 J-1.638 E.32108
G1 X109.19 Y120.567 E.0061
G1 X103.458 Y120.567 E.18822
G1 E-1.75
;WIPE_START
G1 X103.446 Y121.567 E-.75
;WIPE_END
G1 X103.69 Y114.629 F18000
G1 E2.5 F6000
M204 P1000
;TYPE:Outer wall
;WIDTH:0.42
G1 F3600
G1 X103.69 Y84.311 E.92209
G3 X109.658 Y78.018 I6.31 J.008 E.29082
G3 X116.31 Y84.311 I.321 J6.322 E.31131
G1 X116.31 Y114.629 E.92209
G1 X103.75 Y114.629 E.382
G1 X103.298 Y114.629 F18000
M204 P1500
;TYPE:Inner wall
;WIDTH:0.45
G1 F6000
G1 X103.298 Y84.3 E.9958
G3 X109.637 Y77.626 I6.702 J.018 E.33315
G3 X116.702 Y84.3 I.342 J6.715 E.35665
G1 X116.702 Y115.021 E1.00868
G1 X103.298 Y115.021 E.4401
G1 X103.298 Y114.689 E.0109
G1 E-1.75
;WIPE_START
G1 X103.298 Y113.689 E-.75
;WIPE_END
G1 X111.726 Y117.366 F18000
G1 E2.5 F6000
G1 X111.604 Y117.225 E.00613
G2 X108.293 Y120.16 I-1.604 J1.526 E.22325
G1 X103.009 Y120.16 E.17348
G1 X103.009 Y115.428 E.15536
G1 X116.991 Y115.428 E.45907
G1 X116.991 Y120.16 E.15536
G1 X111.707 Y120.16 E.17348
G2 X111.764 Y117.413 I-1.707 J-1.41 E.09733
G1 X112.036 Y117.103 F18000
G1 F6000
G1 X111.898 Y116.946 E.00685
G2 X107.587 Y119.753 I-1.898 J1.798 E.2386
G1 X103.416 Y119.753 E.13695
G1 X103.416 Y115.835 E.12863
G1 X116.584 Y115.835 E.43233
G1 X116.584 Y119.753 E.12863
G1 X112.413 Y119.753 E.13695
G2 X112.082 Y117.162 I-2.413 J-1.008 E.0898
G1 X112.073 Y117.15 E.00048
G1 X112.346 Y116.839 F18000
G1 F6000
G1 X112.197 Y116.663 E.00758
G1 X111.753 Y116.242 E.02008
G1 X116.177 Y116.242 E.14525
G1 X116.177 Y119.346 E.10189
G1 X112.963 Y119.346 E.1055
G2 X112.408 Y116.914 I-2.992 J-.596 E.08438
G1 X112.385 Y116.885 E.0012
G1 E-1.75
;WIPE_START
G1 X112.197 Y116.663 E-.21823
G1 X111.753 Y116.242 E-.45871
G1 X111.85 Y116.242 E-.07306
;WIPE_END
G1 X108.247 Y116.242 F18000
G1 E2.5 F6000
G1 X107.803 Y116.663 E.02008
G2 X107.037 Y119.346 I2.226 J2.087 E.09514
G1 X103.823 Y119.346 E.1055
G1 X103.823 Y116.242 E.10189
G1 X108.187 Y116.242 E.14328
G1 E-1.75
;WIPE_START
G1 X107.803 Y116.663 E-.42717
G1 X107.591 Y116.913 E-.24574
G1 X107.533 Y116.998 E-.07709
;WIPE_END
G1 X111.117 Y117.884 F18000
G1 E2.5 F6000
M204 P1000
;TYPE:Outer wall
;WIDTH:0.42
G1 F3600
G1 X111.122 Y117.891 E.00028
G3 X109.772 Y117.352 I-1.123 J.852 E.22287
G1 X109.924 Y117.336 E.00464
G3 X110.913 Y117.669 I.076 J1.407 E.03253
G1 X111.075 Y117.84 E.00717
G1 E-1.75 F6000
;WIPE_START
G1 F3600
G1 X111.122 Y117.891 E-.05185
G1 X111.28 Y118.152 E-.22869
G1 X111.377 Y118.441 E-.22875
G1 X111.409 Y118.714 E-.20587
G1 X111.407 Y118.76 E-.03483
;WIPE_END
G1 X111.392 Y120.219 F18000
G1 E2.5 F6000
M204 P2000
;TYPE:Gap infill
;WIDTH:0.108825
G1 X111.321 Y120.302 E.00058
G3 X111.236 Y120.345 I-.083 J-.059 E.00053
G1 X110.591 Y120.513 F18000
;WIDTH:0.475998
G1 F6000
G3 X109.409 Y120.513 I-.591 J-4.055 E.04144
G1 X108.764 Y120.345 F18000
;WIDTH:0.109637
G1 F6000
G3 X108.608 Y120.219 I.054 J-.227 E.00112
G1 E-2.29259
;WIPE_START
G1 X108.698 Y120.323 E-.13781
G1 X108.764 Y120.345 E-.0696
;WIPE_END
G1 X103.115 Y124.97 F18000
G1 E2.5 F6000
;WIDTH:0.36015
G1 X103.026 Y124.486 E.0126
;WIDTH:0.405297
G3 X103.003 Y124.274 I2.01 J-.319 E.00623
;WIDTH:0.431455
G1 X103 Y120.364 E.12254
G1 X105.375 Y117.794 F18000
;TYPE:Internal solid infill
;WIDTH:0.476736
G1 F6000
G1 X105.481 Y117.794 E.0037
G1 X106.059 Y117.389 F18000
;WIDTH:0.419999
G1 F6000
G1 X104.97 Y117.389 E.03315
G1 X104.97 Y118.2 E.02466
G1 X105.868 Y118.2 E.02731
G1 X106.04 Y117.446 E.02353
G1 X106.64 Y117.012 F18000
G1 F6000
G1 X104.592 Y117.012 E.06228
G1 X104.592 Y118.577 E.0476
G1 X106.224 Y118.577 E.04962
G1 X106.237 Y118.273 E.00923
G1 X106.387 Y117.591 E.02124
G1 X106.616 Y117.067 E.01742
G1 X107.337 Y116.635 F18000
G1 F6000
G1 X104.215 Y116.635 E.09494
G1 X104.215 Y118.954 E.07054
G1 X106.602 Y118.954 E.0726
G1 X106.6 Y118.396 E.01697
G1 X106.755 Y117.672 E.0225
G1 X107.061 Y117 E.02248
G1 X107.301 Y116.682 E.01209
G1 X108.462 Y116.353 F18000
;TYPE:Gap infill
;WIDTH:0.142824
G1 F6000
G1 X108.652 Y116.208 E.00193
;WIDTH:0.156684
G1 X108.779 Y116.122 E.0014
;WIDTH:0.182899
G1 X108.901 Y116.039 E.00167
G1 X109.065 Y116.062 F18000
;WIDTH:0.119085
G1 F6000
G2 X108.654 Y116.137 I1.174 J7.549 E.00256
G1 X111.345 Y116.137 F18000
;WIDTH:0.12981
G1 F6000
G2 X110.935 Y116.062 I-1.585 J7.478 E.00292
G1 X111.099 Y116.039 F18000
;WIDTH:0.170035
G1 F6000
G1 X111.221 Y116.122 E.00151
;WIDTH:0.157174
G1 X111.343 Y116.205 E.00136
;WIDTH:0.120405
G1 X111.538 Y116.353 E.00153
G1 X112.663 Y116.635 F18000
;TYPE:Internal solid infill
;WIDTH:0.419999
G1 F6000
G1 X112.939 Y117 E.01392
G1 X113.232 Y117.634 E.02124
G1 X113.395 Y118.354 E.02247
G1 X113.394 Y118.954 E.01823
G1 X115.785 Y118.954 E.07272
G1 X115.785 Y116.635 E.07054
G1 X112.723 Y116.635 E.09311
G1 X113.36 Y117.012 F18000
G1 F6000
G1 X113.574 Y117.475 E.01554
G3 X113.777 Y118.401 I-7.734 J2.176 E.02883
G1 X113.775 Y118.577 E.00534
G1 X115.408 Y118.577 E.04966
G1 X115.408 Y117.012 E.0476
G1 X113.42 Y117.012 E.06046
G1 X113.941 Y117.389 F18000
G1 F6000
G3 X114.141 Y118.2 I-84.769 J21.364 E.0254
G1 X115.03 Y118.2 E.02706
G1 X115.03 Y117.389 E.02466
G1 X114.001 Y117.389 E.03132
G1 X114.459 Y117.794 F18000
;WIDTH:0.476736
G1 F6000
G1 X114.565 Y117.794 E.0037
G1 X117 Y120.364 F18000
;TYPE:Gap infill
;WIDTH:0.431174
G1 F6000
G1 X117 Y124.143 E.11835
G3 X116.988 Y124.379 I-2.261 J.006 E.00741
;WIDTH:0.394222
G1 X116.974 Y124.486 E.00304
;WIDTH:0.380207
G1 X116.885 Y124.97 E.01339
G1 X117.05 Y115.225 F18000
;WIDTH:0.330912
G1 F6000
G1 X117.05 Y84.345 E.71728
G1 X117.009 Y83.557 E.01833
G1 X116.886 Y82.811 E.01755
G1 X116.678 Y82.061 E.01809
G1 X116.398 Y81.359 E.01755
G1 X116.041 Y80.685 E.01773
G1 X115.607 Y80.047 E.01791
G1 X115.118 Y79.471 E.01755
G1 X114.564 Y78.946 E.01773
G1 X113.956 Y78.484 E.01773
G1 X113.309 Y78.094 E.01755
G1 X112.609 Y77.77 E.01791
G1 X111.886 Y77.526 E.01773
G1 X111.148 Y77.364 E.01755
G1 X110.374 Y77.279 E.01809
G1 X109.618 Y77.28 E.01755
G1 X108.867 Y77.361 E.01755
G1 X108.107 Y77.529 E.01809
G1 X107.391 Y77.77 E.01755
G1 X106.698 Y78.09 E.01773
G1 X106.044 Y78.484 E.01773
G1 X105.442 Y78.941 E.01755
G1 X104.877 Y79.477 E.01809
G1 X104.388 Y80.053 E.01755
G1 X103.959 Y80.685 E.01773
G1 X103.599 Y81.366 E.01791
G1 X103.319 Y82.068 E.01755
G1 X103.115 Y82.804 E.01773
G1 X102.991 Y83.557 E.01773
G1 X102.95 Y84.345 E.01833
G1 X102.95 Y115.225 E.71728
; stop printing object LEG id:18398695746277035084 copy 0
;LAYER_CHANGE
;Z:4.44
;HEIGHT:0.2
G92 E0 ; zero the extruded length again
; BEFORE_LAYER_CHANGE 21 @ 4.44mm
G1 E-1.75 F6000
;WIPE_START
G1 X102.95 Y114.225 E-.75
;WIPE_END
; AFTER_LAYER_CHANGE 21 @ 4.44mm
;_SET_FAN_SPEED_CHANGING_LAYER
; printing object LEG id:18398695746277035084 copy 0
G1 X103.79 Y120.959 Z4.44 F18000
G1 E2.5 F6000
M204 P1000
;TYPE:Outer wall
;WIDTH:0.42
G1 F3600
G1 X103.79 Y125.945 E.15165
G3 X102.21 Y124.164 I.216 J-1.783 E.07918
G1 X102.21 Y84.325 E1.21164
G3 X111.089 Y76.613 I7.785 J-.003 E.40541
G1 X111.26 Y76.632 E.00523
G3 X117.79 Y84.325 I-1.297 J7.719 E.3335
G1 X117.79 Y124.164 E1.21164
G3 X116.21 Y125.945 I-1.818 J-.021 E.07897
G1 X116.21 Y120.959 E.15165
G1 X103.85 Y120.959 E.37591
G1 X103.398 Y120.567 F18000
M204 P1500
;TYPE:Inner wall
;WIDTH:0.45
G1 F6000
G1 X103.398 Y125.442 E.16005
G3 X102.602 Y124.153 I.646 J-1.289 E.05234
G1 X102.602 Y84.335 E1.30736
G3 X111.047 Y77.003 I7.398 J-.008 E.41631
G1 X111.197 Y77.02 E.00495
G3 X117.398 Y84.335 I-1.233 J7.331 E.34224
G1 X117.398 Y124.153 E1.30735
G3 X116.602 Y125.442 I-1.478 J-.023 E.0522
G1 X116.602 Y120.567 E.16005
G1 X110.81 Y120.567 E.19019
G1 X110.76 Y120.388 E.0061
G2 X108.988 Y120.237 I-.752 J-1.638 E.31082
G1 X109.24 Y120.388 E.00966
G1 X109.19 Y120.567 E.0061
G1 X103.458 Y120.567 E.18822
G1 E-1.75
;WIPE_START
G1 X103.446 Y121.567 E-.75
;WIPE_END
G1 X103.69 Y114.629 F18000
G1 E2.5 F6000
M204 P1000
;TYPE:Outer wall
;WIDTH:0.42
G1 F3600
G1 X103.69 Y84.311 E.92209
G3 X109.658 Y78.018 I6.31 J.008 E.29082
G3 X116.31 Y84.311 I.321 J6.322 E.31131
G1 X116.31 Y114.629 E.92209
G1 X103.75 Y114.629 E.382
G1 X103.298 Y114.629 F18000
M204 P1500
;TYPE:Inner wall
;WIDTH:0.45
G1 F6000
G1 X103.298 Y84.3 E.9958
G3 X109.637 Y77.626 I6.702 J.018 E.33315
G3 X116.702 Y84.3 I.342 J6.715 E.35665
G1 X116.702 Y115.021 E1.00868
G1 X103.298 Y115.021 E.4401
G1 X103.298 Y114.689 E.0109
G1 E-1.75
;WIPE_START
G1 X103.298 Y113.689 E-.75
;WIPE_END
G1 X111.725 Y117.366 F18000
G1 E2.5 F6000
G1 X111.604 Y117.225 E.0061
G2 X108.293 Y120.16 I-1.604 J1.526 E.22325
G1 X103.009 Y120.16 E.17348
G1 X103.009 Y115.428 E.15536
G1 X116.991 Y115.428 E.45907
G1 X116.991 Y120.16 E.15536
G1 X111.707 Y120.16 E.17348
G2 X111.763 Y117.412 I-1.707 J-1.41 E.09736
G1 X112.036 Y117.102 F18000
G1 F6000
G1 X111.898 Y116.946 E.00682
G2 X107.587 Y119.753 I-1.898 J1.798 E.2386
G1 X103.416 Y119.753 E.13695
G1 X103.416 Y115.835 E.12863
G1 X116.584 Y115.835 E.43233
G1 X116.584 Y119.753 E.12863
G1 X112.413 Y119.753 E.13695
G2 X112.082 Y117.162 I-2.413 J-1.008 E.08981
G1 X112.072 Y117.15 E.0005
G1 X112.346 Y116.838 F18000
G1 F6000
G1 X112.197 Y116.663 E.00755
G1 X111.753 Y116.242 E.02008
G1 X116.177 Y116.242 E.14525
G1 X116.177 Y119.346 E.10189
G1 X112.963 Y119.346 E.1055
G2 X112.408 Y116.914 I-2.992 J-.596 E.08438
G1 X112.384 Y116.885 E.00123
G1 E-1.75
;WIPE_START
G1 X112.197 Y116.663 E-.21757
G1 X111.753 Y116.242 E-.45871
G1 X111.851 Y116.242 E-.07372
;WIPE_END
G1 X108.247 Y116.242 F18000
G1 E2.5 F6000
G1 X107.803 Y116.663 E.02008
G2 X107.037 Y119.346 I2.226 J2.087 E.09514
G1 X103.823 Y119.346 E.1055
G1 X103.823 Y116.242 E.10189
G1 X108.187 Y116.242 E.14328
G1 E-1.75
;WIPE_START
G1 X107.803 Y116.663 E-.42715
G1 X107.591 Y116.913 E-.24576
G1 X107.533 Y116.998 E-.07708
;WIPE_END
G1 X111.116 Y117.883 F18000
G1 E2.5 F6000
M204 P1000
;TYPE:Outer wall
;WIDTH:0.42
G1 F3600
G1 X111.122 Y117.891 E.00031
G3 X109.772 Y117.352 I-1.123 J.852 E.22287
G1 X109.924 Y117.336 E.00465
G3 X110.913 Y117.669 I.076 J1.407 E.03253
G1 X111.075 Y117.84 E.00714
G1 E-1.75 F6000
;WIPE_START
G1 F3600
G1 X111.122 Y117.891 E-.05252
G1 X111.28 Y118.152 E-.2287
G1 X111.377 Y118.441 E-.22875
G1 X111.41 Y118.744 E-.22875
G1 X111.409 Y118.759 E-.01129
;WIPE_END
G1 X111.392 Y120.219 F18000
G1 E2.5 F6000
M204 P2000
;TYPE:Gap infill
;WIDTH:0.108828
G1 X111.321 Y120.302 E.00058
G3 X111.236 Y120.345 I-.083 J-.059 E.00053
G1 X110.591 Y120.513 F18000
;WIDTH:0.475997
G1 F6000
G3 X109.409 Y120.513 I-.591 J-4.055 E.04144
G1 X108.764 Y120.345 F18000
;WIDTH:0.109637
G1 F6000
G3 X108.608 Y120.219 I.054 J-.227 E.00112
G1 E-2.29258
;WIPE_START
G1 X108.698 Y120.323 E-.13782
G1 X108.764 Y120.345 E-.0696
;WIPE_END
G1 X103.115 Y124.97 F18000
G1 E2.5 F6000
;WIDTH:0.360151
G1 X103.026 Y124.486 E.0126
;WIDTH:0.4053
G3 X103.003 Y124.274 I2.009 J-.319 E.00623
;WIDTH:0.431455
G1 X103 Y120.364 E.12254
G1 X105.375 Y117.794 F18000
;TYPE:Internal solid infill
;WIDTH:0.476736
G1 F6000
G1 X105.481 Y117.794 E.0037
G1 X106.059 Y117.389 F18000
;WIDTH:0.419999
G1 F6000
G1 X104.97 Y117.389 E.03315
G1 X104.97 Y118.2 E.02466
G1 X105.868 Y118.2 E.02731
G1 X106.04 Y117.446 E.02353
G1 X106.64 Y117.012 F18000
G1 F6000
G1 X104.592 Y117.012 E.06228
G1 X104.592 Y118.577 E.0476
G1 X106.224 Y118.577 E.04962
G1 X106.237 Y118.273 E.00923
G1 X106.387 Y117.591 E.02124
G1 X106.616 Y117.067 E.01742
G1 X107.337 Y116.635 F18000
G1 F6000
G1 X104.215 Y116.635 E.09494
G1 X104.215 Y118.954 E.07054
G1 X106.602 Y118.954 E.0726
G1 X106.6 Y118.396 E.01697
G1 X106.755 Y117.672 E.0225
G1 X107.061 Y117 E.02248
G1 X107.301 Y116.682 E.01209
G1 X108.462 Y116.353 F18000
;TYPE:Gap infill
;WIDTH:0.142838
G1 F6000
G1 X108.652 Y116.208 E.00193
;WIDTH:0.156696
G1 X108.779 Y116.122 E.0014
;WIDTH:0.182907
G1 X108.901 Y116.039 E.00167
G1 X109.065 Y116.062 F18000
;WIDTH:0.119089
G1 F6000
G2 X108.655 Y116.137 I1.179 J7.575 E.00256
G1 X111.345 Y116.137 F18000
;WIDTH:0.129802
G1 F6000
G2 X110.935 Y116.062 I-1.593 J7.524 E.00292
G1 X111.099 Y116.039 F18000
;WIDTH:0.170039
G1 F6000
G1 X111.221 Y116.122 E.00151
;WIDTH:0.157175
G1 X111.343 Y116.205 E.00136
;WIDTH:0.120406
G1 X111.538 Y116.353 E.00153
G1 X112.663 Y116.635 F18000
;TYPE:Internal solid infill
;WIDTH:0.419999
G1 F6000
G1 X112.939 Y117 E.01392
G1 X113.232 Y117.634 E.02124
G1 X113.395 Y118.354 E.02247
G1 X113.398 Y118.954 E.01823
G1 X115.785 Y118.954 E.0726
G1 X115.785 Y116.635 E.07054
G1 X112.723 Y116.635 E.09311
G1 X113.36 Y117.012 F18000
G1 F6000
G1 X113.574 Y117.475 E.01554
G3 X113.777 Y118.397 I-7.938 J2.227 E.02871
G1 X113.776 Y118.577 E.00547
G1 X115.408 Y118.577 E.04962
G1 X115.408 Y117.012 E.0476
G1 X113.42 Y117.012 E.06046
G1 X113.941 Y117.389 F18000
G1 F6000
G3 X114.141 Y118.2 I-84.581 J21.317 E.0254
G1 X115.03 Y118.2 E.02706
G1 X115.03 Y117.389 E.02466
G1 X114.001 Y117.389 E.03132
G1 X114.459 Y117.794 F18000
;WIDTH:0.476736
G1 F6000
G1 X114.565 Y117.794 E.0037
G1 X117 Y120.364 F18000
;TYPE:Gap infill
;WIDTH:0.431174
G1 F6000
G1 X117 Y124.143 E.11835
G3 X116.988 Y124.379 I-2.261 J.006 E.00741
;WIDTH:0.394222
G1 X116.974 Y124.486 E.00304
;WIDTH:0.380207
G1 X116.885 Y124.97 E.01339
G1 X117.05 Y115.225 F18000
;WIDTH:0.330912
G1 F6000
G1 X117.05 Y84.345 E.71728
G1 X117.009 Y83.557 E.01833
G1 X116.886 Y82.811 E.01755
G1 X116.678 Y82.061 E.01809
G1 X116.398 Y81.359 E.01755
G1 X116.041 Y80.685 E.01773
G1 X115.607 Y80.047 E.01791
G1 X115.118 Y79.471 E.01755
G1 X114.564 Y78.946 E.01773
G1 X113.956 Y78.484 E.01773
G1 X113.309 Y78.094 E.01755
G1 X112.609 Y77.77 E.01791
G1 X111.886 Y77.526 E.01773
G1 X111.148 Y77.364 E.01755
G1 X110.374 Y77.279 E.01809
G1 X109.618 Y77.28 E.01755
G1 X108.867 Y77.361 E.01755
G1 X108.107 Y77.529 E.01809
G1 X107.391 Y77.77 E.01755
G1 X106.698 Y78.09 E.01773
G1 X106.044 Y78.484 E.01773
G1 X105.442 Y78.941 E.01755
G1 X104.877 Y79.477 E.01809
G1 X104.388 Y80.053 E.01755
G1 X103.959 Y80.685 E.01773
G1 X103.599 Y81.366 E.01791
G1 X103.319 Y82.068 E.01755
G1 X103.115 Y82.804 E.01773
G1 X102.991 Y83.557 E.01773
G1 X102.95 Y84.345 E.01833
G1 X102.95 Y115.225 E.71728
; stop printing object LEG id:18398695746277035084 copy 0
;LAYER_CHANGE
;Z:4.64
;HEIGHT:0.2
G92 E0 ; zero the extruded length again
; BEFORE_LAYER_CHANGE 22 @ 4.64mm
G1 E-1.75 F6000
;WIPE_START
G1 X102.95 Y114.225 E-.75
;WIPE_END
; AFTER_LAYER_CHANGE 22 @ 4.64mm
;_SET_FAN_SPEED_CHANGING_LAYER
; printing object LEG id:18398695746277035084 copy 0
G1 X103.79 Y120.959 Z4.64 F18000
G1 E2.5 F6000
M204 P1000
;TYPE:Outer wall
;WIDTH:0.42
G1 F3600
G1 X103.79 Y125.945 E.15165
G3 X102.21 Y124.164 I.238 J-1.802 E.07897
G1 X102.21 Y84.325 E1.21164
G3 X111.081 Y76.613 I7.785 J-.003 E.40515
G1 X111.26 Y76.632 E.00549
G3 X117.79 Y84.325 I-1.297 J7.719 E.3335
G1 X117.79 Y124.164 E1.21164
G3 X116.21 Y125.945 I-1.818 J-.02 E.07897
G1 X116.21 Y120.959 E.15165
G1 X103.85 Y120.959 E.37591
G1 X103.398 Y120.567 F18000
M204 P1500
;TYPE:Inner wall
;WIDTH:0.45
G1 F6000
G1 X103.398 Y125.442 E.16005
G3 X102.602 Y124.153 I.682 J-1.311 E.0522
G1 X102.602 Y84.335 E1.30736
G3 X111.038 Y77.002 I7.398 J-.008 E.41603
G1 X111.197 Y77.02 E.00523
G3 X117.398 Y84.335 I-1.233 J7.331 E.34224
G1 X117.398 Y124.153 E1.30735
G3 X116.602 Y125.442 I-1.478 J-.023 E.0522
G1 X116.602 Y120.567 E.16005
G1 X110.81 Y120.567 E.19019
G1 X110.76 Y120.388 E.0061
G2 X109.24 Y120.388 I-.76 J-1.638 E.32108
G1 X109.19 Y120.567 E.0061
G1 X103.458 Y120.567 E.18822
G1 E-1.75
;WIPE_START
G1 X103.446 Y121.567 E-.75
;WIPE_END
G1 X103.69 Y114.629 F18000
G1 E2.5 F6000
M204 P1000
;TYPE:Outer wall
;WIDTH:0.42
G1 F3600
G1 X103.69 Y84.311 E.92209
G3 X109.658 Y78.018 I6.31 J.008 E.29082
G3 X116.31 Y84.311 I.321 J6.322 E.31131
G1 X116.31 Y114.629 E.92209
G1 X103.75 Y114.629 E.382
G1 X103.298 Y114.629 F18000
M204 P1500
;TYPE:Inner wall
;WIDTH:0.45
G1 F6000
G1 X103.298 Y84.3 E.9958
G3 X109.637 Y77.626 I6.702 J.018 E.33315
G3 X116.702 Y84.3 I.342 J6.715 E.35665
G1 X116.702 Y115.021 E1.00868
G1 X103.298 Y115.021 E.4401
G1 X103.298 Y114.689 E.0109
G1 E-1.75
;WIPE_START
G1 X103.298 Y113.689 E-.75
;WIPE_END
G1 X111.725 Y117.365 F18000
G1 E2.5 F6000
G1 X111.604 Y117.225 E.00608
G2 X108.293 Y120.16 I-1.604 J1.526 E.22321
G1 X103.009 Y120.16 E.17348
G1 X103.009 Y115.428 E.15536
G1 X116.991 Y115.428 E.45907
G1 X116.991 Y120.16 E.15536
G1 X111.707 Y120.16 E.17348
G2 X111.763 Y117.412 I-1.707 J-1.409 E.09738
G1 X112.035 Y117.101 F18000
G1 F6000
G1 X111.9 Y116.944 E.00681
G2 X107.587 Y119.753 I-1.9 J1.798 E.23885
G1 X103.416 Y119.753 E.13695
G1 X103.416 Y115.835 E.12863
G1 X116.584 Y115.835 E.43233
G1 X116.584 Y119.753 E.12863
G1 X112.413 Y119.753 E.13695
G2 X112.084 Y117.16 I-2.413 J-1.011 E.08985
G1 X112.073 Y117.148 E.00053
G1 X112.345 Y116.838 F18000
G1 F6000
G1 X112.197 Y116.663 E.00753
G1 X111.753 Y116.242 E.02008
G1 X116.177 Y116.242 E.14525
G1 X116.177 Y119.346 E.10189
G1 X112.963 Y119.346 E.1055
G2 X112.408 Y116.914 I-2.992 J-.596 E.08438
G1 X112.384 Y116.884 E.00125
G1 E-1.75
;WIPE_START
G1 X112.197 Y116.663 E-.21702
G1 X111.753 Y116.242 E-.45872
G1 X111.852 Y116.242 E-.07426
;WIPE_END
G1 X108.247 Y116.242 F18000
G1 E2.5 F6000
G1 X107.803 Y116.663 E.02008
G1 X107.716 Y116.765 E.00441
G2 X107.037 Y119.346 I2.294 J1.984 E.09072
G1 X103.823 Y119.346 E.1055
G1 X103.823 Y116.242 E.10189
G1 X108.187 Y116.242 E.14328
G1 E-1.75
;WIPE_START
G1 X107.803 Y116.663 E-.42715
G1 X107.716 Y116.765 E-.10075
G1 X107.591 Y116.913 E-.14502
G1 X107.533 Y116.998 E-.07708
;WIPE_END
G1 X111.115 Y117.883 F18000
G1 E2.5 F6000
M204 P1000
;TYPE:Outer wall
;WIDTH:0.42
G1 F3600
G1 X111.122 Y117.891 E.00033
G3 X109.772 Y117.352 I-1.123 J.852 E.22287
G1 X109.924 Y117.336 E.00465
G3 X110.913 Y117.669 I.076 J1.407 E.03253
G1 X111.074 Y117.839 E.00712
G1 E-1.75 F6000
;WIPE_START
G1 F3600
G1 X111.122 Y117.891 E-.05305
G1 X111.28 Y118.152 E-.2287
G1 X111.377 Y118.441 E-.22874
G1 X111.41 Y118.744 E-.22875
G1 X111.409 Y118.758 E-.01076
;WIPE_END
G1 X111.392 Y120.219 F18000
G1 E2.5 F6000
M204 P2000
;TYPE:Gap infill
;WIDTH:0.108826
G1 X111.321 Y120.302 E.00058
G3 X111.236 Y120.345 I-.083 J-.059 E.00053
G1 X110.591 Y120.513 F18000
;WIDTH:0.475997
G1 F6000
G3 X109.409 Y120.513 I-.591 J-4.055 E.04144
G1 X108.764 Y120.345 F18000
;WIDTH:0.109642
G1 F6000
G3 X108.608 Y120.219 I.054 J-.227 E.00112
G1 E-2.29255
;WIPE_START
G1 X108.698 Y120.323 E-.13784
G1 X108.764 Y120.345 E-.06961
;WIPE_END
G1 X103.115 Y124.97 F18000
G1 E2.5 F6000
;WIDTH:0.360149
G1 X103.026 Y124.486 E.0126
;WIDTH:0.405298
G3 X103.003 Y124.274 I2.009 J-.319 E.00623
;WIDTH:0.431455
G1 X103 Y120.364 E.12254
G1 X105.375 Y117.794 F18000
;TYPE:Internal solid infill
;WIDTH:0.476736
G1 F6000
G1 X105.481 Y117.794 E.0037
G1 X106.059 Y117.389 F18000
;WIDTH:0.419999
G1 F6000
G1 X104.97 Y117.389 E.03315
G1 X104.97 Y118.2 E.02466
G1 X105.868 Y118.2 E.02731
G1 X106.04 Y117.446 E.02353
G1 X106.64 Y117.012 F18000
G1 F6000
G1 X104.592 Y117.012 E.06228
G1 X104.592 Y118.577 E.0476
G1 X106.224 Y118.577 E.04962
G1 X106.237 Y118.273 E.00923
G1 X106.387 Y117.591 E.02124
G1 X106.616 Y117.067 E.01742
G1 X107.337 Y116.635 F18000
G1 F6000
G1 X104.215 Y116.635 E.09494
G1 X104.215 Y118.954 E.07054
G1 X106.602 Y118.954 E.0726
G1 X106.6 Y118.396 E.01697
G1 X106.755 Y117.672 E.0225
G1 X107.061 Y117 E.02248
G1 X107.301 Y116.682 E.01209
G1 X108.462 Y116.353 F18000
;TYPE:Gap infill
;WIDTH:0.142829
G1 F6000
G1 X108.652 Y116.208 E.00193
;WIDTH:0.156689
G1 X108.779 Y116.122 E.0014
;WIDTH:0.182899
G1 X108.901 Y116.039 E.00167
G1 X109.065 Y116.062 F18000
;WIDTH:0.119088
G1 F6000
G2 X108.654 Y116.137 I1.173 J7.542 E.00256
G1 X111.345 Y116.137 F18000
;WIDTH:0.129804
G1 F6000
G2 X110.935 Y116.062 I-1.593 J7.526 E.00292
G1 X111.099 Y116.039 F18000
;WIDTH:0.170054
G1 F6000
G1 X111.221 Y116.122 E.00151
;WIDTH:0.157192
G1 X111.343 Y116.205 E.00136
;WIDTH:0.120415
G1 X111.538 Y116.353 E.00153
G1 X112.663 Y116.635 F18000
;TYPE:Internal solid infill
;WIDTH:0.419999
G1 F6000
G1 X112.939 Y117 E.01392
G1 X113.232 Y117.634 E.02124
G1 X113.395 Y118.354 E.02248
G1 X113.398 Y118.954 E.01823
G1 X115.785 Y118.954 E.0726
G1 X115.785 Y116.635 E.07054
G1 X112.723 Y116.635 E.09311
G1 X113.36 Y117.012 F18000
G1 F6000
G1 X113.574 Y117.475 E.01554
G3 X113.777 Y118.397 I-7.94 J2.227 E.02871
G1 X113.776 Y118.577 E.00547
G1 X115.408 Y118.577 E.04962
G1 X115.408 Y117.012 E.0476
G1 X113.42 Y117.012 E.06046
G1 X113.941 Y117.389 F18000
G1 F6000
G3 X114.141 Y118.2 I-83.342 J21.008 E.0254
G1 X115.03 Y118.2 E.02706
G1 X115.03 Y117.389 E.02466
G1 X114.001 Y117.389 E.03132
G1 X114.459 Y117.794 F18000
;WIDTH:0.476736
G1 F6000
G1 X114.565 Y117.794 E.0037
G1 X117 Y120.364 F18000
;TYPE:Gap infill
;WIDTH:0.431174
G1 F6000
G1 X117 Y124.143 E.11835
G3 X116.988 Y124.379 I-2.261 J.006 E.00741
;WIDTH:0.394222
G1 X116.974 Y124.486 E.00304
;WIDTH:0.380207
G1 X116.885 Y124.97 E.01339
G1 X117.05 Y115.225 F18000
;WIDTH:0.330912
G1 F6000
G1 X117.05 Y84.345 E.71728
G1 X117.009 Y83.557 E.01833
G1 X116.886 Y82.811 E.01755
G1 X116.678 Y82.061 E.01809
G1 X116.398 Y81.359 E.01755
G1 X116.041 Y80.685 E.01773
G1 X115.607 Y80.047 E.01791
G1 X115.118 Y79.471 E.01755
G1 X114.564 Y78.946 E.01773
G1 X113.956 Y78.484 E.01773
G1 X113.309 Y78.094 E.01755
G1 X112.609 Y77.77 E.01791
G1 X111.886 Y77.526 E.01773
G1 X111.148 Y77.364 E.01755
G1 X110.374 Y77.279 E.01809
G1 X109.618 Y77.28 E.01755
G1 X108.867 Y77.361 E.01755
G1 X108.107 Y77.529 E.01809
G1 X107.391 Y77.77 E.01755
G1 X106.698 Y78.09 E.01773
G1 X106.044 Y78.484 E.01773
G1 X105.442 Y78.941 E.01755
G1 X104.877 Y79.477 E.01809
G1 X104.388 Y80.053 E.01755
G1 X103.959 Y80.685 E.01773
G1 X103.599 Y81.366 E.01791
G1 X103.319 Y82.068 E.01755
G1 X103.115 Y82.804 E.01773
G1 X102.991 Y83.557 E.01773
G1 X102.95 Y84.345 E.01833
G1 X102.95 Y115.225 E.71728
; stop printing object LEG id:18398695746277035084 copy 0
;LAYER_CHANGE
;Z:4.84
;HEIGHT:0.2
G92 E0 ; zero the extruded length again
; BEFORE_LAYER_CHANGE 23 @ 4.84mm
G1 E-1.75 F6000
;WIPE_START
G1 X102.95 Y114.225 E-.75
;WIPE_END
; AFTER_LAYER_CHANGE 23 @ 4.84mm
;_SET_FAN_SPEED_CHANGING_LAYER
; printing object LEG id:18398695746277035084 copy 0
G1 X103.79 Y120.959 Z4.84 F18000
G1 E2.5 F6000
M204 P1000
;TYPE:Outer wall
;WIDTH:0.42
G1 F3600
G1 X103.79 Y125.945 E.15165
G3 X102.21 Y124.164 I.238 J-1.802 E.07897
G1 X102.21 Y84.325 E1.21164
G3 X111.072 Y76.612 I7.785 J-.003 E.40489
G1 X111.26 Y76.632 E.00575
G3 X117.79 Y84.325 I-1.287 J7.71 E.33358
G1 X117.79 Y124.164 E1.21164
G3 X116.21 Y125.945 I-1.795 J-.001 E.07919
G1 X116.21 Y120.959 E.15165
G1 X103.85 Y120.959 E.37591
G1 X103.398 Y120.567 F18000
M204 P1500
;TYPE:Inner wall
;WIDTH:0.45
G1 F6000
G1 X103.398 Y125.442 E.16005
G3 X102.602 Y124.153 I.682 J-1.311 E.0522
G1 X102.602 Y84.335 E1.30736
G3 X111.03 Y77.001 I7.409 J.005 E.41553
G1 X111.197 Y77.02 E.0055
G3 X117.398 Y84.335 I-1.222 J7.322 E.34234
G1 X117.398 Y124.153 E1.30735
G3 X116.602 Y125.442 I-1.478 J-.023 E.0522
G1 X116.602 Y120.567 E.16005
G1 X110.81 Y120.567 E.19019
G1 X110.76 Y120.388 E.0061
G2 X109.24 Y120.388 I-.76 J-1.638 E.32108
G1 X109.19 Y120.567 E.0061
G1 X103.458 Y120.567 E.18822
G1 E-1.75
;WIPE_START
G1 X103.446 Y121.567 E-.75
;WIPE_END
G1 X103.69 Y114.629 F18000
G1 E2.5 F6000
M204 P1000
;TYPE:Outer wall
;WIDTH:0.42
G1 F3600
G1 X103.69 Y84.311 E.92209
G3 X109.658 Y78.018 I6.31 J.008 E.29082
G3 X116.31 Y84.311 I.321 J6.322 E.31131
G1 X116.31 Y114.629 E.92209
G1 X103.75 Y114.629 E.382
G1 X103.298 Y114.629 F18000
M204 P1500
;TYPE:Inner wall
;WIDTH:0.45
G1 F6000
G1 X103.298 Y84.3 E.9958
G3 X109.637 Y77.626 I6.702 J.018 E.33315
G3 X116.702 Y84.3 I.342 J6.715 E.35665
G1 X116.702 Y115.021 E1.00868
G1 X103.298 Y115.021 E.4401
G1 X103.298 Y114.689 E.0109
G1 E-1.75
;WIPE_START
G1 X103.298 Y113.689 E-.75
;WIPE_END
G1 X111.724 Y117.364 F18000
G1 E2.5 F6000
G1 X111.604 Y117.225 E.00605
G2 X108.293 Y120.16 I-1.604 J1.526 E.22321
G1 X103.009 Y120.16 E.17348
G1 X103.009 Y115.428 E.15536
G1 X116.991 Y115.428 E.45907
G1 X116.991 Y120.16 E.15536
G1 X111.707 Y120.16 E.17348
G2 X111.762 Y117.411 I-1.707 J-1.409 E.0974
G1 X112.035 Y117.101 F18000
G1 F6000
G1 X111.9 Y116.944 E.00678
G2 X107.587 Y119.753 I-1.9 J1.798 E.23885
G1 X103.416 Y119.753 E.13695
G1 X103.416 Y115.835 E.12863
G1 X116.584 Y115.835 E.43233
G1 X116.584 Y119.753 E.12863
G1 X112.413 Y119.753 E.13695
G2 X112.084 Y117.16 I-2.413 J-1.011 E.08985
G1 X112.073 Y117.147 E.00056
G1 X112.345 Y116.837 F18000
G1 F6000
G1 X112.197 Y116.663 E.0075
G1 X111.753 Y116.242 E.02008
G1 X116.177 Y116.242 E.14525
G1 X116.177 Y119.346 E.10189
G1 X112.963 Y119.346 E.1055
G2 X112.408 Y116.914 I-2.992 J-.596 E.08438
G1 X112.383 Y116.884 E.00128
G1 E-1.75
;WIPE_START
G1 X112.197 Y116.663 E-.21639
G1 X111.753 Y116.242 E-.45871
G1 X111.853 Y116.242 E-.0749
;WIPE_END
G1 X108.247 Y116.242 F18000
G1 E2.5 F6000
G1 X107.803 Y116.663 E.02008
G2 X107.037 Y119.346 I2.226 J2.087 E.09514
G1 X103.823 Y119.346 E.1055
G1 X103.823 Y116.242 E.10189
G1 X108.187 Y116.242 E.14328
G1 E-1.75
;WIPE_START
G1 X107.803 Y116.663 E-.42716
G1 X107.591 Y116.913 E-.24576
G1 X107.533 Y116.998 E-.07708
;WIPE_END
G1 X111.115 Y117.882 F18000
G1 E2.5 F6000
M204 P1000
;TYPE:Outer wall
;WIDTH:0.42
G1 F3600
G1 X111.121 Y117.892 E.00036
G3 X109.772 Y117.352 I-1.122 J.848 E.22229
G1 X109.924 Y117.336 E.00465
G3 X111.023 Y117.775 I.076 J1.404 E.03716
G1 X111.076 Y117.836 E.00246
G1 E-1.75 F6000
;WIPE_START
G1 F3600
G1 X111.121 Y117.892 E-.05367
G1 X111.28 Y118.152 E-.22858
G1 X111.377 Y118.441 E-.22875
G1 X111.41 Y118.744 E-.22875
G1 X111.409 Y118.758 E-.01026
;WIPE_END
G1 X111.392 Y120.219 F18000
G1 E2.5 F6000
M204 P2000
;TYPE:Gap infill
;WIDTH:0.108827
G1 X111.321 Y120.302 E.00058
G3 X111.236 Y120.345 I-.083 J-.059 E.00053
G1 X110.591 Y120.513 F18000
;WIDTH:0.475997
G1 F6000
G3 X109.409 Y120.513 I-.591 J-4.055 E.04144
G1 X108.764 Y120.345 F18000
;WIDTH:0.109636
G1 F6000
G3 X108.608 Y120.219 I.054 J-.227 E.00112
G1 E-2.29259
;WIPE_START
G1 X108.698 Y120.323 E-.13781
G1 X108.764 Y120.345 E-.0696
;WIPE_END
G1 X103.115 Y124.97 F18000
G1 E2.5 F6000
;WIDTH:0.360149
G1 X103.026 Y124.486 E.0126
;WIDTH:0.405299
G3 X103.003 Y124.274 I2.01 J-.319 E.00623
;WIDTH:0.431455
G1 X103 Y120.364 E.12254
G1 X105.375 Y117.794 F18000
;TYPE:Internal solid infill
;WIDTH:0.476736
G1 F6000
G1 X105.481 Y117.794 E.0037
G1 X106.059 Y117.389 F18000
;WIDTH:0.419999
G1 F6000
G1 X104.97 Y117.389 E.03315
G1 X104.97 Y118.2 E.02466
G1 X105.868 Y118.2 E.02731
G1 X106.04 Y117.446 E.02353
G1 X106.64 Y117.012 F18000
G1 F6000
G1 X104.592 Y117.012 E.06228
G1 X104.592 Y118.577 E.0476
G1 X106.224 Y118.577 E.04962
G1 X106.237 Y118.273 E.00923
G1 X106.387 Y117.591 E.02124
G1 X106.616 Y117.067 E.01742
G1 X107.337 Y116.635 F18000
G1 F6000
G1 X104.215 Y116.635 E.09494
G1 X104.215 Y118.954 E.07054
G1 X106.602 Y118.954 E.0726
G1 X106.6 Y118.396 E.01697
G1 X106.755 Y117.672 E.0225
G1 X107.061 Y117 E.02248
G1 X107.301 Y116.682 E.01209
G1 X108.462 Y116.353 F18000
;TYPE:Gap infill
;WIDTH:0.142839
G1 F6000
G1 X108.652 Y116.208 E.00193
;WIDTH:0.156698
G1 X108.779 Y116.122 E.0014
;WIDTH:0.18291
G1 X108.901 Y116.039 E.00167
G1 X109.065 Y116.062 F18000
;WIDTH:0.119089
G1 F6000
G2 X108.654 Y116.137 I1.175 J7.553 E.00256
G1 X111.345 Y116.137 F18000
;WIDTH:0.129802
G1 F6000
G2 X110.935 Y116.062 I-1.587 J7.488 E.00292
G1 X111.099 Y116.039 F18000
;WIDTH:0.17004
G1 F6000
G1 X111.221 Y116.122 E.00151
;WIDTH:0.157177
G1 X111.343 Y116.205 E.00136
;WIDTH:0.120407
G1 X111.538 Y116.353 E.00153
G1 X112.663 Y116.635 F18000
;TYPE:Internal solid infill
;WIDTH:0.419999
G1 F6000
G1 X112.939 Y117 E.01392
G1 X113.232 Y117.634 E.02124
G1 X113.395 Y118.354 E.02247
G1 X113.398 Y118.954 E.01823
G1 X115.785 Y118.954 E.0726
G1 X115.785 Y116.635 E.07054
G1 X112.723 Y116.635 E.09311
G1 X113.36 Y117.012 F18000
G1 F6000
G1 X113.574 Y117.475 E.01554
G3 X113.777 Y118.397 I-7.938 J2.227 E.02871
G1 X113.776 Y118.577 E.00547
G1 X115.408 Y118.577 E.04962
G1 X115.408 Y117.012 E.0476
G1 X113.42 Y117.012 E.06046
G1 X113.941 Y117.389 F18000
G1 F6000
G3 X114.141 Y118.2 I-84.834 J21.38 E.0254
G1 X115.03 Y118.2 E.02706
G1 X115.03 Y117.389 E.02466
G1 X114.001 Y117.389 E.03132
G1 X114.459 Y117.794 F18000
;WIDTH:0.476736
G1 F6000
G1 X114.565 Y117.794 E.0037
G1 X117 Y120.364 F18000
;TYPE:Gap infill
;WIDTH:0.431174
G1 F6000
G1 X117 Y124.143 E.11835
G3 X116.988 Y124.379 I-2.261 J.006 E.00741
;WIDTH:0.394222
G1 X116.974 Y124.486 E.00304
;WIDTH:0.380205
G1 X116.885 Y124.97 E.01339
G1 X117.05 Y115.225 F18000
;WIDTH:0.330912
G1 F6000
G1 X117.05 Y84.345 E.71728
G1 X117.009 Y83.557 E.01833
G1 X116.886 Y82.811 E.01755
G1 X116.678 Y82.061 E.01809
G1 X116.398 Y81.359 E.01755
G1 X116.041 Y80.684 E.01773
G1 X115.612 Y80.053 E.01773
G1 X115.123 Y79.477 E.01755
G1 X114.564 Y78.946 E.01791
G1 X113.956 Y78.484 E.01773
G1 X113.309 Y78.094 E.01755
G1 X112.609 Y77.77 E.01791
G1 X111.886 Y77.526 E.01773
G1 X111.148 Y77.364 E.01755
G1 X110.374 Y77.279 E.01809
G1 X109.618 Y77.28 E.01755
G1 X108.867 Y77.361 E.01755
G1 X108.107 Y77.529 E.01809
G1 X107.391 Y77.77 E.01755
G1 X106.698 Y78.09 E.01773
G1 X106.044 Y78.484 E.01773
G1 X105.442 Y78.941 E.01755
G1 X104.877 Y79.477 E.01809
G1 X104.388 Y80.053 E.01755
G1 X103.959 Y80.685 E.01773
G1 X103.599 Y81.366 E.01791
G1 X103.319 Y82.068 E.01755
G1 X103.115 Y82.804 E.01773
G1 X102.991 Y83.557 E.01773
G1 X102.95 Y84.345 E.01833
G1 X102.95 Y115.225 E.71728
; stop printing object LEG id:18398695746277035084 copy 0
;LAYER_CHANGE
;Z:5.04
;HEIGHT:0.2
G92 E0 ; zero the extruded length again
; BEFORE_LAYER_CHANGE 24 @ 5.04mm
G1 E-1.75 F6000
;WIPE_START
G1 X102.95 Y114.225 E-.75
;WIPE_END
; AFTER_LAYER_CHANGE 24 @ 5.04mm
;_SET_FAN_SPEED_CHANGING_LAYER
; printing object LEG id:18398695746277035084 copy 0
G1 X103.79 Y120.959 Z5.04 F18000
G1 E2.5 F6000
M204 P1000
;TYPE:Outer wall
;WIDTH:0.42
G1 F3600
G1 X103.79 Y125.945 E.15165
G3 X102.21 Y124.164 I.238 J-1.802 E.07897
G1 X102.21 Y84.325 E1.21164
G3 X111.064 Y76.611 I7.785 J-.003 E.40463
G1 X111.26 Y76.632 E.006
G3 X117.79 Y84.325 I-1.297 J7.719 E.3335
G1 X117.79 Y124.164 E1.21164
G3 X116.21 Y125.945 I-1.818 J-.02 E.07897
G1 X116.21 Y120.959 E.15165
G1 X103.85 Y120.959 E.37591
G1 X103.398 Y120.567 F18000
M204 P1500
;TYPE:Inner wall
;WIDTH:0.45
G1 F6000
G1 X103.398 Y125.442 E.16005
G3 X102.602 Y124.153 I.682 J-1.311 E.0522
G1 X102.602 Y84.335 E1.30736
G3 X111.022 Y77.001 I7.398 J-.008 E.41546
G1 X111.197 Y77.02 E.00578
G3 X117.398 Y84.335 I-1.233 J7.331 E.34224
G1 X117.398 Y124.153 E1.30735
G3 X116.602 Y125.442 I-1.478 J-.023 E.0522
G1 X116.602 Y120.567 E.16005
G1 X110.81 Y120.567 E.19019
G1 X110.76 Y120.388 E.0061
G2 X108.988 Y120.237 I-.752 J-1.638 E.31082
G1 X109.24 Y120.388 E.00966
G1 X109.19 Y120.567 E.0061
G1 X103.458 Y120.567 E.18822
G1 E-1.75
;WIPE_START
G1 X103.446 Y121.567 E-.75
;WIPE_END
G1 X103.69 Y114.629 F18000
G1 E2.5 F6000
M204 P1000
;TYPE:Outer wall
;WIDTH:0.42
G1 F3600
G1 X103.69 Y84.311 E.92209
G3 X109.658 Y78.018 I6.31 J.008 E.29082
G3 X116.31 Y84.311 I.321 J6.322 E.31131
G1 X116.31 Y114.629 E.92209
G1 X103.75 Y114.629 E.382
G1 X103.298 Y114.629 F18000
M204 P1500
;TYPE:Inner wall
;WIDTH:0.45
G1 F6000
G1 X103.298 Y84.3 E.9958
G3 X109.637 Y77.626 I6.702 J.018 E.33315
G3 X116.702 Y84.3 I.342 J6.715 E.35665
G1 X116.702 Y115.021 E1.00868
G1 X103.298 Y115.021 E.4401
G1 X103.298 Y114.689 E.0109
G1 E-1.75
;WIPE_START
G1 X103.298 Y113.689 E-.75
;WIPE_END
G1 X112.208 Y118.701 F18000
G1 E2.5 F6000
G1 X112.2 Y118.505 E.00644
G2 X108.293 Y120.16 I-2.2 J.246 E.27044
G1 X103.009 Y120.16 E.17348
G1 X103.009 Y115.428 E.15536
G1 X116.991 Y115.428 E.45907
G1 X116.991 Y120.16 E.15536
G1 X111.707 Y120.16 E.17348
G2 X112.214 Y118.76 I-1.707 J-1.41 E.04984
G1 X112.615 Y118.809 F18000
G1 F6000
G1 X112.615 Y118.744 E.00214
G2 X107.587 Y119.753 I-2.615 J0 E.30371
G1 X103.416 Y119.753 E.13695
G1 X103.416 Y115.835 E.12863
G1 X116.584 Y115.835 E.43233
G1 X116.584 Y119.753 E.12863
G1 X112.413 Y119.753 E.13695
G2 X112.6 Y119.027 I-2.413 J-1.008 E.0247
G1 X112.611 Y118.869 E.00519
G1 X113.021 Y118.831 F18000
G1 F6000
G1 X113.022 Y118.744 E.00287
G2 X112.197 Y116.663 I-3.051 J.006 E.07526
G1 X111.753 Y116.242 E.02008
G1 X116.177 Y116.242 E.14525
G1 X116.177 Y119.346 E.10189
G1 X112.963 Y119.346 E.1055
G2 X113.005 Y119.071 I-2.992 J-.596 E.00913
G1 X113.017 Y118.891 E.00591
G1 E-1.75
;WIPE_START
G1 X113.022 Y118.744 E-.11047
G1 X113.008 Y118.417 E-.24563
G1 X112.955 Y118.094 E-.24576
G1 X112.903 Y117.903 E-.14813
;WIPE_END
G1 X108.247 Y116.242 F18000
G1 E2.5 F6000
G1 X107.803 Y116.663 E.02008
G2 X107.037 Y119.346 I2.226 J2.087 E.09514
G1 X103.823 Y119.346 E.1055
G1 X103.823 Y116.242 E.10189
G1 X108.187 Y116.242 E.14328
G1 E-1.75
;WIPE_START
G1 X107.803 Y116.663 E-.42717
G1 X107.591 Y116.913 E-.24574
G1 X107.533 Y116.998 E-.07708
;WIPE_END
G1 X111.409 Y118.744 F18000
G1 E2.5 F6000
M204 P1000
;TYPE:Outer wall
;WIDTH:0.42
G1 F3600
G3 X109.772 Y117.352 I-1.409 J-.001 E.195
G1 X109.924 Y117.336 E.00464
G3 X111.408 Y118.684 I.076 J1.407 E.06786
G1 E-1.75 F6000
;WIPE_START
G1 F3600
G1 X111.377 Y119.047 E-.27329
G1 X111.28 Y119.336 E-.22873
G1 X111.209 Y119.471 E-.11455
G1 X111.101 Y119.613 E-.13344
;WIPE_END
G1 X111.392 Y120.219 F18000
G1 E2.5 F6000
M204 P2000
;TYPE:Gap infill
;WIDTH:0.108827
G1 X111.321 Y120.302 E.00058
G3 X111.236 Y120.345 I-.083 J-.059 E.00053
G1 X110.591 Y120.513 F18000
;WIDTH:0.475997
G1 F6000
G3 X109.409 Y120.513 I-.591 J-4.055 E.04144
G1 X108.764 Y120.345 F18000
;WIDTH:0.109637
G1 F6000
G3 X108.608 Y120.219 I.054 J-.227 E.00112
G1 E-2.29259
;WIPE_START
G1 X108.698 Y120.323 E-.13781
G1 X108.764 Y120.345 E-.0696
;WIPE_END
G1 X103.115 Y124.97 F18000
G1 E2.5 F6000
;WIDTH:0.360149
G1 X103.026 Y124.486 E.0126
;WIDTH:0.405297
G3 X103.003 Y124.274 I2.01 J-.319 E.00623
;WIDTH:0.431455
G1 X103 Y120.364 E.12254
G1 X105.375 Y117.794 F18000
;TYPE:Internal solid infill
;WIDTH:0.476736
G1 F6000
G1 X105.481 Y117.794 E.0037
G1 X106.059 Y117.389 F18000
;WIDTH:0.419999
G1 F6000
G1 X104.97 Y117.389 E.03315
G1 X104.97 Y118.2 E.02466
G1 X105.868 Y118.2 E.02731
G1 X106.04 Y117.446 E.02353
G1 X106.64 Y117.012 F18000
G1 F6000
G1 X104.592 Y117.012 E.06228
G1 X104.592 Y118.577 E.0476
G1 X106.224 Y118.577 E.04962
G1 X106.237 Y118.273 E.00923
G1 X106.387 Y117.591 E.02124
G1 X106.616 Y117.067 E.01742
G1 X107.337 Y116.635 F18000
G1 F6000
G1 X104.215 Y116.635 E.09494
G1 X104.215 Y118.954 E.07054
G1 X106.602 Y118.954 E.0726
G1 X106.6 Y118.396 E.01698
G1 X106.755 Y117.672 E.02249
G1 X107.061 Y117 E.02248
G1 X107.301 Y116.682 E.01209
G1 X108.462 Y116.353 F18000
;TYPE:Gap infill
;WIDTH:0.142828
G1 F6000
G1 X108.652 Y116.208 E.00193
;WIDTH:0.156686
G1 X108.779 Y116.122 E.0014
;WIDTH:0.1829
G1 X108.901 Y116.039 E.00167
G1 X109.065 Y116.062 F18000
;WIDTH:0.119088
G1 F6000
G2 X108.654 Y116.137 I1.175 J7.553 E.00256
G1 X111.346 Y116.137 F18000
;WIDTH:0.129803
G1 F6000
G2 X110.935 Y116.062 I-1.585 J7.478 E.00292
G1 X111.099 Y116.039 F18000
;WIDTH:0.170039
G1 F6000
G1 X111.221 Y116.122 E.00151
;WIDTH:0.157177
G1 X111.343 Y116.205 E.00136
;WIDTH:0.120408
G1 X111.538 Y116.353 E.00153
G1 X112.663 Y116.635 F18000
;TYPE:Internal solid infill
;WIDTH:0.419999
G1 F6000
G1 X112.939 Y117 E.01392
G1 X113.232 Y117.634 E.02124
G1 X113.395 Y118.354 E.02247
G1 X113.398 Y118.954 E.01823
G1 X115.785 Y118.954 E.0726
G1 X115.785 Y116.635 E.07054
G1 X112.723 Y116.635 E.09311
G1 X113.36 Y117.012 F18000
G1 F6000
G1 X113.574 Y117.475 E.01554
G3 X113.777 Y118.397 I-7.938 J2.227 E.02871
G1 X113.776 Y118.577 E.00547
G1 X115.408 Y118.577 E.04962
G1 X115.408 Y117.012 E.0476
G1 X113.42 Y117.012 E.06046
G1 X113.941 Y117.389 F18000
G1 F6000
G3 X114.141 Y118.2 I-84.476 J21.291 E.0254
G1 X115.03 Y118.2 E.02706
G1 X115.03 Y117.389 E.02466
G1 X114.001 Y117.389 E.03132
G1 X114.459 Y117.794 F18000
;WIDTH:0.476736
G1 F6000
G1 X114.565 Y117.794 E.0037
G1 X117 Y120.364 F18000
;TYPE:Gap infill
;WIDTH:0.431174
G1 F6000
G1 X117 Y124.143 E.11835
G3 X116.988 Y124.379 I-2.261 J.006 E.00741
;WIDTH:0.39422
G1 X116.974 Y124.486 E.00304
;WIDTH:0.380203
G1 X116.885 Y124.97 E.01339
G1 X117.05 Y115.225 F18000
;WIDTH:0.330912
G1 F6000
G1 X117.05 Y84.345 E.71728
G1 X117.009 Y83.557 E.01833
G1 X116.886 Y82.811 E.01755
G1 X116.678 Y82.061 E.01809
G1 X116.398 Y81.359 E.01755
G1 X116.041 Y80.685 E.01773
G1 X115.612 Y80.053 E.01773
G1 X115.123 Y79.477 E.01755
G1 X114.564 Y78.946 E.01791
G1 X113.956 Y78.484 E.01773
G1 X113.309 Y78.094 E.01755
G1 X112.609 Y77.77 E.01791
G1 X111.886 Y77.526 E.01773
G1 X111.148 Y77.364 E.01755
G1 X110.374 Y77.279 E.01809
G1 X109.618 Y77.28 E.01755
G1 X108.867 Y77.361 E.01755
G1 X108.107 Y77.529 E.01809
G1 X107.391 Y77.77 E.01755
G1 X106.698 Y78.09 E.01773
G1 X106.044 Y78.484 E.01773
G1 X105.442 Y78.941 E.01755
G1 X104.877 Y79.477 E.01809
G1 X104.388 Y80.053 E.01755
G1 X103.959 Y80.685 E.01773
G1 X103.599 Y81.366 E.01791
G1 X103.319 Y82.068 E.01755
G1 X103.115 Y82.804 E.01773
G1 X102.991 Y83.557 E.01773
G1 X102.95 Y84.345 E.01833
G1 X102.95 Y115.225 E.71728
; stop printing object LEG id:18398695746277035084 copy 0
;LAYER_CHANGE
;Z:5.24
;HEIGHT:0.2
G92 E0 ; zero the extruded length again
; BEFORE_LAYER_CHANGE 25 @ 5.24mm
G1 E-1.75 F6000
;WIPE_START
G1 X102.95 Y114.225 E-.75
;WIPE_END
; AFTER_LAYER_CHANGE 25 @ 5.24mm
;_SET_FAN_SPEED_CHANGING_LAYER
; printing object LEG id:18398695746277035084 copy 0
G1 X103.79 Y120.959 Z5.24 F18000
G1 E2.5 F6000
M204 P1000
;TYPE:Outer wall
;WIDTH:0.42
G1 F3600
G1 X103.79 Y125.945 E.15165
G3 X102.21 Y124.164 I.238 J-1.802 E.07897
G1 X102.21 Y84.325 E1.21164
G3 X111.056 Y76.61 I7.784 J-.003 E.40436
G1 X111.26 Y76.632 E.00626
G3 X117.79 Y84.325 I-1.297 J7.719 E.3335
G1 X117.79 Y124.164 E1.21164
G3 X116.21 Y125.945 I-1.818 J-.02 E.07897
G1 X116.21 Y120.959 E.15165
G1 X103.85 Y120.959 E.37591
G1 X103.398 Y120.567 F18000
M204 P1500
;TYPE:Inner wall
;WIDTH:0.45
G1 F6000
G1 X103.398 Y125.442 E.16005
G3 X102.602 Y124.153 I.682 J-1.311 E.0522
G1 X102.602 Y84.335 E1.30736
G3 X111.013 Y77 I7.408 J.004 E.41497
G1 X111.197 Y77.02 E.00606
G3 X117.398 Y84.335 I-1.233 J7.331 E.34224
G1 X117.398 Y124.153 E1.30735
G3 X116.602 Y125.442 I-1.478 J-.023 E.0522
G1 X116.602 Y120.567 E.16005
G1 X110.81 Y120.567 E.19019
G1 X110.76 Y120.388 E.0061
G2 X109.24 Y120.388 I-.76 J-1.634 E.3203
G1 X109.19 Y120.567 E.0061
G1 X103.458 Y120.567 E.18822
G1 E-1.75
;WIPE_START
G1 X103.446 Y121.567 E-.75
;WIPE_END
G1 X103.69 Y114.629 F18000
G1 E2.5 F6000
M204 P1000
;TYPE:Outer wall
;WIDTH:0.42
G1 F3600
G1 X103.69 Y84.311 E.92209
G3 X109.658 Y78.018 I6.31 J.008 E.29082
G3 X116.31 Y84.311 I.321 J6.322 E.31131
G1 X116.31 Y114.629 E.92209
G1 X103.75 Y114.629 E.382
G1 X103.298 Y114.629 F18000
M204 P1500
;TYPE:Inner wall
;WIDTH:0.45
G1 F6000
G1 X103.298 Y84.3 E.9958
G3 X109.637 Y77.626 I6.702 J.018 E.33315
G3 X116.702 Y84.3 I.342 J6.715 E.35665
G1 X116.702 Y115.021 E1.00868
G1 X103.298 Y115.021 E.4401
G1 X103.298 Y114.689 E.0109
G1 E-1.75
;WIPE_START
G1 X103.298 Y113.689 E-.75
;WIPE_END
G1 X111.724 Y117.364 F18000
G1 E2.5 F6000
G1 X111.607 Y117.222 E.00606
G2 X108.038 Y119.756 I-1.601 J1.525 E.20718
G2 X108.293 Y120.16 I1.987 J-.971 E.01573
G1 X103.009 Y120.16 E.17348
G1 X103.009 Y115.428 E.15536
G1 X116.991 Y115.428 E.45907
G1 X116.991 Y120.16 E.15536
G1 X111.707 Y120.16 E.17348
G2 X111.765 Y117.408 I-1.701 J-1.412 E.09754
G1 X112.035 Y117.101 F18000
G1 F6000
G1 X111.898 Y116.946 E.00677
G2 X107.587 Y119.753 I-1.898 J1.798 E.2386
G1 X103.416 Y119.753 E.13695
G1 X103.416 Y115.835 E.12863
G1 X116.584 Y115.835 E.43233
G1 X116.584 Y119.753 E.12863
G1 X112.413 Y119.753 E.13695
G2 X112.082 Y117.162 I-2.413 J-1.008 E.08981
G1 X112.071 Y117.148 E.00056
G1 X112.345 Y116.837 F18000
G1 F6000
G1 X112.197 Y116.663 E.0075
G1 X111.753 Y116.242 E.02008
G1 X116.177 Y116.242 E.14525
G1 X116.177 Y119.346 E.10189
G1 X112.963 Y119.346 E.1055
G2 X112.408 Y116.914 I-2.992 J-.596 E.08438
G1 X112.383 Y116.884 E.00128
G1 E-1.75
;WIPE_START
G1 X112.197 Y116.663 E-.21638
G1 X111.753 Y116.242 E-.4587
G1 X111.853 Y116.242 E-.07492
;WIPE_END
G1 X108.247 Y116.242 F18000
G1 E2.5 F6000
G1 X107.803 Y116.663 E.02008
G2 X107.037 Y119.346 I2.226 J2.087 E.09514
G1 X103.823 Y119.346 E.1055
G1 X103.823 Y116.242 E.10189
G1 X108.187 Y116.242 E.14328
G1 E-1.75
;WIPE_START
G1 X107.803 Y116.663 E-.42716
G1 X107.591 Y116.913 E-.24576
G1 X107.533 Y116.998 E-.07707
;WIPE_END
G1 X111.115 Y117.882 F18000
G1 E2.5 F6000
M204 P1000
;TYPE:Outer wall
;WIDTH:0.42
G1 F3600
G1 X111.122 Y117.891 E.00036
G3 X109.772 Y117.352 I-1.123 J.852 E.22287
G1 X109.924 Y117.336 E.00464
G3 X110.913 Y117.669 I.076 J1.407 E.03253
G1 X111.073 Y117.839 E.00709
G1 E-1.75 F6000
;WIPE_START
G1 F3600
G1 X111.122 Y117.891 E-.05375
G1 X111.28 Y118.152 E-.2287
G1 X111.377 Y118.441 E-.22875
G1 X111.41 Y118.744 E-.22874
G1 X111.409 Y118.757 E-.01006
;WIPE_END
G1 X111.392 Y120.219 F18000
G1 E2.5 F6000
M204 P2000
;TYPE:Gap infill
;WIDTH:0.108825
G1 X111.321 Y120.302 E.00058
G3 X111.236 Y120.345 I-.083 J-.059 E.00053
G1 X110.591 Y120.513 F18000
;WIDTH:0.475997
G1 F6000
G3 X109.409 Y120.513 I-.591 J-4.055 E.04144
G1 X108.764 Y120.345 F18000
;WIDTH:0.109642
G1 F6000
G3 X108.608 Y120.219 I.054 J-.227 E.00112
G1 E-2.29255
;WIPE_START
G1 X108.698 Y120.323 E-.13784
G1 X108.764 Y120.345 E-.06961
;WIPE_END
G1 X103.115 Y124.97 F18000
G1 E2.5 F6000
;WIDTH:0.360151
G1 X103.026 Y124.486 E.0126
;WIDTH:0.405298
G3 X103.003 Y124.274 I2.009 J-.319 E.00623
;WIDTH:0.431455
G1 X103 Y120.364 E.12254
G1 X105.375 Y117.794 F18000
;TYPE:Internal solid infill
;WIDTH:0.476736
G1 F6000
G1 X105.481 Y117.794 E.0037
G1 X106.059 Y117.389 F18000
;WIDTH:0.419999
G1 F6000
G1 X104.97 Y117.389 E.03315
G1 X104.97 Y118.2 E.02466
G1 X105.868 Y118.2 E.02731
G1 X106.04 Y117.446 E.02353
G1 X106.64 Y117.012 F18000
G1 F6000
G1 X104.592 Y117.012 E.06228
G1 X104.592 Y118.577 E.0476
G1 X106.224 Y118.577 E.04962
G1 X106.237 Y118.273 E.00923
G1 X106.387 Y117.591 E.02124
G1 X106.616 Y117.067 E.01742
G1 X107.337 Y116.635 F18000
G1 F6000
G1 X104.215 Y116.635 E.09494
G1 X104.215 Y118.954 E.07054
G1 X106.602 Y118.954 E.0726
G1 X106.6 Y118.396 E.01698
G1 X106.755 Y117.672 E.0225
G1 X107.061 Y117 E.02248
G1 X107.301 Y116.682 E.01209
G1 X108.462 Y116.353 F18000
;TYPE:Gap infill
;WIDTH:0.142826
G1 F6000
G1 X108.652 Y116.208 E.00193
;WIDTH:0.156685
G1 X108.779 Y116.122 E.0014
;WIDTH:0.182898
G1 X108.901 Y116.039 E.00167
G1 X109.065 Y116.062 F18000
;WIDTH:0.119086
G1 F6000
G2 X108.655 Y116.137 I1.177 J7.562 E.00256
G1 X111.346 Y116.137 F18000
;WIDTH:0.129799
G1 F6000
G2 X110.935 Y116.062 I-1.586 J7.478 E.00292
G1 X111.099 Y116.039 F18000
;WIDTH:0.170057
G1 F6000
G1 X111.221 Y116.122 E.00151
;WIDTH:0.157196
G1 X111.343 Y116.205 E.00136
;WIDTH:0.120417
G1 X111.538 Y116.353 E.00153
G1 X112.663 Y116.635 F18000
;TYPE:Internal solid infill
;WIDTH:0.419999
G1 F6000
G1 X112.939 Y117 E.01392
G1 X113.232 Y117.634 E.02124
G1 X113.395 Y118.354 E.02247
G1 X113.398 Y118.954 E.01823
G1 X115.785 Y118.954 E.0726
G1 X115.785 Y116.635 E.07054
G1 X112.723 Y116.635 E.09311
G1 X113.36 Y117.012 F18000
G1 F6000
G1 X113.574 Y117.475 E.01554
G3 X113.777 Y118.397 I-7.939 J2.227 E.02871
G1 X113.776 Y118.577 E.00547
G1 X115.408 Y118.577 E.04962
G1 X115.408 Y117.012 E.0476
G1 X113.42 Y117.012 E.06046
G1 X113.941 Y117.389 F18000
G1 F6000
G3 X114.141 Y118.2 I-84.611 J21.324 E.0254
G1 X115.03 Y118.2 E.02706
G1 X115.03 Y117.389 E.02466
G1 X114.001 Y117.389 E.03132
G1 X114.459 Y117.794 F18000
;WIDTH:0.476736
G1 F6000
G1 X114.565 Y117.794 E.0037
G1 X117 Y120.364 F18000
;TYPE:Gap infill
;WIDTH:0.431174
G1 F6000
G1 X117 Y124.143 E.11835
G3 X116.988 Y124.379 I-2.261 J.006 E.00741
;WIDTH:0.39422
G1 X116.974 Y124.486 E.00304
;WIDTH:0.380203
G1 X116.885 Y124.97 E.01339
G1 X117.05 Y115.225 F18000
;WIDTH:0.330912
G1 F6000
G1 X117.05 Y84.345 E.71728
G1 X117.009 Y83.557 E.01833
G1 X116.886 Y82.811 E.01755
G1 X116.678 Y82.061 E.01809
G1 X116.398 Y81.359 E.01755
G1 X116.041 Y80.685 E.01773
G1 X115.607 Y80.047 E.01791
G1 X115.118 Y79.471 E.01755
G1 X114.564 Y78.946 E.01773
G1 X113.956 Y78.484 E.01773
G1 X113.309 Y78.094 E.01755
G1 X112.609 Y77.77 E.01791
G1 X111.886 Y77.526 E.01773
G1 X111.148 Y77.364 E.01755
G1 X110.374 Y77.279 E.01809
G1 X109.618 Y77.28 E.01755
G1 X108.867 Y77.361 E.01755
G1 X108.107 Y77.529 E.01809
G1 X107.391 Y77.77 E.01755
G1 X106.698 Y78.09 E.01773
G1 X106.044 Y78.484 E.01773
G1 X105.442 Y78.941 E.01755
G1 X104.877 Y79.477 E.01809
G1 X104.388 Y80.053 E.01755
G1 X103.959 Y80.685 E.01773
G1 X103.599 Y81.366 E.01791
G1 X103.319 Y82.068 E.01755
G1 X103.115 Y82.804 E.01773
G1 X102.991 Y83.557 E.01773
G1 X102.95 Y84.345 E.01833
G1 X102.95 Y115.225 E.71728
; stop printing object LEG id:18398695746277035084 copy 0
;LAYER_CHANGE
;Z:5.44
;HEIGHT:0.2
G92 E0 ; zero the extruded length again
; BEFORE_LAYER_CHANGE 26 @ 5.44mm
G1 E-1.75 F6000
;WIPE_START
G1 X102.95 Y114.225 E-.75
;WIPE_END
; AFTER_LAYER_CHANGE 26 @ 5.44mm
;_SET_FAN_SPEED_CHANGING_LAYER
; printing object LEG id:18398695746277035084 copy 0
G1 X103.79 Y120.959 Z5.44 F18000
G1 E2.5 F6000
M204 P1000
;TYPE:Outer wall
;WIDTH:0.42
G1 F3600
G1 X103.79 Y125.945 E.15165
G3 X102.21 Y124.164 I.238 J-1.802 E.07897
G1 X102.21 Y84.325 E1.21164
G3 X111.047 Y76.609 I7.784 J-.003 E.4041
G1 X111.26 Y76.632 E.00652
G3 X117.79 Y84.325 I-1.297 J7.719 E.3335
G1 X117.79 Y124.164 E1.21164
G3 X116.21 Y125.945 I-1.818 J-.02 E.07897
G1 X116.21 Y120.959 E.15165
G1 X103.85 Y120.959 E.37591
G1 X103.398 Y120.567 F18000
M204 P1500
;TYPE:Inner wall
;WIDTH:0.45
G1 F6000
G1 X103.398 Y125.442 E.16005
G3 X102.602 Y124.153 I.682 J-1.311 E.0522
G1 X102.602 Y84.335 E1.30736
G3 X111.005 Y76.999 I7.397 J-.008 E.4149
G1 X111.197 Y77.02 E.00634
G3 X117.398 Y84.335 I-1.233 J7.331 E.34224
G1 X117.398 Y124.153 E1.30735
G3 X116.602 Y125.442 I-1.478 J-.023 E.0522
G1 X116.602 Y120.567 E.16005
G1 X110.81 Y120.567 E.19019
G1 X110.76 Y120.388 E.0061
G2 X109.24 Y120.388 I-.76 J-1.634 E.3203
G1 X109.19 Y120.567 E.0061
G1 X103.458 Y120.567 E.18822
G1 E-1.75
;WIPE_START
G1 X103.446 Y121.567 E-.75
;WIPE_END
G1 X103.69 Y114.629 F18000
G1 E2.5 F6000
M204 P1000
;TYPE:Outer wall
;WIDTH:0.42
G1 F3600
G1 X103.69 Y84.311 E.92209
G3 X109.658 Y78.018 I6.31 J.008 E.29082
G3 X116.31 Y84.311 I.321 J6.322 E.31131
G1 X116.31 Y114.629 E.92209
G1 X103.75 Y114.629 E.382
G1 X103.298 Y114.629 F18000
M204 P1500
;TYPE:Inner wall
;WIDTH:0.45
G1 F6000
G1 X103.298 Y84.3 E.9958
G3 X109.637 Y77.626 I6.702 J.018 E.33315
G3 X116.702 Y84.3 I.342 J6.715 E.35665
G1 X116.702 Y115.021 E1.00868
G1 X103.298 Y115.021 E.4401
G1 X103.298 Y114.689 E.0109
G1 E-1.75
;WIPE_START
G1 X103.298 Y113.689 E-.75
;WIPE_END
G1 X111.724 Y117.364 F18000
G1 E2.5 F6000
G1 X111.604 Y117.225 E.00606
G2 X108.293 Y120.16 I-1.604 J1.526 E.22321
G1 X103.009 Y120.16 E.17348
G1 X103.009 Y115.428 E.15536
G1 X116.991 Y115.428 E.45907
G1 X116.991 Y120.16 E.15536
G1 X111.707 Y120.16 E.17348
G2 X111.762 Y117.411 I-1.707 J-1.409 E.0974
G1 X112.035 Y117.101 F18000
G1 F6000
G1 X111.898 Y116.946 E.00678
G2 X107.587 Y119.753 I-1.898 J1.798 E.2386
G1 X103.416 Y119.753 E.13695
G1 X103.416 Y115.835 E.12863
G1 X116.584 Y115.835 E.43233
G1 X116.584 Y119.753 E.12863
G1 X112.413 Y119.753 E.13695
G2 X112.082 Y117.162 I-2.413 J-1.008 E.0898
G1 X112.071 Y117.148 E.00055
G1 X112.345 Y116.837 F18000
G1 F6000
G1 X112.197 Y116.663 E.00751
G1 X111.753 Y116.242 E.02008
G1 X116.177 Y116.242 E.14525
G1 X116.177 Y119.346 E.10189
G1 X112.963 Y119.346 E.1055
G2 X112.408 Y116.914 I-2.992 J-.596 E.08438
G1 X112.383 Y116.884 E.00128
G1 E-1.75
;WIPE_START
G1 X112.197 Y116.663 E-.21653
G1 X111.753 Y116.242 E-.45871
G1 X111.853 Y116.242 E-.07476
;WIPE_END
G1 X108.247 Y116.242 F18000
G1 E2.5 F6000
G1 X107.803 Y116.663 E.02008
G2 X107.037 Y119.346 I2.226 J2.087 E.09514
G1 X103.823 Y119.346 E.1055
G1 X103.823 Y116.242 E.10189
G1 X108.187 Y116.242 E.14328
G1 E-1.75
;WIPE_START
G1 X107.803 Y116.663 E-.42717
G1 X107.591 Y116.913 E-.24574
G1 X107.533 Y116.998 E-.07709
;WIPE_END
G1 X111.115 Y117.882 F18000
G1 E2.5 F6000
M204 P1000
;TYPE:Outer wall
;WIDTH:0.42
G1 F3600
G1 X111.122 Y117.891 E.00035
G3 X109.772 Y117.352 I-1.123 J.852 E.22287
G1 X109.924 Y117.336 E.00465
G3 X110.913 Y117.669 I.076 J1.407 E.03253
G1 X111.074 Y117.839 E.0071
G1 E-1.75 F6000
;WIPE_START
G1 F3600
G1 X111.122 Y117.891 E-.05365
G1 X111.28 Y118.152 E-.2287
G1 X111.377 Y118.441 E-.22875
G1 X111.41 Y118.744 E-.22874
G1 X111.409 Y118.758 E-.01017
;WIPE_END
G1 X111.392 Y120.219 F18000
G1 E2.5 F6000
M204 P2000
;TYPE:Gap infill
;WIDTH:0.108826
G1 X111.321 Y120.302 E.00058
G3 X111.236 Y120.345 I-.083 J-.059 E.00053
G1 X110.591 Y120.513 F18000
;WIDTH:0.475997
G1 F6000
G3 X109.409 Y120.513 I-.591 J-4.055 E.04144
G1 X108.764 Y120.345 F18000
;WIDTH:0.109636
G1 F6000
G3 X108.608 Y120.219 I.054 J-.227 E.00112
G1 E-2.29258
;WIPE_START
G1 X108.698 Y120.323 E-.13782
G1 X108.764 Y120.345 E-.0696
;WIPE_END
G1 X103.115 Y124.97 F18000
G1 E2.5 F6000
;WIDTH:0.360151
G1 X103.026 Y124.486 E.0126
;WIDTH:0.405299
G3 X103.003 Y124.274 I2.009 J-.319 E.00623
;WIDTH:0.431455
G1 X103 Y120.364 E.12254
G1 X105.375 Y117.794 F18000
;TYPE:Internal solid infill
;WIDTH:0.476736
G1 F6000
G1 X105.481 Y117.794 E.0037
G1 X106.059 Y117.389 F18000
;WIDTH:0.419999
G1 F6000
G1 X104.97 Y117.389 E.03315
G1 X104.97 Y118.2 E.02466
G1 X105.868 Y118.2 E.02731
G1 X106.04 Y117.446 E.02353
G1 X106.64 Y117.012 F18000
G1 F6000
G1 X104.592 Y117.012 E.06228
G1 X104.592 Y118.577 E.0476
G1 X106.224 Y118.577 E.04962
G1 X106.237 Y118.273 E.00923
G1 X106.387 Y117.591 E.02124
G1 X106.616 Y117.067 E.01742
G1 X107.337 Y116.635 F18000
G1 F6000
G1 X104.215 Y116.635 E.09494
G1 X104.215 Y118.954 E.07054
G1 X106.602 Y118.954 E.0726
G1 X106.6 Y118.396 E.01698
G1 X106.755 Y117.672 E.0225
G1 X107.061 Y117 E.02248
G1 X107.301 Y116.682 E.01209
G1 X108.462 Y116.353 F18000
;TYPE:Gap infill
;WIDTH:0.14284
G1 F6000
G1 X108.652 Y116.208 E.00193
;WIDTH:0.156698
G1 X108.779 Y116.122 E.0014
;WIDTH:0.182909
G1 X108.901 Y116.039 E.00167
G1 X109.065 Y116.062 F18000
;WIDTH:0.119093
G1 F6000
G2 X108.654 Y116.137 I1.177 J7.565 E.00256
G1 X111.346 Y116.137 F18000
;WIDTH:0.129805
G1 F6000
G2 X110.935 Y116.062 I-1.585 J7.478 E.00292
G1 X111.099 Y116.039 F18000
;WIDTH:0.170042
G1 F6000
G1 X111.221 Y116.122 E.00151
;WIDTH:0.157181
G1 X111.343 Y116.205 E.00136
;WIDTH:0.120408
G1 X111.538 Y116.353 E.00153
G1 X112.663 Y116.635 F18000
;TYPE:Internal solid infill
;WIDTH:0.419999
G1 F6000
G1 X112.939 Y117 E.01392
G1 X113.232 Y117.634 E.02124
G1 X113.395 Y118.354 E.02247
G1 X113.398 Y118.954 E.01823
G1 X115.785 Y118.954 E.0726
G1 X115.785 Y116.635 E.07054
G1 X112.723 Y116.635 E.09311
G1 X113.36 Y117.012 F18000
G1 F6000
G1 X113.574 Y117.475 E.01554
G3 X113.777 Y118.397 I-7.938 J2.227 E.02871
G1 X113.776 Y118.577 E.00547
G1 X115.408 Y118.577 E.04962
G1 X115.408 Y117.012 E.0476
G1 X113.42 Y117.012 E.06046
G1 X113.941 Y117.389 F18000
G1 F6000
G3 X114.141 Y118.2 I-84.51 J21.299 E.0254
G1 X115.03 Y118.2 E.02706
G1 X115.03 Y117.389 E.02466
G1 X114.001 Y117.389 E.03132
G1 X114.459 Y117.794 F18000
;WIDTH:0.476736
G1 F6000
G1 X114.565 Y117.794 E.0037
G1 X117 Y120.364 F18000
;TYPE:Gap infill
;WIDTH:0.431174
G1 F6000
G1 X117 Y124.143 E.11835
G3 X116.988 Y124.379 I-2.261 J.006 E.00741
;WIDTH:0.394222
G1 X116.974 Y124.486 E.00304
;WIDTH:0.380202
G1 X116.885 Y124.97 E.01339
G1 X117.05 Y115.225 F18000
;WIDTH:0.330912
G1 F6000
G1 X117.05 Y84.345 E.71728
G1 X117.009 Y83.557 E.01833
G1 X116.886 Y82.811 E.01755
G1 X116.678 Y82.061 E.01809
G1 X116.398 Y81.359 E.01755
G1 X116.041 Y80.685 E.01773
G1 X115.607 Y80.047 E.01791
G1 X115.118 Y79.471 E.01755
G1 X114.564 Y78.946 E.01773
G1 X113.956 Y78.484 E.01773
G1 X113.309 Y78.094 E.01755
G1 X112.609 Y77.77 E.01791
G1 X111.886 Y77.526 E.01773
G1 X111.148 Y77.364 E.01755
G1 X110.374 Y77.279 E.01809
G1 X109.618 Y77.28 E.01755
G1 X108.867 Y77.361 E.01755
G1 X108.107 Y77.529 E.01809
G1 X107.391 Y77.77 E.01755
G1 X106.698 Y78.09 E.01773
G1 X106.044 Y78.484 E.01773
G1 X105.442 Y78.941 E.01755
G1 X104.877 Y79.477 E.01809
G1 X104.388 Y80.053 E.01755
G1 X103.959 Y80.685 E.01773
G1 X103.599 Y81.366 E.01791
G1 X103.319 Y82.068 E.01755
G1 X103.115 Y82.804 E.01773
G1 X102.991 Y83.557 E.01773
G1 X102.95 Y84.345 E.01833
G1 X102.95 Y115.225 E.71728
; stop printing object LEG id:18398695746277035084 copy 0
;LAYER_CHANGE
;Z:5.64
;HEIGHT:0.2
G92 E0 ; zero the extruded length again
; BEFORE_LAYER_CHANGE 27 @ 5.64mm
G1 E-1.75 F6000
;WIPE_START
G1 X102.95 Y114.225 E-.75
;WIPE_END
; AFTER_LAYER_CHANGE 27 @ 5.64mm
;_SET_FAN_SPEED_CHANGING_LAYER
; printing object LEG id:18398695746277035084 copy 0
G1 X103.79 Y120.959 Z5.64 F18000
G1 E2.5 F6000
M204 P1000
;TYPE:Outer wall
;WIDTH:0.42
G1 F3600
G1 X103.79 Y125.945 E.15165
G3 X102.21 Y124.164 I.238 J-1.802 E.07897
G1 X102.21 Y84.325 E1.21164
G3 X111.039 Y76.608 I7.784 J-.003 E.40384
G1 X111.26 Y76.632 E.00677
G3 X117.79 Y84.325 I-1.29 J7.713 E.33356
G1 X117.79 Y124.164 E1.21164
G3 X116.21 Y125.945 I-1.818 J-.02 E.07897
G1 X116.21 Y120.959 E.15165
G1 X103.85 Y120.959 E.37591
G1 X103.398 Y120.567 F18000
M204 P1500
;TYPE:Inner wall
;WIDTH:0.45
G1 F6000
G1 X103.398 Y125.442 E.16005
G3 X102.602 Y124.153 I.682 J-1.311 E.0522
G1 X102.602 Y84.335 E1.30736
G3 X110.996 Y76.998 I7.397 J-.008 E.41461
G1 X111.197 Y77.02 E.00661
G3 X117.398 Y84.335 I-1.225 J7.325 E.34231
G1 X117.398 Y124.153 E1.30735
G3 X116.602 Y125.442 I-1.478 J-.023 E.0522
G1 X116.602 Y120.567 E.16005
G1 X110.81 Y120.567 E.19019
G1 X110.76 Y120.388 E.0061
G2 X108.988 Y120.237 I-.752 J-1.638 E.31082
G1 X109.24 Y120.388 E.00966
G1 X109.19 Y120.567 E.0061
G1 X103.458 Y120.567 E.18822
G1 E-1.75
;WIPE_START
G1 X103.446 Y121.567 E-.75
;WIPE_END
G1 X103.69 Y114.629 F18000
G1 E2.5 F6000
M204 P1000
;TYPE:Outer wall
;WIDTH:0.42
G1 F3600
G1 X103.69 Y84.311 E.92209
G3 X109.658 Y78.018 I6.31 J.008 E.29082
G3 X116.31 Y84.311 I.321 J6.322 E.31131
G1 X116.31 Y114.629 E.92209
G1 X103.75 Y114.629 E.382
G1 X103.298 Y114.629 F18000
M204 P1500
;TYPE:Inner wall
;WIDTH:0.45
G1 F6000
G1 X103.298 Y84.3 E.9958
G3 X109.637 Y77.626 I6.702 J.018 E.33315
G3 X116.702 Y84.3 I.342 J6.715 E.35665
G1 X116.702 Y115.021 E1.00868
G1 X103.298 Y115.021 E.4401
G1 X103.298 Y114.689 E.0109
G1 E-1.75
;WIPE_START
G1 X103.298 Y113.689 E-.75
;WIPE_END
G1 X111.725 Y117.365 F18000
G1 E2.5 F6000
G1 X111.604 Y117.225 E.00607
G2 X108.293 Y120.16 I-1.604 J1.526 E.22325
G1 X103.009 Y120.16 E.17348
G1 X103.009 Y115.428 E.15536
G1 X116.991 Y115.428 E.45907
G1 X116.991 Y120.16 E.15536
G1 X111.707 Y120.16 E.17348
G2 X111.763 Y117.411 I-1.707 J-1.41 E.0974
G1 X112.035 Y117.101 F18000
G1 F6000
G1 X111.898 Y116.946 E.00679
G2 X107.587 Y119.753 I-1.898 J1.798 E.2386
G1 X103.416 Y119.753 E.13695
G1 X103.416 Y115.835 E.12863
G1 X116.584 Y115.835 E.43233
G1 X116.584 Y119.753 E.12863
G1 X112.413 Y119.753 E.13695
G2 X112.082 Y117.162 I-2.413 J-1.008 E.0898
G1 X112.072 Y117.149 E.00054
G1 X112.345 Y116.838 F18000
G1 F6000
G1 X112.197 Y116.663 E.00752
G1 X111.753 Y116.242 E.02008
G1 X116.177 Y116.242 E.14525
G1 X116.177 Y119.346 E.10189
G1 X112.963 Y119.346 E.1055
G2 X112.408 Y116.914 I-2.992 J-.596 E.08438
G1 X112.383 Y116.884 E.00126
G1 E-1.75
;WIPE_START
G1 X112.197 Y116.663 E-.21685
G1 X111.753 Y116.242 E-.45869
G1 X111.852 Y116.242 E-.07446
;WIPE_END
G1 X108.247 Y116.242 F18000
G1 E2.5 F6000
G1 X107.803 Y116.663 E.02008
G2 X107.037 Y119.346 I2.226 J2.087 E.09514
G1 X103.823 Y119.346 E.1055
G1 X103.823 Y116.242 E.10189
G1 X108.187 Y116.242 E.14328
G1 E-1.75
;WIPE_START
G1 X107.803 Y116.663 E-.42717
G1 X107.591 Y116.913 E-.24574
G1 X107.533 Y116.998 E-.07709
;WIPE_END
G1 X111.115 Y117.882 F18000
G1 E2.5 F6000
M204 P1000
;TYPE:Outer wall
;WIDTH:0.42
G1 F3600
G1 X111.121 Y117.892 E.00034
G3 X109.772 Y117.352 I-1.122 J.848 E.22229
G1 X109.924 Y117.336 E.00464
G3 X110.912 Y117.67 I.076 J1.404 E.03252
G1 X111.074 Y117.839 E.00711
G1 E-1.75 F6000
;WIPE_START
G1 F3600
G1 X111.121 Y117.892 E-.05324
G1 X111.28 Y118.152 E-.22858
G1 X111.377 Y118.441 E-.22875
G1 X111.41 Y118.744 E-.22874
G1 X111.409 Y118.758 E-.01068
;WIPE_END
G1 X111.392 Y120.219 F18000
G1 E2.5 F6000
M204 P2000
;TYPE:Gap infill
;WIDTH:0.108826
G1 X111.321 Y120.302 E.00058
G3 X111.236 Y120.345 I-.083 J-.059 E.00053
G1 X110.591 Y120.513 F18000
;WIDTH:0.475997
G1 F6000
G3 X109.409 Y120.513 I-.591 J-4.055 E.04144
G1 X108.764 Y120.345 F18000
;WIDTH:0.109637
G1 F6000
G3 X108.608 Y120.219 I.054 J-.227 E.00112
G1 E-2.29258
;WIPE_START
G1 X108.698 Y120.323 E-.13782
G1 X108.764 Y120.345 E-.0696
;WIPE_END
G1 X103.115 Y124.97 F18000
G1 E2.5 F6000
;WIDTH:0.36015
G1 X103.026 Y124.486 E.0126
;WIDTH:0.405298
G3 X103.003 Y124.274 I2.009 J-.319 E.00623
;WIDTH:0.431455
G1 X103 Y120.364 E.12254
G1 X105.375 Y117.794 F18000
;TYPE:Internal solid infill
;WIDTH:0.476736
G1 F6000
G1 X105.481 Y117.794 E.0037
G1 X106.059 Y117.389 F18000
;WIDTH:0.419999
G1 F6000
G1 X104.97 Y117.389 E.03315
G1 X104.97 Y118.2 E.02466
G1 X105.868 Y118.2 E.02731
G1 X106.04 Y117.446 E.02353
G1 X106.64 Y117.012 F18000
G1 F6000
G1 X104.592 Y117.012 E.06228
G1 X104.592 Y118.577 E.0476
G1 X106.224 Y118.577 E.04962
G1 X106.237 Y118.273 E.00923
G1 X106.387 Y117.591 E.02124
G1 X106.616 Y117.067 E.01742
G1 X107.337 Y116.635 F18000
G1 F6000
G1 X104.215 Y116.635 E.09494
G1 X104.215 Y118.954 E.07054
G1 X106.602 Y118.954 E.0726
G1 X106.6 Y118.396 E.01697
G1 X106.755 Y117.672 E.0225
G1 X107.061 Y117 E.02248
G1 X107.301 Y116.682 E.01209
G1 X108.462 Y116.353 F18000
;TYPE:Gap infill
;WIDTH:0.142831
G1 F6000
G1 X108.652 Y116.208 E.00193
;WIDTH:0.156691
G1 X108.779 Y116.122 E.0014
;WIDTH:0.182905
G1 X108.901 Y116.039 E.00167
G1 X109.065 Y116.062 F18000
;WIDTH:0.119091
G1 F6000
G2 X108.654 Y116.137 I1.174 J7.544 E.00256
G1 X111.346 Y116.137 F18000
;WIDTH:0.129801
G1 F6000
G2 X110.935 Y116.062 I-1.586 J7.479 E.00292
G1 X111.099 Y116.039 F18000
;WIDTH:0.170039
G1 F6000
G1 X111.221 Y116.122 E.00151
;WIDTH:0.157177
G1 X111.343 Y116.205 E.00136
;WIDTH:0.120407
G1 X111.538 Y116.353 E.00153
G1 X112.663 Y116.635 F18000
;TYPE:Internal solid infill
;WIDTH:0.419999
G1 F6000
G1 X112.939 Y117 E.01392
G1 X113.232 Y117.634 E.02124
G1 X113.395 Y118.354 E.02247
G1 X113.398 Y118.954 E.01823
G1 X115.785 Y118.954 E.0726
G1 X115.785 Y116.635 E.07054
G1 X112.723 Y116.635 E.09311
G1 X113.36 Y117.012 F18000
G1 F6000
G1 X113.574 Y117.475 E.01554
G3 X113.777 Y118.397 I-7.938 J2.227 E.02871
G1 X113.776 Y118.577 E.00547
G1 X115.408 Y118.577 E.04962
G1 X115.408 Y117.012 E.0476
G1 X113.42 Y117.012 E.06046
G1 X113.941 Y117.389 F18000
G1 F6000
G3 X114.141 Y118.2 I-84.55 J21.309 E.0254
G1 X115.03 Y118.2 E.02706
G1 X115.03 Y117.389 E.02466
G1 X114.001 Y117.389 E.03132
G1 X114.459 Y117.794 F18000
;WIDTH:0.476736
G1 F6000
G1 X114.565 Y117.794 E.0037
G1 X117 Y120.364 F18000
;TYPE:Gap infill
;WIDTH:0.431174
G1 F6000
G1 X117 Y124.143 E.11835
G3 X116.988 Y124.379 I-2.261 J.006 E.00741
;WIDTH:0.394223
G1 X116.974 Y124.486 E.00304
;WIDTH:0.380203
G1 X116.885 Y124.97 E.01339
G1 X117.05 Y115.225 F18000
;WIDTH:0.330912
G1 F6000
G1 X117.05 Y84.345 E.71728
G1 X117.009 Y83.557 E.01833
G1 X116.886 Y82.811 E.01755
G1 X116.678 Y82.061 E.01809
G1 X116.398 Y81.359 E.01755
G1 X116.041 Y80.684 E.01773
G1 X115.612 Y80.053 E.01773
G1 X115.123 Y79.477 E.01755
G1 X114.564 Y78.946 E.01791
G1 X113.956 Y78.484 E.01773
G1 X113.309 Y78.094 E.01755
G1 X112.609 Y77.77 E.01791
G1 X111.886 Y77.526 E.01773
G1 X111.148 Y77.364 E.01755
G1 X110.374 Y77.279 E.01809
G1 X109.618 Y77.28 E.01755
G1 X108.867 Y77.361 E.01755
G1 X108.107 Y77.529 E.01809
G1 X107.391 Y77.77 E.01755
G1 X106.698 Y78.09 E.01773
G1 X106.044 Y78.484 E.01773
G1 X105.442 Y78.941 E.01755
G1 X104.877 Y79.477 E.01809
G1 X104.388 Y80.053 E.01755
G1 X103.959 Y80.685 E.01773
G1 X103.599 Y81.366 E.01791
G1 X103.319 Y82.068 E.01755
G1 X103.115 Y82.804 E.01773
G1 X102.991 Y83.557 E.01773
G1 X102.95 Y84.345 E.01833
G1 X102.95 Y115.225 E.71728
; stop printing object LEG id:18398695746277035084 copy 0
;LAYER_CHANGE
;Z:5.84
;HEIGHT:0.2
G92 E0 ; zero the extruded length again
; BEFORE_LAYER_CHANGE 28 @ 5.84mm
G1 E-1.75 F6000
;WIPE_START
G1 X102.95 Y114.225 E-.75
;WIPE_END
; AFTER_LAYER_CHANGE 28 @ 5.84mm
;_SET_FAN_SPEED_CHANGING_LAYER
; printing object LEG id:18398695746277035084 copy 0
G1 X103.79 Y120.959 Z5.84 F18000
G1 E2.5 F6000
M204 P1000
;TYPE:Outer wall
;WIDTH:0.42
G1 F3600
G1 X103.79 Y125.945 E.15165
G3 X102.21 Y124.164 I.238 J-1.802 E.07897
G1 X102.21 Y84.325 E1.21164
G3 X111.03 Y76.607 I7.784 J-.003 E.40358
G1 X111.26 Y76.632 E.00703
G3 X117.79 Y84.325 I-1.297 J7.719 E.3335
G1 X117.79 Y124.164 E1.21164
G3 X116.21 Y125.945 I-1.818 J-.02 E.07897
G1 X116.21 Y120.959 E.15165
G1 X103.85 Y120.959 E.37591
G1 X103.398 Y120.567 F18000
M204 P1500
;TYPE:Inner wall
;WIDTH:0.45
G1 F6000
G1 X103.398 Y125.442 E.16005
G3 X102.602 Y124.153 I.682 J-1.311 E.0522
G1 X102.602 Y84.335 E1.30736
G3 X110.988 Y76.997 I7.397 J-.008 E.41433
G1 X111.197 Y77.02 E.00689
G3 X117.398 Y84.335 I-1.233 J7.331 E.34224
G1 X117.398 Y124.153 E1.30735
G3 X116.602 Y125.442 I-1.478 J-.023 E.0522
G1 X116.602 Y120.567 E.16005
G1 X110.81 Y120.567 E.19019
G1 X110.76 Y120.388 E.0061
G2 X109.24 Y120.388 I-.76 J-1.634 E.3203
G1 X109.19 Y120.567 E.0061
G1 X103.458 Y120.567 E.18822
G1 E-1.75
;WIPE_START
G1 X103.446 Y121.567 E-.75
;WIPE_END
G1 X103.69 Y114.629 F18000
G1 E2.5 F6000
M204 P1000
;TYPE:Outer wall
;WIDTH:0.42
G1 F3600
G1 X103.69 Y84.311 E.92209
G3 X109.658 Y78.018 I6.31 J.008 E.29082
G3 X116.31 Y84.311 I.321 J6.322 E.31131
G1 X116.31 Y114.629 E.92209
G1 X103.75 Y114.629 E.382
G1 X103.298 Y114.629 F18000
M204 P1500
;TYPE:Inner wall
;WIDTH:0.45
G1 F6000
G1 X103.298 Y84.3 E.9958
G3 X109.637 Y77.626 I6.702 J.018 E.33315
G3 X116.702 Y84.3 I.342 J6.715 E.35665
G1 X116.702 Y115.021 E1.00868
G1 X103.298 Y115.021 E.4401
G1 X103.298 Y114.689 E.0109
G1 E-1.75
;WIPE_START
G1 X103.298 Y113.689 E-.75
;WIPE_END
G1 X111.725 Y117.365 F18000
G1 E2.5 F6000
G1 X111.604 Y117.225 E.00609
G2 X108.293 Y120.16 I-1.604 J1.526 E.22321
G1 X103.009 Y120.16 E.17348
G1 X103.009 Y115.428 E.15536
G1 X116.991 Y115.428 E.45907
G1 X116.991 Y120.16 E.15536
G1 X111.707 Y120.16 E.17348
G2 X111.763 Y117.412 I-1.707 J-1.409 E.09736
G1 X112.035 Y117.102 F18000
G1 F6000
G1 X111.9 Y116.944 E.00682
G2 X107.587 Y119.753 I-1.9 J1.798 E.23885
G1 X103.416 Y119.753 E.13695
G1 X103.416 Y115.835 E.12863
G1 X116.584 Y115.835 E.43233
G1 X116.584 Y119.753 E.12863
G1 X112.413 Y119.753 E.13695
G2 X112.084 Y117.16 I-2.413 J-1.011 E.08985
G1 X112.074 Y117.148 E.00052
G1 X112.346 Y116.838 F18000
G1 F6000
G1 X112.197 Y116.663 E.00754
G1 X111.753 Y116.242 E.02008
G1 X116.177 Y116.242 E.14525
G1 X116.177 Y119.346 E.10189
G1 X112.963 Y119.346 E.1055
G2 X112.408 Y116.914 I-2.992 J-.596 E.08438
G1 X112.384 Y116.885 E.00124
G1 E-1.75
;WIPE_START
G1 X112.197 Y116.663 E-.21732
G1 X111.753 Y116.242 E-.45873
G1 X111.852 Y116.242 E-.07395
;WIPE_END
G1 X108.247 Y116.242 F18000
G1 E2.5 F6000
G1 X107.803 Y116.663 E.02008
G2 X107.037 Y119.346 I2.226 J2.087 E.09514
G1 X103.823 Y119.346 E.1055
G1 X103.823 Y116.242 E.10189
G1 X108.187 Y116.242 E.14328
G1 E-1.75
;WIPE_START
G1 X107.803 Y116.663 E-.42716
G1 X107.591 Y116.913 E-.24574
G1 X107.533 Y116.998 E-.07709
;WIPE_END
G1 X111.116 Y117.883 F18000
G1 E2.5 F6000
M204 P1000
;TYPE:Outer wall
;WIDTH:0.42
G1 F3600
G1 X111.121 Y117.892 E.00032
G3 X109.772 Y117.352 I-1.122 J.848 E.22229
G1 X109.924 Y117.336 E.00465
G3 X110.912 Y117.67 I.076 J1.404 E.03252
G1 X111.074 Y117.84 E.00713
G1 E-1.75 F6000
;WIPE_START
G1 F3600
G1 X111.121 Y117.892 E-.05276
G1 X111.28 Y118.152 E-.22858
G1 X111.377 Y118.441 E-.22875
G1 X111.41 Y118.744 E-.22874
G1 X111.409 Y118.759 E-.01117
;WIPE_END
G1 X111.392 Y120.219 F18000
G1 E2.5 F6000
M204 P2000
;TYPE:Gap infill
;WIDTH:0.108824
G1 X111.321 Y120.302 E.00058
G3 X111.236 Y120.345 I-.083 J-.059 E.00053
G1 X110.591 Y120.513 F18000
;WIDTH:0.475997
G1 F6000
G3 X109.409 Y120.513 I-.591 J-4.055 E.04144
G1 X108.764 Y120.345 F18000
;WIDTH:0.109637
G1 F6000
G3 X108.608 Y120.219 I.054 J-.227 E.00112
G1 E-2.29259
;WIPE_START
G1 X108.698 Y120.323 E-.13781
G1 X108.764 Y120.345 E-.0696
;WIPE_END
G1 X103.115 Y124.97 F18000
G1 E2.5 F6000
;WIDTH:0.360152
G1 X103.026 Y124.486 E.0126
;WIDTH:0.405301
G3 X103.003 Y124.274 I2.009 J-.319 E.00623
;WIDTH:0.431455
G1 X103 Y120.364 E.12254
G1 X105.375 Y117.794 F18000
;TYPE:Internal solid infill
;WIDTH:0.476736
G1 F6000
G1 X105.481 Y117.794 E.0037
G1 X106.059 Y117.389 F18000
;WIDTH:0.419999
G1 F6000
G1 X104.97 Y117.389 E.03315
G1 X104.97 Y118.2 E.02466
G1 X105.868 Y118.2 E.02731
G1 X106.04 Y117.446 E.02353
G1 X106.64 Y117.012 F18000
G1 F6000
G1 X104.592 Y117.012 E.06228
G1 X104.592 Y118.577 E.0476
G1 X106.224 Y118.577 E.04962
G1 X106.237 Y118.273 E.00923
G1 X106.387 Y117.591 E.02124
G1 X106.616 Y117.067 E.01742
G1 X107.337 Y116.635 F18000
G1 F6000
G1 X104.215 Y116.635 E.09494
G1 X104.215 Y118.954 E.07054
G1 X106.602 Y118.954 E.0726
G1 X106.6 Y118.396 E.01697
G1 X106.755 Y117.672 E.0225
G1 X107.061 Y117 E.02248
G1 X107.301 Y116.682 E.01209
G1 X108.462 Y116.353 F18000
;TYPE:Gap infill
;WIDTH:0.142828
G1 F6000
G1 X108.652 Y116.208 E.00193
;WIDTH:0.156688
G1 X108.779 Y116.122 E.0014
;WIDTH:0.182903
G1 X108.901 Y116.039 E.00167
G1 X109.065 Y116.062 F18000
;WIDTH:0.119083
G1 F6000
G2 X108.655 Y116.137 I1.183 J7.599 E.00256
G1 X111.345 Y116.137 F18000
;WIDTH:0.129806
G1 F6000
G2 X110.935 Y116.062 I-1.588 J7.495 E.00292
G1 X111.099 Y116.039 F18000
;WIDTH:0.170042
G1 F6000
G1 X111.221 Y116.122 E.00151
;WIDTH:0.157181
G1 X111.343 Y116.205 E.00136
;WIDTH:0.120411
G1 X111.538 Y116.353 E.00153
G1 X112.663 Y116.635 F18000
;TYPE:Internal solid infill
;WIDTH:0.419999
G1 F6000
G1 X112.939 Y117 E.01392
G1 X113.232 Y117.634 E.02124
G1 X113.395 Y118.354 E.02247
G1 X113.398 Y118.954 E.01823
G1 X115.785 Y118.954 E.0726
G1 X115.785 Y116.635 E.07054
G1 X112.723 Y116.635 E.09311
G1 X113.36 Y117.012 F18000
G1 F6000
G1 X113.574 Y117.475 E.01554
G3 X113.777 Y118.397 I-7.938 J2.227 E.02871
G1 X113.776 Y118.577 E.00547
G1 X115.408 Y118.577 E.04962
G1 X115.408 Y117.012 E.0476
G1 X113.42 Y117.012 E.06046
G1 X113.941 Y117.389 F18000
G1 F6000
G3 X114.141 Y118.2 I-84.176 J21.216 E.0254
G1 X115.03 Y118.2 E.02706
G1 X115.03 Y117.389 E.02466
G1 X114.001 Y117.389 E.03132
G1 X114.459 Y117.794 F18000
;WIDTH:0.476736
G1 F6000
G1 X114.565 Y117.794 E.0037
G1 X117 Y120.364 F18000
;TYPE:Gap infill
;WIDTH:0.431174
G1 F6000
G1 X117 Y124.143 E.11835
G3 X116.988 Y124.379 I-2.261 J.006 E.00741
;WIDTH:0.394222
G1 X116.974 Y124.486 E.00304
;WIDTH:0.380207
G1 X116.885 Y124.97 E.01339
G1 X117.05 Y115.225 F18000
;WIDTH:0.330912
G1 F6000
G1 X117.05 Y84.345 E.71728
G1 X117.009 Y83.557 E.01833
G1 X116.886 Y82.811 E.01755
G1 X116.678 Y82.061 E.01809
G1 X116.398 Y81.359 E.01755
G1 X116.041 Y80.685 E.01773
G1 X115.612 Y80.053 E.01773
G1 X115.123 Y79.477 E.01755
G1 X114.564 Y78.946 E.01791
G1 X113.956 Y78.484 E.01773
G1 X113.309 Y78.094 E.01755
G1 X112.609 Y77.77 E.01791
G1 X111.886 Y77.526 E.01773
G1 X111.148 Y77.364 E.01755
G1 X110.374 Y77.279 E.01809
G1 X109.618 Y77.28 E.01755
G1 X108.867 Y77.361 E.01755
G1 X108.107 Y77.529 E.01809
G1 X107.391 Y77.77 E.01755
G1 X106.698 Y78.09 E.01773
G1 X106.044 Y78.484 E.01773
G1 X105.442 Y78.941 E.01755
G1 X104.877 Y79.477 E.01809
G1 X104.388 Y80.053 E.01755
G1 X103.959 Y80.685 E.01773
G1 X103.599 Y81.366 E.01791
G1 X103.319 Y82.068 E.01755
G1 X103.115 Y82.804 E.01773
G1 X102.991 Y83.557 E.01773
G1 X102.95 Y84.345 E.01833
G1 X102.95 Y115.225 E.71728
; stop printing object LEG id:18398695746277035084 copy 0
;LAYER_CHANGE
;Z:6.04
;HEIGHT:0.2
G92 E0 ; zero the extruded length again
; BEFORE_LAYER_CHANGE 29 @ 6.04mm
G1 E-1.75 F6000
;WIPE_START
G1 X102.95 Y114.225 E-.75
;WIPE_END
; AFTER_LAYER_CHANGE 29 @ 6.04mm
;_SET_FAN_SPEED_CHANGING_LAYER
; printing object LEG id:18398695746277035084 copy 0
G1 X103.79 Y120.959 Z6.04 F18000
G1 E2.5 F6000
M204 P1000
;TYPE:Outer wall
;WIDTH:0.42
G1 F3600
G1 X103.79 Y125.945 E.15165
G3 X102.21 Y124.164 I.238 J-1.802 E.07897
G1 X102.21 Y84.325 E1.21164
G3 X111.022 Y76.606 I7.784 J-.003 E.40332
G1 X111.26 Y76.632 E.00729
G3 X117.79 Y84.325 I-1.292 J7.714 E.33355
G1 X117.79 Y124.164 E1.21164
G3 X116.21 Y125.945 I-1.818 J-.02 E.07897
G1 X116.21 Y120.959 E.15165
G1 X103.85 Y120.959 E.37591
G1 X103.398 Y120.567 F18000
M204 P1500
;TYPE:Inner wall
;WIDTH:0.45
G1 F6000
G1 X103.398 Y125.442 E.16005
G3 X102.602 Y124.153 I.682 J-1.311 E.0522
G1 X102.602 Y84.335 E1.30736
G3 X110.98 Y76.996 I7.397 J-.008 E.41405
G1 X111.197 Y77.02 E.00717
G3 X117.398 Y84.335 I-1.227 J7.326 E.3423
G1 X117.398 Y124.153 E1.30735
G3 X116.602 Y125.442 I-1.478 J-.023 E.0522
G1 X116.602 Y120.567 E.16005
G1 X110.81 Y120.567 E.19019
G1 X110.76 Y120.388 E.0061
G2 X109.24 Y120.388 I-.76 J-1.638 E.32108
G1 X109.19 Y120.567 E.0061
G1 X103.458 Y120.567 E.18822
G1 E-1.75
;WIPE_START
G1 X103.446 Y121.567 E-.75
;WIPE_END
G1 X103.69 Y114.629 F18000
G1 E2.5 F6000
M204 P1000
;TYPE:Outer wall
;WIDTH:0.42
G1 F3600
G1 X103.69 Y84.311 E.92209
G3 X109.658 Y78.018 I6.31 J.008 E.29082
G3 X116.31 Y84.311 I.321 J6.322 E.31131
G1 X116.31 Y114.629 E.92209
G1 X103.75 Y114.629 E.382
G1 X103.298 Y114.629 F18000
M204 P1500
;TYPE:Inner wall
;WIDTH:0.45
G1 F6000
G1 X103.298 Y84.3 E.9958
G3 X109.637 Y77.626 I6.702 J.018 E.33315
G3 X116.702 Y84.3 I.342 J6.715 E.35665
G1 X116.702 Y115.021 E1.00868
G1 X103.298 Y115.021 E.4401
G1 X103.298 Y114.689 E.0109
G1 E-1.75
;WIPE_START
G1 X103.298 Y113.689 E-.75
;WIPE_END
G1 X111.726 Y117.366 F18000
G1 E2.5 F6000
G1 X111.604 Y117.225 E.00612
G2 X108.293 Y120.16 I-1.604 J1.526 E.22325
G1 X103.009 Y120.16 E.17348
G1 X103.009 Y115.428 E.15536
G1 X116.991 Y115.428 E.45907
G1 X116.991 Y120.16 E.15536
G1 X111.707 Y120.16 E.17348
G2 X111.764 Y117.412 I-1.707 J-1.41 E.09734
G1 X112.036 Y117.102 F18000
G1 F6000
G1 X111.898 Y116.946 E.00684
G2 X107.587 Y119.753 I-1.898 J1.798 E.2386
G1 X103.416 Y119.753 E.13695
G1 X103.416 Y115.835 E.12863
G1 X116.584 Y115.835 E.43233
G1 X116.584 Y119.753 E.12863
G1 X112.413 Y119.753 E.13695
G2 X112.082 Y117.162 I-2.413 J-1.008 E.0898
G1 X112.073 Y117.15 E.00049
G1 X112.346 Y116.839 F18000
G1 F6000
G1 X112.197 Y116.663 E.00757
G1 X111.753 Y116.242 E.02008
G1 X116.177 Y116.242 E.14525
G1 X116.177 Y119.346 E.10189
G1 X112.963 Y119.346 E.1055
G2 X112.408 Y116.914 I-2.992 J-.596 E.08438
G1 X112.384 Y116.885 E.00121
G1 E-1.75
;WIPE_START
G1 X112.197 Y116.663 E-.21803
G1 X111.753 Y116.242 E-.4587
G1 X111.851 Y116.242 E-.07327
;WIPE_END
G1 X108.247 Y116.242 F18000
G1 E2.5 F6000
G1 X107.803 Y116.663 E.02008
G2 X107.037 Y119.346 I2.226 J2.087 E.09514
G1 X103.823 Y119.346 E.1055
G1 X103.823 Y116.242 E.10189
G1 X108.187 Y116.242 E.14328
G1 E-1.75
;WIPE_START
G1 X107.803 Y116.663 E-.42717
G1 X107.591 Y116.913 E-.24573
G1 X107.533 Y116.998 E-.0771
;WIPE_END
G1 X111.116 Y117.884 F18000
G1 E2.5 F6000
M204 P1000
;TYPE:Outer wall
;WIDTH:0.42
G1 F3600
G1 X111.121 Y117.892 E.00029
G3 X109.772 Y117.352 I-1.122 J.848 E.22229
G1 X109.924 Y117.336 E.00464
G3 X110.912 Y117.67 I.076 J1.404 E.03252
G1 X111.075 Y117.84 E.00715
G1 E-1.75 F6000
;WIPE_START
G1 F3600
G1 X111.121 Y117.892 E-.05207
G1 X111.28 Y118.152 E-.22858
G1 X111.377 Y118.441 E-.22875
G1 X111.41 Y118.744 E-.22874
G1 X111.409 Y118.76 E-.01186
;WIPE_END
G1 X111.392 Y120.219 F18000
G1 E2.5 F6000
M204 P2000
;TYPE:Gap infill
;WIDTH:0.108828
G1 X111.321 Y120.302 E.00058
G3 X111.236 Y120.345 I-.083 J-.059 E.00053
G1 X110.591 Y120.513 F18000
;WIDTH:0.475998
G1 F6000
G3 X109.409 Y120.513 I-.591 J-4.055 E.04144
G1 X108.764 Y120.345 F18000
;WIDTH:0.10964
G1 F6000
G3 X108.608 Y120.219 I.054 J-.227 E.00112
G1 E-2.29257
;WIPE_START
G1 X108.698 Y120.323 E-.13783
G1 X108.764 Y120.345 E-.0696
;WIPE_END
G1 X103.115 Y124.97 F18000
G1 E2.5 F6000
;WIDTH:0.360148
G1 X103.026 Y124.486 E.0126
;WIDTH:0.405297
G3 X103.003 Y124.274 I2.009 J-.319 E.00623
;WIDTH:0.431455
G1 X103 Y120.364 E.12254
G1 X105.375 Y117.794 F18000
;TYPE:Internal solid infill
;WIDTH:0.476736
G1 F6000
G1 X105.481 Y117.794 E.0037
G1 X106.059 Y117.389 F18000
;WIDTH:0.419999
G1 F6000
G1 X104.97 Y117.389 E.03315
G1 X104.97 Y118.2 E.02466
G1 X105.868 Y118.2 E.02731
G1 X106.04 Y117.446 E.02353
G1 X106.64 Y117.012 F18000
G1 F6000
G1 X104.592 Y117.012 E.06228
G1 X104.592 Y118.577 E.0476
G1 X106.224 Y118.577 E.04962
G1 X106.237 Y118.273 E.00923
G1 X106.387 Y117.591 E.02124
G1 X106.616 Y117.067 E.01742
G1 X107.337 Y116.635 F18000
G1 F6000
G1 X104.215 Y116.635 E.09494
G1 X104.215 Y118.954 E.07054
G1 X106.602 Y118.954 E.0726
G1 X106.6 Y118.396 E.01697
G1 X106.755 Y117.672 E.0225
G1 X107.061 Y117 E.02248
G1 X107.301 Y116.682 E.01209
G1 X108.462 Y116.353 F18000
;TYPE:Gap infill
;WIDTH:0.142838
G1 F6000
G1 X108.652 Y116.208 E.00193
;WIDTH:0.156697
G1 X108.779 Y116.122 E.0014
;WIDTH:0.182908
G1 X108.901 Y116.039 E.00167
G1 X109.065 Y116.062 F18000
;WIDTH:0.119087
G1 F6000
G2 X108.655 Y116.137 I1.186 J7.62 E.00256
G1 X111.345 Y116.137 F18000
;WIDTH:0.129799
G1 F6000
G2 X110.935 Y116.062 I-1.595 J7.536 E.00292
G1 X111.099 Y116.039 F18000
;WIDTH:0.170045
G1 F6000
G1 X111.221 Y116.122 E.00151
;WIDTH:0.157182
G1 X111.343 Y116.205 E.00136
;WIDTH:0.120409
G1 X111.538 Y116.353 E.00153
G1 X112.663 Y116.635 F18000
;TYPE:Internal solid infill
;WIDTH:0.419999
G1 F6000
G1 X112.939 Y117 E.01392
G1 X113.232 Y117.634 E.02124
G1 X113.395 Y118.354 E.02247
G1 X113.398 Y118.954 E.01823
G1 X115.785 Y118.954 E.0726
G1 X115.785 Y116.635 E.07054
G1 X112.723 Y116.635 E.09311
G1 X113.36 Y117.012 F18000
G1 F6000
G1 X113.574 Y117.475 E.01554
G3 X113.777 Y118.397 I-7.939 J2.227 E.02871
G1 X113.776 Y118.577 E.00547
G1 X115.408 Y118.577 E.04962
G1 X115.408 Y117.012 E.0476
G1 X113.42 Y117.012 E.06046
G1 X113.941 Y117.389 F18000
G1 F6000
G3 X114.141 Y118.2 I-84.877 J21.39 E.0254
G1 X115.03 Y118.2 E.02706
G1 X115.03 Y117.389 E.02466
G1 X114.001 Y117.389 E.03132
G1 X114.459 Y117.794 F18000
;WIDTH:0.476736
G1 F6000
G1 X114.565 Y117.794 E.0037
G1 X117 Y120.364 F18000
;TYPE:Gap infill
;WIDTH:0.431174
G1 F6000
G1 X117 Y124.143 E.11835
G3 X116.988 Y124.379 I-2.261 J.006 E.00741
;WIDTH:0.394222
G1 X116.974 Y124.486 E.00304
;WIDTH:0.380205
G1 X116.885 Y124.97 E.01339
G1 X117.05 Y115.225 F18000
;WIDTH:0.330912
G1 F6000
G1 X117.05 Y84.345 E.71728
G1 X117.009 Y83.557 E.01833
G1 X116.886 Y82.811 E.01755
G1 X116.678 Y82.061 E.01809
G1 X116.398 Y81.359 E.01755
G1 X116.041 Y80.685 E.01773
G1 X115.607 Y80.047 E.01791
G1 X115.118 Y79.471 E.01755
G1 X114.564 Y78.946 E.01773
G1 X113.956 Y78.484 E.01773
G1 X113.309 Y78.094 E.01755
G1 X112.609 Y77.77 E.01791
G1 X111.886 Y77.526 E.01773
G1 X111.148 Y77.364 E.01755
G1 X110.374 Y77.279 E.01809
G1 X109.618 Y77.28 E.01755
G1 X108.867 Y77.361 E.01755
G1 X108.107 Y77.529 E.01809
G1 X107.391 Y77.77 E.01755
G1 X106.698 Y78.09 E.01773
G1 X106.044 Y78.484 E.01773
G1 X105.442 Y78.941 E.01755
G1 X104.877 Y79.477 E.01809
G1 X104.388 Y80.053 E.01755
G1 X103.959 Y80.685 E.01773
G1 X103.599 Y81.366 E.01791
G1 X103.319 Y82.068 E.01755
G1 X103.115 Y82.804 E.01773
G1 X102.991 Y83.557 E.01773
G1 X102.95 Y84.345 E.01833
G1 X102.95 Y115.225 E.71728
; stop printing object LEG id:18398695746277035084 copy 0
;LAYER_CHANGE
;Z:6.24
;HEIGHT:0.2
G92 E0 ; zero the extruded length again
; BEFORE_LAYER_CHANGE 30 @ 6.24mm
G1 E-1.75 F6000
;WIPE_START
G1 X102.95 Y114.225 E-.75
;WIPE_END
; AFTER_LAYER_CHANGE 30 @ 6.24mm
;_SET_FAN_SPEED_CHANGING_LAYER
; printing object LEG id:18398695746277035084 copy 0
G1 X103.79 Y120.959 Z6.24 F18000
G1 E2.5 F6000
M204 P1000
;TYPE:Outer wall
;WIDTH:0.42
G1 F3600
G1 X103.79 Y125.945 E.15165
G3 X102.21 Y124.164 I.238 J-1.802 E.07897
G1 X102.21 Y84.325 E1.21164
G3 X111.014 Y76.605 I7.783 J-.003 E.40306
G1 X111.26 Y76.632 E.00754
G3 X117.79 Y84.325 I-1.297 J7.719 E.3335
G1 X117.79 Y124.164 E1.21164
G3 X116.21 Y125.945 I-1.818 J-.02 E.07897
G1 X116.21 Y120.959 E.15165
G1 X103.85 Y120.959 E.37591
G1 X103.398 Y120.567 F18000
M204 P1500
;TYPE:Inner wall
;WIDTH:0.45
G1 F6000
G1 X103.398 Y125.442 E.16005
G3 X102.602 Y124.153 I.682 J-1.311 E.0522
G1 X102.602 Y84.335 E1.30736
G3 X110.971 Y76.995 I7.396 J-.008 E.41377
G1 X111.197 Y77.02 E.00745
G3 X117.398 Y84.335 I-1.233 J7.331 E.34224
G1 X117.398 Y124.153 E1.30735
G3 X116.602 Y125.442 I-1.478 J-.023 E.0522
G1 X116.602 Y120.567 E.16005
G1 X110.81 Y120.567 E.19019
G1 X110.76 Y120.388 E.0061
G2 X108.988 Y120.237 I-.752 J-1.638 E.31082
G1 X109.24 Y120.388 E.00966
G1 X109.19 Y120.567 E.0061
G1 X103.458 Y120.567 E.18822
G1 E-1.75
;WIPE_START
G1 X103.446 Y121.567 E-.75
;WIPE_END
G1 X103.69 Y114.629 F18000
G1 E2.5 F6000
M204 P1000
;TYPE:Outer wall
;WIDTH:0.42
G1 F3600
G1 X103.69 Y84.311 E.92209
G3 X109.658 Y78.018 I6.31 J.008 E.29082
G3 X116.31 Y84.311 I.321 J6.322 E.31131
G1 X116.31 Y114.629 E.92209
G1 X103.75 Y114.629 E.382
G1 X103.298 Y114.629 F18000
M204 P1500
;TYPE:Inner wall
;WIDTH:0.45
G1 F6000
G1 X103.298 Y84.3 E.9958
G3 X109.637 Y77.626 I6.702 J.018 E.33315
G3 X116.702 Y84.3 I.342 J6.715 E.35665
G1 X116.702 Y115.021 E1.00868
G1 X103.298 Y115.021 E.4401
G1 X103.298 Y114.689 E.0109
G1 E-1.75
;WIPE_START
G1 X103.298 Y113.689 E-.75
;WIPE_END
G1 X111.727 Y117.367 F18000
G1 E2.5 F6000
G1 X111.604 Y117.225 E.00616
G2 X108.293 Y120.16 I-1.604 J1.526 E.22325
G1 X103.009 Y120.16 E.17348
G1 X103.009 Y115.428 E.15536
G1 X116.991 Y115.428 E.45907
G1 X116.991 Y120.16 E.15536
G1 X111.707 Y120.16 E.17348
G2 X111.764 Y117.413 I-1.707 J-1.41 E.0973
G1 X112.037 Y117.103 F18000
G1 F6000
G1 X111.898 Y116.946 E.00688
G2 X107.587 Y119.753 I-1.898 J1.798 E.2386
G1 X103.416 Y119.753 E.13695
G1 X103.416 Y115.835 E.12863
G1 X116.584 Y115.835 E.43233
G1 X116.584 Y119.753 E.12863
G1 X112.413 Y119.753 E.13695
G2 X112.082 Y117.162 I-2.413 J-1.008 E.08981
G1 X112.073 Y117.151 E.00045
G1 X112.347 Y116.84 F18000
G1 F6000
G1 X112.197 Y116.663 E.00761
G1 X111.753 Y116.242 E.02008
G1 X116.177 Y116.242 E.14525
G1 X116.177 Y119.346 E.10189
G1 X112.963 Y119.346 E.1055
G2 X112.408 Y116.914 I-2.992 J-.596 E.08438
G1 X112.385 Y116.886 E.00117
G1 E-1.75
;WIPE_START
G1 X112.197 Y116.663 E-.21893
G1 X111.753 Y116.242 E-.45872
G1 X111.849 Y116.242 E-.07236
;WIPE_END
G1 X108.247 Y116.242 F18000
G1 E2.5 F6000
G1 X107.803 Y116.663 E.02008
G2 X107.037 Y119.346 I2.226 J2.087 E.09514
G1 X103.823 Y119.346 E.1055
G1 X103.823 Y116.242 E.10189
G1 X108.187 Y116.242 E.14328
G1 E-1.75
;WIPE_START
G1 X107.803 Y116.663 E-.42716
G1 X107.591 Y116.913 E-.24575
G1 X107.533 Y116.998 E-.07709
;WIPE_END
G1 X111.117 Y117.884 F18000
G1 E2.5 F6000
M204 P1000
;TYPE:Outer wall
;WIDTH:0.42
G1 F3600
G1 X111.122 Y117.891 E.00025
G3 X109.772 Y117.352 I-1.123 J.852 E.22287
G1 X109.924 Y117.336 E.00465
G3 X110.913 Y117.669 I.076 J1.407 E.03253
G1 X111.076 Y117.841 E.00719
G1 E-1.75 F6000
;WIPE_START
G1 F3600
G1 X111.122 Y117.891 E-.05127
G1 X111.28 Y118.152 E-.2287
G1 X111.377 Y118.441 E-.22875
G1 X111.41 Y118.744 E-.22875
G1 X111.409 Y118.761 E-.01254
;WIPE_END
G1 X111.392 Y120.219 F18000
G1 E2.5 F6000
M204 P2000
;TYPE:Gap infill
;WIDTH:0.108826
G1 X111.321 Y120.302 E.00058
G3 X111.236 Y120.345 I-.083 J-.059 E.00053
G1 X110.591 Y120.513 F18000
;WIDTH:0.475997
G1 F6000
G3 X109.409 Y120.513 I-.591 J-4.055 E.04144
G1 X108.764 Y120.345 F18000
;WIDTH:0.109635
G1 F6000
G3 X108.608 Y120.219 I.054 J-.227 E.00112
G1 E-2.29259
;WIPE_START
G1 X108.698 Y120.323 E-.13781
G1 X108.764 Y120.345 E-.0696
;WIPE_END
G1 X103.115 Y124.97 F18000
G1 E2.5 F6000
;WIDTH:0.360151
G1 X103.026 Y124.486 E.0126
;WIDTH:0.405297
G3 X103.003 Y124.274 I2.01 J-.319 E.00623
;WIDTH:0.431455
G1 X103 Y120.364 E.12254
G1 X105.375 Y117.794 F18000
;TYPE:Internal solid infill
;WIDTH:0.476736
G1 F6000
G1 X105.481 Y117.794 E.0037
G1 X106.059 Y117.389 F18000
;WIDTH:0.419999
G1 F6000
G1 X104.97 Y117.389 E.03315
G1 X104.97 Y118.2 E.02466
G1 X105.868 Y118.2 E.02731
G1 X106.04 Y117.446 E.02353
G1 X106.64 Y117.012 F18000
G1 F6000
G1 X104.592 Y117.012 E.06228
G1 X104.592 Y118.577 E.0476
G1 X106.224 Y118.577 E.04962
G1 X106.237 Y118.273 E.00923
G1 X106.387 Y117.591 E.02124
G1 X106.616 Y117.067 E.01742
G1 X107.337 Y116.635 F18000
G1 F6000
G1 X104.215 Y116.635 E.09494
G1 X104.215 Y118.954 E.07054
G1 X106.602 Y118.954 E.0726
G1 X106.6 Y118.396 E.01697
G1 X106.755 Y117.672 E.0225
G1 X107.061 Y117 E.02248
G1 X107.301 Y116.682 E.01209
G1 X108.462 Y116.353 F18000
;TYPE:Gap infill
;WIDTH:0.142838
G1 F6000
G1 X108.652 Y116.208 E.00193
;WIDTH:0.156696
G1 X108.779 Y116.122 E.0014
;WIDTH:0.182907
G1 X108.901 Y116.039 E.00167
G1 X109.065 Y116.062 F18000
;WIDTH:0.119089
G1 F6000
G2 X108.655 Y116.137 I1.179 J7.574 E.00256
G1 X111.345 Y116.137 F18000
;WIDTH:0.129805
G1 F6000
G2 X110.935 Y116.062 I-1.595 J7.535 E.00292
G1 X111.099 Y116.039 F18000
;WIDTH:0.170039
G1 F6000
G1 X111.221 Y116.122 E.00151
;WIDTH:0.157177
G1 X111.343 Y116.205 E.00136
;WIDTH:0.120407
G1 X111.538 Y116.353 E.00153
G1 X112.663 Y116.635 F18000
;TYPE:Internal solid infill
;WIDTH:0.419999
G1 F6000
G1 X112.939 Y117 E.01392
G1 X113.232 Y117.634 E.02124
G1 X113.395 Y118.354 E.02247
G1 X113.398 Y118.954 E.01823
G1 X115.785 Y118.954 E.0726
G1 X115.785 Y116.635 E.07054
G1 X112.723 Y116.635 E.09311
G1 X113.36 Y117.012 F18000
G1 F6000
G1 X113.574 Y117.475 E.01554
G3 X113.777 Y118.397 I-7.939 J2.227 E.02871
G1 X113.776 Y118.577 E.00547
G1 X115.408 Y118.577 E.04962
G1 X115.408 Y117.012 E.0476
G1 X113.42 Y117.012 E.06046
G1 X113.941 Y117.389 F18000
G1 F6000
G3 X114.141 Y118.2 I-85.048 J21.433 E.0254
G1 X115.03 Y118.2 E.02706
G1 X115.03 Y117.389 E.02466
G1 X114.001 Y117.389 E.03132
G1 X114.459 Y117.794 F18000
;WIDTH:0.476736
G1 F6000
G1 X114.565 Y117.794 E.0037
G1 X117 Y120.364 F18000
;TYPE:Gap infill
;WIDTH:0.431174
G1 F6000
G1 X117 Y124.143 E.11835
G3 X116.988 Y124.379 I-2.261 J.006 E.00741
;WIDTH:0.394222
G1 X116.974 Y124.486 E.00304
;WIDTH:0.380207
G1 X116.885 Y124.97 E.01339
G1 X117.05 Y115.225 F18000
;WIDTH:0.330912
G1 F6000
G1 X117.05 Y84.345 E.71728
G1 X117.009 Y83.557 E.01833
G1 X116.886 Y82.811 E.01755
G1 X116.678 Y82.061 E.01809
G1 X116.398 Y81.359 E.01755
G1 X116.041 Y80.685 E.01773
G1 X115.607 Y80.047 E.01791
G1 X115.118 Y79.471 E.01755
G1 X114.564 Y78.946 E.01773
G1 X113.956 Y78.484 E.01773
G1 X113.309 Y78.094 E.01755
G1 X112.609 Y77.77 E.01791
G1 X111.886 Y77.526 E.01773
G1 X111.148 Y77.364 E.01755
G1 X110.374 Y77.279 E.01809
G1 X109.618 Y77.28 E.01755
G1 X108.867 Y77.361 E.01755
G1 X108.107 Y77.529 E.01809
G1 X107.391 Y77.77 E.01755
G1 X106.698 Y78.09 E.01773
G1 X106.044 Y78.484 E.01773
G1 X105.442 Y78.941 E.01755
G1 X104.877 Y79.477 E.01809
G1 X104.388 Y80.053 E.01755
G1 X103.959 Y80.685 E.01773
G1 X103.599 Y81.366 E.01791
G1 X103.319 Y82.068 E.01755
G1 X103.115 Y82.804 E.01773
G1 X102.991 Y83.557 E.01773
G1 X102.95 Y84.345 E.01833
G1 X102.95 Y115.225 E.71728
; stop printing object LEG id:18398695746277035084 copy 0
;LAYER_CHANGE
;Z:6.44
;HEIGHT:0.2
G92 E0 ; zero the extruded length again
; BEFORE_LAYER_CHANGE 31 @ 6.44mm
G1 E-1.75 F6000
;WIPE_START
G1 X102.95 Y114.225 E-.75
;WIPE_END
; AFTER_LAYER_CHANGE 31 @ 6.44mm
;_SET_FAN_SPEED_CHANGING_LAYER
; printing object LEG id:18398695746277035084 copy 0
G1 X103.79 Y120.959 Z6.44 F18000
G1 E2.5 F6000
M204 P1000
;TYPE:Outer wall
;WIDTH:0.42
G1 F3600
G1 X103.79 Y125.945 E.15165
G3 X102.21 Y124.164 I.238 J-1.802 E.07897
G1 X102.21 Y84.325 E1.21164
G3 X111.005 Y76.604 I7.783 J-.003 E.4028
G1 X111.26 Y76.632 E.0078
G3 X117.79 Y84.325 I-1.293 J7.715 E.33354
G1 X117.79 Y124.164 E1.21164
G3 X116.21 Y125.945 I-1.818 J-.02 E.07897
G1 X116.21 Y120.959 E.15165
G1 X103.85 Y120.959 E.37591
G1 X103.398 Y120.567 F18000
M204 P1500
;TYPE:Inner wall
;WIDTH:0.45
G1 F6000
G1 X103.398 Y125.442 E.16005
G3 X102.602 Y124.153 I.682 J-1.311 E.0522
G1 X102.602 Y84.335 E1.30736
G3 X110.963 Y76.994 I7.396 J-.008 E.41349
G1 X111.197 Y77.02 E.00772
G3 X117.398 Y84.335 I-1.228 J7.327 E.34229
G1 X117.398 Y124.153 E1.30735
G3 X116.602 Y125.442 I-1.478 J-.023 E.0522
G1 X116.602 Y120.567 E.16005
G1 X110.81 Y120.567 E.19019
G1 X110.76 Y120.388 E.0061
G2 X109.24 Y120.388 I-.76 J-1.634 E.32028
G1 X109.19 Y120.567 E.0061
G1 X103.458 Y120.567 E.18822
G1 E-1.75
;WIPE_START
G1 X103.446 Y121.567 E-.75
;WIPE_END
G1 X103.69 Y114.629 F18000
G1 E2.5 F6000
M204 P1000
;TYPE:Outer wall
;WIDTH:0.42
G1 F3600
G1 X103.69 Y84.311 E.92209
G3 X109.658 Y78.018 I6.31 J.008 E.29082
G3 X116.31 Y84.311 I.321 J6.322 E.31131
G1 X116.31 Y114.629 E.92209
G1 X103.75 Y114.629 E.382
G1 X103.298 Y114.629 F18000
M204 P1500
;TYPE:Inner wall
;WIDTH:0.45
G1 F6000
G1 X103.298 Y84.3 E.9958
G3 X109.637 Y77.626 I6.702 J.018 E.33315
G3 X116.702 Y84.3 I.342 J6.715 E.35665
G1 X116.702 Y115.021 E1.00868
G1 X103.298 Y115.021 E.4401
G1 X103.298 Y114.689 E.0109
G1 E-1.75
;WIPE_START
G1 X103.298 Y113.689 E-.75
;WIPE_END
G1 X111.728 Y117.368 F18000
G1 E2.5 F6000
G1 X111.603 Y117.225 E.00621
G2 X108.329 Y117.302 I-1.603 J1.526 E.12107
G2 X108.293 Y120.16 I1.689 J1.451 E.10191
G1 X103.009 Y120.16 E.17348
G1 X103.009 Y115.428 E.15536
G1 X116.991 Y115.428 E.45907
G1 X116.991 Y120.16 E.15536
G1 X111.707 Y120.16 E.17348
G2 X111.765 Y117.415 I-1.706 J-1.409 E.09724
G1 X112.038 Y117.105 F18000
G1 F6000
G1 X111.9 Y116.944 E.00694
G2 X107.587 Y119.753 I-1.9 J1.798 E.23885
G1 X103.416 Y119.753 E.13695
G1 X103.416 Y115.835 E.12863
G1 X116.584 Y115.835 E.43233
G1 X116.584 Y119.753 E.12863
G1 X112.413 Y119.753 E.13695
G2 X112.084 Y117.16 I-2.413 J-1.011 E.08985
G1 X112.076 Y117.151 E.0004
G1 X112.348 Y116.841 F18000
G1 F6000
G1 X112.197 Y116.663 E.00766
G1 X111.753 Y116.242 E.02008
G1 X116.177 Y116.242 E.14525
G1 X116.177 Y119.346 E.10189
G1 X112.963 Y119.346 E.1055
G2 X112.408 Y116.914 I-2.992 J-.596 E.08438
G1 X112.386 Y116.887 E.00112
G1 E-1.75
;WIPE_START
G1 X112.197 Y116.663 E-.22003
G1 X111.753 Y116.242 E-.45873
G1 X111.848 Y116.242 E-.07124
;WIPE_END
G1 X108.247 Y116.242 F18000
G1 E2.5 F6000
G1 X107.803 Y116.663 E.02008
G1 X107.708 Y116.775 E.0048
G2 X107.037 Y119.346 I2.301 J1.975 E.09032
G1 X103.823 Y119.346 E.1055
G1 X103.823 Y116.242 E.10189
G1 X108.187 Y116.242 E.14328
G1 E-1.75
;WIPE_START
G1 X107.803 Y116.663 E-.42714
G1 X107.708 Y116.775 E-.10968
G1 X107.591 Y116.913 E-.13608
G1 X107.533 Y116.998 E-.07709
;WIPE_END
G1 X111.118 Y117.886 F18000
G1 E2.5 F6000
M204 P1000
;TYPE:Outer wall
;WIDTH:0.42
G1 F3600
G1 X111.122 Y117.891 E.00021
G3 X109.772 Y117.352 I-1.123 J.852 E.22287
G1 X109.924 Y117.336 E.00464
G3 X110.913 Y117.669 I.076 J1.407 E.03253
G1 X111.077 Y117.842 E.00724
G1 E-1.75 F6000
;WIPE_START
G1 F3600
G1 X111.122 Y117.891 E-.05015
G1 X111.28 Y118.152 E-.22869
G1 X111.377 Y118.441 E-.22875
G1 X111.41 Y118.744 E-.22875
G1 X111.408 Y118.762 E-.01366
;WIPE_END
G1 X111.392 Y120.219 F18000
G1 E2.5 F6000
M204 P2000
;TYPE:Gap infill
;WIDTH:0.108825
G1 X111.321 Y120.302 E.00058
G3 X111.236 Y120.345 I-.083 J-.059 E.00053
G1 X110.591 Y120.513 F18000
;WIDTH:0.475997
G1 F6000
G3 X109.409 Y120.513 I-.591 J-4.055 E.04144
G1 X108.764 Y120.345 F18000
;WIDTH:0.109637
G1 F6000
G3 X108.608 Y120.219 I.054 J-.227 E.00112
G1 E-2.29258
;WIPE_START
G1 X108.698 Y120.323 E-.13782
G1 X108.764 Y120.345 E-.0696
;WIPE_END
G1 X103.115 Y124.97 F18000
G1 E2.5 F6000
;WIDTH:0.36015
G1 X103.026 Y124.486 E.0126
;WIDTH:0.405299
G3 X103.003 Y124.274 I2.009 J-.319 E.00623
;WIDTH:0.431455
G1 X103 Y120.364 E.12254
G1 X105.375 Y117.794 F18000
;TYPE:Internal solid infill
;WIDTH:0.476736
G1 F6000
G1 X105.481 Y117.794 E.0037
G1 X106.059 Y117.389 F18000
;WIDTH:0.419999
G1 F6000
G1 X104.97 Y117.389 E.03315
G1 X104.97 Y118.2 E.02466
G1 X105.868 Y118.2 E.02731
G1 X106.04 Y117.446 E.02353
G1 X106.64 Y117.012 F18000
G1 F6000
G1 X104.592 Y117.012 E.06228
G1 X104.592 Y118.577 E.0476
G1 X106.224 Y118.577 E.04962
G1 X106.237 Y118.273 E.00923
G1 X106.387 Y117.591 E.02124
G1 X106.616 Y117.067 E.01742
G1 X107.337 Y116.635 F18000
G1 F6000
G1 X104.215 Y116.635 E.09494
G1 X104.215 Y118.954 E.07054
G1 X106.602 Y118.954 E.0726
G1 X106.6 Y118.396 E.01697
G1 X106.755 Y117.672 E.0225
G1 X107.061 Y117 E.02248
G1 X107.301 Y116.682 E.01209
G1 X108.462 Y116.353 F18000
;TYPE:Gap infill
;WIDTH:0.142836
G1 F6000
G1 X108.652 Y116.208 E.00193
;WIDTH:0.156696
G1 X108.779 Y116.122 E.0014
;WIDTH:0.182907
G1 X108.901 Y116.039 E.00167
G1 X109.065 Y116.062 F18000
;WIDTH:0.119088
G1 F6000
G2 X108.654 Y116.137 I1.173 J7.543 E.00256
G1 X111.346 Y116.137 F18000
;WIDTH:0.129803
G1 F6000
G2 X110.935 Y116.062 I-1.587 J7.488 E.00292
G1 X111.099 Y116.039 F18000
;WIDTH:0.170049
G1 F6000
G1 X111.221 Y116.122 E.00151
;WIDTH:0.157187
G1 X111.343 Y116.205 E.00136
;WIDTH:0.120412
G1 X111.538 Y116.353 E.00153
G1 X112.663 Y116.635 F18000
;TYPE:Internal solid infill
;WIDTH:0.419999
G1 F6000
G1 X112.939 Y117 E.01392
G1 X113.232 Y117.634 E.02124
G1 X113.395 Y118.354 E.02247
G1 X113.398 Y118.954 E.01823
G1 X115.785 Y118.954 E.0726
G1 X115.785 Y116.635 E.07054
G1 X112.723 Y116.635 E.09311
G1 X113.36 Y117.012 F18000
G1 F6000
G1 X113.574 Y117.475 E.01554
G3 X113.777 Y118.397 I-7.939 J2.227 E.02871
G1 X113.776 Y118.577 E.00547
G1 X115.408 Y118.577 E.04962
G1 X115.408 Y117.012 E.0476
G1 X113.42 Y117.012 E.06046
G1 X113.941 Y117.389 F18000
G1 F6000
G3 X114.141 Y118.2 I-84.156 J21.211 E.0254
G1 X115.03 Y118.2 E.02706
G1 X115.03 Y117.389 E.02466
G1 X114.001 Y117.389 E.03132
G1 X114.459 Y117.794 F18000
;WIDTH:0.476736
G1 F6000
G1 X114.565 Y117.794 E.0037
G1 X117 Y120.364 F18000
;TYPE:Gap infill
;WIDTH:0.431174
G1 F6000
G1 X117 Y124.143 E.11835
G3 X116.988 Y124.379 I-2.261 J.006 E.00741
;WIDTH:0.394222
G1 X116.974 Y124.486 E.00304
;WIDTH:0.380206
G1 X116.885 Y124.97 E.01339
G1 X117.05 Y115.225 F18000
;WIDTH:0.330912
G1 F6000
G1 X117.05 Y84.345 E.71728
G1 X117.009 Y83.557 E.01833
G1 X116.886 Y82.811 E.01755
G1 X116.678 Y82.061 E.01809
G1 X116.398 Y81.359 E.01755
G1 X116.041 Y80.684 E.01773
G1 X115.612 Y80.053 E.01773
G1 X115.123 Y79.477 E.01755
G1 X114.564 Y78.946 E.01791
G1 X113.956 Y78.484 E.01773
G1 X113.309 Y78.094 E.01755
G1 X112.609 Y77.77 E.01791
G1 X111.886 Y77.526 E.01773
G1 X111.148 Y77.364 E.01755
G1 X110.374 Y77.279 E.01809
G1 X109.618 Y77.28 E.01755
G1 X108.867 Y77.361 E.01755
G1 X108.107 Y77.529 E.01809
G1 X107.391 Y77.77 E.01755
G1 X106.698 Y78.09 E.01773
G1 X106.044 Y78.484 E.01773
G1 X105.442 Y78.941 E.01755
G1 X104.877 Y79.477 E.01809
G1 X104.388 Y80.053 E.01755
G1 X103.959 Y80.685 E.01773
G1 X103.599 Y81.366 E.01791
G1 X103.319 Y82.068 E.01755
G1 X103.115 Y82.804 E.01773
G1 X102.991 Y83.557 E.01773
G1 X102.95 Y84.345 E.01833
G1 X102.95 Y115.225 E.71728
; stop printing object LEG id:18398695746277035084 copy 0
;LAYER_CHANGE
;Z:6.64
;HEIGHT:0.2
G92 E0 ; zero the extruded length again
; BEFORE_LAYER_CHANGE 32 @ 6.64mm
G1 E-1.75 F6000
;WIPE_START
G1 X102.95 Y114.225 E-.75
;WIPE_END
; AFTER_LAYER_CHANGE 32 @ 6.64mm
;_SET_FAN_SPEED_CHANGING_LAYER
; printing object LEG id:18398695746277035084 copy 0
G1 X103.79 Y120.959 Z6.64 F18000
G1 E2.5 F6000
M204 P1000
;TYPE:Outer wall
;WIDTH:0.42
G1 F3600
G1 X103.79 Y125.945 E.15165
G3 X102.21 Y124.164 I.238 J-1.802 E.07897
G1 X102.21 Y84.325 E1.21164
G3 X110.997 Y76.603 I7.783 J-.003 E.40254
G1 X111.26 Y76.632 E.00806
G3 X117.79 Y84.325 I-1.297 J7.719 E.3335
G1 X117.79 Y124.164 E1.21164
G3 X116.21 Y125.945 I-1.818 J-.02 E.07897
G1 X116.21 Y120.959 E.15165
G1 X103.85 Y120.959 E.37591
G1 X103.398 Y120.567 F18000
M204 P1500
;TYPE:Inner wall
;WIDTH:0.45
G1 F6000
G1 X103.398 Y125.442 E.16005
G3 X102.602 Y124.153 I.682 J-1.311 E.0522
G1 X102.602 Y84.335 E1.30736
G3 X110.954 Y76.993 I7.396 J-.008 E.41321
G1 X111.197 Y77.02 E.008
G3 X117.398 Y84.335 I-1.233 J7.331 E.34224
G1 X117.398 Y124.153 E1.30735
G3 X116.602 Y125.442 I-1.478 J-.023 E.0522
G1 X116.602 Y120.567 E.16005
G1 X110.81 Y120.567 E.19019
G1 X110.76 Y120.388 E.0061
G2 X109.24 Y120.388 I-.76 J-1.634 E.3203
G1 X109.19 Y120.567 E.0061
G1 X103.458 Y120.567 E.18822
G1 E-1.75
;WIPE_START
G1 X103.446 Y121.567 E-.75
;WIPE_END
G1 X103.69 Y114.629 F18000
G1 E2.5 F6000
M204 P1000
;TYPE:Outer wall
;WIDTH:0.42
G1 F3600
G1 X103.69 Y84.311 E.92209
G3 X109.658 Y78.018 I6.31 J.008 E.29082
G3 X116.31 Y84.311 I.321 J6.322 E.31131
G1 X116.31 Y114.629 E.92209
G1 X103.75 Y114.629 E.382
G1 X103.298 Y114.629 F18000
M204 P1500
;TYPE:Inner wall
;WIDTH:0.45
G1 F6000
G1 X103.298 Y84.3 E.9958
G3 X109.637 Y77.626 I6.702 J.018 E.33315
G3 X116.702 Y84.3 I.342 J6.715 E.35665
G1 X116.702 Y115.021 E1.00868
G1 X103.298 Y115.021 E.4401
G1 X103.298 Y114.689 E.0109
G1 E-1.75
;WIPE_START
G1 X103.298 Y113.689 E-.75
;WIPE_END
G1 X111.729 Y117.369 F18000
G1 E2.5 F6000
G1 X111.604 Y117.225 E.00627
G2 X108.293 Y120.16 I-1.604 J1.526 E.22321
G1 X103.009 Y120.16 E.17348
G1 X103.009 Y115.428 E.15536
G1 X116.991 Y115.428 E.45907
G1 X116.991 Y120.16 E.15536
G1 X111.707 Y120.16 E.17348
G2 X111.766 Y117.416 I-1.707 J-1.409 E.09719
G1 X112.039 Y117.106 F18000
G1 F6000
G1 X111.898 Y116.946 E.00699
G2 X107.587 Y119.753 I-1.898 J1.798 E.2386
G1 X103.416 Y119.753 E.13695
G1 X103.416 Y115.835 E.12863
G1 X116.584 Y115.835 E.43233
G1 X116.584 Y119.753 E.12863
G1 X112.413 Y119.753 E.13695
G2 X112.082 Y117.162 I-2.413 J-1.008 E.0898
G1 X112.075 Y117.154 E.00034
G1 X112.349 Y116.842 F18000
G1 F6000
G1 X112.197 Y116.663 E.00772
G1 X111.753 Y116.242 E.02008
G1 X116.177 Y116.242 E.14525
G1 X116.177 Y119.346 E.10189
G1 X112.963 Y119.346 E.1055
G2 X112.408 Y116.914 I-2.992 J-.596 E.08438
G1 X112.387 Y116.889 E.00106
G1 E-1.75
;WIPE_START
G1 X112.197 Y116.663 E-.22138
G1 X111.753 Y116.242 E-.45871
G1 X111.846 Y116.242 E-.06991
;WIPE_END
G1 X108.247 Y116.242 F18000
G1 E2.5 F6000
G1 X107.803 Y116.663 E.02008
G2 X107.037 Y119.346 I2.226 J2.087 E.09514
G1 X103.823 Y119.346 E.1055
G1 X103.823 Y116.242 E.10189
G1 X108.187 Y116.242 E.14328
G1 E-1.75
;WIPE_START
G1 X107.803 Y116.663 E-.42717
G1 X107.591 Y116.913 E-.24572
G1 X107.533 Y116.998 E-.0771
;WIPE_END
G1 X111.119 Y117.887 F18000
G1 E2.5 F6000
M204 P1000
;TYPE:Outer wall
;WIDTH:0.42
G1 F3600
G1 X111.122 Y117.891 E.00016
G3 X109.772 Y117.352 I-1.123 J.852 E.22287
G1 X109.924 Y117.336 E.00465
G3 X110.913 Y117.669 I.076 J1.407 E.03253
G1 X111.078 Y117.843 E.00729
G1 E-1.75 F6000
;WIPE_START
G1 F3600
G1 X111.122 Y117.891 E-.04884
G1 X111.28 Y118.152 E-.2287
G1 X111.377 Y118.441 E-.22874
G1 X111.41 Y118.744 E-.22875
G1 X111.408 Y118.764 E-.01497
;WIPE_END
G1 X111.392 Y120.219 F18000
G1 E2.5 F6000
M204 P2000
;TYPE:Gap infill
;WIDTH:0.108827
G1 X111.321 Y120.302 E.00058
G3 X111.236 Y120.345 I-.083 J-.059 E.00053
G1 X110.591 Y120.513 F18000
;WIDTH:0.475997
G1 F6000
G3 X109.409 Y120.513 I-.591 J-4.055 E.04144
G1 X108.764 Y120.345 F18000
;WIDTH:0.109633
G1 F6000
G3 X108.608 Y120.219 I.054 J-.227 E.00112
G1 E-2.2926
;WIPE_START
G1 X108.698 Y120.323 E-.13781
G1 X108.764 Y120.345 E-.0696
;WIPE_END
G1 X103.115 Y124.97 F18000
G1 E2.5 F6000
;WIDTH:0.36015
G1 X103.026 Y124.486 E.0126
;WIDTH:0.405298
G3 X103.003 Y124.274 I2.009 J-.319 E.00623
;WIDTH:0.431455
G1 X103 Y120.364 E.12254
G1 X105.375 Y117.794 F18000
;TYPE:Internal solid infill
;WIDTH:0.476736
G1 F6000
G1 X105.481 Y117.794 E.0037
G1 X106.059 Y117.389 F18000
;WIDTH:0.419999
G1 F6000
G1 X104.97 Y117.389 E.03315
G1 X104.97 Y118.2 E.02466
G1 X105.868 Y118.2 E.02731
G1 X106.04 Y117.446 E.02353
G1 X106.64 Y117.012 F18000
G1 F6000
G1 X104.592 Y117.012 E.06228
G1 X104.592 Y118.577 E.0476
G1 X106.224 Y118.577 E.04962
G1 X106.237 Y118.273 E.00923
G1 X106.387 Y117.591 E.02124
G1 X106.616 Y117.067 E.01742
G1 X107.337 Y116.635 F18000
G1 F6000
G1 X104.215 Y116.635 E.09494
G1 X104.215 Y118.954 E.07054
G1 X106.602 Y118.954 E.0726
G1 X106.6 Y118.396 E.01697
G1 X106.755 Y117.672 E.0225
G1 X107.061 Y117 E.02248
G1 X107.301 Y116.682 E.01209
G1 X108.462 Y116.353 F18000
;TYPE:Gap infill
;WIDTH:0.14284
G1 F6000
G1 X108.652 Y116.208 E.00193
;WIDTH:0.156698
G1 X108.779 Y116.122 E.0014
;WIDTH:0.182908
G1 X108.901 Y116.039 E.00167
G1 X109.065 Y116.062 F18000
;WIDTH:0.119086
G1 F6000
G2 X108.654 Y116.137 I1.175 J7.552 E.00256
G1 X111.345 Y116.137 F18000
;WIDTH:0.129797
G1 F6000
G2 X110.935 Y116.062 I-1.587 J7.486 E.00292
G1 X111.099 Y116.039 F18000
;WIDTH:0.170041
G1 F6000
G1 X111.221 Y116.122 E.00151
;WIDTH:0.157178
G1 X111.343 Y116.205 E.00136
;WIDTH:0.120407
G1 X111.538 Y116.353 E.00153
G1 X112.663 Y116.635 F18000
;TYPE:Internal solid infill
;WIDTH:0.419999
G1 F6000
G1 X112.939 Y117 E.01392
G1 X113.232 Y117.634 E.02124
G1 X113.395 Y118.354 E.02247
G1 X113.398 Y118.954 E.01823
G1 X115.785 Y118.954 E.0726
G1 X115.785 Y116.635 E.07054
G1 X112.723 Y116.635 E.09311
G1 X113.36 Y117.012 F18000
G1 F6000
G1 X113.574 Y117.475 E.01554
G3 X113.777 Y118.397 I-7.939 J2.227 E.02871
G1 X113.776 Y118.577 E.00547
G1 X115.408 Y118.577 E.04962
G1 X115.408 Y117.012 E.0476
G1 X113.42 Y117.012 E.06046
G1 X113.941 Y117.389 F18000
G1 F6000
G3 X114.141 Y118.2 I-84.71 J21.349 E.0254
G1 X115.03 Y118.2 E.02706
G1 X115.03 Y117.389 E.02466
G1 X114.001 Y117.389 E.03132
G1 X114.459 Y117.794 F18000
;WIDTH:0.476736
G1 F6000
G1 X114.565 Y117.794 E.0037
G1 X117 Y120.364 F18000
;TYPE:Gap infill
;WIDTH:0.431174
G1 F6000
G1 X117 Y124.143 E.11835
G3 X116.988 Y124.379 I-2.261 J.006 E.00741
;WIDTH:0.394222
G1 X116.974 Y124.486 E.00304
;WIDTH:0.380207
G1 X116.885 Y124.97 E.01339
G1 X117.05 Y115.225 F18000
;WIDTH:0.330912
G1 F6000
G1 X117.05 Y84.345 E.71728
G1 X117.009 Y83.557 E.01833
G1 X116.886 Y82.811 E.01755
G1 X116.678 Y82.061 E.01809
G1 X116.398 Y81.359 E.01755
G1 X116.041 Y80.685 E.01773
G1 X115.607 Y80.047 E.01791
G1 X115.118 Y79.471 E.01755
G1 X114.564 Y78.946 E.01773
G1 X113.956 Y78.484 E.01773
G1 X113.309 Y78.094 E.01755
G1 X112.609 Y77.77 E.01791
G1 X111.886 Y77.526 E.01773
G1 X111.148 Y77.364 E.01755
G1 X110.374 Y77.279 E.01809
G1 X109.618 Y77.28 E.01755
G1 X108.867 Y77.361 E.01755
G1 X108.107 Y77.529 E.01809
G1 X107.391 Y77.77 E.01755
G1 X106.698 Y78.09 E.01773
G1 X106.044 Y78.484 E.01773
G1 X105.442 Y78.941 E.01755
G1 X104.877 Y79.477 E.01809
G1 X104.388 Y80.053 E.01755
G1 X103.959 Y80.685 E.01773
G1 X103.599 Y81.366 E.01791
G1 X103.319 Y82.068 E.01755
G1 X103.115 Y82.804 E.01773
G1 X102.991 Y83.557 E.01773
G1 X102.95 Y84.345 E.01833
G1 X102.95 Y115.225 E.71728
; stop printing object LEG id:18398695746277035084 copy 0
;LAYER_CHANGE
;Z:6.84
;HEIGHT:0.2
G92 E0 ; zero the extruded length again
; BEFORE_LAYER_CHANGE 33 @ 6.84mm
G1 E-1.75 F6000
;WIPE_START
G1 X102.95 Y114.225 E-.75
;WIPE_END
; AFTER_LAYER_CHANGE 33 @ 6.84mm
;_SET_FAN_SPEED_CHANGING_LAYER
; printing object LEG id:18398695746277035084 copy 0
G1 X103.79 Y120.959 Z6.84 F18000
G1 E2.5 F6000
M204 P1000
;TYPE:Outer wall
;WIDTH:0.42
G1 F3600
G1 X103.79 Y125.945 E.15165
G3 X102.21 Y124.164 I.238 J-1.802 E.07897
G1 X102.21 Y84.325 E1.21164
G3 X110.988 Y76.603 I7.783 J-.003 E.40228
G1 X111.26 Y76.632 E.00832
G3 X117.79 Y84.325 I-1.294 J7.716 E.33353
G1 X117.79 Y124.164 E1.21164
G3 X116.21 Y125.945 I-1.818 J-.02 E.07897
G1 X116.21 Y120.959 E.15165
G1 X103.85 Y120.959 E.37591
G1 X103.398 Y120.567 F18000
M204 P1500
;TYPE:Inner wall
;WIDTH:0.45
G1 F6000
G1 X103.398 Y125.442 E.16005
G3 X102.602 Y124.153 I.682 J-1.311 E.0522
G1 X102.602 Y84.335 E1.30736
G3 X110.946 Y76.992 I7.396 J-.008 E.41293
G1 X111.197 Y77.02 E.00828
G3 X117.398 Y84.335 I-1.229 J7.328 E.34228
G1 X117.398 Y124.153 E1.30735
G3 X116.602 Y125.442 I-1.478 J-.023 E.0522
G1 X116.602 Y120.567 E.16005
G1 X110.81 Y120.567 E.19019
G1 X110.76 Y120.388 E.0061
G2 X108.988 Y120.237 I-.752 J-1.638 E.31082
G1 X109.24 Y120.388 E.00966
G1 X109.19 Y120.567 E.0061
G1 X103.458 Y120.567 E.18822
G1 E-1.75
;WIPE_START
G1 X103.446 Y121.567 E-.75
;WIPE_END
G1 X103.69 Y114.629 F18000
G1 E2.5 F6000
M204 P1000
;TYPE:Outer wall
;WIDTH:0.42
G1 F3600
G1 X103.69 Y84.311 E.92209
G3 X109.658 Y78.018 I6.31 J.008 E.29082
G3 X116.31 Y84.311 I.321 J6.322 E.31131
G1 X116.31 Y114.629 E.92209
G1 X103.75 Y114.629 E.382
G1 X103.298 Y114.629 F18000
M204 P1500
;TYPE:Inner wall
;WIDTH:0.45
G1 F6000
G1 X103.298 Y84.3 E.9958
G3 X109.637 Y77.626 I6.702 J.018 E.33315
G3 X116.702 Y84.3 I.342 J6.715 E.35665
G1 X116.702 Y115.021 E1.00868
G1 X103.298 Y115.021 E.4401
G1 X103.298 Y114.689 E.0109
G1 E-1.75
;WIPE_START
G1 X103.298 Y113.689 E-.75
;WIPE_END
G1 X111.73 Y117.371 F18000
G1 E2.5 F6000
G1 X111.604 Y117.225 E.00633
G2 X108.293 Y120.16 I-1.604 J1.526 E.22321
G1 X103.009 Y120.16 E.17348
G1 X103.009 Y115.428 E.15536
G1 X116.991 Y115.428 E.45907
G1 X116.991 Y120.16 E.15536
G1 X111.707 Y120.16 E.17348
G2 X111.767 Y117.418 I-1.707 J-1.409 E.09712
G1 X112.04 Y117.107 F18000
G1 F6000
G1 X111.898 Y116.946 E.00706
G2 X107.587 Y119.753 I-1.898 J1.798 E.2386
G1 X103.416 Y119.753 E.13695
G1 X103.416 Y115.835 E.12863
G1 X116.584 Y115.835 E.43233
G1 X116.584 Y119.753 E.12863
G1 X112.413 Y119.753 E.13695
G2 X112.082 Y117.162 I-2.413 J-1.008 E.08981
G1 X112.077 Y117.155 E.00027
G1 X112.351 Y116.844 F18000
G1 F6000
G1 X112.197 Y116.663 E.00779
G1 X111.753 Y116.242 E.02008
G1 X116.177 Y116.242 E.14525
G1 X116.177 Y119.346 E.10189
G1 X112.963 Y119.346 E.1055
G2 X112.408 Y116.914 I-2.992 J-.596 E.08438
G1 X112.389 Y116.89 E.001
G1 E-1.75
;WIPE_START
G1 X112.197 Y116.663 E-.22285
G1 X111.753 Y116.242 E-.45872
G1 X111.844 Y116.242 E-.06842
;WIPE_END
G1 X108.247 Y116.242 F18000
G1 E2.5 F6000
G1 X107.803 Y116.663 E.02008
G2 X107.037 Y119.346 I2.226 J2.087 E.09514
G1 X103.823 Y119.346 E.1055
G1 X103.823 Y116.242 E.10189
G1 X108.187 Y116.242 E.14328
G1 E-1.75
;WIPE_START
G1 X107.803 Y116.663 E-.42716
G1 X107.591 Y116.913 E-.24573
G1 X107.533 Y116.998 E-.07711
;WIPE_END
G1 X111.121 Y117.888 F18000
G1 E2.5 F6000
M204 P1000
;TYPE:Outer wall
;WIDTH:0.42
G1 F3600
G1 X111.122 Y117.891 E.0001
G3 X109.772 Y117.352 I-1.123 J.852 E.22287
G1 X109.924 Y117.336 E.00464
G3 X110.913 Y117.669 I.076 J1.407 E.03253
G1 X111.079 Y117.845 E.00735
G1 E-1.75 F6000
;WIPE_START
G1 F3600
G1 X111.122 Y117.891 E-.04735
G1 X111.28 Y118.152 E-.2287
G1 X111.377 Y118.441 E-.22875
G1 X111.41 Y118.744 E-.22874
G1 X111.408 Y118.766 E-.01646
;WIPE_END
G1 X111.392 Y120.219 F18000
G1 E2.5 F6000
M204 P2000
;TYPE:Gap infill
;WIDTH:0.108825
G1 X111.321 Y120.302 E.00058
G3 X111.236 Y120.345 I-.083 J-.059 E.00053
G1 X110.591 Y120.513 F18000
;WIDTH:0.475998
G1 F6000
G3 X109.409 Y120.513 I-.591 J-4.055 E.04144
G1 X108.764 Y120.345 F18000
;WIDTH:0.109634
G1 F6000
G3 X108.608 Y120.219 I.054 J-.227 E.00112
G1 E-2.29261
;WIPE_START
G1 X108.698 Y120.323 E-.1378
G1 X108.764 Y120.345 E-.06959
;WIPE_END
G1 X103.115 Y124.97 F18000
G1 E2.5 F6000
;WIDTH:0.360149
G1 X103.026 Y124.486 E.0126
;WIDTH:0.405299
G3 X103.003 Y124.274 I2.01 J-.319 E.00623
;WIDTH:0.431455
G1 X103 Y120.364 E.12254
G1 X105.375 Y117.794 F18000
;TYPE:Internal solid infill
;WIDTH:0.476736
G1 F6000
G1 X105.481 Y117.794 E.0037
G1 X106.059 Y117.389 F18000
;WIDTH:0.419999
G1 F6000
G1 X104.97 Y117.389 E.03315
G1 X104.97 Y118.2 E.02466
G1 X105.868 Y118.2 E.02731
G1 X106.04 Y117.446 E.02353
G1 X106.64 Y117.012 F18000
G1 F6000
G1 X104.592 Y117.012 E.06228
G1 X104.592 Y118.577 E.0476
G1 X106.224 Y118.577 E.04962
G1 X106.237 Y118.273 E.00923
G1 X106.387 Y117.591 E.02124
G1 X106.616 Y117.067 E.01742
G1 X107.337 Y116.635 F18000
G1 F6000
G1 X104.215 Y116.635 E.09494
G1 X104.215 Y118.954 E.07054
G1 X106.602 Y118.954 E.0726
G1 X106.6 Y118.396 E.01697
G1 X106.755 Y117.672 E.0225
G1 X107.061 Y117 E.02248
G1 X107.301 Y116.682 E.01209
G1 X108.462 Y116.353 F18000
;TYPE:Gap infill
;WIDTH:0.142829
G1 F6000
G1 X108.652 Y116.208 E.00193
;WIDTH:0.156688
G1 X108.779 Y116.122 E.0014
;WIDTH:0.182903
G1 X108.901 Y116.039 E.00167
G1 X109.065 Y116.062 F18000
;WIDTH:0.119083
G1 F6000
G2 X108.655 Y116.137 I1.183 J7.599 E.00256
G1 X111.345 Y116.137 F18000
;WIDTH:0.12981
G1 F6000
G2 X110.935 Y116.062 I-1.587 J7.489 E.00292
G1 X111.099 Y116.039 F18000
;WIDTH:0.170046
G1 F6000
G1 X111.221 Y116.122 E.00151
;WIDTH:0.157185
G1 X111.343 Y116.205 E.00136
;WIDTH:0.120411
G1 X111.538 Y116.353 E.00153
G1 X112.663 Y116.635 F18000
;TYPE:Internal solid infill
;WIDTH:0.419999
G1 F6000
G1 X112.939 Y117 E.01392
G1 X113.232 Y117.634 E.02124
G1 X113.395 Y118.354 E.02247
G1 X113.398 Y118.954 E.01823
G1 X115.785 Y118.954 E.0726
G1 X115.785 Y116.635 E.07054
G1 X112.723 Y116.635 E.09311
G1 X113.36 Y117.012 F18000
G1 F6000
G1 X113.574 Y117.475 E.01554
G3 X113.777 Y118.397 I-7.939 J2.227 E.02871
G1 X113.776 Y118.577 E.00547
G1 X115.408 Y118.577 E.04962
G1 X115.408 Y117.012 E.0476
G1 X113.42 Y117.012 E.06046
G1 X113.941 Y117.389 F18000
G1 F6000
G3 X114.141 Y118.2 I-84.868 J21.388 E.0254
G1 X115.03 Y118.2 E.02706
G1 X115.03 Y117.389 E.02466
G1 X114.001 Y117.389 E.03132
G1 X114.459 Y117.794 F18000
;WIDTH:0.476736
G1 F6000
G1 X114.565 Y117.794 E.0037
G1 X117 Y120.364 F18000
;TYPE:Gap infill
;WIDTH:0.431174
G1 F6000
G1 X117 Y124.143 E.11835
G3 X116.988 Y124.379 I-2.261 J.006 E.00741
;WIDTH:0.39422
G1 X116.974 Y124.486 E.00304
;WIDTH:0.380203
G1 X116.885 Y124.97 E.01339
G1 X117.05 Y115.225 F18000
;WIDTH:0.330912
G1 F6000
G1 X117.05 Y84.345 E.71728
G1 X117.009 Y83.557 E.01833
G1 X116.886 Y82.811 E.01755
G1 X116.678 Y82.061 E.01809
G1 X116.398 Y81.359 E.01755
G1 X116.041 Y80.685 E.01773
G1 X115.607 Y80.047 E.01791
G1 X115.118 Y79.471 E.01755
G1 X114.564 Y78.946 E.01773
G1 X113.956 Y78.484 E.01773
G1 X113.309 Y78.094 E.01755
G1 X112.609 Y77.77 E.01791
G1 X111.886 Y77.526 E.01773
G1 X111.148 Y77.364 E.01755
G1 X110.374 Y77.279 E.01809
G1 X109.618 Y77.28 E.01755
G1 X108.867 Y77.361 E.01755
G1 X108.107 Y77.529 E.01809
G1 X107.391 Y77.77 E.01755
G1 X106.698 Y78.09 E.01773
G1 X106.044 Y78.484 E.01773
G1 X105.442 Y78.941 E.01755
G1 X104.877 Y79.477 E.01809
G1 X104.388 Y80.053 E.01755
G1 X103.959 Y80.685 E.01773
G1 X103.599 Y81.366 E.01791
G1 X103.319 Y82.068 E.01755
G1 X103.115 Y82.804 E.01773
G1 X102.991 Y83.557 E.01773
G1 X102.95 Y84.345 E.01833
G1 X102.95 Y115.225 E.71728
; stop printing object LEG id:18398695746277035084 copy 0
;LAYER_CHANGE
;Z:7.04
;HEIGHT:0.2
G92 E0 ; zero the extruded length again
; BEFORE_LAYER_CHANGE 34 @ 7.04mm
G1 E-1.75 F6000
;WIPE_START
G1 X102.95 Y114.225 E-.75
;WIPE_END
; AFTER_LAYER_CHANGE 34 @ 7.04mm
;_SET_FAN_SPEED_CHANGING_LAYER
; printing object LEG id:18398695746277035084 copy 0
G1 X103.79 Y120.959 Z7.04 F18000
G1 E2.5 F6000
M204 P1000
;TYPE:Outer wall
;WIDTH:0.42
G1 F3600
G1 X103.79 Y125.945 E.15165
G3 X102.21 Y124.164 I.216 J-1.783 E.07918
G1 X102.21 Y84.325 E1.21164
G3 X110.98 Y76.602 I7.783 J-.003 E.40202
G1 X111.26 Y76.632 E.00857
G3 X117.79 Y84.325 I-1.295 J7.717 E.33352
G1 X117.79 Y124.164 E1.21164
G3 X116.21 Y125.945 I-1.818 J-.02 E.07897
G1 X116.21 Y120.959 E.15165
G1 X103.85 Y120.959 E.37591
G1 X103.398 Y120.567 F18000
M204 P1500
;TYPE:Inner wall
;WIDTH:0.45
G1 F6000
G1 X103.398 Y125.442 E.16005
G3 X102.602 Y124.153 I.646 J-1.289 E.05234
G1 X102.602 Y84.335 E1.30736
G3 X110.938 Y76.991 I7.396 J-.008 E.41264
G1 X111.197 Y77.02 E.00856
G3 X117.398 Y84.335 I-1.23 J7.328 E.34227
G1 X117.398 Y124.153 E1.30735
G3 X116.602 Y125.442 I-1.478 J-.023 E.0522
G1 X116.602 Y120.567 E.16005
G1 X110.81 Y120.567 E.19019
G1 X110.76 Y120.388 E.0061
G2 X108.988 Y120.237 I-.752 J-1.638 E.31082
G1 X109.24 Y120.388 E.00966
G1 X109.19 Y120.567 E.0061
G1 X103.458 Y120.567 E.18822
G1 E-1.75
;WIPE_START
G1 X103.446 Y121.567 E-.75
;WIPE_END
G1 X103.69 Y114.629 F18000
G1 E2.5 F6000
M204 P1000
;TYPE:Outer wall
;WIDTH:0.42
G1 F3600
G1 X103.69 Y84.311 E.92209
G3 X109.658 Y78.018 I6.31 J.008 E.29082
G3 X116.31 Y84.311 I.321 J6.322 E.31131
G1 X116.31 Y114.629 E.92209
G1 X103.75 Y114.629 E.382
G1 X103.298 Y114.629 F18000
M204 P1500
;TYPE:Inner wall
;WIDTH:0.45
G1 F6000
G1 X103.298 Y84.3 E.9958
G3 X109.637 Y77.626 I6.702 J.018 E.33315
G3 X116.702 Y84.3 I.342 J6.715 E.35665
G1 X116.702 Y115.021 E1.00868
G1 X103.298 Y115.021 E.4401
G1 X103.298 Y114.689 E.0109
G1 E-1.75
;WIPE_START
G1 X103.298 Y113.689 E-.75
;WIPE_END
G1 X111.731 Y117.373 F18000
G1 E2.5 F6000
G1 X111.604 Y117.225 E.00641
G2 X108.293 Y120.16 I-1.604 J1.526 E.22321
G1 X103.009 Y120.16 E.17348
G1 X103.009 Y115.428 E.15536
G1 X116.991 Y115.428 E.45907
G1 X116.991 Y120.16 E.15536
G1 X111.707 Y120.16 E.17348
G2 X111.769 Y117.42 I-1.707 J-1.409 E.09705
G1 X112.042 Y117.109 F18000
G1 F6000
G1 X111.898 Y116.946 E.00713
G2 X107.587 Y119.753 I-1.898 J1.798 E.2386
G1 X103.416 Y119.753 E.13695
G1 X103.416 Y115.835 E.12863
G1 X116.584 Y115.835 E.43233
G1 X116.584 Y119.753 E.12863
G1 X112.413 Y119.753 E.13695
G2 X112.082 Y117.162 I-2.413 J-1.008 E.08981
G1 X112.078 Y117.157 E.0002
G1 X112.352 Y116.846 F18000
G1 F6000
G1 X112.197 Y116.663 E.00786
G1 X111.753 Y116.242 E.02008
G1 X116.177 Y116.242 E.14525
G1 X116.177 Y119.346 E.10189
G1 X112.963 Y119.346 E.1055
G2 X112.408 Y116.914 I-2.992 J-.596 E.08438
G1 X112.39 Y116.892 E.00093
G1 E-1.75
;WIPE_START
G1 X112.197 Y116.663 E-.22451
G1 X111.753 Y116.242 E-.45872
G1 X111.842 Y116.242 E-.06676
;WIPE_END
G1 X108.247 Y116.242 F18000
G1 E2.5 F6000
G1 X107.803 Y116.663 E.02008
G2 X107.037 Y119.346 I2.226 J2.087 E.09514
G1 X103.823 Y119.346 E.1055
G1 X103.823 Y116.242 E.10189
G1 X108.187 Y116.242 E.14328
G1 E-1.75
;WIPE_START
G1 X107.803 Y116.663 E-.42716
G1 X107.591 Y116.913 E-.24576
G1 X107.533 Y116.998 E-.07708
;WIPE_END
G1 X111.122 Y117.89 F18000
G1 E2.5 F6000
M204 P1000
;TYPE:Outer wall
;WIDTH:0.42
G1 F3600
G1 X111.121 Y117.892 E.00007
G3 X109.772 Y117.352 I-1.122 J.848 E.22229
G1 X109.924 Y117.336 E.00464
G3 X110.912 Y117.67 I.076 J1.404 E.03252
G1 X111.081 Y117.846 E.00742
G1 E-1.75 F6000
;WIPE_START
G1 F3600
G1 X111.121 Y117.892 E-.04561
G1 X111.28 Y118.152 E-.22858
G1 X111.377 Y118.441 E-.22875
G1 X111.41 Y118.744 E-.22874
G1 X111.408 Y118.768 E-.01831
;WIPE_END
G1 X111.392 Y120.219 F18000
G1 E2.5 F6000
M204 P2000
;TYPE:Gap infill
;WIDTH:0.108829
G1 X111.321 Y120.302 E.00058
G3 X111.236 Y120.345 I-.083 J-.059 E.00053
G1 X110.591 Y120.513 F18000
;WIDTH:0.475997
G1 F6000
G3 X109.409 Y120.513 I-.591 J-4.055 E.04144
G1 X108.764 Y120.345 F18000
;WIDTH:0.109641
G1 F6000
G3 X108.608 Y120.219 I.054 J-.227 E.00112
G1 E-2.29255
;WIPE_START
G1 X108.698 Y120.323 E-.13784
G1 X108.764 Y120.345 E-.06961
;WIPE_END
G1 X103.115 Y124.97 F18000
G1 E2.5 F6000
;WIDTH:0.36015
G1 X103.026 Y124.486 E.0126
;WIDTH:0.405296
G3 X103.003 Y124.274 I2.01 J-.319 E.00623
;WIDTH:0.431455
G1 X103 Y120.364 E.12254
G1 X105.375 Y117.794 F18000
;TYPE:Internal solid infill
;WIDTH:0.476736
G1 F6000
G1 X105.481 Y117.794 E.0037
G1 X106.059 Y117.389 F18000
;WIDTH:0.419999
G1 F6000
G1 X104.97 Y117.389 E.03315
G1 X104.97 Y118.2 E.02466
G1 X105.868 Y118.2 E.02731
G1 X106.04 Y117.446 E.02353
G1 X106.64 Y117.012 F18000
G1 F6000
G1 X104.592 Y117.012 E.06228
G1 X104.592 Y118.577 E.0476
G1 X106.224 Y118.577 E.04962
G1 X106.237 Y118.273 E.00923
G1 X106.387 Y117.591 E.02124
G1 X106.616 Y117.067 E.01742
G1 X107.337 Y116.635 F18000
G1 F6000
G1 X104.215 Y116.635 E.09494
G1 X104.215 Y118.954 E.07054
G1 X106.602 Y118.954 E.0726
G1 X106.6 Y118.396 E.01697
G1 X106.755 Y117.672 E.0225
G1 X107.061 Y117 E.02248
G1 X107.301 Y116.682 E.01209
G1 X108.462 Y116.353 F18000
;TYPE:Gap infill
;WIDTH:0.142831
G1 F6000
G1 X108.652 Y116.208 E.00193
;WIDTH:0.15669
G1 X108.779 Y116.122 E.0014
;WIDTH:0.182903
G1 X108.901 Y116.039 E.00167
G1 X109.065 Y116.062 F18000
;WIDTH:0.119088
G1 F6000
G2 X108.654 Y116.137 I1.175 J7.552 E.00256
G1 X111.345 Y116.137 F18000
;WIDTH:0.129807
G1 F6000
G2 X110.935 Y116.062 I-1.596 J7.545 E.00292
G1 X111.099 Y116.039 F18000
;WIDTH:0.170036
G1 F6000
G1 X111.221 Y116.122 E.00151
;WIDTH:0.157175
G1 X111.343 Y116.205 E.00136
;WIDTH:0.120406
G1 X111.538 Y116.353 E.00153
G1 X112.663 Y116.635 F18000
;TYPE:Internal solid infill
;WIDTH:0.419999
G1 F6000
G1 X112.939 Y117 E.01392
G1 X113.232 Y117.634 E.02124
G1 X113.395 Y118.354 E.02247
G1 X113.398 Y118.954 E.01823
G1 X115.785 Y118.954 E.0726
G1 X115.785 Y116.635 E.07054
G1 X112.723 Y116.635 E.09311
G1 X113.36 Y117.012 F18000
G1 F6000
G1 X113.574 Y117.475 E.01554
G3 X113.777 Y118.397 I-7.939 J2.227 E.02871
G1 X113.776 Y118.577 E.00547
G1 X115.408 Y118.577 E.04962
G1 X115.408 Y117.012 E.0476
G1 X113.42 Y117.012 E.06046
G1 X113.941 Y117.389 F18000
G1 F6000
G3 X114.141 Y118.2 I-84.212 J21.225 E.0254
G1 X115.03 Y118.2 E.02706
G1 X115.03 Y117.389 E.02466
G1 X114.001 Y117.389 E.03132
G1 X114.459 Y117.794 F18000
;WIDTH:0.476736
G1 F6000
G1 X114.565 Y117.794 E.0037
G1 X117 Y120.364 F18000
;TYPE:Gap infill
;WIDTH:0.431174
G1 F6000
G1 X117 Y124.143 E.11835
G3 X116.988 Y124.379 I-2.261 J.006 E.00741
;WIDTH:0.39422
G1 X116.974 Y124.486 E.00304
;WIDTH:0.380203
G1 X116.885 Y124.97 E.01339
G1 X117.05 Y115.225 F18000
;WIDTH:0.330912
G1 F6000
G1 X117.05 Y84.345 E.71728
G1 X117.009 Y83.557 E.01833
G1 X116.886 Y82.811 E.01755
G1 X116.678 Y82.061 E.01809
G1 X116.398 Y81.359 E.01755
G1 X116.041 Y80.685 E.01773
G1 X115.607 Y80.047 E.01791
G1 X115.118 Y79.471 E.01755
G1 X114.564 Y78.946 E.01773
G1 X113.956 Y78.484 E.01773
G1 X113.309 Y78.094 E.01755
G1 X112.609 Y77.77 E.01791
G1 X111.886 Y77.526 E.01773
G1 X111.148 Y77.364 E.01755
G1 X110.374 Y77.279 E.01809
G1 X109.618 Y77.28 E.01755
G1 X108.867 Y77.361 E.01755
G1 X108.107 Y77.529 E.01809
G1 X107.391 Y77.77 E.01755
G1 X106.698 Y78.09 E.01773
G1 X106.044 Y78.484 E.01773
G1 X105.442 Y78.941 E.01755
G1 X104.877 Y79.477 E.01809
G1 X104.388 Y80.053 E.01755
G1 X103.959 Y80.685 E.01773
G1 X103.599 Y81.366 E.01791
G1 X103.319 Y82.068 E.01755
G1 X103.115 Y82.804 E.01773
G1 X102.991 Y83.557 E.01773
G1 X102.95 Y84.345 E.01833
G1 X102.95 Y115.225 E.71728
; stop printing object LEG id:18398695746277035084 copy 0
;LAYER_CHANGE
;Z:7.24
;HEIGHT:0.2
G92 E0 ; zero the extruded length again
; BEFORE_LAYER_CHANGE 35 @ 7.24mm
G1 E-1.75 F6000
;WIPE_START
G1 X102.95 Y114.225 E-.75
;WIPE_END
; AFTER_LAYER_CHANGE 35 @ 7.24mm
;_SET_FAN_SPEED_CHANGING_LAYER
; printing object LEG id:18398695746277035084 copy 0
G1 X103.79 Y120.959 Z7.24 F18000
G1 E2.5 F6000
M204 P1000
;TYPE:Outer wall
;WIDTH:0.42
G1 F3600
G1 X103.79 Y125.945 E.15165
G3 X102.21 Y124.164 I.238 J-1.802 E.07897
G1 X102.21 Y84.325 E1.21164
G3 X110.972 Y76.601 I7.783 J-.003 E.40176
G1 X111.26 Y76.632 E.00883
G3 X117.79 Y84.325 I-1.297 J7.719 E.3335
G1 X117.79 Y124.164 E1.21164
G3 X116.21 Y125.945 I-1.818 J-.02 E.07897
G1 X116.21 Y120.959 E.15165
G1 X103.85 Y120.959 E.37591
G1 X103.398 Y120.567 F18000
M204 P1500
;TYPE:Inner wall
;WIDTH:0.45
G1 F6000
G1 X103.398 Y125.442 E.16005
G3 X102.602 Y124.153 I.682 J-1.311 E.0522
G1 X102.602 Y84.335 E1.30736
G3 X110.929 Y76.99 I7.396 J-.008 E.41236
G1 X111.197 Y77.02 E.00883
G3 X117.398 Y84.335 I-1.233 J7.331 E.34224
G1 X117.398 Y124.153 E1.30735
G3 X116.602 Y125.442 I-1.478 J-.023 E.0522
G1 X116.602 Y120.567 E.16005
G1 X110.81 Y120.567 E.19019
G1 X110.76 Y120.388 E.0061
G2 X109.255 Y117.105 I-.762 J-1.637 E.18555
G2 X109.24 Y120.388 I.754 J1.645 E.13506
G1 X109.19 Y120.567 E.0061
G1 X103.458 Y120.567 E.18822
G1 E-1.75
;WIPE_START
G1 X103.446 Y121.567 E-.75
;WIPE_END
G1 X103.69 Y114.629 F18000
G1 E2.5 F6000
M204 P1000
;TYPE:Outer wall
;WIDTH:0.42
G1 F3600
G1 X103.69 Y84.311 E.92209
G3 X109.658 Y78.018 I6.31 J.008 E.29082
G3 X116.31 Y84.311 I.321 J6.322 E.31131
G1 X116.31 Y114.629 E.92209
G1 X103.75 Y114.629 E.382
G1 X103.298 Y114.629 F18000
M204 P1500
;TYPE:Inner wall
;WIDTH:0.45
G1 F6000
G1 X103.298 Y84.3 E.9958
G3 X109.637 Y77.626 I6.702 J.018 E.33315
G3 X116.702 Y84.3 I.342 J6.715 E.35665
G1 X116.702 Y115.021 E1.00868
G1 X103.298 Y115.021 E.4401
G1 X103.298 Y114.689 E.0109
G1 E-1.75
;WIPE_START
G1 X103.298 Y113.689 E-.75
;WIPE_END
G1 X111.785 Y117.444 F18000
G1 E2.5 F6000
G1 X111.759 Y117.407 E.00148
G2 X108.293 Y120.16 I-1.759 J1.344 E.23107
G1 X103.009 Y120.16 E.17348
G1 X103.009 Y115.428 E.15536
G1 X116.991 Y115.428 E.45907
G1 X116.991 Y120.16 E.15536
G1 X111.707 Y120.16 E.17348
G2 X111.894 Y117.605 I-1.707 J-1.409 E.08971
G1 X111.819 Y117.493 E.00441
G1 X112.122 Y117.215 F18000
G1 F6000
G1 X112.082 Y117.162 E.0022
G2 X107.587 Y119.753 I-2.082 J1.583 E.24791
G1 X103.416 Y119.753 E.13695
G1 X103.416 Y115.835 E.12863
G1 X116.584 Y115.835 E.43233
G1 X116.584 Y119.753 E.12863
G1 X112.413 Y119.753 E.13695
G2 X112.24 Y117.396 I-2.413 J-1.008 E.08051
G1 X112.155 Y117.265 E.00513
G1 X112.459 Y116.987 F18000
G1 F6000
G1 X112.408 Y116.914 E.00293
G2 X112.197 Y116.663 I-2.437 J1.836 E.01076
G1 X111.753 Y116.242 E.02008
G1 X116.177 Y116.242 E.14525
G1 X116.177 Y119.346 E.10189
G1 X112.963 Y119.346 E.1055
G2 X112.591 Y117.185 I-2.992 J-.596 E.07363
G1 X112.492 Y117.037 E.00585
G1 E-1.75
;WIPE_START
G1 X112.408 Y116.914 E-.11192
G1 X112.197 Y116.663 E-.24569
G1 X111.817 Y116.303 E-.39239
;WIPE_END
G1 X108.247 Y116.242 F18000
G1 E2.5 F6000
G1 X107.803 Y116.663 E.02008
G2 X107.037 Y119.346 I2.226 J2.087 E.09514
G1 X103.823 Y119.346 E.1055
G1 X103.823 Y116.242 E.10189
G1 X108.187 Y116.242 E.14328
G1 E-1.75
;WIPE_START
G1 X107.803 Y116.663 E-.42717
G1 X107.591 Y116.913 E-.24573
G1 X107.533 Y116.998 E-.0771
;WIPE_END
G1 X111.124 Y117.892 F18000
G1 E2.5 F6000
M204 P1000
;TYPE:Outer wall
;WIDTH:0.42
G1 F3600
G1 X111.277 Y118.153 E.00921
G3 X109.772 Y117.352 I-1.278 J.587 E.21301
G1 X109.924 Y117.336 E.00464
G3 X111.086 Y117.847 I.076 J1.404 E.04006
G1 E-1.75 F6000
;WIPE_START
G1 F3600
G1 X111.277 Y118.153 E-.2709
G1 X111.377 Y118.441 E-.22853
G1 X111.41 Y118.744 E-.22874
G1 X111.407 Y118.773 E-.02183
;WIPE_END
G1 X111.392 Y120.219 F18000
G1 E2.5 F6000
M204 P2000
;TYPE:Gap infill
;WIDTH:0.108824
G1 X111.321 Y120.302 E.00058
G3 X111.236 Y120.345 I-.083 J-.059 E.00053
G1 X110.591 Y120.513 F18000
;WIDTH:0.475997
G1 F6000
G3 X109.409 Y120.513 I-.591 J-4.055 E.04144
G1 X108.764 Y120.345 F18000
;WIDTH:0.109637
G1 F6000
G3 X108.608 Y120.219 I.054 J-.227 E.00112
G1 E-2.29258
;WIPE_START
G1 X108.698 Y120.323 E-.13782
G1 X108.764 Y120.345 E-.0696
;WIPE_END
G1 X103.115 Y124.97 F18000
G1 E2.5 F6000
;WIDTH:0.360148
G1 X103.026 Y124.486 E.0126
;WIDTH:0.405299
G3 X103.003 Y124.274 I2.01 J-.319 E.00623
;WIDTH:0.431455
G1 X103 Y120.364 E.12254
G1 X105.375 Y117.794 F18000
;TYPE:Internal solid infill
;WIDTH:0.476736
G1 F6000
G1 X105.481 Y117.794 E.0037
G1 X106.059 Y117.389 F18000
;WIDTH:0.419999
G1 F6000
G1 X104.97 Y117.389 E.03315
G1 X104.97 Y118.2 E.02466
G1 X105.868 Y118.2 E.02731
G1 X106.04 Y117.446 E.02353
G1 X106.64 Y117.012 F18000
G1 F6000
G1 X104.592 Y117.012 E.06228
G1 X104.592 Y118.577 E.0476
G1 X106.224 Y118.577 E.04962
G1 X106.237 Y118.273 E.00923
G1 X106.387 Y117.591 E.02124
G1 X106.616 Y117.067 E.01742
G1 X107.337 Y116.635 F18000
G1 F6000
G1 X104.215 Y116.635 E.09494
G1 X104.215 Y118.954 E.07054
G1 X106.602 Y118.954 E.0726
G1 X106.6 Y118.396 E.01698
G1 X106.755 Y117.672 E.0225
G1 X107.061 Y117 E.02248
G1 X107.301 Y116.682 E.01209
G1 X108.462 Y116.353 F18000
;TYPE:Gap infill
;WIDTH:0.142828
G1 F6000
G1 X108.652 Y116.208 E.00193
;WIDTH:0.156688
G1 X108.779 Y116.122 E.0014
;WIDTH:0.182904
G1 X108.901 Y116.039 E.00167
G1 X109.065 Y116.062 F18000
;WIDTH:0.119079
G1 F6000
G2 X108.655 Y116.137 I1.179 J7.578 E.00256
G1 X111.346 Y116.137 F18000
;WIDTH:0.129805
G1 F6000
G2 X110.935 Y116.062 I-1.585 J7.478 E.00292
G1 X111.099 Y116.039 F18000
;WIDTH:0.170048
G1 F6000
G1 X111.221 Y116.122 E.00151
;WIDTH:0.157186
G1 X111.343 Y116.205 E.00136
;WIDTH:0.120412
G1 X111.538 Y116.353 E.00153
G1 X112.663 Y116.635 F18000
;TYPE:Internal solid infill
;WIDTH:0.419999
G1 F6000
G1 X112.939 Y117 E.01392
G1 X113.232 Y117.634 E.02124
G1 X113.395 Y118.354 E.02247
G1 X113.398 Y118.954 E.01823
G1 X115.785 Y118.954 E.0726
G1 X115.785 Y116.635 E.07054
G1 X112.723 Y116.635 E.09311
G1 X113.36 Y117.012 F18000
G1 F6000
G1 X113.574 Y117.475 E.01554
G3 X113.777 Y118.397 I-7.939 J2.227 E.02871
G1 X113.776 Y118.577 E.00547
G1 X115.408 Y118.577 E.04962
G1 X115.408 Y117.012 E.0476
G1 X113.42 Y117.012 E.06046
G1 X113.941 Y117.389 F18000
G1 F6000
G3 X114.141 Y118.2 I-84.592 J21.32 E.0254
G1 X115.03 Y118.2 E.02706
G1 X115.03 Y117.389 E.02466
G1 X114.001 Y117.389 E.03132
G1 X114.459 Y117.794 F18000
;WIDTH:0.476736
G1 F6000
G1 X114.565 Y117.794 E.0037
G1 X117 Y120.364 F18000
;TYPE:Gap infill
;WIDTH:0.431174
G1 F6000
G1 X117 Y124.143 E.11835
G3 X116.988 Y124.379 I-2.261 J.006 E.00741
;WIDTH:0.394222
G1 X116.974 Y124.486 E.00304
;WIDTH:0.380205
G1 X116.885 Y124.97 E.01339
G1 X117.05 Y115.225 F18000
;WIDTH:0.330912
G1 F6000
G1 X117.05 Y84.345 E.71728
G1 X117.009 Y83.557 E.01833
G1 X116.886 Y82.811 E.01755
G1 X116.678 Y82.061 E.01809
G1 X116.398 Y81.359 E.01755
G1 X116.041 Y80.685 E.01773
G1 X115.607 Y80.047 E.01791
G1 X115.118 Y79.471 E.01755
G1 X114.564 Y78.946 E.01773
G1 X113.956 Y78.484 E.01773
G1 X113.309 Y78.094 E.01755
G1 X112.609 Y77.77 E.01791
G1 X111.886 Y77.526 E.01773
G1 X111.148 Y77.364 E.01755
G1 X110.374 Y77.279 E.01809
G1 X109.618 Y77.28 E.01755
G1 X108.867 Y77.361 E.01755
G1 X108.107 Y77.529 E.01809
G1 X107.391 Y77.77 E.01755
G1 X106.698 Y78.09 E.01773
G1 X106.044 Y78.484 E.01773
G1 X105.442 Y78.941 E.01755
G1 X104.877 Y79.477 E.01809
G1 X104.388 Y80.053 E.01755
G1 X103.959 Y80.685 E.01773
G1 X103.599 Y81.366 E.01791
G1 X103.319 Y82.068 E.01755
G1 X103.115 Y82.804 E.01773
G1 X102.991 Y83.557 E.01773
G1 X102.95 Y84.345 E.01833
G1 X102.95 Y115.225 E.71728
; stop printing object LEG id:18398695746277035084 copy 0
;LAYER_CHANGE
;Z:7.44
;HEIGHT:0.2
G92 E0 ; zero the extruded length again
; BEFORE_LAYER_CHANGE 36 @ 7.44mm
G1 E-1.75 F6000
;WIPE_START
G1 X102.95 Y114.225 E-.75
;WIPE_END
; AFTER_LAYER_CHANGE 36 @ 7.44mm
;_SET_FAN_SPEED_CHANGING_LAYER
; printing object LEG id:18398695746277035084 copy 0
G1 X103.79 Y120.959 Z7.44 F18000
G1 E2.5 F6000
M204 P1000
;TYPE:Outer wall
;WIDTH:0.42
G1 F3600
G1 X103.79 Y125.945 E.15165
G3 X102.21 Y124.164 I.238 J-1.802 E.07897
G1 X102.21 Y84.325 E1.21164
G3 X110.963 Y76.6 I7.783 J-.003 E.4015
G1 X111.26 Y76.632 E.00909
G3 X117.79 Y84.325 I-1.297 J7.719 E.3335
G1 X117.79 Y124.164 E1.21164
G3 X116.21 Y125.945 I-1.818 J-.02 E.07897
G1 X116.21 Y120.959 E.15165
G1 X103.85 Y120.959 E.37591
G1 X103.398 Y120.567 F18000
M204 P1500
;TYPE:Inner wall
;WIDTH:0.45
G1 F6000
G1 X103.398 Y125.442 E.16005
G3 X102.602 Y124.153 I.682 J-1.311 E.0522
G1 X102.602 Y84.335 E1.30736
G3 X110.921 Y76.99 I7.395 J-.008 E.41208
G1 X111.197 Y77.02 E.00911
G3 X117.398 Y84.335 I-1.233 J7.331 E.34224
G1 X117.398 Y124.153 E1.30735
G3 X116.602 Y125.442 I-1.478 J-.023 E.0522
G1 X116.602 Y120.567 E.16005
G1 X110.81 Y120.567 E.19019
G1 X110.76 Y120.388 E.0061
G2 X108.988 Y120.237 I-.752 J-1.638 E.31082
G1 X109.24 Y120.388 E.00966
G1 X109.19 Y120.567 E.0061
G1 X103.458 Y120.567 E.18822
G1 E-1.75
;WIPE_START
G1 X103.446 Y121.567 E-.75
;WIPE_END
G1 X103.69 Y114.629 F18000
G1 E2.5 F6000
M204 P1000
;TYPE:Outer wall
;WIDTH:0.42
G1 F3600
G1 X103.69 Y84.311 E.92209
G3 X109.658 Y78.018 I6.31 J.008 E.29082
G3 X116.31 Y84.311 I.321 J6.322 E.31131
G1 X116.31 Y114.629 E.92209
G1 X103.75 Y114.629 E.382
G1 X103.298 Y114.629 F18000
M204 P1500
;TYPE:Inner wall
;WIDTH:0.45
G1 F6000
G1 X103.298 Y84.3 E.9958
G3 X109.637 Y77.626 I6.702 J.018 E.33315
G3 X116.702 Y84.3 I.342 J6.715 E.35665
G1 X116.702 Y115.021 E1.00868
G1 X103.298 Y115.021 E.4401
G1 X103.298 Y114.689 E.0109
G1 E-1.75
;WIPE_START
G1 X103.298 Y113.689 E-.75
;WIPE_END
G1 X111.787 Y117.446 F18000
G1 E2.5 F6000
G1 X111.759 Y117.407 E.00156
G2 X108.293 Y120.16 I-1.759 J1.344 E.23111
G1 X103.009 Y120.16 E.17348
G1 X103.009 Y115.428 E.15536
G1 X116.991 Y115.428 E.45907
G1 X116.991 Y120.16 E.15536
G1 X111.707 Y120.16 E.17348
G2 X111.894 Y117.604 I-1.707 J-1.41 E.08972
G1 X111.82 Y117.495 E.00432
G1 X112.124 Y117.217 F18000
G1 F6000
G1 X112.082 Y117.162 E.00229
G2 X107.587 Y119.753 I-2.082 J1.583 E.24791
G1 X103.416 Y119.753 E.13695
G1 X103.416 Y115.835 E.12863
G1 X116.584 Y115.835 E.43233
G1 X116.584 Y119.753 E.12863
G1 X112.413 Y119.753 E.13695
G2 X112.24 Y117.396 I-2.413 J-1.008 E.08051
G1 X112.156 Y117.267 E.00504
G1 X112.461 Y116.989 F18000
G1 F6000
G1 X112.408 Y116.914 E.00301
G2 X112.197 Y116.663 I-2.437 J1.836 E.01076
G1 X111.753 Y116.242 E.02008
G1 X116.177 Y116.242 E.14525
G1 X116.177 Y119.346 E.10189
G1 X112.963 Y119.346 E.1055
G2 X112.591 Y117.185 I-2.992 J-.596 E.07363
G1 X112.494 Y117.039 E.00577
G1 E-1.75
;WIPE_START
G1 X112.408 Y116.914 E-.11376
G1 X112.197 Y116.663 E-.2457
G1 X111.819 Y116.305 E-.39054
;WIPE_END
G1 X108.247 Y116.242 F18000
G1 E2.5 F6000
G1 X107.803 Y116.663 E.02008
G2 X107.037 Y119.346 I2.226 J2.087 E.09514
G1 X103.823 Y119.346 E.1055
G1 X103.823 Y116.242 E.10189
G1 X108.187 Y116.242 E.14328
G1 E-1.75
;WIPE_START
G1 X107.803 Y116.663 E-.42717
G1 X107.591 Y116.913 E-.24574
G1 X107.533 Y116.998 E-.07709
;WIPE_END
G1 X111.125 Y117.894 F18000
G1 E2.5 F6000
M204 P1000
;TYPE:Outer wall
;WIDTH:0.42
G1 F3600
G1 X111.277 Y118.153 E.00913
G3 X109.772 Y117.352 I-1.278 J.587 E.21301
G1 X109.924 Y117.336 E.00465
G3 X111.087 Y117.849 I.076 J1.404 E.04012
G1 E-1.75 F6000
;WIPE_START
G1 F3600
G1 X111.277 Y118.153 E-.26942
G1 X111.377 Y118.441 E-.22853
G1 X111.41 Y118.744 E-.22874
G1 X111.407 Y118.775 E-.02331
;WIPE_END
G1 X111.392 Y120.219 F18000
G1 E2.5 F6000
M204 P2000
;TYPE:Gap infill
;WIDTH:0.108824
G1 X111.321 Y120.302 E.00058
G3 X111.236 Y120.345 I-.083 J-.059 E.00053
G1 X110.591 Y120.513 F18000
;WIDTH:0.475998
G1 F6000
G3 X109.409 Y120.513 I-.591 J-4.055 E.04144
G1 X108.764 Y120.345 F18000
;WIDTH:0.109634
G1 F6000
G3 X108.608 Y120.219 I.054 J-.227 E.00112
G1 E-2.29261
;WIPE_START
G1 X108.698 Y120.323 E-.1378
G1 X108.764 Y120.345 E-.06959
;WIPE_END
G1 X103.115 Y124.97 F18000
G1 E2.5 F6000
;WIDTH:0.360151
G1 X103.026 Y124.486 E.0126
;WIDTH:0.405298
G3 X103.003 Y124.274 I2.01 J-.319 E.00623
;WIDTH:0.431455
G1 X103 Y120.364 E.12254
G1 X105.375 Y117.794 F18000
;TYPE:Internal solid infill
;WIDTH:0.476736
G1 F6000
G1 X105.481 Y117.794 E.0037
G1 X106.059 Y117.389 F18000
;WIDTH:0.419999
G1 F6000
G1 X104.97 Y117.389 E.03315
G1 X104.97 Y118.2 E.02466
G1 X105.868 Y118.2 E.02731
G1 X106.04 Y117.446 E.02353
G1 X106.64 Y117.012 F18000
G1 F6000
G1 X104.592 Y117.012 E.06228
G1 X104.592 Y118.577 E.0476
G1 X106.224 Y118.577 E.04962
G1 X106.237 Y118.273 E.00923
G1 X106.387 Y117.591 E.02124
G1 X106.616 Y117.067 E.01742
G1 X107.337 Y116.635 F18000
G1 F6000
G1 X104.215 Y116.635 E.09494
G1 X104.215 Y118.954 E.07054
G1 X106.602 Y118.954 E.0726
G1 X106.6 Y118.396 E.01697
G1 X106.755 Y117.672 E.0225
G1 X107.061 Y117 E.02248
G1 X107.301 Y116.682 E.01209
G1 X108.462 Y116.353 F18000
;TYPE:Gap infill
;WIDTH:0.142835
G1 F6000
G1 X108.652 Y116.208 E.00193
;WIDTH:0.156696
G1 X108.779 Y116.122 E.0014
;WIDTH:0.18291
G1 X108.901 Y116.039 E.00167
G1 X109.065 Y116.062 F18000
;WIDTH:0.119089
G1 F6000
G2 X108.654 Y116.137 I1.175 J7.555 E.00256
G1 X111.346 Y116.137 F18000
;WIDTH:0.129805
G1 F6000
G2 X110.935 Y116.062 I-1.585 J7.478 E.00292
G1 X111.099 Y116.039 F18000
;WIDTH:0.170039
G1 F6000
G1 X111.221 Y116.122 E.00151
;WIDTH:0.157175
G1 X111.343 Y116.205 E.00136
;WIDTH:0.120406
G1 X111.538 Y116.353 E.00153
G1 X112.663 Y116.635 F18000
;TYPE:Internal solid infill
;WIDTH:0.419999
G1 F6000
G1 X112.939 Y117 E.01392
G1 X113.232 Y117.634 E.02124
G1 X113.395 Y118.354 E.02247
G1 X113.398 Y118.954 E.01823
G1 X115.785 Y118.954 E.0726
G1 X115.785 Y116.635 E.07054
G1 X112.723 Y116.635 E.09311
G1 X113.36 Y117.012 F18000
G1 F6000
G1 X113.574 Y117.475 E.01554
G3 X113.777 Y118.397 I-7.938 J2.227 E.02871
G1 X113.776 Y118.577 E.00547
G1 X115.408 Y118.577 E.04962
G1 X115.408 Y117.012 E.0476
G1 X113.42 Y117.012 E.06046
G1 X113.941 Y117.389 F18000
G1 F6000
G3 X114.141 Y118.2 I-84.577 J21.316 E.0254
G1 X115.03 Y118.2 E.02706
G1 X115.03 Y117.389 E.02466
G1 X114.001 Y117.389 E.03132
G1 X114.459 Y117.794 F18000
;WIDTH:0.476736
G1 F6000
G1 X114.565 Y117.794 E.0037
G1 X117 Y120.364 F18000
;TYPE:Gap infill
;WIDTH:0.431174
G1 F6000
G1 X117 Y124.143 E.11835
G3 X116.988 Y124.379 I-2.261 J.006 E.00741
;WIDTH:0.394222
G1 X116.974 Y124.486 E.00304
;WIDTH:0.380205
G1 X116.885 Y124.97 E.01339
G1 X117.05 Y115.225 F18000
;WIDTH:0.330912
G1 F6000
G1 X117.05 Y84.345 E.71728
G1 X117.009 Y83.557 E.01833
G1 X116.886 Y82.811 E.01755
G1 X116.678 Y82.061 E.01809
G1 X116.398 Y81.359 E.01755
G1 X116.041 Y80.685 E.01773
G1 X115.607 Y80.047 E.01791
G1 X115.118 Y79.471 E.01755
G1 X114.564 Y78.946 E.01773
G1 X113.956 Y78.484 E.01773
G1 X113.309 Y78.094 E.01755
G1 X112.609 Y77.77 E.01791
G1 X111.886 Y77.526 E.01773
G1 X111.148 Y77.364 E.01755
G1 X110.374 Y77.279 E.01809
G1 X109.618 Y77.28 E.01755
G1 X108.867 Y77.361 E.01755
G1 X108.107 Y77.529 E.01809
G1 X107.391 Y77.77 E.01755
G1 X106.698 Y78.09 E.01773
G1 X106.044 Y78.484 E.01773
G1 X105.442 Y78.941 E.01755
G1 X104.877 Y79.477 E.01809
G1 X104.388 Y80.053 E.01755
G1 X103.959 Y80.685 E.01773
G1 X103.599 Y81.366 E.01791
G1 X103.319 Y82.068 E.01755
G1 X103.115 Y82.804 E.01773
G1 X102.991 Y83.557 E.01773
G1 X102.95 Y84.345 E.01833
G1 X102.95 Y115.225 E.71728
; stop printing object LEG id:18398695746277035084 copy 0
;LAYER_CHANGE
;Z:7.64
;HEIGHT:0.2
G92 E0 ; zero the extruded length again
; BEFORE_LAYER_CHANGE 37 @ 7.64mm
G1 E-1.75 F6000
;WIPE_START
G1 X102.95 Y114.225 E-.75
;WIPE_END
; AFTER_LAYER_CHANGE 37 @ 7.64mm
;_SET_FAN_SPEED_CHANGING_LAYER
; printing object LEG id:18398695746277035084 copy 0
G1 X103.79 Y120.959 Z7.64 F18000
G1 E2.5 F6000
M204 P1000
;TYPE:Outer wall
;WIDTH:0.42
G1 F3600
G1 X103.79 Y125.945 E.15165
G3 X102.21 Y124.164 I.238 J-1.802 E.07897
G1 X102.21 Y84.325 E1.21164
G3 X110.955 Y76.599 I7.782 J-.003 E.40124
G1 X111.26 Y76.632 E.00934
G3 X117.79 Y84.325 I-1.297 J7.719 E.3335
G1 X117.79 Y124.164 E1.21164
G3 X116.21 Y125.945 I-1.818 J-.02 E.07897
G1 X116.21 Y120.959 E.15165
G1 X103.85 Y120.959 E.37591
G1 X103.398 Y120.567 F18000
M204 P1500
;TYPE:Inner wall
;WIDTH:0.45
G1 F6000
G1 X103.398 Y125.442 E.16005
G3 X102.602 Y124.153 I.682 J-1.311 E.0522
G1 X102.602 Y84.335 E1.30736
G3 X110.912 Y76.989 I7.395 J-.008 E.4118
G1 X111.197 Y77.02 E.00939
G3 X117.398 Y84.335 I-1.233 J7.331 E.34224
G1 X117.398 Y124.153 E1.30735
G3 X116.602 Y125.442 I-1.478 J-.023 E.0522
G1 X116.602 Y120.567 E.16005
G1 X110.81 Y120.567 E.19019
G1 X110.76 Y120.388 E.0061
G2 X108.988 Y120.237 I-.752 J-1.638 E.31082
G1 X109.24 Y120.388 E.00966
G1 X109.19 Y120.567 E.0061
G1 X103.458 Y120.567 E.18822
G1 E-1.75
;WIPE_START
G1 X103.446 Y121.567 E-.75
;WIPE_END
G1 X103.69 Y114.629 F18000
G1 E2.5 F6000
M204 P1000
;TYPE:Outer wall
;WIDTH:0.42
G1 F3600
G1 X103.69 Y84.311 E.92209
G3 X109.658 Y78.018 I6.31 J.008 E.29082
G3 X116.31 Y84.311 I.321 J6.322 E.31131
G1 X116.31 Y114.629 E.92209
G1 X103.75 Y114.629 E.382
G1 X103.298 Y114.629 F18000
M204 P1500
;TYPE:Inner wall
;WIDTH:0.45
G1 F6000
G1 X103.298 Y84.3 E.9958
G3 X109.637 Y77.626 I6.702 J.018 E.33315
G3 X116.702 Y84.3 I.342 J6.715 E.35665
G1 X116.702 Y115.021 E1.00868
G1 X103.298 Y115.021 E.4401
G1 X103.298 Y114.689 E.0109
G1 E-1.75
;WIPE_START
G1 X103.298 Y113.689 E-.75
;WIPE_END
G1 X111.788 Y117.448 F18000
G1 E2.5 F6000
G1 X111.759 Y117.407 E.00165
G2 X108.293 Y120.16 I-1.759 J1.344 E.23111
G1 X103.009 Y120.16 E.17348
G1 X103.009 Y115.428 E.15536
G1 X116.991 Y115.428 E.45907
G1 X116.991 Y120.16 E.15536
G1 X111.707 Y120.16 E.17348
G2 X111.894 Y117.604 I-1.707 J-1.41 E.08972
G1 X111.822 Y117.498 E.00424
G1 X112.125 Y117.219 F18000
G1 F6000
G1 X112.082 Y117.162 E.00237
G2 X107.587 Y119.753 I-2.082 J1.583 E.2479
G1 X103.416 Y119.753 E.13695
G1 X103.416 Y115.835 E.12863
G1 X116.584 Y115.835 E.43233
G1 X116.584 Y119.753 E.12863
G1 X112.413 Y119.753 E.13695
G2 X112.24 Y117.396 I-2.413 J-1.008 E.08051
G1 X112.158 Y117.27 E.00496
G1 X112.462 Y116.991 F18000
G1 F6000
G1 X112.408 Y116.914 E.0031
G2 X112.197 Y116.663 I-2.437 J1.836 E.01076
G1 X111.753 Y116.242 E.02008
G1 X116.177 Y116.242 E.14525
G1 X116.177 Y119.346 E.10189
G1 X112.963 Y119.346 E.1055
G2 X112.591 Y117.185 I-2.992 J-.596 E.07363
G1 X112.495 Y117.041 E.00568
G1 E-1.75
;WIPE_START
G1 X112.408 Y116.914 E-.11573
G1 X112.197 Y116.663 E-.24568
G1 X111.821 Y116.307 E-.38859
;WIPE_END
G1 X108.247 Y116.242 F18000
G1 E2.5 F6000
G1 X107.803 Y116.663 E.02008
G2 X107.037 Y119.346 I2.226 J2.087 E.09514
G1 X103.823 Y119.346 E.1055
G1 X103.823 Y116.242 E.10189
G1 X108.187 Y116.242 E.14328
G1 E-1.75
;WIPE_START
G1 X107.803 Y116.663 E-.42717
G1 X107.591 Y116.913 E-.24573
G1 X107.533 Y116.998 E-.0771
;WIPE_END
G1 X111.126 Y117.897 F18000
G1 E2.5 F6000
M204 P1000
;TYPE:Outer wall
;WIDTH:0.42
G1 F3600
G1 X111.277 Y118.153 E.00905
G3 X109.772 Y117.352 I-1.278 J.587 E.21301
G1 X109.924 Y117.336 E.00465
G3 X111.089 Y117.85 I.076 J1.404 E.0402
G1 E-1.75 F6000
;WIPE_START
G1 F3600
G1 X111.277 Y118.153 E-.26764
G1 X111.377 Y118.441 E-.22853
G1 X111.41 Y118.744 E-.22874
G1 X111.407 Y118.777 E-.0251
;WIPE_END
G1 X111.392 Y120.219 F18000
G1 E2.5 F6000
M204 P2000
;TYPE:Gap infill
;WIDTH:0.108825
G1 X111.321 Y120.302 E.00058
G3 X111.236 Y120.345 I-.083 J-.059 E.00053
G1 X110.591 Y120.513 F18000
;WIDTH:0.475997
G1 F6000
G3 X109.409 Y120.513 I-.591 J-4.055 E.04144
G1 X108.764 Y120.345 F18000
;WIDTH:0.109639
G1 F6000
G3 X108.608 Y120.219 I.054 J-.227 E.00112
G1 E-2.29258
;WIPE_START
G1 X108.698 Y120.323 E-.13782
G1 X108.764 Y120.345 E-.0696
;WIPE_END
G1 X103.115 Y124.97 F18000
G1 E2.5 F6000
;WIDTH:0.360147
G1 X103.026 Y124.486 E.0126
;WIDTH:0.405296
G3 X103.003 Y124.274 I2.01 J-.319 E.00623
;WIDTH:0.431455
G1 X103 Y120.364 E.12254
G1 X105.375 Y117.794 F18000
;TYPE:Internal solid infill
;WIDTH:0.476736
G1 F6000
G1 X105.481 Y117.794 E.0037
G1 X106.059 Y117.389 F18000
;WIDTH:0.419999
G1 F6000
G1 X104.97 Y117.389 E.03315
G1 X104.97 Y118.2 E.02466
G1 X105.868 Y118.2 E.02731
G1 X106.04 Y117.446 E.02353
G1 X106.64 Y117.012 F18000
G1 F6000
G1 X104.592 Y117.012 E.06228
G1 X104.592 Y118.577 E.0476
G1 X106.224 Y118.577 E.04962
G1 X106.237 Y118.273 E.00923
G1 X106.387 Y117.591 E.02124
G1 X106.616 Y117.067 E.01742
G1 X107.337 Y116.635 F18000
G1 F6000
G1 X104.215 Y116.635 E.09494
G1 X104.215 Y118.954 E.07054
G1 X106.602 Y118.954 E.0726
G1 X106.6 Y118.396 E.01697
G1 X106.755 Y117.672 E.0225
G1 X107.061 Y117 E.02248
G1 X107.301 Y116.682 E.01209
G1 X108.462 Y116.353 F18000
;TYPE:Gap infill
;WIDTH:0.142828
G1 F6000
G1 X108.652 Y116.208 E.00193
;WIDTH:0.156688
G1 X108.779 Y116.122 E.0014
;WIDTH:0.182903
G1 X108.901 Y116.039 E.00167
G1 X109.065 Y116.062 F18000
;WIDTH:0.119086
G1 F6000
G2 X108.654 Y116.137 I1.174 J7.544 E.00256
G1 X111.346 Y116.137 F18000
;WIDTH:0.129797
G1 F6000
G2 X110.935 Y116.062 I-1.587 J7.489 E.00292
G1 X111.099 Y116.039 F18000
;WIDTH:0.170049
G1 F6000
G1 X111.221 Y116.122 E.00151
;WIDTH:0.157187
G1 X111.343 Y116.205 E.00136
;WIDTH:0.120412
G1 X111.538 Y116.353 E.00153
G1 X112.663 Y116.635 F18000
;TYPE:Internal solid infill
;WIDTH:0.419999
G1 F6000
G1 X112.939 Y117 E.01392
G1 X113.232 Y117.634 E.02124
G1 X113.395 Y118.354 E.02247
G1 X113.398 Y118.954 E.01823
G1 X115.785 Y118.954 E.0726
G1 X115.785 Y116.635 E.07054
G1 X112.723 Y116.635 E.09311
G1 X113.36 Y117.012 F18000
G1 F6000
G1 X113.574 Y117.475 E.01554
G3 X113.777 Y118.397 I-7.939 J2.227 E.02871
G1 X113.776 Y118.577 E.00547
G1 X115.408 Y118.577 E.04962
G1 X115.408 Y117.012 E.0476
G1 X113.42 Y117.012 E.06046
G1 X113.941 Y117.389 F18000
G1 F6000
G3 X114.141 Y118.2 I-84.821 J21.377 E.0254
G1 X115.03 Y118.2 E.02706
G1 X115.03 Y117.389 E.02466
G1 X114.001 Y117.389 E.03132
G1 X114.459 Y117.794 F18000
;WIDTH:0.476736
G1 F6000
G1 X114.565 Y117.794 E.0037
G1 X117 Y120.364 F18000
;TYPE:Gap infill
;WIDTH:0.431174
G1 F6000
G1 X117 Y124.143 E.11835
G3 X116.988 Y124.379 I-2.261 J.006 E.00741
;WIDTH:0.394222
G1 X116.974 Y124.486 E.00304
;WIDTH:0.380205
G1 X116.885 Y124.97 E.01339
G1 X117.05 Y115.225 F18000
;WIDTH:0.330912
G1 F6000
G1 X117.05 Y84.345 E.71728
G1 X117.009 Y83.557 E.01833
G1 X116.886 Y82.811 E.01755
G1 X116.678 Y82.061 E.01809
G1 X116.398 Y81.359 E.01755
G1 X116.041 Y80.685 E.01773
G1 X115.607 Y80.047 E.01791
G1 X115.118 Y79.471 E.01755
G1 X114.564 Y78.946 E.01773
G1 X113.956 Y78.484 E.01773
G1 X113.309 Y78.094 E.01755
G1 X112.609 Y77.77 E.01791
G1 X111.886 Y77.526 E.01773
G1 X111.148 Y77.364 E.01755
G1 X110.374 Y77.279 E.01809
G1 X109.618 Y77.28 E.01755
G1 X108.867 Y77.361 E.01755
G1 X108.107 Y77.529 E.01809
G1 X107.391 Y77.77 E.01755
G1 X106.698 Y78.09 E.01773
G1 X106.044 Y78.484 E.01773
G1 X105.442 Y78.941 E.01755
G1 X104.877 Y79.477 E.01809
G1 X104.388 Y80.053 E.01755
G1 X103.959 Y80.685 E.01773
G1 X103.599 Y81.366 E.01791
G1 X103.319 Y82.068 E.01755
G1 X103.115 Y82.804 E.01773
G1 X102.991 Y83.557 E.01773
G1 X102.95 Y84.345 E.01833
G1 X102.95 Y115.225 E.71728
; stop printing object LEG id:18398695746277035084 copy 0
;LAYER_CHANGE
;Z:7.84
;HEIGHT:0.2
G92 E0 ; zero the extruded length again
; BEFORE_LAYER_CHANGE 38 @ 7.84mm
G1 E-1.75 F6000
;WIPE_START
G1 X102.95 Y114.225 E-.75
;WIPE_END
; AFTER_LAYER_CHANGE 38 @ 7.84mm
;_SET_FAN_SPEED_CHANGING_LAYER
; printing object LEG id:18398695746277035084 copy 0
G1 X103.79 Y120.959 Z7.84 F18000
G1 E2.5 F6000
M204 P1000
;TYPE:Outer wall
;WIDTH:0.42
G1 F3600
G1 X103.79 Y125.945 E.15165
G3 X102.21 Y124.164 I.238 J-1.802 E.07897
G1 X102.21 Y84.325 E1.21164
G3 X102.392 Y82.645 I7.815 J-.002 E.0515
G1 X102.618 Y81.832 E.02565
G3 X110.946 Y76.598 I7.369 J2.482 E.32389
G1 X111.26 Y76.632 E.0096
G3 X117.79 Y84.325 I-1.297 J7.719 E.3335
G1 X117.79 Y124.164 E1.21164
G3 X116.21 Y125.945 I-1.818 J-.02 E.07897
G1 X116.21 Y120.959 E.15165
G1 X103.85 Y120.959 E.37591
G1 X103.398 Y120.567 F18000
M204 P1500
;TYPE:Inner wall
;WIDTH:0.45
G1 F6000
G1 X103.398 Y125.442 E.16005
G3 X102.602 Y124.153 I.682 J-1.311 E.0522
G1 X102.602 Y84.335 E1.30736
G3 X110.904 Y76.988 I7.395 J-.008 E.41152
G1 X111.197 Y77.02 E.00967
G3 X117.398 Y84.335 I-1.233 J7.331 E.34224
G1 X117.398 Y124.153 E1.30735
G3 X116.602 Y125.442 I-1.478 J-.023 E.0522
G1 X116.602 Y120.567 E.16005
G1 X110.81 Y120.567 E.19019
G1 X110.76 Y120.388 E.0061
G2 X109.24 Y120.388 I-.76 J-1.638 E.32108
G1 X109.19 Y120.567 E.0061
G1 X103.458 Y120.567 E.18822
G1 E-1.75
;WIPE_START
G1 X103.446 Y121.567 E-.75
;WIPE_END
G1 X103.69 Y114.629 F18000
G1 E2.5 F6000
M204 P1000
;TYPE:Outer wall
;WIDTH:0.42
G1 F3600
G1 X103.69 Y84.311 E.92209
G3 X109.658 Y78.018 I6.31 J.008 E.29082
G3 X116.31 Y84.311 I.321 J6.322 E.31131
G1 X116.31 Y114.629 E.92209
G1 X103.75 Y114.629 E.382
G1 X103.298 Y114.629 F18000
M204 P1500
;TYPE:Inner wall
;WIDTH:0.45
G1 F6000
G1 X103.298 Y84.3 E.9958
G3 X109.637 Y77.626 I6.702 J.018 E.33315
G3 X116.702 Y84.3 I.342 J6.715 E.35665
G1 X116.702 Y115.021 E1.00868
G1 X103.298 Y115.021 E.4401
G1 X103.298 Y114.689 E.0109
G1 E-1.75
;WIPE_START
G1 X103.298 Y113.689 E-.75
;WIPE_END
G1 X111.79 Y117.45 F18000
G1 E2.5 F6000
G1 X111.759 Y117.407 E.00174
G2 X108.293 Y120.16 I-1.759 J1.344 E.23111
G1 X103.009 Y120.16 E.17348
G1 X103.009 Y115.428 E.15536
G1 X116.991 Y115.428 E.45907
G1 X116.991 Y120.16 E.15536
G1 X111.707 Y120.16 E.17348
G2 X111.894 Y117.604 I-1.707 J-1.41 E.08972
G1 X111.823 Y117.5 E.00415
G1 X112.127 Y117.222 F18000
G1 F6000
G1 X112.082 Y117.162 E.00246
G2 X107.587 Y119.753 I-2.082 J1.583 E.2479
G1 X103.416 Y119.753 E.13695
G1 X103.416 Y115.835 E.12863
G1 X116.584 Y115.835 E.43233
G1 X116.584 Y119.753 E.12863
G1 X112.413 Y119.753 E.13695
G2 X112.24 Y117.396 I-2.413 J-1.008 E.08051
G1 X112.159 Y117.272 E.00487
G1 X112.464 Y116.993 F18000
G1 F6000
G1 X112.408 Y116.914 E.00318
G2 X112.197 Y116.663 I-2.437 J1.836 E.01076
G1 X111.753 Y116.242 E.02008
G1 X116.177 Y116.242 E.14525
G1 X116.177 Y119.346 E.10189
G1 X112.963 Y119.346 E.1055
G2 X112.591 Y117.185 I-2.992 J-.596 E.07363
G1 X112.497 Y117.043 E.0056
G1 E-1.75
;WIPE_START
G1 X112.408 Y116.914 E-.11774
G1 X112.197 Y116.663 E-.24568
G1 X111.823 Y116.309 E-.38658
;WIPE_END
G1 X108.247 Y116.242 F18000
G1 E2.5 F6000
G1 X107.803 Y116.663 E.02008
G2 X107.037 Y119.346 I2.226 J2.087 E.09514
G1 X103.823 Y119.346 E.1055
G1 X103.823 Y116.242 E.10189
G1 X108.187 Y116.242 E.14328
G1 E-1.75
;WIPE_START
G1 X107.803 Y116.663 E-.42717
G1 X107.591 Y116.913 E-.24574
G1 X107.533 Y116.998 E-.0771
;WIPE_END
G1 X111.128 Y117.899 F18000
G1 E2.5 F6000
M204 P1000
;TYPE:Outer wall
;WIDTH:0.42
G1 F3600
G1 X111.277 Y118.153 E.00897
G3 X109.772 Y117.352 I-1.278 J.587 E.21302
G1 X109.924 Y117.336 E.00465
G3 X111.09 Y117.852 I.076 J1.404 E.04027
G1 E-1.75 F6000
;WIPE_START
G1 F3600
G1 X111.277 Y118.153 E-.26572
G1 X111.377 Y118.441 E-.22852
G1 X111.41 Y118.744 E-.22875
G1 X111.407 Y118.78 E-.02701
;WIPE_END
G1 X111.392 Y120.219 F18000
G1 E2.5 F6000
M204 P2000
;TYPE:Gap infill
;WIDTH:0.108828
G1 X111.321 Y120.302 E.00058
G3 X111.236 Y120.345 I-.083 J-.059 E.00053
G1 X110.591 Y120.513 F18000
;WIDTH:0.475998
G1 F6000
G3 X109.409 Y120.513 I-.591 J-4.055 E.04144
G1 X108.764 Y120.345 F18000
;WIDTH:0.109637
G1 F6000
G3 X108.608 Y120.219 I.054 J-.227 E.00112
G1 E-2.29258
;WIPE_START
G1 X108.698 Y120.323 E-.13782
G1 X108.764 Y120.345 E-.0696
;WIPE_END
G1 X103.115 Y124.97 F18000
G1 E2.5 F6000
;WIDTH:0.360152
G1 X103.026 Y124.486 E.0126
;WIDTH:0.405301
G3 X103.003 Y124.274 I2.01 J-.319 E.00623
;WIDTH:0.431455
G1 X103 Y120.364 E.12254
G1 X105.375 Y117.794 F18000
;TYPE:Internal solid infill
;WIDTH:0.476736
G1 F6000
G1 X105.481 Y117.794 E.0037
G1 X106.059 Y117.389 F18000
;WIDTH:0.419999
G1 F6000
G1 X104.97 Y117.389 E.03315
G1 X104.97 Y118.2 E.02466
G1 X105.868 Y118.2 E.02731
G1 X106.04 Y117.446 E.02353
G1 X106.64 Y117.012 F18000
G1 F6000
G1 X104.592 Y117.012 E.06228
G1 X104.592 Y118.577 E.0476
G1 X106.224 Y118.577 E.04962
G1 X106.237 Y118.273 E.00923
G1 X106.387 Y117.591 E.02124
G1 X106.616 Y117.067 E.01742
G1 X107.337 Y116.635 F18000
G1 F6000
G1 X104.215 Y116.635 E.09494
G1 X104.215 Y118.954 E.07054
G1 X106.602 Y118.954 E.0726
G1 X106.6 Y118.396 E.01697
G1 X106.755 Y117.672 E.02249
G1 X107.061 Y117 E.02248
G1 X107.301 Y116.682 E.01209
G1 X108.462 Y116.353 F18000
;TYPE:Gap infill
;WIDTH:0.142829
G1 F6000
G1 X108.652 Y116.208 E.00193
;WIDTH:0.156688
G1 X108.779 Y116.122 E.0014
;WIDTH:0.182902
G1 X108.901 Y116.039 E.00167
G1 X109.065 Y116.062 F18000
;WIDTH:0.119087
G1 F6000
G2 X108.654 Y116.137 I1.175 J7.552 E.00256
G1 X111.346 Y116.137 F18000
;WIDTH:0.12981
G1 F6000
G2 X110.935 Y116.062 I-1.586 J7.478 E.00292
G1 X111.099 Y116.039 F18000
;WIDTH:0.170043
G1 F6000
G1 X111.221 Y116.122 E.00151
;WIDTH:0.15718
G1 X111.343 Y116.205 E.00136
;WIDTH:0.120408
G1 X111.538 Y116.353 E.00153
G1 X112.663 Y116.635 F18000
;TYPE:Internal solid infill
;WIDTH:0.419999
G1 F6000
G1 X112.939 Y117 E.01392
G1 X113.232 Y117.634 E.02124
G1 X113.395 Y118.354 E.02247
G1 X113.398 Y118.954 E.01823
G1 X115.785 Y118.954 E.0726
G1 X115.785 Y116.635 E.07054
G1 X112.723 Y116.635 E.09311
G1 X113.36 Y117.012 F18000
G1 F6000
G1 X113.574 Y117.475 E.01554
G3 X113.777 Y118.397 I-7.938 J2.227 E.02871
G1 X113.776 Y118.577 E.00547
G1 X115.408 Y118.577 E.04962
G1 X115.408 Y117.012 E.0476
G1 X113.42 Y117.012 E.06046
G1 X113.941 Y117.389 F18000
G1 F6000
G3 X114.141 Y118.2 I-84.282 J21.243 E.0254
G1 X115.03 Y118.2 E.02706
G1 X115.03 Y117.389 E.02466
G1 X114.001 Y117.389 E.03132
G1 X114.459 Y117.794 F18000
;WIDTH:0.476736
G1 F6000
G1 X114.565 Y117.794 E.0037
G1 X117 Y120.364 F18000
;TYPE:Gap infill
;WIDTH:0.431174
G1 F6000
G1 X117 Y124.143 E.11835
G3 X116.988 Y124.379 I-2.261 J.006 E.00741
;WIDTH:0.39422
G1 X116.974 Y124.486 E.00304
;WIDTH:0.380203
G1 X116.885 Y124.97 E.01339
G1 X117.05 Y115.225 F18000
;WIDTH:0.330912
G1 F6000
G1 X117.05 Y84.345 E.71728
G1 X117.009 Y83.557 E.01833
G1 X116.886 Y82.811 E.01755
G1 X116.678 Y82.061 E.01809
G1 X116.398 Y81.359 E.01755
G1 X116.041 Y80.685 E.01773
G1 X115.607 Y80.047 E.01791
G1 X115.118 Y79.471 E.01755
G1 X114.564 Y78.946 E.01773
G1 X113.956 Y78.484 E.01773
G1 X113.309 Y78.094 E.01755
G1 X112.609 Y77.77 E.01791
G1 X111.886 Y77.526 E.01773
G1 X111.148 Y77.364 E.01755
G1 X110.374 Y77.279 E.01809
G1 X109.618 Y77.28 E.01755
G1 X108.867 Y77.361 E.01755
G1 X108.107 Y77.529 E.01809
G1 X107.391 Y77.77 E.01755
G1 X106.698 Y78.09 E.01773
G1 X106.044 Y78.484 E.01773
G1 X105.442 Y78.941 E.01755
G1 X104.877 Y79.477 E.01809
G1 X104.388 Y80.053 E.01755
G1 X103.959 Y80.685 E.01773
G1 X103.599 Y81.366 E.01791
G1 X103.319 Y82.068 E.01755
G1 X103.115 Y82.804 E.01773
G1 X102.991 Y83.557 E.01773
G1 X102.95 Y84.345 E.01833
G1 X102.95 Y115.225 E.71728
; stop printing object LEG id:18398695746277035084 copy 0
;LAYER_CHANGE
;Z:8.04
;HEIGHT:0.2
G92 E0 ; zero the extruded length again
; BEFORE_LAYER_CHANGE 39 @ 8.04mm
G1 E-1.75 F6000
;WIPE_START
G1 X102.95 Y114.225 E-.75
;WIPE_END
; AFTER_LAYER_CHANGE 39 @ 8.04mm
;_SET_FAN_SPEED_CHANGING_LAYER
; printing object LEG id:18398695746277035084 copy 0
G1 X103.79 Y120.959 Z8.04 F18000
G1 E2.5 F6000
M204 P1000
;TYPE:Outer wall
;WIDTH:0.42
G1 F3600
G1 X103.79 Y125.945 E.15165
G3 X102.21 Y124.164 I.238 J-1.802 E.07897
G1 X102.21 Y84.325 E1.21164
G3 X110.938 Y76.597 I7.782 J-.003 E.40072
G1 X111.26 Y76.632 E.00986
G3 X117.79 Y84.325 I-1.297 J7.719 E.3335
G1 X117.79 Y124.164 E1.21164
G3 X116.21 Y125.945 I-1.818 J-.02 E.07897
G1 X116.21 Y120.959 E.15165
G1 X103.85 Y120.959 E.37591
G1 X103.398 Y120.567 F18000
M204 P1500
;TYPE:Inner wall
;WIDTH:0.45
G1 F6000
G1 X103.398 Y125.442 E.16005
G3 X102.602 Y124.153 I.682 J-1.311 E.0522
G1 X102.602 Y84.335 E1.30736
G3 X110.896 Y76.987 I7.395 J-.008 E.41124
G1 X111.197 Y77.02 E.00994
G3 X117.398 Y84.335 I-1.233 J7.331 E.34224
G1 X117.398 Y124.153 E1.30735
G3 X116.602 Y125.442 I-1.478 J-.023 E.0522
G1 X116.602 Y120.567 E.16005
G1 X110.81 Y120.567 E.19019
G1 X110.76 Y120.388 E.0061
G2 X108.988 Y120.237 I-.752 J-1.638 E.31082
G1 X109.24 Y120.388 E.00965
G1 X109.19 Y120.567 E.0061
G1 X103.458 Y120.567 E.18822
G1 E-1.75
;WIPE_START
G1 X103.446 Y121.567 E-.75
;WIPE_END
G1 X103.69 Y114.629 F18000
G1 E2.5 F6000
M204 P1000
;TYPE:Outer wall
;WIDTH:0.42
G1 F3600
G1 X103.69 Y84.311 E.92209
G3 X109.658 Y78.018 I6.31 J.008 E.29082
G3 X116.31 Y84.311 I.321 J6.322 E.31131
G1 X116.31 Y114.629 E.92209
G1 X103.75 Y114.629 E.382
G1 X103.298 Y114.629 F18000
M204 P1500
;TYPE:Inner wall
;WIDTH:0.45
G1 F6000
G1 X103.298 Y84.3 E.9958
G3 X109.637 Y77.626 I6.702 J.018 E.33315
G3 X116.702 Y84.3 I.342 J6.715 E.35665
G1 X116.702 Y115.021 E1.00868
G1 X103.298 Y115.021 E.4401
G1 X103.298 Y114.689 E.0109
G1 E-1.75
;WIPE_START
G1 X103.298 Y113.689 E-.75
;WIPE_END
G1 X111.791 Y117.453 F18000
G1 E2.5 F6000
G1 X111.759 Y117.407 E.00184
G2 X108.293 Y120.16 I-1.759 J1.344 E.23107
G1 X103.009 Y120.16 E.17348
G1 X103.009 Y115.428 E.15536
G1 X116.991 Y115.428 E.45907
G1 X116.991 Y120.16 E.15536
G1 X111.707 Y120.16 E.17348
G2 X111.894 Y117.605 I-1.707 J-1.409 E.08971
G1 X111.825 Y117.502 E.00405
G1 X112.128 Y117.224 F18000
G1 F6000
G1 X112.082 Y117.162 E.00256
G2 X107.587 Y119.753 I-2.082 J1.583 E.2479
G1 X103.416 Y119.753 E.13695
G1 X103.416 Y115.835 E.12863
G1 X116.584 Y115.835 E.43233
G1 X116.584 Y119.753 E.12863
G1 X112.413 Y119.753 E.13695
G2 X112.24 Y117.396 I-2.413 J-1.008 E.08051
G1 X112.161 Y117.274 E.00477
G1 X112.465 Y116.996 F18000
G1 F6000
G1 X112.408 Y116.914 E.00329
G2 X112.197 Y116.663 I-2.437 J1.836 E.01076
G1 X111.753 Y116.242 E.02008
G1 X116.177 Y116.242 E.14525
G1 X116.177 Y119.346 E.10189
G1 X112.963 Y119.346 E.1055
G2 X112.591 Y117.185 I-2.992 J-.596 E.07363
G1 X112.498 Y117.046 E.00549
G1 E-1.75
;WIPE_START
G1 X112.408 Y116.914 E-.12011
G1 X112.197 Y116.663 E-.24567
G1 X111.825 Y116.311 E-.38422
;WIPE_END
G1 X108.247 Y116.242 F18000
G1 E2.5 F6000
G1 X107.803 Y116.663 E.02008
G2 X107.037 Y119.346 I2.226 J2.087 E.09514
G1 X103.823 Y119.346 E.1055
G1 X103.823 Y116.242 E.10189
G1 X108.187 Y116.242 E.14328
G1 E-1.75
;WIPE_START
G1 X107.803 Y116.663 E-.42716
G1 X107.591 Y116.913 E-.24576
G1 X107.533 Y116.998 E-.07709
;WIPE_END
G1 X111.129 Y117.902 F18000
G1 E2.5 F6000
M204 P1000
;TYPE:Outer wall
;WIDTH:0.42
G1 F3600
G1 X111.277 Y118.153 E.00888
G3 X109.772 Y117.352 I-1.278 J.587 E.21301
G1 X109.924 Y117.336 E.00465
G3 X111.092 Y117.855 I.076 J1.404 E.04036
G1 E-1.75 F6000
;WIPE_START
G1 F3600
G1 X111.277 Y118.153 E-.26351
G1 X111.377 Y118.441 E-.22852
G1 X111.41 Y118.744 E-.22875
G1 X111.406 Y118.783 E-.02922
;WIPE_END
G1 X111.392 Y120.219 F18000
G1 E2.5 F6000
M204 P2000
;TYPE:Gap infill
;WIDTH:0.108825
G1 X111.321 Y120.302 E.00058
G3 X111.236 Y120.345 I-.083 J-.059 E.00053
G1 X110.591 Y120.513 F18000
;WIDTH:0.475997
G1 F6000
G3 X109.409 Y120.513 I-.591 J-4.055 E.04144
G1 X108.764 Y120.345 F18000
;WIDTH:0.109634
G1 F6000
G3 X108.608 Y120.219 I.054 J-.227 E.00112
G1 E-2.2926
;WIPE_START
G1 X108.698 Y120.323 E-.1378
G1 X108.764 Y120.345 E-.0696
;WIPE_END
G1 X103.115 Y124.97 F18000
G1 E2.5 F6000
;WIDTH:0.360149
G1 X103.026 Y124.486 E.0126
;WIDTH:0.405298
G3 X103.003 Y124.274 I2.01 J-.319 E.00623
;WIDTH:0.431455
G1 X103 Y120.364 E.12254
G1 X105.375 Y117.794 F18000
;TYPE:Internal solid infill
;WIDTH:0.476736
G1 F6000
G1 X105.481 Y117.794 E.0037
G1 X106.059 Y117.389 F18000
;WIDTH:0.419999
G1 F6000
G1 X104.97 Y117.389 E.03315
G1 X104.97 Y118.2 E.02466
G1 X105.868 Y118.2 E.02731
G1 X106.04 Y117.446 E.02353
G1 X106.64 Y117.012 F18000
G1 F6000
G1 X104.592 Y117.012 E.06228
G1 X104.592 Y118.577 E.0476
G1 X106.224 Y118.577 E.04962
G1 X106.237 Y118.273 E.00923
G1 X106.387 Y117.591 E.02124
G1 X106.616 Y117.067 E.01742
G1 X107.337 Y116.635 F18000
G1 F6000
G1 X104.215 Y116.635 E.09494
G1 X104.215 Y118.954 E.07054
G1 X106.602 Y118.954 E.0726
G1 X106.6 Y118.396 E.01697
G1 X106.755 Y117.672 E.0225
G1 X107.061 Y117 E.02248
G1 X107.301 Y116.682 E.01209
G1 X108.462 Y116.353 F18000
;TYPE:Gap infill
;WIDTH:0.142831
G1 F6000
G1 X108.652 Y116.208 E.00193
;WIDTH:0.15669
G1 X108.779 Y116.122 E.0014
;WIDTH:0.182904
G1 X108.901 Y116.039 E.00167
G1 X109.065 Y116.062 F18000
;WIDTH:0.119089
G1 F6000
G2 X108.654 Y116.137 I1.175 J7.553 E.00256
G1 X111.346 Y116.137 F18000
;WIDTH:0.129799
G1 F6000
G2 X110.935 Y116.062 I-1.585 J7.475 E.00292
G1 X111.099 Y116.039 F18000
;WIDTH:0.170045
G1 F6000
G1 X111.221 Y116.122 E.00151
;WIDTH:0.157184
G1 X111.343 Y116.205 E.00136
;WIDTH:0.120411
G1 X111.538 Y116.353 E.00153
G1 X112.663 Y116.635 F18000
;TYPE:Internal solid infill
;WIDTH:0.419999
G1 F6000
G1 X112.939 Y117 E.01392
G1 X113.232 Y117.634 E.02124
G1 X113.395 Y118.354 E.02247
G1 X113.398 Y118.954 E.01823
G1 X115.785 Y118.954 E.0726
G1 X115.785 Y116.635 E.07054
G1 X112.723 Y116.635 E.09311
G1 X113.36 Y117.012 F18000
G1 F6000
G1 X113.574 Y117.475 E.01554
G3 X113.777 Y118.397 I-7.939 J2.227 E.02871
G1 X113.776 Y118.577 E.00547
G1 X115.408 Y118.577 E.04962
G1 X115.408 Y117.012 E.0476
G1 X113.42 Y117.012 E.06046
G1 X113.941 Y117.389 F18000
G1 F6000
G3 X114.141 Y118.2 I-84.645 J21.333 E.0254
G1 X115.03 Y118.2 E.02706
G1 X115.03 Y117.389 E.02466
G1 X114.001 Y117.389 E.03132
G1 X114.459 Y117.794 F18000
;WIDTH:0.476736
G1 F6000
G1 X114.565 Y117.794 E.0037
G1 X117 Y120.364 F18000
;TYPE:Gap infill
;WIDTH:0.431174
G1 F6000
G1 X117 Y124.143 E.11835
G3 X116.988 Y124.379 I-2.261 J.006 E.00741
;WIDTH:0.394222
G1 X116.974 Y124.486 E.00304
;WIDTH:0.380205
G1 X116.885 Y124.97 E.01339
G1 X117.05 Y115.225 F18000
;WIDTH:0.330912
G1 F6000
G1 X117.05 Y84.345 E.71728
G1 X117.009 Y83.557 E.01833
G1 X116.886 Y82.811 E.01755
G1 X116.678 Y82.061 E.01809
G1 X116.398 Y81.359 E.01755
G1 X116.041 Y80.685 E.01773
G1 X115.607 Y80.047 E.01791
G1 X115.118 Y79.471 E.01755
G1 X114.564 Y78.946 E.01773
G1 X113.956 Y78.484 E.01773
G1 X113.309 Y78.094 E.01755
G1 X112.609 Y77.77 E.01791
G1 X111.886 Y77.526 E.01773
G1 X111.148 Y77.364 E.01755
G1 X110.374 Y77.279 E.01809
G1 X109.618 Y77.28 E.01755
G1 X108.867 Y77.361 E.01755
G1 X108.107 Y77.529 E.01809
G1 X107.391 Y77.77 E.01755
G1 X106.698 Y78.09 E.01773
G1 X106.044 Y78.484 E.01773
G1 X105.442 Y78.941 E.01755
G1 X104.877 Y79.477 E.01809
G1 X104.388 Y80.053 E.01755
G1 X103.959 Y80.685 E.01773
G1 X103.599 Y81.366 E.01791
G1 X103.319 Y82.068 E.01755
G1 X103.115 Y82.804 E.01773
G1 X102.991 Y83.557 E.01773
G1 X102.95 Y84.345 E.01833
G1 X102.95 Y115.225 E.71728
; stop printing object LEG id:18398695746277035084 copy 0
;LAYER_CHANGE
;Z:8.24
;HEIGHT:0.2
G92 E0 ; zero the extruded length again
; BEFORE_LAYER_CHANGE 40 @ 8.24mm
G1 E-1.75 F6000
;WIPE_START
G1 X102.95 Y114.225 E-.75
;WIPE_END
; AFTER_LAYER_CHANGE 40 @ 8.24mm
;_SET_FAN_SPEED_CHANGING_LAYER
; printing object LEG id:18398695746277035084 copy 0
G1 X103.79 Y120.959 Z8.24 F18000
G1 E2.5 F6000
M204 P1000
;TYPE:Outer wall
;WIDTH:0.42
G1 F3600
G1 X103.79 Y125.945 E.15165
G3 X102.21 Y124.164 I.238 J-1.802 E.07897
G1 X102.21 Y84.325 E1.21164
G3 X102.392 Y82.645 I7.815 J-.002 E.0515
G1 X102.618 Y81.832 E.02565
G3 X110.93 Y76.596 I7.368 J2.482 E.32337
G1 X111.26 Y76.632 E.01011
G3 X117.79 Y84.325 I-1.297 J7.719 E.3335
G1 X117.79 Y124.164 E1.21164
G3 X116.21 Y125.945 I-1.818 J-.02 E.07897
G1 X116.21 Y120.959 E.15165
G1 X103.85 Y120.959 E.37591
G1 X103.398 Y120.567 F18000
M204 P1500
;TYPE:Inner wall
;WIDTH:0.45
G1 F6000
G1 X103.398 Y125.442 E.16005
G3 X102.602 Y124.153 I.682 J-1.311 E.0522
G1 X102.602 Y84.335 E1.30736
G3 X110.887 Y76.986 I7.395 J-.008 E.41096
G1 X111.197 Y77.02 E.01022
G3 X117.398 Y84.335 I-1.232 J7.331 E.34225
G1 X117.398 Y124.153 E1.30735
G3 X116.602 Y125.442 I-1.478 J-.023 E.0522
G1 X116.602 Y120.567 E.16005
G1 X110.81 Y120.567 E.19019
G1 X110.76 Y120.388 E.0061
G2 X109.24 Y120.388 I-.76 J-1.634 E.3203
G1 X109.19 Y120.567 E.0061
G1 X103.458 Y120.567 E.18822
G1 E-1.75
;WIPE_START
G1 X103.446 Y121.567 E-.75
;WIPE_END
G1 X103.69 Y114.629 F18000
G1 E2.5 F6000
M204 P1000
;TYPE:Outer wall
;WIDTH:0.42
G1 F3600
G1 X103.69 Y84.311 E.92209
G3 X109.658 Y78.018 I6.31 J.008 E.29082
G3 X116.31 Y84.311 I.321 J6.322 E.31131
G1 X116.31 Y114.629 E.92209
G1 X103.75 Y114.629 E.382
G1 X103.298 Y114.629 F18000
M204 P1500
;TYPE:Inner wall
;WIDTH:0.45
G1 F6000
G1 X103.298 Y84.3 E.9958
G3 X109.637 Y77.626 I6.702 J.018 E.33315
G3 X116.702 Y84.3 I.342 J6.715 E.35665
G1 X116.702 Y115.021 E1.00868
G1 X103.298 Y115.021 E.4401
G1 X103.298 Y114.689 E.0109
G1 E-1.75
;WIPE_START
G1 X103.298 Y113.689 E-.75
;WIPE_END
G1 X111.798 Y117.463 F18000
G1 E2.5 F6000
G1 X111.759 Y117.407 E.00224
G2 X108.293 Y120.16 I-1.759 J1.344 E.23107
G1 X103.009 Y120.16 E.17348
G1 X103.009 Y115.428 E.15536
G1 X116.991 Y115.428 E.45907
G1 X116.991 Y120.16 E.15536
G1 X111.707 Y120.16 E.17348
G2 X111.894 Y117.605 I-1.707 J-1.409 E.08971
G1 X111.832 Y117.513 E.00364
G1 X112.135 Y117.234 F18000
G1 F6000
G1 X112.082 Y117.162 E.00296
G2 X107.587 Y119.753 I-2.082 J1.583 E.24791
G1 X103.416 Y119.753 E.13695
G1 X103.416 Y115.835 E.12863
G1 X116.584 Y115.835 E.43233
G1 X116.584 Y119.753 E.12863
G1 X112.413 Y119.753 E.13695
G2 X112.24 Y117.396 I-2.413 J-1.008 E.08051
G1 X112.168 Y117.285 E.00436
G1 X112.472 Y117.006 F18000
G1 F6000
G1 X112.408 Y116.914 E.00369
G2 X112.197 Y116.663 I-2.437 J1.836 E.01076
G1 X111.753 Y116.242 E.02008
G1 X116.177 Y116.242 E.14525
G1 X116.177 Y119.346 E.10189
G1 X112.963 Y119.346 E.1055
G2 X112.591 Y117.185 I-2.992 J-.596 E.07363
G1 X112.505 Y117.056 E.00509
G1 E-1.75
;WIPE_START
G1 X112.408 Y116.914 E-.12929
G1 X112.197 Y116.663 E-.2457
G1 X111.834 Y116.319 E-.37501
;WIPE_END
G1 X108.247 Y116.242 F18000
G1 E2.5 F6000
G1 X107.803 Y116.663 E.02008
G2 X107.037 Y119.346 I2.226 J2.087 E.09514
G1 X103.823 Y119.346 E.1055
G1 X103.823 Y116.242 E.10189
G1 X108.187 Y116.242 E.14328
G1 E-1.75
;WIPE_START
G1 X107.803 Y116.663 E-.42716
G1 X107.591 Y116.913 E-.24576
G1 X107.533 Y116.998 E-.07708
;WIPE_END
G1 X111.131 Y117.915 F18000
G1 E2.5 F6000
M204 P1000
;TYPE:Outer wall
;WIDTH:0.42
G1 F3600
G1 X111.206 Y118.018 E.00387
G3 X109.772 Y117.352 I-1.207 J.722 E.21765
G1 X109.924 Y117.336 E.00464
G3 X111.023 Y117.775 I.076 J1.404 E.03716
G1 X111.095 Y117.868 E.00357
G1 E-1.75 F6000
;WIPE_START
G1 F3600
G1 X111.206 Y118.018 E-.14046
G1 X111.28 Y118.152 E-.11447
G1 X111.377 Y118.441 E-.22874
G1 X111.41 Y118.744 E-.22875
G1 X111.405 Y118.794 E-.03759
;WIPE_END
G1 X111.392 Y120.219 F18000
G1 E2.5 F6000
M204 P2000
;TYPE:Gap infill
;WIDTH:0.108827
G1 X111.321 Y120.302 E.00058
G3 X111.236 Y120.345 I-.083 J-.059 E.00053
G1 X110.591 Y120.513 F18000
;WIDTH:0.475997
G1 F6000
G3 X109.409 Y120.513 I-.591 J-4.055 E.04144
G1 X108.764 Y120.345 F18000
;WIDTH:0.109638
G1 F6000
G3 X108.608 Y120.219 I.054 J-.227 E.00112
G1 E-2.29257
;WIPE_START
G1 X108.698 Y120.323 E-.13782
G1 X108.764 Y120.345 E-.06961
;WIPE_END
G1 X103.115 Y124.97 F18000
G1 E2.5 F6000
;WIDTH:0.360154
G1 X103.026 Y124.486 E.0126
;WIDTH:0.4053
G3 X103.003 Y124.274 I2.009 J-.319 E.00623
;WIDTH:0.431455
G1 X103 Y120.364 E.12254
G1 X105.375 Y117.794 F18000
;TYPE:Internal solid infill
;WIDTH:0.476736
G1 F6000
G1 X105.481 Y117.794 E.0037
G1 X106.059 Y117.389 F18000
;WIDTH:0.419999
G1 F6000
G1 X104.97 Y117.389 E.03315
G1 X104.97 Y118.2 E.02466
G1 X105.868 Y118.2 E.02731
G1 X106.04 Y117.446 E.02353
G1 X106.64 Y117.012 F18000
G1 F6000
G1 X104.592 Y117.012 E.06228
G1 X104.592 Y118.577 E.0476
G1 X106.224 Y118.577 E.04962
G1 X106.237 Y118.273 E.00923
G1 X106.387 Y117.591 E.02124
G1 X106.616 Y117.067 E.01742
G1 X107.337 Y116.635 F18000
G1 F6000
G1 X104.215 Y116.635 E.09494
G1 X104.215 Y118.954 E.07054
G1 X106.602 Y118.954 E.0726
G1 X106.6 Y118.396 E.01697
G1 X106.755 Y117.672 E.0225
G1 X107.061 Y117 E.02248
G1 X107.301 Y116.682 E.01209
G1 X108.462 Y116.353 F18000
;TYPE:Gap infill
;WIDTH:0.142828
G1 F6000
G1 X108.652 Y116.208 E.00193
;WIDTH:0.156687
G1 X108.779 Y116.122 E.0014
;WIDTH:0.1829
G1 X108.901 Y116.039 E.00167
G1 X109.065 Y116.062 F18000
;WIDTH:0.119088
G1 F6000
G2 X108.654 Y116.137 I1.175 J7.554 E.00256
G1 X111.345 Y116.137 F18000
;WIDTH:0.12981
G1 F6000
G2 X110.935 Y116.062 I-1.586 J7.479 E.00292
G1 X111.099 Y116.039 F18000
;WIDTH:0.170042
G1 F6000
G1 X111.221 Y116.122 E.00151
;WIDTH:0.15718
G1 X111.343 Y116.205 E.00136
;WIDTH:0.12041
G1 X111.538 Y116.353 E.00153
G1 X112.663 Y116.635 F18000
;TYPE:Internal solid infill
;WIDTH:0.419999
G1 F6000
G1 X112.939 Y117 E.01392
G1 X113.232 Y117.634 E.02124
G1 X113.395 Y118.354 E.02247
G1 X113.398 Y118.954 E.01823
G1 X115.785 Y118.954 E.0726
G1 X115.785 Y116.635 E.07054
G1 X112.723 Y116.635 E.09311
G1 X113.36 Y117.012 F18000
G1 F6000
G1 X113.574 Y117.475 E.01554
G3 X113.777 Y118.397 I-7.938 J2.227 E.02871
G1 X113.776 Y118.577 E.00547
G1 X115.408 Y118.577 E.04962
G1 X115.408 Y117.012 E.0476
G1 X113.42 Y117.012 E.06046
G1 X113.941 Y117.389 F18000
G1 F6000
G3 X114.141 Y118.2 I-84.32 J21.252 E.0254
G1 X115.03 Y118.2 E.02706
G1 X115.03 Y117.389 E.02466
G1 X114.001 Y117.389 E.03132
G1 X114.459 Y117.794 F18000
;WIDTH:0.476736
G1 F6000
G1 X114.565 Y117.794 E.0037
G1 X117 Y120.364 F18000
;TYPE:Gap infill
;WIDTH:0.431174
G1 F6000
G1 X117 Y124.143 E.11835
G3 X116.988 Y124.379 I-2.261 J.006 E.00741
;WIDTH:0.394222
G1 X116.974 Y124.486 E.00304
;WIDTH:0.380205
G1 X116.885 Y124.97 E.01339
G1 X117.05 Y115.225 F18000
;WIDTH:0.330912
G1 F6000
G1 X117.05 Y84.345 E.71728
G1 X117.009 Y83.557 E.01833
G1 X116.886 Y82.811 E.01755
G1 X116.678 Y82.061 E.01809
G1 X116.398 Y81.359 E.01755
G1 X116.041 Y80.684 E.01773
G1 X115.612 Y80.053 E.01773
G1 X115.123 Y79.477 E.01755
G1 X114.564 Y78.946 E.01791
G1 X113.956 Y78.484 E.01773
G1 X113.309 Y78.094 E.01755
G1 X112.609 Y77.77 E.01791
G1 X111.886 Y77.526 E.01773
G1 X111.148 Y77.364 E.01755
G1 X110.374 Y77.279 E.01809
G1 X109.618 Y77.28 E.01755
G1 X108.867 Y77.361 E.01755
G1 X108.107 Y77.529 E.01809
G1 X107.391 Y77.77 E.01755
G1 X106.698 Y78.09 E.01773
G1 X106.044 Y78.484 E.01773
G1 X105.442 Y78.941 E.01755
G1 X104.877 Y79.477 E.01809
G1 X104.388 Y80.053 E.01755
G1 X103.959 Y80.685 E.01773
G1 X103.599 Y81.366 E.01791
G1 X103.319 Y82.068 E.01755
G1 X103.115 Y82.804 E.01773
G1 X102.991 Y83.557 E.01773
G1 X102.95 Y84.345 E.01833
G1 X102.95 Y115.225 E.71728
; stop printing object LEG id:18398695746277035084 copy 0
;LAYER_CHANGE
;Z:8.44
;HEIGHT:0.2
G92 E0 ; zero the extruded length again
; BEFORE_LAYER_CHANGE 41 @ 8.44mm
G1 E-1.75 F6000
;WIPE_START
G1 X102.95 Y114.225 E-.75
;WIPE_END
; AFTER_LAYER_CHANGE 41 @ 8.44mm
;_SET_FAN_SPEED_CHANGING_LAYER
; printing object LEG id:18398695746277035084 copy 0
G1 X103.79 Y120.959 Z8.44 F18000
G1 E2.5 F6000
M204 P1000
;TYPE:Outer wall
;WIDTH:0.42
G1 F3600
G1 X103.79 Y125.945 E.15165
G3 X102.21 Y124.164 I.216 J-1.783 E.07918
G1 X102.21 Y84.325 E1.21164
G3 X102.392 Y82.645 I7.815 J-.002 E.0515
G1 X102.618 Y81.832 E.02565
G3 X110.921 Y76.595 I7.368 J2.482 E.32312
G1 X111.26 Y76.632 E.01037
G3 X117.79 Y84.325 I-1.297 J7.719 E.3335
G1 X117.79 Y124.164 E1.21164
G3 X116.21 Y125.945 I-1.818 J-.02 E.07897
G1 X116.21 Y120.959 E.15165
G1 X103.85 Y120.959 E.37591
G1 X103.398 Y120.567 F18000
M204 P1500
;TYPE:Inner wall
;WIDTH:0.45
G1 F6000
G1 X103.398 Y125.442 E.16005
G3 X102.602 Y124.153 I.646 J-1.289 E.05234
G1 X102.602 Y84.335 E1.30736
G3 X110.879 Y76.985 I7.395 J-.008 E.41068
G1 X111.197 Y77.02 E.0105
G3 X117.398 Y84.335 I-1.233 J7.331 E.34224
G1 X117.398 Y124.153 E1.30735
G3 X116.602 Y125.442 I-1.478 J-.023 E.0522
G1 X116.602 Y120.567 E.16005
G1 X110.81 Y120.567 E.19019
G1 X110.76 Y120.388 E.0061
G2 X109.24 Y120.388 I-.76 J-1.634 E.3203
G1 X109.19 Y120.567 E.0061
G1 X103.458 Y120.567 E.18822
G1 E-1.75
;WIPE_START
G1 X103.446 Y121.567 E-.75
;WIPE_END
G1 X103.69 Y114.629 F18000
G1 E2.5 F6000
M204 P1000
;TYPE:Outer wall
;WIDTH:0.42
G1 F3600
G1 X103.69 Y84.311 E.92209
G3 X109.658 Y78.018 I6.31 J.008 E.29082
G3 X116.31 Y84.311 I.321 J6.322 E.31131
G1 X116.31 Y114.629 E.92209
G1 X103.75 Y114.629 E.382
G1 X103.298 Y114.629 F18000
M204 P1500
;TYPE:Inner wall
;WIDTH:0.45
G1 F6000
G1 X103.298 Y84.3 E.9958
G3 X109.637 Y77.626 I6.702 J.018 E.33315
G3 X116.702 Y84.3 I.342 J6.715 E.35665
G1 X116.702 Y115.021 E1.00868
G1 X103.298 Y115.021 E.4401
G1 X103.298 Y114.689 E.0109
G1 E-1.75
;WIPE_START
G1 X103.298 Y113.689 E-.75
;WIPE_END
G1 X111.794 Y117.457 F18000
G1 E2.5 F6000
G1 X111.759 Y117.407 E.00201
G2 X108.293 Y120.16 I-1.759 J1.344 E.23107
G1 X103.009 Y120.16 E.17348
G1 X103.009 Y115.428 E.15536
G1 X116.991 Y115.428 E.45907
G1 X116.991 Y120.16 E.15536
G1 X111.707 Y120.16 E.17348
G2 X111.894 Y117.605 I-1.707 J-1.409 E.08971
G1 X111.828 Y117.507 E.00388
G1 X112.131 Y117.228 F18000
G1 F6000
G1 X112.082 Y117.162 E.00273
G2 X107.587 Y119.753 I-2.082 J1.583 E.2479
G1 X103.416 Y119.753 E.13695
G1 X103.416 Y115.835 E.12863
G1 X116.584 Y115.835 E.43233
G1 X116.584 Y119.753 E.12863
G1 X112.413 Y119.753 E.13695
G2 X112.24 Y117.396 I-2.413 J-1.008 E.08051
G1 X112.164 Y117.279 E.0046
G1 X112.468 Y117 F18000
G1 F6000
G1 X112.408 Y116.914 E.00346
G2 X112.197 Y116.663 I-2.437 J1.836 E.01076
G1 X111.753 Y116.242 E.02008
G1 X116.177 Y116.242 E.14525
G1 X116.177 Y119.346 E.10189
G1 X112.963 Y119.346 E.1055
G2 X112.591 Y117.185 I-2.992 J-.596 E.07363
G1 X112.501 Y117.05 E.00532
G1 E-1.75
;WIPE_START
G1 X112.408 Y116.914 E-.12398
G1 X112.197 Y116.663 E-.24569
G1 X111.829 Y116.314 E-.38033
;WIPE_END
G1 X108.247 Y116.242 F18000
G1 E2.5 F6000
G1 X107.803 Y116.663 E.02008
G2 X107.037 Y119.346 I2.226 J2.087 E.09514
G1 X103.823 Y119.346 E.1055
G1 X103.823 Y116.242 E.10189
G1 X108.187 Y116.242 E.14328
G1 E-1.75
;WIPE_START
G1 X107.803 Y116.663 E-.42716
G1 X107.591 Y116.913 E-.24575
G1 X107.533 Y116.998 E-.07708
;WIPE_END
G1 X111.132 Y117.906 F18000
G1 E2.5 F6000
M204 P1000
;TYPE:Outer wall
;WIDTH:0.42
G1 F3600
G1 X111.277 Y118.153 E.00872
G3 X109.772 Y117.352 I-1.278 J.587 E.21301
G1 X109.924 Y117.336 E.00465
G3 X111.095 Y117.859 I.076 J1.404 E.04052
G1 E-1.75 F6000
;WIPE_START
G1 F3600
G1 X111.277 Y118.153 E-.25968
G1 X111.377 Y118.441 E-.22852
G1 X111.41 Y118.744 E-.22875
G1 X111.406 Y118.788 E-.03306
;WIPE_END
G1 X111.392 Y120.219 F18000
G1 E2.5 F6000
M204 P2000
;TYPE:Gap infill
;WIDTH:0.108826
G1 X111.321 Y120.302 E.00058
G3 X111.236 Y120.345 I-.083 J-.059 E.00053
G1 X110.591 Y120.513 F18000
;WIDTH:0.475997
G1 F6000
G3 X109.409 Y120.513 I-.591 J-4.055 E.04144
G1 X108.764 Y120.345 F18000
;WIDTH:0.109633
G1 F6000
G3 X108.608 Y120.219 I.054 J-.227 E.00112
G1 E-2.29259
;WIPE_START
G1 X108.698 Y120.323 E-.13781
G1 X108.764 Y120.345 E-.0696
;WIPE_END
G1 X103.115 Y124.97 F18000
G1 E2.5 F6000
;WIDTH:0.36015
G1 X103.026 Y124.486 E.0126
;WIDTH:0.405299
G3 X103.003 Y124.274 I2.009 J-.319 E.00623
;WIDTH:0.431455
G1 X103 Y120.364 E.12254
G1 X105.375 Y117.794 F18000
;TYPE:Internal solid infill
;WIDTH:0.476736
G1 F6000
G1 X105.481 Y117.794 E.0037
G1 X106.059 Y117.389 F18000
;WIDTH:0.419999
G1 F6000
G1 X104.97 Y117.389 E.03315
G1 X104.97 Y118.2 E.02466
G1 X105.868 Y118.2 E.02731
G1 X106.04 Y117.446 E.02353
G1 X106.64 Y117.012 F18000
G1 F6000
G1 X104.592 Y117.012 E.06228
G1 X104.592 Y118.577 E.0476
G1 X106.224 Y118.577 E.04962
G1 X106.237 Y118.273 E.00923
G1 X106.387 Y117.591 E.02124
G1 X106.616 Y117.067 E.01742
G1 X107.337 Y116.635 F18000
G1 F6000
G1 X104.215 Y116.635 E.09494
G1 X104.215 Y118.954 E.07054
G1 X106.602 Y118.954 E.0726
G1 X106.6 Y118.396 E.01697
G1 X106.755 Y117.672 E.0225
G1 X107.061 Y117 E.02248
G1 X107.301 Y116.682 E.01209
G1 X108.462 Y116.353 F18000
;TYPE:Gap infill
;WIDTH:0.142824
G1 F6000
G1 X108.652 Y116.208 E.00193
;WIDTH:0.156683
G1 X108.779 Y116.122 E.0014
;WIDTH:0.182898
G1 X108.901 Y116.039 E.00167
G1 X109.065 Y116.062 F18000
;WIDTH:0.119085
G1 F6000
G2 X108.655 Y116.137 I1.176 J7.56 E.00256
G1 X111.346 Y116.137 F18000
;WIDTH:0.129795
G1 F6000
G2 X110.935 Y116.062 I-1.585 J7.478 E.00292
G1 X111.099 Y116.039 F18000
;WIDTH:0.170042
G1 F6000
G1 X111.221 Y116.122 E.00151
;WIDTH:0.157179
G1 X111.343 Y116.205 E.00136
;WIDTH:0.120407
G1 X111.538 Y116.353 E.00153
G1 X112.663 Y116.635 F18000
;TYPE:Internal solid infill
;WIDTH:0.419999
G1 F6000
G1 X112.939 Y117 E.01392
G1 X113.232 Y117.634 E.02124
G1 X113.395 Y118.354 E.02247
G1 X113.398 Y118.954 E.01823
G1 X115.785 Y118.954 E.0726
G1 X115.785 Y116.635 E.07054
G1 X112.723 Y116.635 E.09311
G1 X113.36 Y117.012 F18000
G1 F6000
G1 X113.574 Y117.475 E.01554
G3 X113.777 Y118.397 I-7.939 J2.227 E.02871
G1 X113.776 Y118.577 E.00547
G1 X115.408 Y118.577 E.04962
G1 X115.408 Y117.012 E.0476
G1 X113.42 Y117.012 E.06046
G1 X113.941 Y117.389 F18000
G1 F6000
G3 X114.141 Y118.2 I-84.868 J21.388 E.0254
G1 X115.03 Y118.2 E.02706
G1 X115.03 Y117.389 E.02466
G1 X114.001 Y117.389 E.03132
G1 X114.459 Y117.794 F18000
;WIDTH:0.476736
G1 F6000
G1 X114.565 Y117.794 E.0037
G1 X117 Y120.364 F18000
;TYPE:Gap infill
;WIDTH:0.431174
G1 F6000
G1 X117 Y124.143 E.11835
G3 X116.988 Y124.379 I-2.261 J.006 E.00741
;WIDTH:0.394222
G1 X116.974 Y124.486 E.00304
;WIDTH:0.380205
G1 X116.885 Y124.97 E.01339
G1 X117.05 Y115.225 F18000
;WIDTH:0.330912
G1 F6000
G1 X117.05 Y84.345 E.71728
G1 X117.009 Y83.557 E.01833
G1 X116.886 Y82.811 E.01755
G1 X116.678 Y82.061 E.01809
G1 X116.398 Y81.359 E.01755
G1 X116.041 Y80.685 E.01773
G1 X115.607 Y80.047 E.01791
G1 X115.118 Y79.471 E.01755
G1 X114.564 Y78.946 E.01773
G1 X113.956 Y78.484 E.01773
G1 X113.309 Y78.094 E.01755
G1 X112.609 Y77.77 E.01791
G1 X111.886 Y77.526 E.01773
G1 X111.148 Y77.364 E.01755
G1 X110.374 Y77.279 E.01809
G1 X109.618 Y77.28 E.01755
G1 X108.867 Y77.361 E.01755
G1 X108.107 Y77.529 E.01809
G1 X107.391 Y77.77 E.01755
G1 X106.698 Y78.09 E.01773
G1 X106.044 Y78.484 E.01773
G1 X105.442 Y78.941 E.01755
G1 X104.877 Y79.477 E.01809
G1 X104.388 Y80.053 E.01755
G1 X103.959 Y80.685 E.01773
G1 X103.599 Y81.366 E.01791
G1 X103.319 Y82.068 E.01755
G1 X103.115 Y82.804 E.01773
G1 X102.991 Y83.557 E.01773
G1 X102.95 Y84.345 E.01833
G1 X102.95 Y115.225 E.71728
; stop printing object LEG id:18398695746277035084 copy 0
;LAYER_CHANGE
;Z:8.64
;HEIGHT:0.200001
G92 E0 ; zero the extruded length again
; BEFORE_LAYER_CHANGE 42 @ 8.64mm
G1 E-1.75 F6000
;WIPE_START
G1 X102.95 Y114.225 E-.75
;WIPE_END
; AFTER_LAYER_CHANGE 42 @ 8.64mm
;_SET_FAN_SPEED_CHANGING_LAYER
; printing object LEG id:18398695746277035084 copy 0
G1 X103.79 Y120.959 Z8.64 F18000
G1 E2.5 F6000
M204 P1000
;TYPE:Outer wall
;WIDTH:0.42
G1 F3600
G1 X103.79 Y125.945 E.15165
G3 X102.21 Y124.164 I.238 J-1.802 E.07897
G1 X102.21 Y84.325 E1.21164
G3 X110.913 Y76.594 I7.782 J-.003 E.39995
G1 X111.26 Y76.632 E.01063
G3 X117.79 Y84.325 I-1.297 J7.719 E.3335
G1 X117.79 Y124.164 E1.21164
G3 X116.21 Y125.945 I-1.818 J-.02 E.07897
G1 X116.21 Y120.959 E.15165
G1 X103.85 Y120.959 E.37591
G1 X103.398 Y120.567 F18000
M204 P1500
;TYPE:Inner wall
;WIDTH:0.45
G1 F6000
G1 X103.398 Y125.442 E.16005
G3 X102.602 Y124.153 I.682 J-1.311 E.0522
G1 X102.602 Y84.335 E1.30736
G3 X110.87 Y76.984 I7.395 J-.008 E.41041
G1 X111.197 Y77.02 E.01078
G3 X117.398 Y84.335 I-1.233 J7.331 E.34224
G1 X117.398 Y124.153 E1.30735
G3 X116.602 Y125.442 I-1.478 J-.023 E.0522
G1 X116.602 Y120.567 E.16005
G1 X110.81 Y120.567 E.19019
G1 X110.76 Y120.388 E.0061
G2 X108.988 Y120.237 I-.752 J-1.638 E.31082
G1 X109.24 Y120.388 E.00965
G1 X109.19 Y120.567 E.0061
G1 X103.458 Y120.567 E.18822
G1 E-1.75
;WIPE_START
G1 X103.446 Y121.567 E-.75
;WIPE_END
G1 X103.69 Y114.629 F18000
G1 E2.5 F6000
M204 P1000
;TYPE:Outer wall
;WIDTH:0.42
G1 F3600
G1 X103.69 Y84.311 E.92209
G3 X109.658 Y78.018 I6.31 J.008 E.29082
G3 X116.31 Y84.311 I.321 J6.322 E.31131
G1 X116.31 Y114.629 E.92209
G1 X103.75 Y114.629 E.382
G1 X103.298 Y114.629 F18000
M204 P1500
;TYPE:Inner wall
;WIDTH:0.45
G1 F6000
G1 X103.298 Y84.3 E.9958
G3 X109.637 Y77.626 I6.702 J.018 E.33315
G3 X116.702 Y84.3 I.342 J6.715 E.35665
G1 X116.702 Y115.021 E1.00868
G1 X103.298 Y115.021 E.4401
G1 X103.298 Y114.689 E.0109
G1 E-1.75
;WIPE_START
G1 X103.298 Y113.689 E-.75
;WIPE_END
G1 X111.796 Y117.459 F18000
G1 E2.5 F6000
G1 X111.759 Y117.407 E.0021
G2 X108.293 Y120.16 I-1.759 J1.344 E.23111
G1 X103.009 Y120.16 E.17348
G1 X103.009 Y115.428 E.15536
G1 X116.991 Y115.428 E.45907
G1 X116.991 Y120.16 E.15536
G1 X111.707 Y120.16 E.17348
G2 X111.894 Y117.604 I-1.707 J-1.41 E.08972
G1 X111.83 Y117.509 E.00379
G1 X112.133 Y117.231 F18000
G1 F6000
G1 X112.082 Y117.162 E.00282
G2 X107.587 Y119.753 I-2.082 J1.583 E.2479
G1 X103.416 Y119.753 E.13695
G1 X103.416 Y115.835 E.12863
G1 X116.584 Y115.835 E.43233
G1 X116.584 Y119.753 E.12863
G1 X112.413 Y119.753 E.13695
G2 X112.24 Y117.396 I-2.413 J-1.008 E.08051
G1 X112.166 Y117.281 E.00451
G1 X112.47 Y117.002 F18000
G1 F6000
G1 X112.408 Y116.914 E.00355
G2 X112.197 Y116.663 I-2.437 J1.836 E.01076
G1 X111.753 Y116.242 E.02008
G1 X116.177 Y116.242 E.14525
G1 X116.177 Y119.346 E.10189
G1 X112.963 Y119.346 E.1055
G2 X112.591 Y117.185 I-2.992 J-.596 E.07363
G1 X112.503 Y117.052 E.00523
G1 E-1.75
;WIPE_START
G1 X112.408 Y116.914 E-.12604
G1 X112.197 Y116.663 E-.24567
G1 X111.831 Y116.316 E-.37829
;WIPE_END
G1 X108.247 Y116.242 F18000
G1 E2.5 F6000
G1 X107.803 Y116.663 E.02008
G2 X107.037 Y119.346 I2.226 J2.087 E.09514
G1 X103.823 Y119.346 E.1055
G1 X103.823 Y116.242 E.10189
G1 X108.187 Y116.242 E.14328
G1 E-1.75
;WIPE_START
G1 X107.803 Y116.663 E-.42717
G1 X107.591 Y116.913 E-.24574
G1 X107.533 Y116.998 E-.07709
;WIPE_END
G1 X111.133 Y117.908 F18000
G1 E2.5 F6000
M204 P1000
;TYPE:Outer wall
;WIDTH:0.42
G1 F3600
G1 X111.279 Y118.152 E.00865
G3 X109.772 Y117.352 I-1.28 J.591 E.21358
G1 X109.924 Y117.336 E.00465
G3 X111.098 Y117.86 I.076 J1.407 E.04062
G1 E-1.75 F6000
;WIPE_START
G1 F3600
G1 X111.279 Y118.152 E-.2579
G1 X111.377 Y118.441 E-.22868
G1 X111.41 Y118.744 E-.22874
G1 X111.405 Y118.79 E-.03468
;WIPE_END
G1 X111.392 Y120.219 F18000
G1 E2.5 F6000
M204 P2000
;TYPE:Gap infill
;WIDTH:0.108824
G1 X111.321 Y120.302 E.00058
G3 X111.236 Y120.345 I-.083 J-.059 E.00053
G1 X110.591 Y120.513 F18000
;WIDTH:0.475997
G1 F6000
G3 X109.409 Y120.513 I-.591 J-4.055 E.04144
G1 X108.764 Y120.345 F18000
;WIDTH:0.109638
G1 F6000
G3 X108.608 Y120.219 I.054 J-.227 E.00112
G1 E-2.29257
;WIPE_START
G1 X108.698 Y120.323 E-.13782
G1 X108.764 Y120.345 E-.0696
;WIPE_END
G1 X103.115 Y124.97 F18000
G1 E2.5 F6000
;WIDTH:0.360149
G1 X103.026 Y124.486 E.0126
;WIDTH:0.405298
G3 X103.003 Y124.274 I2.01 J-.319 E.00623
;WIDTH:0.431455
G1 X103 Y120.364 E.12254
G1 X105.375 Y117.794 F18000
;TYPE:Internal solid infill
;WIDTH:0.476736
G1 F6000
G1 X105.481 Y117.794 E.0037
G1 X106.059 Y117.389 F18000
;WIDTH:0.419999
G1 F6000
G1 X104.97 Y117.389 E.03315
G1 X104.97 Y118.2 E.02466
G1 X105.868 Y118.2 E.02731
G1 X106.04 Y117.446 E.02353
G1 X106.64 Y117.012 F18000
G1 F6000
G1 X104.592 Y117.012 E.06228
G1 X104.592 Y118.577 E.0476
G1 X106.224 Y118.577 E.04962
G1 X106.237 Y118.273 E.00923
G1 X106.387 Y117.591 E.02124
G1 X106.616 Y117.067 E.01742
G1 X107.337 Y116.635 F18000
G1 F6000
G1 X104.215 Y116.635 E.09494
G1 X104.215 Y118.954 E.07054
G1 X106.602 Y118.954 E.0726
G1 X106.6 Y118.396 E.01698
G1 X106.755 Y117.672 E.0225
G1 X107.061 Y117 E.02248
G1 X107.301 Y116.682 E.01209
G1 X108.462 Y116.353 F18000
;TYPE:Gap infill
;WIDTH:0.142831
G1 F6000
G1 X108.652 Y116.208 E.00193
;WIDTH:0.15669
G1 X108.779 Y116.122 E.0014
;WIDTH:0.182903
G1 X108.901 Y116.039 E.00167
G1 X109.065 Y116.062 F18000
;WIDTH:0.119088
G1 F6000
G2 X108.654 Y116.137 I1.175 J7.552 E.00256
G1 X111.345 Y116.137 F18000
;WIDTH:0.129808
G1 F6000
G2 X110.935 Y116.062 I-1.589 J7.5 E.00292
G1 X111.099 Y116.039 F18000
;WIDTH:0.170045
G1 F6000
G1 X111.221 Y116.122 E.00151
;WIDTH:0.157185
G1 X111.343 Y116.205 E.00136
;WIDTH:0.120411
G1 X111.538 Y116.353 E.00153
G1 X112.663 Y116.635 F18000
;TYPE:Internal solid infill
;WIDTH:0.419999
G1 F6000
G1 X112.939 Y117 E.01392
G1 X113.232 Y117.634 E.02124
G1 X113.395 Y118.354 E.02247
G1 X113.398 Y118.954 E.01823
G1 X115.785 Y118.954 E.0726
G1 X115.785 Y116.635 E.07054
G1 X112.723 Y116.635 E.09311
G1 X113.36 Y117.012 F18000
G1 F6000
G1 X113.574 Y117.475 E.01554
G3 X113.777 Y118.397 I-7.938 J2.227 E.02871
G1 X113.776 Y118.577 E.00547
G1 X115.408 Y118.577 E.04962
G1 X115.408 Y117.012 E.0476
G1 X113.42 Y117.012 E.06046
G1 X113.941 Y117.389 F18000
G1 F6000
G3 X114.141 Y118.2 I-84.623 J21.327 E.0254
G1 X115.03 Y118.2 E.02706
G1 X115.03 Y117.389 E.02466
G1 X114.001 Y117.389 E.03132
G1 X114.459 Y117.794 F18000
;WIDTH:0.476736
G1 F6000
G1 X114.565 Y117.794 E.0037
G1 X117 Y120.364 F18000
;TYPE:Gap infill
;WIDTH:0.431174
G1 F6000
G1 X117 Y124.143 E.11835
G3 X116.988 Y124.379 I-2.261 J.006 E.00741
;WIDTH:0.394222
G1 X116.974 Y124.486 E.00304
;WIDTH:0.380207
G1 X116.885 Y124.97 E.01339
G1 X117.05 Y115.225 F18000
;WIDTH:0.330912
G1 F6000
G1 X117.05 Y84.345 E.71728
G1 X117.009 Y83.557 E.01833
G1 X116.886 Y82.811 E.01755
G1 X116.678 Y82.061 E.01809
G1 X116.398 Y81.359 E.01755
G1 X116.041 Y80.684 E.01773
G1 X115.612 Y80.053 E.01773
G1 X115.123 Y79.477 E.01755
G1 X114.564 Y78.946 E.01791
G1 X113.956 Y78.484 E.01773
G1 X113.309 Y78.094 E.01755
G1 X112.609 Y77.77 E.01791
G1 X111.886 Y77.526 E.01773
G1 X111.148 Y77.364 E.01755
G1 X110.374 Y77.279 E.01809
G1 X109.618 Y77.28 E.01755
G1 X108.867 Y77.361 E.01755
G1 X108.107 Y77.529 E.01809
G1 X107.391 Y77.77 E.01755
G1 X106.698 Y78.09 E.01773
G1 X106.044 Y78.484 E.01773
G1 X105.442 Y78.941 E.01755
G1 X104.877 Y79.477 E.01809
G1 X104.388 Y80.053 E.01755
G1 X103.959 Y80.685 E.01773
G1 X103.599 Y81.366 E.01791
G1 X103.319 Y82.068 E.01755
G1 X103.115 Y82.804 E.01773
G1 X102.991 Y83.557 E.01773
G1 X102.95 Y84.345 E.01833
G1 X102.95 Y115.225 E.71728
; stop printing object LEG id:18398695746277035084 copy 0
;LAYER_CHANGE
;Z:8.84
;HEIGHT:0.2
G92 E0 ; zero the extruded length again
; BEFORE_LAYER_CHANGE 43 @ 8.84mm
G1 E-1.75 F6000
;WIPE_START
G1 X102.95 Y114.225 E-.75
;WIPE_END
; AFTER_LAYER_CHANGE 43 @ 8.84mm
;_SET_FAN_SPEED_CHANGING_LAYER
; printing object LEG id:18398695746277035084 copy 0
G1 X103.79 Y120.959 Z8.84 F18000
G1 E2.5 F6000
M204 P1000
;TYPE:Outer wall
;WIDTH:0.42
G1 F3600
G1 X103.79 Y125.945 E.15165
G3 X102.21 Y124.164 I.238 J-1.802 E.07897
G1 X102.21 Y84.325 E1.21164
G3 X110.904 Y76.593 I7.782 J-.003 E.39969
G1 X111.26 Y76.632 E.01089
G3 X117.79 Y84.325 I-1.297 J7.719 E.3335
G1 X117.79 Y124.164 E1.21164
G3 X116.21 Y125.945 I-1.818 J-.02 E.07897
G1 X116.21 Y120.959 E.15165
G1 X103.85 Y120.959 E.37591
G1 X103.398 Y120.567 F18000
M204 P1500
;TYPE:Inner wall
;WIDTH:0.45
G1 F6000
G1 X103.398 Y125.442 E.16005
G3 X102.602 Y124.153 I.682 J-1.311 E.0522
G1 X102.602 Y84.335 E1.30736
G3 X110.862 Y76.983 I7.395 J-.008 E.41013
G1 X111.197 Y77.02 E.01105
G3 X117.398 Y84.335 I-1.233 J7.331 E.34224
G1 X117.398 Y124.153 E1.30735
G3 X116.602 Y125.442 I-1.478 J-.023 E.0522
G1 X116.602 Y120.567 E.16005
G1 X110.81 Y120.567 E.19019
G1 X110.76 Y120.388 E.0061
G2 X108.988 Y120.237 I-.752 J-1.638 E.31082
G1 X109.24 Y120.388 E.00966
G1 X109.19 Y120.567 E.0061
G1 X103.458 Y120.567 E.18822
G1 E-1.75
;WIPE_START
G1 X103.446 Y121.567 E-.75
;WIPE_END
G1 X103.69 Y114.629 F18000
G1 E2.5 F6000
M204 P1000
;TYPE:Outer wall
;WIDTH:0.42
G1 F3600
G1 X103.69 Y84.311 E.92209
G3 X109.658 Y78.018 I6.31 J.008 E.29082
G3 X116.31 Y84.311 I.321 J6.322 E.31131
G1 X116.31 Y114.629 E.92209
G1 X103.75 Y114.629 E.382
G1 X103.298 Y114.629 F18000
M204 P1500
;TYPE:Inner wall
;WIDTH:0.45
G1 F6000
G1 X103.298 Y84.3 E.9958
G3 X109.637 Y77.626 I6.702 J.018 E.33315
G3 X116.702 Y84.3 I.342 J6.715 E.35665
G1 X116.702 Y115.021 E1.00868
G1 X103.298 Y115.021 E.4401
G1 X103.298 Y114.689 E.0109
G1 E-1.75
;WIPE_START
G1 X103.298 Y113.689 E-.75
;WIPE_END
G1 X111.798 Y117.462 F18000
G1 E2.5 F6000
G1 X111.762 Y117.404 E.00222
G2 X108.049 Y119.777 I-1.756 J1.343 E.21582
G2 X108.293 Y120.16 I1.884 J-.93 E.01495
G1 X103.009 Y120.16 E.17348
G1 X103.009 Y115.428 E.15536
G1 X116.991 Y115.428 E.45907
G1 X116.991 Y120.16 E.15536
G1 X111.707 Y120.16 E.17348
G2 X111.897 Y117.603 I-1.701 J-1.412 E.08982
G1 X111.833 Y117.511 E.00368
G1 X112.135 Y117.234 F18000
G1 F6000
G1 X112.082 Y117.162 E.00294
G2 X107.587 Y119.753 I-2.082 J1.583 E.24791
G1 X103.416 Y119.753 E.13695
G1 X103.416 Y115.835 E.12863
G1 X116.584 Y115.835 E.43233
G1 X116.584 Y119.753 E.12863
G1 X112.413 Y119.753 E.13695
G2 X112.24 Y117.396 I-2.413 J-1.008 E.08051
G1 X112.168 Y117.284 E.00439
G1 X112.472 Y117.005 F18000
G1 F6000
G1 X112.408 Y116.914 E.00366
G2 X112.197 Y116.663 I-2.437 J1.836 E.01076
G1 X111.753 Y116.242 E.02008
G1 X116.177 Y116.242 E.14525
G1 X116.177 Y119.346 E.10189
G1 X112.963 Y119.346 E.1055
G2 X112.591 Y117.185 I-2.992 J-.596 E.07363
G1 X112.505 Y117.055 E.00512
G1 E-1.75
;WIPE_START
G1 X112.408 Y116.914 E-.12864
G1 X112.197 Y116.663 E-.24569
G1 X111.833 Y116.319 E-.37567
;WIPE_END
G1 X108.247 Y116.242 F18000
G1 E2.5 F6000
G1 X107.803 Y116.663 E.02008
G2 X107.037 Y119.346 I2.226 J2.087 E.09514
G1 X103.823 Y119.346 E.1055
G1 X103.823 Y116.242 E.10189
G1 X108.187 Y116.242 E.14328
G1 E-1.75
;WIPE_START
G1 X107.803 Y116.663 E-.42717
G1 X107.591 Y116.913 E-.24573
G1 X107.533 Y116.998 E-.0771
;WIPE_END
G1 X111.135 Y117.911 F18000
G1 E2.5 F6000
M204 P1000
;TYPE:Outer wall
;WIDTH:0.42
G1 F3600
G1 X111.279 Y118.152 E.00854
G3 X109.772 Y117.352 I-1.28 J.591 E.21358
G1 X109.924 Y117.336 E.00465
G3 X111.1 Y117.863 I.076 J1.407 E.04072
G1 E-1.75 F6000
;WIPE_START
G1 F3600
G1 X111.279 Y118.152 E-.2554
G1 X111.377 Y118.441 E-.22869
G1 X111.41 Y118.744 E-.22874
G1 X111.405 Y118.793 E-.03717
;WIPE_END
G1 X111.392 Y120.219 F18000
G1 E2.5 F6000
M204 P2000
;TYPE:Gap infill
;WIDTH:0.108826
G1 X111.321 Y120.302 E.00058
G3 X111.236 Y120.345 I-.083 J-.059 E.00053
G1 X110.591 Y120.513 F18000
;WIDTH:0.475997
G1 F6000
G3 X109.409 Y120.513 I-.591 J-4.055 E.04144
G1 X108.764 Y120.345 F18000
;WIDTH:0.109637
G1 F6000
G3 X108.608 Y120.219 I.054 J-.227 E.00112
G1 E-2.29259
;WIPE_START
G1 X108.698 Y120.323 E-.13781
G1 X108.764 Y120.345 E-.0696
;WIPE_END
G1 X103.115 Y124.97 F18000
G1 E2.5 F6000
;WIDTH:0.36015
G1 X103.026 Y124.486 E.0126
;WIDTH:0.405299
G3 X103.003 Y124.274 I2.009 J-.319 E.00623
;WIDTH:0.431455
G1 X103 Y120.364 E.12254
G1 X105.375 Y117.794 F18000
;TYPE:Internal solid infill
;WIDTH:0.476736
G1 F6000
G1 X105.481 Y117.794 E.0037
G1 X106.059 Y117.389 F18000
;WIDTH:0.419999
G1 F6000
G1 X104.97 Y117.389 E.03315
G1 X104.97 Y118.2 E.02466
G1 X105.868 Y118.2 E.02731
G1 X106.04 Y117.446 E.02353
G1 X106.64 Y117.012 F18000
G1 F6000
G1 X104.592 Y117.012 E.06228
G1 X104.592 Y118.577 E.0476
G1 X106.224 Y118.577 E.04962
G1 X106.237 Y118.273 E.00923
G1 X106.387 Y117.591 E.02124
G1 X106.616 Y117.067 E.01742
G1 X107.337 Y116.635 F18000
G1 F6000
G1 X104.215 Y116.635 E.09494
G1 X104.215 Y118.954 E.07054
G1 X106.602 Y118.954 E.0726
G1 X106.6 Y118.396 E.01698
G1 X106.755 Y117.672 E.0225
G1 X107.061 Y117 E.02248
G1 X107.301 Y116.682 E.01209
G1 X108.462 Y116.353 F18000
;TYPE:Gap infill
;WIDTH:0.142838
G1 F6000
G1 X108.652 Y116.208 E.00193
;WIDTH:0.156696
G1 X108.779 Y116.122 E.0014
;WIDTH:0.182908
G1 X108.901 Y116.039 E.00167
G1 X109.065 Y116.062 F18000
;WIDTH:0.119088
G1 F6000
G2 X108.655 Y116.137 I1.185 J7.611 E.00256
G1 X111.345 Y116.137 F18000
;WIDTH:0.129797
G1 F6000
G2 X110.935 Y116.062 I-1.586 J7.485 E.00292
G1 X111.099 Y116.039 F18000
;WIDTH:0.17004
G1 F6000
G1 X111.221 Y116.122 E.00151
;WIDTH:0.157177
G1 X111.343 Y116.205 E.00136
;WIDTH:0.120406
G1 X111.538 Y116.353 E.00153
G1 X112.663 Y116.635 F18000
;TYPE:Internal solid infill
;WIDTH:0.419999
G1 F6000
G1 X112.939 Y117 E.01392
G1 X113.232 Y117.634 E.02124
G1 X113.395 Y118.354 E.02247
G1 X113.398 Y118.954 E.01823
G1 X115.785 Y118.954 E.0726
G1 X115.785 Y116.635 E.07054
G1 X112.723 Y116.635 E.09311
G1 X113.36 Y117.012 F18000
G1 F6000
G1 X113.574 Y117.475 E.01554
G3 X113.777 Y118.397 I-7.939 J2.227 E.02871
G1 X113.776 Y118.577 E.00547
G1 X115.408 Y118.577 E.04962
G1 X115.408 Y117.012 E.0476
G1 X113.42 Y117.012 E.06046
G1 X113.941 Y117.389 F18000
G1 F6000
G3 X114.141 Y118.2 I-84.096 J21.196 E.0254
G1 X115.03 Y118.2 E.02706
G1 X115.03 Y117.389 E.02466
G1 X114.001 Y117.389 E.03132
G1 X114.459 Y117.794 F18000
;WIDTH:0.476736
G1 F6000
G1 X114.565 Y117.794 E.0037
G1 X117 Y120.364 F18000
;TYPE:Gap infill
;WIDTH:0.431174
G1 F6000
G1 X117 Y124.143 E.11835
G3 X116.988 Y124.379 I-2.261 J.006 E.00741
;WIDTH:0.394221
G1 X116.974 Y124.486 E.00304
;WIDTH:0.380203
G1 X116.885 Y124.97 E.01339
G1 X117.05 Y115.225 F18000
;WIDTH:0.330912
G1 F6000
G1 X117.05 Y84.345 E.71728
G1 X117.009 Y83.557 E.01833
G1 X116.886 Y82.811 E.01755
G1 X116.678 Y82.061 E.01809
G1 X116.398 Y81.359 E.01755
G1 X116.041 Y80.685 E.01773
G1 X115.607 Y80.047 E.01791
G1 X115.118 Y79.471 E.01755
G1 X114.564 Y78.946 E.01773
G1 X113.956 Y78.484 E.01773
G1 X113.309 Y78.094 E.01755
G1 X112.609 Y77.77 E.01791
G1 X111.886 Y77.526 E.01773
G1 X111.148 Y77.364 E.01755
G1 X110.374 Y77.279 E.01809
G1 X109.618 Y77.28 E.01755
G1 X108.867 Y77.361 E.01755
G1 X108.107 Y77.529 E.01809
G1 X107.391 Y77.77 E.01755
G1 X106.698 Y78.09 E.01773
G1 X106.044 Y78.484 E.01773
G1 X105.442 Y78.941 E.01755
G1 X104.877 Y79.477 E.01809
G1 X104.388 Y80.053 E.01755
G1 X103.959 Y80.685 E.01773
G1 X103.599 Y81.366 E.01791
G1 X103.319 Y82.068 E.01755
G1 X103.115 Y82.804 E.01773
G1 X102.991 Y83.557 E.01773
G1 X102.95 Y84.345 E.01833
G1 X102.95 Y115.225 E.71728
; stop printing object LEG id:18398695746277035084 copy 0
;LAYER_CHANGE
;Z:9.04
;HEIGHT:0.2
G92 E0 ; zero the extruded length again
; BEFORE_LAYER_CHANGE 44 @ 9.04mm
G1 E-1.75 F6000
;WIPE_START
G1 X102.95 Y114.225 E-.75
;WIPE_END
; AFTER_LAYER_CHANGE 44 @ 9.04mm
;_SET_FAN_SPEED_CHANGING_LAYER
; printing object LEG id:18398695746277035084 copy 0
G1 X103.79 Y120.959 Z9.04 F18000
G1 E2.5 F6000
M204 P1000
;TYPE:Outer wall
;WIDTH:0.42
G1 F3600
G1 X103.79 Y125.945 E.15165
G3 X102.21 Y124.164 I.238 J-1.802 E.07897
G1 X102.21 Y84.325 E1.21164
G3 X110.896 Y76.592 I7.782 J-.003 E.39943
G1 X111.26 Y76.632 E.01114
G3 X117.79 Y84.325 I-1.298 J7.719 E.33349
G1 X117.79 Y124.164 E1.21164
G3 X116.21 Y125.945 I-1.818 J-.02 E.07897
G1 X116.21 Y120.959 E.15165
G1 X103.85 Y120.959 E.37591
G1 X103.398 Y120.567 F18000
M204 P1500
;TYPE:Inner wall
;WIDTH:0.45
G1 F6000
G1 X103.398 Y125.442 E.16005
G3 X102.602 Y124.153 I.682 J-1.311 E.0522
G1 X102.602 Y84.335 E1.30736
G3 X110.854 Y76.982 I7.395 J-.008 E.40985
G1 X111.197 Y77.02 E.01133
G3 X117.398 Y84.335 I-1.233 J7.331 E.34224
G1 X117.398 Y124.153 E1.30735
G3 X116.602 Y125.442 I-1.478 J-.023 E.0522
G1 X116.602 Y120.567 E.16005
G1 X110.81 Y120.567 E.19019
G1 X110.76 Y120.388 E.0061
G2 X109.24 Y120.388 I-.76 J-1.638 E.32108
G1 X109.19 Y120.567 E.0061
G1 X103.458 Y120.567 E.18822
G1 E-1.75
;WIPE_START
G1 X103.446 Y121.567 E-.75
;WIPE_END
G1 X103.69 Y114.629 F18000
G1 E2.5 F6000
M204 P1000
;TYPE:Outer wall
;WIDTH:0.42
G1 F3600
G1 X103.69 Y84.311 E.92209
G3 X109.658 Y78.018 I6.31 J.008 E.29082
G3 X116.31 Y84.311 I.321 J6.322 E.31131
G1 X116.31 Y114.629 E.92209
G1 X103.75 Y114.629 E.382
G1 X103.298 Y114.629 F18000
M204 P1500
;TYPE:Inner wall
;WIDTH:0.45
G1 F6000
G1 X103.298 Y84.3 E.9958
G3 X109.637 Y77.626 I6.702 J.018 E.33315
G3 X116.702 Y84.3 I.342 J6.715 E.35665
G1 X116.702 Y115.021 E1.00868
G1 X103.298 Y115.021 E.4401
G1 X103.298 Y114.689 E.0109
G1 E-1.75
;WIPE_START
G1 X103.298 Y113.689 E-.75
;WIPE_END
G1 X111.799 Y117.464 F18000
G1 E2.5 F6000
G1 X111.759 Y117.407 E.00228
G2 X108.293 Y120.16 I-1.759 J1.344 E.23111
G1 X103.009 Y120.16 E.17348
G1 X103.009 Y115.428 E.15536
G1 X116.991 Y115.428 E.45907
G1 X116.991 Y120.16 E.15536
G1 X111.707 Y120.16 E.17348
G2 X111.894 Y117.604 I-1.707 J-1.41 E.08972
G1 X111.833 Y117.513 E.00361
G1 X112.136 Y117.235 F18000
G1 F6000
G1 X112.084 Y117.16 E.003
G2 X107.587 Y119.753 I-2.084 J1.582 E.24816
G1 X103.416 Y119.753 E.13695
G1 X103.416 Y115.835 E.12863
G1 X116.584 Y115.835 E.43233
G1 X116.584 Y119.753 E.12863
G1 X112.413 Y119.753 E.13695
G2 X112.243 Y117.395 I-2.413 J-1.011 E.08054
G1 X112.169 Y117.285 E.00434
G1 X112.473 Y117.007 F18000
G1 F6000
G1 X112.408 Y116.914 E.00372
G2 X112.197 Y116.663 I-2.437 J1.836 E.01076
G1 X111.753 Y116.242 E.02008
G1 X116.177 Y116.242 E.14525
G1 X116.177 Y119.346 E.10189
G1 X112.963 Y119.346 E.1055
G2 X112.591 Y117.185 I-2.992 J-.596 E.07363
G1 X112.506 Y117.057 E.00506
G1 E-1.75
;WIPE_START
G1 X112.408 Y116.914 E-.13004
G1 X112.197 Y116.663 E-.24569
G1 X111.835 Y116.32 E-.37428
;WIPE_END
G1 X108.247 Y116.242 F18000
G1 E2.5 F6000
G1 X107.803 Y116.663 E.02008
G1 X107.697 Y116.788 E.00537
G2 X107.037 Y119.346 I2.312 J1.961 E.08976
G1 X103.823 Y119.346 E.1055
G1 X103.823 Y116.242 E.10189
G1 X108.187 Y116.242 E.14328
G1 E-1.75
;WIPE_START
G1 X107.803 Y116.663 E-.42716
G1 X107.697 Y116.788 E-.12259
G1 X107.539 Y117.003 E-.20025
;WIPE_END
G1 X111.136 Y117.913 F18000
G1 E2.5 F6000
M204 P1000
;TYPE:Outer wall
;WIDTH:0.42
G1 F3600
G1 X111.279 Y118.152 E.00848
G3 X109.772 Y117.352 I-1.28 J.591 E.21358
G1 X109.924 Y117.336 E.00465
G3 X111.101 Y117.864 I.076 J1.407 E.04078
G1 E-1.75 F6000
;WIPE_START
G1 F3600
G1 X111.279 Y118.152 E-.25397
G1 X111.377 Y118.441 E-.22869
G1 X111.41 Y118.744 E-.22874
G1 X111.405 Y118.795 E-.03861
;WIPE_END
G1 X111.392 Y120.219 F18000
G1 E2.5 F6000
M204 P2000
;TYPE:Gap infill
;WIDTH:0.108824
G1 X111.321 Y120.302 E.00058
G3 X111.236 Y120.345 I-.083 J-.059 E.00053
G1 X110.591 Y120.513 F18000
;WIDTH:0.475997
G1 F6000
G3 X109.409 Y120.513 I-.591 J-4.055 E.04144
G1 X108.764 Y120.345 F18000
;WIDTH:0.109637
G1 F6000
G3 X108.608 Y120.219 I.054 J-.227 E.00112
G1 E-2.29258
;WIPE_START
G1 X108.698 Y120.323 E-.13782
G1 X108.764 Y120.345 E-.0696
;WIPE_END
G1 X103.115 Y124.97 F18000
G1 E2.5 F6000
;WIDTH:0.360152
G1 X103.026 Y124.486 E.0126
;WIDTH:0.405297
G3 X103.003 Y124.274 I2.01 J-.319 E.00623
;WIDTH:0.431455
G1 X103 Y120.364 E.12254
G1 X105.375 Y117.794 F18000
;TYPE:Internal solid infill
;WIDTH:0.476736
G1 F6000
G1 X105.481 Y117.794 E.0037
G1 X106.059 Y117.389 F18000
;WIDTH:0.419999
G1 F6000
G1 X104.97 Y117.389 E.03315
G1 X104.97 Y118.2 E.02466
G1 X105.868 Y118.2 E.02731
G1 X106.04 Y117.446 E.02353
G1 X106.64 Y117.012 F18000
G1 F6000
G1 X104.592 Y117.012 E.06228
G1 X104.592 Y118.577 E.0476
G1 X106.224 Y118.577 E.04962
G1 X106.237 Y118.273 E.00923
G1 X106.387 Y117.591 E.02124
G1 X106.616 Y117.067 E.01742
G1 X107.337 Y116.635 F18000
G1 F6000
G1 X104.215 Y116.635 E.09494
G1 X104.215 Y118.954 E.07054
G1 X106.602 Y118.954 E.0726
G1 X106.6 Y118.396 E.01698
G1 X106.755 Y117.672 E.0225
G1 X107.061 Y117 E.02248
G1 X107.301 Y116.682 E.01209
G1 X108.462 Y116.353 F18000
;TYPE:Gap infill
;WIDTH:0.142825
G1 F6000
G1 X108.652 Y116.208 E.00193
;WIDTH:0.156686
G1 X108.779 Y116.122 E.0014
;WIDTH:0.182901
G1 X108.901 Y116.039 E.00167
G1 X109.065 Y116.062 F18000
;WIDTH:0.119085
G1 F6000
G2 X108.655 Y116.137 I1.186 J7.62 E.00256
G1 X111.346 Y116.137 F18000
;WIDTH:0.129804
G1 F6000
G2 X110.935 Y116.062 I-1.586 J7.479 E.00292
G1 X111.099 Y116.039 F18000
;WIDTH:0.170049
G1 F6000
G1 X111.221 Y116.122 E.00151
;WIDTH:0.157188
G1 X111.343 Y116.205 E.00136
;WIDTH:0.120413
G1 X111.538 Y116.353 E.00153
G1 X112.663 Y116.635 F18000
;TYPE:Internal solid infill
;WIDTH:0.419999
G1 F6000
G1 X112.939 Y117 E.01392
G1 X113.232 Y117.634 E.02124
G1 X113.395 Y118.354 E.02247
G1 X113.398 Y118.954 E.01823
G1 X115.785 Y118.954 E.0726
G1 X115.785 Y116.635 E.07054
G1 X112.723 Y116.635 E.09311
G1 X113.36 Y117.012 F18000
G1 F6000
G1 X113.574 Y117.475 E.01554
G3 X113.777 Y118.397 I-7.939 J2.227 E.02871
G1 X113.776 Y118.577 E.00547
G1 X115.408 Y118.577 E.04962
G1 X115.408 Y117.012 E.0476
G1 X113.42 Y117.012 E.06046
G1 X113.941 Y117.389 F18000
G1 F6000
G3 X114.141 Y118.2 I-82.964 J20.914 E.0254
G1 X115.03 Y118.2 E.02706
G1 X115.03 Y117.389 E.02466
G1 X114.001 Y117.389 E.03132
G1 X114.459 Y117.794 F18000
;WIDTH:0.476736
G1 F6000
G1 X114.565 Y117.794 E.0037
G1 X117 Y120.364 F18000
;TYPE:Gap infill
;WIDTH:0.431174
G1 F6000
G1 X117 Y124.143 E.11835
G3 X116.988 Y124.379 I-2.261 J.006 E.00741
;WIDTH:0.394222
G1 X116.974 Y124.486 E.00304
;WIDTH:0.380205
G1 X116.885 Y124.97 E.01339
G1 X117.05 Y115.225 F18000
;WIDTH:0.330912
G1 F6000
G1 X117.05 Y84.345 E.71728
G1 X117.009 Y83.557 E.01833
G1 X116.886 Y82.811 E.01755
G1 X116.678 Y82.061 E.01809
G1 X116.398 Y81.359 E.01755
G1 X116.041 Y80.684 E.01773
G1 X115.612 Y80.053 E.01773
G1 X115.123 Y79.477 E.01755
G1 X114.564 Y78.946 E.01791
G1 X113.956 Y78.484 E.01773
G1 X113.309 Y78.094 E.01755
G1 X112.609 Y77.77 E.01791
G1 X111.886 Y77.526 E.01773
G1 X111.148 Y77.364 E.01755
G1 X110.374 Y77.279 E.01809
G1 X109.618 Y77.28 E.01755
G1 X108.867 Y77.361 E.01755
G1 X108.107 Y77.529 E.01809
G1 X107.391 Y77.77 E.01755
G1 X106.698 Y78.09 E.01773
G1 X106.044 Y78.484 E.01773
G1 X105.442 Y78.941 E.01755
G1 X104.877 Y79.477 E.01809
G1 X104.388 Y80.053 E.01755
G1 X103.959 Y80.685 E.01773
G1 X103.599 Y81.366 E.01791
G1 X103.319 Y82.068 E.01755
G1 X103.115 Y82.804 E.01773
G1 X102.991 Y83.557 E.01773
G1 X102.95 Y84.345 E.01833
G1 X102.95 Y115.225 E.71728
; stop printing object LEG id:18398695746277035084 copy 0
;LAYER_CHANGE
;Z:9.24
;HEIGHT:0.2
G92 E0 ; zero the extruded length again
; BEFORE_LAYER_CHANGE 45 @ 9.24mm
G1 E-1.75 F6000
;WIPE_START
G1 X102.95 Y114.225 E-.75
;WIPE_END
; AFTER_LAYER_CHANGE 45 @ 9.24mm
;_SET_FAN_SPEED_CHANGING_LAYER
; printing object LEG id:18398695746277035084 copy 0
G1 X103.79 Y120.959 Z9.24 F18000
G1 E2.5 F6000
M204 P1000
;TYPE:Outer wall
;WIDTH:0.42
G1 F3600
G1 X103.79 Y125.945 E.15165
G3 X102.21 Y124.164 I.216 J-1.783 E.07918
G1 X102.21 Y84.325 E1.21164
G3 X110.888 Y76.592 I7.782 J-.003 E.39917
G1 X111.26 Y76.632 E.0114
G3 X117.79 Y84.325 I-1.297 J7.719 E.3335
G1 X117.79 Y124.164 E1.21164
G3 X116.21 Y125.945 I-1.818 J-.02 E.07897
G1 X116.21 Y120.959 E.15165
G1 X103.85 Y120.959 E.37591
G1 X103.398 Y120.567 F18000
M204 P1500
;TYPE:Inner wall
;WIDTH:0.45
G1 F6000
G1 X103.398 Y125.442 E.16005
G3 X102.602 Y124.153 I.646 J-1.289 E.05234
G1 X102.602 Y84.335 E1.30736
G3 X110.845 Y76.981 I7.395 J-.008 E.40957
G1 X111.197 Y77.02 E.01161
G3 X117.398 Y84.335 I-1.233 J7.331 E.34224
G1 X117.398 Y124.153 E1.30735
G3 X116.602 Y125.442 I-1.478 J-.023 E.0522
G1 X116.602 Y120.567 E.16005
G1 X110.81 Y120.567 E.19019
G1 X110.76 Y120.388 E.0061
G2 X108.988 Y120.237 I-.752 J-1.638 E.31082
G1 X109.24 Y120.388 E.00966
G1 X109.19 Y120.567 E.0061
G1 X103.458 Y120.567 E.18822
G1 E-1.75
;WIPE_START
G1 X103.446 Y121.567 E-.75
;WIPE_END
G1 X103.69 Y114.629 F18000
G1 E2.5 F6000
M204 P1000
;TYPE:Outer wall
;WIDTH:0.42
G1 F3600
G1 X103.69 Y84.311 E.92209
G3 X109.658 Y78.018 I6.31 J.008 E.29082
G3 X116.31 Y84.311 I.321 J6.322 E.31131
G1 X116.31 Y114.629 E.92209
G1 X103.75 Y114.629 E.382
G1 X103.298 Y114.629 F18000
M204 P1500
;TYPE:Inner wall
;WIDTH:0.45
G1 F6000
G1 X103.298 Y84.3 E.9958
G3 X109.637 Y77.626 I6.702 J.018 E.33315
G3 X116.702 Y84.3 I.342 J6.715 E.35665
G1 X116.702 Y115.021 E1.00868
G1 X103.298 Y115.021 E.4401
G1 X103.298 Y114.689 E.0109
G1 E-1.75
;WIPE_START
G1 X103.298 Y113.689 E-.75
;WIPE_END
G1 X111.8 Y117.466 F18000
G1 E2.5 F6000
G1 X111.759 Y117.407 E.00236
G2 X108.293 Y120.16 I-1.759 J1.344 E.23111
G1 X103.009 Y120.16 E.17348
G1 X103.009 Y115.428 E.15536
G1 X116.991 Y115.428 E.45907
G1 X116.991 Y120.16 E.15536
G1 X111.707 Y120.16 E.17348
G2 X111.894 Y117.604 I-1.707 J-1.41 E.08972
G1 X111.834 Y117.515 E.00353
G1 X112.137 Y117.237 F18000
G1 F6000
G1 X112.082 Y117.162 E.00308
G2 X107.587 Y119.753 I-2.082 J1.583 E.2479
G1 X103.416 Y119.753 E.13695
G1 X103.416 Y115.835 E.12863
G1 X116.584 Y115.835 E.43233
G1 X116.584 Y119.753 E.12863
G1 X112.413 Y119.753 E.13695
G2 X112.24 Y117.396 I-2.413 J-1.008 E.08051
G1 X112.17 Y117.288 E.00425
G1 X112.474 Y117.009 F18000
G1 F6000
G1 X112.408 Y116.914 E.00381
G2 X112.197 Y116.663 I-2.437 J1.836 E.01076
G1 X111.753 Y116.242 E.02008
G1 X116.177 Y116.242 E.14525
G1 X116.177 Y119.346 E.10189
G1 X112.963 Y119.346 E.1055
G2 X112.591 Y117.185 I-2.992 J-.596 E.07363
G1 X112.507 Y117.059 E.00497
G1 E-1.75
;WIPE_START
G1 X112.408 Y116.914 E-.13194
G1 X112.197 Y116.663 E-.24569
G1 X111.837 Y116.322 E-.37237
;WIPE_END
G1 X108.247 Y116.242 F18000
G1 E2.5 F6000
G1 X107.803 Y116.663 E.02008
G2 X107.037 Y119.346 I2.226 J2.087 E.09514
G1 X103.823 Y119.346 E.1055
G1 X103.823 Y116.242 E.10189
G1 X108.187 Y116.242 E.14328
G1 E-1.75
;WIPE_START
G1 X107.803 Y116.663 E-.42718
G1 X107.591 Y116.913 E-.24574
G1 X107.533 Y116.998 E-.07708
;WIPE_END
G1 X111.138 Y117.915 F18000
G1 E2.5 F6000
M204 P1000
;TYPE:Outer wall
;WIDTH:0.42
G1 F3600
G1 X111.277 Y118.153 E.0084
G3 X109.772 Y117.352 I-1.278 J.587 E.21301
G1 X109.924 Y117.336 E.00464
G3 X111.102 Y117.867 I.076 J1.404 E.04084
G1 E-1.75 F6000
;WIPE_START
G1 F3600
G1 X111.277 Y118.153 E-.25189
G1 X111.377 Y118.441 E-.22853
G1 X111.41 Y118.744 E-.22874
G1 X111.405 Y118.798 E-.04084
;WIPE_END
G1 X111.392 Y120.219 F18000
G1 E2.5 F6000
M204 P2000
;TYPE:Gap infill
;WIDTH:0.108827
G1 X111.321 Y120.302 E.00058
G3 X111.236 Y120.345 I-.083 J-.059 E.00053
G1 X110.591 Y120.513 F18000
;WIDTH:0.475998
G1 F6000
G3 X109.409 Y120.513 I-.591 J-4.055 E.04144
G1 X108.764 Y120.345 F18000
;WIDTH:0.109638
G1 F6000
G3 X108.608 Y120.219 I.054 J-.227 E.00112
G1 E-2.29258
;WIPE_START
G1 X108.698 Y120.323 E-.13782
G1 X108.764 Y120.345 E-.0696
;WIPE_END
G1 X103.115 Y124.97 F18000
G1 E2.5 F6000
;WIDTH:0.360154
G1 X103.026 Y124.486 E.0126
;WIDTH:0.405298
G3 X103.003 Y124.274 I2.009 J-.319 E.00623
;WIDTH:0.431455
G1 X103 Y120.364 E.12254
G1 X105.375 Y117.794 F18000
;TYPE:Internal solid infill
;WIDTH:0.476736
G1 F6000
G1 X105.481 Y117.794 E.0037
G1 X106.059 Y117.389 F18000
;WIDTH:0.419999
G1 F6000
G1 X104.97 Y117.389 E.03315
G1 X104.97 Y118.2 E.02466
G1 X105.868 Y118.2 E.02731
G1 X106.04 Y117.446 E.02353
G1 X106.64 Y117.012 F18000
G1 F6000
G1 X104.592 Y117.012 E.06228
G1 X104.592 Y118.577 E.0476
G1 X106.224 Y118.577 E.04962
G1 X106.237 Y118.273 E.00923
G1 X106.387 Y117.591 E.02124
G1 X106.616 Y117.067 E.01742
G1 X107.337 Y116.635 F18000
G1 F6000
G1 X104.215 Y116.635 E.09494
G1 X104.215 Y118.954 E.07054
G1 X106.602 Y118.954 E.0726
G1 X106.6 Y118.396 E.01698
G1 X106.755 Y117.672 E.0225
G1 X107.061 Y117 E.02248
G1 X107.301 Y116.682 E.01209
G1 X108.462 Y116.353 F18000
;TYPE:Gap infill
;WIDTH:0.142832
G1 F6000
G1 X108.652 Y116.208 E.00193
;WIDTH:0.15669
G1 X108.779 Y116.122 E.0014
;WIDTH:0.182901
G1 X108.901 Y116.039 E.00167
G1 X109.065 Y116.062 F18000
;WIDTH:0.119089
G1 F6000
G2 X108.655 Y116.137 I1.177 J7.564 E.00256
G1 X111.346 Y116.137 F18000
;WIDTH:0.129805
G1 F6000
G2 X110.935 Y116.062 I-1.585 J7.478 E.00292
G1 X111.099 Y116.039 F18000
;WIDTH:0.170038
G1 F6000
G1 X111.221 Y116.122 E.00151
;WIDTH:0.157173
G1 X111.343 Y116.205 E.00136
;WIDTH:0.120404
G1 X111.538 Y116.353 E.00153
G1 X112.663 Y116.635 F18000
;TYPE:Internal solid infill
;WIDTH:0.419999
G1 F6000
G1 X112.939 Y117 E.01392
G1 X113.232 Y117.634 E.02124
G1 X113.395 Y118.354 E.02247
G1 X113.398 Y118.954 E.01823
G1 X115.785 Y118.954 E.0726
G1 X115.785 Y116.635 E.07054
G1 X112.723 Y116.635 E.09311
G1 X113.36 Y117.012 F18000
G1 F6000
G1 X113.574 Y117.475 E.01554
G3 X113.777 Y118.397 I-7.938 J2.226 E.02871
G1 X113.776 Y118.577 E.00547
G1 X115.408 Y118.577 E.04962
G1 X115.408 Y117.012 E.0476
G1 X113.42 Y117.012 E.06046
G1 X113.941 Y117.389 F18000
G1 F6000
G3 X114.141 Y118.2 I-84.236 J21.231 E.0254
G1 X115.03 Y118.2 E.02706
G1 X115.03 Y117.389 E.02466
G1 X114.001 Y117.389 E.03132
G1 X114.459 Y117.794 F18000
;WIDTH:0.476736
G1 F6000
G1 X114.565 Y117.794 E.0037
G1 X117 Y120.364 F18000
;TYPE:Gap infill
;WIDTH:0.431174
G1 F6000
G1 X117 Y124.143 E.11835
G3 X116.988 Y124.379 I-2.261 J.006 E.00741
;WIDTH:0.394222
G1 X116.974 Y124.486 E.00304
;WIDTH:0.380205
G1 X116.885 Y124.97 E.01339
G1 X117.05 Y115.225 F18000
;WIDTH:0.330912
G1 F6000
G1 X117.05 Y84.345 E.71728
G1 X117.009 Y83.557 E.01833
G1 X116.886 Y82.811 E.01755
G1 X116.678 Y82.061 E.01809
G1 X116.398 Y81.359 E.01755
G1 X116.041 Y80.685 E.01773
G1 X115.607 Y80.047 E.01791
G1 X115.118 Y79.471 E.01755
G1 X114.564 Y78.946 E.01773
G1 X113.956 Y78.484 E.01773
G1 X113.309 Y78.094 E.01755
G1 X112.609 Y77.77 E.01791
G1 X111.886 Y77.526 E.01773
G1 X111.148 Y77.364 E.01755
G1 X110.374 Y77.279 E.01809
G1 X109.618 Y77.28 E.01755
G1 X108.867 Y77.361 E.01755
G1 X108.107 Y77.529 E.01809
G1 X107.391 Y77.77 E.01755
G1 X106.698 Y78.09 E.01773
G1 X106.044 Y78.484 E.01773
G1 X105.442 Y78.941 E.01755
G1 X104.877 Y79.477 E.01809
G1 X104.388 Y80.053 E.01755
G1 X103.959 Y80.685 E.01773
G1 X103.599 Y81.366 E.01791
G1 X103.319 Y82.068 E.01755
G1 X103.115 Y82.804 E.01773
G1 X102.991 Y83.557 E.01773
G1 X102.95 Y84.345 E.01833
G1 X102.95 Y115.225 E.71728
; stop printing object LEG id:18398695746277035084 copy 0
;LAYER_CHANGE
;Z:9.44
;HEIGHT:0.2
G92 E0 ; zero the extruded length again
; BEFORE_LAYER_CHANGE 46 @ 9.44mm
G1 E-1.75 F6000
;WIPE_START
G1 X102.95 Y114.225 E-.75
;WIPE_END
; AFTER_LAYER_CHANGE 46 @ 9.44mm
;_SET_FAN_SPEED_CHANGING_LAYER
; printing object LEG id:18398695746277035084 copy 0
G1 X103.79 Y120.959 Z9.44 F18000
G1 E2.5 F6000
M204 P1000
;TYPE:Outer wall
;WIDTH:0.42
G1 F3600
G1 X103.79 Y125.945 E.15165
G3 X102.21 Y124.164 I.238 J-1.802 E.07897
G1 X102.21 Y84.325 E1.21164
G3 X110.879 Y76.591 I7.782 J-.003 E.39891
G1 X111.26 Y76.632 E.01166
G3 X117.79 Y84.325 I-1.298 J7.72 E.33349
G1 X117.79 Y124.164 E1.21164
G3 X116.21 Y125.945 I-1.818 J-.02 E.07897
G1 X116.21 Y120.959 E.15165
G1 X103.85 Y120.959 E.37591
G1 X103.398 Y120.567 F18000
M204 P1500
;TYPE:Inner wall
;WIDTH:0.45
G1 F6000
G1 X103.398 Y125.442 E.16005
G3 X102.602 Y124.153 I.682 J-1.311 E.0522
G1 X102.602 Y84.335 E1.30736
G3 X110.837 Y76.98 I7.395 J-.008 E.40929
G1 X111.197 Y77.02 E.01189
G3 X117.398 Y84.335 I-1.234 J7.332 E.34224
G1 X117.398 Y124.153 E1.30735
G3 X116.602 Y125.442 I-1.478 J-.023 E.0522
G1 X116.602 Y120.567 E.16005
G1 X110.81 Y120.567 E.19019
G1 X110.76 Y120.388 E.0061
G2 X108.988 Y120.237 I-.752 J-1.638 E.31082
G1 X109.24 Y120.388 E.00966
G1 X109.19 Y120.567 E.0061
G1 X103.458 Y120.567 E.18822
G1 E-1.75
;WIPE_START
G1 X103.446 Y121.567 E-.75
;WIPE_END
G1 X103.69 Y114.629 F18000
G1 E2.5 F6000
M204 P1000
;TYPE:Outer wall
;WIDTH:0.42
G1 F3600
G1 X103.69 Y84.311 E.92209
G3 X109.658 Y78.018 I6.31 J.008 E.29082
G3 X116.31 Y84.311 I.321 J6.322 E.31131
G1 X116.31 Y114.629 E.92209
G1 X103.75 Y114.629 E.382
G1 X103.298 Y114.629 F18000
M204 P1500
;TYPE:Inner wall
;WIDTH:0.45
G1 F6000
G1 X103.298 Y84.3 E.9958
G3 X109.637 Y77.626 I6.702 J.018 E.33315
G3 X116.702 Y84.3 I.342 J6.715 E.35665
G1 X116.702 Y115.021 E1.00868
G1 X103.298 Y115.021 E.4401
G1 X103.298 Y114.689 E.0109
G1 E-1.75
;WIPE_START
G1 X103.298 Y113.689 E-.75
;WIPE_END
G1 X111.802 Y117.468 F18000
G1 E2.5 F6000
G1 X111.759 Y117.407 E.00244
G2 X108.293 Y120.16 I-1.759 J1.344 E.23111
G1 X103.009 Y120.16 E.17348
G1 X103.009 Y115.428 E.15536
G1 X116.991 Y115.428 E.45907
G1 X116.991 Y120.16 E.15536
G1 X111.707 Y120.16 E.17348
G2 X111.894 Y117.604 I-1.707 J-1.41 E.08972
G1 X111.835 Y117.517 E.00345
G1 X112.139 Y117.239 F18000
G1 F6000
G1 X112.082 Y117.162 E.00316
G2 X107.587 Y119.753 I-2.082 J1.583 E.2479
G1 X103.416 Y119.753 E.13695
G1 X103.416 Y115.835 E.12863
G1 X116.584 Y115.835 E.43233
G1 X116.584 Y119.753 E.12863
G1 X112.413 Y119.753 E.13695
G2 X112.24 Y117.396 I-2.413 J-1.008 E.08051
G1 X112.171 Y117.29 E.00417
G1 X112.476 Y117.011 F18000
G1 F6000
G1 X112.408 Y116.914 E.00388
G2 X112.197 Y116.663 I-2.437 J1.836 E.01076
G1 X111.753 Y116.242 E.02008
G1 X116.177 Y116.242 E.14525
G1 X116.177 Y119.346 E.10189
G1 X112.963 Y119.346 E.1055
G2 X112.591 Y117.185 I-2.992 J-.596 E.07363
G1 X112.509 Y117.061 E.0049
G1 E-1.75
;WIPE_START
G1 X112.408 Y116.914 E-.13373
G1 X112.197 Y116.663 E-.24568
G1 X111.838 Y116.323 E-.37059
;WIPE_END
G1 X108.247 Y116.242 F18000
G1 E2.5 F6000
G1 X107.803 Y116.663 E.02008
G2 X107.037 Y119.346 I2.226 J2.087 E.09514
G1 X103.823 Y119.346 E.1055
G1 X103.823 Y116.242 E.10189
G1 X108.187 Y116.242 E.14328
G1 E-1.75
;WIPE_START
G1 X107.803 Y116.663 E-.42716
G1 X107.591 Y116.913 E-.24577
G1 X107.533 Y116.998 E-.07707
;WIPE_END
G1 X111.139 Y117.917 F18000
G1 E2.5 F6000
M204 P1000
;TYPE:Outer wall
;WIDTH:0.42
G1 F3600
G1 X111.277 Y118.153 E.00833
G3 X109.772 Y117.352 I-1.278 J.587 E.21301
G1 X109.924 Y117.336 E.00465
G3 X111.103 Y117.869 I.076 J1.404 E.04091
G1 E-1.75 F6000
;WIPE_START
G1 F3600
G1 X111.277 Y118.153 E-.25013
G1 X111.377 Y118.441 E-.22853
G1 X111.41 Y118.744 E-.22874
G1 X111.404 Y118.801 E-.0426
;WIPE_END
G1 X111.392 Y120.219 F18000
G1 E2.5 F6000
M204 P2000
;TYPE:Gap infill
;WIDTH:0.108826
G1 X111.321 Y120.302 E.00058
G3 X111.236 Y120.345 I-.083 J-.059 E.00053
G1 X110.591 Y120.513 F18000
;WIDTH:0.475998
G1 F6000
G3 X109.409 Y120.513 I-.591 J-4.055 E.04144
G1 X108.764 Y120.345 F18000
;WIDTH:0.109634
G1 F6000
G3 X108.608 Y120.219 I.054 J-.227 E.00112
G1 E-2.29259
;WIPE_START
G1 X108.698 Y120.323 E-.13781
G1 X108.764 Y120.345 E-.0696
;WIPE_END
G1 X103.115 Y124.97 F18000
G1 E2.5 F6000
;WIDTH:0.36015
G1 X103.026 Y124.486 E.0126
;WIDTH:0.405297
G3 X103.003 Y124.274 I2.01 J-.319 E.00623
;WIDTH:0.431455
G1 X103 Y120.364 E.12254
G1 X105.375 Y117.794 F18000
;TYPE:Internal solid infill
;WIDTH:0.476736
G1 F6000
G1 X105.481 Y117.794 E.0037
G1 X106.059 Y117.389 F18000
;WIDTH:0.419999
G1 F6000
G1 X104.97 Y117.389 E.03315
G1 X104.97 Y118.2 E.02466
G1 X105.868 Y118.2 E.02731
G1 X106.04 Y117.446 E.02353
G1 X106.64 Y117.012 F18000
G1 F6000
G1 X104.592 Y117.012 E.06228
G1 X104.592 Y118.577 E.0476
G1 X106.224 Y118.577 E.04962
G1 X106.237 Y118.273 E.00923
G1 X106.387 Y117.591 E.02124
G1 X106.616 Y117.067 E.01742
G1 X107.337 Y116.635 F18000
G1 F6000
G1 X104.215 Y116.635 E.09494
G1 X104.215 Y118.954 E.07054
G1 X106.602 Y118.954 E.0726
G1 X106.6 Y118.396 E.01697
G1 X106.755 Y117.672 E.0225
G1 X107.061 Y117 E.02248
G1 X107.301 Y116.682 E.01209
G1 X108.462 Y116.353 F18000
;TYPE:Gap infill
;WIDTH:0.142831
G1 F6000
G1 X108.652 Y116.208 E.00193
;WIDTH:0.156689
G1 X108.779 Y116.122 E.0014
;WIDTH:0.182904
G1 X108.901 Y116.039 E.00167
G1 X109.065 Y116.062 F18000
;WIDTH:0.119085
G1 F6000
G2 X108.654 Y116.137 I1.175 J7.555 E.00256
G1 X111.346 Y116.137 F18000
;WIDTH:0.129797
G1 F6000
G2 X110.935 Y116.062 I-1.587 J7.489 E.00292
G1 X111.099 Y116.039 F18000
;WIDTH:0.170049
G1 F6000
G1 X111.221 Y116.122 E.00151
;WIDTH:0.157187
G1 X111.343 Y116.205 E.00136
;WIDTH:0.120412
G1 X111.538 Y116.353 E.00153
G1 X112.663 Y116.635 F18000
;TYPE:Internal solid infill
;WIDTH:0.419999
G1 F6000
G1 X112.939 Y117 E.01392
G1 X113.232 Y117.634 E.02124
G1 X113.395 Y118.354 E.02247
G1 X113.398 Y118.954 E.01823
G1 X115.785 Y118.954 E.0726
G1 X115.785 Y116.635 E.07054
G1 X112.723 Y116.635 E.09311
G1 X113.36 Y117.012 F18000
G1 F6000
G1 X113.574 Y117.475 E.01554
G3 X113.777 Y118.397 I-7.939 J2.227 E.02871
G1 X113.776 Y118.577 E.00547
G1 X115.408 Y118.577 E.04962
G1 X115.408 Y117.012 E.0476
G1 X113.42 Y117.012 E.06046
G1 X113.941 Y117.389 F18000
G1 F6000
G3 X114.141 Y118.2 I-84.821 J21.377 E.0254
G1 X115.03 Y118.2 E.02706
G1 X115.03 Y117.389 E.02466
G1 X114.001 Y117.389 E.03132
G1 X114.459 Y117.794 F18000
;WIDTH:0.476736
G1 F6000
G1 X114.565 Y117.794 E.0037
G1 X117 Y120.364 F18000
;TYPE:Gap infill
;WIDTH:0.431174
G1 F6000
G1 X117 Y124.143 E.11835
G3 X116.988 Y124.379 I-2.261 J.006 E.00741
;WIDTH:0.394222
G1 X116.974 Y124.486 E.00304
;WIDTH:0.380205
G1 X116.885 Y124.97 E.01339
G1 X117.05 Y115.225 F18000
;WIDTH:0.330912
G1 F6000
G1 X117.05 Y84.345 E.71728
G1 X117.009 Y83.557 E.01833
G1 X116.886 Y82.811 E.01755
G1 X116.678 Y82.061 E.01809
G1 X116.398 Y81.359 E.01755
G1 X116.041 Y80.684 E.01773
G1 X115.612 Y80.053 E.01773
G1 X115.123 Y79.477 E.01755
G1 X114.564 Y78.946 E.01791
G1 X113.956 Y78.484 E.01773
G1 X113.309 Y78.094 E.01755
G1 X112.609 Y77.77 E.01791
G1 X111.886 Y77.526 E.01773
G1 X111.148 Y77.364 E.01755
G1 X110.374 Y77.279 E.01809
G1 X109.618 Y77.28 E.01755
G1 X108.867 Y77.361 E.01755
G1 X108.107 Y77.529 E.01809
G1 X107.391 Y77.77 E.01755
G1 X106.698 Y78.09 E.01773
G1 X106.044 Y78.484 E.01773
G1 X105.442 Y78.941 E.01755
G1 X104.877 Y79.477 E.01809
G1 X104.388 Y80.053 E.01755
G1 X103.959 Y80.685 E.01773
G1 X103.599 Y81.366 E.01791
G1 X103.319 Y82.068 E.01755
G1 X103.115 Y82.804 E.01773
G1 X102.991 Y83.557 E.01773
G1 X102.95 Y84.345 E.01833
G1 X102.95 Y115.225 E.71728
; stop printing object LEG id:18398695746277035084 copy 0
;LAYER_CHANGE
;Z:9.64
;HEIGHT:0.200001
G92 E0 ; zero the extruded length again
; BEFORE_LAYER_CHANGE 47 @ 9.64mm
G1 E-1.75 F6000
;WIPE_START
G1 X102.95 Y114.225 E-.75
;WIPE_END
; AFTER_LAYER_CHANGE 47 @ 9.64mm
;_SET_FAN_SPEED_CHANGING_LAYER
; printing object LEG id:18398695746277035084 copy 0
G1 X103.79 Y120.959 Z9.64 F18000
G1 E2.5 F6000
M204 P1000
;TYPE:Outer wall
;WIDTH:0.42
G1 F3600
G1 X103.79 Y125.945 E.15165
G3 X102.21 Y124.164 I.238 J-1.802 E.07897
G1 X102.21 Y84.325 E1.21164
G3 X110.871 Y76.59 I7.782 J-.003 E.39865
G1 X111.26 Y76.632 E.01191
G3 X117.79 Y84.325 I-1.298 J7.72 E.33349
G1 X117.79 Y124.164 E1.21164
G3 X116.21 Y125.945 I-1.818 J-.02 E.07897
G1 X116.21 Y120.959 E.15165
G1 X103.85 Y120.959 E.37591
G1 X103.398 Y120.567 F18000
M204 P1500
;TYPE:Inner wall
;WIDTH:0.45
G1 F6000
G1 X103.398 Y125.442 E.16005
G3 X102.602 Y124.153 I.682 J-1.311 E.0522
G1 X102.602 Y84.335 E1.30736
G3 X110.828 Y76.979 I7.395 J-.008 E.40901
G1 X111.197 Y77.02 E.01216
G3 X117.398 Y84.335 I-1.234 J7.332 E.34223
G1 X117.398 Y124.153 E1.30735
G3 X116.602 Y125.442 I-1.478 J-.023 E.0522
G1 X116.602 Y120.567 E.16005
G1 X110.81 Y120.567 E.19019
G1 X110.76 Y120.388 E.0061
G2 X109.24 Y120.388 I-.76 J-1.638 E.32108
G1 X109.19 Y120.567 E.0061
G1 X103.458 Y120.567 E.18822
G1 E-1.75
;WIPE_START
G1 X103.446 Y121.567 E-.75
;WIPE_END
G1 X103.69 Y114.629 F18000
G1 E2.5 F6000
M204 P1000
;TYPE:Outer wall
;WIDTH:0.42
G1 F3600
G1 X103.69 Y84.311 E.92209
G3 X109.658 Y78.018 I6.31 J.008 E.29082
G3 X116.31 Y84.311 I.321 J6.322 E.31131
G1 X116.31 Y114.629 E.92209
G1 X103.75 Y114.629 E.382
G1 X103.298 Y114.629 F18000
M204 P1500
;TYPE:Inner wall
;WIDTH:0.45
G1 F6000
G1 X103.298 Y84.3 E.9958
G3 X109.637 Y77.626 I6.702 J.018 E.33315
G3 X116.702 Y84.3 I.342 J6.715 E.35665
G1 X116.702 Y115.021 E1.00868
G1 X103.298 Y115.021 E.4401
G1 X103.298 Y114.689 E.0109
G1 E-1.75
;WIPE_START
G1 X103.298 Y113.689 E-.75
;WIPE_END
G1 X111.803 Y117.47 F18000
G1 E2.5 F6000
G1 X111.759 Y117.407 E.00251
G2 X108.293 Y120.16 I-1.759 J1.344 E.23111
G1 X103.009 Y120.16 E.17348
G1 X103.009 Y115.428 E.15536
G1 X116.991 Y115.428 E.45907
G1 X116.991 Y120.16 E.15536
G1 X111.707 Y120.16 E.17348
G2 X111.894 Y117.604 I-1.707 J-1.41 E.08972
G1 X111.837 Y117.519 E.00338
G1 X112.14 Y117.241 F18000
G1 F6000
G1 X112.082 Y117.162 E.00323
G2 X107.587 Y119.753 I-2.082 J1.583 E.2479
G1 X103.416 Y119.753 E.13695
G1 X103.416 Y115.835 E.12863
G1 X116.584 Y115.835 E.43233
G1 X116.584 Y119.753 E.12863
G1 X112.413 Y119.753 E.13695
G2 X112.24 Y117.396 I-2.413 J-1.008 E.08051
G1 X112.173 Y117.291 E.0041
G1 X112.477 Y117.013 F18000
G1 F6000
G1 X112.408 Y116.914 E.00396
G2 X112.197 Y116.663 I-2.437 J1.836 E.01076
G1 X111.753 Y116.242 E.02008
G1 X116.177 Y116.242 E.14525
G1 X116.177 Y119.346 E.10189
G1 X112.963 Y119.346 E.1055
G2 X112.591 Y117.185 I-2.992 J-.596 E.07363
G1 X112.51 Y117.063 E.00482
G1 E-1.75
;WIPE_START
G1 X112.408 Y116.914 E-.13541
G1 X112.197 Y116.663 E-.24568
G1 X111.84 Y116.325 E-.36892
;WIPE_END
G1 X108.247 Y116.242 F18000
G1 E2.5 F6000
G1 X107.803 Y116.663 E.02008
G2 X107.037 Y119.346 I2.226 J2.087 E.09514
G1 X103.823 Y119.346 E.1055
G1 X103.823 Y116.242 E.10189
G1 X108.187 Y116.242 E.14328
G1 E-1.75
;WIPE_START
G1 X107.803 Y116.663 E-.42717
G1 X107.591 Y116.913 E-.24574
G1 X107.533 Y116.998 E-.0771
;WIPE_END
G1 X111.14 Y117.919 F18000
G1 E2.5 F6000
M204 P1000
;TYPE:Outer wall
;WIDTH:0.42
G1 F3600
G1 X111.279 Y118.152 E.00827
G3 X109.772 Y117.352 I-1.28 J.591 E.21358
G1 X109.924 Y117.336 E.00465
G3 X111.106 Y117.87 I.076 J1.407 E.041
G1 E-1.75 F6000
;WIPE_START
G1 F3600
G1 X111.279 Y118.152 E-.24871
G1 X111.377 Y118.441 E-.22868
G1 X111.41 Y118.744 E-.22875
G1 X111.404 Y118.802 E-.04387
;WIPE_END
G1 X111.392 Y120.219 F18000
G1 E2.5 F6000
M204 P2000
;TYPE:Gap infill
;WIDTH:0.108827
G1 X111.321 Y120.302 E.00058
G3 X111.236 Y120.345 I-.083 J-.059 E.00053
G1 X110.591 Y120.513 F18000
;WIDTH:0.475998
G1 F6000
G3 X109.409 Y120.513 I-.591 J-4.055 E.04144
G1 X108.764 Y120.345 F18000
;WIDTH:0.109637
G1 F6000
G3 X108.608 Y120.219 I.054 J-.227 E.00112
G1 E-2.29258
;WIPE_START
G1 X108.698 Y120.323 E-.13782
G1 X108.764 Y120.345 E-.0696
;WIPE_END
G1 X103.115 Y124.97 F18000
G1 E2.5 F6000
;WIDTH:0.360151
G1 X103.026 Y124.486 E.0126
;WIDTH:0.405296
G3 X103.003 Y124.274 I2.01 J-.319 E.00623
;WIDTH:0.431455
G1 X103 Y120.364 E.12254
G1 X105.375 Y117.794 F18000
;TYPE:Internal solid infill
;WIDTH:0.476736
G1 F6000
G1 X105.481 Y117.794 E.0037
G1 X106.059 Y117.389 F18000
;WIDTH:0.419999
G1 F6000
G1 X104.97 Y117.389 E.03315
G1 X104.97 Y118.2 E.02466
G1 X105.868 Y118.2 E.02731
G1 X106.04 Y117.446 E.02353
G1 X106.64 Y117.012 F18000
G1 F6000
G1 X104.592 Y117.012 E.06228
G1 X104.592 Y118.577 E.0476
G1 X106.224 Y118.577 E.04962
G1 X106.237 Y118.273 E.00923
G1 X106.387 Y117.591 E.02124
G1 X106.616 Y117.067 E.01742
G1 X107.337 Y116.635 F18000
G1 F6000
G1 X104.215 Y116.635 E.09494
G1 X104.215 Y118.954 E.07054
G1 X106.602 Y118.954 E.0726
G1 X106.6 Y118.396 E.01697
G1 X106.755 Y117.672 E.02249
G1 X107.061 Y117 E.02248
G1 X107.301 Y116.682 E.01209
G1 X108.462 Y116.353 F18000
;TYPE:Gap infill
;WIDTH:0.142829
G1 F6000
G1 X108.652 Y116.208 E.00193
;WIDTH:0.156688
G1 X108.779 Y116.122 E.0014
;WIDTH:0.182902
G1 X108.901 Y116.039 E.00167
G1 X109.065 Y116.062 F18000
;WIDTH:0.119087
G1 F6000
G2 X108.654 Y116.137 I1.175 J7.552 E.00256
G1 X111.345 Y116.137 F18000
;WIDTH:0.129805
G1 F6000
G2 X110.935 Y116.062 I-1.595 J7.535 E.00292
G1 X111.099 Y116.039 F18000
;WIDTH:0.170038
G1 F6000
G1 X111.221 Y116.122 E.00151
;WIDTH:0.157176
G1 X111.343 Y116.205 E.00136
;WIDTH:0.120406
G1 X111.538 Y116.353 E.00153
G1 X112.663 Y116.635 F18000
;TYPE:Internal solid infill
;WIDTH:0.419999
G1 F6000
G1 X112.939 Y117 E.01392
G1 X113.232 Y117.634 E.02124
G1 X113.395 Y118.354 E.02247
G1 X113.398 Y118.954 E.01823
G1 X115.785 Y118.954 E.0726
G1 X115.785 Y116.635 E.07054
G1 X112.723 Y116.635 E.09311
G1 X113.36 Y117.012 F18000
G1 F6000
G1 X113.574 Y117.475 E.01554
G3 X113.777 Y118.397 I-7.939 J2.227 E.02871
G1 X113.776 Y118.577 E.00547
G1 X115.408 Y118.577 E.04962
G1 X115.408 Y117.012 E.0476
G1 X113.42 Y117.012 E.06046
G1 X113.941 Y117.389 F18000
G1 F6000
G3 X114.141 Y118.2 I-84.67 J21.339 E.0254
G1 X115.03 Y118.2 E.02706
G1 X115.03 Y117.389 E.02466
G1 X114.001 Y117.389 E.03132
G1 X114.459 Y117.794 F18000
;WIDTH:0.476736
G1 F6000
G1 X114.565 Y117.794 E.0037
G1 X117 Y120.364 F18000
;TYPE:Gap infill
;WIDTH:0.431174
G1 F6000
G1 X117 Y124.143 E.11835
G3 X116.988 Y124.379 I-2.261 J.006 E.00741
;WIDTH:0.394223
G1 X116.974 Y124.486 E.00304
;WIDTH:0.380205
G1 X116.885 Y124.97 E.01339
G1 X117.05 Y115.225 F18000
;WIDTH:0.330912
G1 F6000
G1 X117.05 Y84.345 E.71728
G1 X117.009 Y83.557 E.01833
G1 X116.886 Y82.811 E.01755
G1 X116.678 Y82.061 E.01809
G1 X116.398 Y81.359 E.01755
G1 X116.041 Y80.684 E.01773
G1 X115.612 Y80.053 E.01773
G1 X115.123 Y79.477 E.01755
G1 X114.564 Y78.946 E.01791
G1 X113.956 Y78.484 E.01773
G1 X113.309 Y78.094 E.01755
G1 X112.609 Y77.77 E.01791
G1 X111.886 Y77.526 E.01773
G1 X111.148 Y77.364 E.01755
G1 X110.374 Y77.279 E.01809
G1 X109.618 Y77.28 E.01755
G1 X108.867 Y77.361 E.01755
G1 X108.107 Y77.529 E.01809
G1 X107.391 Y77.77 E.01755
G1 X106.698 Y78.09 E.01773
G1 X106.044 Y78.484 E.01773
G1 X105.442 Y78.941 E.01755
G1 X104.877 Y79.477 E.01809
G1 X104.388 Y80.053 E.01755
G1 X103.959 Y80.685 E.01773
G1 X103.599 Y81.366 E.01791
G1 X103.319 Y82.068 E.01755
G1 X103.115 Y82.804 E.01773
G1 X102.991 Y83.557 E.01773
G1 X102.95 Y84.345 E.01833
G1 X102.95 Y115.225 E.71728
; stop printing object LEG id:18398695746277035084 copy 0
;LAYER_CHANGE
;Z:9.84
;HEIGHT:0.2
G92 E0 ; zero the extruded length again
; BEFORE_LAYER_CHANGE 48 @ 9.84mm
G1 E-1.75 F6000
;WIPE_START
G1 X102.95 Y114.225 E-.75
;WIPE_END
; AFTER_LAYER_CHANGE 48 @ 9.84mm
;_SET_FAN_SPEED_CHANGING_LAYER
; printing object LEG id:18398695746277035084 copy 0
G1 X103.79 Y120.959 Z9.84 F18000
G1 E2.5 F6000
M204 P1000
;TYPE:Outer wall
;WIDTH:0.42
G1 F3600
G1 X103.79 Y125.945 E.15165
G3 X102.21 Y124.164 I.238 J-1.802 E.07897
G1 X102.21 Y84.325 E1.21164
G3 X102.392 Y82.645 I7.815 J-.002 E.0515
G1 X102.618 Y81.832 E.02565
G3 X110.862 Y76.589 I7.368 J2.481 E.32131
G1 X111.26 Y76.632 E.01217
G3 X117.79 Y84.325 I-1.297 J7.719 E.3335
G1 X117.79 Y124.164 E1.21164
G3 X116.21 Y125.945 I-1.818 J-.02 E.07897
G1 X116.21 Y120.959 E.15165
G1 X103.85 Y120.959 E.37591
G1 X103.398 Y120.567 F18000
M204 P1500
;TYPE:Inner wall
;WIDTH:0.45
G1 F6000
G1 X103.398 Y125.442 E.16005
G3 X102.602 Y124.153 I.682 J-1.311 E.0522
G1 X102.602 Y84.335 E1.30736
G3 X110.82 Y76.979 I7.394 J-.008 E.40873
G1 X111.197 Y77.02 E.01244
G3 X117.398 Y84.335 I-1.233 J7.331 E.34224
G1 X117.398 Y124.153 E1.30735
G3 X116.602 Y125.442 I-1.478 J-.023 E.0522
G1 X116.602 Y120.567 E.16005
G1 X110.81 Y120.567 E.19019
G1 X110.76 Y120.388 E.0061
G2 X109.24 Y120.388 I-.76 J-1.634 E.3203
G1 X109.19 Y120.567 E.0061
G1 X103.458 Y120.567 E.18822
G1 E-1.75
;WIPE_START
G1 X103.446 Y121.567 E-.75
;WIPE_END
G1 X103.69 Y114.629 F18000
G1 E2.5 F6000
M204 P1000
;TYPE:Outer wall
;WIDTH:0.42
G1 F3600
G1 X103.69 Y84.311 E.92209
G3 X109.658 Y78.018 I6.31 J.008 E.29082
G3 X116.31 Y84.311 I.321 J6.322 E.31131
G1 X116.31 Y114.629 E.92209
G1 X103.75 Y114.629 E.382
G1 X103.298 Y114.629 F18000
M204 P1500
;TYPE:Inner wall
;WIDTH:0.45
G1 F6000
G1 X103.298 Y84.3 E.9958
G3 X109.637 Y77.626 I6.702 J.018 E.33315
G3 X116.702 Y84.3 I.342 J6.715 E.35665
G1 X116.702 Y115.021 E1.00868
G1 X103.298 Y115.021 E.4401
G1 X103.298 Y114.689 E.0109
G1 E-1.75
;WIPE_START
G1 X103.298 Y113.689 E-.75
;WIPE_END
G1 X111.804 Y117.471 F18000
G1 E2.5 F6000
G1 X111.759 Y117.407 E.00258
G2 X108.293 Y120.16 I-1.759 J1.344 E.23107
G1 X103.009 Y120.16 E.17348
G1 X103.009 Y115.428 E.15536
G1 X116.991 Y115.428 E.45907
G1 X116.991 Y120.16 E.15536
G1 X111.707 Y120.16 E.17348
G2 X111.894 Y117.605 I-1.707 J-1.409 E.08971
G1 X111.838 Y117.521 E.00331
G1 X112.141 Y117.243 F18000
G1 F6000
G1 X112.082 Y117.162 E.0033
G2 X107.587 Y119.753 I-2.082 J1.583 E.2479
G1 X103.416 Y119.753 E.13695
G1 X103.416 Y115.835 E.12863
G1 X116.584 Y115.835 E.43233
G1 X116.584 Y119.753 E.12863
G1 X112.413 Y119.753 E.13695
G2 X112.24 Y117.396 I-2.413 J-1.008 E.08051
G1 X112.174 Y117.293 E.00403
G1 X112.478 Y117.014 F18000
G1 F6000
G1 X112.408 Y116.914 E.00403
G2 X112.197 Y116.663 I-2.437 J1.836 E.01076
G1 X111.753 Y116.242 E.02008
G1 X116.177 Y116.242 E.14525
G1 X116.177 Y119.346 E.10189
G1 X112.963 Y119.346 E.1055
G2 X112.591 Y117.185 I-2.992 J-.596 E.07363
G1 X112.511 Y117.064 E.00476
G1 E-1.75
;WIPE_START
G1 X112.408 Y116.914 E-.13694
G1 X112.197 Y116.663 E-.2457
G1 X111.841 Y116.326 E-.36737
;WIPE_END
G1 X108.247 Y116.242 F18000
G1 E2.5 F6000
G1 X107.803 Y116.663 E.02008
G2 X107.037 Y119.346 I2.226 J2.087 E.09514
G1 X103.823 Y119.346 E.1055
G1 X103.823 Y116.242 E.10189
G1 X108.187 Y116.242 E.14328
G1 E-1.75
;WIPE_START
G1 X107.803 Y116.663 E-.42717
G1 X107.591 Y116.913 E-.24573
G1 X107.533 Y116.998 E-.0771
;WIPE_END
G1 X111.141 Y117.921 F18000
G1 E2.5 F6000
M204 P1000
;TYPE:Outer wall
;WIDTH:0.42
G1 F3600
G1 X111.279 Y118.152 E.00821
G3 X109.772 Y117.352 I-1.28 J.591 E.21358
G1 X109.924 Y117.336 E.00465
G3 X111.107 Y117.871 I.076 J1.407 E.04106
G1 E-1.75 F6000
;WIPE_START
G1 F3600
G1 X111.279 Y118.152 E-.24721
G1 X111.377 Y118.441 E-.22868
G1 X111.41 Y118.744 E-.22875
G1 X111.404 Y118.804 E-.04537
;WIPE_END
G1 X111.392 Y120.219 F18000
G1 E2.5 F6000
M204 P2000
;TYPE:Gap infill
;WIDTH:0.108826
G1 X111.321 Y120.302 E.00058
G3 X111.236 Y120.345 I-.083 J-.059 E.00053
G1 X110.591 Y120.513 F18000
;WIDTH:0.475997
G1 F6000
G3 X109.409 Y120.513 I-.591 J-4.055 E.04144
G1 X108.764 Y120.345 F18000
;WIDTH:0.109635
G1 F6000
G3 X108.608 Y120.219 I.054 J-.227 E.00112
G1 E-2.29259
;WIPE_START
G1 X108.698 Y120.323 E-.13781
G1 X108.764 Y120.345 E-.0696
;WIPE_END
G1 X103.115 Y124.97 F18000
G1 E2.5 F6000
;WIDTH:0.36015
G1 X103.026 Y124.486 E.0126
;WIDTH:0.405299
G3 X103.003 Y124.274 I2.01 J-.319 E.00623
;WIDTH:0.431455
G1 X103 Y120.364 E.12254
G1 X105.375 Y117.794 F18000
;TYPE:Internal solid infill
;WIDTH:0.476736
G1 F6000
G1 X105.481 Y117.794 E.0037
G1 X106.059 Y117.389 F18000
;WIDTH:0.419999
G1 F6000
G1 X104.97 Y117.389 E.03315
G1 X104.97 Y118.2 E.02466
G1 X105.868 Y118.2 E.02731
G1 X106.04 Y117.446 E.02353
G1 X106.64 Y117.012 F18000
G1 F6000
G1 X104.592 Y117.012 E.06228
G1 X104.592 Y118.577 E.0476
G1 X106.224 Y118.577 E.04962
G1 X106.237 Y118.273 E.00923
G1 X106.387 Y117.591 E.02124
G1 X106.616 Y117.067 E.01742
G1 X107.337 Y116.635 F18000
G1 F6000
G1 X104.215 Y116.635 E.09494
G1 X104.215 Y118.954 E.07054
G1 X106.602 Y118.954 E.0726
G1 X106.6 Y118.396 E.01697
G1 X106.755 Y117.672 E.0225
G1 X107.061 Y117 E.02248
G1 X107.301 Y116.682 E.01209
G1 X108.462 Y116.353 F18000
;TYPE:Gap infill
;WIDTH:0.142841
G1 F6000
G1 X108.652 Y116.208 E.00193
;WIDTH:0.156699
G1 X108.779 Y116.122 E.0014
;WIDTH:0.182912
G1 X108.901 Y116.039 E.00167
G1 X109.065 Y116.062 F18000
;WIDTH:0.11909
G1 F6000
G2 X108.654 Y116.137 I1.177 J7.565 E.00256
G1 X111.346 Y116.137 F18000
;WIDTH:0.129801
G1 F6000
G2 X110.935 Y116.062 I-1.584 J7.468 E.00292
G1 X111.099 Y116.039 F18000
;WIDTH:0.170044
G1 F6000
G1 X111.221 Y116.122 E.00151
;WIDTH:0.157181
G1 X111.343 Y116.205 E.00136
;WIDTH:0.120409
G1 X111.538 Y116.353 E.00153
G1 X112.663 Y116.635 F18000
;TYPE:Internal solid infill
;WIDTH:0.419999
G1 F6000
G1 X112.939 Y117 E.01392
G1 X113.232 Y117.634 E.02124
G1 X113.395 Y118.354 E.02247
G1 X113.398 Y118.954 E.01823
G1 X115.785 Y118.954 E.0726
G1 X115.785 Y116.635 E.07054
G1 X112.723 Y116.635 E.09311
G1 X113.36 Y117.012 F18000
G1 F6000
G1 X113.574 Y117.475 E.01554
G3 X113.777 Y118.397 I-7.939 J2.227 E.02871
G1 X113.776 Y118.577 E.00547
G1 X115.408 Y118.577 E.04962
G1 X115.408 Y117.012 E.0476
G1 X113.42 Y117.012 E.06046
G1 X113.941 Y117.389 F18000
G1 F6000
G3 X114.141 Y118.2 I-84.71 J21.349 E.0254
G1 X115.03 Y118.2 E.02706
G1 X115.03 Y117.389 E.02466
G1 X114.001 Y117.389 E.03132
G1 X114.459 Y117.794 F18000
;WIDTH:0.476736
G1 F6000
G1 X114.565 Y117.794 E.0037
G1 X117 Y120.364 F18000
;TYPE:Gap infill
;WIDTH:0.431174
G1 F6000
G1 X117 Y124.143 E.11835
G3 X116.988 Y124.379 I-2.261 J.006 E.00741
;WIDTH:0.394221
G1 X116.974 Y124.486 E.00304
;WIDTH:0.380203
G1 X116.885 Y124.97 E.01339
G1 X117.05 Y115.225 F18000
;WIDTH:0.330912
G1 F6000
G1 X117.05 Y84.345 E.71728
G1 X117.009 Y83.557 E.01833
G1 X116.886 Y82.811 E.01755
G1 X116.678 Y82.061 E.01809
G1 X116.398 Y81.359 E.01755
G1 X116.041 Y80.685 E.01773
G1 X115.612 Y80.053 E.01773
G1 X115.123 Y79.477 E.01755
G1 X114.564 Y78.946 E.01791
G1 X113.956 Y78.484 E.01773
G1 X113.309 Y78.094 E.01755
G1 X112.609 Y77.77 E.01791
G1 X111.886 Y77.526 E.01773
G1 X111.148 Y77.364 E.01755
G1 X110.374 Y77.279 E.01809
G1 X109.618 Y77.28 E.01755
G1 X108.867 Y77.361 E.01755
G1 X108.107 Y77.529 E.01809
G1 X107.391 Y77.77 E.01755
G1 X106.698 Y78.09 E.01773
G1 X106.044 Y78.484 E.01773
G1 X105.442 Y78.941 E.01755
G1 X104.877 Y79.477 E.01809
G1 X104.388 Y80.053 E.01755
G1 X103.959 Y80.685 E.01773
G1 X103.599 Y81.366 E.01791
G1 X103.319 Y82.068 E.01755
G1 X103.115 Y82.804 E.01773
G1 X102.991 Y83.557 E.01773
G1 X102.95 Y84.345 E.01833
G1 X102.95 Y115.225 E.71728
; stop printing object LEG id:18398695746277035084 copy 0
;LAYER_CHANGE
;Z:10.04
;HEIGHT:0.2
G92 E0 ; zero the extruded length again
; BEFORE_LAYER_CHANGE 49 @ 10.04mm
G1 E-1.75 F6000
;WIPE_START
G1 X102.95 Y114.225 E-.75
;WIPE_END
; AFTER_LAYER_CHANGE 49 @ 10.04mm
;_SET_FAN_SPEED_CHANGING_LAYER
; printing object LEG id:18398695746277035084 copy 0
G1 X103.79 Y120.959 Z10.04 F18000
G1 E2.5 F6000
M204 P1000
;TYPE:Outer wall
;WIDTH:0.42
G1 F3600
G1 X103.79 Y125.945 E.15165
G3 X102.21 Y124.164 I.238 J-1.802 E.07897
G1 X102.21 Y84.325 E1.21164
G3 X102.392 Y82.645 I7.815 J-.002 E.0515
G1 X102.618 Y81.832 E.02565
G3 X110.854 Y76.588 I7.367 J2.481 E.32105
G1 X111.26 Y76.632 E.01243
G3 X117.79 Y84.325 I-1.297 J7.719 E.3335
G1 X117.79 Y124.164 E1.21164
G3 X116.21 Y125.945 I-1.818 J-.02 E.07897
G1 X116.21 Y120.959 E.15165
G1 X103.85 Y120.959 E.37591
G1 X103.398 Y120.567 F18000
M204 P1500
;TYPE:Inner wall
;WIDTH:0.45
G1 F6000
G1 X103.398 Y125.442 E.16005
G3 X102.602 Y124.153 I.682 J-1.311 E.0522
G1 X102.602 Y84.335 E1.30736
G3 X110.812 Y76.978 I7.394 J-.008 E.40846
G1 X111.197 Y77.02 E.01272
G3 X117.398 Y84.335 I-1.233 J7.331 E.34224
G1 X117.398 Y124.153 E1.30735
G3 X116.602 Y125.442 I-1.478 J-.023 E.0522
G1 X116.602 Y120.567 E.16005
G1 X110.81 Y120.567 E.19019
G1 X110.76 Y120.388 E.0061
G2 X109.24 Y120.388 I-.76 J-1.634 E.3203
G1 X109.19 Y120.567 E.0061
G1 X103.458 Y120.567 E.18822
G1 E-1.75
;WIPE_START
G1 X103.446 Y121.567 E-.75
;WIPE_END
G1 X103.69 Y114.629 F18000
G1 E2.5 F6000
M204 P1000
;TYPE:Outer wall
;WIDTH:0.42
G1 F3600
G1 X103.69 Y84.311 E.92209
G3 X109.658 Y78.018 I6.31 J.008 E.29082
G3 X116.31 Y84.311 I.321 J6.322 E.31131
G1 X116.31 Y114.629 E.92209
G1 X103.75 Y114.629 E.382
G1 X103.298 Y114.629 F18000
M204 P1500
;TYPE:Inner wall
;WIDTH:0.45
G1 F6000
G1 X103.298 Y84.3 E.9958
G3 X109.637 Y77.626 I6.702 J.018 E.33315
G3 X116.702 Y84.3 I.342 J6.715 E.35665
G1 X116.702 Y115.021 E1.00868
G1 X103.298 Y115.021 E.4401
G1 X103.298 Y114.689 E.0109
G1 E-1.75
;WIPE_START
G1 X103.298 Y113.689 E-.75
;WIPE_END
G1 X111.811 Y117.482 F18000
G1 E2.5 F6000
G1 X111.759 Y117.407 E.00299
G2 X108.293 Y120.16 I-1.759 J1.344 E.23111
G1 X103.009 Y120.16 E.17348
G1 X103.009 Y115.428 E.15536
G1 X116.991 Y115.428 E.45907
G1 X116.991 Y120.16 E.15536
G1 X111.707 Y120.16 E.17348
G2 X111.894 Y117.604 I-1.707 J-1.41 E.08972
G1 X111.845 Y117.531 E.0029
G1 X112.148 Y117.253 F18000
G1 F6000
G1 X112.082 Y117.162 E.00371
G2 X107.587 Y119.753 I-2.082 J1.583 E.2479
G1 X103.416 Y119.753 E.13695
G1 X103.416 Y115.835 E.12863
G1 X116.584 Y115.835 E.43233
G1 X116.584 Y119.753 E.12863
G1 X112.413 Y119.753 E.13695
G2 X112.24 Y117.396 I-2.413 J-1.008 E.08051
G1 X112.181 Y117.303 E.00362
G1 X112.485 Y117.025 F18000
G1 F6000
G1 X112.408 Y116.914 E.00443
G2 X112.197 Y116.663 I-2.437 J1.836 E.01076
G1 X111.753 Y116.242 E.02008
G1 X116.177 Y116.242 E.14525
G1 X116.177 Y119.346 E.10189
G1 X112.963 Y119.346 E.1055
G2 X112.591 Y117.185 I-2.992 J-.596 E.07363
G1 X112.518 Y117.075 E.00435
G1 E-1.75
;WIPE_START
G1 X112.408 Y116.914 E-.14629
G1 X112.197 Y116.663 E-.24568
G1 X111.85 Y116.335 E-.35803
;WIPE_END
G1 X108.247 Y116.242 F18000
G1 E2.5 F6000
G1 X107.803 Y116.663 E.02008
G2 X107.037 Y119.346 I2.226 J2.087 E.09514
G1 X103.823 Y119.346 E.1055
G1 X103.823 Y116.242 E.10189
G1 X108.187 Y116.242 E.14328
G1 E-1.75
;WIPE_START
G1 X107.803 Y116.663 E-.42716
G1 X107.591 Y116.913 E-.24576
G1 X107.533 Y116.998 E-.07708
;WIPE_END
G1 X111.145 Y117.934 F18000
G1 E2.5 F6000
M204 P1000
;TYPE:Outer wall
;WIDTH:0.42
G1 F3600
G1 X111.208 Y118.017 E.00318
G3 X109.772 Y117.352 I-1.208 J.726 E.21822
G1 X109.924 Y117.336 E.00465
G3 X111.024 Y117.775 I.076 J1.407 E.03717
G1 X111.109 Y117.886 E.00426
G1 E-1.75 F6000
;WIPE_START
G1 F3600
G1 X111.208 Y118.017 E-.12348
G1 X111.28 Y118.152 E-.11452
G1 X111.377 Y118.441 E-.22874
G1 X111.41 Y118.744 E-.22875
G1 X111.403 Y118.816 E-.05451
;WIPE_END
G1 X111.392 Y120.219 F18000
G1 E2.5 F6000
M204 P2000
;TYPE:Gap infill
;WIDTH:0.108825
G1 X111.321 Y120.302 E.00058
G3 X111.236 Y120.345 I-.083 J-.059 E.00053
G1 X110.591 Y120.513 F18000
;WIDTH:0.475997
G1 F6000
G3 X109.409 Y120.513 I-.591 J-4.055 E.04144
G1 X108.764 Y120.345 F18000
;WIDTH:0.109638
G1 F6000
G3 X108.608 Y120.219 I.054 J-.227 E.00112
G1 E-2.29257
;WIPE_START
G1 X108.698 Y120.323 E-.13782
G1 X108.764 Y120.345 E-.0696
;WIPE_END
G1 X103.115 Y124.97 F18000
G1 E2.5 F6000
;WIDTH:0.360149
G1 X103.026 Y124.486 E.0126
;WIDTH:0.405298
G3 X103.003 Y124.274 I2.01 J-.319 E.00623
;WIDTH:0.431455
G1 X103 Y120.364 E.12254
G1 X105.375 Y117.794 F18000
;TYPE:Internal solid infill
;WIDTH:0.476736
G1 F6000
G1 X105.481 Y117.794 E.0037
G1 X106.059 Y117.389 F18000
;WIDTH:0.419999
G1 F6000
G1 X104.97 Y117.389 E.03315
G1 X104.97 Y118.2 E.02466
G1 X105.868 Y118.2 E.02731
G1 X106.04 Y117.446 E.02353
G1 X106.64 Y117.012 F18000
G1 F6000
G1 X104.592 Y117.012 E.06228
G1 X104.592 Y118.577 E.0476
G1 X106.224 Y118.577 E.04962
G1 X106.237 Y118.273 E.00923
G1 X106.387 Y117.591 E.02124
G1 X106.616 Y117.067 E.01742
G1 X107.337 Y116.635 F18000
G1 F6000
G1 X104.215 Y116.635 E.09494
G1 X104.215 Y118.954 E.07054
G1 X106.602 Y118.954 E.0726
G1 X106.6 Y118.396 E.01697
G1 X106.755 Y117.672 E.0225
G1 X107.061 Y117 E.02248
G1 X107.301 Y116.682 E.01209
G1 X108.462 Y116.353 F18000
;TYPE:Gap infill
;WIDTH:0.142833
G1 F6000
G1 X108.652 Y116.208 E.00193
;WIDTH:0.156692
G1 X108.779 Y116.122 E.0014
;WIDTH:0.182905
G1 X108.901 Y116.039 E.00167
G1 X109.065 Y116.062 F18000
;WIDTH:0.119086
G1 F6000
G2 X108.655 Y116.137 I1.185 J7.612 E.00256
G1 X111.346 Y116.137 F18000
;WIDTH:0.129804
G1 F6000
G2 X110.935 Y116.062 I-1.586 J7.479 E.00292
G1 X111.099 Y116.039 F18000
;WIDTH:0.170047
G1 F6000
G1 X111.221 Y116.122 E.00151
;WIDTH:0.157186
G1 X111.343 Y116.205 E.00136
;WIDTH:0.120412
G1 X111.538 Y116.353 E.00153
G1 X112.663 Y116.635 F18000
;TYPE:Internal solid infill
;WIDTH:0.419999
G1 F6000
G1 X112.939 Y117 E.01392
G1 X113.232 Y117.634 E.02124
G1 X113.395 Y118.354 E.02247
G1 X113.398 Y118.954 E.01823
G1 X115.785 Y118.954 E.0726
G1 X115.785 Y116.635 E.07054
G1 X112.723 Y116.635 E.09311
G1 X113.36 Y117.012 F18000
G1 F6000
G1 X113.574 Y117.475 E.01554
G3 X113.777 Y118.397 I-7.938 J2.227 E.02871
G1 X113.776 Y118.577 E.00547
G1 X115.408 Y118.577 E.04962
G1 X115.408 Y117.012 E.0476
G1 X113.42 Y117.012 E.06046
G1 X113.941 Y117.389 F18000
G1 F6000
G3 X114.141 Y118.2 I-84.374 J21.265 E.0254
G1 X115.03 Y118.2 E.02706
G1 X115.03 Y117.389 E.02466
G1 X114.001 Y117.389 E.03132
G1 X114.459 Y117.794 F18000
;WIDTH:0.476736
G1 F6000
G1 X114.565 Y117.794 E.0037
G1 X117 Y120.364 F18000
;TYPE:Gap infill
;WIDTH:0.431174
G1 F6000
G1 X117 Y124.143 E.11835
G3 X116.988 Y124.379 I-2.261 J.006 E.00741
;WIDTH:0.39422
G1 X116.974 Y124.486 E.00304
;WIDTH:0.380205
G1 X116.885 Y124.97 E.01339
G1 X117.05 Y115.225 F18000
;WIDTH:0.330912
G1 F6000
G1 X117.05 Y84.345 E.71728
G1 X117.009 Y83.557 E.01833
G1 X116.886 Y82.811 E.01755
G1 X116.678 Y82.061 E.01809
G1 X116.398 Y81.359 E.01755
G1 X116.041 Y80.685 E.01773
G1 X115.612 Y80.053 E.01773
G1 X115.123 Y79.477 E.01755
G1 X114.564 Y78.946 E.01791
G1 X113.956 Y78.484 E.01773
G1 X113.309 Y78.094 E.01755
G1 X112.609 Y77.77 E.01791
G1 X111.886 Y77.526 E.01773
G1 X111.148 Y77.364 E.01755
G1 X110.374 Y77.279 E.01809
G1 X109.618 Y77.28 E.01755
G1 X108.867 Y77.361 E.01755
G1 X108.107 Y77.529 E.01809
G1 X107.391 Y77.77 E.01755
G1 X106.698 Y78.09 E.01773
G1 X106.044 Y78.484 E.01773
G1 X105.442 Y78.941 E.01755
G1 X104.877 Y79.477 E.01809
G1 X104.388 Y80.053 E.01755
G1 X103.959 Y80.685 E.01773
G1 X103.599 Y81.366 E.01791
G1 X103.319 Y82.068 E.01755
G1 X103.115 Y82.804 E.01773
G1 X102.991 Y83.557 E.01773
G1 X102.95 Y84.345 E.01833
G1 X102.95 Y115.225 E.71728
; stop printing object LEG id:18398695746277035084 copy 0
;LAYER_CHANGE
;Z:10.24
;HEIGHT:0.2
G92 E0 ; zero the extruded length again
; BEFORE_LAYER_CHANGE 50 @ 10.24mm
G1 E-1.75 F6000
;WIPE_START
G1 X102.95 Y114.225 E-.75
;WIPE_END
; AFTER_LAYER_CHANGE 50 @ 10.24mm
;_SET_FAN_SPEED_CHANGING_LAYER
; printing object LEG id:18398695746277035084 copy 0
G1 X103.79 Y120.959 Z10.24 F18000
G1 E2.5 F6000
M204 P1000
;TYPE:Outer wall
;WIDTH:0.42
G1 F3600
G1 X103.79 Y125.945 E.15165
G3 X102.21 Y124.164 I.216 J-1.783 E.07918
G1 X102.21 Y84.325 E1.21164
G3 X102.392 Y82.645 I7.815 J-.002 E.0515
G1 X102.618 Y81.832 E.02565
G3 X110.846 Y76.587 I7.367 J2.481 E.3208
G1 X111.26 Y76.632 E.01268
G3 X117.79 Y84.325 I-1.297 J7.719 E.3335
G1 X117.79 Y124.164 E1.21164
G3 X116.21 Y125.945 I-1.818 J-.02 E.07897
G1 X116.21 Y120.959 E.15165
G1 X103.85 Y120.959 E.37591
G1 X103.398 Y120.567 F18000
M204 P1500
;TYPE:Inner wall
;WIDTH:0.45
G1 F6000
G1 X103.398 Y125.442 E.16005
G3 X102.602 Y124.153 I.646 J-1.289 E.05234
G1 X102.602 Y84.335 E1.30736
G3 X110.803 Y76.977 I7.394 J-.008 E.40818
G1 X111.197 Y77.02 E.013
G3 X117.398 Y84.335 I-1.233 J7.331 E.34224
G1 X117.398 Y124.153 E1.30735
G3 X116.602 Y125.442 I-1.478 J-.023 E.0522
G1 X116.602 Y120.567 E.16005
G1 X110.81 Y120.567 E.19019
G1 X110.76 Y120.388 E.0061
G2 X109.24 Y120.388 I-.76 J-1.634 E.3203
G1 X109.19 Y120.567 E.0061
G1 X103.458 Y120.567 E.18822
G1 E-1.75
;WIPE_START
G1 X103.446 Y121.567 E-.75
;WIPE_END
G1 X103.69 Y114.629 F18000
G1 E2.5 F6000
M204 P1000
;TYPE:Outer wall
;WIDTH:0.42
G1 F3600
G1 X103.69 Y84.311 E.92209
G3 X109.658 Y78.018 I6.31 J.008 E.29082
G3 X116.31 Y84.311 I.321 J6.322 E.31131
G1 X116.31 Y114.629 E.92209
G1 X103.75 Y114.629 E.382
G1 X103.298 Y114.629 F18000
M204 P1500
;TYPE:Inner wall
;WIDTH:0.45
G1 F6000
G1 X103.298 Y84.3 E.9958
G3 X109.637 Y77.626 I6.702 J.018 E.33315
G3 X116.702 Y84.3 I.342 J6.715 E.35665
G1 X116.702 Y115.021 E1.00868
G1 X103.298 Y115.021 E.4401
G1 X103.298 Y114.689 E.0109
G1 E-1.75
;WIPE_START
G1 X103.298 Y113.689 E-.75
;WIPE_END
G1 X111.806 Y117.474 F18000
G1 E2.5 F6000
G1 X111.759 Y117.407 E.00269
G2 X108.293 Y120.16 I-1.759 J1.344 E.23107
G1 X103.009 Y120.16 E.17348
G1 X103.009 Y115.428 E.15536
G1 X116.991 Y115.428 E.45907
G1 X116.991 Y120.16 E.15536
G1 X111.707 Y120.16 E.17348
G2 X111.894 Y117.605 I-1.707 J-1.409 E.08971
G1 X111.839 Y117.524 E.0032
G1 X112.143 Y117.246 F18000
G1 F6000
G1 X112.082 Y117.162 E.00341
G2 X107.587 Y119.753 I-2.082 J1.583 E.2479
G1 X103.416 Y119.753 E.13695
G1 X103.416 Y115.835 E.12863
G1 X116.584 Y115.835 E.43233
G1 X116.584 Y119.753 E.12863
G1 X112.413 Y119.753 E.13695
G2 X112.24 Y117.396 I-2.413 J-1.008 E.08051
G1 X112.176 Y117.296 E.00392
G1 X112.48 Y117.017 F18000
G1 F6000
G1 X112.408 Y116.914 E.00414
G2 X112.197 Y116.663 I-2.437 J1.836 E.01076
G1 X111.753 Y116.242 E.02008
G1 X116.177 Y116.242 E.14525
G1 X116.177 Y119.346 E.10189
G1 X112.963 Y119.346 E.1055
G2 X112.591 Y117.185 I-2.992 J-.596 E.07363
G1 X112.513 Y117.067 E.00464
G1 E-1.75
;WIPE_START
G1 X112.408 Y116.914 E-.13952
G1 X112.197 Y116.663 E-.24568
G1 X111.844 Y116.329 E-.36479
;WIPE_END
G1 X108.247 Y116.242 F18000
G1 E2.5 F6000
G1 X107.803 Y116.663 E.02008
G2 X107.037 Y119.346 I2.226 J2.087 E.09514
G1 X103.823 Y119.346 E.1055
G1 X103.823 Y116.242 E.10189
G1 X108.187 Y116.242 E.14328
G1 E-1.75
;WIPE_START
G1 X107.803 Y116.663 E-.42717
G1 X107.591 Y116.913 E-.24574
G1 X107.533 Y116.998 E-.07709
;WIPE_END
G1 X111.143 Y117.924 F18000
G1 E2.5 F6000
M204 P1000
;TYPE:Outer wall
;WIDTH:0.42
G1 F3600
G1 X111.277 Y118.153 E.0081
G3 X109.772 Y117.352 I-1.278 J.587 E.21301
G1 X109.924 Y117.336 E.00465
G3 X111.108 Y117.875 I.076 J1.404 E.04114
G1 E-1.75 F6000
;WIPE_START
G1 F3600
G1 X111.277 Y118.153 E-.24447
G1 X111.377 Y118.441 E-.22852
G1 X111.41 Y118.744 E-.22875
G1 X111.403 Y118.808 E-.04826
;WIPE_END
G1 X111.392 Y120.219 F18000
G1 E2.5 F6000
M204 P2000
;TYPE:Gap infill
;WIDTH:0.108826
G1 X111.321 Y120.302 E.00058
G3 X111.236 Y120.345 I-.083 J-.059 E.00053
G1 X110.591 Y120.513 F18000
;WIDTH:0.475998
G1 F6000
G3 X109.409 Y120.513 I-.591 J-4.055 E.04144
G1 X108.764 Y120.345 F18000
;WIDTH:0.109639
G1 F6000
G3 X108.608 Y120.219 I.054 J-.227 E.00112
G1 E-2.29258
;WIPE_START
G1 X108.698 Y120.323 E-.13782
G1 X108.764 Y120.345 E-.0696
;WIPE_END
G1 X103.115 Y124.97 F18000
G1 E2.5 F6000
;WIDTH:0.36015
G1 X103.026 Y124.486 E.0126
;WIDTH:0.405295
G3 X103.003 Y124.274 I2.01 J-.319 E.00623
;WIDTH:0.431455
G1 X103 Y120.364 E.12254
G1 X105.375 Y117.794 F18000
;TYPE:Internal solid infill
;WIDTH:0.476736
G1 F6000
G1 X105.481 Y117.794 E.0037
G1 X106.059 Y117.389 F18000
;WIDTH:0.419999
G1 F6000
G1 X104.97 Y117.389 E.03315
G1 X104.97 Y118.2 E.02466
G1 X105.868 Y118.2 E.02731
G1 X106.04 Y117.446 E.02353
G1 X106.64 Y117.012 F18000
G1 F6000
G1 X104.592 Y117.012 E.06228
G1 X104.592 Y118.577 E.0476
G1 X106.224 Y118.577 E.04962
G1 X106.237 Y118.273 E.00923
G1 X106.387 Y117.591 E.02124
G1 X106.616 Y117.067 E.01742
G1 X107.337 Y116.635 F18000
G1 F6000
G1 X104.215 Y116.635 E.09494
G1 X104.215 Y118.954 E.07054
G1 X106.602 Y118.954 E.0726
G1 X106.6 Y118.396 E.01697
G1 X106.755 Y117.672 E.0225
G1 X107.061 Y117 E.02248
G1 X107.301 Y116.682 E.01209
G1 X108.462 Y116.353 F18000
;TYPE:Gap infill
;WIDTH:0.142824
G1 F6000
G1 X108.652 Y116.208 E.00193
;WIDTH:0.156683
G1 X108.779 Y116.122 E.0014
;WIDTH:0.182898
G1 X108.901 Y116.039 E.00167
G1 X109.065 Y116.062 F18000
;WIDTH:0.119085
G1 F6000
G2 X108.655 Y116.137 I1.176 J7.56 E.00256
G1 X111.346 Y116.137 F18000
;WIDTH:0.129803
G1 F6000
G2 X110.935 Y116.062 I-1.584 J7.468 E.00292
G1 X111.099 Y116.039 F18000
;WIDTH:0.170052
G1 F6000
G1 X111.221 Y116.122 E.00151
;WIDTH:0.157191
G1 X111.343 Y116.205 E.00136
;WIDTH:0.120415
G1 X111.538 Y116.353 E.00153
G1 X112.663 Y116.635 F18000
;TYPE:Internal solid infill
;WIDTH:0.419999
G1 F6000
G1 X112.939 Y117 E.01392
G1 X113.232 Y117.634 E.02124
G1 X113.395 Y118.354 E.02247
G1 X113.398 Y118.954 E.01823
G1 X115.785 Y118.954 E.0726
G1 X115.785 Y116.635 E.07054
G1 X112.723 Y116.635 E.09311
G1 X113.36 Y117.012 F18000
G1 F6000
G1 X113.574 Y117.475 E.01554
G3 X113.777 Y118.397 I-7.939 J2.227 E.02871
G1 X113.776 Y118.577 E.00547
G1 X115.408 Y118.577 E.04962
G1 X115.408 Y117.012 E.0476
G1 X113.42 Y117.012 E.06046
G1 X113.941 Y117.389 F18000
G1 F6000
G3 X114.141 Y118.2 I-84.763 J21.362 E.0254
G1 X115.03 Y118.2 E.02706
G1 X115.03 Y117.389 E.02466
G1 X114.001 Y117.389 E.03132
G1 X114.459 Y117.794 F18000
;WIDTH:0.476736
G1 F6000
G1 X114.565 Y117.794 E.0037
G1 X117 Y120.364 F18000
;TYPE:Gap infill
;WIDTH:0.431174
G1 F6000
G1 X117 Y124.143 E.11835
G3 X116.988 Y124.379 I-2.261 J.006 E.00741
;WIDTH:0.394222
G1 X116.974 Y124.486 E.00304
;WIDTH:0.380207
G1 X116.885 Y124.97 E.01339
G1 X117.05 Y115.225 F18000
;WIDTH:0.330912
G1 F6000
G1 X117.05 Y84.345 E.71728
G1 X117.009 Y83.557 E.01833
G1 X116.886 Y82.811 E.01755
G1 X116.678 Y82.061 E.01809
G1 X116.398 Y81.359 E.01755
G1 X116.041 Y80.685 E.01773
G1 X115.612 Y80.053 E.01773
G1 X115.123 Y79.477 E.01755
G1 X114.564 Y78.946 E.01791
G1 X113.956 Y78.484 E.01773
G1 X113.309 Y78.094 E.01755
G1 X112.609 Y77.77 E.01791
G1 X111.886 Y77.526 E.01773
G1 X111.148 Y77.364 E.01755
G1 X110.374 Y77.279 E.01809
G1 X109.618 Y77.28 E.01755
G1 X108.867 Y77.361 E.01755
G1 X108.107 Y77.529 E.01809
G1 X107.391 Y77.77 E.01755
G1 X106.698 Y78.09 E.01773
G1 X106.044 Y78.484 E.01773
G1 X105.442 Y78.941 E.01755
G1 X104.877 Y79.477 E.01809
G1 X104.388 Y80.053 E.01755
G1 X103.959 Y80.685 E.01773
G1 X103.599 Y81.366 E.01791
G1 X103.319 Y82.068 E.01755
G1 X103.115 Y82.804 E.01773
G1 X102.991 Y83.557 E.01773
G1 X102.95 Y84.345 E.01833
G1 X102.95 Y115.225 E.71728
; stop printing object LEG id:18398695746277035084 copy 0
;LAYER_CHANGE
;Z:10.44
;HEIGHT:0.2
G92 E0 ; zero the extruded length again
; BEFORE_LAYER_CHANGE 51 @ 10.44mm
G1 E-1.75 F6000
;WIPE_START
G1 X102.95 Y114.225 E-.75
;WIPE_END
; AFTER_LAYER_CHANGE 51 @ 10.44mm
;_SET_FAN_SPEED_CHANGING_LAYER
; printing object LEG id:18398695746277035084 copy 0
G1 X103.79 Y120.959 Z10.44 F18000
G1 E2.5 F6000
M204 P1000
;TYPE:Outer wall
;WIDTH:0.42
G1 F3600
G1 X103.79 Y125.945 E.15165
G3 X102.21 Y124.164 I.238 J-1.802 E.07897
G1 X102.21 Y84.325 E1.21164
G3 X110.837 Y76.586 I7.782 J-.003 E.39762
G1 X111.26 Y76.632 E.01294
G3 X117.79 Y84.325 I-1.298 J7.72 E.33349
G1 X117.79 Y124.164 E1.21164
G3 X116.21 Y125.945 I-1.818 J-.02 E.07897
G1 X116.21 Y120.959 E.15165
G1 X103.85 Y120.959 E.37591
G1 X103.398 Y120.567 F18000
M204 P1500
;TYPE:Inner wall
;WIDTH:0.45
G1 F6000
G1 X103.398 Y125.442 E.16005
G3 X102.602 Y124.153 I.682 J-1.311 E.0522
G1 X102.602 Y84.335 E1.30736
G3 X110.795 Y76.976 I7.394 J-.008 E.4079
G1 X111.197 Y77.02 E.01327
G3 X117.398 Y84.335 I-1.234 J7.332 E.34223
G1 X117.398 Y124.153 E1.30735
G3 X116.602 Y125.442 I-1.478 J-.023 E.0522
G1 X116.602 Y120.567 E.16005
G1 X110.81 Y120.567 E.19019
G1 X110.76 Y120.388 E.0061
G2 X109.24 Y120.388 I-.76 J-1.634 E.3203
G1 X109.19 Y120.567 E.0061
G1 X103.458 Y120.567 E.18822
G1 E-1.75
;WIPE_START
G1 X103.446 Y121.567 E-.75
;WIPE_END
G1 X103.69 Y114.629 F18000
G1 E2.5 F6000
M204 P1000
;TYPE:Outer wall
;WIDTH:0.42
G1 F3600
G1 X103.69 Y84.311 E.92209
G3 X109.658 Y78.018 I6.31 J.008 E.29082
G3 X116.31 Y84.311 I.321 J6.322 E.31131
G1 X116.31 Y114.629 E.92209
G1 X103.75 Y114.629 E.382
G1 X103.298 Y114.629 F18000
M204 P1500
;TYPE:Inner wall
;WIDTH:0.45
G1 F6000
G1 X103.298 Y84.3 E.9958
G3 X109.637 Y77.626 I6.702 J.018 E.33315
G3 X116.702 Y84.3 I.342 J6.715 E.35665
G1 X116.702 Y115.021 E1.00868
G1 X103.298 Y115.021 E.4401
G1 X103.298 Y114.689 E.0109
G1 E-1.75
;WIPE_START
G1 X103.298 Y113.689 E-.75
;WIPE_END
G1 X111.807 Y117.475 F18000
G1 E2.5 F6000
G1 X111.759 Y117.407 E.00273
G2 X108.293 Y120.16 I-1.759 J1.344 E.23111
G1 X103.009 Y120.16 E.17348
G1 X103.009 Y115.428 E.15536
G1 X116.991 Y115.428 E.45907
G1 X116.991 Y120.16 E.15536
G1 X111.707 Y120.16 E.17348
G2 X111.894 Y117.604 I-1.707 J-1.41 E.08972
G1 X111.84 Y117.525 E.00315
G1 X112.144 Y117.247 F18000
G1 F6000
G1 X112.082 Y117.162 E.00345
G2 X107.587 Y119.753 I-2.082 J1.583 E.2479
G1 X103.416 Y119.753 E.13695
G1 X103.416 Y115.835 E.12863
G1 X116.584 Y115.835 E.43233
G1 X116.584 Y119.753 E.12863
G1 X112.413 Y119.753 E.13695
G2 X112.24 Y117.396 I-2.413 J-1.008 E.08051
G1 X112.176 Y117.297 E.00387
G1 X112.481 Y117.018 F18000
G1 F6000
G1 X112.408 Y116.914 E.00418
G2 X112.197 Y116.663 I-2.437 J1.836 E.01076
G1 X111.753 Y116.242 E.02008
G1 X116.177 Y116.242 E.14525
G1 X116.177 Y119.346 E.10189
G1 X112.963 Y119.346 E.1055
G2 X112.591 Y117.185 I-2.992 J-.596 E.07363
G1 X112.514 Y117.068 E.0046
G1 E-1.75
;WIPE_START
G1 X112.408 Y116.914 E-.1405
G1 X112.197 Y116.663 E-.24568
G1 X111.845 Y116.329 E-.36382
;WIPE_END
G1 X108.247 Y116.242 F18000
G1 E2.5 F6000
G1 X107.803 Y116.663 E.02008
G2 X107.037 Y119.346 I2.226 J2.087 E.09514
G1 X103.823 Y119.346 E.1055
G1 X103.823 Y116.242 E.10189
G1 X108.187 Y116.242 E.14328
G1 E-1.75
;WIPE_START
G1 X107.803 Y116.663 E-.42717
G1 X107.591 Y116.913 E-.24575
G1 X107.533 Y116.998 E-.07708
;WIPE_END
G1 X111.143 Y117.925 F18000
G1 E2.5 F6000
M204 P1000
;TYPE:Outer wall
;WIDTH:0.42
G1 F3600
G1 X111.277 Y118.153 E.00806
G3 X109.772 Y117.352 I-1.278 J.587 E.21302
G1 X109.924 Y117.336 E.00465
G3 X111.109 Y117.876 I.076 J1.404 E.04118
G1 E-1.75 F6000
;WIPE_START
G1 F3600
G1 X111.277 Y118.153 E-.2435
G1 X111.377 Y118.441 E-.22853
G1 X111.41 Y118.744 E-.22874
G1 X111.403 Y118.809 E-.04923
;WIPE_END
G1 X111.392 Y120.219 F18000
G1 E2.5 F6000
M204 P2000
;TYPE:Gap infill
;WIDTH:0.108829
G1 X111.321 Y120.302 E.00058
G3 X111.236 Y120.345 I-.083 J-.059 E.00053
G1 X110.591 Y120.513 F18000
;WIDTH:0.475997
G1 F6000
G3 X109.409 Y120.513 I-.591 J-4.055 E.04144
G1 X108.764 Y120.345 F18000
;WIDTH:0.109635
G1 F6000
G3 X108.608 Y120.219 I.054 J-.227 E.00112
G1 E-2.2926
;WIPE_START
G1 X108.698 Y120.323 E-.1378
G1 X108.764 Y120.345 E-.0696
;WIPE_END
G1 X103.115 Y124.97 F18000
G1 E2.5 F6000
;WIDTH:0.360151
G1 X103.026 Y124.486 E.0126
;WIDTH:0.405297
G3 X103.003 Y124.274 I2.01 J-.319 E.00623
;WIDTH:0.431455
G1 X103 Y120.364 E.12254
G1 X105.375 Y117.794 F18000
;TYPE:Internal solid infill
;WIDTH:0.476736
G1 F6000
G1 X105.481 Y117.794 E.0037
G1 X106.059 Y117.389 F18000
;WIDTH:0.419999
G1 F6000
G1 X104.97 Y117.389 E.03315
G1 X104.97 Y118.2 E.02466
G1 X105.868 Y118.2 E.02731
G1 X106.04 Y117.446 E.02353
G1 X106.64 Y117.012 F18000
G1 F6000
G1 X104.592 Y117.012 E.06228
G1 X104.592 Y118.577 E.0476
G1 X106.224 Y118.577 E.04962
G1 X106.237 Y118.273 E.00923
G1 X106.387 Y117.591 E.02124
G1 X106.616 Y117.067 E.01742
G1 X107.337 Y116.635 F18000
G1 F6000
G1 X104.215 Y116.635 E.09494
G1 X104.215 Y118.954 E.07054
G1 X106.602 Y118.954 E.0726
G1 X106.6 Y118.396 E.01698
G1 X106.755 Y117.672 E.0225
G1 X107.061 Y117 E.02248
G1 X107.301 Y116.682 E.01209
G1 X108.462 Y116.353 F18000
;TYPE:Gap infill
;WIDTH:0.14284
G1 F6000
G1 X108.652 Y116.208 E.00193
;WIDTH:0.156697
G1 X108.779 Y116.122 E.0014
;WIDTH:0.182909
G1 X108.901 Y116.039 E.00167
G1 X109.065 Y116.062 F18000
;WIDTH:0.119087
G1 F6000
G2 X108.654 Y116.137 I1.177 J7.563 E.00256
G1 X111.345 Y116.137 F18000
;WIDTH:0.129802
G1 F6000
G2 X110.935 Y116.062 I-1.588 J7.496 E.00292
G1 X111.099 Y116.039 F18000
;WIDTH:0.170042
G1 F6000
G1 X111.221 Y116.122 E.00151
;WIDTH:0.157179
G1 X111.343 Y116.205 E.00136
;WIDTH:0.120408
G1 X111.538 Y116.353 E.00153
G1 X112.663 Y116.635 F18000
;TYPE:Internal solid infill
;WIDTH:0.419999
G1 F6000
G1 X112.939 Y117 E.01392
G1 X113.232 Y117.634 E.02124
G1 X113.395 Y118.354 E.02247
G1 X113.398 Y118.954 E.01823
G1 X115.785 Y118.954 E.0726
G1 X115.785 Y116.635 E.07054
G1 X112.723 Y116.635 E.09311
G1 X113.36 Y117.012 F18000
G1 F6000
G1 X113.574 Y117.475 E.01554
G3 X113.777 Y118.397 I-7.939 J2.227 E.02871
G1 X113.776 Y118.577 E.00547
G1 X115.408 Y118.577 E.04962
G1 X115.408 Y117.012 E.0476
G1 X113.42 Y117.012 E.06046
G1 X113.941 Y117.389 F18000
G1 F6000
G3 X114.141 Y118.2 I-84.837 J21.38 E.0254
G1 X115.03 Y118.2 E.02706
G1 X115.03 Y117.389 E.02466
G1 X114.001 Y117.389 E.03132
G1 X114.459 Y117.794 F18000
;WIDTH:0.476736
G1 F6000
G1 X114.565 Y117.794 E.0037
G1 X117 Y120.364 F18000
;TYPE:Gap infill
;WIDTH:0.431174
G1 F6000
G1 X117 Y124.143 E.11835
G3 X116.988 Y124.379 I-2.261 J.006 E.00741
;WIDTH:0.394222
G1 X116.974 Y124.486 E.00304
;WIDTH:0.380207
G1 X116.885 Y124.97 E.01339
G1 X117.05 Y115.225 F18000
;WIDTH:0.330912
G1 F6000
G1 X117.05 Y84.345 E.71728
G1 X117.009 Y83.557 E.01833
G1 X116.886 Y82.811 E.01755
G1 X116.678 Y82.061 E.01809
G1 X116.398 Y81.359 E.01755
G1 X116.041 Y80.684 E.01773
G1 X115.612 Y80.053 E.01773
G1 X115.123 Y79.477 E.01755
G1 X114.564 Y78.946 E.01791
G1 X113.956 Y78.484 E.01773
G1 X113.309 Y78.094 E.01755
G1 X112.609 Y77.77 E.01791
G1 X111.886 Y77.526 E.01773
G1 X111.148 Y77.364 E.01755
G1 X110.374 Y77.279 E.01809
G1 X109.618 Y77.28 E.01755
G1 X108.867 Y77.361 E.01755
G1 X108.107 Y77.529 E.01809
G1 X107.391 Y77.77 E.01755
G1 X106.698 Y78.09 E.01773
G1 X106.044 Y78.484 E.01773
G1 X105.442 Y78.941 E.01755
G1 X104.877 Y79.477 E.01809
G1 X104.388 Y80.053 E.01755
G1 X103.959 Y80.685 E.01773
G1 X103.599 Y81.366 E.01791
G1 X103.319 Y82.068 E.01755
G1 X103.115 Y82.804 E.01773
G1 X102.991 Y83.557 E.01773
G1 X102.95 Y84.345 E.01833
G1 X102.95 Y115.225 E.71728
; stop printing object LEG id:18398695746277035084 copy 0
;LAYER_CHANGE
;Z:10.64
;HEIGHT:0.200001
G92 E0 ; zero the extruded length again
; BEFORE_LAYER_CHANGE 52 @ 10.64mm
G1 E-1.75 F6000
;WIPE_START
G1 X102.95 Y114.225 E-.75
;WIPE_END
; AFTER_LAYER_CHANGE 52 @ 10.64mm
;_SET_FAN_SPEED_CHANGING_LAYER
; printing object LEG id:18398695746277035084 copy 0
G1 X103.79 Y120.959 Z10.64 F18000
G1 E2.5 F6000
M204 P1000
;TYPE:Outer wall
;WIDTH:0.42
G1 F3600
G1 X103.79 Y125.945 E.15165
G3 X102.21 Y124.164 I.216 J-1.783 E.07918
G1 X102.21 Y84.325 E1.21164
G3 X110.829 Y76.585 I7.782 J-.003 E.39737
G1 X111.26 Y76.632 E.0132
G3 X117.79 Y84.325 I-1.297 J7.719 E.3335
G1 X117.79 Y124.164 E1.21164
G3 X116.21 Y125.945 I-1.818 J-.02 E.07897
G1 X116.21 Y120.959 E.15165
G1 X103.85 Y120.959 E.37591
G1 X103.398 Y120.567 F18000
M204 P1500
;TYPE:Inner wall
;WIDTH:0.45
G1 F6000
G1 X103.398 Y125.442 E.16005
G3 X102.602 Y124.153 I.646 J-1.289 E.05234
G1 X102.602 Y84.335 E1.30736
G3 X110.786 Y76.975 I7.394 J-.008 E.40762
G1 X111.197 Y77.02 E.01355
G3 X117.398 Y84.335 I-1.233 J7.331 E.34224
G1 X117.398 Y124.153 E1.30735
G3 X116.602 Y125.442 I-1.478 J-.023 E.0522
G1 X116.602 Y120.567 E.16005
G1 X110.81 Y120.567 E.19019
G1 X110.76 Y120.388 E.0061
G2 X108.988 Y120.237 I-.752 J-1.638 E.31082
G1 X109.24 Y120.388 E.00966
G1 X109.19 Y120.567 E.0061
G1 X103.458 Y120.567 E.18822
G1 E-1.75
;WIPE_START
G1 X103.446 Y121.567 E-.75
;WIPE_END
G1 X103.69 Y114.629 F18000
G1 E2.5 F6000
M204 P1000
;TYPE:Outer wall
;WIDTH:0.42
G1 F3600
G1 X103.69 Y84.311 E.92209
G3 X109.658 Y78.018 I6.31 J.008 E.29082
G3 X116.31 Y84.311 I.321 J6.322 E.31131
G1 X116.31 Y114.629 E.92209
G1 X103.75 Y114.629 E.382
G1 X103.298 Y114.629 F18000
M204 P1500
;TYPE:Inner wall
;WIDTH:0.45
G1 F6000
G1 X103.298 Y84.3 E.9958
G3 X109.637 Y77.626 I6.702 J.018 E.33315
G3 X116.702 Y84.3 I.342 J6.715 E.35665
G1 X116.702 Y115.021 E1.00868
G1 X103.298 Y115.021 E.4401
G1 X103.298 Y114.689 E.0109
G1 E-1.75
;WIPE_START
G1 X103.298 Y113.689 E-.75
;WIPE_END
G1 X111.808 Y117.477 F18000
G1 E2.5 F6000
G1 X111.759 Y117.407 E.00281
G2 X108.293 Y120.16 I-1.759 J1.344 E.23107
G1 X103.009 Y120.16 E.17348
G1 X103.009 Y115.428 E.15536
G1 X116.991 Y115.428 E.45907
G1 X116.991 Y120.16 E.15536
G1 X111.707 Y120.16 E.17348
G2 X111.894 Y117.605 I-1.707 J-1.409 E.08971
G1 X111.842 Y117.527 E.00307
G1 X112.145 Y117.249 F18000
G1 F6000
G1 X112.082 Y117.162 E.00353
G2 X107.587 Y119.753 I-2.082 J1.583 E.2479
G1 X103.416 Y119.753 E.13695
G1 X103.416 Y115.835 E.12863
G1 X116.584 Y115.835 E.43233
G1 X116.584 Y119.753 E.12863
G1 X112.413 Y119.753 E.13695
G2 X112.24 Y117.396 I-2.413 J-1.008 E.08051
G1 X112.178 Y117.299 E.00379
G1 X112.482 Y117.02 F18000
G1 F6000
G1 X112.408 Y116.914 E.00426
G2 X112.197 Y116.663 I-2.437 J1.836 E.01076
G1 X111.753 Y116.242 E.02008
G1 X116.177 Y116.242 E.14525
G1 X116.177 Y119.346 E.10189
G1 X112.963 Y119.346 E.1055
G2 X112.591 Y117.185 I-2.992 J-.596 E.07363
G1 X112.515 Y117.07 E.00452
G1 E-1.75
;WIPE_START
G1 X112.408 Y116.914 E-.14232
G1 X112.197 Y116.663 E-.24568
G1 X111.847 Y116.331 E-.36199
;WIPE_END
G1 X108.247 Y116.242 F18000
G1 E2.5 F6000
G1 X107.803 Y116.663 E.02008
G2 X107.037 Y119.346 I2.226 J2.087 E.09514
G1 X103.823 Y119.346 E.1055
G1 X103.823 Y116.242 E.10189
G1 X108.187 Y116.242 E.14328
G1 E-1.75
;WIPE_START
G1 X107.803 Y116.663 E-.42716
G1 X107.591 Y116.913 E-.24575
G1 X107.533 Y116.998 E-.07709
;WIPE_END
G1 X111.145 Y117.927 F18000
G1 E2.5 F6000
M204 P1000
;TYPE:Outer wall
;WIDTH:0.42
G1 F3600
G1 X111.279 Y118.152 E.00799
G3 X109.772 Y117.352 I-1.28 J.591 E.21358
G1 X109.924 Y117.336 E.00465
G3 X111.111 Y117.877 I.076 J1.407 E.04127
G1 E-1.75 F6000
;WIPE_START
G1 F3600
G1 X111.279 Y118.152 E-.24199
G1 X111.377 Y118.441 E-.22868
G1 X111.41 Y118.744 E-.22874
G1 X111.403 Y118.811 E-.05059
;WIPE_END
G1 X111.392 Y120.219 F18000
G1 E2.5 F6000
M204 P2000
;TYPE:Gap infill
;WIDTH:0.108826
G1 X111.321 Y120.302 E.00058
G3 X111.236 Y120.345 I-.083 J-.059 E.00053
G1 X110.591 Y120.513 F18000
;WIDTH:0.475997
G1 F6000
G3 X109.409 Y120.513 I-.591 J-4.055 E.04144
G1 X108.764 Y120.345 F18000
;WIDTH:0.109638
G1 F6000
G3 X108.608 Y120.219 I.054 J-.227 E.00112
G1 E-2.29258
;WIPE_START
G1 X108.698 Y120.323 E-.13782
G1 X108.764 Y120.345 E-.0696
;WIPE_END
G1 X103.115 Y124.97 F18000
G1 E2.5 F6000
;WIDTH:0.360153
G1 X103.026 Y124.486 E.0126
;WIDTH:0.405297
G3 X103.003 Y124.274 I2.009 J-.319 E.00623
;WIDTH:0.431455
G1 X103 Y120.364 E.12254
G1 X105.375 Y117.794 F18000
;TYPE:Internal solid infill
;WIDTH:0.476736
G1 F6000
G1 X105.481 Y117.794 E.0037
G1 X106.059 Y117.389 F18000
;WIDTH:0.419999
G1 F6000
G1 X104.97 Y117.389 E.03315
G1 X104.97 Y118.2 E.02466
G1 X105.868 Y118.2 E.02731
G1 X106.04 Y117.446 E.02353
G1 X106.64 Y117.012 F18000
G1 F6000
G1 X104.592 Y117.012 E.06228
G1 X104.592 Y118.577 E.0476
G1 X106.224 Y118.577 E.04962
G1 X106.237 Y118.273 E.00923
G1 X106.387 Y117.591 E.02124
G1 X106.616 Y117.067 E.01742
G1 X107.337 Y116.635 F18000
G1 F6000
G1 X104.215 Y116.635 E.09494
G1 X104.215 Y118.954 E.07054
G1 X106.602 Y118.954 E.0726
G1 X106.6 Y118.396 E.01698
G1 X106.755 Y117.672 E.0225
G1 X107.061 Y117 E.02248
G1 X107.301 Y116.682 E.01209
G1 X108.462 Y116.353 F18000
;TYPE:Gap infill
;WIDTH:0.142831
G1 F6000
G1 X108.652 Y116.208 E.00193
;WIDTH:0.15669
G1 X108.779 Y116.122 E.0014
;WIDTH:0.182903
G1 X108.901 Y116.039 E.00167
G1 X109.065 Y116.062 F18000
;WIDTH:0.119089
G1 F6000
G2 X108.654 Y116.137 I1.175 J7.555 E.00256
G1 X111.345 Y116.137 F18000
;WIDTH:0.129807
G1 F6000
G2 X110.935 Y116.062 I-1.595 J7.536 E.00292
G1 X111.099 Y116.039 F18000
;WIDTH:0.170041
G1 F6000
G1 X111.221 Y116.122 E.00151
;WIDTH:0.15718
G1 X111.343 Y116.205 E.00136
;WIDTH:0.120409
G1 X111.538 Y116.353 E.00153
G1 X112.663 Y116.635 F18000
;TYPE:Internal solid infill
;WIDTH:0.419999
G1 F6000
G1 X112.939 Y117 E.01392
G1 X113.232 Y117.634 E.02124
G1 X113.395 Y118.354 E.02247
G1 X113.398 Y118.954 E.01823
G1 X115.785 Y118.954 E.0726
G1 X115.785 Y116.635 E.07054
G1 X112.723 Y116.635 E.09311
G1 X113.36 Y117.012 F18000
G1 F6000
G1 X113.574 Y117.475 E.01554
G3 X113.777 Y118.397 I-7.938 J2.227 E.02871
G1 X113.776 Y118.577 E.00547
G1 X115.408 Y118.577 E.04962
G1 X115.408 Y117.012 E.0476
G1 X113.42 Y117.012 E.06046
G1 X113.941 Y117.389 F18000
G1 F6000
G3 X114.141 Y118.2 I-84.491 J21.295 E.0254
G1 X115.03 Y118.2 E.02706
G1 X115.03 Y117.389 E.02466
G1 X114.001 Y117.389 E.03132
G1 X114.459 Y117.794 F18000
;WIDTH:0.476736
G1 F6000
G1 X114.565 Y117.794 E.0037
G1 X117 Y120.364 F18000
;TYPE:Gap infill
;WIDTH:0.431174
G1 F6000
G1 X117 Y124.143 E.11835
G3 X116.988 Y124.379 I-2.261 J.006 E.00741
;WIDTH:0.394222
G1 X116.974 Y124.486 E.00304
;WIDTH:0.380207
G1 X116.885 Y124.97 E.01339
G1 X117.05 Y115.225 F18000
;WIDTH:0.330912
G1 F6000
G1 X117.05 Y84.345 E.71728
G1 X117.009 Y83.557 E.01833
G1 X116.886 Y82.811 E.01755
G1 X116.678 Y82.061 E.01809
G1 X116.398 Y81.359 E.01755
G1 X116.041 Y80.685 E.01773
G1 X115.607 Y80.047 E.01791
G1 X115.118 Y79.471 E.01755
G1 X114.564 Y78.946 E.01773
G1 X113.956 Y78.484 E.01773
G1 X113.309 Y78.094 E.01755
G1 X112.609 Y77.77 E.01791
G1 X111.886 Y77.526 E.01773
G1 X111.148 Y77.364 E.01755
G1 X110.374 Y77.279 E.01809
G1 X109.618 Y77.28 E.01755
G1 X108.867 Y77.361 E.01755
G1 X108.107 Y77.529 E.01809
G1 X107.391 Y77.77 E.01755
G1 X106.698 Y78.09 E.01773
G1 X106.044 Y78.484 E.01773
G1 X105.442 Y78.941 E.01755
G1 X104.877 Y79.477 E.01809
G1 X104.388 Y80.053 E.01755
G1 X103.959 Y80.685 E.01773
G1 X103.599 Y81.366 E.01791
G1 X103.319 Y82.068 E.01755
G1 X103.115 Y82.804 E.01773
G1 X102.991 Y83.557 E.01773
G1 X102.95 Y84.345 E.01833
G1 X102.95 Y115.225 E.71728
; stop printing object LEG id:18398695746277035084 copy 0
;LAYER_CHANGE
;Z:10.84
;HEIGHT:0.2
G92 E0 ; zero the extruded length again
; BEFORE_LAYER_CHANGE 53 @ 10.84mm
G1 E-1.75 F6000
;WIPE_START
G1 X102.95 Y114.225 E-.75
;WIPE_END
; AFTER_LAYER_CHANGE 53 @ 10.84mm
;_SET_FAN_SPEED_CHANGING_LAYER
; printing object LEG id:18398695746277035084 copy 0
G1 X103.79 Y120.959 Z10.84 F18000
G1 E2.5 F6000
M204 P1000
;TYPE:Outer wall
;WIDTH:0.42
G1 F3600
G1 X103.79 Y125.945 E.15165
G3 X102.21 Y124.164 I.216 J-1.783 E.07918
G1 X102.21 Y84.325 E1.21164
G3 X110.82 Y76.584 I7.782 J-.003 E.39711
G1 X111.26 Y76.632 E.01346
G3 X117.79 Y84.325 I-1.298 J7.72 E.33349
G1 X117.79 Y124.164 E1.21164
G3 X116.21 Y125.945 I-1.818 J-.02 E.07897
G1 X116.21 Y120.959 E.15165
G1 X103.85 Y120.959 E.37591
G1 X103.398 Y120.567 F18000
M204 P1500
;TYPE:Inner wall
;WIDTH:0.45
G1 F6000
G1 X103.398 Y125.442 E.16005
G3 X102.602 Y124.153 I.646 J-1.289 E.05234
G1 X102.602 Y84.335 E1.30736
G3 X110.778 Y76.974 I7.394 J-.008 E.40735
G1 X111.197 Y77.02 E.01383
G3 X117.398 Y84.335 I-1.234 J7.332 E.34224
G1 X117.398 Y124.153 E1.30735
G3 X116.602 Y125.442 I-1.478 J-.023 E.0522
G1 X116.602 Y120.567 E.16005
G1 X110.81 Y120.567 E.19019
G1 X110.76 Y120.388 E.0061
G2 X109.24 Y120.388 I-.76 J-1.634 E.3203
G1 X109.19 Y120.567 E.0061
G1 X103.458 Y120.567 E.18822
G1 E-1.75
;WIPE_START
G1 X103.446 Y121.567 E-.75
;WIPE_END
G1 X103.69 Y114.629 F18000
G1 E2.5 F6000
M204 P1000
;TYPE:Outer wall
;WIDTH:0.42
G1 F3600
G1 X103.69 Y84.311 E.92209
G3 X109.658 Y78.018 I6.31 J.008 E.29082
G3 X116.31 Y84.311 I.321 J6.322 E.31131
G1 X116.31 Y114.629 E.92209
G1 X103.75 Y114.629 E.382
G1 X103.298 Y114.629 F18000
M204 P1500
;TYPE:Inner wall
;WIDTH:0.45
G1 F6000
G1 X103.298 Y84.3 E.9958
G3 X109.637 Y77.626 I6.702 J.018 E.33315
G3 X116.702 Y84.3 I.342 J6.715 E.35665
G1 X116.702 Y115.021 E1.00868
G1 X103.298 Y115.021 E.4401
G1 X103.298 Y114.689 E.0109
G1 E-1.75
;WIPE_START
G1 X103.298 Y113.689 E-.75
;WIPE_END
G1 X111.814 Y117.486 F18000
G1 E2.5 F6000
G1 X111.759 Y117.407 E.00315
G2 X108.293 Y120.16 I-1.759 J1.344 E.23107
G1 X103.009 Y120.16 E.17348
G1 X103.009 Y115.428 E.15536
G1 X116.991 Y115.428 E.45907
G1 X116.991 Y120.16 E.15536
G1 X111.707 Y120.16 E.17348
G2 X111.894 Y117.605 I-1.707 J-1.409 E.08971
G1 X111.847 Y117.535 E.00274
G1 X112.151 Y117.257 F18000
G1 F6000
G1 X112.082 Y117.162 E.00387
G2 X107.587 Y119.753 I-2.082 J1.583 E.2479
G1 X103.416 Y119.753 E.13695
G1 X103.416 Y115.835 E.12863
G1 X116.584 Y115.835 E.43233
G1 X116.584 Y119.753 E.12863
G1 X112.413 Y119.753 E.13695
G2 X112.24 Y117.396 I-2.413 J-1.008 E.08051
G1 X112.183 Y117.308 E.00346
G1 X112.488 Y117.029 F18000
G1 F6000
G1 X112.408 Y116.914 E.00459
G2 X112.197 Y116.663 I-2.437 J1.836 E.01076
G1 X111.753 Y116.242 E.02008
G1 X116.177 Y116.242 E.14525
G1 X116.177 Y119.346 E.10189
G1 X112.963 Y119.346 E.1055
G2 X112.591 Y117.185 I-2.992 J-.596 E.07363
G1 X112.521 Y117.079 E.00419
G1 E-1.75
;WIPE_START
G1 X112.408 Y116.914 E-.14993
G1 X112.197 Y116.663 E-.24566
G1 X111.854 Y116.338 E-.35441
;WIPE_END
G1 X108.247 Y116.242 F18000
G1 E2.5 F6000
G1 X107.803 Y116.663 E.02008
G2 X107.037 Y119.346 I2.226 J2.087 E.09514
G1 X103.823 Y119.346 E.1055
G1 X103.823 Y116.242 E.10189
G1 X108.187 Y116.242 E.14328
G1 E-1.75
;WIPE_START
G1 X107.803 Y116.663 E-.42716
G1 X107.591 Y116.913 E-.24576
G1 X107.533 Y116.998 E-.07709
;WIPE_END
G1 X111.148 Y117.937 F18000
G1 E2.5 F6000
M204 P1000
;TYPE:Outer wall
;WIDTH:0.42
G1 F3600
G1 X111.206 Y118.018 E.00303
G3 X109.772 Y117.352 I-1.207 J.722 E.21765
G1 X109.924 Y117.336 E.00465
G3 X111.023 Y117.775 I.076 J1.404 E.03716
G1 X111.111 Y117.89 E.00441
G1 E-1.75 F6000
;WIPE_START
G1 F3600
G1 X111.206 Y118.018 E-.11967
G1 X111.28 Y118.152 E-.11447
G1 X111.377 Y118.441 E-.22875
G1 X111.41 Y118.744 E-.22874
G1 X111.402 Y118.822 E-.05837
;WIPE_END
G1 X111.392 Y120.219 F18000
G1 E2.5 F6000
M204 P2000
;TYPE:Gap infill
;WIDTH:0.108826
G1 X111.321 Y120.302 E.00058
G3 X111.236 Y120.345 I-.083 J-.059 E.00053
G1 X110.591 Y120.513 F18000
;WIDTH:0.475997
G1 F6000
G3 X109.409 Y120.513 I-.591 J-4.055 E.04144
G1 X108.764 Y120.345 F18000
;WIDTH:0.109637
G1 F6000
G3 X108.608 Y120.219 I.054 J-.227 E.00112
G1 E-2.29258
;WIPE_START
G1 X108.698 Y120.323 E-.13782
G1 X108.764 Y120.345 E-.0696
;WIPE_END
G1 X103.115 Y124.97 F18000
G1 E2.5 F6000
;WIDTH:0.360153
G1 X103.026 Y124.486 E.0126
;WIDTH:0.405297
G3 X103.003 Y124.274 I2.009 J-.319 E.00623
;WIDTH:0.431455
G1 X103 Y120.364 E.12254
G1 X105.375 Y117.794 F18000
;TYPE:Internal solid infill
;WIDTH:0.476736
G1 F6000
G1 X105.481 Y117.794 E.0037
G1 X106.059 Y117.389 F18000
;WIDTH:0.419999
G1 F6000
G1 X104.97 Y117.389 E.03315
G1 X104.97 Y118.2 E.02466
G1 X105.868 Y118.2 E.02731
G1 X106.04 Y117.446 E.02353
G1 X106.64 Y117.012 F18000
G1 F6000
G1 X104.592 Y117.012 E.06228
G1 X104.592 Y118.577 E.0476
G1 X106.224 Y118.577 E.04962
G1 X106.237 Y118.273 E.00923
G1 X106.387 Y117.591 E.02124
G1 X106.616 Y117.067 E.01742
G1 X107.337 Y116.635 F18000
G1 F6000
G1 X104.215 Y116.635 E.09494
G1 X104.215 Y118.954 E.07054
G1 X106.602 Y118.954 E.0726
G1 X106.6 Y118.396 E.01697
G1 X106.755 Y117.672 E.0225
G1 X107.061 Y117 E.02248
G1 X107.301 Y116.682 E.01209
G1 X108.462 Y116.353 F18000
;TYPE:Gap infill
;WIDTH:0.142831
G1 F6000
G1 X108.652 Y116.208 E.00193
;WIDTH:0.156691
G1 X108.779 Y116.122 E.0014
;WIDTH:0.182904
G1 X108.901 Y116.039 E.00167
G1 X109.065 Y116.062 F18000
;WIDTH:0.119087
G1 F6000
G2 X108.655 Y116.137 I1.177 J7.563 E.00256
G1 X111.345 Y116.137 F18000
;WIDTH:0.129799
G1 F6000
G2 X110.935 Y116.062 I-1.585 J7.475 E.00292
G1 X111.099 Y116.039 F18000
;WIDTH:0.170037
G1 F6000
G1 X111.221 Y116.122 E.00151
;WIDTH:0.157174
G1 X111.343 Y116.205 E.00136
;WIDTH:0.120405
G1 X111.538 Y116.353 E.00153
G1 X112.663 Y116.635 F18000
;TYPE:Internal solid infill
;WIDTH:0.419999
G1 F6000
G1 X112.939 Y117 E.01392
G1 X113.232 Y117.634 E.02124
G1 X113.395 Y118.354 E.02248
G1 X113.398 Y118.954 E.01823
G1 X115.785 Y118.954 E.0726
G1 X115.785 Y116.635 E.07054
G1 X112.723 Y116.635 E.09311
G1 X113.36 Y117.012 F18000
G1 F6000
G1 X113.574 Y117.475 E.01554
G3 X113.777 Y118.397 I-7.939 J2.227 E.02871
G1 X113.776 Y118.577 E.00547
G1 X115.408 Y118.577 E.04962
G1 X115.408 Y117.012 E.0476
G1 X113.42 Y117.012 E.06046
G1 X113.941 Y117.389 F18000
G1 F6000
G3 X114.141 Y118.2 I-83.244 J20.983 E.0254
G1 X115.03 Y118.2 E.02706
G1 X115.03 Y117.389 E.02466
G1 X114.001 Y117.389 E.03132
G1 X114.459 Y117.794 F18000
;WIDTH:0.476736
G1 F6000
G1 X114.565 Y117.794 E.0037
G1 X117 Y120.364 F18000
;TYPE:Gap infill
;WIDTH:0.431174
G1 F6000
G1 X117 Y124.143 E.11835
G3 X116.988 Y124.379 I-2.261 J.006 E.00741
;WIDTH:0.394222
G1 X116.974 Y124.486 E.00304
;WIDTH:0.380205
G1 X116.885 Y124.97 E.01339
G1 X117.05 Y115.225 F18000
;WIDTH:0.330912
G1 F6000
G1 X117.05 Y84.345 E.71728
G1 X117.009 Y83.557 E.01833
G1 X116.886 Y82.811 E.01755
G1 X116.678 Y82.061 E.01809
G1 X116.398 Y81.359 E.01755
G1 X116.041 Y80.684 E.01773
G1 X115.612 Y80.053 E.01773
G1 X115.123 Y79.477 E.01755
G1 X114.564 Y78.946 E.01791
G1 X113.956 Y78.484 E.01773
G1 X113.309 Y78.094 E.01755
G1 X112.609 Y77.77 E.01791
G1 X111.886 Y77.526 E.01773
G1 X111.148 Y77.364 E.01755
G1 X110.374 Y77.279 E.01809
G1 X109.618 Y77.28 E.01755
G1 X108.867 Y77.361 E.01755
G1 X108.107 Y77.529 E.01809
G1 X107.391 Y77.77 E.01755
G1 X106.698 Y78.09 E.01773
G1 X106.044 Y78.484 E.01773
G1 X105.442 Y78.941 E.01755
G1 X104.877 Y79.477 E.01809
G1 X104.388 Y80.053 E.01755
G1 X103.959 Y80.685 E.01773
G1 X103.599 Y81.366 E.01791
G1 X103.319 Y82.068 E.01755
G1 X103.115 Y82.804 E.01773
G1 X102.991 Y83.557 E.01773
G1 X102.95 Y84.345 E.01833
G1 X102.95 Y115.225 E.71728
; stop printing object LEG id:18398695746277035084 copy 0
;LAYER_CHANGE
;Z:11.04
;HEIGHT:0.2
G92 E0 ; zero the extruded length again
; BEFORE_LAYER_CHANGE 54 @ 11.04mm
G1 E-1.75 F6000
;WIPE_START
G1 X102.95 Y114.225 E-.75
;WIPE_END
; AFTER_LAYER_CHANGE 54 @ 11.04mm
;_SET_FAN_SPEED_CHANGING_LAYER
; printing object LEG id:18398695746277035084 copy 0
G1 X103.79 Y120.959 Z11.04 F18000
G1 E2.5 F6000
M204 P1000
;TYPE:Outer wall
;WIDTH:0.42
G1 F3600
G1 X103.79 Y125.945 E.15165
G3 X102.21 Y124.164 I.238 J-1.802 E.07897
G1 X102.21 Y84.325 E1.21164
G3 X110.812 Y76.583 I7.782 J-.003 E.39685
G1 X111.26 Y76.632 E.01371
G3 X117.79 Y84.325 I-1.297 J7.719 E.3335
G1 X117.79 Y124.164 E1.21164
G3 X116.21 Y125.945 I-1.818 J-.02 E.07897
G1 X116.21 Y120.959 E.15165
G1 X103.85 Y120.959 E.37591
G1 X103.398 Y120.567 F18000
M204 P1500
;TYPE:Inner wall
;WIDTH:0.45
G1 F6000
G1 X103.398 Y125.442 E.16005
G3 X102.602 Y124.153 I.682 J-1.311 E.0522
G1 X102.602 Y84.335 E1.30736
G3 X110.77 Y76.973 I7.394 J-.008 E.40707
G1 X111.197 Y77.02 E.01411
G3 X117.398 Y84.335 I-1.233 J7.331 E.34224
G1 X117.398 Y124.153 E1.30735
G3 X116.602 Y125.442 I-1.478 J-.023 E.0522
G1 X116.602 Y120.567 E.16005
G1 X110.81 Y120.567 E.19019
G1 X110.76 Y120.388 E.0061
G2 X108.988 Y120.237 I-.752 J-1.638 E.31082
G1 X109.24 Y120.388 E.00966
G1 X109.19 Y120.567 E.0061
G1 X103.458 Y120.567 E.18822
G1 E-1.75
;WIPE_START
G1 X103.446 Y121.567 E-.75
;WIPE_END
G1 X103.69 Y114.629 F18000
G1 E2.5 F6000
M204 P1000
;TYPE:Outer wall
;WIDTH:0.42
G1 F3600
G1 X103.69 Y84.311 E.92209
G3 X109.658 Y78.018 I6.31 J.008 E.29082
G3 X116.31 Y84.311 I.321 J6.322 E.31131
G1 X116.31 Y114.629 E.92209
G1 X103.75 Y114.629 E.382
G1 X103.298 Y114.629 F18000
M204 P1500
;TYPE:Inner wall
;WIDTH:0.45
G1 F6000
G1 X103.298 Y84.3 E.9958
G3 X109.637 Y77.626 I6.702 J.018 E.33315
G3 X116.702 Y84.3 I.342 J6.715 E.35665
G1 X116.702 Y115.021 E1.00868
G1 X103.298 Y115.021 E.4401
G1 X103.298 Y114.689 E.0109
G1 E-1.75
;WIPE_START
G1 X103.298 Y113.689 E-.75
;WIPE_END
G1 X111.808 Y117.477 F18000
G1 E2.5 F6000
G1 X111.759 Y117.407 E.0028
G2 X108.293 Y120.16 I-1.759 J1.344 E.23111
G1 X103.009 Y120.16 E.17348
G1 X103.009 Y115.428 E.15536
G1 X116.991 Y115.428 E.45907
G1 X116.991 Y120.16 E.15536
G1 X111.707 Y120.16 E.17348
G2 X111.894 Y117.604 I-1.707 J-1.41 E.08972
G1 X111.842 Y117.527 E.00309
G1 X112.145 Y117.248 F18000
G1 F6000
G1 X112.082 Y117.162 E.00352
G2 X107.587 Y119.753 I-2.082 J1.583 E.2479
G1 X103.416 Y119.753 E.13695
G1 X103.416 Y115.835 E.12863
G1 X116.584 Y115.835 E.43233
G1 X116.584 Y119.753 E.12863
G1 X112.413 Y119.753 E.13695
G2 X112.24 Y117.396 I-2.413 J-1.008 E.0805
G1 X112.177 Y117.299 E.0038
G1 X112.482 Y117.02 F18000
G1 F6000
G1 X112.408 Y116.914 E.00425
G2 X112.197 Y116.663 I-2.437 J1.836 E.01076
G1 X111.753 Y116.242 E.02008
G1 X116.177 Y116.242 E.14525
G1 X116.177 Y119.346 E.10189
G1 X112.963 Y119.346 E.1055
G2 X112.591 Y117.185 I-2.992 J-.596 E.07363
G1 X112.515 Y117.07 E.00453
G1 E-1.75
;WIPE_START
G1 X112.408 Y116.914 E-.1421
G1 X112.197 Y116.663 E-.24566
G1 X111.846 Y116.331 E-.36224
;WIPE_END
G1 X108.247 Y116.242 F18000
G1 E2.5 F6000
G1 X107.803 Y116.663 E.02008
G2 X107.037 Y119.346 I2.226 J2.087 E.09514
G1 X103.823 Y119.346 E.1055
G1 X103.823 Y116.242 E.10189
G1 X108.187 Y116.242 E.14328
G1 E-1.75
;WIPE_START
G1 X107.803 Y116.663 E-.42716
G1 X107.591 Y116.913 E-.24576
G1 X107.533 Y116.998 E-.07708
;WIPE_END
G1 X111.144 Y117.926 F18000
G1 E2.5 F6000
M204 P1000
;TYPE:Outer wall
;WIDTH:0.42
G1 F3600
G1 X111.279 Y118.152 E.008
G3 X109.772 Y117.352 I-1.28 J.591 E.21358
G1 X109.924 Y117.336 E.00465
G3 X111.111 Y117.877 I.076 J1.407 E.04126
G1 E-1.75 F6000
;WIPE_START
G1 F3600
G1 X111.279 Y118.152 E-.24217
G1 X111.377 Y118.441 E-.22868
G1 X111.41 Y118.744 E-.22874
G1 X111.403 Y118.811 E-.05041
;WIPE_END
G1 X111.392 Y120.219 F18000
G1 E2.5 F6000
M204 P2000
;TYPE:Gap infill
;WIDTH:0.108826
G1 X111.321 Y120.302 E.00058
G3 X111.236 Y120.345 I-.083 J-.059 E.00053
G1 X110.591 Y120.513 F18000
;WIDTH:0.475998
G1 F6000
G3 X109.409 Y120.513 I-.591 J-4.055 E.04144
G1 X108.764 Y120.345 F18000
;WIDTH:0.109638
G1 F6000
G3 X108.608 Y120.219 I.054 J-.227 E.00112
G1 E-2.29258
;WIPE_START
G1 X108.698 Y120.323 E-.13782
G1 X108.764 Y120.345 E-.0696
;WIPE_END
G1 X103.115 Y124.97 F18000
G1 E2.5 F6000
;WIDTH:0.360149
G1 X103.026 Y124.486 E.0126
;WIDTH:0.405299
G3 X103.003 Y124.274 I2.01 J-.319 E.00623
;WIDTH:0.431455
G1 X103 Y120.364 E.12254
G1 X105.375 Y117.794 F18000
;TYPE:Internal solid infill
;WIDTH:0.476736
G1 F6000
G1 X105.481 Y117.794 E.0037
G1 X106.059 Y117.389 F18000
;WIDTH:0.419999
G1 F6000
G1 X104.97 Y117.389 E.03315
G1 X104.97 Y118.2 E.02466
G1 X105.868 Y118.2 E.02731
G1 X106.04 Y117.446 E.02353
G1 X106.64 Y117.012 F18000
G1 F6000
G1 X104.592 Y117.012 E.06228
G1 X104.592 Y118.577 E.0476
G1 X106.224 Y118.577 E.04962
G1 X106.237 Y118.273 E.00923
G1 X106.387 Y117.591 E.02124
G1 X106.616 Y117.067 E.01742
G1 X107.337 Y116.635 F18000
G1 F6000
G1 X104.215 Y116.635 E.09494
G1 X104.215 Y118.954 E.07054
G1 X106.602 Y118.954 E.0726
G1 X106.6 Y118.396 E.01697
G1 X106.755 Y117.672 E.0225
G1 X107.061 Y117 E.02248
G1 X107.301 Y116.682 E.01209
G1 X108.462 Y116.353 F18000
;TYPE:Gap infill
;WIDTH:0.142825
G1 F6000
G1 X108.652 Y116.208 E.00193
;WIDTH:0.156683
G1 X108.779 Y116.122 E.0014
;WIDTH:0.182898
G1 X108.901 Y116.039 E.00167
G1 X109.065 Y116.062 F18000
;WIDTH:0.119086
G1 F6000
G2 X108.654 Y116.137 I1.174 J7.543 E.00256
G1 X111.346 Y116.137 F18000
;WIDTH:0.129805
G1 F6000
G2 X110.935 Y116.062 I-1.586 J7.478 E.00292
G1 X111.099 Y116.039 F18000
;WIDTH:0.17005
G1 F6000
G1 X111.221 Y116.122 E.00151
;WIDTH:0.15719
G1 X111.343 Y116.205 E.00136
;WIDTH:0.120414
G1 X111.538 Y116.353 E.00153
G1 X112.663 Y116.635 F18000
;TYPE:Internal solid infill
;WIDTH:0.419999
G1 F6000
G1 X112.939 Y117 E.01392
G1 X113.232 Y117.634 E.02124
G1 X113.395 Y118.354 E.02247
G1 X113.398 Y118.954 E.01823
G1 X115.785 Y118.954 E.0726
G1 X115.785 Y116.635 E.07054
G1 X112.723 Y116.635 E.09311
G1 X113.36 Y117.012 F18000
G1 F6000
G1 X113.574 Y117.475 E.01554
G3 X113.777 Y118.397 I-7.938 J2.227 E.02871
G1 X113.776 Y118.577 E.00547
G1 X115.408 Y118.577 E.04962
G1 X115.408 Y117.012 E.0476
G1 X113.42 Y117.012 E.06046
G1 X113.941 Y117.389 F18000
G1 F6000
G3 X114.141 Y118.2 I-84.426 J21.278 E.0254
G1 X115.03 Y118.2 E.02706
G1 X115.03 Y117.389 E.02466
G1 X114.001 Y117.389 E.03132
G1 X114.459 Y117.794 F18000
;WIDTH:0.476736
G1 F6000
G1 X114.565 Y117.794 E.0037
G1 X117 Y120.364 F18000
;TYPE:Gap infill
;WIDTH:0.431174
G1 F6000
G1 X117 Y124.143 E.11835
G3 X116.988 Y124.379 I-2.261 J.006 E.00741
;WIDTH:0.394222
G1 X116.974 Y124.486 E.00304
;WIDTH:0.380205
G1 X116.885 Y124.97 E.01339
G1 X117.05 Y115.225 F18000
;WIDTH:0.330912
G1 F6000
G1 X117.05 Y84.345 E.71728
G1 X117.009 Y83.557 E.01833
G1 X116.886 Y82.811 E.01755
G1 X116.678 Y82.061 E.01809
G1 X116.398 Y81.359 E.01755
G1 X116.041 Y80.685 E.01773
G1 X115.607 Y80.047 E.01791
G1 X115.118 Y79.471 E.01755
G1 X114.564 Y78.946 E.01773
G1 X113.956 Y78.484 E.01773
G1 X113.309 Y78.094 E.01755
G1 X112.609 Y77.77 E.01791
G1 X111.886 Y77.526 E.01773
G1 X111.148 Y77.364 E.01755
G1 X110.374 Y77.279 E.01809
G1 X109.618 Y77.28 E.01755
G1 X108.867 Y77.361 E.01755
G1 X108.107 Y77.529 E.01809
G1 X107.391 Y77.77 E.01755
G1 X106.698 Y78.09 E.01773
G1 X106.044 Y78.484 E.01773
G1 X105.442 Y78.941 E.01755
G1 X104.877 Y79.477 E.01809
G1 X104.388 Y80.053 E.01755
G1 X103.959 Y80.685 E.01773
G1 X103.599 Y81.366 E.01791
G1 X103.319 Y82.068 E.01755
G1 X103.115 Y82.804 E.01773
G1 X102.991 Y83.557 E.01773
G1 X102.95 Y84.345 E.01833
G1 X102.95 Y115.225 E.71728
; stop printing object LEG id:18398695746277035084 copy 0
;LAYER_CHANGE
;Z:11.24
;HEIGHT:0.2
G92 E0 ; zero the extruded length again
; BEFORE_LAYER_CHANGE 55 @ 11.24mm
G1 E-1.75 F6000
;WIPE_START
G1 X102.95 Y114.225 E-.75
;WIPE_END
; AFTER_LAYER_CHANGE 55 @ 11.24mm
;_SET_FAN_SPEED_CHANGING_LAYER
; printing object LEG id:18398695746277035084 copy 0
G1 X103.79 Y120.959 Z11.24 F18000
G1 E2.5 F6000
M204 P1000
;TYPE:Outer wall
;WIDTH:0.42
G1 F3600
G1 X103.79 Y125.945 E.15165
G3 X102.21 Y124.164 I.216 J-1.783 E.07918
G1 X102.21 Y84.325 E1.21164
G3 X102.392 Y82.645 I7.815 J-.002 E.0515
G1 X102.618 Y81.832 E.02565
G3 X110.804 Y76.582 I7.367 J2.481 E.31951
G1 X111.26 Y76.632 E.01397
G3 X117.79 Y84.325 I-1.297 J7.719 E.3335
G1 X117.79 Y124.164 E1.21164
G3 X116.21 Y125.945 I-1.818 J-.02 E.07897
G1 X116.21 Y120.959 E.15165
G1 X103.85 Y120.959 E.37591
G1 X103.398 Y120.567 F18000
M204 P1500
;TYPE:Inner wall
;WIDTH:0.45
G1 F6000
G1 X103.398 Y125.442 E.16005
G3 X102.602 Y124.153 I.646 J-1.289 E.05234
G1 X102.602 Y84.335 E1.30736
G3 X110.761 Y76.972 I7.395 J-.008 E.40679
G1 X111.197 Y77.02 E.01438
G3 X117.398 Y84.335 I-1.233 J7.331 E.34224
G1 X117.398 Y124.153 E1.30735
G3 X116.602 Y125.442 I-1.478 J-.023 E.0522
G1 X116.602 Y120.567 E.16005
G1 X110.81 Y120.567 E.19019
G1 X110.76 Y120.388 E.0061
G2 X108.988 Y120.237 I-.752 J-1.638 E.31082
G1 X109.24 Y120.388 E.00966
G1 X109.19 Y120.567 E.0061
G1 X103.458 Y120.567 E.18822
G1 E-1.75
;WIPE_START
G1 X103.446 Y121.567 E-.75
;WIPE_END
G1 X103.69 Y114.629 F18000
G1 E2.5 F6000
M204 P1000
;TYPE:Outer wall
;WIDTH:0.42
G1 F3600
G1 X103.69 Y84.311 E.92209
G3 X109.658 Y78.018 I6.31 J.008 E.29082
G3 X116.31 Y84.311 I.321 J6.322 E.31131
G1 X116.31 Y114.629 E.92209
G1 X103.75 Y114.629 E.382
G1 X103.298 Y114.629 F18000
M204 P1500
;TYPE:Inner wall
;WIDTH:0.45
G1 F6000
G1 X103.298 Y84.3 E.9958
G3 X109.637 Y77.626 I6.702 J.018 E.33315
G3 X116.702 Y84.3 I.342 J6.715 E.35665
G1 X116.702 Y115.021 E1.00868
G1 X103.298 Y115.021 E.4401
G1 X103.298 Y114.689 E.0109
G1 E-1.75
;WIPE_START
G1 X103.298 Y113.689 E-.75
;WIPE_END
G1 X111.809 Y117.478 F18000
G1 E2.5 F6000
G1 X111.759 Y117.407 E.00285
G2 X108.293 Y120.16 I-1.759 J1.344 E.23107
G1 X103.009 Y120.16 E.17348
G1 X103.009 Y115.428 E.15536
G1 X116.991 Y115.428 E.45907
G1 X116.991 Y120.16 E.15536
G1 X111.707 Y120.16 E.17348
G2 X111.894 Y117.605 I-1.707 J-1.409 E.08971
G1 X111.842 Y117.528 E.00304
G1 X112.146 Y117.25 F18000
G1 F6000
G1 X112.084 Y117.16 E.00357
G2 X107.587 Y119.753 I-2.084 J1.582 E.24816
G1 X103.416 Y119.753 E.13695
G1 X103.416 Y115.835 E.12863
G1 X116.584 Y115.835 E.43233
G1 X116.584 Y119.753 E.12863
G1 X112.413 Y119.753 E.13695
G2 X112.243 Y117.395 I-2.413 J-1.011 E.08054
G1 X112.179 Y117.3 E.00376
G1 X112.483 Y117.021 F18000
G1 F6000
G1 X112.407 Y116.914 E.0043
G2 X112.068 Y116.541 I-2.382 J1.824 E.01659
G1 X111.753 Y116.242 E.01424
G1 X116.177 Y116.242 E.14525
G1 X116.177 Y119.346 E.10189
G1 X112.963 Y119.346 E.1055
G2 X112.592 Y117.185 I-2.939 J-.607 E.07371
G1 X112.516 Y117.071 E.00449
G1 E-1.75
;WIPE_START
G1 X112.407 Y116.914 E-.14312
G1 X112.197 Y116.663 E-.24564
G1 X112.068 Y116.541 E-.13353
G1 X111.847 Y116.332 E-.22771
;WIPE_END
G1 X108.247 Y116.242 F18000
G1 E2.5 F6000
G1 X107.803 Y116.663 E.02008
G2 X107.037 Y119.346 I2.226 J2.087 E.09514
G1 X103.823 Y119.346 E.1055
G1 X103.823 Y116.242 E.10189
G1 X108.187 Y116.242 E.14328
G1 E-1.75
;WIPE_START
G1 X107.803 Y116.663 E-.42717
G1 X107.591 Y116.913 E-.24573
G1 X107.533 Y116.998 E-.0771
;WIPE_END
G1 X111.145 Y117.928 F18000
G1 E2.5 F6000
M204 P1000
;TYPE:Outer wall
;WIDTH:0.42
G1 F3600
G1 X111.277 Y118.153 E.00795
G3 X109.772 Y117.352 I-1.278 J.587 E.21302
G1 X109.924 Y117.336 E.00465
G3 X111.111 Y117.878 I.076 J1.404 E.04129
G1 E-1.75 F6000
;WIPE_START
G1 F3600
G1 X111.277 Y118.153 E-.24095
G1 X111.377 Y118.441 E-.22853
G1 X111.41 Y118.744 E-.22874
G1 X111.403 Y118.813 E-.05178
;WIPE_END
G1 X111.392 Y120.219 F18000
G1 E2.5 F6000
M204 P2000
;TYPE:Gap infill
;WIDTH:0.10883
G1 X111.321 Y120.302 E.00058
G3 X111.236 Y120.345 I-.083 J-.059 E.00053
G1 X110.591 Y120.513 F18000
;WIDTH:0.475998
G1 F6000
G3 X109.409 Y120.513 I-.591 J-4.055 E.04144
G1 X108.764 Y120.345 F18000
;WIDTH:0.109642
G1 F6000
G3 X108.608 Y120.219 I.054 J-.227 E.00112
G1 E-2.29255
;WIPE_START
G1 X108.698 Y120.323 E-.13784
G1 X108.764 Y120.345 E-.06961
;WIPE_END
G1 X103.115 Y124.97 F18000
G1 E2.5 F6000
;WIDTH:0.360153
G1 X103.026 Y124.486 E.0126
;WIDTH:0.405297
G3 X103.003 Y124.274 I2.009 J-.319 E.00623
;WIDTH:0.431455
G1 X103 Y120.364 E.12254
G1 X105.375 Y117.794 F18000
;TYPE:Internal solid infill
;WIDTH:0.476736
G1 F6000
G1 X105.481 Y117.794 E.0037
G1 X106.059 Y117.389 F18000
;WIDTH:0.419999
G1 F6000
G1 X104.97 Y117.389 E.03315
G1 X104.97 Y118.2 E.02466
G1 X105.868 Y118.2 E.02731
G1 X106.04 Y117.446 E.02353
G1 X106.64 Y117.012 F18000
G1 F6000
G1 X104.592 Y117.012 E.06228
G1 X104.592 Y118.577 E.0476
G1 X106.224 Y118.577 E.04962
G1 X106.237 Y118.273 E.00923
G1 X106.387 Y117.591 E.02124
G1 X106.616 Y117.067 E.01742
G1 X107.337 Y116.635 F18000
G1 F6000
G1 X104.215 Y116.635 E.09494
G1 X104.215 Y118.954 E.07054
G1 X106.602 Y118.954 E.0726
G1 X106.6 Y118.396 E.01697
G1 X106.755 Y117.672 E.0225
G1 X107.061 Y117 E.02248
G1 X107.301 Y116.682 E.01209
G1 X108.462 Y116.353 F18000
;TYPE:Gap infill
;WIDTH:0.14284
G1 F6000
G1 X108.652 Y116.208 E.00193
;WIDTH:0.156699
G1 X108.779 Y116.122 E.0014
;WIDTH:0.18291
G1 X108.901 Y116.039 E.00167
G1 X109.065 Y116.062 F18000
;WIDTH:0.119087
G1 F6000
G2 X108.655 Y116.137 I1.185 J7.612 E.00256
G1 X111.345 Y116.137 F18000
;WIDTH:0.129802
G1 F6000
G2 X110.935 Y116.062 I-1.586 J7.484 E.00292
G1 X111.099 Y116.039 F18000
;WIDTH:0.170028
G1 F6000
G1 X111.221 Y116.122 E.00151
;WIDTH:0.157164
G1 X111.343 Y116.205 E.00136
;WIDTH:0.120401
G1 X111.538 Y116.353 E.00153
G1 X112.663 Y116.635 F18000
;TYPE:Internal solid infill
;WIDTH:0.419999
G1 F6000
G1 X112.939 Y117 E.01392
G1 X113.232 Y117.634 E.02124
G1 X113.395 Y118.354 E.02247
G1 X113.398 Y118.954 E.01823
G1 X115.785 Y118.954 E.0726
G1 X115.785 Y116.635 E.07054
G1 X112.723 Y116.635 E.09311
G1 X113.36 Y117.012 F18000
G1 F6000
G1 X113.574 Y117.475 E.01554
G3 X113.777 Y118.397 I-7.938 J2.227 E.02871
G1 X113.776 Y118.577 E.00547
G1 X115.408 Y118.577 E.04962
G1 X115.408 Y117.012 E.0476
G1 X113.42 Y117.012 E.06046
G1 X113.941 Y117.389 F18000
G1 F6000
G3 X114.141 Y118.2 I-84.55 J21.309 E.0254
G1 X115.03 Y118.2 E.02706
G1 X115.03 Y117.389 E.02466
G1 X114.001 Y117.389 E.03132
G1 X114.459 Y117.794 F18000
;WIDTH:0.476736
G1 F6000
G1 X114.565 Y117.794 E.0037
G1 X117 Y120.364 F18000
;TYPE:Gap infill
;WIDTH:0.431174
G1 F6000
G1 X117 Y124.143 E.11835
G3 X116.988 Y124.379 I-2.261 J.006 E.00741
;WIDTH:0.394222
G1 X116.974 Y124.486 E.00304
;WIDTH:0.380205
G1 X116.885 Y124.97 E.01339
G1 X117.05 Y115.225 F18000
;WIDTH:0.330912
G1 F6000
G1 X117.05 Y84.345 E.71728
G1 X117.009 Y83.557 E.01833
G1 X116.886 Y82.811 E.01755
G1 X116.678 Y82.061 E.01809
G1 X116.398 Y81.359 E.01755
G1 X116.041 Y80.685 E.01773
G1 X115.607 Y80.047 E.01791
G1 X115.118 Y79.471 E.01755
G1 X114.564 Y78.946 E.01773
G1 X113.956 Y78.484 E.01773
G1 X113.309 Y78.094 E.01755
G1 X112.609 Y77.77 E.01791
G1 X111.886 Y77.526 E.01773
G1 X111.148 Y77.364 E.01755
G1 X110.374 Y77.279 E.01809
G1 X109.618 Y77.28 E.01755
G1 X108.867 Y77.361 E.01755
G1 X108.107 Y77.529 E.01809
G1 X107.391 Y77.77 E.01755
G1 X106.698 Y78.09 E.01773
G1 X106.044 Y78.484 E.01773
G1 X105.442 Y78.941 E.01755
G1 X104.877 Y79.477 E.01809
G1 X104.388 Y80.053 E.01755
G1 X103.959 Y80.685 E.01773
G1 X103.599 Y81.366 E.01791
G1 X103.319 Y82.068 E.01755
G1 X103.115 Y82.804 E.01773
G1 X102.991 Y83.557 E.01773
G1 X102.95 Y84.345 E.01833
G1 X102.95 Y115.225 E.71728
; stop printing object LEG id:18398695746277035084 copy 0
;LAYER_CHANGE
;Z:11.44
;HEIGHT:0.2
G92 E0 ; zero the extruded length again
; BEFORE_LAYER_CHANGE 56 @ 11.44mm
G1 E-1.75 F6000
;WIPE_START
G1 X102.95 Y114.225 E-.75
;WIPE_END
; AFTER_LAYER_CHANGE 56 @ 11.44mm
;_SET_FAN_SPEED_CHANGING_LAYER
; printing object LEG id:18398695746277035084 copy 0
G1 X103.79 Y120.959 Z11.44 F18000
G1 E2.5 F6000
M204 P1000
;TYPE:Outer wall
;WIDTH:0.42
G1 F3600
G1 X103.79 Y125.945 E.15165
G3 X102.21 Y124.164 I.238 J-1.802 E.07897
G1 X102.21 Y84.325 E1.21164
G3 X102.392 Y82.645 I7.815 J-.002 E.0515
G1 X102.618 Y81.832 E.02565
G3 X110.795 Y76.581 I7.367 J2.481 E.31925
G1 X111.26 Y76.632 E.01423
G3 X117.79 Y84.325 I-1.297 J7.719 E.3335
G1 X117.79 Y124.164 E1.21164
G3 X116.21 Y125.945 I-1.818 J-.02 E.07897
G1 X116.21 Y120.959 E.15165
G1 X103.85 Y120.959 E.37591
G1 X103.398 Y120.567 F18000
M204 P1500
;TYPE:Inner wall
;WIDTH:0.45
G1 F6000
G1 X103.398 Y125.442 E.16005
G3 X102.602 Y124.153 I.682 J-1.311 E.0522
G1 X102.602 Y84.335 E1.30736
G3 X110.753 Y76.971 I7.395 J-.008 E.40652
G1 X111.197 Y77.02 E.01466
G3 X117.398 Y84.335 I-1.233 J7.331 E.34224
G1 X117.398 Y124.153 E1.30735
G3 X116.602 Y125.442 I-1.478 J-.023 E.0522
G1 X116.602 Y120.567 E.16005
G1 X110.81 Y120.567 E.19019
G1 X110.76 Y120.388 E.0061
G2 X109.24 Y120.388 I-.76 J-1.634 E.3203
G1 X109.19 Y120.567 E.0061
G1 X103.458 Y120.567 E.18822
G1 E-1.75
;WIPE_START
G1 X103.446 Y121.567 E-.75
;WIPE_END
G1 X103.69 Y114.629 F18000
G1 E2.5 F6000
M204 P1000
;TYPE:Outer wall
;WIDTH:0.42
G1 F3600
G1 X103.69 Y84.311 E.92209
G3 X109.658 Y78.018 I6.31 J.008 E.29082
G3 X116.31 Y84.311 I.321 J6.322 E.31131
G1 X116.31 Y114.629 E.92209
G1 X103.75 Y114.629 E.382
G1 X103.298 Y114.629 F18000
M204 P1500
;TYPE:Inner wall
;WIDTH:0.45
G1 F6000
G1 X103.298 Y84.3 E.9958
G3 X109.637 Y77.626 I6.702 J.018 E.33315
G3 X116.702 Y84.3 I.342 J6.715 E.35665
G1 X116.702 Y115.021 E1.00868
G1 X103.298 Y115.021 E.4401
G1 X103.298 Y114.689 E.0109
G1 E-1.75
;WIPE_START
G1 X103.298 Y113.689 E-.75
;WIPE_END
G1 X111.808 Y117.477 F18000
G1 E2.5 F6000
G1 X111.759 Y117.407 E.00279
G2 X108.293 Y120.16 I-1.759 J1.344 E.23107
G1 X103.009 Y120.16 E.17348
G1 X103.009 Y115.428 E.15536
G1 X116.991 Y115.428 E.45907
G1 X116.991 Y120.16 E.15536
G1 X111.707 Y120.16 E.17348
G2 X111.894 Y117.605 I-1.707 J-1.409 E.08971
G1 X111.841 Y117.526 E.0031
G1 X112.145 Y117.248 F18000
G1 F6000
G1 X112.082 Y117.162 E.00351
G2 X107.587 Y119.753 I-2.082 J1.583 E.2479
G1 X103.416 Y119.753 E.13695
G1 X103.416 Y115.835 E.12863
G1 X116.584 Y115.835 E.43233
G1 X116.584 Y119.753 E.12863
G1 X112.413 Y119.753 E.13695
G2 X112.24 Y117.396 I-2.413 J-1.008 E.08051
G1 X112.177 Y117.298 E.00382
G1 X112.482 Y117.02 F18000
G1 F6000
G1 X112.408 Y116.914 E.00424
G2 X112.197 Y116.663 I-2.437 J1.836 E.01076
G1 X111.753 Y116.242 E.02008
G1 X116.177 Y116.242 E.14525
G1 X116.177 Y119.346 E.10189
G1 X112.963 Y119.346 E.1055
G2 X112.591 Y117.185 I-2.992 J-.596 E.07363
G1 X112.515 Y117.07 E.00454
G1 E-1.75
;WIPE_START
G1 X112.408 Y116.914 E-.14179
G1 X112.197 Y116.663 E-.24571
G1 X111.846 Y116.331 E-.36251
;WIPE_END
G1 X108.247 Y116.242 F18000
G1 E2.5 F6000
G1 X107.803 Y116.663 E.02008
G2 X107.037 Y119.346 I2.226 J2.087 E.09514
G1 X103.823 Y119.346 E.1055
G1 X103.823 Y116.242 E.10189
G1 X108.187 Y116.242 E.14328
G1 E-1.75
;WIPE_START
G1 X107.803 Y116.663 E-.42716
G1 X107.591 Y116.913 E-.24574
G1 X107.533 Y116.998 E-.0771
;WIPE_END
G1 X111.144 Y117.926 F18000
G1 E2.5 F6000
M204 P1000
;TYPE:Outer wall
;WIDTH:0.42
G1 F3600
G1 X111.277 Y118.153 E.00801
G3 X109.772 Y117.352 I-1.278 J.587 E.21301
G1 X109.924 Y117.336 E.00465
G3 X111.11 Y117.877 I.076 J1.404 E.04123
G1 E-1.75 F6000
;WIPE_START
G1 F3600
G1 X111.277 Y118.153 E-.24228
G1 X111.377 Y118.441 E-.22852
G1 X111.41 Y118.744 E-.22875
G1 X111.403 Y118.811 E-.05045
;WIPE_END
G1 X111.392 Y120.219 F18000
G1 E2.5 F6000
M204 P2000
;TYPE:Gap infill
;WIDTH:0.108826
G1 X111.321 Y120.302 E.00058
G3 X111.236 Y120.345 I-.083 J-.059 E.00053
G1 X110.591 Y120.513 F18000
;WIDTH:0.475998
G1 F6000
G3 X109.409 Y120.513 I-.591 J-4.055 E.04144
G1 X108.764 Y120.345 F18000
;WIDTH:0.109639
G1 F6000
G3 X108.608 Y120.219 I.054 J-.227 E.00112
G1 E-2.29257
;WIPE_START
G1 X108.698 Y120.323 E-.13783
G1 X108.764 Y120.345 E-.0696
;WIPE_END
G1 X103.115 Y124.97 F18000
G1 E2.5 F6000
;WIDTH:0.36015
G1 X103.026 Y124.486 E.0126
;WIDTH:0.405298
G3 X103.003 Y124.274 I2.01 J-.319 E.00623
;WIDTH:0.431455
G1 X103 Y120.364 E.12254
G1 X105.375 Y117.794 F18000
;TYPE:Internal solid infill
;WIDTH:0.476736
G1 F6000
G1 X105.481 Y117.794 E.0037
G1 X106.059 Y117.389 F18000
;WIDTH:0.419999
G1 F6000
G1 X104.97 Y117.389 E.03315
G1 X104.97 Y118.2 E.02466
G1 X105.868 Y118.2 E.02731
G1 X106.04 Y117.446 E.02353
G1 X106.64 Y117.012 F18000
G1 F6000
G1 X104.592 Y117.012 E.06228
G1 X104.592 Y118.577 E.0476
G1 X106.224 Y118.577 E.04962
G1 X106.237 Y118.273 E.00923
G1 X106.387 Y117.591 E.02124
G1 X106.616 Y117.067 E.01742
G1 X107.337 Y116.635 F18000
G1 F6000
G1 X104.215 Y116.635 E.09494
G1 X104.215 Y118.954 E.07054
G1 X106.602 Y118.954 E.0726
G1 X106.6 Y118.396 E.01697
G1 X106.755 Y117.672 E.0225
G1 X107.061 Y117 E.02248
G1 X107.301 Y116.682 E.01209
G1 X108.462 Y116.353 F18000
;TYPE:Gap infill
;WIDTH:0.142831
G1 F6000
G1 X108.652 Y116.208 E.00193
;WIDTH:0.15669
G1 X108.779 Y116.122 E.0014
;WIDTH:0.182904
G1 X108.901 Y116.039 E.00167
G1 X109.065 Y116.062 F18000
;WIDTH:0.119091
G1 F6000
G2 X108.654 Y116.137 I1.174 J7.544 E.00256
G1 X111.345 Y116.137 F18000
;WIDTH:0.129807
G1 F6000
G2 X110.935 Y116.062 I-1.596 J7.546 E.00292
G1 X111.099 Y116.039 F18000
;WIDTH:0.170043
G1 F6000
G1 X111.221 Y116.122 E.00151
;WIDTH:0.157182
G1 X111.343 Y116.205 E.00136
;WIDTH:0.12041
G1 X111.538 Y116.353 E.00153
G1 X112.663 Y116.635 F18000
;TYPE:Internal solid infill
;WIDTH:0.419999
G1 F6000
G1 X112.939 Y117 E.01392
G1 X113.232 Y117.634 E.02124
G1 X113.395 Y118.354 E.02247
G1 X113.398 Y118.954 E.01823
G1 X115.785 Y118.954 E.0726
G1 X115.785 Y116.635 E.07054
G1 X112.723 Y116.635 E.09311
G1 X113.36 Y117.012 F18000
G1 F6000
G1 X113.574 Y117.475 E.01554
G3 X113.777 Y118.397 I-7.939 J2.227 E.02871
G1 X113.776 Y118.577 E.00547
G1 X115.408 Y118.577 E.04962
G1 X115.408 Y117.012 E.0476
G1 X113.42 Y117.012 E.06046
G1 X113.941 Y117.389 F18000
G1 F6000
G3 X114.141 Y118.2 I-84.55 J21.309 E.0254
G1 X115.03 Y118.2 E.02706
G1 X115.03 Y117.389 E.02466
G1 X114.001 Y117.389 E.03132
G1 X114.459 Y117.794 F18000
;WIDTH:0.476736
G1 F6000
G1 X114.565 Y117.794 E.0037
G1 X117 Y120.364 F18000
;TYPE:Gap infill
;WIDTH:0.431174
G1 F6000
G1 X117 Y124.143 E.11835
G3 X116.988 Y124.379 I-2.261 J.006 E.00741
;WIDTH:0.394222
G1 X116.974 Y124.486 E.00304
;WIDTH:0.380205
G1 X116.885 Y124.97 E.01339
G1 X117.05 Y115.225 F18000
;WIDTH:0.330912
G1 F6000
G1 X117.05 Y84.345 E.71728
G1 X117.009 Y83.557 E.01833
G1 X116.886 Y82.811 E.01755
G1 X116.678 Y82.061 E.01809
G1 X116.398 Y81.359 E.01755
G1 X116.041 Y80.685 E.01773
G1 X115.607 Y80.047 E.01791
G1 X115.118 Y79.471 E.01755
G1 X114.564 Y78.946 E.01773
G1 X113.956 Y78.484 E.01773
G1 X113.309 Y78.094 E.01755
G1 X112.609 Y77.77 E.01791
G1 X111.886 Y77.526 E.01773
G1 X111.148 Y77.364 E.01755
G1 X110.374 Y77.279 E.01809
G1 X109.618 Y77.28 E.01755
G1 X108.867 Y77.361 E.01755
G1 X108.107 Y77.529 E.01809
G1 X107.391 Y77.77 E.01755
G1 X106.698 Y78.09 E.01773
G1 X106.044 Y78.484 E.01773
G1 X105.442 Y78.941 E.01755
G1 X104.877 Y79.477 E.01809
G1 X104.388 Y80.053 E.01755
G1 X103.959 Y80.685 E.01773
G1 X103.599 Y81.366 E.01791
G1 X103.319 Y82.068 E.01755
G1 X103.115 Y82.804 E.01773
G1 X102.991 Y83.557 E.01773
G1 X102.95 Y84.345 E.01833
G1 X102.95 Y115.225 E.71728
; stop printing object LEG id:18398695746277035084 copy 0
;LAYER_CHANGE
;Z:11.64
;HEIGHT:0.200001
G92 E0 ; zero the extruded length again
; BEFORE_LAYER_CHANGE 57 @ 11.64mm
G1 E-1.75 F6000
;WIPE_START
G1 X102.95 Y114.225 E-.75
;WIPE_END
; AFTER_LAYER_CHANGE 57 @ 11.64mm
;_SET_FAN_SPEED_CHANGING_LAYER
; printing object LEG id:18398695746277035084 copy 0
G1 X103.79 Y120.959 Z11.64 F18000
G1 E2.5 F6000
M204 P1000
;TYPE:Outer wall
;WIDTH:0.42
G1 F3600
G1 X103.79 Y125.945 E.15165
G3 X102.21 Y124.164 I.238 J-1.802 E.07897
G1 X102.21 Y84.325 E1.21164
G3 X102.392 Y82.645 I7.815 J-.002 E.0515
G1 X102.618 Y81.832 E.02565
G3 X110.787 Y76.581 I7.368 J2.482 E.319
G1 X111.26 Y76.632 E.01448
G3 X117.79 Y84.325 I-1.298 J7.719 E.33349
G1 X117.79 Y124.164 E1.21164
G3 X116.21 Y125.945 I-1.818 J-.02 E.07897
G1 X116.21 Y120.959 E.15165
G1 X103.85 Y120.959 E.37591
G1 X103.398 Y120.567 F18000
M204 P1500
;TYPE:Inner wall
;WIDTH:0.45
G1 F6000
G1 X103.398 Y125.442 E.16005
G3 X102.602 Y124.153 I.682 J-1.311 E.0522
G1 X102.602 Y84.335 E1.30736
G3 X110.744 Y76.97 I7.395 J-.008 E.40624
G1 X111.197 Y77.02 E.01494
G3 X117.398 Y84.335 I-1.233 J7.331 E.34224
G1 X117.398 Y124.153 E1.30735
G3 X116.602 Y125.442 I-1.478 J-.023 E.0522
G1 X116.602 Y120.567 E.16005
G1 X110.81 Y120.567 E.19019
G1 X110.76 Y120.388 E.0061
G2 X109.24 Y120.388 I-.76 J-1.638 E.32108
G1 X109.19 Y120.567 E.0061
G1 X103.458 Y120.567 E.18822
G1 E-1.75
;WIPE_START
G1 X103.446 Y121.567 E-.75
;WIPE_END
G1 X103.69 Y114.629 F18000
G1 E2.5 F6000
M204 P1000
;TYPE:Outer wall
;WIDTH:0.42
G1 F3600
G1 X103.69 Y84.311 E.92209
G3 X109.658 Y78.018 I6.31 J.008 E.29082
G3 X116.31 Y84.311 I.321 J6.322 E.31131
G1 X116.31 Y114.629 E.92209
G1 X103.75 Y114.629 E.382
G1 X103.298 Y114.629 F18000
M204 P1500
;TYPE:Inner wall
;WIDTH:0.45
G1 F6000
G1 X103.298 Y84.3 E.9958
G3 X109.637 Y77.626 I6.702 J.018 E.33315
G3 X116.702 Y84.3 I.342 J6.715 E.35665
G1 X116.702 Y115.021 E1.00868
G1 X103.298 Y115.021 E.4401
G1 X103.298 Y114.689 E.0109
G1 E-1.75
;WIPE_START
G1 X103.298 Y113.689 E-.75
;WIPE_END
G1 X111.807 Y117.476 F18000
G1 E2.5 F6000
G1 X111.759 Y117.407 E.00276
G2 X108.293 Y120.16 I-1.759 J1.344 E.23111
G1 X103.009 Y120.16 E.17348
G1 X103.009 Y115.428 E.15536
G1 X116.991 Y115.428 E.45907
G1 X116.991 Y120.16 E.15536
G1 X111.707 Y120.16 E.17348
G2 X111.894 Y117.604 I-1.707 J-1.41 E.08972
G1 X111.841 Y117.526 E.00313
G1 X112.144 Y117.247 F18000
G1 F6000
G1 X112.084 Y117.16 E.00349
G2 X107.587 Y119.753 I-2.084 J1.582 E.24816
G1 X103.416 Y119.753 E.13695
G1 X103.416 Y115.835 E.12863
G1 X116.584 Y115.835 E.43233
G1 X116.584 Y119.753 E.12863
G1 X112.413 Y119.753 E.13695
G2 X112.243 Y117.395 I-2.413 J-1.011 E.08054
G1 X112.177 Y117.297 E.00385
G1 X112.481 Y117.019 F18000
G1 F6000
G1 X112.408 Y116.914 E.00421
G2 X112.197 Y116.663 I-2.437 J1.836 E.01076
G1 X111.753 Y116.242 E.02008
G1 X116.177 Y116.242 E.14525
G1 X116.177 Y119.346 E.10189
G1 X112.963 Y119.346 E.1055
G2 X112.591 Y117.185 I-2.992 J-.596 E.07363
G1 X112.514 Y117.069 E.00457
G1 E-1.75
;WIPE_START
G1 X112.408 Y116.914 E-.14113
G1 X112.197 Y116.663 E-.24568
G1 X111.845 Y116.33 E-.36318
;WIPE_END
G1 X108.247 Y116.242 F18000
G1 E2.5 F6000
G1 X107.803 Y116.663 E.02008
G2 X107.037 Y119.346 I2.226 J2.087 E.09514
G1 X103.823 Y119.346 E.1055
G1 X103.823 Y116.242 E.10189
G1 X108.187 Y116.242 E.14328
G1 E-1.75
;WIPE_START
G1 X107.803 Y116.663 E-.42717
G1 X107.591 Y116.913 E-.24572
G1 X107.533 Y116.998 E-.07711
;WIPE_END
G1 X111.144 Y117.925 F18000
G1 E2.5 F6000
M204 P1000
;TYPE:Outer wall
;WIDTH:0.42
G1 F3600
G1 X111.279 Y118.152 E.00804
G3 X109.772 Y117.352 I-1.28 J.591 E.21358
G1 X109.924 Y117.336 E.00465
G3 X111.111 Y117.876 I.076 J1.407 E.04123
G1 E-1.75 F6000
;WIPE_START
G1 F3600
G1 X111.279 Y118.152 E-.24313
G1 X111.377 Y118.441 E-.22867
G1 X111.41 Y118.744 E-.22875
G1 X111.403 Y118.81 E-.04945
;WIPE_END
G1 X111.392 Y120.219 F18000
G1 E2.5 F6000
M204 P2000
;TYPE:Gap infill
;WIDTH:0.108825
G1 X111.321 Y120.302 E.00058
G3 X111.236 Y120.345 I-.083 J-.059 E.00053
G1 X110.591 Y120.513 F18000
;WIDTH:0.475998
G1 F6000
G3 X109.409 Y120.513 I-.591 J-4.055 E.04144
G1 X108.764 Y120.345 F18000
;WIDTH:0.109635
G1 F6000
G3 X108.608 Y120.219 I.054 J-.227 E.00112
G1 E-2.29259
;WIPE_START
G1 X108.698 Y120.323 E-.13781
G1 X108.764 Y120.345 E-.0696
;WIPE_END
G1 X103.115 Y124.97 F18000
G1 E2.5 F6000
;WIDTH:0.36015
G1 X103.026 Y124.486 E.0126
;WIDTH:0.405299
G3 X103.003 Y124.274 I2.009 J-.319 E.00623
;WIDTH:0.431455
G1 X103 Y120.364 E.12254
G1 X105.375 Y117.794 F18000
;TYPE:Internal solid infill
;WIDTH:0.476736
G1 F6000
G1 X105.481 Y117.794 E.0037
G1 X106.059 Y117.389 F18000
;WIDTH:0.419999
G1 F6000
G1 X104.97 Y117.389 E.03315
G1 X104.97 Y118.2 E.02466
G1 X105.868 Y118.2 E.02731
G1 X106.04 Y117.446 E.02353
G1 X106.64 Y117.012 F18000
G1 F6000
G1 X104.592 Y117.012 E.06228
G1 X104.592 Y118.577 E.0476
G1 X106.224 Y118.577 E.04962
G1 X106.237 Y118.273 E.00923
G1 X106.387 Y117.591 E.02124
G1 X106.616 Y117.067 E.01742
G1 X107.337 Y116.635 F18000
G1 F6000
G1 X104.215 Y116.635 E.09494
G1 X104.215 Y118.954 E.07054
G1 X106.602 Y118.954 E.0726
G1 X106.6 Y118.396 E.01697
G1 X106.755 Y117.672 E.0225
G1 X107.061 Y117 E.02247
G1 X107.301 Y116.682 E.01209
G1 X108.462 Y116.353 F18000
;TYPE:Gap infill
;WIDTH:0.142842
G1 F6000
G1 X108.652 Y116.208 E.00193
;WIDTH:0.1567
G1 X108.779 Y116.122 E.0014
;WIDTH:0.182909
G1 X108.901 Y116.039 E.00167
G1 X109.065 Y116.062 F18000
;WIDTH:0.119089
G1 F6000
G2 X108.654 Y116.137 I1.177 J7.564 E.00256
G1 X111.345 Y116.137 F18000
;WIDTH:0.129802
G1 F6000
G2 X110.935 Y116.062 I-1.589 J7.498 E.00292
G1 X111.099 Y116.039 F18000
;WIDTH:0.170042
G1 F6000
G1 X111.221 Y116.122 E.00151
;WIDTH:0.157179
G1 X111.343 Y116.205 E.00136
;WIDTH:0.120409
G1 X111.538 Y116.353 E.00153
G1 X112.663 Y116.635 F18000
;TYPE:Internal solid infill
;WIDTH:0.419999
G1 F6000
G1 X112.939 Y117 E.01392
G1 X113.232 Y117.634 E.02124
G1 X113.395 Y118.354 E.02247
G1 X113.398 Y118.954 E.01823
G1 X115.785 Y118.954 E.0726
G1 X115.785 Y116.635 E.07054
G1 X112.723 Y116.635 E.09311
G1 X113.36 Y117.012 F18000
G1 F6000
G1 X113.574 Y117.475 E.01554
G3 X113.777 Y118.397 I-7.939 J2.227 E.02871
G1 X113.776 Y118.577 E.00547
G1 X115.408 Y118.577 E.04962
G1 X115.408 Y117.012 E.0476
G1 X113.42 Y117.012 E.06046
G1 X113.941 Y117.389 F18000
G1 F6000
G3 X114.141 Y118.2 I-84.544 J21.308 E.0254
G1 X115.03 Y118.2 E.02706
G1 X115.03 Y117.389 E.02466
G1 X114.001 Y117.389 E.03132
G1 X114.459 Y117.794 F18000
;WIDTH:0.476736
G1 F6000
G1 X114.565 Y117.794 E.0037
G1 X117 Y120.364 F18000
;TYPE:Gap infill
;WIDTH:0.431174
G1 F6000
G1 X117 Y124.143 E.11835
G3 X116.988 Y124.379 I-2.26 J.006 E.00741
;WIDTH:0.394222
G1 X116.974 Y124.486 E.00304
;WIDTH:0.380206
G1 X116.885 Y124.97 E.01339
G1 X117.05 Y115.225 F18000
;WIDTH:0.330912
G1 F6000
G1 X117.05 Y84.345 E.71728
G1 X117.009 Y83.557 E.01833
G1 X116.886 Y82.811 E.01755
G1 X116.678 Y82.061 E.01809
G1 X116.398 Y81.359 E.01755
G1 X116.041 Y80.684 E.01773
G1 X115.612 Y80.053 E.01773
G1 X115.123 Y79.477 E.01755
G1 X114.564 Y78.946 E.01791
G1 X113.956 Y78.484 E.01773
G1 X113.309 Y78.094 E.01755
G1 X112.609 Y77.77 E.01791
G1 X111.886 Y77.526 E.01773
G1 X111.148 Y77.364 E.01755
G1 X110.374 Y77.279 E.01809
G1 X109.618 Y77.28 E.01755
G1 X108.867 Y77.361 E.01755
G1 X108.107 Y77.529 E.01809
G1 X107.391 Y77.77 E.01755
G1 X106.698 Y78.09 E.01773
G1 X106.044 Y78.484 E.01773
G1 X105.442 Y78.941 E.01755
G1 X104.877 Y79.477 E.01809
G1 X104.388 Y80.053 E.01755
G1 X103.959 Y80.685 E.01773
G1 X103.599 Y81.366 E.01791
G1 X103.319 Y82.068 E.01755
G1 X103.115 Y82.804 E.01773
G1 X102.991 Y83.557 E.01773
G1 X102.95 Y84.345 E.01833
G1 X102.95 Y115.225 E.71728
; stop printing object LEG id:18398695746277035084 copy 0
;LAYER_CHANGE
;Z:11.84
;HEIGHT:0.2
G92 E0 ; zero the extruded length again
; BEFORE_LAYER_CHANGE 58 @ 11.84mm
G1 E-1.75 F6000
;WIPE_START
G1 X102.95 Y114.225 E-.75
;WIPE_END
; AFTER_LAYER_CHANGE 58 @ 11.84mm
;_SET_FAN_SPEED_CHANGING_LAYER
; printing object LEG id:18398695746277035084 copy 0
G1 X103.79 Y120.959 Z11.84 F18000
G1 E2.5 F6000
M204 P1000
;TYPE:Outer wall
;WIDTH:0.42
G1 F3600
G1 X103.79 Y125.945 E.15165
G3 X102.21 Y124.164 I.238 J-1.802 E.07897
G1 X102.21 Y84.325 E1.21164
G3 X110.778 Y76.58 I7.782 J-.003 E.39583
G1 X111.26 Y76.632 E.01474
G3 X117.79 Y84.325 I-1.297 J7.719 E.3335
G1 X117.79 Y124.164 E1.21164
G3 X116.21 Y125.945 I-1.818 J-.02 E.07897
G1 X116.21 Y120.959 E.15165
G1 X103.85 Y120.959 E.37591
G1 X103.398 Y120.567 F18000
M204 P1500
;TYPE:Inner wall
;WIDTH:0.45
G1 F6000
G1 X103.398 Y125.442 E.16005
G3 X102.602 Y124.153 I.682 J-1.311 E.0522
G1 X102.602 Y84.335 E1.30736
G3 X110.736 Y76.969 I7.395 J-.008 E.40596
G1 X111.197 Y77.02 E.01522
G3 X117.398 Y84.335 I-1.233 J7.331 E.34224
G1 X117.398 Y124.153 E1.30735
G3 X116.602 Y125.442 I-1.478 J-.023 E.0522
G1 X116.602 Y120.567 E.16005
G1 X110.81 Y120.567 E.19019
G1 X110.76 Y120.388 E.0061
G2 X108.988 Y120.237 I-.752 J-1.638 E.31082
G1 X109.24 Y120.388 E.00965
G1 X109.19 Y120.567 E.0061
G1 X103.458 Y120.567 E.18822
G1 E-1.75
;WIPE_START
G1 X103.446 Y121.567 E-.75
;WIPE_END
G1 X103.69 Y114.629 F18000
G1 E2.5 F6000
M204 P1000
;TYPE:Outer wall
;WIDTH:0.42
G1 F3600
G1 X103.69 Y84.311 E.92209
G3 X109.658 Y78.018 I6.31 J.008 E.29082
G3 X116.31 Y84.311 I.321 J6.322 E.31131
G1 X116.31 Y114.629 E.92209
G1 X103.75 Y114.629 E.382
G1 X103.298 Y114.629 F18000
M204 P1500
;TYPE:Inner wall
;WIDTH:0.45
G1 F6000
G1 X103.298 Y84.3 E.9958
G3 X109.637 Y77.626 I6.702 J.018 E.33315
G3 X116.702 Y84.3 I.342 J6.715 E.35665
G1 X116.702 Y115.021 E1.00868
G1 X103.298 Y115.021 E.4401
G1 X103.298 Y114.689 E.0109
G1 E-1.75
;WIPE_START
G1 X103.298 Y113.689 E-.75
;WIPE_END
G1 X111.806 Y117.475 F18000
G1 E2.5 F6000
G1 X111.759 Y117.407 E.00272
G2 X108.058 Y119.794 I-1.759 J1.335 E.21675
G2 X108.293 Y120.16 I1.799 J-.897 E.0143
G1 X103.009 Y120.16 E.17348
G1 X103.009 Y115.428 E.15536
G1 X116.991 Y115.428 E.45907
G1 X116.991 Y120.16 E.15536
G1 X111.707 Y120.16 E.17348
G1 X111.837 Y119.968 E.00762
G2 X111.894 Y117.605 I-1.837 J-1.226 E.08189
G1 X111.84 Y117.525 E.00317
G1 X112.143 Y117.246 F18000
G1 F6000
G1 X112.082 Y117.162 E.00344
G2 X107.587 Y119.753 I-2.082 J1.583 E.2479
G1 X103.416 Y119.753 E.13695
G1 X103.416 Y115.835 E.12863
G1 X116.584 Y115.835 E.43233
G1 X116.584 Y119.753 E.12863
G1 X112.413 Y119.753 E.13695
G2 X112.24 Y117.396 I-2.413 J-1.008 E.08051
G1 X112.176 Y117.297 E.00389
G1 X112.48 Y117.018 F18000
G1 F6000
G1 X112.408 Y116.914 E.00417
G2 X112.197 Y116.663 I-2.437 J1.836 E.01076
G1 X111.753 Y116.242 E.02008
G1 X116.177 Y116.242 E.14525
G1 X116.177 Y119.346 E.10189
G1 X112.963 Y119.346 E.1055
G2 X112.591 Y117.185 I-2.992 J-.596 E.07363
G1 X112.513 Y117.068 E.00461
G1 E-1.75
;WIPE_START
G1 X112.408 Y116.914 E-.14015
G1 X112.197 Y116.663 E-.2457
G1 X111.844 Y116.329 E-.36414
;WIPE_END
G1 X108.247 Y116.242 F18000
G1 E2.5 F6000
G1 X107.803 Y116.663 E.02008
G2 X107.037 Y119.346 I2.226 J2.087 E.09514
G1 X103.823 Y119.346 E.1055
G1 X103.823 Y116.242 E.10189
G1 X108.187 Y116.242 E.14328
G1 E-1.75
;WIPE_START
G1 X107.803 Y116.663 E-.42717
G1 X107.591 Y116.913 E-.24572
G1 X107.533 Y116.998 E-.0771
;WIPE_END
G1 X111.143 Y117.924 F18000
G1 E2.5 F6000
M204 P1000
;TYPE:Outer wall
;WIDTH:0.42
G1 F3600
G1 X111.277 Y118.153 E.00807
G3 X109.772 Y117.352 I-1.278 J.587 E.21301
G1 X109.924 Y117.336 E.00464
G3 X111.108 Y117.875 I.076 J1.404 E.04117
G1 E-1.75 F6000
;WIPE_START
G1 F3600
G1 X111.277 Y118.153 E-.24388
G1 X111.377 Y118.441 E-.22852
G1 X111.41 Y118.744 E-.22875
G1 X111.403 Y118.809 E-.04886
;WIPE_END
G1 X111.392 Y120.219 F18000
G1 E2.5 F6000
M204 P2000
;TYPE:Gap infill
;WIDTH:0.10881
G1 X111.321 Y120.302 E.00058
G3 X111.236 Y120.345 I-.083 J-.059 E.00053
G1 X110.591 Y120.513 F18000
;WIDTH:0.475998
G1 F6000
G3 X109.409 Y120.513 I-.591 J-4.055 E.04144
G1 X108.764 Y120.345 F18000
;WIDTH:0.10964
G1 F6000
G3 X108.608 Y120.219 I.054 J-.227 E.00112
G1 E-2.29256
;WIPE_START
G1 X108.698 Y120.323 E-.13784
G1 X108.764 Y120.345 E-.06961
;WIPE_END
G1 X103.115 Y124.97 F18000
G1 E2.5 F6000
;WIDTH:0.36015
G1 X103.026 Y124.486 E.0126
;WIDTH:0.405299
G3 X103.003 Y124.274 I2.01 J-.319 E.00623
;WIDTH:0.431455
G1 X103 Y120.364 E.12254
G1 X105.375 Y117.794 F18000
;TYPE:Internal solid infill
;WIDTH:0.476736
G1 F6000
G1 X105.481 Y117.794 E.0037
G1 X106.059 Y117.389 F18000
;WIDTH:0.419999
G1 F6000
G1 X104.97 Y117.389 E.03315
G1 X104.97 Y118.2 E.02466
G1 X105.868 Y118.2 E.02731
G1 X106.04 Y117.446 E.02353
G1 X106.64 Y117.012 F18000
G1 F6000
G1 X104.592 Y117.012 E.06228
G1 X104.592 Y118.577 E.0476
G1 X106.224 Y118.577 E.04962
G1 X106.237 Y118.273 E.00923
G1 X106.387 Y117.591 E.02124
G1 X106.616 Y117.067 E.01742
G1 X107.337 Y116.635 F18000
G1 F6000
G1 X104.215 Y116.635 E.09494
G1 X104.215 Y118.954 E.07054
G1 X106.602 Y118.954 E.0726
G1 X106.6 Y118.396 E.01697
G1 X106.755 Y117.672 E.0225
G1 X107.061 Y117 E.02248
G1 X107.301 Y116.682 E.01209
G1 X108.462 Y116.353 F18000
;TYPE:Gap infill
;WIDTH:0.14284
G1 F6000
G1 X108.652 Y116.208 E.00193
;WIDTH:0.156699
G1 X108.779 Y116.122 E.0014
;WIDTH:0.182908
G1 X108.901 Y116.039 E.00167
G1 X109.065 Y116.062 F18000
;WIDTH:0.119086
G1 F6000
G2 X108.654 Y116.137 I1.177 J7.564 E.00256
G1 X111.346 Y116.137 F18000
;WIDTH:0.129809
G1 F6000
G2 X110.935 Y116.062 I-1.584 J7.468 E.00292
G1 X111.099 Y116.039 F18000
;WIDTH:0.170039
G1 F6000
G1 X111.221 Y116.122 E.00151
;WIDTH:0.157177
G1 X111.343 Y116.205 E.00136
;WIDTH:0.120407
G1 X111.538 Y116.353 E.00153
G1 X112.663 Y116.635 F18000
;TYPE:Internal solid infill
;WIDTH:0.419999
G1 F6000
G1 X112.939 Y117 E.01392
G1 X113.232 Y117.634 E.02124
G1 X113.395 Y118.354 E.02247
G1 X113.398 Y118.954 E.01823
G1 X115.785 Y118.954 E.0726
G1 X115.785 Y116.635 E.07054
G1 X112.723 Y116.635 E.09311
G1 X113.36 Y117.012 F18000
G1 F6000
G1 X113.574 Y117.475 E.01554
G3 X113.777 Y118.397 I-7.939 J2.227 E.02871
G1 X113.776 Y118.577 E.00547
G1 X115.408 Y118.577 E.04962
G1 X115.408 Y117.012 E.0476
G1 X113.42 Y117.012 E.06046
G1 X113.941 Y117.389 F18000
G1 F6000
G3 X114.141 Y118.2 I-82.138 J20.709 E.0254
G1 X115.03 Y118.2 E.02706
G1 X115.03 Y117.389 E.02466
G1 X114.001 Y117.389 E.03132
G1 X114.459 Y117.794 F18000
;WIDTH:0.476736
G1 F6000
G1 X114.565 Y117.794 E.0037
G1 X117 Y120.364 F18000
;TYPE:Gap infill
;WIDTH:0.431174
G1 F6000
G1 X117 Y124.143 E.11835
G3 X116.988 Y124.379 I-2.26 J.006 E.00741
;WIDTH:0.394223
G1 X116.974 Y124.486 E.00304
;WIDTH:0.380204
G1 X116.885 Y124.97 E.01339
G1 X117.05 Y115.225 F18000
;WIDTH:0.330912
G1 F6000
G1 X117.05 Y84.345 E.71728
G1 X117.009 Y83.557 E.01833
G1 X116.886 Y82.811 E.01755
G1 X116.678 Y82.061 E.01809
G1 X116.398 Y81.359 E.01755
G1 X116.041 Y80.685 E.01773
G1 X115.612 Y80.053 E.01773
G1 X115.123 Y79.477 E.01755
G1 X114.564 Y78.946 E.01791
G1 X113.956 Y78.484 E.01773
G1 X113.309 Y78.094 E.01755
G1 X112.609 Y77.77 E.01791
G1 X111.886 Y77.526 E.01773
G1 X111.148 Y77.364 E.01755
G1 X110.374 Y77.279 E.01809
G1 X109.618 Y77.28 E.01755
G1 X108.867 Y77.361 E.01755
G1 X108.107 Y77.529 E.01809
G1 X107.391 Y77.77 E.01755
G1 X106.698 Y78.09 E.01773
G1 X106.044 Y78.484 E.01773
G1 X105.442 Y78.941 E.01755
G1 X104.877 Y79.477 E.01809
G1 X104.388 Y80.053 E.01755
G1 X103.959 Y80.685 E.01773
G1 X103.599 Y81.366 E.01791
G1 X103.319 Y82.068 E.01755
G1 X103.115 Y82.804 E.01773
G1 X102.991 Y83.557 E.01773
G1 X102.95 Y84.345 E.01833
G1 X102.95 Y115.225 E.71728
; stop printing object LEG id:18398695746277035084 copy 0
;LAYER_CHANGE
;Z:12.04
;HEIGHT:0.2
G92 E0 ; zero the extruded length again
; BEFORE_LAYER_CHANGE 59 @ 12.04mm
G1 E-1.75 F6000
;WIPE_START
G1 X102.95 Y114.225 E-.75
;WIPE_END
; AFTER_LAYER_CHANGE 59 @ 12.04mm
;_SET_FAN_SPEED_CHANGING_LAYER
; printing object LEG id:18398695746277035084 copy 0
G1 X103.79 Y120.959 Z12.04 F18000
G1 E2.5 F6000
M204 P1000
;TYPE:Outer wall
;WIDTH:0.42
G1 F3600
G1 X103.79 Y125.945 E.15165
G3 X102.21 Y124.164 I.238 J-1.802 E.07897
G1 X102.21 Y84.325 E1.21164
G3 X110.77 Y76.579 I7.782 J-.003 E.39557
G1 X111.26 Y76.632 E.015
G3 X117.79 Y84.325 I-1.297 J7.719 E.3335
G1 X117.79 Y124.164 E1.21164
G3 X116.21 Y125.945 I-1.818 J-.02 E.07897
G1 X116.21 Y120.959 E.15165
G1 X103.85 Y120.959 E.37591
G1 X103.398 Y120.567 F18000
M204 P1500
;TYPE:Inner wall
;WIDTH:0.45
G1 F6000
G1 X103.398 Y125.442 E.16005
G3 X102.602 Y124.153 I.682 J-1.311 E.0522
G1 X102.602 Y84.335 E1.30736
G3 X110.728 Y76.969 I7.395 J-.008 E.40569
G1 X111.197 Y77.02 E.01549
G3 X117.398 Y84.335 I-1.232 J7.331 E.34225
G1 X117.398 Y124.153 E1.30735
G3 X116.602 Y125.442 I-1.478 J-.023 E.0522
G1 X116.602 Y120.567 E.16005
G1 X110.81 Y120.567 E.19019
G1 X110.76 Y120.388 E.0061
G2 X109.24 Y120.388 I-.76 J-1.634 E.3203
G1 X109.19 Y120.567 E.0061
G1 X103.458 Y120.567 E.18822
G1 E-1.75
;WIPE_START
G1 X103.446 Y121.567 E-.75
;WIPE_END
G1 X103.69 Y114.629 F18000
G1 E2.5 F6000
M204 P1000
;TYPE:Outer wall
;WIDTH:0.42
G1 F3600
G1 X103.69 Y84.311 E.92209
G3 X109.658 Y78.018 I6.31 J.008 E.29082
G3 X116.31 Y84.311 I.321 J6.322 E.31131
G1 X116.31 Y114.629 E.92209
G1 X103.75 Y114.629 E.382
G1 X103.298 Y114.629 F18000
M204 P1500
;TYPE:Inner wall
;WIDTH:0.45
G1 F6000
G1 X103.298 Y84.3 E.9958
G3 X109.637 Y77.626 I6.702 J.018 E.33315
G3 X116.702 Y84.3 I.342 J6.715 E.35665
G1 X116.702 Y115.021 E1.00868
G1 X103.298 Y115.021 E.4401
G1 X103.298 Y114.689 E.0109
G1 E-1.75
;WIPE_START
G1 X103.298 Y113.689 E-.75
;WIPE_END
G1 X111.805 Y117.473 F18000
G1 E2.5 F6000
G1 X111.759 Y117.407 E.00266
G2 X108.293 Y120.16 I-1.759 J1.344 E.23107
G1 X103.009 Y120.16 E.17348
G1 X103.009 Y115.428 E.15536
G1 X116.991 Y115.428 E.45907
G1 X116.991 Y120.16 E.15536
G1 X111.707 Y120.16 E.17348
G2 X111.894 Y117.605 I-1.707 J-1.409 E.08971
G1 X111.839 Y117.523 E.00323
G1 X112.142 Y117.245 F18000
G1 F6000
G1 X112.082 Y117.162 E.00338
G2 X107.587 Y119.753 I-2.082 J1.583 E.2479
G1 X103.416 Y119.753 E.13695
G1 X103.416 Y115.835 E.12863
G1 X116.584 Y115.835 E.43233
G1 X116.584 Y119.753 E.12863
G1 X112.413 Y119.753 E.13695
G2 X112.24 Y117.396 I-2.413 J-1.008 E.08051
G1 X112.175 Y117.295 E.00395
G1 X112.479 Y117.016 F18000
G1 F6000
G1 X112.408 Y116.914 E.00411
G2 X112.197 Y116.663 I-2.437 J1.836 E.01076
G1 X111.753 Y116.242 E.02008
G1 X116.177 Y116.242 E.14525
G1 X116.177 Y119.346 E.10189
G1 X112.963 Y119.346 E.1055
G2 X112.591 Y117.185 I-2.992 J-.596 E.07363
G1 X112.512 Y117.067 E.00467
G1 E-1.75
;WIPE_START
G1 X112.408 Y116.914 E-.13881
G1 X112.197 Y116.663 E-.24567
G1 X111.843 Y116.328 E-.36552
;WIPE_END
G1 X108.247 Y116.242 F18000
G1 E2.5 F6000
G1 X107.803 Y116.663 E.02008
G2 X107.037 Y119.346 I2.226 J2.087 E.09514
G1 X103.823 Y119.346 E.1055
G1 X103.823 Y116.242 E.10189
G1 X108.187 Y116.242 E.14328
G1 E-1.75
;WIPE_START
G1 X107.803 Y116.663 E-.42717
G1 X107.591 Y116.913 E-.24574
G1 X107.533 Y116.998 E-.07709
;WIPE_END
G1 X111.142 Y117.923 F18000
G1 E2.5 F6000
M204 P1000
;TYPE:Outer wall
;WIDTH:0.42
G1 F3600
G1 X111.277 Y118.153 E.00813
G3 X109.772 Y117.352 I-1.278 J.587 E.21301
G1 X109.924 Y117.336 E.00465
G3 X111.107 Y117.874 I.076 J1.404 E.04111
G1 E-1.75 F6000
;WIPE_START
G1 F3600
G1 X111.277 Y118.153 E-.2452
G1 X111.377 Y118.441 E-.22852
G1 X111.41 Y118.744 E-.22875
G1 X111.404 Y118.807 E-.04754
;WIPE_END
G1 X111.392 Y120.219 F18000
G1 E2.5 F6000
M204 P2000
;TYPE:Gap infill
;WIDTH:0.108827
G1 X111.321 Y120.302 E.00058
G3 X111.236 Y120.345 I-.083 J-.059 E.00053
G1 X110.591 Y120.513 F18000
;WIDTH:0.475998
G1 F6000
G3 X109.409 Y120.513 I-.591 J-4.055 E.04144
G1 X108.764 Y120.345 F18000
;WIDTH:0.109634
G1 F6000
G3 X108.608 Y120.219 I.054 J-.227 E.00112
G1 E-2.29261
;WIPE_START
G1 X108.698 Y120.323 E-.13779
G1 X108.764 Y120.345 E-.06959
;WIPE_END
G1 X103.115 Y124.97 F18000
G1 E2.5 F6000
;WIDTH:0.360152
G1 X103.026 Y124.486 E.0126
;WIDTH:0.405297
G3 X103.003 Y124.274 I2.009 J-.319 E.00623
;WIDTH:0.431455
G1 X103 Y120.364 E.12254
G1 X105.375 Y117.794 F18000
;TYPE:Internal solid infill
;WIDTH:0.476736
G1 F6000
G1 X105.481 Y117.794 E.0037
G1 X106.059 Y117.389 F18000
;WIDTH:0.419999
G1 F6000
G1 X104.97 Y117.389 E.03314
G1 X104.97 Y118.2 E.02466
G1 X105.868 Y118.2 E.02731
G1 X106.04 Y117.446 E.02353
G1 X106.64 Y117.012 F18000
G1 F6000
G1 X104.592 Y117.012 E.06228
G1 X104.592 Y118.577 E.0476
G1 X106.224 Y118.577 E.04962
G1 X106.237 Y118.273 E.00923
G1 X106.387 Y117.591 E.02124
G1 X106.616 Y117.067 E.01742
G1 X107.337 Y116.635 F18000
G1 F6000
G1 X104.215 Y116.635 E.09494
G1 X104.215 Y118.954 E.07054
G1 X106.602 Y118.954 E.0726
G1 X106.6 Y118.396 E.01698
G1 X106.755 Y117.672 E.02249
G1 X107.061 Y117 E.02248
G1 X107.301 Y116.682 E.01209
G1 X108.462 Y116.353 F18000
;TYPE:Gap infill
;WIDTH:0.142824
G1 F6000
G1 X108.652 Y116.208 E.00193
;WIDTH:0.156683
G1 X108.779 Y116.122 E.0014
;WIDTH:0.182898
G1 X108.901 Y116.039 E.00167
G1 X109.065 Y116.062 F18000
;WIDTH:0.119085
G1 F6000
G2 X108.655 Y116.137 I1.176 J7.56 E.00256
G1 X111.345 Y116.137 F18000
;WIDTH:0.129804
G1 F6000
G2 X110.935 Y116.062 I-1.593 J7.525 E.00292
G1 X111.099 Y116.039 F18000
;WIDTH:0.170038
G1 F6000
G1 X111.221 Y116.122 E.00151
;WIDTH:0.157175
G1 X111.343 Y116.205 E.00136
;WIDTH:0.120406
G1 X111.538 Y116.353 E.00153
G1 X112.663 Y116.635 F18000
;TYPE:Internal solid infill
;WIDTH:0.419999
G1 F6000
G1 X112.939 Y117 E.01392
G1 X113.232 Y117.634 E.02124
G1 X113.395 Y118.354 E.02247
G1 X113.398 Y118.954 E.01823
G1 X115.785 Y118.954 E.0726
G1 X115.785 Y116.635 E.07054
G1 X112.723 Y116.635 E.09311
G1 X113.36 Y117.012 F18000
G1 F6000
G1 X113.574 Y117.475 E.01554
G3 X113.777 Y118.397 I-7.939 J2.227 E.02871
G1 X113.776 Y118.577 E.00547
G1 X115.408 Y118.577 E.04962
G1 X115.408 Y117.012 E.0476
G1 X113.42 Y117.012 E.06046
G1 X113.941 Y117.389 F18000
G1 F6000
G3 X114.141 Y118.2 I-84.815 J21.375 E.0254
G1 X115.03 Y118.2 E.02706
G1 X115.03 Y117.389 E.02466
G1 X114.001 Y117.389 E.03132
G1 X114.459 Y117.794 F18000
;WIDTH:0.476736
G1 F6000
G1 X114.565 Y117.794 E.0037
G1 X117 Y120.364 F18000
;TYPE:Gap infill
;WIDTH:0.431174
G1 F6000
G1 X117 Y124.143 E.11835
G3 X116.988 Y124.379 I-2.261 J.006 E.00741
;WIDTH:0.394221
G1 X116.974 Y124.486 E.00304
;WIDTH:0.380203
G1 X116.885 Y124.97 E.01339
G1 X117.05 Y115.225 F18000
;WIDTH:0.330912
G1 F6000
G1 X117.05 Y84.345 E.71728
G1 X117.009 Y83.557 E.01833
G1 X116.886 Y82.811 E.01755
G1 X116.678 Y82.061 E.01809
G1 X116.398 Y81.359 E.01755
G1 X116.041 Y80.684 E.01773
G1 X115.612 Y80.053 E.01773
G1 X115.123 Y79.477 E.01755
G1 X114.564 Y78.946 E.01791
G1 X113.956 Y78.484 E.01773
G1 X113.309 Y78.094 E.01755
G1 X112.609 Y77.77 E.01791
G1 X111.886 Y77.526 E.01773
G1 X111.148 Y77.364 E.01755
G1 X110.374 Y77.279 E.01809
G1 X109.618 Y77.28 E.01755
G1 X108.867 Y77.361 E.01755
G1 X108.107 Y77.529 E.01809
G1 X107.391 Y77.77 E.01755
G1 X106.698 Y78.09 E.01773
G1 X106.044 Y78.484 E.01773
G1 X105.442 Y78.941 E.01755
G1 X104.877 Y79.477 E.01809
G1 X104.388 Y80.053 E.01755
G1 X103.959 Y80.685 E.01773
G1 X103.599 Y81.366 E.01791
G1 X103.319 Y82.068 E.01755
G1 X103.115 Y82.804 E.01773
G1 X102.991 Y83.557 E.01773
G1 X102.95 Y84.345 E.01833
G1 X102.95 Y115.225 E.71728
; stop printing object LEG id:18398695746277035084 copy 0
;LAYER_CHANGE
;Z:12.24
;HEIGHT:0.2
G92 E0 ; zero the extruded length again
; BEFORE_LAYER_CHANGE 60 @ 12.24mm
G1 E-1.75 F6000
;WIPE_START
G1 X102.95 Y114.225 E-.75
;WIPE_END
; AFTER_LAYER_CHANGE 60 @ 12.24mm
;_SET_FAN_SPEED_CHANGING_LAYER
; printing object LEG id:18398695746277035084 copy 0
G1 X103.79 Y120.959 Z12.24 F18000
G1 E2.5 F6000
M204 P1000
;TYPE:Outer wall
;WIDTH:0.42
G1 F3600
G1 X103.79 Y125.945 E.15165
G3 X102.21 Y124.164 I.238 J-1.802 E.07897
G1 X102.21 Y84.325 E1.21164
G3 X110.762 Y76.578 I7.782 J-.003 E.39532
G1 X111.26 Y76.632 E.01526
G3 X117.79 Y84.325 I-1.297 J7.719 E.3335
G1 X117.79 Y124.164 E1.21164
G3 X116.21 Y125.945 I-1.818 J-.02 E.07897
G1 X116.21 Y120.959 E.15165
G1 X103.85 Y120.959 E.37591
G1 X103.398 Y120.567 F18000
M204 P1500
;TYPE:Inner wall
;WIDTH:0.45
G1 F6000
G1 X103.398 Y125.442 E.16005
G3 X102.602 Y124.153 I.682 J-1.311 E.0522
G1 X102.602 Y84.335 E1.30736
G3 X110.719 Y76.968 I7.395 J-.008 E.40541
G1 X111.197 Y77.02 E.01577
G3 X117.398 Y84.335 I-1.233 J7.331 E.34224
G1 X117.398 Y124.153 E1.30735
G3 X116.602 Y125.442 I-1.478 J-.023 E.0522
G1 X116.602 Y120.567 E.16005
G1 X110.81 Y120.567 E.19019
G1 X110.76 Y120.388 E.0061
G2 X109.24 Y120.388 I-.76 J-1.638 E.32108
G1 X109.19 Y120.567 E.0061
G1 X103.458 Y120.567 E.18822
G1 E-1.75
;WIPE_START
G1 X103.446 Y121.567 E-.75
;WIPE_END
G1 X103.69 Y114.629 F18000
G1 E2.5 F6000
M204 P1000
;TYPE:Outer wall
;WIDTH:0.42
G1 F3600
G1 X103.69 Y84.311 E.92209
G3 X109.658 Y78.018 I6.31 J.008 E.29082
G3 X116.31 Y84.311 I.321 J6.322 E.31131
G1 X116.31 Y114.629 E.92209
G1 X103.75 Y114.629 E.382
G1 X103.298 Y114.629 F18000
M204 P1500
;TYPE:Inner wall
;WIDTH:0.45
G1 F6000
G1 X103.298 Y84.3 E.9958
G3 X109.637 Y77.626 I6.702 J.018 E.33315
G3 X116.702 Y84.3 I.342 J6.715 E.35665
G1 X116.702 Y115.021 E1.00868
G1 X103.298 Y115.021 E.4401
G1 X103.298 Y114.689 E.0109
G1 E-1.75
;WIPE_START
G1 X103.298 Y113.689 E-.75
;WIPE_END
G1 X111.804 Y117.471 F18000
G1 E2.5 F6000
G1 X111.759 Y117.407 E.00258
G2 X108.293 Y120.16 I-1.759 J1.344 E.23111
G1 X103.009 Y120.16 E.17348
G1 X103.009 Y115.428 E.15536
G1 X116.991 Y115.428 E.45907
G1 X116.991 Y120.16 E.15536
G1 X111.707 Y120.16 E.17348
G2 X111.894 Y117.604 I-1.707 J-1.41 E.08972
G1 X111.838 Y117.521 E.0033
G1 X112.141 Y117.243 F18000
G1 F6000
G1 X112.082 Y117.162 E.00331
G2 X107.587 Y119.753 I-2.082 J1.583 E.2479
G1 X103.416 Y119.753 E.13695
G1 X103.416 Y115.835 E.12863
G1 X116.584 Y115.835 E.43233
G1 X116.584 Y119.753 E.12863
G1 X112.413 Y119.753 E.13695
G2 X112.24 Y117.396 I-2.413 J-1.008 E.08051
G1 X112.174 Y117.293 E.00402
G1 X112.478 Y117.014 F18000
G1 F6000
G1 X112.408 Y116.914 E.00403
G2 X112.197 Y116.663 I-2.437 J1.836 E.01076
G1 X111.753 Y116.242 E.02008
G1 X116.177 Y116.242 E.14525
G1 X116.177 Y119.346 E.10189
G1 X112.963 Y119.346 E.1055
G2 X112.591 Y117.185 I-2.992 J-.596 E.07363
G1 X112.511 Y117.065 E.00475
G1 E-1.75
;WIPE_START
G1 X112.408 Y116.914 E-.13709
G1 X112.197 Y116.663 E-.24567
G1 X111.841 Y116.326 E-.36724
;WIPE_END
G1 X108.247 Y116.242 F18000
G1 E2.5 F6000
G1 X107.803 Y116.663 E.02008
G2 X107.037 Y119.346 I2.226 J2.087 E.09514
G1 X103.823 Y119.346 E.1055
G1 X103.823 Y116.242 E.10189
G1 X108.187 Y116.242 E.14328
G1 E-1.75
;WIPE_START
G1 X107.803 Y116.663 E-.42716
G1 X107.591 Y116.913 E-.24575
G1 X107.533 Y116.998 E-.07709
;WIPE_END
G1 X111.141 Y117.921 F18000
G1 E2.5 F6000
M204 P1000
;TYPE:Outer wall
;WIDTH:0.42
G1 F3600
G1 X111.279 Y118.152 E.0082
G3 X109.772 Y117.352 I-1.28 J.591 E.21358
G1 X109.924 Y117.336 E.00465
G3 X111.107 Y117.871 I.076 J1.407 E.04106
G1 E-1.75 F6000
;WIPE_START
G1 F3600
G1 X111.279 Y118.152 E-.24711
G1 X111.377 Y118.441 E-.22868
G1 X111.41 Y118.744 E-.22874
G1 X111.404 Y118.804 E-.04547
;WIPE_END
G1 X111.392 Y120.219 F18000
G1 E2.5 F6000
M204 P2000
;TYPE:Gap infill
;WIDTH:0.108826
G1 X111.321 Y120.302 E.00058
G3 X111.236 Y120.345 I-.083 J-.059 E.00053
G1 X110.591 Y120.513 F18000
;WIDTH:0.475997
G1 F6000
G3 X109.409 Y120.513 I-.591 J-4.055 E.04144
G1 X108.764 Y120.345 F18000
;WIDTH:0.109639
G1 F6000
G3 X108.608 Y120.219 I.054 J-.227 E.00112
G1 E-2.29257
;WIPE_START
G1 X108.698 Y120.323 E-.13783
G1 X108.764 Y120.345 E-.06961
;WIPE_END
G1 X103.115 Y124.97 F18000
G1 E2.5 F6000
;WIDTH:0.360148
G1 X103.026 Y124.486 E.0126
;WIDTH:0.405296
G3 X103.003 Y124.274 I2.01 J-.319 E.00623
;WIDTH:0.431455
G1 X103 Y120.364 E.12254
G1 X105.375 Y117.794 F18000
;TYPE:Internal solid infill
;WIDTH:0.476736
G1 F6000
G1 X105.481 Y117.794 E.0037
G1 X106.059 Y117.389 F18000
;WIDTH:0.419999
G1 F6000
G1 X104.97 Y117.389 E.03315
G1 X104.97 Y118.2 E.02466
G1 X105.868 Y118.2 E.02731
G1 X106.04 Y117.446 E.02353
G1 X106.64 Y117.012 F18000
G1 F6000
G1 X104.592 Y117.012 E.06228
G1 X104.592 Y118.577 E.0476
G1 X106.224 Y118.577 E.04962
G1 X106.237 Y118.273 E.00923
G1 X106.387 Y117.591 E.02124
G1 X106.616 Y117.067 E.01742
G1 X107.337 Y116.635 F18000
G1 F6000
G1 X104.215 Y116.635 E.09494
G1 X104.215 Y118.954 E.07054
G1 X106.602 Y118.954 E.0726
G1 X106.6 Y118.396 E.01697
G1 X106.755 Y117.672 E.0225
G1 X107.061 Y117 E.02248
G1 X107.301 Y116.682 E.01209
G1 X108.462 Y116.353 F18000
;TYPE:Gap infill
;WIDTH:0.142835
G1 F6000
G1 X108.652 Y116.208 E.00193
;WIDTH:0.156692
G1 X108.779 Y116.122 E.0014
;WIDTH:0.182902
G1 X108.901 Y116.039 E.00167
G1 X109.065 Y116.062 F18000
;WIDTH:0.119086
G1 F6000
G2 X108.655 Y116.137 I1.184 J7.61 E.00256
G1 X111.345 Y116.137 F18000
;WIDTH:0.129809
G1 F6000
G2 X110.935 Y116.062 I-1.595 J7.536 E.00292
G1 X111.099 Y116.039 F18000
;WIDTH:0.170057
G1 F6000
G1 X111.221 Y116.122 E.00151
;WIDTH:0.157196
G1 X111.343 Y116.205 E.00136
;WIDTH:0.120418
G1 X111.538 Y116.353 E.00153
G1 X112.663 Y116.635 F18000
;TYPE:Internal solid infill
;WIDTH:0.419999
G1 F6000
G1 X112.939 Y117 E.01391
G1 X113.232 Y117.634 E.02124
G1 X113.395 Y118.354 E.02247
G1 X113.398 Y118.954 E.01823
G1 X115.785 Y118.954 E.0726
G1 X115.785 Y116.635 E.07054
G1 X112.723 Y116.635 E.09311
G1 X113.36 Y117.012 F18000
G1 F6000
G1 X113.574 Y117.475 E.01554
G3 X113.777 Y118.397 I-7.939 J2.227 E.02871
G1 X113.776 Y118.577 E.00547
G1 X115.408 Y118.577 E.04962
G1 X115.408 Y117.012 E.0476
G1 X113.42 Y117.012 E.06046
G1 X113.941 Y117.389 F18000
G1 F6000
G3 X114.141 Y118.2 I-84.231 J21.23 E.0254
G1 X115.03 Y118.2 E.02706
G1 X115.03 Y117.389 E.02466
G1 X114.001 Y117.389 E.03132
G1 X114.459 Y117.794 F18000
;WIDTH:0.476736
G1 F6000
G1 X114.565 Y117.794 E.0037
G1 X117 Y120.364 F18000
;TYPE:Gap infill
;WIDTH:0.431174
G1 F6000
G1 X117 Y124.143 E.11835
G3 X116.988 Y124.379 I-2.261 J.006 E.00741
;WIDTH:0.394221
G1 X116.974 Y124.486 E.00304
;WIDTH:0.380205
G1 X116.885 Y124.97 E.01339
G1 X117.05 Y115.225 F18000
;WIDTH:0.330912
G1 F6000
G1 X117.05 Y84.345 E.71728
G1 X117.009 Y83.557 E.01833
G1 X116.886 Y82.811 E.01755
G1 X116.678 Y82.061 E.01809
G1 X116.398 Y81.359 E.01755
G1 X116.041 Y80.685 E.01773
G1 X115.607 Y80.047 E.01791
G1 X115.118 Y79.471 E.01755
G1 X114.564 Y78.946 E.01773
G1 X113.956 Y78.484 E.01773
G1 X113.309 Y78.094 E.01755
G1 X112.609 Y77.77 E.01791
G1 X111.886 Y77.526 E.01773
G1 X111.148 Y77.364 E.01755
G1 X110.374 Y77.279 E.01809
G1 X109.618 Y77.28 E.01755
G1 X108.867 Y77.361 E.01755
G1 X108.107 Y77.529 E.01809
G1 X107.391 Y77.77 E.01755
G1 X106.698 Y78.09 E.01773
G1 X106.044 Y78.484 E.01773
G1 X105.442 Y78.941 E.01755
G1 X104.877 Y79.477 E.01809
G1 X104.388 Y80.053 E.01755
G1 X103.959 Y80.685 E.01773
G1 X103.599 Y81.366 E.01791
G1 X103.319 Y82.068 E.01755
G1 X103.115 Y82.804 E.01773
G1 X102.991 Y83.557 E.01773
G1 X102.95 Y84.345 E.01833
G1 X102.95 Y115.225 E.71728
; stop printing object LEG id:18398695746277035084 copy 0
;LAYER_CHANGE
;Z:12.44
;HEIGHT:0.2
G92 E0 ; zero the extruded length again
; BEFORE_LAYER_CHANGE 61 @ 12.44mm
G1 E-1.75 F6000
;WIPE_START
G1 X102.95 Y114.225 E-.75
;WIPE_END
; AFTER_LAYER_CHANGE 61 @ 12.44mm
;_SET_FAN_SPEED_CHANGING_LAYER
; printing object LEG id:18398695746277035084 copy 0
G1 X103.79 Y120.959 Z12.44 F18000
G1 E2.5 F6000
M204 P1000
;TYPE:Outer wall
;WIDTH:0.42
G1 F3600
G1 X103.79 Y125.945 E.15165
G3 X102.21 Y124.164 I.216 J-1.783 E.07918
G1 X102.21 Y84.325 E1.21164
G3 X110.753 Y76.577 I7.782 J-.003 E.39506
G1 X111.26 Y76.632 E.01551
G3 X117.79 Y84.325 I-1.297 J7.719 E.3335
G1 X117.79 Y124.164 E1.21164
G3 X116.21 Y125.945 I-1.818 J-.02 E.07897
G1 X116.21 Y120.959 E.15165
G1 X103.85 Y120.959 E.37591
G1 X103.398 Y120.567 F18000
M204 P1500
;TYPE:Inner wall
;WIDTH:0.45
G1 F6000
G1 X103.398 Y125.442 E.16005
G3 X102.602 Y124.153 I.646 J-1.289 E.05234
G1 X102.602 Y84.335 E1.30736
G3 X110.711 Y76.967 I7.395 J-.008 E.40514
G1 X111.197 Y77.02 E.01605
G3 X117.398 Y84.335 I-1.233 J7.331 E.34224
G1 X117.398 Y124.153 E1.30735
G3 X116.602 Y125.442 I-1.478 J-.023 E.0522
G1 X116.602 Y120.567 E.16005
G1 X110.81 Y120.567 E.19019
G1 X110.76 Y120.388 E.0061
G2 X108.988 Y120.237 I-.752 J-1.638 E.31082
G1 X109.24 Y120.388 E.00965
G1 X109.19 Y120.567 E.0061
G1 X103.458 Y120.567 E.18822
G1 E-1.75
;WIPE_START
G1 X103.446 Y121.567 E-.75
;WIPE_END
G1 X103.69 Y114.629 F18000
G1 E2.5 F6000
M204 P1000
;TYPE:Outer wall
;WIDTH:0.42
G1 F3600
G1 X103.69 Y84.311 E.92209
G3 X109.658 Y78.018 I6.31 J.008 E.29082
G3 X116.31 Y84.311 I.321 J6.322 E.31131
G1 X116.31 Y114.629 E.92209
G1 X103.75 Y114.629 E.382
G1 X103.298 Y114.629 F18000
M204 P1500
;TYPE:Inner wall
;WIDTH:0.45
G1 F6000
G1 X103.298 Y84.3 E.9958
G3 X109.637 Y77.626 I6.702 J.018 E.33315
G3 X116.702 Y84.3 I.342 J6.715 E.35665
G1 X116.702 Y115.021 E1.00868
G1 X103.298 Y115.021 E.4401
G1 X103.298 Y114.689 E.0109
G1 E-1.75
;WIPE_START
G1 X103.298 Y113.689 E-.75
;WIPE_END
G1 X111.803 Y117.469 F18000
G1 E2.5 F6000
G1 X111.759 Y117.407 E.00249
G2 X108.06 Y119.798 I-1.759 J1.335 E.21688
G2 X108.293 Y120.16 I1.782 J-.89 E.01417
G1 X103.009 Y120.16 E.17348
G1 X103.009 Y115.428 E.15536
G1 X116.991 Y115.428 E.45907
G1 X116.991 Y120.16 E.15536
G1 X111.707 Y120.16 E.17348
G1 X111.84 Y119.965 E.00775
G2 X111.894 Y117.605 I-1.839 J-1.223 E.08177
G1 X111.836 Y117.519 E.00339
G1 X112.14 Y117.241 F18000
G1 F6000
G1 X112.082 Y117.162 E.00321
G2 X107.587 Y119.753 I-2.082 J1.583 E.2479
G1 X103.416 Y119.753 E.13695
G1 X103.416 Y115.835 E.12863
G1 X116.584 Y115.835 E.43233
G1 X116.584 Y119.753 E.12863
G1 X112.413 Y119.753 E.13695
G2 X112.24 Y117.396 I-2.413 J-1.008 E.08051
G1 X112.172 Y117.291 E.00412
G1 X112.476 Y117.012 F18000
G1 F6000
G1 X112.408 Y116.914 E.00394
G2 X112.197 Y116.663 I-2.437 J1.836 E.01076
G1 X111.753 Y116.242 E.02008
G1 X116.177 Y116.242 E.14525
G1 X116.177 Y119.346 E.10189
G1 X112.963 Y119.346 E.1055
G2 X112.591 Y117.185 I-2.992 J-.596 E.07363
G1 X112.509 Y117.062 E.00484
G1 E-1.75
;WIPE_START
G1 X112.408 Y116.914 E-.13499
G1 X112.197 Y116.663 E-.24568
G1 X111.839 Y116.324 E-.36933
;WIPE_END
G1 X108.247 Y116.242 F18000
G1 E2.5 F6000
G1 X107.803 Y116.663 E.02008
G2 X107.037 Y119.346 I2.226 J2.087 E.09514
G1 X103.823 Y119.346 E.1055
G1 X103.823 Y116.242 E.10189
G1 X108.187 Y116.242 E.14328
G1 E-1.75
;WIPE_START
G1 X107.803 Y116.663 E-.42717
G1 X107.591 Y116.913 E-.24573
G1 X107.533 Y116.998 E-.0771
;WIPE_END
G1 X111.14 Y117.918 F18000
G1 E2.5 F6000
M204 P1000
;TYPE:Outer wall
;WIDTH:0.42
G1 F3600
G1 X111.279 Y118.152 E.00829
G3 X109.772 Y117.352 I-1.28 J.591 E.21358
G1 X109.924 Y117.336 E.00465
G3 X111.105 Y117.869 I.076 J1.407 E.04098
G1 E-1.75 F6000
;WIPE_START
G1 F3600
G1 X111.279 Y118.152 E-.24917
G1 X111.377 Y118.441 E-.22868
G1 X111.41 Y118.744 E-.22874
G1 X111.404 Y118.802 E-.04341
;WIPE_END
G1 X111.392 Y120.219 F18000
G1 E2.5 F6000
M204 P2000
;TYPE:Gap infill
;WIDTH:0.10882
G1 X111.321 Y120.302 E.00058
G3 X111.236 Y120.345 I-.083 J-.059 E.00053
G1 X110.591 Y120.513 F18000
;WIDTH:0.475998
G1 F6000
G3 X109.409 Y120.513 I-.591 J-4.055 E.04144
G1 X108.764 Y120.345 F18000
;WIDTH:0.109638
G1 F6000
G3 X108.608 Y120.219 I.054 J-.227 E.00112
G1 E-2.29258
;WIPE_START
G1 X108.698 Y120.323 E-.13782
G1 X108.764 Y120.345 E-.0696
;WIPE_END
G1 X103.115 Y124.97 F18000
G1 E2.5 F6000
;WIDTH:0.360152
G1 X103.026 Y124.486 E.0126
;WIDTH:0.4053
G3 X103.003 Y124.274 I2.009 J-.319 E.00623
;WIDTH:0.431455
G1 X103 Y120.364 E.12254
G1 X105.375 Y117.794 F18000
;TYPE:Internal solid infill
;WIDTH:0.476736
G1 F6000
G1 X105.481 Y117.794 E.0037
G1 X106.059 Y117.389 F18000
;WIDTH:0.419999
G1 F6000
G1 X104.97 Y117.389 E.03315
G1 X104.97 Y118.2 E.02466
G1 X105.868 Y118.2 E.02731
G1 X106.04 Y117.446 E.02353
G1 X106.64 Y117.012 F18000
G1 F6000
G1 X104.592 Y117.012 E.06228
G1 X104.592 Y118.577 E.0476
G1 X106.224 Y118.577 E.04962
G1 X106.237 Y118.273 E.00923
G1 X106.387 Y117.591 E.02124
G1 X106.616 Y117.067 E.01742
G1 X107.337 Y116.635 F18000
G1 F6000
G1 X104.215 Y116.635 E.09494
G1 X104.215 Y118.954 E.07054
G1 X106.602 Y118.954 E.0726
G1 X106.6 Y118.396 E.01698
G1 X106.755 Y117.672 E.0225
G1 X107.061 Y117 E.02248
G1 X107.301 Y116.682 E.01209
G1 X108.462 Y116.353 F18000
;TYPE:Gap infill
;WIDTH:0.142831
G1 F6000
G1 X108.652 Y116.208 E.00193
;WIDTH:0.15669
G1 X108.779 Y116.122 E.0014
;WIDTH:0.182905
G1 X108.901 Y116.039 E.00167
G1 X109.065 Y116.062 F18000
;WIDTH:0.119087
G1 F6000
G2 X108.654 Y116.137 I1.175 J7.553 E.00256
G1 X111.345 Y116.137 F18000
;WIDTH:0.129797
G1 F6000
G2 X110.935 Y116.062 I-1.587 J7.488 E.00292
G1 X111.099 Y116.039 F18000
;WIDTH:0.170036
G1 F6000
G1 X111.221 Y116.122 E.00151
;WIDTH:0.157172
G1 X111.343 Y116.205 E.00136
;WIDTH:0.120404
G1 X111.538 Y116.353 E.00153
G1 X112.663 Y116.635 F18000
;TYPE:Internal solid infill
;WIDTH:0.419999
G1 F6000
G1 X112.939 Y117 E.01391
G1 X113.232 Y117.634 E.02124
G1 X113.395 Y118.354 E.02247
G1 X113.398 Y118.954 E.01823
G1 X115.785 Y118.954 E.0726
G1 X115.785 Y116.635 E.07054
G1 X112.723 Y116.635 E.09311
G1 X113.36 Y117.012 F18000
G1 F6000
G1 X113.574 Y117.475 E.01554
G3 X113.777 Y118.397 I-7.938 J2.227 E.02871
G1 X113.776 Y118.577 E.00547
G1 X115.408 Y118.577 E.04962
G1 X115.408 Y117.012 E.0476
G1 X113.42 Y117.012 E.06046
G1 X113.941 Y117.389 F18000
G1 F6000
G3 X114.141 Y118.2 I-84.525 J21.303 E.0254
G1 X115.03 Y118.2 E.02706
G1 X115.03 Y117.389 E.02466
G1 X114.001 Y117.389 E.03132
G1 X114.459 Y117.794 F18000
;WIDTH:0.476736
G1 F6000
G1 X114.565 Y117.794 E.0037
G1 X117 Y120.364 F18000
;TYPE:Gap infill
;WIDTH:0.431174
G1 F6000
G1 X117 Y124.143 E.11835
G3 X116.988 Y124.379 I-2.261 J.006 E.00741
;WIDTH:0.394222
G1 X116.974 Y124.486 E.00304
;WIDTH:0.380207
G1 X116.885 Y124.97 E.01339
G1 X117.05 Y115.225 F18000
;WIDTH:0.330912
G1 F6000
G1 X117.05 Y84.345 E.71728
G1 X117.009 Y83.557 E.01833
G1 X116.886 Y82.811 E.01755
G1 X116.678 Y82.061 E.01809
G1 X116.398 Y81.359 E.01755
G1 X116.041 Y80.685 E.01773
G1 X115.612 Y80.053 E.01773
G1 X115.123 Y79.477 E.01755
G1 X114.564 Y78.946 E.01791
G1 X113.956 Y78.484 E.01773
G1 X113.309 Y78.094 E.01755
G1 X112.609 Y77.77 E.01791
G1 X111.886 Y77.526 E.01773
G1 X111.148 Y77.364 E.01755
G1 X110.374 Y77.279 E.01809
G1 X109.618 Y77.28 E.01755
G1 X108.867 Y77.361 E.01755
G1 X108.107 Y77.529 E.01809
G1 X107.391 Y77.77 E.01755
G1 X106.698 Y78.09 E.01773
G1 X106.044 Y78.484 E.01773
G1 X105.442 Y78.941 E.01755
G1 X104.877 Y79.477 E.01809
G1 X104.388 Y80.053 E.01755
G1 X103.959 Y80.685 E.01773
G1 X103.599 Y81.366 E.01791
G1 X103.319 Y82.068 E.01755
G1 X103.115 Y82.804 E.01773
G1 X102.991 Y83.557 E.01773
G1 X102.95 Y84.345 E.01833
G1 X102.95 Y115.225 E.71728
; stop printing object LEG id:18398695746277035084 copy 0
;LAYER_CHANGE
;Z:12.64
;HEIGHT:0.200001
G92 E0 ; zero the extruded length again
; BEFORE_LAYER_CHANGE 62 @ 12.64mm
G1 E-1.75 F6000
;WIPE_START
G1 X102.95 Y114.225 E-.75
;WIPE_END
; AFTER_LAYER_CHANGE 62 @ 12.64mm
;_SET_FAN_SPEED_CHANGING_LAYER
; printing object LEG id:18398695746277035084 copy 0
G1 X103.79 Y120.959 Z12.64 F18000
G1 E2.5 F6000
M204 P1000
;TYPE:Outer wall
;WIDTH:0.42
G1 F3600
G1 X103.79 Y125.945 E.15165
G3 X102.21 Y124.164 I.238 J-1.802 E.07897
G1 X102.21 Y84.325 E1.21164
G3 X110.745 Y76.576 I7.782 J-.003 E.39481
G1 X111.26 Y76.632 E.01577
G3 X117.79 Y84.325 I-1.297 J7.719 E.3335
G1 X117.79 Y124.164 E1.21164
G3 X116.21 Y125.945 I-1.818 J-.02 E.07897
G1 X116.21 Y120.959 E.15165
G1 X103.85 Y120.959 E.37591
G1 X103.398 Y120.567 F18000
M204 P1500
;TYPE:Inner wall
;WIDTH:0.45
G1 F6000
G1 X103.398 Y125.442 E.16005
G3 X102.602 Y124.153 I.682 J-1.311 E.0522
G1 X102.602 Y84.335 E1.30736
G3 X110.702 Y76.966 I7.395 J-.008 E.40486
G1 X111.197 Y77.02 E.01633
G3 X117.398 Y84.335 I-1.233 J7.331 E.34224
G1 X117.398 Y124.153 E1.30735
G3 X116.602 Y125.442 I-1.478 J-.023 E.0522
G1 X116.602 Y120.567 E.16005
G1 X110.81 Y120.567 E.19019
G1 X110.76 Y120.388 E.0061
G2 X109.24 Y120.388 I-.76 J-1.634 E.3203
G1 X109.19 Y120.567 E.0061
G1 X103.458 Y120.567 E.18822
G1 E-1.75
;WIPE_START
G1 X103.446 Y121.567 E-.75
;WIPE_END
G1 X103.69 Y114.629 F18000
G1 E2.5 F6000
M204 P1000
;TYPE:Outer wall
;WIDTH:0.42
G1 F3600
G1 X103.69 Y84.311 E.92209
G3 X109.658 Y78.018 I6.31 J.008 E.29082
G3 X116.31 Y84.311 I.321 J6.322 E.31131
G1 X116.31 Y114.629 E.92209
G1 X103.75 Y114.629 E.382
G1 X103.298 Y114.629 F18000
M204 P1500
;TYPE:Inner wall
;WIDTH:0.45
G1 F6000
G1 X103.298 Y84.3 E.9958
G3 X109.637 Y77.626 I6.702 J.018 E.33315
G3 X116.702 Y84.3 I.342 J6.715 E.35665
G1 X116.702 Y115.021 E1.00868
G1 X103.298 Y115.021 E.4401
G1 X103.298 Y114.689 E.0109
G1 E-1.75
;WIPE_START
G1 X103.298 Y113.689 E-.75
;WIPE_END
G1 X111.801 Y117.466 F18000
G1 E2.5 F6000
G1 X111.759 Y117.407 E.00238
G2 X108.293 Y120.16 I-1.759 J1.344 E.23107
G1 X103.009 Y120.16 E.17348
G1 X103.009 Y115.428 E.15536
G1 X116.991 Y115.428 E.45907
G1 X116.991 Y120.16 E.15536
G1 X111.707 Y120.16 E.17348
G2 X111.894 Y117.605 I-1.707 J-1.409 E.08971
G1 X111.834 Y117.516 E.0035
G1 X112.138 Y117.238 F18000
G1 F6000
G1 X112.082 Y117.162 E.00311
G2 X107.587 Y119.753 I-2.082 J1.583 E.2479
G1 X103.416 Y119.753 E.13695
G1 X103.416 Y115.835 E.12863
G1 X116.584 Y115.835 E.43233
G1 X116.584 Y119.753 E.12863
G1 X112.413 Y119.753 E.13695
G2 X112.24 Y117.396 I-2.413 J-1.008 E.08051
G1 X112.17 Y117.288 E.00422
G1 X112.475 Y117.009 F18000
G1 F6000
G1 X112.408 Y116.914 E.00383
G2 X112.197 Y116.663 I-2.437 J1.836 E.01076
G1 X111.753 Y116.242 E.02008
G1 X116.177 Y116.242 E.14525
G1 X116.177 Y119.346 E.10189
G1 X112.963 Y119.346 E.1055
G2 X112.591 Y117.185 I-2.992 J-.596 E.07363
G1 X112.508 Y117.06 E.00495
G1 E-1.75
;WIPE_START
G1 X112.408 Y116.914 E-.13253
G1 X112.197 Y116.663 E-.24569
G1 X111.837 Y116.322 E-.37178
;WIPE_END
G1 X108.247 Y116.242 F18000
G1 E2.5 F6000
G1 X107.803 Y116.663 E.02008
G2 X107.037 Y119.346 I2.226 J2.087 E.09514
G1 X103.823 Y119.346 E.1055
G1 X103.823 Y116.242 E.10189
G1 X108.187 Y116.242 E.14328
G1 E-1.75
;WIPE_START
G1 X107.803 Y116.663 E-.42716
G1 X107.591 Y116.913 E-.24576
G1 X107.533 Y116.998 E-.07708
;WIPE_END
G1 X111.138 Y117.916 F18000
G1 E2.5 F6000
M204 P1000
;TYPE:Outer wall
;WIDTH:0.42
G1 F3600
G1 X111.279 Y118.152 E.00839
G3 X109.772 Y117.352 I-1.28 J.591 E.21358
G1 X109.924 Y117.336 E.00465
G3 X111.103 Y117.867 I.076 J1.407 E.04088
G1 E-1.75 F6000
;WIPE_START
G1 F3600
G1 X111.279 Y118.152 E-.25159
G1 X111.377 Y118.441 E-.22868
G1 X111.41 Y118.744 E-.22874
G1 X111.405 Y118.798 E-.04099
;WIPE_END
G1 X111.392 Y120.219 F18000
G1 E2.5 F6000
M204 P2000
;TYPE:Gap infill
;WIDTH:0.108826
G1 X111.321 Y120.302 E.00058
G3 X111.236 Y120.345 I-.083 J-.059 E.00053
G1 X110.591 Y120.513 F18000
;WIDTH:0.475997
G1 F6000
G3 X109.409 Y120.513 I-.591 J-4.055 E.04144
G1 X108.764 Y120.345 F18000
;WIDTH:0.109633
G1 F6000
G3 X108.608 Y120.219 I.054 J-.227 E.00112
G1 E-2.29261
;WIPE_START
G1 X108.698 Y120.323 E-.1378
G1 X108.764 Y120.345 E-.06959
;WIPE_END
G1 X103.115 Y124.97 F18000
G1 E2.5 F6000
;WIDTH:0.360153
G1 X103.026 Y124.486 E.0126
;WIDTH:0.405299
G3 X103.003 Y124.274 I2.01 J-.319 E.00623
;WIDTH:0.431455
G1 X103 Y120.364 E.12254
G1 X105.375 Y117.794 F18000
;TYPE:Internal solid infill
;WIDTH:0.476736
G1 F6000
G1 X105.481 Y117.794 E.0037
G1 X106.059 Y117.389 F18000
;WIDTH:0.419999
G1 F6000
G1 X104.97 Y117.389 E.03315
G1 X104.97 Y118.2 E.02466
G1 X105.868 Y118.2 E.02731
G1 X106.04 Y117.446 E.02353
G1 X106.64 Y117.012 F18000
G1 F6000
G1 X104.592 Y117.012 E.06228
G1 X104.592 Y118.577 E.0476
G1 X106.224 Y118.577 E.04962
G1 X106.237 Y118.273 E.00923
G1 X106.387 Y117.591 E.02124
G1 X106.616 Y117.067 E.01742
G1 X107.337 Y116.635 F18000
G1 F6000
G1 X104.215 Y116.635 E.09494
G1 X104.215 Y118.954 E.07054
G1 X106.602 Y118.954 E.0726
G1 X106.6 Y118.396 E.01698
G1 X106.755 Y117.672 E.0225
G1 X107.061 Y117 E.02248
G1 X107.301 Y116.682 E.01209
G1 X108.462 Y116.353 F18000
;TYPE:Gap infill
;WIDTH:0.142835
G1 F6000
G1 X108.652 Y116.208 E.00193
;WIDTH:0.156695
G1 X108.779 Y116.122 E.0014
;WIDTH:0.182906
G1 X108.901 Y116.039 E.00167
G1 X109.065 Y116.062 F18000
;WIDTH:0.119089
G1 F6000
G2 X108.654 Y116.137 I1.177 J7.564 E.00256
G1 X111.346 Y116.137 F18000
;WIDTH:0.12981
G1 F6000
G2 X110.935 Y116.062 I-1.586 J7.479 E.00292
G1 X111.099 Y116.039 F18000
;WIDTH:0.170044
G1 F6000
G1 X111.221 Y116.122 E.00151
;WIDTH:0.157183
G1 X111.343 Y116.205 E.00136
;WIDTH:0.12041
G1 X111.538 Y116.353 E.00153
G1 X112.663 Y116.635 F18000
;TYPE:Internal solid infill
;WIDTH:0.419999
G1 F6000
G1 X112.939 Y117 E.01392
G1 X113.232 Y117.634 E.02124
G1 X113.395 Y118.354 E.02247
G1 X113.398 Y118.954 E.01823
G1 X115.785 Y118.954 E.0726
G1 X115.785 Y116.635 E.07054
G1 X112.723 Y116.635 E.09311
G1 X113.36 Y117.012 F18000
G1 F6000
G1 X113.574 Y117.475 E.01554
G3 X113.777 Y118.397 I-7.939 J2.227 E.02871
G1 X113.776 Y118.577 E.00547
G1 X115.408 Y118.577 E.04962
G1 X115.408 Y117.012 E.0476
G1 X113.42 Y117.012 E.06046
G1 X113.941 Y117.389 F18000
G1 F6000
G3 X114.141 Y118.2 I-84.855 J21.385 E.0254
G1 X115.03 Y118.2 E.02706
G1 X115.03 Y117.389 E.02466
G1 X114.001 Y117.389 E.03132
G1 X114.459 Y117.794 F18000
;WIDTH:0.476736
G1 F6000
G1 X114.565 Y117.794 E.0037
G1 X117 Y120.364 F18000
;TYPE:Gap infill
;WIDTH:0.431174
G1 F6000
G1 X117 Y124.143 E.11835
G3 X116.988 Y124.379 I-2.261 J.006 E.00741
;WIDTH:0.394222
G1 X116.974 Y124.486 E.00304
;WIDTH:0.380205
G1 X116.885 Y124.97 E.01339
G1 X117.05 Y115.225 F18000
;WIDTH:0.330912
G1 F6000
G1 X117.05 Y84.345 E.71728
G1 X117.009 Y83.557 E.01833
G1 X116.886 Y82.811 E.01755
G1 X116.678 Y82.061 E.01809
G1 X116.398 Y81.359 E.01755
G1 X116.041 Y80.685 E.01773
G1 X115.607 Y80.047 E.01791
G1 X115.118 Y79.471 E.01755
G1 X114.564 Y78.946 E.01773
G1 X113.956 Y78.484 E.01773
G1 X113.309 Y78.094 E.01755
G1 X112.609 Y77.77 E.01791
G1 X111.886 Y77.526 E.01773
G1 X111.148 Y77.364 E.01755
G1 X110.374 Y77.279 E.01809
G1 X109.618 Y77.28 E.01755
G1 X108.867 Y77.361 E.01755
G1 X108.107 Y77.529 E.01809
G1 X107.391 Y77.77 E.01755
G1 X106.698 Y78.09 E.01773
G1 X106.044 Y78.484 E.01773
G1 X105.442 Y78.941 E.01755
G1 X104.877 Y79.477 E.01809
G1 X104.388 Y80.053 E.01755
G1 X103.959 Y80.685 E.01773
G1 X103.599 Y81.366 E.01791
G1 X103.319 Y82.068 E.01755
G1 X103.115 Y82.804 E.01773
G1 X102.991 Y83.557 E.01773
G1 X102.95 Y84.345 E.01833
G1 X102.95 Y115.225 E.71728
; stop printing object LEG id:18398695746277035084 copy 0
;LAYER_CHANGE
;Z:12.84
;HEIGHT:0.2
G92 E0 ; zero the extruded length again
; BEFORE_LAYER_CHANGE 63 @ 12.84mm
G1 E-1.75 F6000
;WIPE_START
G1 X102.95 Y114.225 E-.75
;WIPE_END
; AFTER_LAYER_CHANGE 63 @ 12.84mm
;_SET_FAN_SPEED_CHANGING_LAYER
; printing object LEG id:18398695746277035084 copy 0
G1 X103.79 Y120.959 Z12.84 F18000
G1 E2.5 F6000
M204 P1000
;TYPE:Outer wall
;WIDTH:0.42
G1 F3600
G1 X103.79 Y125.945 E.15165
G3 X102.21 Y124.164 I.238 J-1.802 E.07897
G1 X102.21 Y84.325 E1.21164
G3 X110.736 Y76.575 I7.782 J-.003 E.39455
G1 X111.26 Y76.632 E.01603
G3 X117.79 Y84.325 I-1.297 J7.719 E.3335
G1 X117.79 Y124.164 E1.21164
G3 X116.21 Y125.945 I-1.796 J-.001 E.07918
G1 X116.21 Y120.959 E.15165
G1 X103.85 Y120.959 E.37591
G1 X103.398 Y120.567 F18000
M204 P1500
;TYPE:Inner wall
;WIDTH:0.45
G1 F6000
G1 X103.398 Y125.442 E.16005
G3 X102.602 Y124.153 I.682 J-1.311 E.0522
G1 X102.602 Y84.335 E1.30736
G3 X110.694 Y76.965 I7.395 J-.008 E.40459
G1 X111.197 Y77.02 E.0166
G3 X117.398 Y84.335 I-1.233 J7.331 E.34224
G1 X117.398 Y124.153 E1.30735
G3 X116.602 Y125.442 I-1.442 J-.001 E.05235
G1 X116.602 Y120.567 E.16005
G1 X110.81 Y120.567 E.19019
G1 X110.76 Y120.388 E.0061
G2 X109.24 Y120.388 I-.76 J-1.638 E.32108
G1 X109.19 Y120.567 E.0061
G1 X103.458 Y120.567 E.18822
G1 E-1.75
;WIPE_START
G1 X103.446 Y121.567 E-.75
;WIPE_END
G1 X103.69 Y114.629 F18000
G1 E2.5 F6000
M204 P1000
;TYPE:Outer wall
;WIDTH:0.42
G1 F3600
G1 X103.69 Y84.311 E.92209
G3 X109.658 Y78.018 I6.31 J.008 E.29082
G3 X116.31 Y84.311 I.321 J6.322 E.31131
G1 X116.31 Y114.629 E.92209
G1 X103.75 Y114.629 E.382
G1 X103.298 Y114.629 F18000
M204 P1500
;TYPE:Inner wall
;WIDTH:0.45
G1 F6000
G1 X103.298 Y84.3 E.9958
G3 X109.637 Y77.626 I6.702 J.018 E.33315
G3 X116.702 Y84.3 I.342 J6.715 E.35665
G1 X116.702 Y115.021 E1.00868
G1 X103.298 Y115.021 E.4401
G1 X103.298 Y114.689 E.0109
G1 E-1.75
;WIPE_START
G1 X103.298 Y113.689 E-.75
;WIPE_END
G1 X111.799 Y117.464 F18000
G1 E2.5 F6000
G1 X111.759 Y117.407 E.00229
G2 X108.293 Y120.16 I-1.759 J1.344 E.23111
G1 X103.009 Y120.16 E.17348
G1 X103.009 Y115.428 E.15536
G1 X116.991 Y115.428 E.45907
G1 X116.991 Y120.16 E.15536
G1 X111.707 Y120.16 E.17348
G2 X111.894 Y117.604 I-1.707 J-1.41 E.08972
G1 X111.833 Y117.514 E.0036
G1 X112.136 Y117.236 F18000
G1 F6000
G1 X112.082 Y117.162 E.00301
G2 X107.587 Y119.753 I-2.082 J1.583 E.2479
G1 X103.416 Y119.753 E.13695
G1 X103.416 Y115.835 E.12863
G1 X116.584 Y115.835 E.43233
G1 X116.584 Y119.753 E.12863
G1 X112.413 Y119.753 E.13695
G2 X112.24 Y117.396 I-2.413 J-1.008 E.08051
G1 X112.169 Y117.286 E.00432
G1 X112.473 Y117.007 F18000
G1 F6000
G1 X112.408 Y116.914 E.00374
G2 X112.197 Y116.663 I-2.437 J1.836 E.01076
G1 X111.753 Y116.242 E.02008
G1 X116.177 Y116.242 E.14525
G1 X116.177 Y119.346 E.10189
G1 X112.963 Y119.346 E.1055
G2 X112.591 Y117.185 I-2.992 J-.596 E.07363
G1 X112.506 Y117.057 E.00504
G1 E-1.75
;WIPE_START
G1 X112.408 Y116.914 E-.13038
G1 X112.197 Y116.663 E-.24571
G1 X111.835 Y116.32 E-.37392
;WIPE_END
G1 X108.247 Y116.242 F18000
G1 E2.5 F6000
G1 X107.803 Y116.663 E.02008
G2 X107.037 Y119.346 I2.226 J2.087 E.09514
G1 X103.823 Y119.346 E.1055
G1 X103.823 Y116.242 E.10189
G1 X108.187 Y116.242 E.14328
G1 E-1.75
;WIPE_START
G1 X107.803 Y116.663 E-.42716
G1 X107.591 Y116.913 E-.24578
G1 X107.533 Y116.998 E-.07706
;WIPE_END
G1 X111.136 Y117.913 F18000
G1 E2.5 F6000
M204 P1000
;TYPE:Outer wall
;WIDTH:0.42
G1 F3600
G1 X111.277 Y118.153 E.00847
G3 X109.772 Y117.352 I-1.278 J.587 E.21302
G1 X109.924 Y117.336 E.00465
G3 X111.1 Y117.865 I.076 J1.404 E.04077
G1 E-1.75 F6000
;WIPE_START
G1 F3600
G1 X111.277 Y118.153 E-.25354
G1 X111.377 Y118.441 E-.22853
G1 X111.41 Y118.744 E-.22874
G1 X111.405 Y118.796 E-.03919
;WIPE_END
G1 X111.392 Y120.219 F18000
G1 E2.5 F6000
M204 P2000
;TYPE:Gap infill
;WIDTH:0.108826
G1 X111.321 Y120.302 E.00058
G3 X111.236 Y120.345 I-.083 J-.059 E.00053
G1 X110.591 Y120.513 F18000
;WIDTH:0.475998
G1 F6000
G3 X109.409 Y120.513 I-.591 J-4.055 E.04144
G1 X108.764 Y120.345 F18000
;WIDTH:0.109637
G1 F6000
G3 X108.608 Y120.219 I.054 J-.227 E.00112
G1 E-2.29258
;WIPE_START
G1 X108.698 Y120.323 E-.13782
G1 X108.764 Y120.345 E-.0696
;WIPE_END
G1 X103.115 Y124.97 F18000
G1 E2.5 F6000
;WIDTH:0.360152
G1 X103.026 Y124.486 E.0126
;WIDTH:0.4053
G3 X103.003 Y124.274 I2.009 J-.319 E.00623
;WIDTH:0.431455
G1 X103 Y120.364 E.12254
G1 X105.375 Y117.794 F18000
;TYPE:Internal solid infill
;WIDTH:0.476736
G1 F6000
G1 X105.481 Y117.794 E.0037
G1 X106.059 Y117.389 F18000
;WIDTH:0.419999
G1 F6000
G1 X104.97 Y117.389 E.03315
G1 X104.97 Y118.2 E.02466
G1 X105.868 Y118.2 E.02731
G1 X106.04 Y117.446 E.02353
G1 X106.64 Y117.012 F18000
G1 F6000
G1 X104.592 Y117.012 E.06228
G1 X104.592 Y118.577 E.0476
G1 X106.224 Y118.577 E.04962
G1 X106.237 Y118.273 E.00923
G1 X106.387 Y117.591 E.02124
G1 X106.616 Y117.067 E.01742
G1 X107.337 Y116.635 F18000
G1 F6000
G1 X104.215 Y116.635 E.09494
G1 X104.215 Y118.954 E.07054
G1 X106.602 Y118.954 E.0726
G1 X106.6 Y118.396 E.01698
G1 X106.755 Y117.672 E.0225
G1 X107.061 Y117 E.02248
G1 X107.301 Y116.682 E.01209
G1 X108.462 Y116.353 F18000
;TYPE:Gap infill
;WIDTH:0.142824
G1 F6000
G1 X108.652 Y116.208 E.00193
;WIDTH:0.156683
G1 X108.779 Y116.122 E.0014
;WIDTH:0.182896
G1 X108.901 Y116.039 E.00167
G1 X109.065 Y116.062 F18000
;WIDTH:0.119088
G1 F6000
G2 X108.655 Y116.137 I1.175 J7.553 E.00256
G1 X111.345 Y116.137 F18000
;WIDTH:0.129803
G1 F6000
G2 X110.935 Y116.062 I-1.585 J7.474 E.00292
G1 X111.099 Y116.039 F18000
;WIDTH:0.170039
G1 F6000
G1 X111.221 Y116.122 E.00151
;WIDTH:0.157177
G1 X111.343 Y116.205 E.00136
;WIDTH:0.120407
G1 X111.538 Y116.353 E.00153
G1 X112.663 Y116.635 F18000
;TYPE:Internal solid infill
;WIDTH:0.419999
G1 F6000
G1 X112.939 Y117 E.01392
G1 X113.232 Y117.634 E.02124
G1 X113.395 Y118.354 E.02247
G1 X113.398 Y118.954 E.01823
G1 X115.785 Y118.954 E.0726
G1 X115.785 Y116.635 E.07054
G1 X112.723 Y116.635 E.09311
G1 X113.36 Y117.012 F18000
G1 F6000
G1 X113.574 Y117.475 E.01554
G3 X113.777 Y118.397 I-7.939 J2.227 E.02871
G1 X113.776 Y118.577 E.00547
G1 X115.408 Y118.577 E.04962
G1 X115.408 Y117.012 E.0476
G1 X113.42 Y117.012 E.06046
G1 X113.941 Y117.389 F18000
G1 F6000
G3 X114.141 Y118.2 I-84.578 J21.316 E.0254
G1 X115.03 Y118.2 E.02706
G1 X115.03 Y117.389 E.02466
G1 X114.001 Y117.389 E.03132
G1 X114.459 Y117.794 F18000
;WIDTH:0.476736
G1 F6000
G1 X114.565 Y117.794 E.0037
G1 X117 Y120.364 F18000
;TYPE:Gap infill
;WIDTH:0.431174
G1 F6000
G1 X117 Y124.143 E.11835
G3 X116.988 Y124.379 I-2.261 J.006 E.00741
;WIDTH:0.394222
G1 X116.974 Y124.486 E.00304
;WIDTH:0.380204
G1 X116.885 Y124.97 E.01339
G1 X117.05 Y115.225 F18000
;WIDTH:0.330912
G1 F6000
G1 X117.05 Y84.345 E.71728
G1 X117.009 Y83.557 E.01833
G1 X116.886 Y82.811 E.01755
G1 X116.678 Y82.061 E.01809
G1 X116.398 Y81.359 E.01755
G1 X116.041 Y80.685 E.01773
G1 X115.612 Y80.053 E.01773
G1 X115.123 Y79.477 E.01755
G1 X114.564 Y78.946 E.01791
G1 X113.956 Y78.484 E.01773
G1 X113.309 Y78.094 E.01755
G1 X112.609 Y77.77 E.01791
G1 X111.886 Y77.526 E.01773
G1 X111.148 Y77.364 E.01755
G1 X110.374 Y77.279 E.01809
G1 X109.618 Y77.28 E.01755
G1 X108.867 Y77.361 E.01755
G1 X108.107 Y77.529 E.01809
G1 X107.391 Y77.77 E.01755
G1 X106.698 Y78.09 E.01773
G1 X106.044 Y78.484 E.01773
G1 X105.442 Y78.941 E.01755
G1 X104.877 Y79.477 E.01809
G1 X104.388 Y80.053 E.01755
G1 X103.959 Y80.685 E.01773
G1 X103.599 Y81.366 E.01791
G1 X103.319 Y82.068 E.01755
G1 X103.115 Y82.804 E.01773
G1 X102.991 Y83.557 E.01773
G1 X102.95 Y84.345 E.01833
G1 X102.95 Y115.225 E.71728
; stop printing object LEG id:18398695746277035084 copy 0
;LAYER_CHANGE
;Z:13.04
;HEIGHT:0.2
G92 E0 ; zero the extruded length again
; BEFORE_LAYER_CHANGE 64 @ 13.04mm
G1 E-1.75 F6000
;WIPE_START
G1 X102.95 Y114.225 E-.75
;WIPE_END
; AFTER_LAYER_CHANGE 64 @ 13.04mm
;_SET_FAN_SPEED_CHANGING_LAYER
; printing object LEG id:18398695746277035084 copy 0
G1 X103.79 Y120.959 Z13.04 F18000
G1 E2.5 F6000
M204 P1000
;TYPE:Outer wall
;WIDTH:0.42
G1 F3600
G1 X103.79 Y125.945 E.15165
G3 X102.21 Y124.164 I.238 J-1.802 E.07897
G1 X102.21 Y84.325 E1.21164
G3 X110.728 Y76.574 I7.782 J-.003 E.3943
G1 X111.26 Y76.632 E.01628
G3 X117.79 Y84.325 I-1.295 J7.717 E.33351
G1 X117.79 Y124.164 E1.21164
G3 X116.21 Y125.945 I-1.818 J-.02 E.07897
G1 X116.21 Y120.959 E.15165
G1 X103.85 Y120.959 E.37591
G1 X103.398 Y120.567 F18000
M204 P1500
;TYPE:Inner wall
;WIDTH:0.45
G1 F6000
G1 X103.398 Y125.442 E.16005
G3 X102.602 Y124.153 I.682 J-1.311 E.0522
G1 X102.602 Y84.335 E1.30736
G3 X110.686 Y76.964 I7.395 J-.008 E.40431
G1 X111.197 Y77.02 E.01688
G3 X117.398 Y84.335 I-1.231 J7.329 E.34226
G1 X117.398 Y124.153 E1.30735
G3 X116.602 Y125.442 I-1.478 J-.023 E.0522
G1 X116.602 Y120.567 E.16005
G1 X110.81 Y120.567 E.19019
G1 X110.76 Y120.388 E.0061
G2 X108.988 Y120.237 I-.752 J-1.638 E.31082
G1 X109.24 Y120.388 E.00965
G1 X109.19 Y120.567 E.0061
G1 X103.458 Y120.567 E.18822
G1 E-1.75
;WIPE_START
G1 X103.446 Y121.567 E-.75
;WIPE_END
G1 X103.69 Y114.629 F18000
G1 E2.5 F6000
M204 P1000
;TYPE:Outer wall
;WIDTH:0.42
G1 F3600
G1 X103.69 Y84.311 E.92209
G3 X109.658 Y78.018 I6.31 J.008 E.29082
G3 X116.31 Y84.311 I.322 J6.321 E.31132
G1 X116.31 Y114.629 E.92209
G1 X103.75 Y114.629 E.382
G1 X103.298 Y114.629 F18000
M204 P1500
;TYPE:Inner wall
;WIDTH:0.45
G1 F6000
G1 X103.298 Y84.3 E.9958
G3 X109.637 Y77.626 I6.702 J.018 E.33315
G3 X116.702 Y84.3 I.342 J6.714 E.35666
G1 X116.702 Y115.021 E1.00868
G1 X103.298 Y115.021 E.4401
G1 X103.298 Y114.689 E.0109
G1 E-1.75
;WIPE_START
G1 X103.298 Y113.689 E-.75
;WIPE_END
G1 X111.802 Y117.468 F18000
G1 E2.5 F6000
G1 X111.755 Y117.41 E.00246
G2 X108.293 Y120.16 I-1.761 J1.337 E.23121
G1 X103.009 Y120.16 E.17348
G1 X103.009 Y115.428 E.15536
G1 X116.991 Y115.428 E.45907
G1 X116.991 Y120.16 E.15536
G1 X111.707 Y120.16 E.17348
G1 X111.842 Y119.961 E.00788
G2 X111.888 Y117.608 I-1.848 J-1.214 E.0815
G1 X111.834 Y117.519 E.00342
G1 X112.139 Y117.24 F18000
G1 F6000
G1 X112.082 Y117.162 E.00318
G2 X107.587 Y119.753 I-2.082 J1.583 E.24791
G1 X103.416 Y119.753 E.13695
G1 X103.416 Y115.835 E.12863
G1 X116.584 Y115.835 E.43233
G1 X116.584 Y119.753 E.12863
G1 X112.413 Y119.753 E.13695
G2 X112.24 Y117.396 I-2.413 J-1.008 E.08051
G1 X112.172 Y117.29 E.00415
G1 X112.476 Y117.011 F18000
G1 F6000
G1 X112.408 Y116.914 E.00391
G2 X112.197 Y116.663 I-2.437 J1.836 E.01076
G1 X111.753 Y116.242 E.02008
G1 X116.177 Y116.242 E.14525
G1 X116.177 Y119.346 E.10189
G1 X112.963 Y119.346 E.1055
G2 X112.591 Y117.185 I-2.992 J-.596 E.07363
G1 X112.509 Y117.061 E.00487
G1 E-1.75
;WIPE_START
G1 X112.408 Y116.914 E-.13421
G1 X112.197 Y116.663 E-.2457
G1 X111.839 Y116.324 E-.37009
;WIPE_END
G1 X108.247 Y116.242 F18000
G1 E2.5 F6000
G1 X107.803 Y116.663 E.02008
G2 X107.037 Y119.346 I2.226 J2.087 E.09514
G1 X103.823 Y119.346 E.1055
G1 X103.823 Y116.242 E.10189
G1 X108.187 Y116.242 E.14328
G1 E-1.75
;WIPE_START
G1 X107.803 Y116.663 E-.42717
G1 X107.591 Y116.913 E-.24574
G1 X107.533 Y116.998 E-.0771
;WIPE_END
G1 X111.135 Y117.921 F18000
G1 E2.5 F6000
M204 P1000
;TYPE:Outer wall
;WIDTH:0.42
G1 F3600
G1 X111.208 Y118.017 E.00367
G3 X109.772 Y117.352 I-1.208 J.726 E.21822
G1 X109.924 Y117.336 E.00465
G3 X111.024 Y117.775 I.076 J1.407 E.03717
G1 X111.099 Y117.873 E.00377
G1 E-1.75 F6000
;WIPE_START
G1 F3600
G1 X111.208 Y118.017 E-.13559
G1 X111.28 Y118.152 E-.11452
G1 X111.377 Y118.441 E-.22874
G1 X111.41 Y118.744 E-.22875
G1 X111.404 Y118.8 E-.0424
;WIPE_END
G1 X111.392 Y120.219 F18000
G1 E2.5 F6000
M204 P2000
;TYPE:Gap infill
;WIDTH:0.108823
G1 X111.321 Y120.302 E.00058
G3 X111.236 Y120.345 I-.083 J-.059 E.00053
G1 X110.591 Y120.513 F18000
;WIDTH:0.475999
G1 F6000
G3 X109.409 Y120.513 I-.591 J-4.055 E.04144
G1 X108.764 Y120.345 F18000
;WIDTH:0.109637
G1 F6000
G3 X108.608 Y120.219 I.054 J-.227 E.00112
G1 E-2.29257
;WIPE_START
G1 X108.698 Y120.323 E-.13782
G1 X108.764 Y120.345 E-.0696
;WIPE_END
G1 X103.115 Y124.97 F18000
G1 E2.5 F6000
;WIDTH:0.360153
G1 X103.026 Y124.486 E.0126
;WIDTH:0.405299
G3 X103.003 Y124.274 I2.009 J-.319 E.00623
;WIDTH:0.431455
G1 X103 Y120.364 E.12254
G1 X105.375 Y117.794 F18000
;TYPE:Internal solid infill
;WIDTH:0.476736
G1 F6000
G1 X105.481 Y117.794 E.0037
G1 X106.059 Y117.389 F18000
;WIDTH:0.419999
G1 F6000
G1 X104.97 Y117.389 E.03315
G1 X104.97 Y118.2 E.02466
G1 X105.868 Y118.2 E.02731
G1 X106.04 Y117.446 E.02353
G1 X106.64 Y117.012 F18000
G1 F6000
G1 X104.592 Y117.012 E.06228
G1 X104.592 Y118.577 E.0476
G1 X106.224 Y118.577 E.04962
G1 X106.237 Y118.273 E.00923
G1 X106.387 Y117.591 E.02124
G1 X106.616 Y117.067 E.01742
G1 X107.337 Y116.635 F18000
G1 F6000
G1 X104.215 Y116.635 E.09494
G1 X104.215 Y118.954 E.07054
G1 X106.602 Y118.954 E.0726
G1 X106.6 Y118.396 E.01697
G1 X106.755 Y117.672 E.0225
G1 X107.061 Y117 E.02248
G1 X107.301 Y116.682 E.01209
G1 X108.462 Y116.353 F18000
;TYPE:Gap infill
;WIDTH:0.142828
G1 F6000
G1 X108.652 Y116.208 E.00193
;WIDTH:0.156687
G1 X108.779 Y116.122 E.0014
;WIDTH:0.182901
G1 X108.901 Y116.039 E.00167
G1 X109.065 Y116.062 F18000
;WIDTH:0.119088
G1 F6000
G2 X108.654 Y116.137 I1.175 J7.553 E.00256
G1 X111.345 Y116.137 F18000
;WIDTH:0.129809
G1 F6000
G2 X110.935 Y116.062 I-1.597 J7.546 E.00292
G1 X111.099 Y116.039 F18000
;WIDTH:0.170044
G1 F6000
G1 X111.221 Y116.122 E.00151
;WIDTH:0.157183
G1 X111.343 Y116.205 E.00136
;WIDTH:0.12041
G1 X111.538 Y116.353 E.00153
G1 X112.663 Y116.635 F18000
;TYPE:Internal solid infill
;WIDTH:0.419999
G1 F6000
G1 X112.939 Y117 E.01392
G1 X113.232 Y117.634 E.02124
G1 X113.395 Y118.354 E.02247
G1 X113.398 Y118.954 E.01823
G1 X115.785 Y118.954 E.0726
G1 X115.785 Y116.635 E.07054
G1 X112.723 Y116.635 E.09311
G1 X113.36 Y117.012 F18000
G1 F6000
G1 X113.574 Y117.475 E.01554
G3 X113.777 Y118.397 I-7.939 J2.227 E.02871
G1 X113.776 Y118.577 E.00547
G1 X115.408 Y118.577 E.04962
G1 X115.408 Y117.012 E.0476
G1 X113.42 Y117.012 E.06046
G1 X113.941 Y117.389 F18000
G1 F6000
G3 X114.141 Y118.2 I-84.466 J21.288 E.0254
G1 X115.03 Y118.2 E.02706
G1 X115.03 Y117.389 E.02466
G1 X114.001 Y117.389 E.03132
G1 X114.459 Y117.794 F18000
;WIDTH:0.476736
G1 F6000
G1 X114.565 Y117.794 E.0037
G1 X117 Y120.364 F18000
;TYPE:Gap infill
;WIDTH:0.431174
G1 F6000
G1 X117 Y124.143 E.11835
G3 X116.988 Y124.379 I-2.261 J.006 E.00741
;WIDTH:0.394222
G1 X116.974 Y124.486 E.00304
;WIDTH:0.380205
G1 X116.885 Y124.97 E.01339
G1 X117.05 Y115.225 F18000
;WIDTH:0.330912
G1 F6000
G1 X117.05 Y84.345 E.71728
G1 X117.009 Y83.557 E.01833
G1 X116.886 Y82.811 E.01755
G1 X116.678 Y82.061 E.01809
G1 X116.398 Y81.359 E.01755
G1 X116.041 Y80.684 E.01773
G1 X115.612 Y80.053 E.01773
G1 X115.123 Y79.477 E.01755
G1 X114.564 Y78.946 E.01791
G1 X113.956 Y78.484 E.01773
G1 X113.309 Y78.094 E.01755
G1 X112.609 Y77.77 E.01791
G1 X111.886 Y77.526 E.01773
G1 X111.148 Y77.364 E.01755
G1 X110.374 Y77.279 E.01809
G1 X109.618 Y77.28 E.01755
G1 X108.867 Y77.361 E.01755
G1 X108.107 Y77.529 E.01809
G1 X107.391 Y77.77 E.01755
G1 X106.698 Y78.09 E.01773
G1 X106.044 Y78.484 E.01773
G1 X105.442 Y78.941 E.01755
G1 X104.877 Y79.477 E.01809
G1 X104.388 Y80.053 E.01755
G1 X103.959 Y80.685 E.01773
G1 X103.599 Y81.366 E.01791
G1 X103.319 Y82.068 E.01755
G1 X103.115 Y82.804 E.01773
G1 X102.991 Y83.557 E.01773
G1 X102.95 Y84.345 E.01833
G1 X102.95 Y115.225 E.71728
; stop printing object LEG id:18398695746277035084 copy 0
;LAYER_CHANGE
;Z:13.24
;HEIGHT:0.2
G92 E0 ; zero the extruded length again
; BEFORE_LAYER_CHANGE 65 @ 13.24mm
G1 E-1.75 F6000
;WIPE_START
G1 X102.95 Y114.225 E-.75
;WIPE_END
; AFTER_LAYER_CHANGE 65 @ 13.24mm
;_SET_FAN_SPEED_CHANGING_LAYER
; printing object LEG id:18398695746277035084 copy 0
G1 X103.79 Y120.959 Z13.24 F18000
G1 E2.5 F6000
M204 P1000
;TYPE:Outer wall
;WIDTH:0.42
G1 F3600
G1 X103.79 Y125.945 E.15165
G3 X102.21 Y124.164 I.216 J-1.783 E.07918
G1 X102.21 Y84.325 E1.21164
G3 X110.72 Y76.573 I7.782 J-.003 E.39404
G1 X111.26 Y76.632 E.01654
G3 X117.79 Y84.325 I-1.297 J7.719 E.3335
G1 X117.79 Y124.164 E1.21164
G3 X116.21 Y125.945 I-1.818 J-.02 E.07897
G1 X116.21 Y120.959 E.15165
G1 X103.85 Y120.959 E.37591
G1 X103.398 Y120.567 F18000
M204 P1500
;TYPE:Inner wall
;WIDTH:0.45
G1 F6000
G1 X103.398 Y125.442 E.16005
G3 X102.602 Y124.153 I.646 J-1.289 E.05234
G1 X102.602 Y84.335 E1.30736
G3 X110.677 Y76.963 I7.395 J-.008 E.40404
G1 X111.197 Y77.02 E.01716
G3 X117.398 Y84.335 I-1.233 J7.331 E.34224
G1 X117.398 Y124.153 E1.30735
G3 X116.602 Y125.442 I-1.478 J-.023 E.0522
G1 X116.602 Y120.567 E.16005
G1 X110.81 Y120.567 E.19019
G1 X110.76 Y120.388 E.0061
G2 X109.24 Y120.388 I-.76 J-1.634 E.3203
G1 X109.19 Y120.567 E.0061
G1 X103.458 Y120.567 E.18822
G1 E-1.75
;WIPE_START
G1 X103.446 Y121.567 E-.75
;WIPE_END
G1 X103.69 Y114.629 F18000
G1 E2.5 F6000
M204 P1000
;TYPE:Outer wall
;WIDTH:0.42
G1 F3600
G1 X103.69 Y84.311 E.92209
G3 X109.658 Y78.018 I6.31 J.008 E.29082
G3 X116.31 Y84.311 I.321 J6.322 E.31131
G1 X116.31 Y114.629 E.92209
G1 X103.75 Y114.629 E.382
G1 X103.298 Y114.629 F18000
M204 P1500
;TYPE:Inner wall
;WIDTH:0.45
G1 F6000
G1 X103.298 Y84.3 E.9958
G3 X109.637 Y77.626 I6.702 J.018 E.33315
G3 X116.702 Y84.3 I.342 J6.715 E.35665
G1 X116.702 Y115.021 E1.00868
G1 X103.298 Y115.021 E.4401
G1 X103.298 Y114.689 E.0109
G1 E-1.75
;WIPE_START
G1 X103.298 Y113.689 E-.75
;WIPE_END
G1 X111.794 Y117.457 F18000
G1 E2.5 F6000
G1 X111.759 Y117.407 E.002
G2 X108.293 Y120.16 I-1.759 J1.344 E.23107
G1 X103.009 Y120.16 E.17348
G1 X103.009 Y115.428 E.15536
G1 X116.991 Y115.428 E.45907
G1 X116.991 Y120.16 E.15536
G1 X111.707 Y120.16 E.17348
G2 X111.894 Y117.605 I-1.707 J-1.409 E.08971
G1 X111.828 Y117.506 E.00389
G1 X112.131 Y117.228 F18000
G1 F6000
G1 X112.084 Y117.16 E.00272
G2 X107.587 Y119.753 I-2.084 J1.582 E.24816
G1 X103.416 Y119.753 E.13695
G1 X103.416 Y115.835 E.12863
G1 X116.584 Y115.835 E.43233
G1 X116.584 Y119.753 E.12863
G1 X112.413 Y119.753 E.13695
G2 X112.243 Y117.395 I-2.413 J-1.011 E.08054
G1 X112.164 Y117.278 E.00461
G1 X112.468 Y117 F18000
G1 F6000
G1 X112.407 Y116.914 E.00344
G2 X112.058 Y116.532 I-2.383 J1.824 E.01703
G1 X111.753 Y116.242 E.0138
G1 X116.177 Y116.242 E.14525
G1 X116.177 Y119.346 E.10189
G1 X112.963 Y119.346 E.1055
G2 X112.592 Y117.185 I-2.939 J-.607 E.07371
G1 X112.501 Y117.05 E.00534
G1 E-1.75
;WIPE_START
G1 X112.407 Y116.914 E-.12364
G1 X112.197 Y116.663 E-.24567
G1 X112.058 Y116.532 E-.14343
G1 X111.828 Y116.314 E-.23726
;WIPE_END
G1 X108.247 Y116.242 F18000
G1 E2.5 F6000
G1 X107.803 Y116.663 E.02008
G2 X107.037 Y119.346 I2.226 J2.087 E.09514
G1 X103.823 Y119.346 E.1055
G1 X103.823 Y116.242 E.10189
G1 X108.187 Y116.242 E.14328
G1 E-1.75
;WIPE_START
G1 X107.803 Y116.663 E-.42717
G1 X107.591 Y116.913 E-.24573
G1 X107.533 Y116.998 E-.0771
;WIPE_END
G1 X111.132 Y117.906 F18000
G1 E2.5 F6000
M204 P1000
;TYPE:Outer wall
;WIDTH:0.42
G1 F3600
G1 X111.277 Y118.153 E.00874
G3 X109.772 Y117.352 I-1.278 J.587 E.21302
G1 X109.924 Y117.336 E.00465
G3 X111.095 Y117.858 I.076 J1.404 E.04051
G1 E-1.75 F6000
;WIPE_START
G1 F3600
G1 X111.277 Y118.153 E-.26005
G1 X111.377 Y118.441 E-.22852
G1 X111.41 Y118.744 E-.22875
G1 X111.406 Y118.787 E-.03269
;WIPE_END
G1 X111.392 Y120.219 F18000
G1 E2.5 F6000
M204 P2000
;TYPE:Gap infill
;WIDTH:0.108825
G1 X111.321 Y120.302 E.00058
G3 X111.236 Y120.345 I-.083 J-.059 E.00053
G1 X110.591 Y120.513 F18000
;WIDTH:0.475998
G1 F6000
G3 X109.409 Y120.513 I-.591 J-4.055 E.04144
G1 X108.764 Y120.345 F18000
;WIDTH:0.109636
G1 F6000
G3 X108.608 Y120.219 I.054 J-.227 E.00112
G1 E-2.29259
;WIPE_START
G1 X108.698 Y120.323 E-.13781
G1 X108.764 Y120.345 E-.0696
;WIPE_END
G1 X103.115 Y124.97 F18000
G1 E2.5 F6000
;WIDTH:0.360151
G1 X103.026 Y124.486 E.0126
;WIDTH:0.405297
G3 X103.003 Y124.274 I2.01 J-.319 E.00623
;WIDTH:0.431455
G1 X103 Y120.364 E.12254
G1 X105.375 Y117.794 F18000
;TYPE:Internal solid infill
;WIDTH:0.476736
G1 F6000
G1 X105.481 Y117.794 E.0037
G1 X106.059 Y117.389 F18000
;WIDTH:0.419999
G1 F6000
G1 X104.97 Y117.389 E.03315
G1 X104.97 Y118.2 E.02466
G1 X105.868 Y118.2 E.02731
G1 X106.04 Y117.446 E.02353
G1 X106.64 Y117.012 F18000
G1 F6000
G1 X104.592 Y117.012 E.06228
G1 X104.592 Y118.577 E.0476
G1 X106.224 Y118.577 E.04962
G1 X106.237 Y118.273 E.00923
G1 X106.387 Y117.591 E.02124
G1 X106.616 Y117.067 E.01742
G1 X107.337 Y116.635 F18000
G1 F6000
G1 X104.215 Y116.635 E.09494
G1 X104.215 Y118.954 E.07054
G1 X106.602 Y118.954 E.0726
G1 X106.6 Y118.396 E.01697
G1 X106.755 Y117.672 E.0225
G1 X107.061 Y117 E.02248
G1 X107.301 Y116.682 E.01209
G1 X108.462 Y116.353 F18000
;TYPE:Gap infill
;WIDTH:0.142822
G1 F6000
G1 X108.652 Y116.208 E.00193
;WIDTH:0.156682
G1 X108.779 Y116.122 E.0014
;WIDTH:0.182901
G1 X108.901 Y116.039 E.00167
G1 X109.065 Y116.062 F18000
;WIDTH:0.119079
G1 F6000
G2 X108.654 Y116.137 I1.174 J7.548 E.00256
G1 X111.345 Y116.137 F18000
;WIDTH:0.129799
G1 F6000
G2 X110.935 Y116.062 I-1.585 J7.478 E.00292
G1 X111.099 Y116.039 F18000
;WIDTH:0.170038
G1 F6000
G1 X111.221 Y116.122 E.00151
;WIDTH:0.157174
G1 X111.343 Y116.205 E.00136
;WIDTH:0.120405
G1 X111.538 Y116.353 E.00153
G1 X112.663 Y116.635 F18000
;TYPE:Internal solid infill
;WIDTH:0.419999
G1 F6000
G1 X112.939 Y117 E.01392
G1 X113.232 Y117.634 E.02124
G1 X113.395 Y118.354 E.02247
G1 X113.398 Y118.954 E.01823
G1 X115.785 Y118.954 E.0726
G1 X115.785 Y116.635 E.07054
G1 X112.723 Y116.635 E.09311
G1 X113.36 Y117.012 F18000
G1 F6000
G1 X113.574 Y117.475 E.01554
G3 X113.777 Y118.397 I-7.938 J2.227 E.02871
G1 X113.776 Y118.577 E.00547
G1 X115.408 Y118.577 E.04962
G1 X115.408 Y117.012 E.0476
G1 X113.42 Y117.012 E.06046
G1 X113.941 Y117.389 F18000
G1 F6000
G3 X114.141 Y118.2 I-84.228 J21.229 E.0254
G1 X115.03 Y118.2 E.02706
G1 X115.03 Y117.389 E.02466
G1 X114.001 Y117.389 E.03132
G1 X114.459 Y117.794 F18000
;WIDTH:0.476736
G1 F6000
G1 X114.565 Y117.794 E.0037
G1 X117 Y120.364 F18000
;TYPE:Gap infill
;WIDTH:0.431174
G1 F6000
G1 X117 Y124.143 E.11835
G3 X116.988 Y124.379 I-2.261 J.006 E.00741
;WIDTH:0.394222
G1 X116.974 Y124.486 E.00304
;WIDTH:0.380205
G1 X116.885 Y124.97 E.01339
G1 X117.05 Y115.225 F18000
;WIDTH:0.330912
G1 F6000
G1 X117.05 Y84.345 E.71728
G1 X117.009 Y83.557 E.01833
G1 X116.886 Y82.811 E.01755
G1 X116.678 Y82.061 E.01809
G1 X116.398 Y81.359 E.01755
G1 X116.041 Y80.685 E.01773
G1 X115.607 Y80.047 E.01791
G1 X115.118 Y79.471 E.01755
G1 X114.564 Y78.946 E.01773
G1 X113.956 Y78.484 E.01773
G1 X113.309 Y78.094 E.01755
G1 X112.609 Y77.77 E.01791
G1 X111.886 Y77.526 E.01773
G1 X111.148 Y77.364 E.01755
G1 X110.374 Y77.279 E.01809
G1 X109.618 Y77.28 E.01755
G1 X108.867 Y77.361 E.01755
G1 X108.107 Y77.529 E.01809
G1 X107.391 Y77.77 E.01755
G1 X106.698 Y78.09 E.01773
G1 X106.044 Y78.484 E.01773
G1 X105.442 Y78.941 E.01755
G1 X104.877 Y79.477 E.01809
G1 X104.388 Y80.053 E.01755
G1 X103.959 Y80.685 E.01773
G1 X103.599 Y81.366 E.01791
G1 X103.319 Y82.068 E.01755
G1 X103.115 Y82.804 E.01773
G1 X102.991 Y83.557 E.01773
G1 X102.95 Y84.345 E.01833
G1 X102.95 Y115.225 E.71728
; stop printing object LEG id:18398695746277035084 copy 0
;LAYER_CHANGE
;Z:13.44
;HEIGHT:0.2
G92 E0 ; zero the extruded length again
; BEFORE_LAYER_CHANGE 66 @ 13.44mm
G1 E-1.75 F6000
;WIPE_START
G1 X102.95 Y114.225 E-.75
;WIPE_END
; AFTER_LAYER_CHANGE 66 @ 13.44mm
;_SET_FAN_SPEED_CHANGING_LAYER
; printing object LEG id:18398695746277035084 copy 0
G1 X103.79 Y120.959 Z13.44 F18000
G1 E2.5 F6000
M204 P1000
;TYPE:Outer wall
;WIDTH:0.42
G1 F3600
G1 X103.79 Y125.945 E.15165
G3 X102.343 Y124.839 I.214 J-1.78 E.05811
G3 X102.21 Y124.164 I2.284 J-.8 E.02101
G1 X102.21 Y84.325 E1.21164
G3 X110.711 Y76.572 I7.782 J-.003 E.39379
G1 X111.26 Y76.632 E.0168
G3 X117.79 Y84.325 I-1.297 J7.719 E.3335
G1 X117.79 Y124.164 E1.21164
G3 X116.21 Y125.945 I-1.818 J-.02 E.07897
G1 X116.21 Y120.959 E.15165
G1 X103.85 Y120.959 E.37591
G1 X103.398 Y120.567 F18000
M204 P1500
;TYPE:Inner wall
;WIDTH:0.45
G1 F6000
G1 X103.398 Y125.442 E.16005
G3 X102.602 Y124.153 I.646 J-1.289 E.05234
G1 X102.602 Y84.335 E1.30736
G3 X110.669 Y76.962 I7.396 J-.008 E.40376
G1 X111.197 Y77.02 E.01744
G3 X117.398 Y84.335 I-1.233 J7.331 E.34224
G1 X117.398 Y124.153 E1.30735
G3 X116.602 Y125.442 I-1.478 J-.023 E.0522
G1 X116.602 Y120.567 E.16005
G1 X110.81 Y120.567 E.19019
G1 X110.76 Y120.388 E.0061
G2 X109.24 Y120.388 I-.76 J-1.634 E.3203
G1 X109.19 Y120.567 E.0061
G1 X103.458 Y120.567 E.18822
G1 E-1.75
;WIPE_START
G1 X103.446 Y121.567 E-.75
;WIPE_END
G1 X103.69 Y114.629 F18000
G1 E2.5 F6000
M204 P1000
;TYPE:Outer wall
;WIDTH:0.42
G1 F3600
G1 X103.69 Y84.311 E.92209
G3 X109.658 Y78.018 I6.31 J.008 E.29082
G3 X116.31 Y84.311 I.321 J6.322 E.31131
G1 X116.31 Y114.629 E.92209
G1 X103.75 Y114.629 E.382
G1 X103.298 Y114.629 F18000
M204 P1500
;TYPE:Inner wall
;WIDTH:0.45
G1 F6000
G1 X103.298 Y84.3 E.9958
G3 X109.637 Y77.626 I6.702 J.018 E.33315
G3 X116.702 Y84.3 I.342 J6.715 E.35665
G1 X116.702 Y115.021 E1.00868
G1 X103.298 Y115.021 E.4401
G1 X103.298 Y114.689 E.0109
G1 E-1.75
;WIPE_START
G1 X103.298 Y113.689 E-.75
;WIPE_END
G1 X111.791 Y117.452 F18000
G1 E2.5 F6000
G1 X111.755 Y117.41 E.00182
G2 X108.293 Y120.16 I-1.761 J1.337 E.23121
G1 X103.009 Y120.16 E.17348
G1 X103.009 Y115.428 E.15536
G1 X116.991 Y115.428 E.45907
G1 X116.991 Y120.16 E.15536
G1 X111.707 Y120.16 E.17348
G1 X111.843 Y119.959 E.00796
G2 X111.888 Y117.608 I-1.849 J-1.212 E.08142
G1 X111.823 Y117.503 E.00406
G1 X112.128 Y117.224 F18000
G1 F6000
G1 X112.082 Y117.162 E.00254
G2 X107.587 Y119.753 I-2.082 J1.583 E.2479
G1 X103.416 Y119.753 E.13695
G1 X103.416 Y115.835 E.12863
G1 X116.584 Y115.835 E.43233
G1 X116.584 Y119.753 E.12863
G1 X112.413 Y119.753 E.13695
G2 X112.24 Y117.396 I-2.413 J-1.008 E.08051
G1 X112.161 Y117.274 E.00479
G1 X112.465 Y116.995 F18000
G1 F6000
G1 X112.408 Y116.914 E.00327
G2 X112.197 Y116.663 I-2.437 J1.836 E.01076
G1 X111.753 Y116.242 E.02008
G1 X116.177 Y116.242 E.14525
G1 X116.177 Y119.346 E.10189
G1 X112.963 Y119.346 E.1055
G2 X112.591 Y117.185 I-2.992 J-.596 E.07363
G1 X112.498 Y117.045 E.00552
G1 E-1.75
;WIPE_START
G1 X112.408 Y116.914 E-.1196
G1 X112.197 Y116.663 E-.24569
G1 X111.825 Y116.31 E-.38471
;WIPE_END
G1 X108.247 Y116.242 F18000
G1 E2.5 F6000
G1 X107.803 Y116.663 E.02008
G2 X107.037 Y119.346 I2.226 J2.087 E.09514
G1 X103.823 Y119.346 E.1055
G1 X103.823 Y116.242 E.10189
G1 X108.187 Y116.242 E.14328
G1 E-1.75
;WIPE_START
G1 X107.803 Y116.663 E-.42717
G1 X107.591 Y116.913 E-.24573
G1 X107.533 Y116.998 E-.0771
;WIPE_END
G1 X111.129 Y117.901 F18000
G1 E2.5 F6000
M204 P1000
;TYPE:Outer wall
;WIDTH:0.42
G1 F3600
G1 X111.278 Y118.153 E.0089
G3 X109.772 Y117.352 I-1.278 J.588 E.21315
G1 X109.924 Y117.336 E.00465
G3 X111.092 Y117.854 I.076 J1.405 E.04035
G1 E-1.75 F6000
;WIPE_START
G1 F3600
G1 X111.278 Y118.153 E-.26408
G1 X111.377 Y118.441 E-.22856
G1 X111.41 Y118.744 E-.22875
G1 X111.406 Y118.782 E-.02862
;WIPE_END
G1 X111.392 Y120.219 F18000
G1 E2.5 F6000
M204 P2000
;TYPE:Gap infill
;WIDTH:0.108821
G1 X111.321 Y120.302 E.00058
G3 X111.236 Y120.345 I-.083 J-.059 E.00053
G1 X110.591 Y120.513 F18000
;WIDTH:0.475998
G1 F6000
G3 X109.409 Y120.513 I-.591 J-4.055 E.04144
G1 X108.764 Y120.345 F18000
;WIDTH:0.109634
G1 F6000
G3 X108.608 Y120.219 I.054 J-.227 E.00112
G1 E-2.29261
;WIPE_START
G1 X108.698 Y120.323 E-.1378
G1 X108.764 Y120.345 E-.06959
;WIPE_END
G1 X103.115 Y124.97 F18000
G1 E2.5 F6000
;WIDTH:0.360155
G1 X103.026 Y124.486 E.0126
;WIDTH:0.405302
G3 X103.003 Y124.274 I2.01 J-.319 E.00623
;WIDTH:0.431455
G1 X103 Y120.364 E.12254
G1 X105.375 Y117.794 F18000
;TYPE:Internal solid infill
;WIDTH:0.476736
G1 F6000
G1 X105.481 Y117.794 E.0037
G1 X106.059 Y117.389 F18000
;WIDTH:0.419999
G1 F6000
G1 X104.97 Y117.389 E.03315
G1 X104.97 Y118.2 E.02466
G1 X105.868 Y118.2 E.02731
G1 X106.04 Y117.446 E.02353
G1 X106.64 Y117.012 F18000
G1 F6000
G1 X104.592 Y117.012 E.06228
G1 X104.592 Y118.577 E.0476
G1 X106.224 Y118.577 E.04962
G1 X106.237 Y118.273 E.00923
G1 X106.387 Y117.591 E.02124
G1 X106.616 Y117.067 E.01742
G1 X107.337 Y116.635 F18000
G1 F6000
G1 X104.215 Y116.635 E.09494
G1 X104.215 Y118.954 E.07054
G1 X106.602 Y118.954 E.0726
G1 X106.6 Y118.396 E.01697
G1 X106.755 Y117.672 E.0225
G1 X107.061 Y117 E.02248
G1 X107.301 Y116.682 E.01209
G1 X108.462 Y116.353 F18000
;TYPE:Gap infill
;WIDTH:0.14284
G1 F6000
G1 X108.652 Y116.208 E.00193
;WIDTH:0.156698
G1 X108.779 Y116.122 E.0014
;WIDTH:0.18291
G1 X108.901 Y116.039 E.00167
G1 X109.065 Y116.062 F18000
;WIDTH:0.119092
G1 F6000
G2 X108.654 Y116.137 I1.176 J7.555 E.00256
G1 X111.346 Y116.137 F18000
;WIDTH:0.129805
G1 F6000
G2 X110.935 Y116.062 I-1.585 J7.478 E.00292
G1 X111.099 Y116.039 F18000
;WIDTH:0.170041
G1 F6000
G1 X111.221 Y116.122 E.00151
;WIDTH:0.157179
G1 X111.343 Y116.205 E.00136
;WIDTH:0.120409
G1 X111.538 Y116.353 E.00153
G1 X112.663 Y116.635 F18000
;TYPE:Internal solid infill
;WIDTH:0.419999
G1 F6000
G1 X112.939 Y117 E.01392
G1 X113.232 Y117.634 E.02124
G1 X113.395 Y118.354 E.02247
G1 X113.398 Y118.954 E.01823
G1 X115.785 Y118.954 E.0726
G1 X115.785 Y116.635 E.07054
G1 X112.723 Y116.635 E.09311
G1 X113.36 Y117.012 F18000
G1 F6000
G1 X113.574 Y117.475 E.01554
G3 X113.777 Y118.397 I-7.938 J2.227 E.02871
G1 X113.776 Y118.577 E.00547
G1 X115.408 Y118.577 E.04962
G1 X115.408 Y117.012 E.0476
G1 X113.42 Y117.012 E.06046
G1 X113.941 Y117.389 F18000
G1 F6000
G3 X114.141 Y118.2 I-84.347 J21.259 E.0254
G1 X115.03 Y118.2 E.02706
G1 X115.03 Y117.389 E.02466
G1 X114.001 Y117.389 E.03132
G1 X114.459 Y117.794 F18000
;WIDTH:0.476736
G1 F6000
G1 X114.565 Y117.794 E.0037
G1 X117 Y120.364 F18000
;TYPE:Gap infill
;WIDTH:0.431174
G1 F6000
G1 X117 Y124.143 E.11835
G3 X116.988 Y124.379 I-2.261 J.006 E.00741
;WIDTH:0.394221
G1 X116.974 Y124.486 E.00304
;WIDTH:0.380203
G1 X116.885 Y124.97 E.01339
G1 X117.05 Y115.225 F18000
;WIDTH:0.330912
G1 F6000
G1 X117.05 Y84.345 E.71728
G1 X117.009 Y83.557 E.01833
G1 X116.886 Y82.811 E.01755
G1 X116.678 Y82.061 E.01809
G1 X116.398 Y81.359 E.01755
G1 X116.041 Y80.685 E.01773
G1 X115.612 Y80.053 E.01773
G1 X115.123 Y79.477 E.01755
G1 X114.564 Y78.946 E.01791
G1 X113.956 Y78.484 E.01773
G1 X113.309 Y78.094 E.01755
G1 X112.609 Y77.77 E.01791
G1 X111.886 Y77.526 E.01773
G1 X111.148 Y77.364 E.01755
G1 X110.374 Y77.279 E.01809
G1 X109.618 Y77.28 E.01755
G1 X108.867 Y77.361 E.01755
G1 X108.107 Y77.529 E.01809
G1 X107.391 Y77.77 E.01755
G1 X106.698 Y78.09 E.01773
G1 X106.044 Y78.484 E.01773
G1 X105.442 Y78.941 E.01755
G1 X104.877 Y79.477 E.01809
G1 X104.388 Y80.053 E.01755
G1 X103.959 Y80.685 E.01773
G1 X103.599 Y81.366 E.01791
G1 X103.319 Y82.068 E.01755
G1 X103.115 Y82.804 E.01773
G1 X102.991 Y83.557 E.01773
G1 X102.95 Y84.345 E.01833
G1 X102.95 Y115.225 E.71728
; stop printing object LEG id:18398695746277035084 copy 0
;LAYER_CHANGE
;Z:13.64
;HEIGHT:0.200001
G92 E0 ; zero the extruded length again
; BEFORE_LAYER_CHANGE 67 @ 13.64mm
G1 E-1.75 F6000
;WIPE_START
G1 X102.95 Y114.225 E-.75
;WIPE_END
; AFTER_LAYER_CHANGE 67 @ 13.64mm
;_SET_FAN_SPEED_CHANGING_LAYER
; printing object LEG id:18398695746277035084 copy 0
G1 X103.79 Y120.959 Z13.64 F18000
G1 E2.5 F6000
M204 P1000
;TYPE:Outer wall
;WIDTH:0.42
G1 F3600
G1 X103.79 Y125.945 E.15165
G3 X102.21 Y124.164 I.216 J-1.783 E.07918
G1 X102.21 Y84.325 E1.21164
G3 X110.703 Y76.571 I7.783 J-.003 E.39353
G1 X111.26 Y76.632 E.01705
G3 X117.79 Y84.325 I-1.297 J7.719 E.3335
G1 X117.79 Y124.164 E1.21164
G3 X116.21 Y125.945 I-1.818 J-.02 E.07897
G1 X116.21 Y120.959 E.15165
G1 X103.85 Y120.959 E.37591
G1 X103.398 Y120.567 F18000
M204 P1500
;TYPE:Inner wall
;WIDTH:0.45
G1 F6000
G1 X103.398 Y125.442 E.16005
G3 X102.602 Y124.153 I.646 J-1.289 E.05234
G1 X102.602 Y84.335 E1.30736
G3 X110.66 Y76.961 I7.396 J-.008 E.40349
G1 X111.197 Y77.02 E.01771
G3 X117.398 Y84.335 I-1.233 J7.331 E.34224
G1 X117.398 Y124.153 E1.30735
G3 X116.602 Y125.442 I-1.478 J-.023 E.0522
G1 X116.602 Y120.567 E.16005
G1 X110.81 Y120.567 E.19019
G1 X110.76 Y120.388 E.0061
G2 X108.988 Y120.237 I-.752 J-1.638 E.31082
G1 X109.24 Y120.388 E.00966
G1 X109.19 Y120.567 E.0061
G1 X103.458 Y120.567 E.18822
G1 E-1.75
;WIPE_START
G1 X103.446 Y121.567 E-.75
;WIPE_END
G1 X103.69 Y114.629 F18000
G1 E2.5 F6000
M204 P1000
;TYPE:Outer wall
;WIDTH:0.42
G1 F3600
G1 X103.69 Y84.311 E.92209
G3 X109.658 Y78.018 I6.31 J.008 E.29082
G3 X116.31 Y84.311 I.321 J6.322 E.31131
G1 X116.31 Y114.629 E.92209
G1 X103.75 Y114.629 E.382
G1 X103.298 Y114.629 F18000
M204 P1500
;TYPE:Inner wall
;WIDTH:0.45
G1 F6000
G1 X103.298 Y84.3 E.9958
G3 X109.637 Y77.626 I6.702 J.018 E.33315
G3 X116.702 Y84.3 I.342 J6.715 E.35665
G1 X116.702 Y115.021 E1.00868
G1 X103.298 Y115.021 E.4401
G1 X103.298 Y114.689 E.0109
G1 E-1.75
;WIPE_START
G1 X103.298 Y113.689 E-.75
;WIPE_END
G1 X111.788 Y117.448 F18000
G1 E2.5 F6000
G1 X111.755 Y117.41 E.00165
G2 X108.293 Y120.16 I-1.761 J1.337 E.23121
G1 X103.009 Y120.16 E.17348
G1 X103.009 Y115.428 E.15536
G1 X116.991 Y115.428 E.45907
G1 X116.991 Y120.16 E.15536
G1 X111.707 Y120.16 E.17348
G1 X111.844 Y119.958 E.00801
G2 X111.888 Y117.608 I-1.85 J-1.211 E.08137
G1 X111.82 Y117.499 E.00423
G1 X112.125 Y117.219 F18000
G1 F6000
G1 X112.082 Y117.162 E.00237
G2 X107.587 Y119.753 I-2.082 J1.583 E.2479
G1 X103.416 Y119.753 E.13695
G1 X103.416 Y115.835 E.12863
G1 X116.584 Y115.835 E.43233
G1 X116.584 Y119.753 E.12863
G1 X112.413 Y119.753 E.13695
G2 X112.24 Y117.396 I-2.413 J-1.008 E.08051
G1 X112.158 Y117.27 E.00496
G1 X112.462 Y116.991 F18000
G1 F6000
G1 X112.408 Y116.914 E.0031
G2 X112.197 Y116.663 I-2.437 J1.836 E.01076
G1 X111.753 Y116.242 E.02008
G1 X116.177 Y116.242 E.14525
G1 X116.177 Y119.346 E.10189
G1 X112.963 Y119.346 E.1055
G2 X112.591 Y117.185 I-2.992 J-.596 E.07363
G1 X112.495 Y117.041 E.00569
G1 E-1.75
;WIPE_START
G1 X112.408 Y116.914 E-.11569
G1 X112.197 Y116.663 E-.24569
G1 X111.821 Y116.307 E-.38862
;WIPE_END
G1 X108.247 Y116.242 F18000
G1 E2.5 F6000
G1 X107.803 Y116.663 E.02008
G2 X107.037 Y119.346 I2.226 J2.087 E.09514
G1 X103.823 Y119.346 E.1055
G1 X103.823 Y116.242 E.10189
G1 X108.187 Y116.242 E.14328
G1 E-1.75
;WIPE_START
G1 X107.803 Y116.663 E-.42717
G1 X107.591 Y116.913 E-.24574
G1 X107.533 Y116.998 E-.07709
;WIPE_END
G1 X111.126 Y117.896 F18000
G1 E2.5 F6000
M204 P1000
;TYPE:Outer wall
;WIDTH:0.42
G1 F3600
G1 X111.277 Y118.153 E.00906
G3 X109.772 Y117.352 I-1.278 J.587 E.21301
G1 X109.924 Y117.336 E.00465
G3 X111.088 Y117.85 I.076 J1.404 E.04019
G1 E-1.75 F6000
;WIPE_START
G1 F3600
G1 X111.277 Y118.153 E-.26773
G1 X111.377 Y118.441 E-.22852
G1 X111.41 Y118.744 E-.22875
G1 X111.407 Y118.777 E-.025
;WIPE_END
G1 X111.392 Y120.219 F18000
G1 E2.5 F6000
M204 P2000
;TYPE:Gap infill
;WIDTH:0.108819
G1 X111.321 Y120.302 E.00058
G3 X111.236 Y120.345 I-.083 J-.059 E.00053
G1 X110.591 Y120.513 F18000
;WIDTH:0.475997
G1 F6000
G3 X109.409 Y120.513 I-.591 J-4.055 E.04144
G1 X108.764 Y120.345 F18000
;WIDTH:0.109637
G1 F6000
G3 X108.608 Y120.219 I.054 J-.227 E.00112
G1 E-2.29259
;WIPE_START
G1 X108.698 Y120.323 E-.13781
G1 X108.764 Y120.345 E-.0696
;WIPE_END
G1 X103.115 Y124.97 F18000
G1 E2.5 F6000
;WIDTH:0.360149
G1 X103.026 Y124.486 E.0126
;WIDTH:0.405297
G3 X103.003 Y124.274 I2.01 J-.319 E.00623
;WIDTH:0.431455
G1 X103 Y120.364 E.12254
G1 X105.375 Y117.794 F18000
;TYPE:Internal solid infill
;WIDTH:0.476736
G1 F6000
G1 X105.481 Y117.794 E.0037
G1 X106.059 Y117.389 F18000
;WIDTH:0.419999
G1 F6000
G1 X104.97 Y117.389 E.03315
G1 X104.97 Y118.2 E.02466
G1 X105.868 Y118.2 E.02731
G1 X106.04 Y117.446 E.02353
G1 X106.64 Y117.012 F18000
G1 F6000
G1 X104.592 Y117.012 E.06228
G1 X104.592 Y118.577 E.0476
G1 X106.224 Y118.577 E.04962
G1 X106.237 Y118.273 E.00923
G1 X106.387 Y117.591 E.02124
G1 X106.616 Y117.067 E.01742
G1 X107.337 Y116.635 F18000
G1 F6000
G1 X104.215 Y116.635 E.09494
G1 X104.215 Y118.954 E.07054
G1 X106.602 Y118.954 E.0726
G1 X106.6 Y118.396 E.01697
G1 X106.755 Y117.672 E.0225
G1 X107.061 Y117 E.02248
G1 X107.301 Y116.682 E.01209
G1 X108.462 Y116.353 F18000
;TYPE:Gap infill
;WIDTH:0.142828
G1 F6000
G1 X108.652 Y116.208 E.00193
;WIDTH:0.156686
G1 X108.779 Y116.122 E.0014
;WIDTH:0.182899
G1 X108.901 Y116.039 E.00167
G1 X109.065 Y116.062 F18000
;WIDTH:0.119083
G1 F6000
G2 X108.655 Y116.137 I1.177 J7.564 E.00256
G1 X111.345 Y116.137 F18000
;WIDTH:0.129804
G1 F6000
G2 X110.935 Y116.062 I-1.585 J7.478 E.00292
G1 X111.099 Y116.039 F18000
;WIDTH:0.170041
G1 F6000
G1 X111.221 Y116.122 E.00151
;WIDTH:0.157179
G1 X111.343 Y116.205 E.00136
;WIDTH:0.120409
G1 X111.538 Y116.353 E.00153
G1 X112.663 Y116.635 F18000
;TYPE:Internal solid infill
;WIDTH:0.419999
G1 F6000
G1 X112.939 Y117 E.01392
G1 X113.232 Y117.634 E.02124
G1 X113.395 Y118.354 E.02247
G1 X113.398 Y118.954 E.01823
G1 X115.785 Y118.954 E.0726
G1 X115.785 Y116.635 E.07054
G1 X112.723 Y116.635 E.09311
G1 X113.36 Y117.012 F18000
G1 F6000
G1 X113.574 Y117.475 E.01554
G3 X113.777 Y118.397 I-7.939 J2.227 E.02871
G1 X113.776 Y118.577 E.00547
G1 X115.408 Y118.577 E.04962
G1 X115.408 Y117.012 E.0476
G1 X113.42 Y117.012 E.06046
G1 X113.941 Y117.389 F18000
G1 F6000
G3 X114.141 Y118.2 I-84.79 J21.369 E.0254
G1 X115.03 Y118.2 E.02706
G1 X115.03 Y117.389 E.02466
G1 X114.001 Y117.389 E.03132
G1 X114.459 Y117.794 F18000
;WIDTH:0.476736
G1 F6000
G1 X114.565 Y117.794 E.0037
G1 X117 Y120.364 F18000
;TYPE:Gap infill
;WIDTH:0.431174
G1 F6000
G1 X117 Y124.143 E.11835
G3 X116.988 Y124.379 I-2.261 J.006 E.00741
;WIDTH:0.394222
G1 X116.974 Y124.486 E.00304
;WIDTH:0.380205
G1 X116.885 Y124.97 E.01339
G1 X117.05 Y115.225 F18000
;WIDTH:0.330912
G1 F6000
G1 X117.05 Y84.345 E.71728
G1 X117.009 Y83.557 E.01833
G1 X116.886 Y82.811 E.01755
G1 X116.678 Y82.061 E.01809
G1 X116.398 Y81.359 E.01755
G1 X116.041 Y80.685 E.01773
G1 X115.607 Y80.047 E.01791
G1 X115.118 Y79.471 E.01755
G1 X114.564 Y78.946 E.01773
G1 X113.956 Y78.484 E.01773
G1 X113.309 Y78.094 E.01755
G1 X112.609 Y77.77 E.01791
G1 X111.886 Y77.526 E.01773
G1 X111.148 Y77.364 E.01755
G1 X110.374 Y77.279 E.01809
G1 X109.618 Y77.28 E.01755
G1 X108.867 Y77.361 E.01755
G1 X108.107 Y77.529 E.01809
G1 X107.391 Y77.77 E.01755
G1 X106.698 Y78.09 E.01773
G1 X106.044 Y78.484 E.01773
G1 X105.442 Y78.941 E.01755
G1 X104.877 Y79.477 E.01809
G1 X104.388 Y80.053 E.01755
G1 X103.959 Y80.685 E.01773
G1 X103.599 Y81.366 E.01791
G1 X103.319 Y82.068 E.01755
G1 X103.115 Y82.804 E.01773
G1 X102.991 Y83.557 E.01773
G1 X102.95 Y84.345 E.01833
G1 X102.95 Y115.225 E.71728
; stop printing object LEG id:18398695746277035084 copy 0
;LAYER_CHANGE
;Z:13.84
;HEIGHT:0.2
G92 E0 ; zero the extruded length again
; BEFORE_LAYER_CHANGE 68 @ 13.84mm
G1 E-1.75 F6000
;WIPE_START
G1 X102.95 Y114.225 E-.75
;WIPE_END
; AFTER_LAYER_CHANGE 68 @ 13.84mm
;_SET_FAN_SPEED_CHANGING_LAYER
; printing object LEG id:18398695746277035084 copy 0
G1 X103.79 Y120.959 Z13.84 F18000
G1 E2.5 F6000
M204 P1000
;TYPE:Outer wall
;WIDTH:0.42
G1 F3600
G1 X103.79 Y125.945 E.15165
G3 X102.21 Y124.164 I.238 J-1.802 E.07897
G1 X102.21 Y84.325 E1.21164
G3 X110.694 Y76.571 I7.783 J-.003 E.39328
G1 X111.26 Y76.632 E.01731
G3 X117.79 Y84.325 I-1.293 J7.716 E.33353
G1 X117.79 Y124.164 E1.21164
G3 X116.21 Y125.945 I-1.818 J-.02 E.07897
G1 X116.21 Y120.959 E.15165
G1 X103.85 Y120.959 E.37591
G1 X103.398 Y120.567 F18000
M204 P1500
;TYPE:Inner wall
;WIDTH:0.45
G1 F6000
G1 X103.398 Y125.442 E.16005
G3 X102.602 Y124.153 I.682 J-1.311 E.0522
G1 X102.602 Y84.335 E1.30736
G3 X110.652 Y76.96 I7.396 J-.008 E.40321
G1 X111.197 Y77.02 E.01799
G3 X117.398 Y84.335 I-1.229 J7.328 E.34228
G1 X117.398 Y124.153 E1.30735
G3 X116.602 Y125.442 I-1.478 J-.023 E.0522
G1 X116.602 Y120.567 E.16005
G1 X110.81 Y120.567 E.19019
G1 X110.76 Y120.388 E.0061
G2 X109.24 Y120.388 I-.76 J-1.638 E.32108
G1 X109.19 Y120.567 E.0061
G1 X103.458 Y120.567 E.18822
G1 E-1.75
;WIPE_START
G1 X103.446 Y121.567 E-.75
;WIPE_END
G1 X103.69 Y114.629 F18000
G1 E2.5 F6000
M204 P1000
;TYPE:Outer wall
;WIDTH:0.42
G1 F3600
G1 X103.69 Y84.311 E.92209
G3 X109.658 Y78.018 I6.31 J.008 E.29082
G3 X116.31 Y84.311 I.321 J6.322 E.31131
G1 X116.31 Y114.629 E.92209
G1 X103.75 Y114.629 E.382
G1 X103.298 Y114.629 F18000
M204 P1500
;TYPE:Inner wall
;WIDTH:0.45
G1 F6000
G1 X103.298 Y84.3 E.9958
G3 X109.637 Y77.626 I6.702 J.018 E.33315
G3 X116.702 Y84.3 I.342 J6.715 E.35665
G1 X116.702 Y115.021 E1.00868
G1 X103.298 Y115.021 E.4401
G1 X103.298 Y114.689 E.0109
G1 E-1.75
;WIPE_START
G1 X103.298 Y113.689 E-.75
;WIPE_END
G1 X111.785 Y117.443 F18000
G1 E2.5 F6000
G1 X111.762 Y117.405 E.00148
G2 X108.087 Y119.849 I-1.757 J1.343 E.21857
G1 X108.289 Y120.16 E.01217
G1 X103.009 Y120.16 E.17335
G1 X103.009 Y115.428 E.15536
G1 X116.991 Y115.428 E.45907
G1 X116.991 Y120.16 E.15536
G1 X111.707 Y120.16 E.17348
G2 X111.897 Y117.603 I-1.702 J-1.412 E.08981
G1 X111.82 Y117.492 E.00443
G1 X112.122 Y117.215 F18000
G1 F6000
G1 X112.082 Y117.162 E.00219
G2 X107.587 Y119.753 I-2.082 J1.583 E.2479
G1 X103.416 Y119.753 E.13695
G1 X103.416 Y115.835 E.12863
G1 X116.584 Y115.835 E.43233
G1 X116.584 Y119.753 E.12863
G1 X112.413 Y119.753 E.13695
G2 X112.24 Y117.396 I-2.413 J-1.008 E.08051
G1 X112.155 Y117.265 E.00514
G1 X112.459 Y116.986 F18000
G1 F6000
G1 X112.405 Y116.916 E.00291
G2 X111.913 Y116.406 I-2.407 J1.832 E.02332
G1 X111.97 Y116.242 E.0057
G1 X116.177 Y116.242 E.13813
G1 X116.177 Y119.346 E.10189
G1 X112.963 Y119.346 E.1055
G2 X112.589 Y117.187 I-2.965 J-.598 E.07363
G1 X112.492 Y117.037 E.00586
G1 E-1.75
;WIPE_START
G1 X112.405 Y116.916 E-.11148
G1 X112.197 Y116.663 E-.24557
G1 X111.913 Y116.406 E-.28727
G1 X111.959 Y116.273 E-.10567
;WIPE_END
G1 X108.247 Y116.242 F18000
G1 E2.5 F6000
G1 X107.803 Y116.663 E.02008
G2 X107.037 Y119.346 I2.226 J2.087 E.09514
G1 X103.823 Y119.346 E.1055
G1 X103.823 Y116.242 E.10189
G1 X108.187 Y116.242 E.14328
G1 E-1.75
;WIPE_START
G1 X107.803 Y116.663 E-.42717
G1 X107.591 Y116.913 E-.24574
G1 X107.533 Y116.998 E-.07709
;WIPE_END
G1 X111.124 Y117.892 F18000
G1 E2.5 F6000
M204 P1000
;TYPE:Outer wall
;WIDTH:0.42
G1 F3600
G1 X111.279 Y118.152 E.00923
G3 X109.772 Y117.352 I-1.28 J.591 E.21358
G1 X109.924 Y117.336 E.00465
G3 X111.086 Y117.845 I.076 J1.407 E.04004
G1 E-1.75 F6000
;WIPE_START
G1 F3600
G1 X111.279 Y118.152 E-.27209
G1 X111.377 Y118.441 E-.22868
G1 X111.41 Y118.744 E-.22875
G1 X111.408 Y118.771 E-.02048
;WIPE_END
G1 X111.392 Y120.219 F18000
G1 E2.5 F6000
M204 P2000
;TYPE:Gap infill
;WIDTH:0.108824
G1 X111.321 Y120.302 E.00058
G3 X111.236 Y120.345 I-.083 J-.059 E.00053
G1 X110.591 Y120.513 F18000
;WIDTH:0.475998
G1 F6000
G3 X109.409 Y120.513 I-.591 J-4.055 E.04144
G1 X108.728 Y120.364 F18000
;WIDTH:0.126827
G1 F6000
G1 X108.581 Y120.194 E.00152
G1 E-2.27533
;WIPE_START
G1 X108.728 Y120.364 E-.22467
;WIPE_END
G1 X103.115 Y124.97 F18000
G1 E2.5 F6000
;WIDTH:0.360153
G1 X103.026 Y124.486 E.0126
;WIDTH:0.405302
G3 X103.003 Y124.274 I2.01 J-.319 E.00623
;WIDTH:0.431455
G1 X103 Y120.364 E.12254
G1 X105.375 Y117.794 F18000
;TYPE:Internal solid infill
;WIDTH:0.476736
G1 F6000
G1 X105.481 Y117.794 E.0037
G1 X106.059 Y117.389 F18000
;WIDTH:0.419999
G1 F6000
G1 X104.97 Y117.389 E.03315
G1 X104.97 Y118.2 E.02466
G1 X105.868 Y118.2 E.02731
G1 X106.04 Y117.446 E.02353
G1 X106.64 Y117.012 F18000
G1 F6000
G1 X104.592 Y117.012 E.06228
G1 X104.592 Y118.577 E.0476
G1 X106.224 Y118.577 E.04962
G1 X106.237 Y118.273 E.00923
G1 X106.387 Y117.591 E.02124
G1 X106.616 Y117.067 E.01742
G1 X107.337 Y116.635 F18000
G1 F6000
G1 X104.215 Y116.635 E.09494
G1 X104.215 Y118.954 E.07054
G1 X106.602 Y118.954 E.0726
G1 X106.6 Y118.396 E.01697
G1 X106.755 Y117.672 E.0225
G1 X107.061 Y117 E.02248
G1 X107.301 Y116.682 E.01209
G1 X108.462 Y116.353 F18000
;TYPE:Gap infill
;WIDTH:0.142824
G1 F6000
G1 X108.652 Y116.208 E.00193
;WIDTH:0.156684
G1 X108.779 Y116.122 E.0014
;WIDTH:0.182899
G1 X108.901 Y116.039 E.00167
G1 X109.065 Y116.062 F18000
;WIDTH:0.119084
G1 F6000
G2 X108.655 Y116.137 I1.176 J7.559 E.00256
G1 X111.763 Y116.217 F18000
;WIDTH:0.13008
G1 F6000
G2 X110.935 Y116.062 I-3.271 J15.134 E.00592
G1 X110.938 Y116.043 F18000
;WIDTH:0.270907
G1 F6000
G1 X111.753 Y116.246 E.01544
G1 X112.663 Y116.635 F18000
;TYPE:Internal solid infill
;WIDTH:0.419999
G1 F6000
G1 X112.939 Y117 E.01392
G1 X113.232 Y117.634 E.02124
G1 X113.395 Y118.354 E.02247
G1 X113.398 Y118.954 E.01823
G1 X115.785 Y118.954 E.0726
G1 X115.785 Y116.635 E.07054
G1 X112.723 Y116.635 E.09311
G1 X113.36 Y117.012 F18000
G1 F6000
G1 X113.574 Y117.475 E.01554
G3 X113.777 Y118.397 I-7.939 J2.227 E.02871
G1 X113.776 Y118.577 E.00547
G1 X115.408 Y118.577 E.04962
G1 X115.408 Y117.012 E.0476
G1 X113.42 Y117.012 E.06046
G1 X113.941 Y117.389 F18000
G1 F6000
G3 X114.141 Y118.2 I-84.747 J21.358 E.0254
G1 X115.03 Y118.2 E.02706
G1 X115.03 Y117.389 E.02466
G1 X114.001 Y117.389 E.03132
G1 X114.459 Y117.794 F18000
;WIDTH:0.476736
G1 F6000
G1 X114.565 Y117.794 E.0037
G1 X117 Y120.364 F18000
;TYPE:Gap infill
;WIDTH:0.431174
G1 F6000
G1 X117 Y124.143 E.11835
G3 X116.988 Y124.379 I-2.26 J.006 E.00741
;WIDTH:0.394222
G1 X116.974 Y124.486 E.00304
;WIDTH:0.380205
G1 X116.885 Y124.97 E.01339
G1 X117.05 Y115.225 F18000
;WIDTH:0.330912
G1 F6000
G1 X117.05 Y84.345 E.71728
G1 X117.009 Y83.557 E.01833
G1 X116.886 Y82.811 E.01755
G1 X116.678 Y82.061 E.01809
G1 X116.398 Y81.359 E.01755
G1 X116.041 Y80.684 E.01773
G1 X115.612 Y80.053 E.01773
G1 X115.123 Y79.477 E.01755
G1 X114.564 Y78.946 E.01791
G1 X113.956 Y78.484 E.01773
G1 X113.309 Y78.094 E.01755
G1 X112.609 Y77.77 E.01791
G1 X111.886 Y77.526 E.01773
G1 X111.148 Y77.364 E.01755
G1 X110.374 Y77.279 E.01809
G1 X109.618 Y77.28 E.01755
G1 X108.867 Y77.361 E.01755
G1 X108.107 Y77.529 E.01809
G1 X107.391 Y77.77 E.01755
G1 X106.698 Y78.09 E.01773
G1 X106.044 Y78.484 E.01773
G1 X105.442 Y78.941 E.01755
G1 X104.877 Y79.477 E.01809
G1 X104.388 Y80.053 E.01755
G1 X103.959 Y80.685 E.01773
G1 X103.599 Y81.366 E.01791
G1 X103.319 Y82.068 E.01755
G1 X103.115 Y82.804 E.01773
G1 X102.991 Y83.557 E.01773
G1 X102.95 Y84.345 E.01833
G1 X102.95 Y115.225 E.71728
; stop printing object LEG id:18398695746277035084 copy 0
;LAYER_CHANGE
;Z:14.04
;HEIGHT:0.2
G92 E0 ; zero the extruded length again
; BEFORE_LAYER_CHANGE 69 @ 14.04mm
G1 E-1.75 F6000
;WIPE_START
G1 X102.95 Y114.225 E-.75
;WIPE_END
; AFTER_LAYER_CHANGE 69 @ 14.04mm
;_SET_FAN_SPEED_CHANGING_LAYER
; printing object LEG id:18398695746277035084 copy 0
G1 X103.79 Y120.959 Z14.04 F18000
G1 E2.5 F6000
M204 P1000
;TYPE:Outer wall
;WIDTH:0.42
G1 F3600
G1 X103.79 Y125.945 E.15165
G3 X102.21 Y124.164 I.238 J-1.802 E.07897
G1 X102.21 Y84.325 E1.21164
G3 X110.686 Y76.57 I7.783 J-.003 E.39302
G1 X111.26 Y76.632 E.01757
G3 X117.79 Y84.325 I-1.297 J7.719 E.3335
G1 X117.79 Y124.164 E1.21164
G3 X116.21 Y125.945 I-1.818 J-.02 E.07897
G1 X116.21 Y120.959 E.15165
G1 X103.85 Y120.959 E.37591
G1 X103.398 Y120.567 F18000
M204 P1500
;TYPE:Inner wall
;WIDTH:0.45
G1 F6000
G1 X103.398 Y125.442 E.16005
G3 X102.602 Y124.153 I.682 J-1.311 E.0522
G1 X102.602 Y84.335 E1.30736
G3 X110.644 Y76.959 I7.396 J-.008 E.40294
G1 X111.197 Y77.02 E.01827
G3 X117.398 Y84.335 I-1.233 J7.331 E.34224
G1 X117.398 Y124.153 E1.30735
G3 X116.602 Y125.442 I-1.478 J-.023 E.0522
G1 X116.602 Y120.567 E.16005
G1 X110.81 Y120.567 E.19019
G1 X110.76 Y120.388 E.0061
G2 X109.24 Y120.388 I-.76 J-1.638 E.32108
G1 X109.19 Y120.567 E.0061
G1 X103.458 Y120.567 E.18822
G1 E-1.75
;WIPE_START
G1 X103.446 Y121.567 E-.75
;WIPE_END
G1 X103.69 Y114.629 F18000
G1 E2.5 F6000
M204 P1000
;TYPE:Outer wall
;WIDTH:0.42
G1 F3600
G1 X103.69 Y84.311 E.92209
G3 X109.658 Y78.018 I6.31 J.008 E.29082
G3 X116.31 Y84.311 I.321 J6.322 E.31131
G1 X116.31 Y114.629 E.92209
G1 X103.75 Y114.629 E.382
G1 X103.298 Y114.629 F18000
M204 P1500
;TYPE:Inner wall
;WIDTH:0.45
G1 F6000
G1 X103.298 Y84.3 E.9958
G3 X109.637 Y77.626 I6.702 J.018 E.33315
G3 X116.702 Y84.3 I.342 J6.715 E.35665
G1 X116.702 Y115.021 E1.00868
G1 X103.298 Y115.021 E.4401
G1 X103.298 Y114.689 E.0109
G1 E-1.75
;WIPE_START
G1 X103.298 Y113.689 E-.75
;WIPE_END
G1 X111.723 Y117.362 F18000
G1 E2.5 F6000
G1 X111.604 Y117.225 E.00597
G2 X108.293 Y120.16 I-1.604 J1.526 E.22325
G1 X103.009 Y120.16 E.17348
G1 X103.009 Y115.428 E.15536
G1 X116.991 Y115.428 E.45907
G1 X116.991 Y120.16 E.15536
G1 X111.707 Y120.16 E.17348
G2 X111.761 Y117.409 I-1.707 J-1.41 E.0975
G1 X112.033 Y117.099 F18000
G1 F6000
G1 X111.898 Y116.946 E.00669
G2 X107.587 Y119.753 I-1.898 J1.798 E.2386
G1 X103.416 Y119.753 E.13695
G1 X103.416 Y115.835 E.12863
G1 X116.584 Y115.835 E.43233
G1 X116.584 Y119.753 E.12863
G1 X112.413 Y119.753 E.13695
G2 X112.082 Y117.162 I-2.413 J-1.008 E.08981
G1 X112.07 Y117.146 E.00064
G1 X112.343 Y116.835 F18000
G1 F6000
G1 X112.193 Y116.667 E.00741
G2 X111.913 Y116.406 I-2.195 J2.081 E.01256
G1 X111.97 Y116.242 E.0057
G1 X116.177 Y116.242 E.13812
G1 X116.177 Y119.346 E.10189
G1 X112.963 Y119.346 E.1055
G2 X112.405 Y116.916 I-2.965 J-.598 E.08438
G1 X112.38 Y116.883 E.00136
G1 E-1.75
;WIPE_START
G1 X112.193 Y116.667 E-.21422
G1 X111.913 Y116.406 E-.28679
G1 X111.97 Y116.242 E-.1302
G1 X112.128 Y116.242 E-.11878
;WIPE_END
G1 X108.247 Y116.242 F18000
G1 E2.5 F6000
G1 X107.803 Y116.663 E.02008
G2 X107.037 Y119.346 I2.226 J2.087 E.09514
G1 X103.823 Y119.346 E.1055
G1 X103.823 Y116.242 E.10189
G1 X108.187 Y116.242 E.14328
G1 E-1.75
;WIPE_START
G1 X107.803 Y116.663 E-.42717
G1 X107.591 Y116.913 E-.24572
G1 X107.533 Y116.998 E-.07711
;WIPE_END
G1 X111.108 Y117.884 F18000
G1 E2.5 F6000
M204 P1000
;TYPE:Outer wall
;WIDTH:0.42
G1 F3600
G1 X111.208 Y118.017 E.00506
G3 X109.772 Y117.352 I-1.208 J.726 E.21822
G1 X109.924 Y117.336 E.00465
G3 X111.024 Y117.775 I.076 J1.407 E.03717
G1 X111.071 Y117.837 E.00238
G1 E-1.75 F6000
;WIPE_START
G1 F3600
G1 X111.208 Y118.017 E-.16988
G1 X111.28 Y118.152 E-.11452
G1 X111.377 Y118.441 E-.22874
G1 X111.41 Y118.744 E-.22874
G1 X111.409 Y118.755 E-.00812
;WIPE_END
G1 X111.392 Y120.219 F18000
G1 E2.5 F6000
M204 P2000
;TYPE:Gap infill
;WIDTH:0.108827
G1 X111.321 Y120.302 E.00058
G3 X111.236 Y120.345 I-.083 J-.059 E.00053
G1 X110.591 Y120.513 F18000
;WIDTH:0.475997
G1 F6000
G3 X109.409 Y120.513 I-.591 J-4.055 E.04144
G1 X108.764 Y120.345 F18000
;WIDTH:0.109632
G1 F6000
G3 X108.608 Y120.219 I.054 J-.227 E.00112
G1 E-2.29261
;WIPE_START
G1 X108.698 Y120.323 E-.13779
G1 X108.764 Y120.345 E-.06959
;WIPE_END
G1 X103.115 Y124.97 F18000
G1 E2.5 F6000
;WIDTH:0.36015
G1 X103.026 Y124.486 E.0126
;WIDTH:0.405299
G3 X103.003 Y124.274 I2.009 J-.319 E.00623
;WIDTH:0.431455
G1 X103 Y120.364 E.12254
G1 X105.375 Y117.794 F18000
;TYPE:Internal solid infill
;WIDTH:0.476736
G1 F6000
G1 X105.481 Y117.794 E.0037
G1 X106.059 Y117.389 F18000
;WIDTH:0.419999
G1 F6000
G1 X104.97 Y117.389 E.03315
G1 X104.97 Y118.2 E.02466
G1 X105.868 Y118.2 E.02731
G1 X106.04 Y117.446 E.02353
G1 X106.64 Y117.012 F18000
G1 F6000
G1 X104.592 Y117.012 E.06228
G1 X104.592 Y118.577 E.0476
G1 X106.224 Y118.577 E.04962
G1 X106.237 Y118.273 E.00923
G1 X106.387 Y117.591 E.02124
G1 X106.616 Y117.067 E.01742
G1 X107.337 Y116.635 F18000
G1 F6000
G1 X104.215 Y116.635 E.09494
G1 X104.215 Y118.954 E.07054
G1 X106.602 Y118.954 E.0726
G1 X106.6 Y118.396 E.01697
G1 X106.755 Y117.672 E.0225
G1 X107.061 Y117 E.02248
G1 X107.301 Y116.682 E.01209
G1 X108.462 Y116.353 F18000
;TYPE:Gap infill
;WIDTH:0.142846
G1 F6000
G1 X108.652 Y116.208 E.00193
;WIDTH:0.156703
G1 X108.779 Y116.122 E.0014
;WIDTH:0.182914
G1 X108.901 Y116.039 E.00167
G1 X109.065 Y116.062 F18000
;WIDTH:0.119086
G1 F6000
G2 X108.654 Y116.137 I1.175 J7.553 E.00256
G1 X111.763 Y116.217 F18000
;WIDTH:0.130075
G1 F6000
G2 X110.935 Y116.062 I-3.268 J15.112 E.00592
G1 X110.938 Y116.043 F18000
;WIDTH:0.270912
G1 F6000
G1 X111.753 Y116.246 E.01545
G1 X112.663 Y116.635 F18000
;TYPE:Internal solid infill
;WIDTH:0.419999
G1 F6000
G1 X112.939 Y117 E.01392
G1 X113.232 Y117.634 E.02124
G1 X113.395 Y118.354 E.02247
G1 X113.398 Y118.954 E.01823
G1 X115.785 Y118.954 E.0726
G1 X115.785 Y116.635 E.07054
G1 X112.723 Y116.635 E.09311
G1 X113.36 Y117.012 F18000
G1 F6000
G1 X113.574 Y117.475 E.01554
G3 X113.777 Y118.397 I-7.939 J2.227 E.02871
G1 X113.776 Y118.577 E.00547
G1 X115.408 Y118.577 E.04962
G1 X115.408 Y117.012 E.0476
G1 X113.42 Y117.012 E.06046
G1 X113.941 Y117.389 F18000
G1 F6000
G3 X114.141 Y118.2 I-85.142 J21.456 E.0254
G1 X115.03 Y118.2 E.02706
G1 X115.03 Y117.389 E.02466
G1 X114.001 Y117.389 E.03132
G1 X114.459 Y117.794 F18000
;WIDTH:0.476736
G1 F6000
G1 X114.565 Y117.794 E.0037
G1 X117 Y120.364 F18000
;TYPE:Gap infill
;WIDTH:0.431174
G1 F6000
G1 X117 Y124.143 E.11835
G3 X116.988 Y124.379 I-2.261 J.006 E.00741
;WIDTH:0.394222
G1 X116.974 Y124.486 E.00304
;WIDTH:0.380205
G1 X116.885 Y124.97 E.01339
G1 X117.05 Y115.225 F18000
;WIDTH:0.330912
G1 F6000
G1 X117.05 Y84.345 E.71728
G1 X117.009 Y83.557 E.01833
G1 X116.886 Y82.811 E.01755
G1 X116.678 Y82.061 E.01809
G1 X116.398 Y81.359 E.01755
G1 X116.041 Y80.685 E.01773
G1 X115.607 Y80.047 E.01791
G1 X115.118 Y79.471 E.01755
G1 X114.564 Y78.946 E.01773
G1 X113.956 Y78.484 E.01773
G1 X113.309 Y78.094 E.01755
G1 X112.609 Y77.77 E.01791
G1 X111.886 Y77.526 E.01773
G1 X111.148 Y77.364 E.01755
G1 X110.374 Y77.279 E.01809
G1 X109.618 Y77.28 E.01755
G1 X108.867 Y77.361 E.01755
G1 X108.107 Y77.529 E.01809
G1 X107.391 Y77.77 E.01755
G1 X106.698 Y78.09 E.01773
G1 X106.044 Y78.484 E.01773
G1 X105.442 Y78.941 E.01755
G1 X104.877 Y79.477 E.01809
G1 X104.388 Y80.053 E.01755
G1 X103.959 Y80.685 E.01773
G1 X103.599 Y81.366 E.01791
G1 X103.319 Y82.068 E.01755
G1 X103.115 Y82.804 E.01773
G1 X102.991 Y83.557 E.01773
G1 X102.95 Y84.345 E.01833
G1 X102.95 Y115.225 E.71728
; stop printing object LEG id:18398695746277035084 copy 0
;LAYER_CHANGE
;Z:14.24
;HEIGHT:0.2
G92 E0 ; zero the extruded length again
; BEFORE_LAYER_CHANGE 70 @ 14.24mm
G1 E-1.75 F6000
;WIPE_START
G1 X102.95 Y114.225 E-.75
;WIPE_END
; AFTER_LAYER_CHANGE 70 @ 14.24mm
;_SET_FAN_SPEED_CHANGING_LAYER
; printing object LEG id:18398695746277035084 copy 0
G1 X103.79 Y120.959 Z14.24 F18000
G1 E2.5 F6000
M204 P1000
;TYPE:Outer wall
;WIDTH:0.42
G1 F3600
G1 X103.79 Y125.945 E.15165
G3 X102.21 Y124.164 I.238 J-1.802 E.07897
G1 X102.21 Y84.325 E1.21164
G3 X110.678 Y76.569 I7.783 J-.003 E.39277
G1 X111.26 Y76.632 E.01783
G3 X117.79 Y84.325 I-1.292 J7.715 E.33354
G1 X117.79 Y124.164 E1.21164
G3 X116.21 Y125.945 I-1.818 J-.02 E.07897
G1 X116.21 Y120.959 E.15165
G1 X103.85 Y120.959 E.37591
G1 X103.398 Y120.567 F18000
M204 P1500
;TYPE:Inner wall
;WIDTH:0.45
G1 F6000
G1 X103.398 Y125.442 E.16005
G3 X102.602 Y124.153 I.682 J-1.311 E.0522
G1 X102.602 Y84.335 E1.30736
G3 X110.635 Y76.958 I7.396 J-.008 E.40266
G1 X111.197 Y77.02 E.01855
G3 X117.398 Y84.335 I-1.227 J7.326 E.34229
G1 X117.398 Y124.153 E1.30735
G3 X116.602 Y125.442 I-1.478 J-.023 E.0522
G1 X116.602 Y120.567 E.16005
G1 X110.81 Y120.567 E.19019
G1 X110.76 Y120.388 E.0061
G2 X108.833 Y120.118 I-.753 J-1.636 E.30415
G2 X109.245 Y120.378 I1.187 J-1.431 E.01604
G1 X109.201 Y120.567 E.00638
G1 X103.458 Y120.567 E.18858
G1 E-1.75
;WIPE_START
G1 X103.446 Y121.567 E-.75
;WIPE_END
G1 X103.69 Y114.629 F18000
G1 E2.5 F6000
M204 P1000
;TYPE:Outer wall
;WIDTH:0.42
G1 F3600
G1 X103.69 Y84.311 E.92209
G3 X109.658 Y78.018 I6.31 J.008 E.29082
G3 X116.31 Y84.311 I.321 J6.322 E.31131
G1 X116.31 Y114.629 E.92209
G1 X103.75 Y114.629 E.382
G1 X103.298 Y114.629 F18000
M204 P1500
;TYPE:Inner wall
;WIDTH:0.45
G1 F6000
G1 X103.298 Y84.3 E.9958
G3 X109.637 Y77.626 I6.702 J.018 E.33315
G3 X116.702 Y84.3 I.342 J6.715 E.35665
G1 X116.702 Y115.021 E1.00868
G1 X103.298 Y115.021 E.4401
G1 X103.298 Y114.689 E.0109
G1 E-1.75
;WIPE_START
G1 X103.298 Y113.689 E-.75
;WIPE_END
G1 X111.725 Y117.365 F18000
G1 E2.5 F6000
G1 X111.604 Y117.225 E.00608
G2 X108.293 Y120.16 I-1.604 J1.526 E.22325
G1 X103.009 Y120.16 E.17348
G1 X103.009 Y115.428 E.15536
G1 X116.991 Y115.428 E.45907
G1 X116.991 Y120.16 E.15536
G1 X111.707 Y120.16 E.17348
G2 X111.763 Y117.411 I-1.707 J-1.41 E.09738
G1 X112.035 Y117.101 F18000
G1 F6000
G1 X111.898 Y116.946 E.0068
G2 X107.587 Y119.753 I-1.898 J1.798 E.2386
G1 X103.416 Y119.753 E.13695
G1 X103.416 Y115.835 E.12863
G1 X116.584 Y115.835 E.43233
G1 X116.584 Y119.753 E.12863
G1 X112.413 Y119.753 E.13695
G2 X112.082 Y117.162 I-2.413 J-1.008 E.0898
G1 X112.072 Y117.149 E.00053
G1 X112.346 Y116.838 F18000
G1 F6000
G1 X112.197 Y116.663 E.00753
G1 X111.753 Y116.242 E.02008
G1 X116.177 Y116.242 E.14525
G1 X116.177 Y119.346 E.10189
G1 X112.963 Y119.346 E.1055
G2 X112.408 Y116.914 I-2.992 J-.596 E.08438
G1 X112.384 Y116.884 E.00125
G1 E-1.75
;WIPE_START
G1 X112.197 Y116.663 E-.2171
G1 X111.753 Y116.242 E-.45871
G1 X111.852 Y116.242 E-.07419
;WIPE_END
G1 X108.247 Y116.242 F18000
G1 E2.5 F6000
G1 X107.803 Y116.663 E.02008
G2 X107.037 Y119.346 I2.226 J2.087 E.09514
G1 X103.823 Y119.346 E.1055
G1 X103.823 Y116.242 E.10189
G1 X108.187 Y116.242 E.14328
G1 E-1.75
;WIPE_START
G1 X107.803 Y116.663 E-.42716
G1 X107.591 Y116.913 E-.24576
G1 X107.533 Y116.998 E-.07708
;WIPE_END
G1 X111.115 Y117.883 F18000
G1 E2.5 F6000
M204 P1000
;TYPE:Outer wall
;WIDTH:0.42
G1 F3600
G1 X111.122 Y117.891 E.00033
G3 X109.772 Y117.352 I-1.123 J.852 E.22287
G1 X109.924 Y117.336 E.00465
G3 X110.913 Y117.669 I.076 J1.407 E.03253
G1 X111.074 Y117.839 E.00712
G1 E-1.75 F6000
;WIPE_START
G1 F3600
G1 X111.122 Y117.891 E-.05308
G1 X111.28 Y118.152 E-.22869
G1 X111.377 Y118.441 E-.22875
G1 X111.41 Y118.744 E-.22874
G1 X111.409 Y118.758 E-.01073
;WIPE_END
G1 X111.392 Y120.219 F18000
G1 E2.5 F6000
M204 P2000
;TYPE:Gap infill
;WIDTH:0.108825
G1 X111.321 Y120.302 E.00058
G3 X111.236 Y120.345 I-.083 J-.059 E.00053
G1 X110.591 Y120.513 F18000
;WIDTH:0.47597
G1 F6000
G3 X109.415 Y120.514 I-.59 J-4.045 E.04122
G1 X108.764 Y120.345 F18000
;WIDTH:0.109638
G1 F6000
G3 X108.608 Y120.219 I.054 J-.227 E.00112
G1 E-2.29258
;WIPE_START
G1 X108.698 Y120.323 E-.13782
G1 X108.764 Y120.345 E-.0696
;WIPE_END
G1 X103.115 Y124.97 F18000
G1 E2.5 F6000
;WIDTH:0.360152
G1 X103.026 Y124.486 E.0126
;WIDTH:0.4053
G3 X103.003 Y124.274 I2.01 J-.319 E.00623
;WIDTH:0.431455
G1 X103 Y120.364 E.12254
G1 X105.375 Y117.794 F18000
;TYPE:Internal solid infill
;WIDTH:0.476736
G1 F6000
G1 X105.481 Y117.794 E.0037
G1 X106.059 Y117.389 F18000
;WIDTH:0.419999
G1 F6000
G1 X104.97 Y117.389 E.03315
G1 X104.97 Y118.2 E.02466
G1 X105.868 Y118.2 E.02731
G1 X106.04 Y117.446 E.02353
G1 X106.64 Y117.012 F18000
G1 F6000
G1 X104.592 Y117.012 E.06228
G1 X104.592 Y118.577 E.0476
G1 X106.224 Y118.577 E.04962
G1 X106.237 Y118.273 E.00923
G1 X106.387 Y117.591 E.02124
G1 X106.616 Y117.067 E.01742
G1 X107.337 Y116.635 F18000
G1 F6000
G1 X104.215 Y116.635 E.09494
G1 X104.215 Y118.954 E.07054
G1 X106.602 Y118.954 E.0726
G1 X106.6 Y118.396 E.01698
G1 X106.755 Y117.672 E.0225
G1 X107.061 Y117 E.02248
G1 X107.301 Y116.682 E.01209
G1 X108.462 Y116.353 F18000
;TYPE:Gap infill
;WIDTH:0.142835
G1 F6000
G1 X108.652 Y116.208 E.00193
;WIDTH:0.156694
G1 X108.779 Y116.122 E.0014
;WIDTH:0.182907
G1 X108.901 Y116.039 E.00167
G1 X109.065 Y116.062 F18000
;WIDTH:0.119085
G1 F6000
G2 X108.655 Y116.137 I1.183 J7.601 E.00256
G1 X111.346 Y116.137 F18000
;WIDTH:0.129795
G1 F6000
G2 X110.935 Y116.062 I-1.585 J7.478 E.00292
G1 X111.099 Y116.039 F18000
;WIDTH:0.170044
G1 F6000
G1 X111.221 Y116.122 E.00151
;WIDTH:0.157182
G1 X111.343 Y116.205 E.00136
;WIDTH:0.12041
G1 X111.538 Y116.353 E.00153
G1 X112.663 Y116.635 F18000
;TYPE:Internal solid infill
;WIDTH:0.419999
G1 F6000
G1 X112.939 Y117 E.01392
G1 X113.232 Y117.634 E.02124
G1 X113.395 Y118.354 E.02247
G1 X113.398 Y118.954 E.01823
G1 X115.785 Y118.954 E.0726
G1 X115.785 Y116.635 E.07054
G1 X112.723 Y116.635 E.09311
G1 X113.36 Y117.012 F18000
G1 F6000
G1 X113.574 Y117.475 E.01554
G3 X113.777 Y118.397 I-7.938 J2.227 E.02871
G1 X113.776 Y118.577 E.00547
G1 X115.408 Y118.577 E.04962
G1 X115.408 Y117.012 E.0476
G1 X113.42 Y117.012 E.06046
G1 X113.941 Y117.389 F18000
G1 F6000
G3 X114.141 Y118.2 I-84.503 J21.298 E.0254
G1 X115.03 Y118.2 E.02706
G1 X115.03 Y117.389 E.02466
G1 X114.001 Y117.389 E.03132
G1 X114.459 Y117.794 F18000
;WIDTH:0.476736
G1 F6000
G1 X114.565 Y117.794 E.0037
G1 X117 Y120.364 F18000
;TYPE:Gap infill
;WIDTH:0.431174
G1 F6000
G1 X117 Y124.143 E.11835
G3 X116.988 Y124.379 I-2.261 J.006 E.00741
;WIDTH:0.394222
G1 X116.974 Y124.486 E.00304
;WIDTH:0.380207
G1 X116.885 Y124.97 E.01339
G1 X117.05 Y115.225 F18000
;WIDTH:0.330912
G1 F6000
G1 X117.05 Y84.345 E.71728
G1 X117.009 Y83.557 E.01833
G1 X116.886 Y82.811 E.01755
G1 X116.678 Y82.061 E.01809
G1 X116.398 Y81.359 E.01755
G1 X116.041 Y80.685 E.01773
G1 X115.612 Y80.053 E.01773
G1 X115.123 Y79.477 E.01755
G1 X114.564 Y78.946 E.01791
G1 X113.956 Y78.484 E.01773
G1 X113.309 Y78.094 E.01755
G1 X112.609 Y77.77 E.01791
G1 X111.886 Y77.526 E.01773
G1 X111.148 Y77.364 E.01755
G1 X110.374 Y77.279 E.01809
G1 X109.618 Y77.28 E.01755
G1 X108.867 Y77.361 E.01755
G1 X108.107 Y77.529 E.01809
G1 X107.391 Y77.77 E.01755
G1 X106.698 Y78.09 E.01773
G1 X106.044 Y78.484 E.01773
G1 X105.442 Y78.941 E.01755
G1 X104.877 Y79.477 E.01809
G1 X104.388 Y80.053 E.01755
G1 X103.959 Y80.685 E.01773
G1 X103.599 Y81.366 E.01791
G1 X103.319 Y82.068 E.01755
G1 X103.115 Y82.804 E.01773
G1 X102.991 Y83.557 E.01773
G1 X102.95 Y84.345 E.01833
G1 X102.95 Y115.225 E.71728
; stop printing object LEG id:18398695746277035084 copy 0
;LAYER_CHANGE
;Z:14.44
;HEIGHT:0.2
G92 E0 ; zero the extruded length again
; BEFORE_LAYER_CHANGE 71 @ 14.44mm
G1 E-1.75 F6000
;WIPE_START
G1 X102.95 Y114.225 E-.75
;WIPE_END
; AFTER_LAYER_CHANGE 71 @ 14.44mm
;_SET_FAN_SPEED_CHANGING_LAYER
; printing object LEG id:18398695746277035084 copy 0
G1 X103.79 Y120.959 Z14.44 F18000
G1 E2.5 F6000
M204 P1000
;TYPE:Outer wall
;WIDTH:0.42
G1 F3600
G1 X103.79 Y125.945 E.15165
G3 X102.21 Y124.164 I.238 J-1.802 E.07897
G1 X102.21 Y84.325 E1.21164
G3 X110.669 Y76.568 I7.783 J-.003 E.39252
G1 X111.26 Y76.632 E.01808
G3 X117.79 Y84.325 I-1.297 J7.719 E.3335
G1 X117.79 Y124.164 E1.21164
G3 X116.21 Y125.945 I-1.818 J-.02 E.07897
G1 X116.21 Y120.959 E.15165
G1 X103.85 Y120.959 E.37591
G1 X103.398 Y120.567 F18000
M204 P1500
;TYPE:Inner wall
;WIDTH:0.45
G1 F6000
G1 X103.398 Y125.442 E.16005
G3 X102.602 Y124.153 I.682 J-1.311 E.0522
G1 X102.602 Y84.335 E1.30736
G3 X110.627 Y76.958 I7.408 J.004 E.4022
G1 X111.197 Y77.02 E.01882
G3 X117.398 Y84.335 I-1.233 J7.331 E.34224
G1 X117.398 Y124.153 E1.30735
G3 X116.602 Y125.442 I-1.478 J-.023 E.0522
G1 X116.602 Y120.567 E.16005
G1 X110.81 Y120.567 E.19019
G1 X110.76 Y120.388 E.0061
G2 X109.24 Y120.388 I-.76 J-1.638 E.32108
G1 X109.19 Y120.567 E.0061
G1 X103.458 Y120.567 E.18822
G1 E-1.75
;WIPE_START
G1 X103.446 Y121.567 E-.75
;WIPE_END
G1 X103.69 Y114.629 F18000
G1 E2.5 F6000
M204 P1000
;TYPE:Outer wall
;WIDTH:0.42
G1 F3600
G1 X103.69 Y84.311 E.92209
G3 X109.658 Y78.018 I6.31 J.008 E.29082
G3 X116.31 Y84.311 I.321 J6.322 E.31131
G1 X116.31 Y114.629 E.92209
G1 X103.75 Y114.629 E.382
G1 X103.298 Y114.629 F18000
M204 P1500
;TYPE:Inner wall
;WIDTH:0.45
G1 F6000
G1 X103.298 Y84.3 E.9958
G3 X109.637 Y77.626 I6.702 J.018 E.33315
G3 X116.702 Y84.3 I.342 J6.715 E.35665
G1 X116.702 Y115.021 E1.00868
G1 X103.298 Y115.021 E.4401
G1 X103.298 Y114.689 E.0109
G1 E-1.75
;WIPE_START
G1 X103.298 Y113.689 E-.75
;WIPE_END
G1 X111.721 Y117.36 F18000
G1 E2.5 F6000
G1 X111.606 Y117.223 E.00588
G2 X108.09 Y119.854 I-1.601 J1.525 E.21084
G1 X108.289 Y120.16 E.01201
G1 X103.009 Y120.16 E.17336
G1 X103.009 Y115.428 E.15536
G1 X116.991 Y115.428 E.45907
G1 X116.991 Y120.16 E.15536
G1 X111.707 Y120.16 E.17348
G2 X111.762 Y117.405 I-1.702 J-1.412 E.09767
G1 X111.761 Y117.405 E.00002
G1 X112.031 Y117.097 F18000
G1 F6000
G1 X111.898 Y116.946 E.0066
G2 X107.587 Y119.753 I-1.898 J1.798 E.2386
G1 X103.416 Y119.753 E.13695
G1 X103.416 Y115.835 E.12863
G1 X116.584 Y115.835 E.43233
G1 X116.584 Y119.753 E.12863
G1 X112.413 Y119.753 E.13695
G2 X112.082 Y117.162 I-2.413 J-1.008 E.0898
G1 X112.068 Y117.144 E.00073
G1 X112.341 Y116.833 F18000
G1 F6000
G1 X112.197 Y116.663 E.00733
G1 X111.753 Y116.242 E.02008
G1 X116.177 Y116.242 E.14525
G1 X116.177 Y119.346 E.10189
G1 X112.963 Y119.346 E.1055
G2 X112.408 Y116.914 I-2.992 J-.596 E.08438
G1 X112.38 Y116.879 E.00146
G1 E-1.75
;WIPE_START
G1 X112.197 Y116.663 E-.21238
G1 X111.753 Y116.242 E-.45871
G1 X111.858 Y116.242 E-.07891
;WIPE_END
G1 X108.247 Y116.242 F18000
G1 E2.5 F6000
G1 X107.803 Y116.663 E.02008
G2 X107.037 Y119.346 I2.226 J2.087 E.09514
G1 X103.823 Y119.346 E.1055
G1 X103.823 Y116.242 E.10189
G1 X108.187 Y116.242 E.14328
G1 E-1.75
;WIPE_START
G1 X107.803 Y116.663 E-.42715
G1 X107.591 Y116.913 E-.24577
G1 X107.533 Y116.998 E-.07708
;WIPE_END
G1 X111.111 Y117.878 F18000
G1 E2.5 F6000
M204 P1000
;TYPE:Outer wall
;WIDTH:0.42
G1 F3600
G1 X111.122 Y117.891 E.00052
G3 X109.772 Y117.352 I-1.123 J.852 E.22287
G1 X109.924 Y117.336 E.00465
G3 X110.913 Y117.669 I.076 J1.407 E.03253
G1 X111.07 Y117.835 E.00693
G1 E-1.75 F6000
;WIPE_START
G1 F3600
G1 X111.122 Y117.891 E-.05781
G1 X111.28 Y118.152 E-.2287
G1 X111.377 Y118.441 E-.22875
G1 X111.41 Y118.744 E-.22874
G1 X111.41 Y118.752 E-.00601
;WIPE_END
G1 X111.392 Y120.219 F18000
G1 E2.5 F6000
M204 P2000
;TYPE:Gap infill
;WIDTH:0.108828
G1 X111.321 Y120.302 E.00058
G3 X111.236 Y120.345 I-.083 J-.059 E.00053
G1 X110.591 Y120.513 F18000
;WIDTH:0.475997
G1 F6000
G3 X109.409 Y120.513 I-.591 J-4.055 E.04144
G1 X108.764 Y120.345 F18000
;WIDTH:0.115026
G1 F6000
G3 X108.584 Y120.196 I.051 J-.245 E.00141
G1 E-2.25878
;WIPE_START
G1 X108.689 Y120.32 E-.16142
G1 X108.764 Y120.345 E-.07981
;WIPE_END
G1 X103.115 Y124.97 F18000
G1 E2.5 F6000
;WIDTH:0.360151
G1 X103.026 Y124.486 E.0126
;WIDTH:0.4053
G3 X103.003 Y124.274 I2.01 J-.319 E.00623
;WIDTH:0.431455
G1 X103 Y120.364 E.12254
G1 X105.375 Y117.794 F18000
;TYPE:Internal solid infill
;WIDTH:0.476736
G1 F6000
G1 X105.481 Y117.794 E.0037
G1 X106.059 Y117.389 F18000
;WIDTH:0.419999
G1 F6000
G1 X104.97 Y117.389 E.03315
G1 X104.97 Y118.2 E.02466
G1 X105.868 Y118.2 E.02731
G1 X106.04 Y117.446 E.02353
G1 X106.64 Y117.012 F18000
G1 F6000
G1 X104.592 Y117.012 E.06228
G1 X104.592 Y118.577 E.0476
G1 X106.224 Y118.577 E.04962
G1 X106.237 Y118.273 E.00923
G1 X106.387 Y117.591 E.02124
G1 X106.616 Y117.067 E.01742
G1 X107.337 Y116.635 F18000
G1 F6000
G1 X104.215 Y116.635 E.09494
G1 X104.215 Y118.954 E.07054
G1 X106.602 Y118.954 E.0726
G1 X106.6 Y118.396 E.01697
G1 X106.755 Y117.672 E.0225
G1 X107.061 Y117 E.02248
G1 X107.301 Y116.682 E.01209
G1 X108.462 Y116.353 F18000
;TYPE:Gap infill
;WIDTH:0.142837
G1 F6000
G1 X108.652 Y116.208 E.00193
;WIDTH:0.156697
G1 X108.779 Y116.122 E.0014
;WIDTH:0.182909
G1 X108.901 Y116.039 E.00167
G1 X109.065 Y116.062 F18000
;WIDTH:0.119085
G1 F6000
G2 X108.655 Y116.137 I1.185 J7.611 E.00256
G1 X111.345 Y116.137 F18000
;WIDTH:0.12981
G1 F6000
G2 X110.935 Y116.062 I-1.589 J7.499 E.00292
G1 X111.099 Y116.039 F18000
;WIDTH:0.170045
G1 F6000
G1 X111.221 Y116.122 E.00151
;WIDTH:0.157183
G1 X111.343 Y116.205 E.00136
;WIDTH:0.120411
G1 X111.538 Y116.353 E.00153
G1 X112.663 Y116.635 F18000
;TYPE:Internal solid infill
;WIDTH:0.419999
G1 F6000
G1 X112.939 Y117 E.01392
G1 X113.232 Y117.634 E.02124
G1 X113.395 Y118.354 E.02247
G1 X113.398 Y118.954 E.01823
G1 X115.785 Y118.954 E.0726
G1 X115.785 Y116.635 E.07054
G1 X112.723 Y116.635 E.09311
G1 X113.36 Y117.012 F18000
G1 F6000
G1 X113.574 Y117.475 E.01554
G3 X113.777 Y118.397 I-7.938 J2.227 E.02871
G1 X113.776 Y118.577 E.00547
G1 X115.408 Y118.577 E.04962
G1 X115.408 Y117.012 E.0476
G1 X113.42 Y117.012 E.06046
G1 X113.941 Y117.389 F18000
G1 F6000
G3 X114.141 Y118.2 I-84.261 J21.237 E.0254
G1 X115.03 Y118.2 E.02706
G1 X115.03 Y117.389 E.02466
G1 X114.001 Y117.389 E.03132
G1 X114.459 Y117.794 F18000
;WIDTH:0.476736
G1 F6000
G1 X114.565 Y117.794 E.0037
G1 X117 Y120.364 F18000
;TYPE:Gap infill
;WIDTH:0.431174
G1 F6000
G1 X117 Y124.143 E.11835
G3 X116.988 Y124.379 I-2.261 J.006 E.00741
;WIDTH:0.394223
G1 X116.974 Y124.486 E.00304
;WIDTH:0.380205
G1 X116.885 Y124.97 E.01339
G1 X117.05 Y115.225 F18000
;WIDTH:0.330912
G1 F6000
G1 X117.05 Y84.345 E.71728
G1 X117.009 Y83.557 E.01833
G1 X116.886 Y82.811 E.01755
G1 X116.678 Y82.061 E.01809
G1 X116.398 Y81.359 E.01755
G1 X116.041 Y80.685 E.01773
G1 X115.612 Y80.053 E.01773
G1 X115.123 Y79.477 E.01755
G1 X114.564 Y78.946 E.01791
G1 X113.956 Y78.484 E.01773
G1 X113.309 Y78.094 E.01755
G1 X112.609 Y77.77 E.01791
G1 X111.886 Y77.526 E.01773
G1 X111.148 Y77.364 E.01755
G1 X110.374 Y77.279 E.01809
G1 X109.618 Y77.28 E.01755
G1 X108.867 Y77.361 E.01755
G1 X108.107 Y77.529 E.01809
G1 X107.391 Y77.77 E.01755
G1 X106.698 Y78.09 E.01773
G1 X106.044 Y78.484 E.01773
G1 X105.442 Y78.941 E.01755
G1 X104.877 Y79.477 E.01809
G1 X104.388 Y80.053 E.01755
G1 X103.959 Y80.685 E.01773
G1 X103.599 Y81.366 E.01791
G1 X103.319 Y82.068 E.01755
G1 X103.115 Y82.804 E.01773
G1 X102.991 Y83.557 E.01773
G1 X102.95 Y84.345 E.01833
G1 X102.95 Y115.225 E.71728
; stop printing object LEG id:18398695746277035084 copy 0
;LAYER_CHANGE
;Z:14.64
;HEIGHT:0.200001
G92 E0 ; zero the extruded length again
; BEFORE_LAYER_CHANGE 72 @ 14.64mm
G1 E-1.75 F6000
;WIPE_START
G1 X102.95 Y114.225 E-.75
;WIPE_END
; AFTER_LAYER_CHANGE 72 @ 14.64mm
;_SET_FAN_SPEED_CHANGING_LAYER
; printing object LEG id:18398695746277035084 copy 0
G1 X103.79 Y120.959 Z14.64 F18000
G1 E2.5 F6000
M204 P1000
;TYPE:Outer wall
;WIDTH:0.42
G1 F3600
G1 X103.79 Y125.945 E.15165
G3 X102.21 Y124.164 I.216 J-1.783 E.07918
G1 X102.21 Y84.325 E1.21164
G3 X110.661 Y76.567 I7.783 J-.003 E.39226
G1 X111.26 Y76.632 E.01834
G3 X117.79 Y84.325 I-1.291 J7.714 E.33355
G1 X117.79 Y124.164 E1.21164
G3 X116.21 Y125.945 I-1.818 J-.02 E.07897
G1 X116.21 Y120.959 E.15165
G1 X103.85 Y120.959 E.37591
G1 X103.398 Y120.567 F18000
M204 P1500
;TYPE:Inner wall
;WIDTH:0.45
G1 F6000
G1 X103.398 Y125.442 E.16005
G3 X102.602 Y124.153 I.646 J-1.289 E.05234
G1 X102.602 Y84.335 E1.30736
G3 X110.618 Y76.957 I7.397 J-.008 E.40212
G1 X111.197 Y77.02 E.0191
G3 X117.398 Y84.335 I-1.226 J7.325 E.34231
G1 X117.398 Y124.153 E1.30735
G3 X116.602 Y125.442 I-1.478 J-.023 E.0522
G1 X116.602 Y120.567 E.16005
G1 X110.81 Y120.567 E.19019
G1 X110.76 Y120.388 E.0061
G2 X108.833 Y120.118 I-.753 J-1.637 E.30428
G2 X109.244 Y120.377 I1.19 J-1.435 E.01602
G1 X109.201 Y120.567 E.00639
G1 X103.458 Y120.567 E.18856
G1 E-1.75
;WIPE_START
G1 X103.446 Y121.567 E-.75
;WIPE_END
G1 X103.69 Y114.629 F18000
G1 E2.5 F6000
M204 P1000
;TYPE:Outer wall
;WIDTH:0.42
G1 F3600
G1 X103.69 Y84.311 E.92209
G3 X109.658 Y78.018 I6.31 J.008 E.29082
G3 X116.31 Y84.311 I.321 J6.322 E.31131
G1 X116.31 Y114.629 E.92209
G1 X103.75 Y114.629 E.382
G1 X103.298 Y114.629 F18000
M204 P1500
;TYPE:Inner wall
;WIDTH:0.45
G1 F6000
G1 X103.298 Y84.3 E.9958
G3 X109.637 Y77.626 I6.702 J.018 E.33315
G3 X116.702 Y84.3 I.342 J6.715 E.35665
G1 X116.702 Y115.021 E1.00868
G1 X103.298 Y115.021 E.4401
G1 X103.298 Y114.689 E.0109
G1 E-1.75
;WIPE_START
G1 X103.298 Y113.689 E-.75
;WIPE_END
G1 X111.717 Y117.355 F18000
G1 E2.5 F6000
G1 X111.604 Y117.225 E.00566
G2 X108.293 Y120.16 I-1.604 J1.526 E.22325
G1 X103.009 Y120.16 E.17348
G1 X103.009 Y115.428 E.15536
G1 X116.991 Y115.428 E.45907
G1 X116.991 Y120.16 E.15536
G1 X111.707 Y120.16 E.17348
G2 X111.759 Y117.407 I-1.707 J-1.41 E.09758
G1 X111.755 Y117.401 E.00022
G1 X112.027 Y117.092 F18000
G1 F6000
G1 X111.898 Y116.946 E.00639
G2 X107.587 Y119.753 I-1.898 J1.798 E.2386
G1 X103.416 Y119.753 E.13695
G1 X103.416 Y115.835 E.12863
G1 X116.584 Y115.835 E.43233
G1 X116.584 Y119.753 E.12863
G1 X112.413 Y119.753 E.13695
G2 X112.082 Y117.162 I-2.413 J-1.008 E.0898
G1 X112.064 Y117.139 E.00094
G1 X112.337 Y116.828 F18000
G1 F6000
G1 X112.197 Y116.663 E.00712
G1 X111.753 Y116.242 E.02008
G1 X116.177 Y116.242 E.14525
G1 X116.177 Y119.346 E.10189
G1 X112.963 Y119.346 E.1055
G2 X112.408 Y116.914 I-2.992 J-.596 E.08438
G1 X112.375 Y116.874 E.00167
G1 E-1.75
;WIPE_START
G1 X112.197 Y116.663 E-.20753
G1 X111.753 Y116.242 E-.45871
G1 X111.865 Y116.242 E-.08377
;WIPE_END
G1 X108.247 Y116.242 F18000
G1 E2.5 F6000
G1 X107.803 Y116.663 E.02008
G2 X107.037 Y119.346 I2.226 J2.087 E.09514
G1 X103.823 Y119.346 E.1055
G1 X103.823 Y116.242 E.10189
G1 X108.187 Y116.242 E.14328
G1 E-1.75
;WIPE_START
G1 X107.803 Y116.663 E-.42716
G1 X107.591 Y116.913 E-.24576
G1 X107.533 Y116.998 E-.07708
;WIPE_END
G1 X111.107 Y117.873 F18000
G1 E2.5 F6000
M204 P1000
;TYPE:Outer wall
;WIDTH:0.42
G1 F3600
G1 X111.122 Y117.891 E.00072
G3 X109.772 Y117.352 I-1.123 J.852 E.22287
G1 X109.924 Y117.336 E.00465
G3 X110.913 Y117.669 I.076 J1.407 E.03253
G1 X111.065 Y117.83 E.00673
G1 E-1.75 F6000
;WIPE_START
G1 F3600
G1 X111.122 Y117.891 E-.06267
G1 X111.28 Y118.152 E-.2287
G1 X111.377 Y118.441 E-.22875
G1 X111.41 Y118.744 E-.22874
G1 X111.41 Y118.746 E-.00114
;WIPE_END
G1 X111.392 Y120.219 F18000
G1 E2.5 F6000
M204 P2000
;TYPE:Gap infill
;WIDTH:0.108825
G1 X111.321 Y120.302 E.00058
G3 X111.236 Y120.345 I-.083 J-.059 E.00053
G1 X110.591 Y120.513 F18000
;WIDTH:0.475973
G1 F6000
G3 X109.414 Y120.514 I-.59 J-4.045 E.04124
G1 X108.764 Y120.345 F18000
;WIDTH:0.109635
G1 F6000
G3 X108.608 Y120.219 I.054 J-.227 E.00112
G1 E-2.2926
;WIPE_START
G1 X108.698 Y120.323 E-.13781
G1 X108.764 Y120.345 E-.0696
;WIPE_END
G1 X103.115 Y124.97 F18000
G1 E2.5 F6000
;WIDTH:0.360151
G1 X103.026 Y124.486 E.0126
;WIDTH:0.405296
G3 X103.003 Y124.274 I2.01 J-.319 E.00623
;WIDTH:0.431455
G1 X103 Y120.364 E.12254
G1 X105.375 Y117.794 F18000
;TYPE:Internal solid infill
;WIDTH:0.476736
G1 F6000
G1 X105.481 Y117.794 E.0037
G1 X106.059 Y117.389 F18000
;WIDTH:0.419999
G1 F6000
G1 X104.97 Y117.389 E.03315
G1 X104.97 Y118.2 E.02466
G1 X105.868 Y118.2 E.02731
G1 X106.04 Y117.446 E.02353
G1 X106.64 Y117.012 F18000
G1 F6000
G1 X104.592 Y117.012 E.06228
G1 X104.592 Y118.577 E.0476
G1 X106.224 Y118.577 E.04962
G1 X106.237 Y118.273 E.00923
G1 X106.387 Y117.591 E.02124
G1 X106.616 Y117.067 E.01742
G1 X107.337 Y116.635 F18000
G1 F6000
G1 X104.215 Y116.635 E.09494
G1 X104.215 Y118.954 E.07054
G1 X106.602 Y118.954 E.0726
G1 X106.6 Y118.396 E.01697
G1 X106.755 Y117.672 E.0225
G1 X107.061 Y117 E.02248
G1 X107.301 Y116.682 E.01209
G1 X108.462 Y116.353 F18000
;TYPE:Gap infill
;WIDTH:0.142833
G1 F6000
G1 X108.652 Y116.208 E.00193
;WIDTH:0.156691
G1 X108.779 Y116.122 E.0014
;WIDTH:0.182903
G1 X108.901 Y116.039 E.00167
G1 X109.065 Y116.062 F18000
;WIDTH:0.119087
G1 F6000
G2 X108.655 Y116.137 I1.186 J7.621 E.00256
G1 X111.346 Y116.137 F18000
;WIDTH:0.129799
G1 F6000
G2 X110.935 Y116.062 I-1.585 J7.477 E.00292
G1 X111.099 Y116.039 F18000
;WIDTH:0.170053
G1 F6000
G1 X111.221 Y116.122 E.00151
;WIDTH:0.157192
G1 X111.343 Y116.205 E.00136
;WIDTH:0.120415
G1 X111.538 Y116.353 E.00153
G1 X112.663 Y116.635 F18000
;TYPE:Internal solid infill
;WIDTH:0.419999
G1 F6000
G1 X112.939 Y117 E.01391
G1 X113.232 Y117.634 E.02124
G1 X113.395 Y118.354 E.02247
G1 X113.398 Y118.954 E.01823
G1 X115.785 Y118.954 E.0726
G1 X115.785 Y116.635 E.07054
G1 X112.723 Y116.635 E.09311
G1 X113.36 Y117.012 F18000
G1 F6000
G1 X113.574 Y117.475 E.01554
G3 X113.777 Y118.397 I-7.938 J2.227 E.02871
G1 X113.776 Y118.577 E.00547
G1 X115.408 Y118.577 E.04962
G1 X115.408 Y117.012 E.0476
G1 X113.42 Y117.012 E.06046
G1 X113.941 Y117.389 F18000
G1 F6000
G3 X114.141 Y118.2 I-84.387 J21.268 E.0254
G1 X115.03 Y118.2 E.02706
G1 X115.03 Y117.389 E.02466
G1 X114.001 Y117.389 E.03132
G1 X114.459 Y117.794 F18000
;WIDTH:0.476736
G1 F6000
G1 X114.565 Y117.794 E.0037
G1 X117 Y120.364 F18000
;TYPE:Gap infill
;WIDTH:0.431174
G1 F6000
G1 X117 Y124.143 E.11835
G3 X116.988 Y124.379 I-2.26 J.006 E.00741
;WIDTH:0.394223
G1 X116.974 Y124.486 E.00304
;WIDTH:0.380204
G1 X116.885 Y124.97 E.01339
G1 X117.05 Y115.225 F18000
;WIDTH:0.330912
G1 F6000
G1 X117.05 Y84.345 E.71728
G1 X117.009 Y83.557 E.01833
G1 X116.886 Y82.811 E.01755
G1 X116.678 Y82.061 E.01809
G1 X116.398 Y81.359 E.01755
G1 X116.041 Y80.684 E.01773
G1 X115.612 Y80.053 E.01773
G1 X115.123 Y79.477 E.01755
G1 X114.564 Y78.946 E.01791
G1 X113.956 Y78.484 E.01773
G1 X113.309 Y78.094 E.01755
G1 X112.609 Y77.77 E.01791
G1 X111.886 Y77.526 E.01773
G1 X111.148 Y77.364 E.01755
G1 X110.374 Y77.279 E.01809
G1 X109.618 Y77.28 E.01755
G1 X108.867 Y77.361 E.01755
G1 X108.107 Y77.529 E.01809
G1 X107.391 Y77.77 E.01755
G1 X106.698 Y78.09 E.01773
G1 X106.044 Y78.484 E.01773
G1 X105.442 Y78.941 E.01755
G1 X104.877 Y79.477 E.01809
G1 X104.388 Y80.053 E.01755
G1 X103.959 Y80.685 E.01773
G1 X103.599 Y81.366 E.01791
G1 X103.319 Y82.068 E.01755
G1 X103.115 Y82.804 E.01773
G1 X102.991 Y83.557 E.01773
G1 X102.95 Y84.345 E.01833
G1 X102.95 Y115.225 E.71728
; stop printing object LEG id:18398695746277035084 copy 0
;LAYER_CHANGE
;Z:14.84
;HEIGHT:0.2
G92 E0 ; zero the extruded length again
; BEFORE_LAYER_CHANGE 73 @ 14.84mm
G1 E-1.75 F6000
;WIPE_START
G1 X102.95 Y114.225 E-.75
;WIPE_END
; AFTER_LAYER_CHANGE 73 @ 14.84mm
;_SET_FAN_SPEED_CHANGING_LAYER
; printing object LEG id:18398695746277035084 copy 0
G1 X103.79 Y120.959 Z14.84 F18000
G1 E2.5 F6000
M204 P1000
;TYPE:Outer wall
;WIDTH:0.42
G1 F3600
G1 X103.79 Y125.945 E.15165
G3 X102.21 Y124.164 I.238 J-1.802 E.07897
G1 X102.21 Y84.325 E1.21164
G3 X110.652 Y76.566 I7.784 J-.003 E.39201
G1 X111.26 Y76.632 E.0186
G3 X117.79 Y84.325 I-1.297 J7.719 E.3335
G1 X117.79 Y124.164 E1.21164
G3 X116.21 Y125.945 I-1.818 J-.02 E.07897
G1 X116.21 Y120.959 E.15165
G1 X103.85 Y120.959 E.37591
G1 X103.398 Y120.567 F18000
M204 P1500
;TYPE:Inner wall
;WIDTH:0.45
G1 F6000
G1 X103.398 Y125.442 E.16005
G3 X102.602 Y124.153 I.682 J-1.311 E.0522
G1 X102.602 Y84.335 E1.30736
G3 X110.61 Y76.956 I7.408 J.004 E.40165
G1 X111.197 Y77.02 E.01938
G3 X117.398 Y84.335 I-1.233 J7.331 E.34224
G1 X117.398 Y124.153 E1.30735
G3 X116.602 Y125.442 I-1.478 J-.023 E.0522
G1 X116.602 Y120.567 E.16005
G1 X110.81 Y120.567 E.19019
G1 X110.76 Y120.388 E.0061
G2 X108.833 Y120.118 I-.753 J-1.637 E.30428
G2 X109.244 Y120.377 I1.191 J-1.437 E.01601
G1 X109.201 Y120.567 E.00639
G1 X103.458 Y120.567 E.18856
G1 E-1.75
;WIPE_START
G1 X103.446 Y121.567 E-.75
;WIPE_END
G1 X103.69 Y114.629 F18000
G1 E2.5 F6000
M204 P1000
;TYPE:Outer wall
;WIDTH:0.42
G1 F3600
G1 X103.69 Y84.311 E.92209
G3 X109.658 Y78.018 I6.31 J.008 E.29082
G3 X116.31 Y84.311 I.321 J6.322 E.31131
G1 X116.31 Y114.629 E.92209
G1 X103.75 Y114.629 E.382
G1 X103.298 Y114.629 F18000
M204 P1500
;TYPE:Inner wall
;WIDTH:0.45
G1 F6000
G1 X103.298 Y84.3 E.9958
G3 X109.637 Y77.626 I6.702 J.018 E.33315
G3 X116.702 Y84.3 I.342 J6.715 E.35665
G1 X116.702 Y115.021 E1.00868
G1 X103.298 Y115.021 E.4401
G1 X103.298 Y114.689 E.0109
G1 E-1.75
;WIPE_START
G1 X103.298 Y113.689 E-.75
;WIPE_END
G1 X111.712 Y117.35 F18000
G1 E2.5 F6000
G1 X111.606 Y117.223 E.00545
G2 X108.091 Y119.857 I-1.601 J1.525 E.21096
G1 X108.29 Y120.16 E.0119
G1 X103.009 Y120.16 E.17337
G1 X103.009 Y115.428 E.15536
G1 X116.991 Y115.428 E.45907
G1 X116.991 Y120.16 E.15536
G1 X111.707 Y120.16 E.17348
G2 X111.762 Y117.405 I-1.702 J-1.412 E.09767
G1 X111.753 Y117.395 E.00045
G1 X112.023 Y117.087 F18000
G1 F6000
G1 X111.898 Y116.946 E.00617
G2 X107.587 Y119.753 I-1.898 J1.798 E.2386
G1 X103.416 Y119.753 E.13695
G1 X103.416 Y115.835 E.12863
G1 X116.584 Y115.835 E.43233
G1 X116.584 Y119.753 E.12863
G1 X112.413 Y119.753 E.13695
G2 X112.082 Y117.162 I-2.413 J-1.008 E.0898
G1 X112.06 Y117.134 E.00116
G1 X112.333 Y116.823 F18000
G1 F6000
G1 X112.197 Y116.663 E.0069
G1 X111.753 Y116.242 E.02008
G1 X116.177 Y116.242 E.14525
G1 X116.177 Y119.346 E.10189
G1 X112.963 Y119.346 E.1055
G2 X112.408 Y116.914 I-2.992 J-.596 E.08438
G1 X112.371 Y116.869 E.00189
G1 E-1.75
;WIPE_START
G1 X112.197 Y116.663 E-.20255
G1 X111.753 Y116.242 E-.4587
G1 X111.871 Y116.242 E-.08875
;WIPE_END
G1 X108.247 Y116.242 F18000
G1 E2.5 F6000
G1 X107.803 Y116.663 E.02008
G2 X107.037 Y119.346 I2.226 J2.087 E.09514
G1 X103.823 Y119.346 E.1055
G1 X103.823 Y116.242 E.10189
G1 X108.187 Y116.242 E.14328
G1 E-1.75
;WIPE_START
G1 X107.803 Y116.663 E-.42715
G1 X107.591 Y116.913 E-.24576
G1 X107.533 Y116.998 E-.07708
;WIPE_END
G1 X111.102 Y117.869 F18000
G1 E2.5 F6000
M204 P1000
;TYPE:Outer wall
;WIDTH:0.42
G1 F3600
G1 X111.122 Y117.891 E.00092
G3 X109.772 Y117.352 I-1.123 J.852 E.22287
G1 X109.924 Y117.336 E.00465
G3 X110.913 Y117.669 I.076 J1.407 E.03253
G1 X111.061 Y117.825 E.00653
G1 E-1.75 F6000
;WIPE_START
G1 F3600
G1 X111.122 Y117.891 E-.06765
G1 X111.28 Y118.152 E-.22869
G1 X111.377 Y118.441 E-.22874
G1 X111.41 Y118.739 E-.22491
;WIPE_END
G1 X111.392 Y120.219 F18000
G1 E2.5 F6000
M204 P2000
;TYPE:Gap infill
;WIDTH:0.108825
G1 X111.321 Y120.302 E.00058
G3 X111.236 Y120.345 I-.083 J-.059 E.00053
G1 X110.591 Y120.513 F18000
;WIDTH:0.475975
G1 F6000
G3 X109.414 Y120.514 I-.59 J-4.046 E.04125
G1 X108.764 Y120.345 F18000
;WIDTH:0.114505
G1 F6000
G3 X108.586 Y120.198 I.051 J-.243 E.00138
G1 E-2.26173
;WIPE_START
G1 X108.69 Y120.32 E-.1594
G1 X108.764 Y120.345 E-.07887
;WIPE_END
G1 X103.115 Y124.97 F18000
G1 E2.5 F6000
;WIDTH:0.36015
G1 X103.026 Y124.486 E.0126
;WIDTH:0.405299
G3 X103.003 Y124.274 I2.01 J-.319 E.00623
;WIDTH:0.431455
G1 X103 Y120.364 E.12254
G1 X105.375 Y117.794 F18000
;TYPE:Internal solid infill
;WIDTH:0.476736
G1 F6000
G1 X105.481 Y117.794 E.0037
G1 X106.059 Y117.389 F18000
;WIDTH:0.419999
G1 F6000
G1 X104.97 Y117.389 E.03315
G1 X104.97 Y118.2 E.02466
G1 X105.868 Y118.2 E.02731
G1 X106.04 Y117.446 E.02353
G1 X106.64 Y117.012 F18000
G1 F6000
G1 X104.592 Y117.012 E.06228
G1 X104.592 Y118.577 E.0476
G1 X106.224 Y118.577 E.04962
G1 X106.237 Y118.273 E.00923
G1 X106.387 Y117.591 E.02124
G1 X106.616 Y117.067 E.01742
G1 X107.337 Y116.635 F18000
G1 F6000
G1 X104.215 Y116.635 E.09494
G1 X104.215 Y118.954 E.07054
G1 X106.602 Y118.954 E.0726
G1 X106.6 Y118.396 E.01697
G1 X106.755 Y117.672 E.0225
G1 X107.061 Y117 E.02248
G1 X107.301 Y116.682 E.01209
G1 X108.462 Y116.353 F18000
;TYPE:Gap infill
;WIDTH:0.142838
G1 F6000
G1 X108.652 Y116.208 E.00193
;WIDTH:0.156698
G1 X108.779 Y116.122 E.0014
;WIDTH:0.182911
G1 X108.901 Y116.039 E.00167
G1 X109.065 Y116.062 F18000
;WIDTH:0.119089
G1 F6000
G2 X108.654 Y116.137 I1.175 J7.555 E.00256
G1 X111.345 Y116.137 F18000
;WIDTH:0.129805
G1 F6000
G2 X110.935 Y116.062 I-1.595 J7.535 E.00292
G1 X111.099 Y116.039 F18000
;WIDTH:0.170045
G1 F6000
G1 X111.221 Y116.122 E.00151
;WIDTH:0.157183
G1 X111.343 Y116.205 E.00136
;WIDTH:0.120411
G1 X111.538 Y116.353 E.00153
G1 X112.663 Y116.635 F18000
;TYPE:Internal solid infill
;WIDTH:0.419999
G1 F6000
G1 X112.939 Y117 E.01392
G1 X113.232 Y117.634 E.02124
G1 X113.395 Y118.354 E.02247
G1 X113.398 Y118.954 E.01823
G1 X115.785 Y118.954 E.0726
G1 X115.785 Y116.635 E.07054
G1 X112.723 Y116.635 E.09311
G1 X113.36 Y117.012 F18000
G1 F6000
G1 X113.574 Y117.475 E.01554
G3 X113.777 Y118.397 I-7.939 J2.227 E.02871
G1 X113.776 Y118.577 E.00547
G1 X115.408 Y118.577 E.04962
G1 X115.408 Y117.012 E.0476
G1 X113.42 Y117.012 E.06046
G1 X113.941 Y117.389 F18000
G1 F6000
G3 X114.141 Y118.2 I-84.387 J21.268 E.0254
G1 X115.03 Y118.2 E.02706
G1 X115.03 Y117.389 E.02466
G1 X114.001 Y117.389 E.03132
G1 X114.459 Y117.794 F18000
;WIDTH:0.476736
G1 F6000
G1 X114.565 Y117.794 E.0037
G1 X117 Y120.364 F18000
;TYPE:Gap infill
;WIDTH:0.431174
G1 F6000
G1 X117 Y124.143 E.11835
G3 X116.988 Y124.379 I-2.261 J.006 E.00741
;WIDTH:0.39422
G1 X116.974 Y124.486 E.00304
;WIDTH:0.380201
G1 X116.885 Y124.97 E.01339
G1 X117.05 Y115.225 F18000
;WIDTH:0.330912
G1 F6000
G1 X117.05 Y84.345 E.71728
G1 X117.009 Y83.557 E.01833
G1 X116.886 Y82.811 E.01755
G1 X116.678 Y82.061 E.01809
G1 X116.398 Y81.359 E.01755
G1 X116.041 Y80.685 E.01773
G1 X115.607 Y80.047 E.01791
G1 X115.118 Y79.471 E.01755
G1 X114.564 Y78.946 E.01773
G1 X113.956 Y78.484 E.01773
G1 X113.309 Y78.094 E.01755
G1 X112.609 Y77.77 E.01791
G1 X111.886 Y77.526 E.01773
G1 X111.148 Y77.364 E.01755
G1 X110.374 Y77.279 E.01809
G1 X109.618 Y77.28 E.01755
G1 X108.867 Y77.361 E.01755
G1 X108.107 Y77.529 E.01809
G1 X107.391 Y77.77 E.01755
G1 X106.698 Y78.09 E.01773
G1 X106.044 Y78.484 E.01773
G1 X105.442 Y78.941 E.01755
G1 X104.877 Y79.477 E.01809
G1 X104.388 Y80.053 E.01755
G1 X103.959 Y80.685 E.01773
G1 X103.599 Y81.366 E.01791
G1 X103.319 Y82.068 E.01755
G1 X103.115 Y82.804 E.01773
G1 X102.991 Y83.557 E.01773
G1 X102.95 Y84.345 E.01833
G1 X102.95 Y115.225 E.71728
; stop printing object LEG id:18398695746277035084 copy 0
;LAYER_CHANGE
;Z:15.04
;HEIGHT:0.2
G92 E0 ; zero the extruded length again
; BEFORE_LAYER_CHANGE 74 @ 15.04mm
G1 E-1.75 F6000
;WIPE_START
G1 X102.95 Y114.225 E-.75
;WIPE_END
; AFTER_LAYER_CHANGE 74 @ 15.04mm
;_SET_FAN_SPEED_CHANGING_LAYER
; printing object LEG id:18398695746277035084 copy 0
G1 X103.79 Y120.959 Z15.04 F18000
G1 E2.5 F6000
M204 P1000
;TYPE:Outer wall
;WIDTH:0.42
G1 F3600
G1 X103.79 Y125.945 E.15165
G3 X102.21 Y124.164 I.238 J-1.802 E.07897
G1 X102.21 Y84.325 E1.21164
G3 X110.644 Y76.565 I7.784 J-.003 E.39176
G1 X111.26 Y76.632 E.01885
G3 X117.79 Y84.325 I-1.29 J7.712 E.33356
G1 X117.79 Y124.164 E1.21164
G3 X116.21 Y125.945 I-1.818 J-.02 E.07897
G1 X116.21 Y120.959 E.15165
G1 X103.85 Y120.959 E.37591
G1 X103.398 Y120.567 F18000
M204 P1500
;TYPE:Inner wall
;WIDTH:0.45
G1 F6000
G1 X103.398 Y125.442 E.16005
G3 X102.602 Y124.153 I.682 J-1.311 E.0522
G1 X102.602 Y84.335 E1.30736
G3 X110.602 Y76.955 I7.409 J.004 E.40137
G1 X111.197 Y77.02 E.01966
G3 X117.398 Y84.335 I-1.225 J7.324 E.34232
G1 X117.398 Y124.153 E1.30735
G3 X116.602 Y125.442 I-1.478 J-.023 E.0522
G1 X116.602 Y120.567 E.16005
G1 X110.81 Y120.567 E.19019
G1 X110.76 Y120.388 E.0061
G2 X109.24 Y120.388 I-.76 J-1.638 E.32108
G1 X109.19 Y120.567 E.0061
G1 X103.458 Y120.567 E.18822
G1 E-1.75
;WIPE_START
G1 X103.446 Y121.567 E-.75
;WIPE_END
G1 X103.69 Y114.629 F18000
G1 E2.5 F6000
M204 P1000
;TYPE:Outer wall
;WIDTH:0.42
G1 F3600
G1 X103.69 Y84.311 E.92209
G3 X109.658 Y78.018 I6.31 J.008 E.29082
G3 X116.31 Y84.311 I.321 J6.322 E.31131
G1 X116.31 Y114.629 E.92209
G1 X103.75 Y114.629 E.382
G1 X103.298 Y114.629 F18000
M204 P1500
;TYPE:Inner wall
;WIDTH:0.45
G1 F6000
G1 X103.298 Y84.3 E.9958
G3 X109.637 Y77.626 I6.702 J.018 E.33315
G3 X116.702 Y84.3 I.342 J6.715 E.35665
G1 X116.702 Y115.021 E1.00868
G1 X103.298 Y115.021 E.4401
G1 X103.298 Y114.689 E.0109
G1 E-1.75
;WIPE_START
G1 X103.298 Y113.689 E-.75
;WIPE_END
G1 X111.713 Y117.351 F18000
G1 E2.5 F6000
G1 X111.604 Y117.225 E.00549
G2 X108.293 Y120.16 I-1.604 J1.526 E.22325
G1 X103.009 Y120.16 E.17348
G1 X103.009 Y115.428 E.15536
G1 X116.991 Y115.428 E.45907
G1 X116.991 Y120.16 E.15536
G1 X111.707 Y120.16 E.17348
G2 X111.759 Y117.407 I-1.707 J-1.41 E.09758
G1 X111.752 Y117.397 E.0004
G1 X112.024 Y117.088 F18000
G1 F6000
G1 X111.898 Y116.946 E.00621
G2 X107.587 Y119.753 I-1.898 J1.798 E.2386
G1 X103.416 Y119.753 E.13695
G1 X103.416 Y115.835 E.12863
G1 X116.584 Y115.835 E.43233
G1 X116.584 Y119.753 E.12863
G1 X112.413 Y119.753 E.13695
G2 X112.082 Y117.162 I-2.413 J-1.008 E.08981
G1 X112.061 Y117.135 E.00112
G1 X112.334 Y116.824 F18000
G1 F6000
G1 X112.197 Y116.663 E.00694
G1 X111.753 Y116.242 E.02008
G1 X116.177 Y116.242 E.14525
G1 X116.177 Y119.346 E.10189
G1 X112.963 Y119.346 E.1055
G2 X112.408 Y116.914 I-2.992 J-.596 E.08438
G1 X112.372 Y116.87 E.00184
G1 E-1.75
;WIPE_START
G1 X112.197 Y116.663 E-.20356
G1 X111.753 Y116.242 E-.45872
G1 X111.87 Y116.242 E-.08772
;WIPE_END
G1 X108.247 Y116.242 F18000
G1 E2.5 F6000
G1 X107.803 Y116.663 E.02008
G2 X107.037 Y119.346 I2.226 J2.087 E.09514
G1 X103.823 Y119.346 E.1055
G1 X103.823 Y116.242 E.10189
G1 X108.187 Y116.242 E.14328
G1 E-1.75
;WIPE_START
G1 X107.803 Y116.663 E-.42717
G1 X107.591 Y116.913 E-.24575
G1 X107.533 Y116.998 E-.07709
;WIPE_END
G1 X111.099 Y117.873 F18000
G1 E2.5 F6000
M204 P1000
;TYPE:Outer wall
;WIDTH:0.42
G1 F3600
G1 X111.208 Y118.017 E.0055
G3 X109.772 Y117.352 I-1.208 J.726 E.21822
G1 X109.924 Y117.336 E.00465
G3 X111.024 Y117.775 I.076 J1.407 E.03717
G1 X111.063 Y117.825 E.00195
G1 E-1.75 F6000
;WIPE_START
G1 F3600
G1 X111.208 Y118.017 E-.18068
G1 X111.28 Y118.152 E-.11452
G1 X111.377 Y118.441 E-.22874
G1 X111.41 Y118.741 E-.22606
;WIPE_END
G1 X111.392 Y120.219 F18000
G1 E2.5 F6000
M204 P2000
;TYPE:Gap infill
;WIDTH:0.108824
G1 X111.321 Y120.302 E.00058
G3 X111.236 Y120.345 I-.083 J-.059 E.00053
G1 X110.591 Y120.513 F18000
;WIDTH:0.475999
G1 F6000
G3 X109.409 Y120.513 I-.591 J-4.055 E.04144
G1 X108.764 Y120.345 F18000
;WIDTH:0.10964
G1 F6000
G3 X108.608 Y120.219 I.054 J-.227 E.00112
G1 E-2.29256
;WIPE_START
G1 X108.698 Y120.323 E-.13783
G1 X108.764 Y120.345 E-.06961
;WIPE_END
G1 X103.115 Y124.97 F18000
G1 E2.5 F6000
;WIDTH:0.360151
G1 X103.026 Y124.486 E.0126
;WIDTH:0.405297
G3 X103.003 Y124.274 I2.009 J-.319 E.00623
;WIDTH:0.431455
G1 X103 Y120.364 E.12254
G1 X105.375 Y117.794 F18000
;TYPE:Internal solid infill
;WIDTH:0.476736
G1 F6000
G1 X105.481 Y117.794 E.0037
G1 X106.059 Y117.389 F18000
;WIDTH:0.419999
G1 F6000
G1 X104.97 Y117.389 E.03315
G1 X104.97 Y118.2 E.02466
G1 X105.868 Y118.2 E.02731
G1 X106.04 Y117.446 E.02353
G1 X106.64 Y117.012 F18000
G1 F6000
G1 X104.592 Y117.012 E.06228
G1 X104.592 Y118.577 E.0476
G1 X106.224 Y118.577 E.04962
G1 X106.237 Y118.273 E.00923
G1 X106.387 Y117.591 E.02124
G1 X106.616 Y117.067 E.01742
G1 X107.337 Y116.635 F18000
G1 F6000
G1 X104.215 Y116.635 E.09494
G1 X104.215 Y118.954 E.07054
G1 X106.602 Y118.954 E.0726
G1 X106.6 Y118.396 E.01697
G1 X106.755 Y117.672 E.0225
G1 X107.061 Y117 E.02248
G1 X107.301 Y116.682 E.01209
G1 X108.462 Y116.353 F18000
;TYPE:Gap infill
;WIDTH:0.142829
G1 F6000
G1 X108.652 Y116.208 E.00193
;WIDTH:0.156688
G1 X108.779 Y116.122 E.0014
;WIDTH:0.182901
G1 X108.901 Y116.039 E.00167
G1 X109.065 Y116.062 F18000
;WIDTH:0.119086
G1 F6000
G2 X108.655 Y116.137 I1.185 J7.61 E.00256
G1 X111.345 Y116.137 F18000
;WIDTH:0.129802
G1 F6000
G2 X110.935 Y116.062 I-1.593 J7.524 E.00292
G1 X111.099 Y116.039 F18000
;WIDTH:0.170047
G1 F6000
G1 X111.221 Y116.122 E.00151
;WIDTH:0.157185
G1 X111.343 Y116.205 E.00136
;WIDTH:0.120411
G1 X111.538 Y116.353 E.00153
G1 X112.663 Y116.635 F18000
;TYPE:Internal solid infill
;WIDTH:0.419999
G1 F6000
G1 X112.939 Y117 E.01392
G1 X113.232 Y117.634 E.02124
G1 X113.395 Y118.354 E.02247
G1 X113.398 Y118.954 E.01823
G1 X115.785 Y118.954 E.0726
G1 X115.785 Y116.635 E.07054
G1 X112.723 Y116.635 E.09311
G1 X113.36 Y117.012 F18000
G1 F6000
G1 X113.574 Y117.475 E.01554
G3 X113.777 Y118.397 I-7.938 J2.227 E.02871
G1 X113.776 Y118.577 E.00547
G1 X115.408 Y118.577 E.04962
G1 X115.408 Y117.012 E.0476
G1 X113.42 Y117.012 E.06046
G1 X113.941 Y117.389 F18000
G1 F6000
G3 X114.141 Y118.2 I-84.118 J21.202 E.0254
G1 X115.03 Y118.2 E.02706
G1 X115.03 Y117.389 E.02466
G1 X114.001 Y117.389 E.03132
G1 X114.459 Y117.794 F18000
;WIDTH:0.476736
G1 F6000
G1 X114.565 Y117.794 E.0037
G1 X117 Y120.364 F18000
;TYPE:Gap infill
;WIDTH:0.431174
G1 F6000
G1 X117 Y124.143 E.11835
G3 X116.988 Y124.379 I-2.26 J.006 E.00741
;WIDTH:0.394221
G1 X116.974 Y124.486 E.00304
;WIDTH:0.380204
G1 X116.885 Y124.97 E.01339
G1 X117.05 Y115.225 F18000
;WIDTH:0.330912
G1 F6000
G1 X117.05 Y84.345 E.71728
G1 X117.009 Y83.557 E.01833
G1 X116.886 Y82.811 E.01755
G1 X116.678 Y82.061 E.01809
G1 X116.398 Y81.359 E.01755
G1 X116.041 Y80.684 E.01773
G1 X115.612 Y80.053 E.01773
G1 X115.123 Y79.477 E.01755
G1 X114.564 Y78.946 E.01791
G1 X113.956 Y78.484 E.01773
G1 X113.309 Y78.094 E.01755
G1 X112.609 Y77.77 E.01791
G1 X111.886 Y77.526 E.01773
G1 X111.148 Y77.364 E.01755
G1 X110.374 Y77.279 E.01809
G1 X109.618 Y77.28 E.01755
G1 X108.867 Y77.361 E.01755
G1 X108.107 Y77.529 E.01809
G1 X107.391 Y77.77 E.01755
G1 X106.698 Y78.09 E.01773
G1 X106.044 Y78.484 E.01773
G1 X105.442 Y78.941 E.01755
G1 X104.877 Y79.477 E.01809
G1 X104.388 Y80.053 E.01755
G1 X103.959 Y80.685 E.01773
G1 X103.599 Y81.366 E.01791
G1 X103.319 Y82.068 E.01755
G1 X103.115 Y82.804 E.01773
G1 X102.991 Y83.557 E.01773
G1 X102.95 Y84.345 E.01833
G1 X102.95 Y115.225 E.71728
; stop printing object LEG id:18398695746277035084 copy 0
;LAYER_CHANGE
;Z:15.24
;HEIGHT:0.2
G92 E0 ; zero the extruded length again
; BEFORE_LAYER_CHANGE 75 @ 15.24mm
G1 E-1.75 F6000
;WIPE_START
G1 X102.95 Y114.225 E-.75
;WIPE_END
; AFTER_LAYER_CHANGE 75 @ 15.24mm
;_SET_FAN_SPEED_CHANGING_LAYER
; printing object LEG id:18398695746277035084 copy 0
G1 X103.79 Y120.959 Z15.24 F18000
G1 E2.5 F6000
M204 P1000
;TYPE:Outer wall
;WIDTH:0.42
G1 F3600
G1 X103.79 Y125.945 E.15165
G3 X102.21 Y124.164 I.216 J-1.783 E.07918
G1 X102.21 Y84.325 E1.21164
G3 X110.636 Y76.564 I7.784 J-.003 E.3915
G1 X111.26 Y76.632 E.01911
G3 X117.79 Y84.325 I-1.289 J7.712 E.33357
G1 X117.79 Y124.164 E1.21164
G3 X116.21 Y125.945 I-1.818 J-.02 E.07897
G1 X116.21 Y120.959 E.15165
G1 X103.85 Y120.959 E.37591
G1 X103.398 Y120.567 F18000
M204 P1500
;TYPE:Inner wall
;WIDTH:0.45
G1 F6000
G1 X103.398 Y125.442 E.16005
G3 X102.602 Y124.153 I.646 J-1.289 E.05234
G1 X102.602 Y84.335 E1.30736
G3 X110.593 Y76.954 I7.397 J-.008 E.4013
G1 X111.197 Y77.02 E.01993
G3 X117.398 Y84.335 I-1.224 J7.323 E.34233
G1 X117.398 Y124.153 E1.30735
G3 X116.602 Y125.442 I-1.478 J-.023 E.0522
G1 X116.602 Y120.567 E.16005
G1 X110.81 Y120.567 E.19019
G1 X110.76 Y120.388 E.0061
G2 X108.833 Y120.118 I-.753 J-1.638 E.30436
G2 X109.244 Y120.377 I1.194 J-1.441 E.01599
G1 X109.2 Y120.567 E.0064
G1 X103.458 Y120.567 E.18854
G1 E-1.75
;WIPE_START
G1 X103.446 Y121.567 E-.75
;WIPE_END
G1 X103.69 Y114.629 F18000
G1 E2.5 F6000
M204 P1000
;TYPE:Outer wall
;WIDTH:0.42
G1 F3600
G1 X103.69 Y84.311 E.92209
G3 X109.658 Y78.018 I6.31 J.008 E.29082
G3 X116.31 Y84.311 I.325 J6.318 E.31136
G1 X116.31 Y114.629 E.92209
G1 X103.75 Y114.629 E.382
G1 X103.298 Y114.629 F18000
M204 P1500
;TYPE:Inner wall
;WIDTH:0.45
G1 F6000
G1 X103.298 Y84.3 E.9958
G3 X109.637 Y77.626 I6.702 J.018 E.33315
G3 X116.702 Y84.3 I.345 J6.711 E.3567
G1 X116.702 Y115.021 E1.00868
G1 X103.298 Y115.021 E.4401
G1 X103.298 Y114.689 E.0109
G1 E-1.75
;WIPE_START
G1 X103.298 Y113.689 E-.75
;WIPE_END
G1 X111.703 Y117.339 F18000
G1 E2.5 F6000
G1 X111.606 Y117.223 E.00495
G2 X108.093 Y119.86 I-1.601 J1.525 E.21112
G1 X108.29 Y120.16 E.01179
G1 X103.009 Y120.16 E.17339
G1 X103.009 Y115.428 E.15536
G1 X116.991 Y115.428 E.45907
G1 X116.991 Y120.16 E.15536
G1 X111.707 Y120.16 E.17348
G2 X111.762 Y117.405 I-1.702 J-1.412 E.09768
G1 X111.743 Y117.383 E.00094
G1 X112.013 Y117.075 F18000
G1 F6000
G1 X111.898 Y116.946 E.00567
G2 X107.587 Y119.753 I-1.898 J1.798 E.2386
G1 X103.416 Y119.753 E.13695
G1 X103.416 Y115.835 E.12863
G1 X116.584 Y115.835 E.43233
G1 X116.584 Y119.753 E.12863
G1 X112.413 Y119.753 E.13695
G2 X112.082 Y117.162 I-2.413 J-1.008 E.08981
G1 X112.05 Y117.122 E.00166
G1 X112.323 Y116.812 F18000
G1 F6000
G1 X112.193 Y116.666 E.00639
G2 X111.915 Y116.407 I-2.198 J2.082 E.01251
G1 X111.972 Y116.242 E.00572
G1 X116.177 Y116.242 E.13807
G1 X116.177 Y119.346 E.10189
G1 X112.963 Y119.346 E.1055
G2 X112.405 Y116.916 I-2.968 J-.597 E.08438
G1 X112.36 Y116.859 E.00238
G1 E-1.75
;WIPE_START
G1 X112.193 Y116.666 E-.19099
G1 X111.915 Y116.407 E-.2855
G1 X111.972 Y116.242 E-.13056
G1 X112.162 Y116.242 E-.14296
;WIPE_END
G1 X108.247 Y116.242 F18000
G1 E2.5 F6000
G1 X107.803 Y116.663 E.02008
G2 X107.037 Y119.346 I2.226 J2.087 E.09514
G1 X103.823 Y119.346 E.1055
G1 X103.823 Y116.242 E.10189
G1 X108.187 Y116.242 E.14328
G1 E-1.75
;WIPE_START
G1 X107.803 Y116.663 E-.42716
G1 X107.591 Y116.913 E-.24576
G1 X107.533 Y116.998 E-.07708
;WIPE_END
G1 X111.092 Y117.857 F18000
G1 E2.5 F6000
M204 P1000
;TYPE:Outer wall
;WIDTH:0.42
G1 F3600
G1 X111.122 Y117.891 E.00138
G3 X109.772 Y117.352 I-1.123 J.852 E.22287
G1 X109.924 Y117.336 E.00465
G3 X110.929 Y117.683 I.076 J1.407 E.03317
G1 X111.051 Y117.814 E.00543
G1 E-1.75 F6000
;WIPE_START
G1 F3600
G1 X111.122 Y117.891 E-.079
G1 X111.28 Y118.152 E-.2287
G1 X111.377 Y118.441 E-.22874
G1 X111.408 Y118.724 E-.21356
;WIPE_END
G1 X111.392 Y120.219 F18000
G1 E2.5 F6000
M204 P2000
;TYPE:Gap infill
;WIDTH:0.108828
G1 X111.321 Y120.302 E.00058
G3 X111.236 Y120.345 I-.083 J-.059 E.00053
G1 X110.591 Y120.513 F18000
;WIDTH:0.475976
G1 F6000
G3 X109.414 Y120.513 I-.591 J-4.047 E.04127
G1 X108.764 Y120.345 F18000
;WIDTH:0.113965
G1 F6000
G3 X108.589 Y120.2 I.052 J-.242 E.00136
G1 E-2.26485
;WIPE_START
G1 X108.69 Y120.32 E-.15726
G1 X108.764 Y120.345 E-.07789
;WIPE_END
G1 X103.115 Y124.97 F18000
G1 E2.5 F6000
;WIDTH:0.36015
G1 X103.026 Y124.486 E.0126
;WIDTH:0.405296
G3 X103.003 Y124.274 I2.01 J-.319 E.00623
;WIDTH:0.431455
G1 X103 Y120.364 E.12254
G1 X105.375 Y117.794 F18000
;TYPE:Internal solid infill
;WIDTH:0.476736
G1 F6000
G1 X105.481 Y117.794 E.0037
G1 X106.059 Y117.389 F18000
;WIDTH:0.419999
G1 F6000
G1 X104.97 Y117.389 E.03315
G1 X104.97 Y118.2 E.02466
G1 X105.868 Y118.2 E.02731
G1 X106.04 Y117.446 E.02353
G1 X106.64 Y117.012 F18000
G1 F6000
G1 X104.592 Y117.012 E.06228
G1 X104.592 Y118.577 E.0476
G1 X106.224 Y118.577 E.04962
G1 X106.237 Y118.273 E.00923
G1 X106.387 Y117.591 E.02124
G1 X106.616 Y117.067 E.01742
G1 X107.337 Y116.635 F18000
G1 F6000
G1 X104.215 Y116.635 E.09494
G1 X104.215 Y118.954 E.07054
G1 X106.602 Y118.954 E.0726
G1 X106.6 Y118.396 E.01697
G1 X106.755 Y117.672 E.0225
G1 X107.061 Y117 E.02248
G1 X107.301 Y116.682 E.01209
G1 X108.462 Y116.353 F18000
;TYPE:Gap infill
;WIDTH:0.142821
G1 F6000
G1 X108.652 Y116.208 E.00193
;WIDTH:0.15668
G1 X108.779 Y116.122 E.0014
;WIDTH:0.182893
G1 X108.901 Y116.039 E.00167
G1 X109.065 Y116.062 F18000
;WIDTH:0.119086
G1 F6000
G2 X108.655 Y116.137 I1.184 J7.61 E.00256
G1 X111.765 Y116.217 F18000
;WIDTH:0.130079
G1 F6000
G2 X110.935 Y116.062 I-3.271 J15.122 E.00594
G1 X110.938 Y116.043 F18000
;WIDTH:0.27091
G1 F6000
G1 X111.755 Y116.246 E.01548
G1 X112.663 Y116.635 F18000
;TYPE:Internal solid infill
;WIDTH:0.419999
G1 F6000
G1 X112.939 Y117 E.01392
G1 X113.232 Y117.634 E.02124
G1 X113.395 Y118.354 E.02247
G1 X113.398 Y118.954 E.01823
G1 X115.785 Y118.954 E.0726
G1 X115.785 Y116.635 E.07054
G1 X112.723 Y116.635 E.09311
G1 X113.36 Y117.012 F18000
G1 F6000
G1 X113.574 Y117.475 E.01554
G3 X113.777 Y118.397 I-7.938 J2.227 E.02871
G1 X113.776 Y118.577 E.00547
G1 X115.408 Y118.577 E.04962
G1 X115.408 Y117.012 E.0476
G1 X113.42 Y117.012 E.06046
G1 X113.941 Y117.389 F18000
G1 F6000
G3 X114.141 Y118.2 I-84.611 J21.324 E.0254
G1 X115.03 Y118.2 E.02706
G1 X115.03 Y117.389 E.02466
G1 X114.001 Y117.389 E.03132
G1 X114.459 Y117.794 F18000
;WIDTH:0.476736
G1 F6000
G1 X114.565 Y117.794 E.0037
G1 X117 Y120.364 F18000
;TYPE:Gap infill
;WIDTH:0.431174
G1 F6000
G1 X117 Y124.143 E.11835
G3 X116.988 Y124.379 I-2.261 J.006 E.00741
;WIDTH:0.394221
G1 X116.974 Y124.486 E.00304
;WIDTH:0.380203
G1 X116.885 Y124.97 E.01339
G1 X117.05 Y115.225 F18000
;WIDTH:0.330912
G1 F6000
G1 X117.05 Y84.345 E.71728
G1 X117.009 Y83.557 E.01833
G1 X116.886 Y82.811 E.01755
G1 X116.678 Y82.061 E.01809
G1 X116.398 Y81.359 E.01755
G1 X116.041 Y80.685 E.01773
G1 X115.607 Y80.047 E.01791
G1 X115.118 Y79.471 E.01755
G1 X114.564 Y78.946 E.01773
G1 X113.956 Y78.484 E.01773
G1 X113.309 Y78.094 E.01755
G1 X112.609 Y77.77 E.01791
G1 X111.886 Y77.526 E.01773
G1 X111.148 Y77.364 E.01755
G1 X110.374 Y77.279 E.01809
G1 X109.618 Y77.28 E.01755
G1 X108.867 Y77.361 E.01755
G1 X108.107 Y77.529 E.01809
G1 X107.391 Y77.77 E.01755
G1 X106.698 Y78.09 E.01773
G1 X106.044 Y78.484 E.01773
G1 X105.442 Y78.941 E.01755
G1 X104.877 Y79.477 E.01809
G1 X104.388 Y80.053 E.01755
G1 X103.959 Y80.685 E.01773
G1 X103.599 Y81.366 E.01791
G1 X103.319 Y82.068 E.01755
G1 X103.115 Y82.804 E.01773
G1 X102.991 Y83.557 E.01773
G1 X102.95 Y84.345 E.01833
G1 X102.95 Y115.225 E.71728
; stop printing object LEG id:18398695746277035084 copy 0
;LAYER_CHANGE
;Z:15.44
;HEIGHT:0.2
G92 E0 ; zero the extruded length again
; BEFORE_LAYER_CHANGE 76 @ 15.44mm
G1 E-1.75 F6000
;WIPE_START
G1 X102.95 Y114.225 E-.75
;WIPE_END
; AFTER_LAYER_CHANGE 76 @ 15.44mm
;_SET_FAN_SPEED_CHANGING_LAYER
; printing object LEG id:18398695746277035084 copy 0
G1 X103.79 Y120.959 Z15.44 F18000
G1 E2.5 F6000
M204 P1000
;TYPE:Outer wall
;WIDTH:0.42
G1 F3600
G1 X103.79 Y125.945 E.15165
G3 X102.21 Y124.164 I.216 J-1.783 E.07918
G1 X102.21 Y84.325 E1.21164
G3 X110.627 Y76.563 I7.784 J-.003 E.39125
G1 X111.26 Y76.632 E.01937
G3 X117.79 Y84.325 I-1.297 J7.719 E.3335
G1 X117.79 Y124.164 E1.21164
G3 X116.21 Y125.945 I-1.818 J-.02 E.07897
G1 X116.21 Y120.959 E.15165
G1 X103.85 Y120.959 E.37591
G1 X103.398 Y120.567 F18000
M204 P1500
;TYPE:Inner wall
;WIDTH:0.45
G1 F6000
G1 X103.398 Y125.442 E.16005
G3 X102.602 Y124.153 I.646 J-1.289 E.05234
G1 X102.602 Y84.335 E1.30736
G3 X110.585 Y76.953 I7.397 J-.008 E.40102
G1 X111.197 Y77.02 E.02021
G3 X117.398 Y84.335 I-1.233 J7.331 E.34224
G1 X117.398 Y124.153 E1.30735
G3 X116.602 Y125.442 I-1.478 J-.023 E.0522
G1 X116.602 Y120.567 E.16005
G1 X110.81 Y120.567 E.19019
G1 X110.76 Y120.388 E.0061
G2 X108.833 Y120.118 I-.753 J-1.638 E.30439
G2 X109.243 Y120.377 I1.196 J-1.443 E.01598
G1 X109.2 Y120.567 E.0064
G1 X103.458 Y120.567 E.18853
G1 E-1.75
;WIPE_START
G1 X103.446 Y121.567 E-.75
;WIPE_END
G1 X103.69 Y114.629 F18000
G1 E2.5 F6000
M204 P1000
;TYPE:Outer wall
;WIDTH:0.42
G1 F3600
G1 X103.69 Y84.311 E.92209
G3 X109.658 Y78.018 I6.31 J.008 E.29082
G3 X116.31 Y84.311 I.321 J6.322 E.31131
G1 X116.31 Y114.629 E.92209
G1 X103.75 Y114.629 E.382
G1 X103.298 Y114.629 F18000
M204 P1500
;TYPE:Inner wall
;WIDTH:0.45
G1 F6000
G1 X103.298 Y84.3 E.9958
G3 X109.637 Y77.626 I6.702 J.018 E.33315
G3 X116.702 Y84.3 I.342 J6.715 E.35665
G1 X116.702 Y115.021 E1.00868
G1 X103.298 Y115.021 E.4401
G1 X103.298 Y114.689 E.0109
G1 E-1.75
;WIPE_START
G1 X103.298 Y113.689 E-.75
;WIPE_END
G1 X111.704 Y117.34 F18000
G1 E2.5 F6000
G1 X111.606 Y117.223 E.00503
G2 X108.094 Y119.862 I-1.601 J1.525 E.21115
G1 X108.29 Y120.16 E.01173
G1 X103.009 Y120.16 E.17339
G1 X103.009 Y115.428 E.15536
G1 X116.991 Y115.428 E.45907
G1 X116.991 Y120.16 E.15536
G1 X111.707 Y120.16 E.17348
G2 X111.762 Y117.405 I-1.702 J-1.412 E.09767
G1 X111.744 Y117.385 E.00087
G1 X112.014 Y117.077 F18000
G1 F6000
G1 X111.898 Y116.946 E.00574
G2 X107.587 Y119.753 I-1.898 J1.798 E.2386
G1 X103.416 Y119.753 E.13695
G1 X103.416 Y115.835 E.12863
G1 X116.584 Y115.835 E.43233
G1 X116.584 Y119.753 E.12863
G1 X112.413 Y119.753 E.13695
G2 X112.082 Y117.162 I-2.413 J-1.008 E.08981
G1 X112.052 Y117.124 E.00159
G1 X112.325 Y116.813 F18000
G1 F6000
G1 X112.197 Y116.663 E.00647
G1 X111.753 Y116.242 E.02008
G1 X116.177 Y116.242 E.14525
G1 X116.177 Y119.346 E.10189
G1 X112.963 Y119.346 E.1055
G2 X112.408 Y116.914 I-2.992 J-.596 E.08438
G1 X112.363 Y116.86 E.00231
G1 E-1.75
;WIPE_START
G1 X112.197 Y116.663 E-.19287
G1 X111.753 Y116.242 E-.45871
G1 X111.884 Y116.242 E-.09842
;WIPE_END
G1 X108.247 Y116.242 F18000
G1 E2.5 F6000
G1 X107.803 Y116.663 E.02008
G2 X107.037 Y119.346 I2.226 J2.087 E.09514
G1 X103.823 Y119.346 E.1055
G1 X103.823 Y116.242 E.10189
G1 X108.187 Y116.242 E.14328
G1 E-1.75
;WIPE_START
G1 X107.803 Y116.663 E-.42716
G1 X107.591 Y116.913 E-.24575
G1 X107.533 Y116.998 E-.07708
;WIPE_END
G1 X111.09 Y117.862 F18000
G1 E2.5 F6000
M204 P1000
;TYPE:Outer wall
;WIDTH:0.42
G1 F3600
G1 X111.208 Y118.017 E.00593
G3 X109.772 Y117.352 I-1.208 J.726 E.21822
G1 X109.924 Y117.336 E.00465
G3 X111.024 Y117.775 I.076 J1.407 E.03717
G1 X111.054 Y117.814 E.00151
G1 E-1.75 F6000
;WIPE_START
G1 F3600
G1 X111.208 Y118.017 E-.19133
G1 X111.28 Y118.152 E-.11452
G1 X111.377 Y118.441 E-.22874
G1 X111.409 Y118.726 E-.21541
;WIPE_END
G1 X111.392 Y120.219 F18000
G1 E2.5 F6000
M204 P2000
;TYPE:Gap infill
;WIDTH:0.108826
G1 X111.321 Y120.302 E.00058
G3 X111.236 Y120.345 I-.083 J-.059 E.00053
G1 X110.591 Y120.513 F18000
;WIDTH:0.475977
G1 F6000
G3 X109.413 Y120.513 I-.591 J-4.047 E.04128
G1 X108.764 Y120.345 F18000
;WIDTH:0.113688
G1 F6000
G3 X108.59 Y120.202 I.052 J-.241 E.00134
G1 E-2.26649
;WIPE_START
G1 X108.691 Y120.32 E-.15613
G1 X108.764 Y120.345 E-.07738
;WIPE_END
G1 X103.115 Y124.97 F18000
G1 E2.5 F6000
;WIDTH:0.360153
G1 X103.026 Y124.486 E.0126
;WIDTH:0.4053
G3 X103.003 Y124.274 I2.01 J-.319 E.00623
;WIDTH:0.431455
G1 X103 Y120.364 E.12254
G1 X105.375 Y117.794 F18000
;TYPE:Internal solid infill
;WIDTH:0.476736
G1 F6000
G1 X105.481 Y117.794 E.0037
G1 X106.059 Y117.389 F18000
;WIDTH:0.419999
G1 F6000
G1 X104.97 Y117.389 E.03315
G1 X104.97 Y118.2 E.02466
G1 X105.868 Y118.2 E.02731
G1 X106.04 Y117.446 E.02353
G1 X106.64 Y117.012 F18000
G1 F6000
G1 X104.592 Y117.012 E.06228
G1 X104.592 Y118.577 E.0476
G1 X106.224 Y118.577 E.04962
G1 X106.237 Y118.273 E.00923
G1 X106.387 Y117.591 E.02124
G1 X106.616 Y117.067 E.01742
G1 X107.337 Y116.635 F18000
G1 F6000
G1 X104.215 Y116.635 E.09494
G1 X104.215 Y118.954 E.07054
G1 X106.602 Y118.954 E.0726
G1 X106.6 Y118.396 E.01698
G1 X106.755 Y117.672 E.0225
G1 X107.061 Y117 E.02248
G1 X107.301 Y116.682 E.01209
G1 X108.462 Y116.353 F18000
;TYPE:Gap infill
;WIDTH:0.142831
G1 F6000
G1 X108.652 Y116.208 E.00193
;WIDTH:0.156688
G1 X108.779 Y116.122 E.0014
;WIDTH:0.182901
G1 X108.901 Y116.039 E.00167
G1 X109.065 Y116.062 F18000
;WIDTH:0.119084
G1 F6000
G2 X108.655 Y116.137 I1.183 J7.601 E.00256
G1 X111.345 Y116.137 F18000
;WIDTH:0.129806
G1 F6000
G2 X110.935 Y116.062 I-1.587 J7.488 E.00292
G1 X111.099 Y116.039 F18000
;WIDTH:0.17004
G1 F6000
G1 X111.221 Y116.122 E.00151
;WIDTH:0.157177
G1 X111.343 Y116.205 E.00136
;WIDTH:0.120407
G1 X111.538 Y116.353 E.00153
G1 X112.663 Y116.635 F18000
;TYPE:Internal solid infill
;WIDTH:0.419999
G1 F6000
G1 X112.939 Y117 E.01392
G1 X113.232 Y117.634 E.02124
G1 X113.395 Y118.354 E.02247
G1 X113.398 Y118.954 E.01823
G1 X115.785 Y118.954 E.0726
G1 X115.785 Y116.635 E.07054
G1 X112.723 Y116.635 E.09311
G1 X113.36 Y117.012 F18000
G1 F6000
G1 X113.574 Y117.475 E.01554
G3 X113.777 Y118.397 I-7.939 J2.227 E.02871
G1 X113.776 Y118.577 E.00547
G1 X115.408 Y118.577 E.04962
G1 X115.408 Y117.012 E.0476
G1 X113.42 Y117.012 E.06046
G1 X113.941 Y117.389 F18000
G1 F6000
G3 X114.141 Y118.2 I-84.821 J21.377 E.0254
G1 X115.03 Y118.2 E.02706
G1 X115.03 Y117.389 E.02466
G1 X114.001 Y117.389 E.03132
G1 X114.459 Y117.794 F18000
;WIDTH:0.476736
G1 F6000
G1 X114.565 Y117.794 E.0037
G1 X117 Y120.364 F18000
;TYPE:Gap infill
;WIDTH:0.431174
G1 F6000
G1 X117 Y124.143 E.11835
G3 X116.988 Y124.379 I-2.261 J.006 E.00741
;WIDTH:0.394223
G1 X116.974 Y124.486 E.00304
;WIDTH:0.380207
G1 X116.885 Y124.97 E.0134
G1 X117.05 Y115.225 F18000
;WIDTH:0.330912
G1 F6000
G1 X117.05 Y84.345 E.71728
G1 X117.009 Y83.557 E.01833
G1 X116.886 Y82.811 E.01755
G1 X116.678 Y82.061 E.01809
G1 X116.398 Y81.359 E.01755
G1 X116.041 Y80.685 E.01773
G1 X115.612 Y80.053 E.01773
G1 X115.123 Y79.477 E.01755
G1 X114.564 Y78.946 E.01791
G1 X113.956 Y78.484 E.01773
G1 X113.309 Y78.094 E.01755
G1 X112.609 Y77.77 E.01791
G1 X111.886 Y77.526 E.01773
G1 X111.148 Y77.364 E.01755
G1 X110.374 Y77.279 E.01809
G1 X109.618 Y77.28 E.01755
G1 X108.867 Y77.361 E.01755
G1 X108.107 Y77.529 E.01809
G1 X107.391 Y77.77 E.01755
G1 X106.698 Y78.09 E.01773
G1 X106.044 Y78.484 E.01773
G1 X105.442 Y78.941 E.01755
G1 X104.877 Y79.477 E.01809
G1 X104.388 Y80.053 E.01755
G1 X103.959 Y80.685 E.01773
G1 X103.599 Y81.366 E.01791
G1 X103.319 Y82.068 E.01755
G1 X103.115 Y82.804 E.01773
G1 X102.991 Y83.557 E.01773
G1 X102.95 Y84.345 E.01833
G1 X102.95 Y115.225 E.71728
; stop printing object LEG id:18398695746277035084 copy 0
;LAYER_CHANGE
;Z:15.64
;HEIGHT:0.200001
G92 E0 ; zero the extruded length again
; BEFORE_LAYER_CHANGE 77 @ 15.64mm
G1 E-1.75 F6000
;WIPE_START
G1 X102.95 Y114.225 E-.75
;WIPE_END
; AFTER_LAYER_CHANGE 77 @ 15.64mm
;_SET_FAN_SPEED_CHANGING_LAYER
; printing object LEG id:18398695746277035084 copy 0
G1 X103.79 Y120.959 Z15.64 F18000
G1 E2.5 F6000
M204 P1000
;TYPE:Outer wall
;WIDTH:0.42
G1 F3600
G1 X103.79 Y125.945 E.15165
G3 X102.21 Y124.164 I.216 J-1.783 E.07918
G1 X102.21 Y84.325 E1.21164
G3 X110.619 Y76.562 I7.784 J-.003 E.391
G1 X111.26 Y76.632 E.01962
G3 X117.79 Y84.325 I-1.297 J7.719 E.3335
G1 X117.79 Y124.164 E1.21164
G3 X116.21 Y125.945 I-1.818 J-.02 E.07897
G1 X116.21 Y120.959 E.15165
G1 X103.85 Y120.959 E.37591
G1 X103.398 Y120.567 F18000
M204 P1500
;TYPE:Inner wall
;WIDTH:0.45
G1 F6000
G1 X103.398 Y125.442 E.16005
G3 X102.602 Y124.153 I.646 J-1.289 E.05234
G1 X102.602 Y84.335 E1.30736
G3 X110.576 Y76.952 I7.398 J-.008 E.40075
G1 X111.197 Y77.02 E.02049
G3 X117.398 Y84.335 I-1.233 J7.331 E.34224
G1 X117.398 Y124.153 E1.30735
G3 X116.602 Y125.442 I-1.478 J-.023 E.0522
G1 X116.602 Y120.567 E.16005
G1 X110.81 Y120.567 E.19019
G1 X110.76 Y120.388 E.0061
G2 X108.833 Y120.118 I-.753 J-1.638 E.30439
G2 X109.243 Y120.377 I1.198 J-1.446 E.01596
G1 X109.2 Y120.567 E.0064
G1 X103.458 Y120.567 E.18852
G1 E-1.75
;WIPE_START
G1 X103.446 Y121.567 E-.75
;WIPE_END
G1 X103.69 Y114.629 F18000
G1 E2.5 F6000
M204 P1000
;TYPE:Outer wall
;WIDTH:0.42
G1 F3600
G1 X103.69 Y84.311 E.92209
G3 X109.658 Y78.018 I6.31 J.008 E.29082
G3 X116.31 Y84.311 I.326 J6.317 E.31137
G1 X116.31 Y114.629 E.92209
G1 X103.75 Y114.629 E.382
G1 X103.298 Y114.629 F18000
M204 P1500
;TYPE:Inner wall
;WIDTH:0.45
G1 F6000
G1 X103.298 Y84.3 E.9958
G3 X109.637 Y77.626 I6.702 J.018 E.33315
G3 X116.702 Y84.3 I.346 J6.71 E.35672
G1 X116.702 Y115.021 E1.00868
G1 X103.298 Y115.021 E.4401
G1 X103.298 Y114.689 E.0109
G1 E-1.75
;WIPE_START
G1 X103.298 Y113.689 E-.75
;WIPE_END
G1 X111.699 Y117.335 F18000
G1 E2.5 F6000
G1 X111.606 Y117.223 E.00479
G2 X108.095 Y119.863 I-1.602 J1.525 E.21125
G1 X108.29 Y120.16 E.01167
G1 X103.009 Y120.16 E.1734
G1 X103.009 Y115.428 E.15536
G1 X116.991 Y115.428 E.45907
G1 X116.991 Y120.16 E.15536
G1 X111.707 Y120.16 E.17348
G2 X111.762 Y117.405 I-1.702 J-1.412 E.09768
G1 X111.739 Y117.38 E.00111
G1 X112.01 Y117.071 F18000
G1 F6000
G1 X111.898 Y116.946 E.0055
G2 X107.587 Y119.753 I-1.898 J1.798 E.2386
G1 X103.416 Y119.753 E.13695
G1 X103.416 Y115.835 E.12863
G1 X116.584 Y115.835 E.43233
G1 X116.584 Y119.753 E.12863
G1 X112.413 Y119.753 E.13695
G2 X112.082 Y117.162 I-2.413 J-1.008 E.0898
G1 X112.047 Y117.118 E.00183
G1 X112.32 Y116.808 F18000
G1 F6000
G1 X112.197 Y116.663 E.00623
G1 X111.753 Y116.243 E.02007
G1 X116.177 Y116.242 E.14524
G1 X116.177 Y119.346 E.10189
G1 X112.963 Y119.346 E.1055
G2 X112.408 Y116.914 I-2.992 J-.596 E.08438
G1 X112.358 Y116.854 E.00255
G1 E-1.75
;WIPE_START
G1 X112.197 Y116.663 E-.18741
G1 X111.753 Y116.243 E-.45839
G1 X111.892 Y116.243 E-.1042
;WIPE_END
G1 X108.247 Y116.242 F18000
G1 E2.5 F6000
G1 X107.803 Y116.663 E.02008
G2 X107.037 Y119.346 I2.226 J2.087 E.09514
G1 X103.823 Y119.346 E.1055
G1 X103.823 Y116.242 E.10189
G1 X108.187 Y116.242 E.14328
G1 E-1.75
;WIPE_START
G1 X107.803 Y116.663 E-.42717
G1 X107.591 Y116.913 E-.24574
G1 X107.533 Y116.998 E-.07708
;WIPE_END
G1 X111.086 Y117.856 F18000
G1 E2.5 F6000
M204 P1000
;TYPE:Outer wall
;WIDTH:0.42
G1 F3600
G1 X111.208 Y118.017 E.00616
G3 X109.772 Y117.352 I-1.208 J.726 E.21822
G1 X109.924 Y117.336 E.00465
G3 X111.024 Y117.775 I.076 J1.407 E.03717
G1 X111.049 Y117.808 E.00129
G1 E-1.75 F6000
;WIPE_START
G1 F3600
G1 X111.208 Y118.017 E-.19679
G1 X111.28 Y118.152 E-.11452
G1 X111.377 Y118.441 E-.22874
G1 X111.408 Y118.719 E-.20995
;WIPE_END
G1 X111.392 Y120.219 F18000
G1 E2.5 F6000
M204 P2000
;TYPE:Gap infill
;WIDTH:0.108825
G1 X111.321 Y120.302 E.00058
G3 X111.236 Y120.345 I-.083 J-.059 E.00053
G1 X110.591 Y120.513 F18000
;WIDTH:0.47598
G1 F6000
G3 X109.413 Y120.513 I-.591 J-4.048 E.0413
G1 X108.764 Y120.345 F18000
;WIDTH:0.113409
G1 F6000
G3 X108.591 Y120.203 I.052 J-.24 E.00133
G1 E-2.26815
;WIPE_START
G1 X108.691 Y120.321 E-.15499
G1 X108.764 Y120.345 E-.07686
;WIPE_END
G1 X103.115 Y124.97 F18000
G1 E2.5 F6000
;WIDTH:0.360149
G1 X103.026 Y124.486 E.0126
;WIDTH:0.405299
G3 X103.003 Y124.274 I2.009 J-.319 E.00623
;WIDTH:0.431455
G1 X103 Y120.364 E.12254
G1 X105.375 Y117.794 F18000
;TYPE:Internal solid infill
;WIDTH:0.476736
G1 F6000
G1 X105.481 Y117.794 E.0037
G1 X106.059 Y117.389 F18000
;WIDTH:0.419999
G1 F6000
G1 X104.97 Y117.389 E.03315
G1 X104.97 Y118.2 E.02466
G1 X105.868 Y118.2 E.02731
G1 X106.04 Y117.446 E.02353
G1 X106.64 Y117.012 F18000
G1 F6000
G1 X104.592 Y117.012 E.06228
G1 X104.592 Y118.577 E.0476
G1 X106.224 Y118.577 E.04962
G1 X106.237 Y118.273 E.00923
G1 X106.387 Y117.591 E.02124
G1 X106.616 Y117.067 E.01742
G1 X107.337 Y116.635 F18000
G1 F6000
G1 X104.215 Y116.635 E.09494
G1 X104.215 Y118.954 E.07054
G1 X106.602 Y118.954 E.0726
G1 X106.6 Y118.396 E.01697
G1 X106.755 Y117.672 E.0225
G1 X107.061 Y117 E.02248
G1 X107.301 Y116.682 E.01209
G1 X108.462 Y116.353 F18000
;TYPE:Gap infill
;WIDTH:0.142831
G1 F6000
G1 X108.652 Y116.208 E.00193
;WIDTH:0.156688
G1 X108.779 Y116.122 E.0014
;WIDTH:0.182902
G1 X108.901 Y116.039 E.00167
G1 X109.065 Y116.062 F18000
;WIDTH:0.119088
G1 F6000
G2 X108.655 Y116.137 I1.186 J7.622 E.00256
G1 X111.345 Y116.137 F18000
;WIDTH:0.129797
G1 F6000
G2 X110.935 Y116.062 I-1.585 J7.476 E.00292
G1 X111.099 Y116.039 F18000
;WIDTH:0.170031
G1 F6000
G1 X111.221 Y116.122 E.00151
;WIDTH:0.157169
G1 X111.343 Y116.205 E.00136
;WIDTH:0.120403
G1 X111.538 Y116.353 E.00153
G1 X112.663 Y116.635 F18000
;TYPE:Internal solid infill
;WIDTH:0.419999
G1 F6000
G1 X112.939 Y117 E.01391
G1 X113.232 Y117.634 E.02124
G1 X113.395 Y118.354 E.02247
G1 X113.398 Y118.954 E.01823
G1 X115.785 Y118.954 E.0726
G1 X115.785 Y116.635 E.07054
G1 X112.723 Y116.635 E.09311
G1 X113.36 Y117.012 F18000
G1 F6000
G1 X113.574 Y117.475 E.01553
G3 X113.777 Y118.397 I-7.939 J2.227 E.02871
G1 X113.776 Y118.577 E.00547
G1 X115.408 Y118.577 E.04962
G1 X115.408 Y117.012 E.0476
G1 X113.42 Y117.012 E.06045
G1 X113.941 Y117.389 F18000
G1 F6000
G3 X114.141 Y118.2 I-85.084 J21.44 E.0254
G1 X115.03 Y118.2 E.02706
G1 X115.03 Y117.389 E.02466
G1 X114.001 Y117.389 E.03132
G1 X114.459 Y117.794 F18000
;WIDTH:0.476624
G1 F6000
G1 X114.565 Y117.794 E.0037
G1 X117 Y120.364 F18000
;TYPE:Gap infill
;WIDTH:0.431174
G1 F6000
G1 X117 Y124.143 E.11835
G3 X116.988 Y124.379 I-2.261 J.006 E.00741
;WIDTH:0.394221
G1 X116.974 Y124.486 E.00304
;WIDTH:0.380203
G1 X116.885 Y124.97 E.01339
G1 X117.05 Y115.225 F18000
;WIDTH:0.330912
G1 F6000
G1 X117.05 Y84.345 E.71728
G1 X117.009 Y83.557 E.01833
G1 X116.886 Y82.811 E.01755
G1 X116.678 Y82.061 E.01809
G1 X116.398 Y81.359 E.01755
G1 X116.041 Y80.685 E.01773
G1 X115.612 Y80.053 E.01773
G1 X115.123 Y79.477 E.01755
G1 X114.564 Y78.946 E.01791
G1 X113.956 Y78.484 E.01773
G1 X113.309 Y78.094 E.01755
G1 X112.609 Y77.77 E.01791
G1 X111.886 Y77.526 E.01773
G1 X111.148 Y77.364 E.01755
G1 X110.374 Y77.279 E.01809
G1 X109.618 Y77.28 E.01755
G1 X108.867 Y77.361 E.01755
G1 X108.107 Y77.529 E.01809
G1 X107.391 Y77.77 E.01755
G1 X106.698 Y78.09 E.01773
G1 X106.044 Y78.484 E.01773
G1 X105.442 Y78.941 E.01755
G1 X104.877 Y79.477 E.01809
G1 X104.388 Y80.053 E.01755
G1 X103.959 Y80.685 E.01773
G1 X103.599 Y81.366 E.01791
G1 X103.319 Y82.068 E.01755
G1 X103.115 Y82.804 E.01773
G1 X102.991 Y83.557 E.01773
G1 X102.95 Y84.345 E.01833
G1 X102.95 Y115.225 E.71728
; stop printing object LEG id:18398695746277035084 copy 0
;LAYER_CHANGE
;Z:15.84
;HEIGHT:0.2
G92 E0 ; zero the extruded length again
; BEFORE_LAYER_CHANGE 78 @ 15.84mm
G1 E-1.75 F6000
;WIPE_START
G1 X102.95 Y114.225 E-.75
;WIPE_END
; AFTER_LAYER_CHANGE 78 @ 15.84mm
;_SET_FAN_SPEED_CHANGING_LAYER
; printing object LEG id:18398695746277035084 copy 0
G1 X103.79 Y120.959 Z15.84 F18000
G1 E2.5 F6000
M204 P1000
;TYPE:Outer wall
;WIDTH:0.42
G1 F3600
G1 X103.79 Y125.945 E.15165
G3 X102.21 Y124.164 I.238 J-1.802 E.07897
G1 X102.21 Y84.325 E1.21164
G3 X110.61 Y76.561 I7.785 J-.003 E.39074
G1 X111.26 Y76.632 E.01988
G3 X117.79 Y84.325 I-1.297 J7.719 E.3335
G1 X117.79 Y124.164 E1.21164
G3 X116.21 Y125.945 I-1.818 J-.02 E.07897
G1 X116.21 Y120.959 E.15165
G1 X103.85 Y120.959 E.37591
G1 X103.398 Y120.567 F18000
M204 P1500
;TYPE:Inner wall
;WIDTH:0.45
G1 F6000
G1 X103.398 Y125.442 E.16005
G3 X102.602 Y124.153 I.682 J-1.311 E.0522
G1 X102.602 Y84.335 E1.30736
G3 X110.568 Y76.951 I7.398 J-.008 E.40048
G1 X111.197 Y77.02 E.02077
G3 X117.398 Y84.335 I-1.233 J7.331 E.34224
G1 X117.398 Y124.153 E1.30735
G3 X116.602 Y125.442 I-1.478 J-.023 E.0522
G1 X116.602 Y120.567 E.16005
G1 X110.81 Y120.567 E.19019
G1 X110.76 Y120.388 E.0061
G2 X108.833 Y120.118 I-.753 J-1.638 E.30439
G2 X109.24 Y120.388 I1.444 J-1.738 E.01607
G1 X109.19 Y120.567 E.0061
G1 X103.458 Y120.567 E.18822
G1 E-1.75
;WIPE_START
G1 X103.446 Y121.567 E-.75
;WIPE_END
G1 X103.69 Y114.629 F18000
G1 E2.5 F6000
M204 P1000
;TYPE:Outer wall
;WIDTH:0.42
G1 F3600
G1 X103.69 Y84.311 E.92209
G3 X109.658 Y78.018 I6.31 J.008 E.29082
G3 X116.31 Y84.311 I.326 J6.317 E.31138
G1 X116.31 Y114.629 E.92209
G1 X103.75 Y114.629 E.382
G1 X103.298 Y114.629 F18000
M204 P1500
;TYPE:Inner wall
;WIDTH:0.45
G1 F6000
G1 X103.298 Y84.3 E.9958
G3 X109.637 Y77.626 I6.702 J.018 E.33315
G3 X116.702 Y84.3 I.346 J6.71 E.35672
G1 X116.702 Y115.021 E1.00868
G1 X103.298 Y115.021 E.4401
G1 X103.298 Y114.689 E.0109
G1 E-1.75
;WIPE_START
G1 X103.298 Y113.689 E-.75
;WIPE_END
G1 X111.689 Y117.322 F18000
G1 E2.5 F6000
G1 X111.606 Y117.223 E.00425
G2 X108.096 Y119.865 I-1.602 J1.525 E.21131
G1 X108.291 Y120.16 E.01162
G1 X103.009 Y120.16 E.1734
G1 X103.009 Y115.428 E.15536
G1 X116.991 Y115.428 E.45907
G1 X116.991 Y120.16 E.15536
G1 X111.707 Y120.16 E.17348
G2 X111.762 Y117.405 I-1.702 J-1.412 E.09768
G1 X111.728 Y117.367 E.00165
G1 X111.999 Y117.059 F18000
G1 F6000
G1 X111.898 Y116.946 E.00496
G2 X107.587 Y119.753 I-1.898 J1.798 E.2386
G1 X103.416 Y119.753 E.13695
G1 X103.416 Y115.835 E.12863
G1 X116.584 Y115.835 E.43233
G1 X116.584 Y119.753 E.12863
G1 X112.413 Y119.753 E.13695
G2 X112.082 Y117.162 I-2.413 J-1.008 E.08981
G1 X112.036 Y117.106 E.00237
G1 X112.309 Y116.795 F18000
G1 F6000
G1 X112.197 Y116.663 E.00569
G1 X111.753 Y116.242 E.02008
G1 X116.177 Y116.242 E.14525
G1 X116.177 Y119.346 E.10189
G1 X112.963 Y119.346 E.1055
G2 X112.408 Y116.914 I-2.992 J-.596 E.08438
G1 X112.348 Y116.841 E.0031
G1 E-1.75
;WIPE_START
G1 X112.197 Y116.663 E-.175
G1 X111.753 Y116.242 E-.4587
G1 X111.908 Y116.242 E-.1163
;WIPE_END
G1 X108.247 Y116.242 F18000
G1 E2.5 F6000
G1 X107.803 Y116.663 E.02008
G2 X107.037 Y119.346 I2.226 J2.087 E.09514
G1 X103.823 Y119.346 E.1055
G1 X103.823 Y116.242 E.10189
G1 X108.187 Y116.242 E.14328
G1 E-1.75
;WIPE_START
G1 X107.803 Y116.663 E-.42716
G1 X107.591 Y116.913 E-.24575
G1 X107.533 Y116.998 E-.07709
;WIPE_END
G1 X111.077 Y117.842 F18000
G1 E2.5 F6000
M204 P1000
;TYPE:Outer wall
;WIDTH:0.42
G1 F3600
G1 X111.122 Y117.891 E.00204
G3 X109.772 Y117.352 I-1.123 J.852 E.22287
G1 X109.924 Y117.336 E.00465
G3 X110.926 Y117.68 I.076 J1.407 E.03304
G1 X111.036 Y117.798 E.0049
G1 E-1.75 F6000
;WIPE_START
G1 F3600
G1 X111.122 Y117.891 E-.09522
G1 X111.28 Y118.152 E-.2287
G1 X111.377 Y118.441 E-.22873
G1 X111.406 Y118.703 E-.19735
;WIPE_END
G1 X111.392 Y120.219 F18000
G1 E2.5 F6000
M204 P2000
;TYPE:Gap infill
;WIDTH:0.108825
G1 X111.321 Y120.302 E.00058
G3 X111.236 Y120.345 I-.083 J-.059 E.00053
G1 X110.591 Y120.513 F18000
;WIDTH:0.475997
G1 F6000
G3 X109.409 Y120.513 I-.591 J-4.055 E.04144
G1 X108.764 Y120.345 F18000
;WIDTH:0.113132
G1 F6000
G3 X108.592 Y120.204 I.052 J-.239 E.00131
G1 E-2.26982
;WIPE_START
G1 X108.692 Y120.321 E-.15383
G1 X108.764 Y120.345 E-.07635
;WIPE_END
G1 X103.115 Y124.97 F18000
G1 E2.5 F6000
;WIDTH:0.360153
G1 X103.026 Y124.486 E.0126
;WIDTH:0.405299
G3 X103.003 Y124.274 I2.009 J-.319 E.00623
;WIDTH:0.431455
G1 X103 Y120.364 E.12254
G1 X105.375 Y117.794 F18000
;TYPE:Internal solid infill
;WIDTH:0.476736
G1 F6000
G1 X105.481 Y117.794 E.0037
G1 X106.059 Y117.389 F18000
;WIDTH:0.419999
G1 F6000
G1 X104.97 Y117.389 E.03315
G1 X104.97 Y118.2 E.02466
G1 X105.868 Y118.2 E.02731
G1 X106.04 Y117.446 E.02353
G1 X106.64 Y117.012 F18000
G1 F6000
G1 X104.592 Y117.012 E.06228
G1 X104.592 Y118.577 E.0476
G1 X106.224 Y118.577 E.04962
G1 X106.237 Y118.273 E.00923
G1 X106.387 Y117.591 E.02124
G1 X106.616 Y117.067 E.01742
G1 X107.337 Y116.635 F18000
G1 F6000
G1 X104.215 Y116.635 E.09494
G1 X104.215 Y118.954 E.07054
G1 X106.602 Y118.954 E.0726
G1 X106.6 Y118.396 E.01697
G1 X106.755 Y117.672 E.0225
G1 X107.061 Y117 E.02248
G1 X107.301 Y116.682 E.01209
G1 X108.462 Y116.353 F18000
;TYPE:Gap infill
;WIDTH:0.142826
G1 F6000
G1 X108.652 Y116.208 E.00193
;WIDTH:0.156683
G1 X108.779 Y116.122 E.0014
;WIDTH:0.182896
G1 X108.901 Y116.039 E.00167
G1 X109.065 Y116.062 F18000
;WIDTH:0.119085
G1 F6000
G2 X108.655 Y116.137 I1.183 J7.6 E.00256
G1 X111.345 Y116.137 F18000
;WIDTH:0.129812
G1 F6000
G2 X110.935 Y116.062 I-1.587 J7.488 E.00292
G1 X111.099 Y116.039 F18000
;WIDTH:0.170039
G1 F6000
G1 X111.221 Y116.122 E.00151
;WIDTH:0.157176
G1 X111.343 Y116.205 E.00136
;WIDTH:0.120407
G1 X111.538 Y116.353 E.00153
G1 X112.663 Y116.635 F18000
;TYPE:Internal solid infill
;WIDTH:0.419999
G1 F6000
G1 X112.939 Y117 E.01392
G1 X113.232 Y117.634 E.02124
G1 X113.395 Y118.354 E.02247
G1 X113.398 Y118.954 E.01823
G1 X115.785 Y118.954 E.0726
G1 X115.785 Y116.635 E.07054
G1 X112.723 Y116.635 E.09311
G1 X113.36 Y117.012 F18000
G1 F6000
G1 X113.574 Y117.475 E.01554
G3 X113.777 Y118.397 I-7.939 J2.227 E.02871
G1 X113.776 Y118.577 E.00547
G1 X115.408 Y118.577 E.04962
G1 X115.408 Y117.012 E.0476
G1 X113.42 Y117.012 E.06046
G1 X113.941 Y117.389 F18000
G1 F6000
G3 X114.141 Y118.2 I-84.877 J21.39 E.0254
G1 X115.03 Y118.2 E.02706
G1 X115.03 Y117.389 E.02466
G1 X114.001 Y117.389 E.03132
G1 X114.459 Y117.794 F18000
;WIDTH:0.476736
G1 F6000
G1 X114.565 Y117.794 E.0037
G1 X117 Y120.364 F18000
;TYPE:Gap infill
;WIDTH:0.431174
G1 F6000
G1 X117 Y124.143 E.11835
G3 X116.988 Y124.379 I-2.261 J.006 E.00741
;WIDTH:0.394221
G1 X116.974 Y124.486 E.00304
;WIDTH:0.380203
G1 X116.885 Y124.97 E.01339
G1 X117.05 Y115.225 F18000
;WIDTH:0.330912
G1 F6000
G1 X117.05 Y84.345 E.71728
G1 X117.009 Y83.557 E.01833
G1 X116.886 Y82.811 E.01755
G1 X116.678 Y82.061 E.01809
G1 X116.398 Y81.359 E.01755
G1 X116.041 Y80.685 E.01773
G1 X115.612 Y80.053 E.01773
G1 X115.123 Y79.477 E.01755
G1 X114.564 Y78.946 E.01791
G1 X113.956 Y78.484 E.01773
G1 X113.309 Y78.094 E.01755
G1 X112.609 Y77.77 E.01791
G1 X111.886 Y77.526 E.01773
G1 X111.148 Y77.364 E.01755
G1 X110.374 Y77.279 E.01809
G1 X109.618 Y77.28 E.01755
G1 X108.867 Y77.361 E.01755
G1 X108.107 Y77.529 E.01809
G1 X107.391 Y77.77 E.01755
G1 X106.698 Y78.09 E.01773
G1 X106.044 Y78.484 E.01773
G1 X105.442 Y78.941 E.01755
G1 X104.877 Y79.477 E.01809
G1 X104.388 Y80.053 E.01755
G1 X103.959 Y80.685 E.01773
G1 X103.599 Y81.366 E.01791
G1 X103.319 Y82.068 E.01755
G1 X103.115 Y82.804 E.01773
G1 X102.991 Y83.557 E.01773
G1 X102.95 Y84.345 E.01833
G1 X102.95 Y115.225 E.71728
; stop printing object LEG id:18398695746277035084 copy 0
;LAYER_CHANGE
;Z:16.04
;HEIGHT:0.200001
G92 E0 ; zero the extruded length again
; BEFORE_LAYER_CHANGE 79 @ 16.04mm
G1 E-1.75 F6000
;WIPE_START
G1 X102.95 Y114.225 E-.75
;WIPE_END
; AFTER_LAYER_CHANGE 79 @ 16.04mm
;_SET_FAN_SPEED_CHANGING_LAYER
; printing object LEG id:18398695746277035084 copy 0
G1 X103.79 Y120.959 Z16.04 F18000
G1 E2.5 F6000
M204 P1000
;TYPE:Outer wall
;WIDTH:0.42
G1 F3600
G1 X103.79 Y125.945 E.15165
G3 X102.21 Y124.164 I.216 J-1.783 E.07918
G1 X102.21 Y84.325 E1.21164
G3 X110.602 Y76.56 I7.785 J-.003 E.39049
G1 X111.26 Y76.632 E.02014
G3 X117.79 Y84.325 I-1.286 J7.709 E.3336
G1 X117.79 Y124.164 E1.21164
G3 X116.21 Y125.945 I-1.818 J-.02 E.07897
G1 X116.21 Y120.959 E.15165
G1 X103.85 Y120.959 E.37591
G1 X103.398 Y120.567 F18000
M204 P1500
;TYPE:Inner wall
;WIDTH:0.45
G1 F6000
G1 X103.398 Y125.442 E.16005
G3 X102.718 Y124.723 I.684 J-1.328 E.03309
G3 X102.602 Y124.153 I1.743 J-.652 E.01918
G1 X102.602 Y84.335 E1.30736
G3 X110.56 Y76.95 I7.398 J-.008 E.40021
G1 X111.197 Y77.02 E.02104
G3 X117.398 Y84.335 I-1.22 J7.321 E.34236
G1 X117.398 Y124.153 E1.30735
G3 X116.602 Y125.442 I-1.478 J-.023 E.0522
G1 X116.602 Y120.567 E.16005
G1 X110.81 Y120.567 E.19019
G1 X110.76 Y120.388 E.0061
G2 X108.833 Y120.118 I-.753 J-1.638 E.30439
G2 X109.24 Y120.388 I1.444 J-1.738 E.01607
G1 X109.19 Y120.567 E.0061
G1 X103.458 Y120.567 E.18822
G1 E-1.75
;WIPE_START
G1 X103.446 Y121.567 E-.75
;WIPE_END
G1 X103.69 Y114.629 F18000
G1 E2.5 F6000
M204 P1000
;TYPE:Outer wall
;WIDTH:0.42
G1 F3600
G1 X103.69 Y84.311 E.92209
G3 X109.658 Y78.018 I6.31 J.008 E.29082
G3 X116.31 Y84.311 I.321 J6.322 E.31131
G1 X116.31 Y114.629 E.92209
G1 X103.75 Y114.629 E.382
G1 X103.298 Y114.629 F18000
M204 P1500
;TYPE:Inner wall
;WIDTH:0.45
G1 F6000
G1 X103.298 Y84.3 E.9958
G3 X109.637 Y77.626 I6.702 J.018 E.33315
G3 X116.702 Y84.3 I.342 J6.715 E.35665
G1 X116.702 Y115.021 E1.00868
G1 X103.298 Y115.021 E.4401
G1 X103.298 Y114.689 E.0109
G1 E-1.75
;WIPE_START
G1 X103.298 Y113.689 E-.75
;WIPE_END
G1 X111.684 Y117.317 F18000
G1 E2.5 F6000
G1 X111.601 Y117.227 E.004
G2 X108.291 Y120.16 I-1.602 J1.526 E.22302
G1 X103.009 Y120.16 E.17341
G1 X103.009 Y115.428 E.15536
G1 X116.991 Y115.428 E.45907
G1 X116.991 Y120.16 E.15536
G1 X111.707 Y120.16 E.17348
G2 X111.757 Y117.409 I-1.708 J-1.407 E.09749
G1 X111.721 Y117.364 E.00188
G1 X111.994 Y117.053 F18000
G1 F6000
G1 X111.898 Y116.946 E.00473
G2 X107.587 Y119.753 I-1.898 J1.798 E.2386
G1 X103.416 Y119.753 E.13695
G1 X103.416 Y115.835 E.12863
G1 X116.584 Y115.835 E.43233
G1 X116.584 Y119.753 E.12863
G1 X112.413 Y119.753 E.13695
G2 X112.082 Y117.162 I-2.413 J-1.008 E.0898
G1 X112.032 Y117.1 E.0026
G1 X112.305 Y116.79 F18000
G1 F6000
G1 X112.197 Y116.663 E.00546
G1 X111.753 Y116.242 E.02008
G1 X116.177 Y116.242 E.14525
G1 X116.177 Y119.346 E.10189
G1 X112.963 Y119.346 E.1055
G2 X112.408 Y116.914 I-2.992 J-.596 E.08438
G1 X112.343 Y116.836 E.00333
G1 E-1.75
;WIPE_START
G1 X112.197 Y116.663 E-.16962
G1 X111.753 Y116.242 E-.45871
G1 X111.915 Y116.242 E-.12167
;WIPE_END
G1 X108.247 Y116.242 F18000
G1 E2.5 F6000
G1 X107.803 Y116.663 E.02008
G2 X107.037 Y119.346 I2.226 J2.087 E.09514
G1 X103.823 Y119.346 E.1055
G1 X103.823 Y116.242 E.10189
G1 X108.187 Y116.242 E.14328
G1 E-1.75
;WIPE_START
G1 X107.803 Y116.663 E-.42716
G1 X107.591 Y116.913 E-.24574
G1 X107.533 Y116.998 E-.0771
;WIPE_END
G1 X111.072 Y117.837 F18000
G1 E2.5 F6000
M204 P1000
;TYPE:Outer wall
;WIDTH:0.42
G1 F3600
G1 X111.122 Y117.891 E.00226
G3 X109.772 Y117.352 I-1.123 J.852 E.22287
G1 X109.924 Y117.336 E.00464
G3 X110.913 Y117.669 I.076 J1.407 E.03253
G1 X111.03 Y117.793 E.00519
G1 E-1.75 F6000
;WIPE_START
G1 F3600
G1 X111.122 Y117.891 E-.10061
G1 X111.28 Y118.152 E-.2287
G1 X111.377 Y118.441 E-.22873
G1 X111.405 Y118.695 E-.19196
;WIPE_END
G1 X111.392 Y120.219 F18000
G1 E2.5 F6000
M204 P2000
;TYPE:Gap infill
;WIDTH:0.108824
G1 X111.321 Y120.302 E.00058
G3 X111.236 Y120.345 I-.083 J-.059 E.00053
G1 X110.591 Y120.513 F18000
;WIDTH:0.476247
G1 F6000
G3 X109.409 Y120.513 I-.591 J-4.09 E.04146
G1 X108.764 Y120.345 F18000
;WIDTH:0.112836
G1 F6000
G3 X108.593 Y120.205 I.052 J-.238 E.00129
G1 E-2.2716
;WIPE_START
G1 X108.692 Y120.321 E-.1526
G1 X108.764 Y120.345 E-.0758
;WIPE_END
G1 X103.115 Y124.97 F18000
G1 E2.5 F6000
;WIDTH:0.36015
G1 X103.026 Y124.486 E.0126
;WIDTH:0.405299
G3 X103.003 Y124.274 I2.009 J-.319 E.00623
;WIDTH:0.431455
G1 X103 Y120.364 E.12254
G1 X105.375 Y117.794 F18000
;TYPE:Internal solid infill
;WIDTH:0.476736
G1 F6000
G1 X105.481 Y117.794 E.0037
G1 X106.059 Y117.389 F18000
;WIDTH:0.419999
G1 F6000
G1 X104.97 Y117.389 E.03315
G1 X104.97 Y118.2 E.02466
G1 X105.868 Y118.2 E.02731
G1 X106.04 Y117.446 E.02353
G1 X106.64 Y117.012 F18000
G1 F6000
G1 X104.592 Y117.012 E.06228
G1 X104.592 Y118.577 E.0476
G1 X106.224 Y118.577 E.04962
G1 X106.237 Y118.273 E.00923
G1 X106.387 Y117.591 E.02124
G1 X106.616 Y117.067 E.01742
G1 X107.337 Y116.635 F18000
G1 F6000
G1 X104.215 Y116.635 E.09494
G1 X104.215 Y118.954 E.07054
G1 X106.602 Y118.954 E.0726
G1 X106.6 Y118.396 E.01697
G1 X106.755 Y117.672 E.0225
G1 X107.061 Y117 E.02248
G1 X107.301 Y116.682 E.01209
G1 X108.462 Y116.353 F18000
;TYPE:Gap infill
;WIDTH:0.142853
G1 F6000
G1 X108.652 Y116.208 E.00193
;WIDTH:0.15671
G1 X108.779 Y116.122 E.0014
;WIDTH:0.18292
G1 X108.901 Y116.039 E.00167
G1 X109.065 Y116.062 F18000
;WIDTH:0.119088
G1 F6000
G2 X108.655 Y116.137 I1.185 J7.612 E.00256
G1 X111.346 Y116.137 F18000
;WIDTH:0.129799
G1 F6000
G2 X110.935 Y116.062 I-1.585 J7.475 E.00292
G1 X111.099 Y116.039 F18000
;WIDTH:0.170049
G1 F6000
G1 X111.221 Y116.122 E.00151
;WIDTH:0.157188
G1 X111.343 Y116.205 E.00136
;WIDTH:0.120413
G1 X111.538 Y116.353 E.00153
G1 X112.663 Y116.635 F18000
;TYPE:Internal solid infill
;WIDTH:0.419999
G1 F6000
G1 X112.939 Y117 E.01392
G1 X113.232 Y117.634 E.02124
G1 X113.395 Y118.354 E.02247
G1 X113.398 Y118.954 E.01823
G1 X115.785 Y118.954 E.0726
G1 X115.785 Y116.635 E.07054
G1 X112.723 Y116.635 E.09311
G1 X113.36 Y117.012 F18000
G1 F6000
G1 X113.574 Y117.475 E.01554
G3 X113.777 Y118.397 I-7.939 J2.227 E.02871
G1 X113.776 Y118.577 E.00547
G1 X115.408 Y118.577 E.04962
G1 X115.408 Y117.012 E.0476
G1 X113.42 Y117.012 E.06046
G1 X113.941 Y117.389 F18000
G1 F6000
G3 X114.141 Y118.2 I-85.076 J21.44 E.0254
G1 X115.03 Y118.2 E.02706
G1 X115.03 Y117.389 E.02466
G1 X114.001 Y117.389 E.03132
G1 X114.459 Y117.794 F18000
;WIDTH:0.476736
G1 F6000
G1 X114.565 Y117.794 E.0037
G1 X117 Y120.364 F18000
;TYPE:Gap infill
;WIDTH:0.431174
G1 F6000
G1 X117 Y124.143 E.11835
G3 X116.988 Y124.379 I-2.26 J.006 E.00741
;WIDTH:0.394222
G1 X116.974 Y124.486 E.00304
;WIDTH:0.380205
G1 X116.885 Y124.97 E.01339
G1 X117.05 Y115.225 F18000
;WIDTH:0.330912
G1 F6000
G1 X117.05 Y84.345 E.71728
G1 X117.009 Y83.557 E.01833
G1 X116.886 Y82.811 E.01755
G1 X116.678 Y82.061 E.01809
G1 X116.398 Y81.359 E.01755
G1 X116.041 Y80.684 E.01773
G1 X115.612 Y80.053 E.01773
G1 X115.123 Y79.477 E.01755
G1 X114.564 Y78.946 E.01791
G1 X113.956 Y78.484 E.01773
G1 X113.309 Y78.094 E.01755
G1 X112.609 Y77.77 E.01791
G1 X111.886 Y77.526 E.01773
G1 X111.148 Y77.364 E.01755
G1 X110.374 Y77.279 E.01809
G1 X109.618 Y77.28 E.01755
G1 X108.867 Y77.361 E.01755
G1 X108.107 Y77.529 E.01809
G1 X107.391 Y77.77 E.01755
G1 X106.698 Y78.09 E.01773
G1 X106.044 Y78.484 E.01773
G1 X105.442 Y78.941 E.01755
G1 X104.877 Y79.477 E.01809
G1 X104.388 Y80.053 E.01755
G1 X103.959 Y80.685 E.01773
G1 X103.599 Y81.366 E.01791
G1 X103.319 Y82.068 E.01755
G1 X103.115 Y82.804 E.01773
G1 X102.991 Y83.557 E.01773
G1 X102.95 Y84.345 E.01833
G1 X102.95 Y115.225 E.71728
; stop printing object LEG id:18398695746277035084 copy 0
;LAYER_CHANGE
;Z:16.24
;HEIGHT:0.199999
G92 E0 ; zero the extruded length again
; BEFORE_LAYER_CHANGE 80 @ 16.24mm
G1 E-1.75 F6000
;WIPE_START
G1 X102.95 Y114.225 E-.75
;WIPE_END
; AFTER_LAYER_CHANGE 80 @ 16.24mm
;_SET_FAN_SPEED_CHANGING_LAYER
; printing object LEG id:18398695746277035084 copy 0
G1 X103.79 Y120.959 Z16.24 F18000
G1 E2.5 F6000
M204 P1000
;TYPE:Outer wall
;WIDTH:0.42
G1 F3600
G1 X103.79 Y125.945 E.15165
G3 X102.21 Y124.164 I.238 J-1.802 E.07897
G1 X102.21 Y84.325 E1.21164
G3 X110.594 Y76.56 I7.785 J-.003 E.39024
G1 X111.26 Y76.632 E.0204
G3 X117.79 Y84.325 I-1.297 J7.719 E.3335
G1 X117.79 Y124.164 E1.21164
G3 X116.21 Y125.945 I-1.818 J-.02 E.07897
G1 X116.21 Y120.959 E.15165
G1 X103.85 Y120.959 E.37591
G1 X103.398 Y120.567 F18000
M204 P1500
;TYPE:Inner wall
;WIDTH:0.45
G1 F6000
G1 X103.398 Y125.442 E.16005
G3 X102.602 Y124.153 I.682 J-1.311 E.0522
G1 X102.602 Y84.335 E1.30736
G3 X110.551 Y76.949 I7.411 J.006 E.39972
G3 X117.398 Y84.335 I-.552 J7.378 E.36371
G1 X117.398 Y124.153 E1.30735
G3 X116.602 Y125.442 I-1.478 J-.023 E.0522
G1 X116.602 Y120.567 E.16005
G1 X110.81 Y120.567 E.19019
G1 X110.76 Y120.388 E.0061
G2 X108.833 Y120.118 I-.753 J-1.638 E.30449
G2 X109.24 Y120.388 I1.444 J-1.738 E.01607
G1 X109.19 Y120.567 E.0061
G1 X103.458 Y120.567 E.18822
G1 E-1.75
;WIPE_START
G1 X103.446 Y121.567 E-.75
;WIPE_END
G1 X103.69 Y114.629 F18000
G1 E2.5 F6000
M204 P1000
;TYPE:Outer wall
;WIDTH:0.42
G1 F3600
G1 X103.69 Y84.311 E.92209
G3 X109.658 Y78.018 I6.31 J.008 E.29082
G3 X116.31 Y84.311 I.321 J6.322 E.31131
G1 X116.31 Y114.629 E.92209
G1 X103.75 Y114.629 E.382
G1 X103.298 Y114.629 F18000
M204 P1500
;TYPE:Inner wall
;WIDTH:0.45
G1 F6000
G1 X103.298 Y84.3 E.9958
G3 X109.637 Y77.626 I6.702 J.018 E.33315
G3 X116.702 Y84.3 I.342 J6.715 E.35665
G1 X116.702 Y115.021 E1.00868
G1 X103.298 Y115.021 E.4401
G1 X103.298 Y114.689 E.0109
G1 E-1.75
;WIPE_START
G1 X103.298 Y113.689 E-.75
;WIPE_END
G1 X111.681 Y117.313 F18000
G1 E2.5 F6000
G1 X111.604 Y117.225 E.00386
G2 X108.291 Y120.16 I-1.605 J1.526 E.22328
G1 X103.009 Y120.16 E.17342
G1 X103.009 Y115.428 E.15536
G1 X116.991 Y115.428 E.45907
G1 X116.991 Y120.16 E.15536
G1 X111.707 Y120.16 E.17348
G2 X111.759 Y117.407 I-1.708 J-1.409 E.09756
G1 X111.719 Y117.36 E.00203
G1 X111.991 Y117.05 F18000
G1 F6000
G1 X111.898 Y116.946 E.00458
G2 X107.587 Y119.753 I-1.898 J1.798 E.2386
G1 X103.416 Y119.753 E.13695
G1 X103.416 Y115.835 E.12863
G1 X116.584 Y115.835 E.43233
G1 X116.584 Y119.753 E.12863
G1 X112.413 Y119.753 E.13695
G2 X112.082 Y117.162 I-2.413 J-1.008 E.0898
G1 X112.029 Y117.097 E.00275
G1 X112.302 Y116.786 F18000
G1 F6000
G1 X112.197 Y116.663 E.00531
G1 X111.753 Y116.242 E.02008
G1 X116.177 Y116.242 E.14525
G1 X116.177 Y119.346 E.10189
G1 X112.963 Y119.346 E.1055
G2 X112.408 Y116.914 I-2.992 J-.596 E.08438
G1 X112.34 Y116.832 E.00348
G1 E-1.75
;WIPE_START
G1 X112.197 Y116.663 E-.16624
G1 X111.753 Y116.242 E-.45871
G1 X111.92 Y116.242 E-.12504
;WIPE_END
G1 X108.247 Y116.242 F18000
G1 E2.5 F6000
G1 X107.803 Y116.663 E.02008
G2 X107.037 Y119.346 I2.226 J2.087 E.09514
G1 X103.823 Y119.346 E.1055
G1 X103.823 Y116.242 E.10189
G1 X108.187 Y116.242 E.14328
G1 E-1.75
;WIPE_START
G1 X107.803 Y116.663 E-.42717
G1 X107.591 Y116.913 E-.24574
G1 X107.533 Y116.998 E-.07709
;WIPE_END
G1 X111.069 Y117.833 F18000
G1 E2.5 F6000
M204 P1000
;TYPE:Outer wall
;WIDTH:0.42
G1 F3600
G1 X111.122 Y117.891 E.00239
G3 X109.772 Y117.352 I-1.123 J.852 E.22287
G1 X109.924 Y117.336 E.00464
G3 X110.913 Y117.669 I.076 J1.407 E.03253
G1 X111.027 Y117.79 E.00506
G1 E-1.75 F6000
;WIPE_START
G1 F3600
G1 X111.122 Y117.891 E-.104
G1 X111.28 Y118.152 E-.2287
G1 X111.377 Y118.441 E-.22873
G1 X111.405 Y118.691 E-.18856
;WIPE_END
G1 X111.392 Y120.219 F18000
G1 E2.5 F6000
M204 P2000
;TYPE:Gap infill
;WIDTH:0.108825
G1 X111.321 Y120.302 E.00058
G3 X111.236 Y120.345 I-.083 J-.059 E.00053
G1 X110.591 Y120.513 F18000
;WIDTH:0.47613
G1 F6000
G3 X109.409 Y120.512 I-.587 J-3.994 E.04144
G1 X108.764 Y120.345 F18000
;WIDTH:0.112551
G1 F6000
G3 X108.595 Y120.206 I.053 J-.237 E.00128
G1 E-2.27337
;WIPE_START
G1 X108.693 Y120.321 E-.15137
G1 X108.764 Y120.345 E-.07526
;WIPE_END
G1 X103.115 Y124.97 F18000
G1 E2.5 F6000
;WIDTH:0.36015
G1 X103.026 Y124.486 E.0126
;WIDTH:0.405298
G3 X103.003 Y124.274 I2.01 J-.319 E.00623
;WIDTH:0.431455
G1 X103 Y120.364 E.12254
G1 X105.375 Y117.794 F18000
;TYPE:Internal solid infill
;WIDTH:0.476736
G1 F6000
G1 X105.481 Y117.794 E.0037
G1 X106.059 Y117.389 F18000
;WIDTH:0.419999
G1 F6000
G1 X104.97 Y117.389 E.03315
G1 X104.97 Y118.2 E.02466
G1 X105.868 Y118.2 E.02731
G1 X106.04 Y117.446 E.02353
G1 X106.64 Y117.012 F18000
G1 F6000
G1 X104.592 Y117.012 E.06228
G1 X104.592 Y118.577 E.0476
G1 X106.224 Y118.577 E.04962
G1 X106.237 Y118.273 E.00923
G1 X106.387 Y117.591 E.02125
G1 X106.616 Y117.067 E.01742
G1 X107.337 Y116.635 F18000
G1 F6000
G1 X104.215 Y116.635 E.09494
G1 X104.215 Y118.954 E.07054
G1 X106.602 Y118.954 E.0726
G1 X106.6 Y118.396 E.01697
G1 X106.755 Y117.672 E.0225
G1 X107.061 Y117 E.02247
G1 X107.301 Y116.682 E.01209
G1 X108.462 Y116.353 F18000
;TYPE:Gap infill
;WIDTH:0.142837
G1 F6000
G1 X108.652 Y116.208 E.00193
;WIDTH:0.156695
G1 X108.779 Y116.122 E.0014
;WIDTH:0.182906
G1 X108.901 Y116.039 E.00167
G1 X109.065 Y116.062 F18000
;WIDTH:0.119089
G1 F6000
G2 X108.654 Y116.137 I1.177 J7.565 E.00256
G1 X111.346 Y116.137 F18000
;WIDTH:0.129812
G1 F6000
G2 X110.935 Y116.062 I-1.586 J7.48 E.00292
G1 X111.099 Y116.039 F18000
;WIDTH:0.170044
G1 F6000
G1 X111.221 Y116.122 E.00151
;WIDTH:0.157182
G1 X111.343 Y116.205 E.00136
;WIDTH:0.12041
G1 X111.538 Y116.353 E.00153
G1 X112.663 Y116.635 F18000
;TYPE:Internal solid infill
;WIDTH:0.419999
G1 F6000
G1 X112.939 Y117 E.01392
G1 X113.232 Y117.634 E.02124
G1 X113.395 Y118.354 E.02247
G1 X113.398 Y118.954 E.01823
G1 X115.785 Y118.954 E.0726
G1 X115.785 Y116.635 E.07054
G1 X112.723 Y116.635 E.09311
G1 X113.36 Y117.012 F18000
G1 F6000
G1 X113.574 Y117.475 E.01554
G3 X113.777 Y118.397 I-7.939 J2.227 E.02871
G1 X113.776 Y118.577 E.00547
G1 X115.408 Y118.577 E.04962
G1 X115.408 Y117.012 E.0476
G1 X113.42 Y117.012 E.06046
G1 X113.941 Y117.389 F18000
G1 F6000
G3 X114.141 Y118.2 I-84.293 J21.245 E.0254
G1 X115.03 Y118.2 E.02706
G1 X115.03 Y117.389 E.02466
G1 X114.001 Y117.389 E.03132
G1 X114.459 Y117.794 F18000
;WIDTH:0.476736
G1 F6000
G1 X114.565 Y117.794 E.0037
G1 X117 Y120.364 F18000
;TYPE:Gap infill
;WIDTH:0.431174
G1 F6000
G1 X117 Y124.143 E.11835
G3 X116.988 Y124.379 I-2.26 J.006 E.00741
;WIDTH:0.39422
G1 X116.974 Y124.486 E.00304
;WIDTH:0.380202
G1 X116.885 Y124.97 E.01339
G1 X117.05 Y115.225 F18000
;WIDTH:0.330912
G1 F6000
G1 X117.05 Y84.345 E.71728
G1 X117.009 Y83.557 E.01833
G1 X116.886 Y82.811 E.01755
G1 X116.678 Y82.061 E.01809
G1 X116.398 Y81.359 E.01755
G1 X116.041 Y80.685 E.01773
G1 X115.612 Y80.053 E.01773
G1 X115.123 Y79.477 E.01755
G1 X114.564 Y78.946 E.01791
G1 X113.956 Y78.484 E.01773
G1 X113.309 Y78.094 E.01755
G1 X112.609 Y77.77 E.01791
G1 X111.886 Y77.526 E.01773
G1 X111.148 Y77.364 E.01755
G1 X110.374 Y77.279 E.01809
G1 X109.618 Y77.28 E.01755
G1 X108.867 Y77.361 E.01755
G1 X108.107 Y77.529 E.01809
G1 X107.391 Y77.77 E.01755
G1 X106.698 Y78.09 E.01773
G1 X106.044 Y78.484 E.01773
G1 X105.442 Y78.941 E.01755
G1 X104.877 Y79.477 E.01809
G1 X104.388 Y80.053 E.01755
G1 X103.959 Y80.685 E.01773
G1 X103.599 Y81.366 E.01791
G1 X103.319 Y82.068 E.01755
G1 X103.115 Y82.804 E.01773
G1 X102.991 Y83.557 E.01773
G1 X102.95 Y84.345 E.01833
G1 X102.95 Y115.225 E.71728
; stop printing object LEG id:18398695746277035084 copy 0
;LAYER_CHANGE
;Z:16.44
;HEIGHT:0.200001
G92 E0 ; zero the extruded length again
; BEFORE_LAYER_CHANGE 81 @ 16.44mm
G1 E-1.75 F6000
;WIPE_START
G1 X102.95 Y114.225 E-.75
;WIPE_END
; AFTER_LAYER_CHANGE 81 @ 16.44mm
;_SET_FAN_SPEED_CHANGING_LAYER
; printing object LEG id:18398695746277035084 copy 0
G1 X103.79 Y120.959 Z16.44 F18000
G1 E2.5 F6000
M204 P1000
;TYPE:Outer wall
;WIDTH:0.42
G1 F3600
G1 X103.79 Y125.945 E.15165
G3 X102.21 Y124.164 I.238 J-1.802 E.07897
G1 X102.21 Y84.325 E1.21164
G3 X110.585 Y76.559 I7.785 J-.003 E.38999
G1 X111.26 Y76.632 E.02065
G3 X117.79 Y84.325 I-1.274 J7.699 E.3337
G1 X117.79 Y124.164 E1.21164
G3 X116.21 Y125.945 I-1.818 J-.02 E.07897
G1 X116.21 Y120.959 E.15165
G1 X103.85 Y120.959 E.37591
G1 X103.398 Y120.567 F18000
M204 P1500
;TYPE:Inner wall
;WIDTH:0.45
G1 F6000
G1 X103.398 Y125.442 E.16005
G3 X102.602 Y124.153 I.682 J-1.311 E.0522
G1 X102.602 Y84.335 E1.30736
G3 X110.543 Y76.948 I7.399 J-.008 E.39966
G3 X117.398 Y84.335 I-.551 J7.386 E.36391
G1 X117.398 Y124.153 E1.30735
G3 X116.602 Y125.442 I-1.478 J-.023 E.0522
G1 X116.602 Y120.567 E.16005
G1 X110.81 Y120.567 E.19019
G1 X110.76 Y120.388 E.0061
G2 X109.24 Y120.388 I-.76 J-1.638 E.32108
G1 X109.19 Y120.567 E.0061
G1 X103.458 Y120.567 E.18822
G1 E-1.75
;WIPE_START
G1 X103.446 Y121.567 E-.75
;WIPE_END
G1 X103.69 Y114.629 F18000
G1 E2.5 F6000
M204 P1000
;TYPE:Outer wall
;WIDTH:0.42
G1 F3600
G1 X103.69 Y84.311 E.92209
G3 X109.658 Y78.018 I6.31 J.008 E.29082
G3 X116.31 Y84.311 I.327 J6.316 E.3114
G1 X116.31 Y114.629 E.92209
G1 X103.75 Y114.629 E.382
G1 X103.298 Y114.629 F18000
M204 P1500
;TYPE:Inner wall
;WIDTH:0.45
G1 F6000
G1 X103.298 Y84.3 E.9958
G3 X109.637 Y77.626 I6.702 J.018 E.33315
G3 X116.702 Y84.3 I.347 J6.709 E.35674
G1 X116.702 Y115.021 E1.00868
G1 X103.298 Y115.021 E.4401
G1 X103.298 Y114.689 E.0109
G1 E-1.75
;WIPE_START
G1 X103.298 Y113.689 E-.75
;WIPE_END
G1 X111.677 Y117.308 F18000
G1 E2.5 F6000
G1 X111.604 Y117.225 E.00363
G2 X108.291 Y120.16 I-1.605 J1.526 E.22328
G1 X103.009 Y120.16 E.17342
G1 X103.009 Y115.428 E.15536
G1 X116.991 Y115.428 E.45907
G1 X116.991 Y120.16 E.15536
G1 X111.707 Y120.16 E.17348
G2 X111.759 Y117.407 I-1.708 J-1.409 E.09756
G1 X111.715 Y117.354 E.00225
G1 X111.987 Y117.045 F18000
G1 F6000
G1 X111.898 Y116.946 E.00435
G2 X107.587 Y119.753 I-1.898 J1.798 E.2386
G1 X103.416 Y119.753 E.13695
G1 X103.416 Y115.835 E.12863
G1 X116.584 Y115.835 E.43233
G1 X116.584 Y119.753 E.12863
G1 X112.413 Y119.753 E.13695
G2 X112.082 Y117.162 I-2.413 J-1.008 E.08981
G1 X112.025 Y117.091 E.00298
G1 X112.297 Y116.781 F18000
G1 F6000
G1 X112.197 Y116.663 E.00508
G1 X111.753 Y116.242 E.02008
G1 X116.177 Y116.242 E.14525
G1 X116.177 Y119.346 E.10189
G1 X112.963 Y119.346 E.1055
G2 X112.408 Y116.914 I-2.992 J-.596 E.08438
G1 X112.336 Y116.827 E.0037
G1 E-1.75
;WIPE_START
G1 X112.197 Y116.663 E-.16108
G1 X111.753 Y116.242 E-.45872
G1 X111.927 Y116.242 E-.13019
;WIPE_END
G1 X108.247 Y116.242 F18000
G1 E2.5 F6000
G1 X107.803 Y116.663 E.02008
G2 X107.037 Y119.346 I2.226 J2.087 E.09514
G1 X103.823 Y119.346 E.1055
G1 X103.823 Y116.242 E.10189
G1 X108.187 Y116.242 E.14328
G1 E-1.75
;WIPE_START
G1 X107.803 Y116.663 E-.42717
G1 X107.591 Y116.913 E-.24576
G1 X107.533 Y116.998 E-.07707
;WIPE_END
G1 X111.064 Y117.828 F18000
G1 E2.5 F6000
M204 P1000
;TYPE:Outer wall
;WIDTH:0.42
G1 F3600
G1 X111.122 Y117.891 E.0026
G3 X109.772 Y117.352 I-1.123 J.852 E.22287
G1 X109.924 Y117.336 E.00464
G3 X110.913 Y117.669 I.076 J1.407 E.03253
G1 X111.023 Y117.785 E.00485
G1 E-1.75 F6000
;WIPE_START
G1 F3600
G1 X111.122 Y117.891 E-.10914
G1 X111.28 Y118.152 E-.22871
G1 X111.377 Y118.441 E-.22875
G1 X111.404 Y118.684 E-.18341
;WIPE_END
G1 X111.392 Y120.219 F18000
G1 E2.5 F6000
M204 P2000
;TYPE:Gap infill
;WIDTH:0.108824
G1 X111.321 Y120.302 E.00058
G3 X111.236 Y120.345 I-.083 J-.059 E.00053
G1 X110.591 Y120.513 F18000
;WIDTH:0.476118
G1 F6000
G3 X109.409 Y120.512 I-.587 J-4 E.04144
G1 X108.764 Y120.345 F18000
;WIDTH:0.112256
G1 F6000
G3 X108.596 Y120.207 I.053 J-.236 E.00126
G1 E-2.27521
;WIPE_START
G1 X108.693 Y120.321 E-.15009
G1 X108.764 Y120.345 E-.0747
;WIPE_END
G1 X103.115 Y124.97 F18000
G1 E2.5 F6000
;WIDTH:0.360149
G1 X103.026 Y124.486 E.0126
;WIDTH:0.405297
G3 X103.003 Y124.274 I2.01 J-.319 E.00623
;WIDTH:0.431455
G1 X103 Y120.364 E.12254
G1 X105.375 Y117.794 F18000
;TYPE:Internal solid infill
;WIDTH:0.476736
G1 F6000
G1 X105.481 Y117.794 E.0037
G1 X106.059 Y117.389 F18000
;WIDTH:0.419999
G1 F6000
G1 X104.97 Y117.389 E.03315
G1 X104.97 Y118.2 E.02466
G1 X105.868 Y118.2 E.02731
G1 X106.04 Y117.446 E.02353
G1 X106.64 Y117.012 F18000
G1 F6000
G1 X104.592 Y117.012 E.06228
G1 X104.592 Y118.577 E.0476
G1 X106.224 Y118.577 E.04962
G1 X106.237 Y118.273 E.00923
G1 X106.387 Y117.591 E.02124
G1 X106.616 Y117.067 E.01742
G1 X107.337 Y116.635 F18000
G1 F6000
G1 X104.215 Y116.635 E.09494
G1 X104.215 Y118.954 E.07054
G1 X106.602 Y118.954 E.0726
G1 X106.6 Y118.396 E.01697
G1 X106.755 Y117.672 E.0225
G1 X107.061 Y117 E.02248
G1 X107.301 Y116.682 E.01209
G1 X108.462 Y116.353 F18000
;TYPE:Gap infill
;WIDTH:0.142826
G1 F6000
G1 X108.652 Y116.208 E.00193
;WIDTH:0.156685
G1 X108.779 Y116.122 E.0014
;WIDTH:0.182898
G1 X108.901 Y116.039 E.00167
G1 X109.065 Y116.062 F18000
;WIDTH:0.119085
G1 F6000
G2 X108.655 Y116.137 I1.183 J7.6 E.00256
G1 X111.345 Y116.137 F18000
;WIDTH:0.129808
G1 F6000
G2 X110.935 Y116.062 I-1.587 J7.49 E.00292
G1 X111.099 Y116.039 F18000
;WIDTH:0.170046
G1 F6000
G1 X111.221 Y116.122 E.00151
;WIDTH:0.157184
G1 X111.343 Y116.205 E.00136
;WIDTH:0.120411
G1 X111.538 Y116.353 E.00153
G1 X112.663 Y116.635 F18000
;TYPE:Internal solid infill
;WIDTH:0.419999
G1 F6000
G1 X112.939 Y117 E.01392
G1 X113.232 Y117.634 E.02124
G1 X113.395 Y118.354 E.02247
G1 X113.398 Y118.954 E.01823
G1 X115.785 Y118.954 E.0726
G1 X115.785 Y116.635 E.07054
G1 X112.723 Y116.635 E.09311
G1 X113.36 Y117.012 F18000
G1 F6000
G1 X113.574 Y117.475 E.01554
G3 X113.777 Y118.397 I-7.939 J2.227 E.02871
G1 X113.776 Y118.577 E.00547
G1 X115.408 Y118.577 E.04962
G1 X115.408 Y117.012 E.0476
G1 X113.42 Y117.012 E.06046
G1 X113.941 Y117.389 F18000
G1 F6000
G3 X114.141 Y118.2 I-84.895 J21.395 E.0254
G1 X115.03 Y118.2 E.02706
G1 X115.03 Y117.389 E.02466
G1 X114.001 Y117.389 E.03132
G1 X114.459 Y117.794 F18000
;WIDTH:0.476736
G1 F6000
G1 X114.565 Y117.794 E.0037
G1 X117 Y120.364 F18000
;TYPE:Gap infill
;WIDTH:0.431174
G1 F6000
G1 X117 Y124.143 E.11835
G3 X116.988 Y124.379 I-2.261 J.006 E.00741
;WIDTH:0.39422
G1 X116.974 Y124.486 E.00304
;WIDTH:0.380202
G1 X116.885 Y124.97 E.01339
G1 X117.05 Y115.225 F18000
;WIDTH:0.330912
G1 F6000
G1 X117.05 Y84.345 E.71728
G1 X117.009 Y83.557 E.01833
G1 X116.886 Y82.811 E.01755
G1 X116.678 Y82.061 E.01809
G1 X116.398 Y81.359 E.01755
G1 X116.041 Y80.684 E.01773
G1 X115.612 Y80.053 E.01773
G1 X115.123 Y79.477 E.01755
G1 X114.564 Y78.946 E.01791
G1 X113.956 Y78.484 E.01773
G1 X113.309 Y78.094 E.01755
G1 X112.609 Y77.77 E.01791
G1 X111.886 Y77.526 E.01773
G1 X111.148 Y77.364 E.01755
G1 X110.374 Y77.279 E.01809
G1 X109.618 Y77.28 E.01755
G1 X108.867 Y77.361 E.01755
G1 X108.107 Y77.529 E.01809
G1 X107.391 Y77.77 E.01755
G1 X106.698 Y78.09 E.01773
G1 X106.044 Y78.484 E.01773
G1 X105.442 Y78.941 E.01755
G1 X104.877 Y79.477 E.01809
G1 X104.388 Y80.053 E.01755
G1 X103.959 Y80.685 E.01773
G1 X103.599 Y81.366 E.01791
G1 X103.319 Y82.068 E.01755
G1 X103.115 Y82.804 E.01773
G1 X102.991 Y83.557 E.01773
G1 X102.95 Y84.345 E.01833
G1 X102.95 Y115.225 E.71728
; stop printing object LEG id:18398695746277035084 copy 0
;LAYER_CHANGE
;Z:16.64
;HEIGHT:0.199999
G92 E0 ; zero the extruded length again
; BEFORE_LAYER_CHANGE 82 @ 16.64mm
G1 E-1.75 F6000
;WIPE_START
G1 X102.95 Y114.225 E-.75
;WIPE_END
; AFTER_LAYER_CHANGE 82 @ 16.64mm
;_SET_FAN_SPEED_CHANGING_LAYER
; printing object LEG id:18398695746277035084 copy 0
G1 X103.79 Y120.959 Z16.64 F18000
G1 E2.5 F6000
M204 P1000
;TYPE:Outer wall
;WIDTH:0.42
G1 F3600
G1 X103.79 Y125.945 E.15165
G3 X102.21 Y124.164 I.238 J-1.802 E.07897
G1 X102.21 Y84.325 E1.21164
G3 X110.577 Y76.558 I7.804 J.016 E.38945
G1 X111.26 Y76.632 E.02091
G3 X117.79 Y84.325 I-1.297 J7.719 E.3335
G1 X117.79 Y124.164 E1.21164
G3 X116.21 Y125.945 I-1.818 J-.02 E.07897
G1 X116.21 Y120.959 E.15165
G1 X103.85 Y120.959 E.37591
G1 X103.398 Y120.567 F18000
M204 P1500
;TYPE:Inner wall
;WIDTH:0.45
G1 F6000
G1 X103.398 Y125.442 E.16005
G3 X102.602 Y124.153 I.682 J-1.311 E.0522
G1 X102.602 Y84.335 E1.30736
G3 X110.534 Y76.948 I7.412 J.006 E.39917
G3 X117.398 Y84.335 I-.536 J7.38 E.36427
G1 X117.398 Y124.153 E1.30735
G3 X116.602 Y125.442 I-1.478 J-.023 E.0522
G1 X116.602 Y120.567 E.16005
G1 X110.81 Y120.567 E.19019
G1 X110.76 Y120.388 E.0061
G2 X109.24 Y120.388 I-.76 J-1.638 E.32108
G1 X109.19 Y120.567 E.0061
G1 X103.458 Y120.567 E.18822
G1 E-1.75
;WIPE_START
G1 X103.446 Y121.567 E-.75
;WIPE_END
G1 X103.69 Y114.629 F18000
G1 E2.5 F6000
M204 P1000
;TYPE:Outer wall
;WIDTH:0.42
G1 F3600
G1 X103.69 Y84.311 E.92209
G3 X109.658 Y78.018 I6.31 J.008 E.29082
G3 X116.31 Y84.311 I.328 J6.315 E.3114
G1 X116.31 Y114.629 E.92209
G1 X103.75 Y114.629 E.382
G1 X103.298 Y114.629 F18000
M204 P1500
;TYPE:Inner wall
;WIDTH:0.45
G1 F6000
G1 X103.298 Y84.3 E.9958
G3 X109.637 Y77.626 I6.702 J.018 E.33315
G3 X116.702 Y84.3 I.348 J6.708 E.35675
G1 X116.702 Y115.021 E1.00868
G1 X103.298 Y115.021 E.4401
G1 X103.298 Y114.689 E.0109
G1 E-1.75
;WIPE_START
G1 X103.298 Y113.689 E-.75
;WIPE_END
G1 X111.672 Y117.303 F18000
G1 E2.5 F6000
G1 X111.604 Y117.225 E.00341
G2 X108.293 Y120.16 I-1.604 J1.526 E.22325
G1 X103.009 Y120.16 E.17348
G1 X103.009 Y115.428 E.15536
G1 X116.991 Y115.428 E.45907
G1 X116.991 Y120.16 E.15536
G1 X111.707 Y120.16 E.17348
G2 X111.759 Y117.407 I-1.707 J-1.41 E.09758
G1 X111.711 Y117.349 E.00248
G1 X111.983 Y117.039 F18000
G1 F6000
G1 X111.898 Y116.946 E.00413
G2 X107.587 Y119.753 I-1.898 J1.798 E.2386
G1 X103.416 Y119.753 E.13695
G1 X103.416 Y115.835 E.12863
G1 X116.584 Y115.835 E.43233
G1 X116.584 Y119.753 E.12863
G1 X112.413 Y119.753 E.13695
G2 X112.082 Y117.162 I-2.413 J-1.008 E.08981
G1 X112.02 Y117.086 E.0032
G1 X112.293 Y116.776 F18000
G1 F6000
G1 X112.197 Y116.663 E.00486
G1 X111.753 Y116.242 E.02008
G1 X116.177 Y116.242 E.14525
G1 X116.177 Y119.346 E.10189
G1 X112.963 Y119.346 E.1055
G2 X112.408 Y116.914 I-2.992 J-.596 E.08438
G1 X112.331 Y116.822 E.00392
G1 E-1.75
;WIPE_START
G1 X112.197 Y116.663 E-.15603
G1 X111.753 Y116.242 E-.45873
G1 X111.933 Y116.242 E-.13524
;WIPE_END
G1 X108.247 Y116.242 F18000
G1 E2.5 F6000
G1 X107.803 Y116.663 E.02008
G2 X107.036 Y119.346 I2.228 J2.088 E.09514
G1 X103.823 Y119.346 E.10549
G1 X103.823 Y116.242 E.10189
G1 X108.187 Y116.242 E.14328
G1 E-1.75
;WIPE_START
G1 X107.803 Y116.663 E-.42718
G1 X107.591 Y116.913 E-.24573
G1 X107.533 Y116.998 E-.07709
;WIPE_END
G1 X111.059 Y117.824 F18000
G1 E2.5 F6000
M204 P1000
;TYPE:Outer wall
;WIDTH:0.42
G1 F3600
G1 X111.122 Y117.891 E.00281
G3 X109.772 Y117.352 I-1.123 J.852 E.22287
G1 X109.924 Y117.336 E.00464
G3 X110.913 Y117.669 I.076 J1.407 E.03253
G1 X111.018 Y117.78 E.00464
G1 E-1.75 F6000
;WIPE_START
G1 F3600
G1 X111.122 Y117.891 E-.1142
G1 X111.28 Y118.152 E-.2287
G1 X111.377 Y118.441 E-.22875
G1 X111.403 Y118.677 E-.17836
;WIPE_END
G1 X111.392 Y120.219 F18000
G1 E2.5 F6000
M204 P2000
;TYPE:Gap infill
;WIDTH:0.108824
G1 X111.321 Y120.302 E.00058
G3 X111.236 Y120.345 I-.083 J-.059 E.00053
G1 X110.591 Y120.513 F18000
;WIDTH:0.475998
G1 F6000
G3 X109.409 Y120.513 I-.591 J-4.055 E.04144
G1 X108.764 Y120.345 F18000
;WIDTH:0.109634
G1 F6000
G3 X108.608 Y120.219 I.054 J-.227 E.00112
G1 E-2.2926
;WIPE_START
G1 X108.698 Y120.323 E-.1378
G1 X108.764 Y120.345 E-.0696
;WIPE_END
G1 X103.115 Y124.97 F18000
G1 E2.5 F6000
;WIDTH:0.360152
G1 X103.026 Y124.486 E.0126
;WIDTH:0.405298
G3 X103.003 Y124.274 I2.01 J-.319 E.00623
;WIDTH:0.431455
G1 X103 Y120.364 E.12254
G1 X105.375 Y117.794 F18000
;TYPE:Internal solid infill
;WIDTH:0.476736
G1 F6000
G1 X105.481 Y117.794 E.0037
G1 X106.059 Y117.389 F18000
;WIDTH:0.419999
G1 F6000
G1 X104.97 Y117.389 E.03315
G1 X104.97 Y118.2 E.02466
G1 X105.867 Y118.2 E.02731
G1 X106.04 Y117.446 E.02353
G1 X106.64 Y117.012 F18000
G1 F6000
G1 X104.592 Y117.012 E.06228
G1 X104.592 Y118.577 E.0476
G1 X106.223 Y118.577 E.04959
G1 X106.237 Y118.273 E.00923
G1 X106.387 Y117.591 E.02124
G1 X106.616 Y117.067 E.01742
G1 X107.337 Y116.635 F18000
G1 F6000
G1 X104.215 Y116.635 E.09494
G1 X104.215 Y118.954 E.07054
G1 X106.6 Y118.954 E.07251
G1 X106.6 Y118.395 E.017
G1 X106.755 Y117.672 E.02247
G1 X107.061 Y117 E.02248
G1 X107.301 Y116.682 E.01209
G1 X108.462 Y116.353 F18000
;TYPE:Gap infill
;WIDTH:0.142838
G1 F6000
G1 X108.652 Y116.208 E.00193
;WIDTH:0.156694
G1 X108.779 Y116.122 E.0014
;WIDTH:0.182902
G1 X108.901 Y116.039 E.00167
G1 X109.065 Y116.062 F18000
;WIDTH:0.119085
G1 F6000
G2 X108.655 Y116.137 I1.185 J7.61 E.00256
G1 X111.345 Y116.137 F18000
;WIDTH:0.129808
G1 F6000
G2 X110.935 Y116.062 I-1.586 J7.483 E.00292
G1 X111.099 Y116.039 F18000
;WIDTH:0.170033
G1 F6000
G1 X111.221 Y116.122 E.00151
;WIDTH:0.15717
G1 X111.343 Y116.205 E.00136
;WIDTH:0.120404
G1 X111.538 Y116.353 E.00153
G1 X112.663 Y116.635 F18000
;TYPE:Internal solid infill
;WIDTH:0.419999
G1 F6000
G1 X112.939 Y117 E.01392
G1 X113.232 Y117.634 E.02124
G1 X113.395 Y118.354 E.02248
G1 X113.398 Y118.954 E.01823
G1 X115.785 Y118.954 E.0726
G1 X115.785 Y116.635 E.07054
G1 X112.723 Y116.635 E.09311
G1 X113.36 Y117.012 F18000
G1 F6000
G1 X113.574 Y117.475 E.01554
G3 X113.777 Y118.397 I-7.939 J2.227 E.02871
G1 X113.776 Y118.577 E.00547
G1 X115.408 Y118.577 E.04962
G1 X115.408 Y117.012 E.0476
G1 X113.42 Y117.012 E.06046
G1 X113.941 Y117.389 F18000
G1 F6000
G3 X114.141 Y118.2 I-82.383 J20.769 E.0254
G1 X115.03 Y118.2 E.02706
G1 X115.03 Y117.389 E.02466
G1 X114.001 Y117.389 E.03132
G1 X114.459 Y117.794 F18000
;WIDTH:0.476736
G1 F6000
G1 X114.565 Y117.794 E.0037
G1 X117 Y120.364 F18000
;TYPE:Gap infill
;WIDTH:0.431174
G1 F6000
G1 X117 Y124.143 E.11835
G3 X116.988 Y124.379 I-2.261 J.006 E.00741
;WIDTH:0.39422
G1 X116.974 Y124.486 E.00304
;WIDTH:0.380201
G1 X116.885 Y124.97 E.01339
G1 X117.05 Y115.225 F18000
;WIDTH:0.330912
G1 F6000
G1 X117.05 Y84.345 E.71728
G1 X117.009 Y83.557 E.01833
G1 X116.886 Y82.811 E.01755
G1 X116.678 Y82.061 E.01809
G1 X116.398 Y81.359 E.01755
G1 X116.041 Y80.685 E.01773
G1 X115.612 Y80.053 E.01773
G1 X115.123 Y79.477 E.01755
G1 X114.564 Y78.946 E.01791
G1 X113.956 Y78.484 E.01773
G1 X113.309 Y78.094 E.01755
G1 X112.609 Y77.77 E.01791
G1 X111.886 Y77.526 E.01773
G1 X111.148 Y77.364 E.01755
G1 X110.374 Y77.279 E.01809
G1 X109.618 Y77.28 E.01755
G1 X108.867 Y77.361 E.01755
G1 X108.107 Y77.529 E.01809
G1 X107.391 Y77.77 E.01755
G1 X106.698 Y78.09 E.01773
G1 X106.044 Y78.484 E.01773
G1 X105.442 Y78.941 E.01755
G1 X104.877 Y79.477 E.01809
G1 X104.388 Y80.053 E.01755
G1 X103.959 Y80.685 E.01773
G1 X103.599 Y81.366 E.01791
G1 X103.319 Y82.068 E.01755
G1 X103.115 Y82.804 E.01773
G1 X102.991 Y83.557 E.01773
G1 X102.95 Y84.345 E.01833
G1 X102.95 Y115.225 E.71728
; stop printing object LEG id:18398695746277035084 copy 0
;LAYER_CHANGE
;Z:16.84
;HEIGHT:0.200001
G92 E0 ; zero the extruded length again
; BEFORE_LAYER_CHANGE 83 @ 16.84mm
G1 E-1.75 F6000
;WIPE_START
G1 X102.95 Y114.225 E-.75
;WIPE_END
; AFTER_LAYER_CHANGE 83 @ 16.84mm
;_SET_FAN_SPEED_CHANGING_LAYER
; printing object LEG id:18398695746277035084 copy 0
G1 X103.79 Y120.959 Z16.84 F18000
G1 E2.5 F6000
M204 P1000
;TYPE:Outer wall
;WIDTH:0.42
G1 F3600
G1 X103.79 Y125.945 E.15165
G3 X102.21 Y124.164 I.238 J-1.802 E.07897
G1 X102.21 Y84.325 E1.21164
G3 X110.568 Y76.557 I7.786 J-.003 E.38948
G1 X111.26 Y76.632 E.02117
G3 X117.79 Y84.325 I-1.297 J7.719 E.3335
G1 X117.79 Y124.164 E1.21164
G3 X116.21 Y125.945 I-1.818 J-.02 E.07897
G1 X116.21 Y120.959 E.15165
G1 X103.85 Y120.959 E.37591
G1 X103.398 Y120.567 F18000
M204 P1500
;TYPE:Inner wall
;WIDTH:0.45
G1 F6000
G1 X103.398 Y125.442 E.16005
G3 X102.602 Y124.153 I.682 J-1.311 E.0522
G1 X102.602 Y84.335 E1.30736
G3 X110.526 Y76.947 I7.399 J-.008 E.39912
G3 X117.398 Y84.335 I-.528 J7.381 E.36456
G1 X117.398 Y124.153 E1.30735
G3 X116.602 Y125.442 I-1.478 J-.023 E.0522
G1 X116.602 Y120.567 E.16005
G1 X110.81 Y120.567 E.19019
G1 X110.76 Y120.388 E.0061
G2 X109.24 Y120.388 I-.76 J-1.638 E.32108
G1 X109.19 Y120.567 E.0061
G1 X103.458 Y120.567 E.18822
G1 E-1.75
;WIPE_START
G1 X103.446 Y121.567 E-.75
;WIPE_END
G1 X103.69 Y114.629 F18000
G1 E2.5 F6000
M204 P1000
;TYPE:Outer wall
;WIDTH:0.42
G1 F3600
G1 X103.69 Y84.311 E.92209
G3 X109.658 Y78.018 I6.31 J.008 E.29082
G3 X116.31 Y84.311 I.321 J6.322 E.31131
G1 X116.31 Y114.629 E.92209
G1 X103.75 Y114.629 E.382
G1 X103.298 Y114.629 F18000
M204 P1500
;TYPE:Inner wall
;WIDTH:0.45
G1 F6000
G1 X103.298 Y84.3 E.9958
G3 X109.637 Y77.626 I6.702 J.018 E.33315
G3 X116.702 Y84.3 I.342 J6.715 E.35665
G1 X116.702 Y115.021 E1.00868
G1 X103.298 Y115.021 E.4401
G1 X103.298 Y114.689 E.0109
G1 E-1.75
;WIPE_START
G1 X103.298 Y113.689 E-.75
;WIPE_END
G1 X111.66 Y117.288 F18000
G1 E2.5 F6000
G1 X111.604 Y117.225 E.00278
G2 X108.293 Y120.16 I-1.604 J1.526 E.22325
G1 X103.009 Y120.16 E.17348
G1 X103.009 Y115.428 E.15536
G1 X116.991 Y115.428 E.45907
G1 X116.991 Y120.16 E.15536
G1 X111.707 Y120.16 E.17348
G2 X111.759 Y117.407 I-1.707 J-1.41 E.09758
G1 X111.698 Y117.334 E.00311
G1 X111.97 Y117.025 F18000
G1 F6000
G1 X111.898 Y116.946 E.0035
G2 X107.587 Y119.753 I-1.898 J1.798 E.2386
G1 X103.416 Y119.753 E.13695
G1 X103.416 Y115.835 E.12863
G1 X116.584 Y115.835 E.43233
G1 X116.584 Y119.753 E.12863
G1 X112.413 Y119.753 E.13695
G2 X112.082 Y117.162 I-2.413 J-1.008 E.08981
G1 X112.008 Y117.071 E.00383
G1 X112.28 Y116.761 F18000
G1 F6000
G1 X112.197 Y116.663 E.00423
G1 X111.753 Y116.242 E.02008
G1 X116.177 Y116.242 E.14525
G1 X116.177 Y119.346 E.10189
G1 X112.963 Y119.346 E.1055
G2 X112.408 Y116.914 I-2.992 J-.596 E.08438
G1 X112.319 Y116.807 E.00456
G1 E-1.75
;WIPE_START
G1 X112.197 Y116.663 E-.14155
G1 X111.753 Y116.242 E-.45871
G1 X111.953 Y116.242 E-.14974
;WIPE_END
G1 X108.247 Y116.242 F18000
G1 E2.5 F6000
G1 X107.803 Y116.663 E.02008
G2 X107.037 Y119.346 I2.226 J2.087 E.09514
G1 X103.823 Y119.346 E.1055
G1 X103.823 Y116.242 E.10189
G1 X108.187 Y116.242 E.14328
G1 E-1.75
;WIPE_START
G1 X107.803 Y116.663 E-.42718
G1 X107.591 Y116.913 E-.24574
G1 X107.533 Y116.998 E-.07708
;WIPE_END
G1 X111.049 Y117.807 F18000
G1 E2.5 F6000
M204 P1000
;TYPE:Outer wall
;WIDTH:0.42
G1 F3600
G1 X111.208 Y118.017 E.00801
G3 X109.772 Y117.352 I-1.208 J.726 E.21822
G1 X109.924 Y117.336 E.00464
G3 X111.011 Y117.761 I.076 J1.407 E.03661
G1 E-1.75 F6000
;WIPE_START
G1 F3600
G1 X111.208 Y118.017 E-.24237
G1 X111.28 Y118.152 E-.11452
G1 X111.377 Y118.441 E-.22874
G1 X111.401 Y118.659 E-.16437
;WIPE_END
G1 X111.392 Y120.219 F18000
G1 E2.5 F6000
M204 P2000
;TYPE:Gap infill
;WIDTH:0.108827
G1 X111.321 Y120.302 E.00058
G3 X111.236 Y120.345 I-.083 J-.059 E.00053
G1 X110.591 Y120.513 F18000
;WIDTH:0.475997
G1 F6000
G3 X109.409 Y120.513 I-.591 J-4.055 E.04144
G1 X108.764 Y120.345 F18000
;WIDTH:0.109635
G1 F6000
G3 X108.608 Y120.219 I.054 J-.227 E.00112
G1 E-2.29259
;WIPE_START
G1 X108.698 Y120.323 E-.13781
G1 X108.764 Y120.345 E-.0696
;WIPE_END
G1 X103.115 Y124.97 F18000
G1 E2.5 F6000
;WIDTH:0.360151
G1 X103.026 Y124.486 E.0126
;WIDTH:0.405295
G3 X103.003 Y124.274 I2.01 J-.319 E.00623
;WIDTH:0.431455
G1 X103 Y120.364 E.12254
G1 X105.375 Y117.794 F18000
;TYPE:Internal solid infill
;WIDTH:0.476736
G1 F6000
G1 X105.481 Y117.794 E.0037
G1 X106.059 Y117.389 F18000
;WIDTH:0.419999
G1 F6000
G1 X104.97 Y117.389 E.03315
G1 X104.97 Y118.2 E.02466
G1 X105.868 Y118.2 E.02731
G1 X106.04 Y117.446 E.02353
G1 X106.64 Y117.012 F18000
G1 F6000
G1 X104.592 Y117.012 E.06228
G1 X104.592 Y118.577 E.0476
G1 X106.224 Y118.577 E.04962
G1 X106.237 Y118.273 E.00923
G1 X106.387 Y117.591 E.02124
G1 X106.616 Y117.067 E.01742
G1 X107.337 Y116.635 F18000
G1 F6000
G1 X104.215 Y116.635 E.09494
G1 X104.215 Y118.954 E.07054
G1 X106.602 Y118.954 E.0726
G1 X106.6 Y118.396 E.01697
G1 X106.755 Y117.672 E.0225
G1 X107.061 Y117 E.02248
G1 X107.301 Y116.682 E.01209
G1 X108.462 Y116.353 F18000
;TYPE:Gap infill
;WIDTH:0.142837
G1 F6000
G1 X108.652 Y116.208 E.00193
;WIDTH:0.156693
G1 X108.779 Y116.122 E.0014
;WIDTH:0.182904
G1 X108.901 Y116.039 E.00167
G1 X109.065 Y116.062 F18000
;WIDTH:0.11908
G1 F6000
G2 X108.655 Y116.137 I1.182 J7.595 E.00256
G1 X111.346 Y116.137 F18000
;WIDTH:0.129803
G1 F6000
G2 X110.935 Y116.062 I-1.584 J7.469 E.00292
G1 X111.099 Y116.039 F18000
;WIDTH:0.170047
G1 F6000
G1 X111.221 Y116.122 E.00151
;WIDTH:0.157186
G1 X111.343 Y116.205 E.00136
;WIDTH:0.120412
G1 X111.538 Y116.353 E.00153
G1 X112.663 Y116.635 F18000
;TYPE:Internal solid infill
;WIDTH:0.419999
G1 F6000
G1 X112.939 Y117 E.01392
G1 X113.232 Y117.634 E.02124
G1 X113.395 Y118.354 E.02247
G1 X113.398 Y118.954 E.01823
G1 X115.785 Y118.954 E.0726
G1 X115.785 Y116.635 E.07054
G1 X112.723 Y116.635 E.09311
G1 X113.36 Y117.012 F18000
G1 F6000
G1 X113.574 Y117.475 E.01554
G3 X113.777 Y118.397 I-7.939 J2.227 E.02871
G1 X113.776 Y118.577 E.00547
G1 X115.408 Y118.577 E.04962
G1 X115.408 Y117.012 E.0476
G1 X113.42 Y117.012 E.06046
G1 X113.941 Y117.389 F18000
G1 F6000
G3 X114.141 Y118.2 I-84.266 J21.239 E.0254
G1 X115.03 Y118.2 E.02706
G1 X115.03 Y117.389 E.02466
G1 X114.001 Y117.389 E.03132
G1 X114.459 Y117.794 F18000
;WIDTH:0.476736
G1 F6000
G1 X114.565 Y117.794 E.0037
G1 X117 Y120.364 F18000
;TYPE:Gap infill
;WIDTH:0.431174
G1 F6000
G1 X117 Y124.143 E.11835
G3 X116.988 Y124.379 I-2.261 J.006 E.00741
;WIDTH:0.394222
G1 X116.974 Y124.486 E.00304
;WIDTH:0.380207
G1 X116.885 Y124.97 E.01339
G1 X117.05 Y115.225 F18000
;WIDTH:0.330912
G1 F6000
G1 X117.05 Y84.345 E.71728
G1 X117.009 Y83.557 E.01833
G1 X116.886 Y82.811 E.01755
G1 X116.678 Y82.061 E.01809
G1 X116.398 Y81.359 E.01755
G1 X116.041 Y80.685 E.01773
G1 X115.612 Y80.053 E.01773
G1 X115.123 Y79.477 E.01755
G1 X114.564 Y78.946 E.01791
G1 X113.956 Y78.484 E.01773
G1 X113.309 Y78.094 E.01755
G1 X112.609 Y77.77 E.01791
G1 X111.886 Y77.526 E.01773
G1 X111.148 Y77.364 E.01755
G1 X110.374 Y77.279 E.01809
G1 X109.618 Y77.28 E.01755
G1 X108.867 Y77.361 E.01755
G1 X108.107 Y77.529 E.01809
G1 X107.391 Y77.77 E.01755
G1 X106.698 Y78.09 E.01773
G1 X106.044 Y78.484 E.01773
G1 X105.442 Y78.941 E.01755
G1 X104.877 Y79.477 E.01809
G1 X104.388 Y80.053 E.01755
G1 X103.959 Y80.685 E.01773
G1 X103.599 Y81.366 E.01791
G1 X103.319 Y82.068 E.01755
G1 X103.115 Y82.804 E.01773
G1 X102.991 Y83.557 E.01773
G1 X102.95 Y84.345 E.01833
G1 X102.95 Y115.225 E.71728
; stop printing object LEG id:18398695746277035084 copy 0
;LAYER_CHANGE
;Z:17.04
;HEIGHT:0.200001
G92 E0 ; zero the extruded length again
; BEFORE_LAYER_CHANGE 84 @ 17.04mm
G1 E-1.75 F6000
;WIPE_START
G1 X102.95 Y114.225 E-.75
;WIPE_END
; AFTER_LAYER_CHANGE 84 @ 17.04mm
;_SET_FAN_SPEED_CHANGING_LAYER
; printing object LEG id:18398695746277035084 copy 0
G1 X103.79 Y120.959 Z17.04 F18000
G1 E2.5 F6000
M204 P1000
;TYPE:Outer wall
;WIDTH:0.42
G1 F3600
G1 X103.79 Y125.945 E.15165
G3 X102.21 Y124.164 I.238 J-1.802 E.07897
G1 X102.21 Y84.325 E1.21164
G3 X110.56 Y76.556 I7.786 J-.003 E.38923
G1 X111.26 Y76.632 E.02142
G3 X117.79 Y84.325 I-1.297 J7.719 E.3335
G1 X117.79 Y124.164 E1.21164
G3 X116.21 Y125.945 I-1.818 J-.02 E.07897
G1 X116.21 Y120.959 E.15165
G1 X103.85 Y120.959 E.37591
G1 X103.398 Y120.567 F18000
M204 P1500
;TYPE:Inner wall
;WIDTH:0.45
G1 F6000
G1 X103.398 Y125.442 E.16005
G3 X102.602 Y124.153 I.682 J-1.311 E.0522
G1 X102.602 Y84.335 E1.30736
G3 X110.518 Y76.946 I7.4 J-.008 E.39885
G3 X117.398 Y84.335 I-.52 J7.382 E.36484
G1 X117.398 Y124.153 E1.30735
G3 X116.602 Y125.442 I-1.478 J-.023 E.0522
G1 X116.602 Y120.567 E.16005
G1 X110.81 Y120.567 E.19019
G1 X110.76 Y120.388 E.0061
G2 X109.24 Y120.388 I-.76 J-1.638 E.32108
G1 X109.19 Y120.567 E.0061
G1 X103.458 Y120.567 E.18822
G1 E-1.75
;WIPE_START
G1 X103.446 Y121.567 E-.75
;WIPE_END
G1 X103.69 Y114.629 F18000
G1 E2.5 F6000
M204 P1000
;TYPE:Outer wall
;WIDTH:0.42
G1 F3600
G1 X103.69 Y84.311 E.92209
G3 X109.658 Y78.018 I6.31 J.008 E.29082
G3 X116.31 Y84.311 I.321 J6.322 E.31131
G1 X116.31 Y114.629 E.92209
G1 X103.75 Y114.629 E.382
G1 X103.298 Y114.629 F18000
M204 P1500
;TYPE:Inner wall
;WIDTH:0.45
G1 F6000
G1 X103.298 Y84.3 E.9958
G3 X109.637 Y77.626 I6.702 J.018 E.33315
G3 X116.702 Y84.3 I.342 J6.715 E.35665
G1 X116.702 Y115.021 E1.00868
G1 X103.298 Y115.021 E.4401
G1 X103.298 Y114.689 E.0109
G1 E-1.75
;WIPE_START
G1 X103.298 Y113.689 E-.75
;WIPE_END
G1 X111.65 Y117.277 F18000
G1 E2.5 F6000
G1 X111.604 Y117.225 E.00227
G2 X108.292 Y120.16 I-1.604 J1.526 E.22327
G1 X103.009 Y120.16 E.17344
G1 X103.009 Y115.428 E.15536
G1 X116.991 Y115.428 E.45907
G1 X116.991 Y120.16 E.15536
G1 X111.707 Y120.16 E.17348
G2 X111.759 Y117.407 I-1.708 J-1.409 E.09757
G1 X111.688 Y117.323 E.00362
G1 X111.96 Y117.013 F18000
G1 F6000
G1 X111.898 Y116.946 E.00299
G2 X107.587 Y119.753 I-1.898 J1.798 E.2386
G1 X103.416 Y119.753 E.13695
G1 X103.416 Y115.835 E.12863
G1 X116.584 Y115.835 E.43233
G1 X116.584 Y119.753 E.12863
G1 X112.413 Y119.753 E.13695
G2 X112.082 Y117.162 I-2.413 J-1.008 E.0898
G1 X111.998 Y117.059 E.00434
G1 X112.27 Y116.749 F18000
G1 F6000
G1 X112.197 Y116.663 E.00372
G1 X111.753 Y116.242 E.02008
G1 X116.177 Y116.242 E.14525
G1 X116.177 Y119.346 E.10189
G1 X112.963 Y119.346 E.1055
G2 X112.408 Y116.914 I-2.992 J-.596 E.08438
G1 X112.309 Y116.795 E.00506
G1 E-1.75
;WIPE_START
G1 X112.197 Y116.663 E-.13001
G1 X111.753 Y116.242 E-.45869
G1 X111.968 Y116.242 E-.16129
;WIPE_END
G1 X108.247 Y116.242 F18000
G1 E2.5 F6000
G1 X107.803 Y116.663 E.02008
G2 X107.037 Y119.346 I2.226 J2.087 E.09514
G1 X103.823 Y119.346 E.1055
G1 X103.823 Y116.242 E.10189
G1 X108.187 Y116.242 E.14328
G1 E-1.75
;WIPE_START
G1 X107.803 Y116.663 E-.42715
G1 X107.591 Y116.913 E-.24575
G1 X107.533 Y116.998 E-.0771
;WIPE_END
G1 X111.036 Y117.798 F18000
G1 E2.5 F6000
M204 P1000
;TYPE:Outer wall
;WIDTH:0.42
G1 F3600
G1 X111.122 Y117.891 E.00386
G3 X109.772 Y117.352 I-1.123 J.852 E.22287
G1 X109.924 Y117.336 E.00464
G3 X110.919 Y117.675 I.076 J1.407 E.03277
G1 X110.994 Y117.755 E.00334
G1 E-1.75 F6000
;WIPE_START
G1 F3600
G1 X111.122 Y117.891 E-.14028
G1 X111.28 Y118.152 E-.2287
G1 X111.377 Y118.441 E-.22873
G1 X111.399 Y118.643 E-.15229
;WIPE_END
G1 X111.392 Y120.219 F18000
G1 E2.5 F6000
M204 P2000
;TYPE:Gap infill
;WIDTH:0.108828
G1 X111.321 Y120.302 E.00058
G3 X111.236 Y120.345 I-.083 J-.059 E.00053
G1 X110.591 Y120.513 F18000
;WIDTH:0.476135
G1 F6000
G3 X109.409 Y120.513 I-.591 J-4.073 E.04145
G1 X108.764 Y120.345 F18000
;WIDTH:0.111337
G1 F6000
G3 X108.6 Y120.211 I.053 J-.233 E.00121
G1 E-2.28105
;WIPE_START
G1 X108.695 Y120.322 E-.146
G1 X108.764 Y120.345 E-.07296
;WIPE_END
G1 X103.115 Y124.97 F18000
G1 E2.5 F6000
;WIDTH:0.360155
G1 X103.026 Y124.486 E.0126
;WIDTH:0.405299
G3 X103.003 Y124.274 I2.01 J-.319 E.00623
;WIDTH:0.431455
G1 X103 Y120.364 E.12254
G1 X105.375 Y117.794 F18000
;TYPE:Internal solid infill
;WIDTH:0.476736
G1 F6000
G1 X105.481 Y117.794 E.0037
G1 X106.059 Y117.389 F18000
;WIDTH:0.419999
G1 F6000
G1 X104.97 Y117.389 E.03314
G1 X104.97 Y118.2 E.02466
G1 X105.868 Y118.2 E.02731
G1 X106.04 Y117.446 E.02353
G1 X106.64 Y117.012 F18000
G1 F6000
G1 X104.592 Y117.012 E.06228
G1 X104.592 Y118.577 E.0476
G1 X106.224 Y118.577 E.04962
G1 X106.237 Y118.273 E.00923
G1 X106.387 Y117.591 E.02124
G1 X106.616 Y117.067 E.01742
G1 X107.337 Y116.635 F18000
G1 F6000
G1 X104.215 Y116.635 E.09494
G1 X104.215 Y118.954 E.07054
G1 X106.602 Y118.954 E.0726
G1 X106.6 Y118.396 E.01698
G1 X106.755 Y117.672 E.0225
G1 X107.061 Y117 E.02248
G1 X107.301 Y116.682 E.01209
G1 X108.462 Y116.353 F18000
;TYPE:Gap infill
;WIDTH:0.142832
G1 F6000
G1 X108.652 Y116.208 E.00193
;WIDTH:0.156691
G1 X108.779 Y116.122 E.0014
;WIDTH:0.182903
G1 X108.901 Y116.039 E.00167
G1 X109.065 Y116.062 F18000
;WIDTH:0.119085
G1 F6000
G2 X108.654 Y116.137 I1.175 J7.551 E.00256
G1 X111.346 Y116.137 F18000
;WIDTH:0.129808
G1 F6000
G2 X110.935 Y116.062 I-1.584 J7.469 E.00292
G1 X111.099 Y116.039 F18000
;WIDTH:0.170042
G1 F6000
G1 X111.221 Y116.122 E.00151
;WIDTH:0.157182
G1 X111.343 Y116.205 E.00136
;WIDTH:0.120411
G1 X111.538 Y116.353 E.00153
G1 X112.663 Y116.635 F18000
;TYPE:Internal solid infill
;WIDTH:0.419999
G1 F6000
G1 X112.939 Y117 E.01392
G1 X113.232 Y117.634 E.02124
G1 X113.395 Y118.354 E.02247
G1 X113.398 Y118.954 E.01823
G1 X115.785 Y118.954 E.0726
G1 X115.785 Y116.635 E.07054
G1 X112.723 Y116.635 E.09311
G1 X113.36 Y117.012 F18000
G1 F6000
G1 X113.574 Y117.475 E.01554
G3 X113.777 Y118.397 I-7.939 J2.227 E.02871
G1 X113.776 Y118.577 E.00547
G1 X115.408 Y118.577 E.04962
G1 X115.408 Y117.012 E.0476
G1 X113.42 Y117.012 E.06046
G1 X113.941 Y117.389 F18000
G1 F6000
G3 X114.141 Y118.2 I-84.775 J21.365 E.0254
G1 X115.03 Y118.2 E.02706
G1 X115.03 Y117.389 E.02466
G1 X114.001 Y117.389 E.03132
G1 X114.459 Y117.794 F18000
;WIDTH:0.476736
G1 F6000
G1 X114.565 Y117.794 E.0037
G1 X117 Y120.364 F18000
;TYPE:Gap infill
;WIDTH:0.431174
G1 F6000
G1 X117 Y124.143 E.11835
G3 X116.988 Y124.379 I-2.261 J.006 E.00741
;WIDTH:0.394223
G1 X116.974 Y124.486 E.00304
;WIDTH:0.380203
G1 X116.885 Y124.97 E.01339
G1 X117.05 Y115.225 F18000
;WIDTH:0.330912
G1 F6000
G1 X117.05 Y84.345 E.71728
G1 X117.009 Y83.557 E.01833
G1 X116.886 Y82.811 E.01755
G1 X116.678 Y82.061 E.01809
G1 X116.398 Y81.359 E.01755
G1 X116.041 Y80.685 E.01773
G1 X115.612 Y80.053 E.01773
G1 X115.123 Y79.477 E.01755
G1 X114.564 Y78.946 E.01791
G1 X113.956 Y78.484 E.01773
G1 X113.309 Y78.094 E.01755
G1 X112.609 Y77.77 E.01791
G1 X111.886 Y77.526 E.01773
G1 X111.148 Y77.364 E.01755
G1 X110.374 Y77.279 E.01809
G1 X109.618 Y77.28 E.01755
G1 X108.867 Y77.361 E.01755
G1 X108.107 Y77.529 E.01809
G1 X107.391 Y77.77 E.01755
G1 X106.698 Y78.09 E.01773
G1 X106.044 Y78.484 E.01773
G1 X105.442 Y78.941 E.01755
G1 X104.877 Y79.477 E.01809
G1 X104.388 Y80.053 E.01755
G1 X103.959 Y80.685 E.01773
G1 X103.599 Y81.366 E.01791
G1 X103.319 Y82.068 E.01755
G1 X103.115 Y82.804 E.01773
G1 X102.991 Y83.557 E.01773
G1 X102.95 Y84.345 E.01833
G1 X102.95 Y115.225 E.71728
; stop printing object LEG id:18398695746277035084 copy 0
;LAYER_CHANGE
;Z:17.24
;HEIGHT:0.199999
G92 E0 ; zero the extruded length again
; BEFORE_LAYER_CHANGE 85 @ 17.24mm
G1 E-1.75 F6000
;WIPE_START
G1 X102.95 Y114.225 E-.75
;WIPE_END
; AFTER_LAYER_CHANGE 85 @ 17.24mm
;_SET_FAN_SPEED_CHANGING_LAYER
; printing object LEG id:18398695746277035084 copy 0
G1 X103.79 Y120.959 Z17.24 F18000
G1 E2.5 F6000
M204 P1000
;TYPE:Outer wall
;WIDTH:0.42
G1 F3600
G1 X103.79 Y125.945 E.15165
G3 X102.21 Y124.164 I.216 J-1.783 E.07918
G1 X102.21 Y84.325 E1.21164
G3 X110.552 Y76.555 I7.787 J-.003 E.38898
G1 X111.26 Y76.632 E.02168
G3 X117.79 Y84.325 I-1.28 J7.704 E.33365
G1 X117.79 Y124.164 E1.21164
G3 X116.21 Y125.945 I-1.796 J-.001 E.07918
G1 X116.21 Y120.959 E.15165
G1 X103.85 Y120.959 E.37591
G1 X103.398 Y120.567 F18000
M204 P1500
;TYPE:Inner wall
;WIDTH:0.45
G1 F6000
G1 X103.398 Y125.442 E.16005
G3 X102.602 Y124.153 I.682 J-1.311 E.0522
G1 X102.602 Y84.335 E1.30736
G3 X110.509 Y76.945 I7.4 J-.008 E.39858
G3 X117.398 Y84.335 I-.531 J7.4 E.3649
G1 X117.398 Y124.153 E1.30735
G3 X116.602 Y125.442 I-1.478 J-.023 E.0522
G1 X116.602 Y120.567 E.16005
G1 X110.81 Y120.567 E.19019
G1 X110.76 Y120.388 E.0061
G2 X108.988 Y120.237 I-.752 J-1.638 E.31077
G2 X109.24 Y120.376 I.797 J-1.143 E.00946
G1 X109.197 Y120.567 E.00643
G1 X103.458 Y120.567 E.18844
G1 E-1.75
;WIPE_START
G1 X103.446 Y121.567 E-.75
;WIPE_END
G1 X103.69 Y114.629 F18000
G1 E2.5 F6000
M204 P1000
;TYPE:Outer wall
;WIDTH:0.42
G1 F3600
G1 X103.69 Y84.311 E.92209
G3 X109.658 Y78.018 I6.31 J.008 E.29082
G3 X116.31 Y84.311 I.329 J6.314 E.31142
G1 X116.31 Y114.629 E.92209
G1 X103.75 Y114.629 E.382
G1 X103.298 Y114.629 F18000
M204 P1500
;TYPE:Inner wall
;WIDTH:0.45
G1 F6000
G1 X103.298 Y84.3 E.9958
G3 X109.637 Y77.626 I6.702 J.018 E.33315
G3 X116.702 Y84.3 I.349 J6.707 E.35677
G1 X116.702 Y115.021 E1.00868
G1 X103.298 Y115.021 E.4401
G1 X103.298 Y114.689 E.0109
G1 E-1.75
;WIPE_START
G1 X103.298 Y113.689 E-.75
;WIPE_END
G1 X111.646 Y117.272 F18000
G1 E2.5 F6000
G1 X111.604 Y117.225 E.00205
G2 X108.293 Y120.16 I-1.604 J1.526 E.22325
G1 X103.009 Y120.16 E.17348
G1 X103.009 Y115.428 E.15536
G1 X116.991 Y115.428 E.45907
G1 X116.991 Y120.16 E.15536
G1 X111.707 Y120.16 E.17348
G2 X111.759 Y117.407 I-1.707 J-1.41 E.09758
G1 X111.684 Y117.317 E.00383
G1 X111.956 Y117.008 F18000
G1 F6000
G1 X111.898 Y116.946 E.00278
G2 X107.587 Y119.753 I-1.898 J1.798 E.2386
G1 X103.416 Y119.753 E.13695
G1 X103.416 Y115.835 E.12863
G1 X116.584 Y115.835 E.43233
G1 X116.584 Y119.753 E.12863
G1 X112.413 Y119.753 E.13695
G2 X112.082 Y117.162 I-2.413 J-1.008 E.08981
G1 X111.994 Y117.054 E.00455
G1 X112.266 Y116.744 F18000
G1 F6000
G1 X112.197 Y116.663 E.00351
G1 X111.753 Y116.242 E.02008
G1 X116.177 Y116.242 E.14525
G1 X116.177 Y119.346 E.10189
G1 X112.963 Y119.346 E.1055
G2 X112.408 Y116.914 I-2.992 J-.596 E.08438
G1 X112.305 Y116.79 E.00528
G1 E-1.75
;WIPE_START
G1 X112.197 Y116.663 E-.12507
G1 X111.753 Y116.242 E-.4587
G1 X111.975 Y116.242 E-.16623
;WIPE_END
G1 X108.247 Y116.242 F18000
G1 E2.5 F6000
G1 X107.803 Y116.663 E.02008
G2 X107.037 Y119.346 I2.226 J2.087 E.09514
G1 X103.823 Y119.346 E.1055
G1 X103.823 Y116.242 E.10189
G1 X108.187 Y116.242 E.14328
G1 E-1.75
;WIPE_START
G1 X107.803 Y116.663 E-.42716
G1 X107.591 Y116.913 E-.24576
G1 X107.533 Y116.998 E-.07708
;WIPE_END
G1 X111.031 Y117.793 F18000
G1 E2.5 F6000
M204 P1000
;TYPE:Outer wall
;WIDTH:0.42
G1 F3600
G1 X111.122 Y117.891 E.00406
G3 X109.772 Y117.352 I-1.123 J.852 E.22287
G1 X109.924 Y117.336 E.00465
G3 X110.918 Y117.674 I.076 J1.407 E.03272
G1 X110.99 Y117.75 E.00319
G1 E-1.75 F6000
;WIPE_START
G1 F3600
G1 X111.122 Y117.891 E-.14521
G1 X111.28 Y118.152 E-.22871
G1 X111.377 Y118.441 E-.22874
G1 X111.399 Y118.636 E-.14734
;WIPE_END
G1 X111.392 Y120.219 F18000
G1 E2.5 F6000
M204 P2000
;TYPE:Gap infill
;WIDTH:0.108825
G1 X111.321 Y120.302 E.00058
G3 X111.236 Y120.345 I-.083 J-.059 E.00053
G1 X110.591 Y120.513 F18000
;WIDTH:0.475993
G1 F6000
G3 X109.41 Y120.513 I-.591 J-4.053 E.0414
G1 X108.764 Y120.345 F18000
;WIDTH:0.109362
G1 F6000
G3 X108.608 Y120.218 I.056 J-.229 E.00112
G1 E-2.29199
;WIPE_START
G1 X108.698 Y120.323 E-.13841
G1 X108.764 Y120.345 E-.06959
;WIPE_END
G1 X103.115 Y124.97 F18000
G1 E2.5 F6000
;WIDTH:0.360152
G1 X103.026 Y124.486 E.0126
;WIDTH:0.405297
G3 X103.003 Y124.274 I2.01 J-.319 E.00623
;WIDTH:0.431455
G1 X103 Y120.364 E.12254
G1 X105.375 Y117.794 F18000
;TYPE:Internal solid infill
;WIDTH:0.476736
G1 F6000
G1 X105.481 Y117.794 E.0037
G1 X106.059 Y117.389 F18000
;WIDTH:0.419999
G1 F6000
G1 X104.97 Y117.389 E.03315
G1 X104.97 Y118.2 E.02466
G1 X105.868 Y118.2 E.02731
G1 X106.04 Y117.446 E.02353
G1 X106.64 Y117.012 F18000
G1 F6000
G1 X104.592 Y117.012 E.06228
G1 X104.592 Y118.577 E.0476
G1 X106.224 Y118.577 E.04962
G1 X106.237 Y118.273 E.00923
G1 X106.387 Y117.591 E.02124
G1 X106.616 Y117.067 E.01742
G1 X107.337 Y116.635 F18000
G1 F6000
G1 X104.215 Y116.635 E.09494
G1 X104.215 Y118.954 E.07054
G1 X106.602 Y118.954 E.0726
G1 X106.6 Y118.396 E.01697
G1 X106.755 Y117.672 E.0225
G1 X107.061 Y117 E.02247
G1 X107.301 Y116.682 E.01209
G1 X108.462 Y116.353 F18000
;TYPE:Gap infill
;WIDTH:0.142833
G1 F6000
G1 X108.652 Y116.208 E.00193
;WIDTH:0.15669
G1 X108.779 Y116.122 E.0014
;WIDTH:0.1829
G1 X108.901 Y116.039 E.00167
G1 X109.065 Y116.062 F18000
;WIDTH:0.119085
G1 F6000
G2 X108.655 Y116.137 I1.185 J7.61 E.00256
G1 X111.345 Y116.137 F18000
;WIDTH:0.129808
G1 F6000
G2 X110.935 Y116.062 I-1.589 J7.5 E.00292
G1 X111.099 Y116.039 F18000
;WIDTH:0.170052
G1 F6000
G1 X111.221 Y116.122 E.00151
;WIDTH:0.157191
G1 X111.343 Y116.205 E.00136
;WIDTH:0.120415
G1 X111.538 Y116.353 E.00153
G1 X112.663 Y116.635 F18000
;TYPE:Internal solid infill
;WIDTH:0.419999
G1 F6000
G1 X112.939 Y117 E.01392
G1 X113.232 Y117.634 E.02124
G1 X113.395 Y118.354 E.02247
G1 X113.398 Y118.954 E.01823
G1 X115.785 Y118.954 E.0726
G1 X115.785 Y116.635 E.07054
G1 X112.723 Y116.635 E.09311
G1 X113.36 Y117.012 F18000
G1 F6000
G1 X113.574 Y117.475 E.01554
G3 X113.777 Y118.397 I-7.938 J2.227 E.02871
G1 X113.776 Y118.577 E.00547
G1 X115.408 Y118.577 E.04962
G1 X115.408 Y117.012 E.0476
G1 X113.42 Y117.012 E.06046
G1 X113.941 Y117.389 F18000
G1 F6000
G3 X114.141 Y118.2 I-83.884 J21.144 E.0254
G1 X115.03 Y118.2 E.02706
G1 X115.03 Y117.389 E.02466
G1 X114.001 Y117.389 E.03132
G1 X114.459 Y117.794 F18000
;WIDTH:0.476736
G1 F6000
G1 X114.565 Y117.794 E.0037
G1 X117 Y120.364 F18000
;TYPE:Gap infill
;WIDTH:0.431174
G1 F6000
G1 X117 Y124.143 E.11835
G3 X116.988 Y124.379 I-2.261 J.006 E.00741
;WIDTH:0.394221
G1 X116.974 Y124.486 E.00304
;WIDTH:0.380206
G1 X116.885 Y124.97 E.01339
G1 X117.05 Y115.225 F18000
;WIDTH:0.330912
G1 F6000
G1 X117.05 Y84.345 E.71728
G1 X117.009 Y83.557 E.01833
G1 X116.886 Y82.811 E.01755
G1 X116.678 Y82.061 E.01809
G1 X116.398 Y81.359 E.01755
G1 X116.041 Y80.685 E.01773
G1 X115.607 Y80.047 E.01791
G1 X115.118 Y79.471 E.01755
G1 X114.564 Y78.946 E.01773
G1 X113.956 Y78.484 E.01773
G1 X113.309 Y78.094 E.01755
G1 X112.609 Y77.77 E.01791
G1 X111.886 Y77.526 E.01773
G1 X111.148 Y77.364 E.01755
G1 X110.374 Y77.279 E.01809
G1 X109.618 Y77.28 E.01755
G1 X108.867 Y77.361 E.01755
G1 X108.107 Y77.529 E.01809
G1 X107.391 Y77.77 E.01755
G1 X106.698 Y78.09 E.01773
G1 X106.044 Y78.484 E.01773
G1 X105.442 Y78.941 E.01755
G1 X104.877 Y79.477 E.01809
G1 X104.388 Y80.053 E.01755
G1 X103.959 Y80.685 E.01773
G1 X103.599 Y81.366 E.01791
G1 X103.319 Y82.068 E.01755
G1 X103.115 Y82.804 E.01773
G1 X102.991 Y83.557 E.01773
G1 X102.95 Y84.345 E.01833
G1 X102.95 Y115.225 E.71728
; stop printing object LEG id:18398695746277035084 copy 0
;LAYER_CHANGE
;Z:17.44
;HEIGHT:0.200001
G92 E0 ; zero the extruded length again
; BEFORE_LAYER_CHANGE 86 @ 17.44mm
G1 E-1.75 F6000
;WIPE_START
G1 X102.95 Y114.225 E-.75
;WIPE_END
; AFTER_LAYER_CHANGE 86 @ 17.44mm
;_SET_FAN_SPEED_CHANGING_LAYER
; printing object LEG id:18398695746277035084 copy 0
G1 X103.79 Y120.959 Z17.44 F18000
G1 E2.5 F6000
M204 P1000
;TYPE:Outer wall
;WIDTH:0.42
G1 F3600
G1 X103.79 Y125.945 E.15165
G3 X102.21 Y124.164 I.216 J-1.783 E.07918
G1 X102.21 Y84.325 E1.21164
G3 X110.543 Y76.554 I7.787 J-.003 E.38873
G1 X111.26 Y76.632 E.02194
G3 X117.79 Y84.325 I-1.279 J7.703 E.33366
G1 X117.79 Y124.164 E1.21164
G3 X116.21 Y125.945 I-1.796 J-.001 E.07918
G1 X116.21 Y120.959 E.15165
G1 X103.85 Y120.959 E.37591
G1 X103.398 Y120.567 F18000
M204 P1500
;TYPE:Inner wall
;WIDTH:0.45
G1 F6000
G1 X103.398 Y125.442 E.16005
G3 X102.602 Y124.153 I.682 J-1.311 E.0522
G1 X102.602 Y84.335 E1.30736
G3 X110.501 Y76.944 I7.4 J-.008 E.39831
G3 X117.398 Y84.335 I-.523 J7.402 E.36518
G1 X117.398 Y124.153 E1.30735
G3 X116.602 Y125.442 I-1.478 J-.023 E.0522
G1 X116.602 Y120.567 E.16005
G1 X110.81 Y120.567 E.19019
G1 X110.76 Y120.388 E.0061
G2 X109.24 Y120.388 I-.76 J-1.638 E.32108
G1 X109.19 Y120.567 E.0061
G1 X103.458 Y120.567 E.18822
G1 E-1.75
;WIPE_START
G1 X103.446 Y121.567 E-.75
;WIPE_END
G1 X103.69 Y114.629 F18000
G1 E2.5 F6000
M204 P1000
;TYPE:Outer wall
;WIDTH:0.42
G1 F3600
G1 X103.69 Y84.311 E.92209
G3 X109.658 Y78.018 I6.31 J.008 E.29082
G3 X116.31 Y84.311 I.321 J6.322 E.31131
G1 X116.31 Y114.629 E.92209
G1 X103.75 Y114.629 E.382
G1 X103.298 Y114.629 F18000
M204 P1500
;TYPE:Inner wall
;WIDTH:0.45
G1 F6000
G1 X103.298 Y84.3 E.9958
G3 X109.637 Y77.626 I6.702 J.018 E.33315
G3 X116.702 Y84.3 I.342 J6.715 E.35665
G1 X116.702 Y115.021 E1.00868
G1 X103.298 Y115.021 E.4401
G1 X103.298 Y114.689 E.0109
G1 E-1.75
;WIPE_START
G1 X103.298 Y113.689 E-.75
;WIPE_END
G1 X111.647 Y117.274 F18000
G1 E2.5 F6000
G1 X111.604 Y117.225 E.00214
G2 X108.293 Y120.16 I-1.604 J1.526 E.22325
G1 X103.009 Y120.16 E.17348
G1 X103.009 Y115.428 E.15536
G1 X116.991 Y115.428 E.45907
G1 X116.991 Y120.16 E.15536
G1 X111.707 Y120.16 E.17348
G2 X111.759 Y117.407 I-1.707 J-1.41 E.09758
G1 X111.686 Y117.319 E.00375
G1 X111.958 Y117.01 F18000
G1 F6000
G1 X111.898 Y116.946 E.00286
G2 X107.587 Y119.753 I-1.898 J1.798 E.2386
G1 X103.416 Y119.753 E.13695
G1 X103.416 Y115.835 E.12863
G1 X116.584 Y115.835 E.43233
G1 X116.584 Y119.753 E.12863
G1 X112.413 Y119.753 E.13695
G2 X112.082 Y117.162 I-2.413 J-1.008 E.0898
G1 X111.995 Y117.056 E.00447
G1 X112.268 Y116.746 F18000
G1 F6000
G1 X112.197 Y116.663 E.00359
G1 X111.753 Y116.242 E.02008
G1 X116.177 Y116.242 E.14525
G1 X116.177 Y119.346 E.10189
G1 X112.963 Y119.346 E.1055
G2 X112.408 Y116.914 I-2.992 J-.596 E.08438
G1 X112.306 Y116.792 E.00519
G1 E-1.75
;WIPE_START
G1 X112.197 Y116.663 E-.12706
G1 X111.753 Y116.242 E-.45871
G1 X111.972 Y116.242 E-.16424
;WIPE_END
G1 X108.247 Y116.242 F18000
G1 E2.5 F6000
G1 X107.803 Y116.663 E.02008
G2 X107.037 Y119.346 I2.226 J2.087 E.09514
G1 X103.823 Y119.346 E.1055
G1 X103.823 Y116.242 E.10189
G1 X108.187 Y116.242 E.14328
G1 E-1.75
;WIPE_START
G1 X107.803 Y116.663 E-.42717
G1 X107.591 Y116.913 E-.24574
G1 X107.533 Y116.998 E-.0771
;WIPE_END
G1 X111.037 Y117.792 F18000
G1 E2.5 F6000
M204 P1000
;TYPE:Outer wall
;WIDTH:0.42
G1 F3600
G1 X111.208 Y118.017 E.0086
G3 X109.772 Y117.352 I-1.208 J.726 E.21822
G1 X109.924 Y117.336 E.00464
G3 X110.997 Y117.748 I.076 J1.407 E.03603
G1 E-1.75 F6000
;WIPE_START
G1 F3600
G1 X111.208 Y118.017 E-.2567
G1 X111.28 Y118.152 E-.11451
G1 X111.377 Y118.441 E-.22873
G1 X111.399 Y118.64 E-.15005
;WIPE_END
G1 X111.392 Y120.219 F18000
G1 E2.5 F6000
M204 P2000
;TYPE:Gap infill
;WIDTH:0.108823
G1 X111.321 Y120.302 E.00058
G3 X111.236 Y120.345 I-.083 J-.059 E.00053
G1 X110.591 Y120.513 F18000
;WIDTH:0.475998
G1 F6000
G3 X109.409 Y120.513 I-.591 J-4.055 E.04144
G1 X108.764 Y120.345 F18000
;WIDTH:0.109634
G1 F6000
G3 X108.608 Y120.219 I.054 J-.227 E.00112
G1 E-2.2926
;WIPE_START
G1 X108.698 Y120.323 E-.1378
G1 X108.764 Y120.345 E-.0696
;WIPE_END
G1 X103.115 Y124.97 F18000
G1 E2.5 F6000
;WIDTH:0.360153
G1 X103.026 Y124.486 E.0126
;WIDTH:0.405297
G3 X103.003 Y124.274 I2.01 J-.319 E.00623
;WIDTH:0.431455
G1 X103 Y120.364 E.12254
G1 X105.375 Y117.794 F18000
;TYPE:Internal solid infill
;WIDTH:0.476736
G1 F6000
G1 X105.481 Y117.794 E.0037
G1 X106.059 Y117.389 F18000
;WIDTH:0.419999
G1 F6000
G1 X104.97 Y117.389 E.03315
G1 X104.97 Y118.2 E.02466
G1 X105.868 Y118.2 E.02731
G1 X106.04 Y117.446 E.02353
G1 X106.64 Y117.012 F18000
G1 F6000
G1 X104.592 Y117.012 E.06228
G1 X104.592 Y118.577 E.0476
G1 X106.224 Y118.577 E.04962
G1 X106.237 Y118.273 E.00923
G1 X106.387 Y117.591 E.02124
G1 X106.616 Y117.067 E.01742
G1 X107.337 Y116.635 F18000
G1 F6000
G1 X104.215 Y116.635 E.09494
G1 X104.215 Y118.954 E.07054
G1 X106.602 Y118.954 E.0726
G1 X106.6 Y118.396 E.01697
G1 X106.755 Y117.672 E.0225
G1 X107.061 Y117 E.02248
G1 X107.301 Y116.682 E.01209
G1 X108.462 Y116.353 F18000
;TYPE:Gap infill
;WIDTH:0.14284
G1 F6000
G1 X108.652 Y116.208 E.00193
;WIDTH:0.156697
G1 X108.779 Y116.122 E.0014
;WIDTH:0.182905
G1 X108.901 Y116.039 E.00167
G1 X109.065 Y116.062 F18000
;WIDTH:0.119086
G1 F6000
G2 X108.654 Y116.137 I1.175 J7.552 E.00256
G1 X111.346 Y116.137 F18000
;WIDTH:0.129805
G1 F6000
G2 X110.935 Y116.062 I-1.585 J7.478 E.00292
G1 X111.099 Y116.039 F18000
;WIDTH:0.170041
G1 F6000
G1 X111.221 Y116.122 E.00151
;WIDTH:0.157176
G1 X111.343 Y116.205 E.00136
;WIDTH:0.120405
G1 X111.538 Y116.353 E.00153
G1 X112.663 Y116.635 F18000
;TYPE:Internal solid infill
;WIDTH:0.419999
G1 F6000
G1 X112.939 Y117 E.01392
G1 X113.232 Y117.634 E.02124
G1 X113.395 Y118.354 E.02247
G1 X113.398 Y118.954 E.01823
G1 X115.785 Y118.954 E.0726
G1 X115.785 Y116.635 E.07054
G1 X112.723 Y116.635 E.09311
G1 X113.36 Y117.012 F18000
G1 F6000
G1 X113.574 Y117.475 E.01554
G3 X113.777 Y118.397 I-7.939 J2.227 E.02871
G1 X113.776 Y118.577 E.00547
G1 X115.408 Y118.577 E.04962
G1 X115.408 Y117.012 E.0476
G1 X113.42 Y117.012 E.06046
G1 X113.941 Y117.389 F18000
G1 F6000
G3 X114.141 Y118.2 I-83.158 J20.963 E.0254
G1 X115.03 Y118.2 E.02706
G1 X115.03 Y117.389 E.02466
G1 X114.001 Y117.389 E.03132
G1 X114.459 Y117.794 F18000
;WIDTH:0.476736
G1 F6000
G1 X114.565 Y117.794 E.0037
G1 X117 Y120.364 F18000
;TYPE:Gap infill
;WIDTH:0.431174
G1 F6000
G1 X117 Y124.143 E.11835
G3 X116.988 Y124.379 I-2.261 J.006 E.00741
;WIDTH:0.394222
G1 X116.974 Y124.486 E.00304
;WIDTH:0.380208
G1 X116.885 Y124.97 E.0134
G1 X117.05 Y115.225 F18000
;WIDTH:0.330912
G1 F6000
G1 X117.05 Y84.345 E.71728
G1 X117.009 Y83.557 E.01833
G1 X116.886 Y82.811 E.01755
G1 X116.678 Y82.061 E.01809
G1 X116.398 Y81.359 E.01755
G1 X116.041 Y80.684 E.01773
G1 X115.612 Y80.053 E.01773
G1 X115.123 Y79.477 E.01755
G1 X114.564 Y78.946 E.01791
G1 X113.956 Y78.484 E.01773
G1 X113.309 Y78.094 E.01755
G1 X112.609 Y77.77 E.01791
G1 X111.886 Y77.526 E.01773
G1 X111.148 Y77.364 E.01755
G1 X110.374 Y77.279 E.01809
G1 X109.618 Y77.28 E.01755
G1 X108.867 Y77.361 E.01755
G1 X108.107 Y77.529 E.01809
G1 X107.391 Y77.77 E.01755
G1 X106.698 Y78.09 E.01773
G1 X106.044 Y78.484 E.01773
G1 X105.442 Y78.941 E.01755
G1 X104.877 Y79.477 E.01809
G1 X104.388 Y80.053 E.01755
G1 X103.959 Y80.685 E.01773
G1 X103.599 Y81.366 E.01791
G1 X103.319 Y82.068 E.01755
G1 X103.115 Y82.804 E.01773
G1 X102.991 Y83.557 E.01773
G1 X102.95 Y84.345 E.01833
G1 X102.95 Y115.225 E.71728
; stop printing object LEG id:18398695746277035084 copy 0
;LAYER_CHANGE
;Z:17.64
;HEIGHT:0.199999
G92 E0 ; zero the extruded length again
; BEFORE_LAYER_CHANGE 87 @ 17.64mm
G1 E-1.75 F6000
;WIPE_START
G1 X102.95 Y114.225 E-.75
;WIPE_END
; AFTER_LAYER_CHANGE 87 @ 17.64mm
;_SET_FAN_SPEED_CHANGING_LAYER
; printing object LEG id:18398695746277035084 copy 0
G1 X103.79 Y120.959 Z17.64 F18000
G1 E2.5 F6000
M204 P1000
;TYPE:Outer wall
;WIDTH:0.42
G1 F3600
G1 X103.79 Y125.945 E.15165
G3 X102.21 Y124.164 I.216 J-1.783 E.07918
G1 X102.21 Y84.325 E1.21164
G3 X110.535 Y76.553 I7.787 J-.003 E.38848
G1 X111.26 Y76.632 E.02219
G3 X117.79 Y84.325 I-1.278 J7.702 E.33367
G1 X117.79 Y124.164 E1.21164
G3 X116.21 Y125.945 I-1.818 J-.02 E.07897
G1 X116.21 Y120.959 E.15165
G1 X103.85 Y120.959 E.37591
G1 X103.398 Y120.567 F18000
M204 P1500
;TYPE:Inner wall
;WIDTH:0.45
G1 F6000
G1 X103.398 Y125.442 E.16005
G3 X102.602 Y124.153 I.682 J-1.311 E.0522
G1 X102.602 Y84.335 E1.30736
G3 X110.492 Y76.943 I7.401 J-.008 E.39804
G3 X117.398 Y84.335 I-.515 J7.403 E.36546
G1 X117.398 Y124.153 E1.30735
G3 X116.602 Y125.442 I-1.478 J-.023 E.0522
G1 X116.602 Y120.567 E.16005
G1 X110.81 Y120.567 E.19019
G1 X110.76 Y120.388 E.0061
G2 X109.24 Y120.388 I-.76 J-1.638 E.32108
G1 X109.19 Y120.567 E.0061
G1 X103.458 Y120.567 E.18822
G1 E-1.75
;WIPE_START
G1 X103.446 Y121.567 E-.75
;WIPE_END
G1 X103.69 Y114.629 F18000
G1 E2.5 F6000
M204 P1000
;TYPE:Outer wall
;WIDTH:0.42
G1 F3600
G1 X103.69 Y84.311 E.92209
G3 X109.658 Y78.018 I6.31 J.008 E.29082
G3 X116.31 Y84.311 I.321 J6.322 E.31131
G1 X116.31 Y114.629 E.92209
G1 X103.75 Y114.629 E.382
G1 X103.298 Y114.629 F18000
M204 P1500
;TYPE:Inner wall
;WIDTH:0.45
G1 F6000
G1 X103.298 Y84.3 E.9958
G3 X109.637 Y77.626 I6.702 J.018 E.33315
G3 X116.702 Y84.3 I.342 J6.715 E.35665
G1 X116.702 Y115.021 E1.00868
G1 X103.298 Y115.021 E.4401
G1 X103.298 Y114.689 E.0109
G1 E-1.75
;WIPE_START
G1 X103.298 Y113.689 E-.75
;WIPE_END
G1 X111.638 Y117.262 F18000
G1 E2.5 F6000
G1 X111.604 Y117.225 E.00165
G2 X108.292 Y120.16 I-1.604 J1.526 E.22326
G1 X103.009 Y120.16 E.17346
G1 X103.009 Y115.428 E.15536
G1 X116.991 Y115.428 E.45907
G1 X116.991 Y120.16 E.15536
G1 X111.707 Y120.16 E.17348
G2 X111.759 Y117.407 I-1.707 J-1.409 E.09757
G1 X111.676 Y117.308 E.00424
G1 X111.948 Y116.998 F18000
G1 F6000
G1 X111.898 Y116.946 E.00237
G2 X107.587 Y119.753 I-1.898 J1.798 E.2386
G1 X103.416 Y119.753 E.13695
G1 X103.416 Y115.835 E.12863
G1 X116.584 Y115.835 E.43233
G1 X116.584 Y119.753 E.12863
G1 X112.413 Y119.753 E.13695
G2 X112.082 Y117.162 I-2.413 J-1.008 E.0898
G1 X111.986 Y117.045 E.00496
G1 X112.258 Y116.735 F18000
G1 F6000
G1 X112.197 Y116.663 E.0031
G1 X111.753 Y116.242 E.02008
G1 X116.177 Y116.242 E.14525
G1 X116.177 Y119.346 E.10189
G1 X112.963 Y119.346 E.1055
G2 X112.408 Y116.914 I-2.992 J-.596 E.08438
G1 X112.297 Y116.781 E.00569
G1 E-1.75
;WIPE_START
G1 X112.197 Y116.663 E-.11575
G1 X111.753 Y116.242 E-.45871
G1 X111.987 Y116.242 E-.17554
;WIPE_END
G1 X108.247 Y116.242 F18000
G1 E2.5 F6000
G1 X107.803 Y116.663 E.02008
G2 X107.037 Y119.346 I2.226 J2.087 E.09514
G1 X103.823 Y119.346 E.1055
G1 X103.823 Y116.242 E.10189
G1 X108.187 Y116.242 E.14328
G1 E-1.75
;WIPE_START
G1 X107.803 Y116.663 E-.42716
G1 X107.591 Y116.913 E-.24577
G1 X107.533 Y116.998 E-.07707
;WIPE_END
G1 X111.022 Y117.784 F18000
G1 E2.5 F6000
M204 P1000
;TYPE:Outer wall
;WIDTH:0.42
G1 F3600
G1 X111.122 Y117.891 E.00444
G3 X109.772 Y117.352 I-1.123 J.852 E.22287
G1 X109.924 Y117.336 E.00465
G3 X110.915 Y117.672 I.076 J1.407 E.03263
G1 X110.981 Y117.741 E.0029
G1 E-1.75 F6000
;WIPE_START
G1 F3600
G1 X111.122 Y117.891 E-.15457
G1 X111.28 Y118.152 E-.22865
G1 X111.377 Y118.441 E-.22878
G1 X111.397 Y118.624 E-.138
;WIPE_END
G1 X111.392 Y120.219 F18000
G1 E2.5 F6000
M204 P2000
;TYPE:Gap infill
;WIDTH:0.108824
G1 X111.321 Y120.302 E.00058
G3 X111.236 Y120.345 I-.083 J-.059 E.00053
G1 X110.591 Y120.513 F18000
;WIDTH:0.475999
G1 F6000
G3 X109.409 Y120.513 I-.591 J-4.055 E.04144
G1 X108.764 Y120.345 F18000
;WIDTH:0.110388
G1 F6000
G3 X108.604 Y120.215 I.054 J-.23 E.00116
G1 E-2.28738
;WIPE_START
G1 X108.697 Y120.322 E-.14152
G1 X108.764 Y120.345 E-.0711
;WIPE_END
G1 X103.115 Y124.97 F18000
G1 E2.5 F6000
;WIDTH:0.360151
G1 X103.026 Y124.486 E.0126
;WIDTH:0.405299
G3 X103.003 Y124.274 I2.009 J-.319 E.00623
;WIDTH:0.431455
G1 X103 Y120.364 E.12254
G1 X105.375 Y117.794 F18000
;TYPE:Internal solid infill
;WIDTH:0.476736
G1 F6000
G1 X105.481 Y117.794 E.0037
G1 X106.059 Y117.389 F18000
;WIDTH:0.419999
G1 F6000
G1 X104.97 Y117.389 E.03315
G1 X104.97 Y118.2 E.02466
G1 X105.868 Y118.2 E.02731
G1 X106.04 Y117.446 E.02353
G1 X106.64 Y117.012 F18000
G1 F6000
G1 X104.592 Y117.012 E.06228
G1 X104.592 Y118.577 E.0476
G1 X106.224 Y118.577 E.04962
G1 X106.237 Y118.274 E.00923
G1 X106.387 Y117.591 E.02125
G1 X106.616 Y117.067 E.01742
G1 X107.337 Y116.635 F18000
G1 F6000
G1 X104.215 Y116.635 E.09494
G1 X104.215 Y118.954 E.07054
G1 X106.602 Y118.954 E.0726
G1 X106.6 Y118.396 E.01697
G1 X106.755 Y117.672 E.0225
G1 X107.061 Y117 E.02247
G1 X107.301 Y116.682 E.01209
G1 X108.462 Y116.353 F18000
;TYPE:Gap infill
;WIDTH:0.142822
G1 F6000
G1 X108.652 Y116.208 E.00193
;WIDTH:0.156682
G1 X108.779 Y116.122 E.0014
;WIDTH:0.182899
G1 X108.901 Y116.039 E.00167
G1 X109.065 Y116.062 F18000
;WIDTH:0.119094
G1 F6000
G2 X108.655 Y116.137 I1.177 J7.565 E.00256
G1 X111.345 Y116.137 F18000
;WIDTH:0.129815
G1 F6000
G2 X110.935 Y116.062 I-1.588 J7.495 E.00292
G1 X111.099 Y116.039 F18000
;WIDTH:0.170043
G1 F6000
G1 X111.221 Y116.122 E.00151
;WIDTH:0.157182
G1 X111.343 Y116.205 E.00136
;WIDTH:0.12041
G1 X111.538 Y116.353 E.00153
G1 X112.663 Y116.635 F18000
;TYPE:Internal solid infill
;WIDTH:0.419999
G1 F6000
G1 X112.939 Y117 E.01391
G1 X113.232 Y117.634 E.02124
G1 X113.395 Y118.354 E.02248
G1 X113.398 Y118.954 E.01823
G1 X115.785 Y118.954 E.0726
G1 X115.785 Y116.635 E.07054
G1 X112.723 Y116.635 E.09311
G1 X113.36 Y117.012 F18000
G1 F6000
G1 X113.574 Y117.475 E.01554
G3 X113.777 Y118.397 I-7.939 J2.227 E.02871
G1 X113.776 Y118.577 E.00547
G1 X115.408 Y118.577 E.04962
G1 X115.408 Y117.012 E.0476
G1 X113.42 Y117.012 E.06046
G1 X113.941 Y117.389 F18000
G1 F6000
G3 X114.141 Y118.2 I-84.851 J21.384 E.0254
G1 X115.03 Y118.2 E.02706
G1 X115.03 Y117.389 E.02466
G1 X114.001 Y117.389 E.03132
G1 X114.459 Y117.794 F18000
;WIDTH:0.476736
G1 F6000
G1 X114.565 Y117.794 E.0037
G1 X117 Y120.364 F18000
;TYPE:Gap infill
;WIDTH:0.431174
G1 F6000
G1 X117 Y124.143 E.11835
G3 X116.988 Y124.379 I-2.26 J.006 E.00741
;WIDTH:0.394223
G1 X116.974 Y124.486 E.00304
;WIDTH:0.380204
G1 X116.885 Y124.97 E.01339
G1 X117.05 Y115.225 F18000
;WIDTH:0.330912
G1 F6000
G1 X117.05 Y84.345 E.71728
G1 X117.009 Y83.557 E.01833
G1 X116.886 Y82.811 E.01755
G1 X116.678 Y82.061 E.01809
G1 X116.398 Y81.359 E.01755
G1 X116.041 Y80.685 E.01773
G1 X115.612 Y80.053 E.01773
G1 X115.123 Y79.477 E.01755
G1 X114.564 Y78.946 E.01791
G1 X113.956 Y78.484 E.01773
G1 X113.309 Y78.094 E.01755
G1 X112.609 Y77.77 E.01791
G1 X111.886 Y77.526 E.01773
G1 X111.148 Y77.364 E.01755
G1 X110.374 Y77.279 E.01809
G1 X109.618 Y77.28 E.01755
G1 X108.867 Y77.361 E.01755
G1 X108.107 Y77.529 E.01809
G1 X107.391 Y77.77 E.01755
G1 X106.698 Y78.09 E.01773
G1 X106.044 Y78.484 E.01773
G1 X105.442 Y78.941 E.01755
G1 X104.877 Y79.477 E.01809
G1 X104.388 Y80.053 E.01755
G1 X103.959 Y80.685 E.01773
G1 X103.599 Y81.366 E.01791
G1 X103.319 Y82.068 E.01755
G1 X103.115 Y82.804 E.01773
G1 X102.991 Y83.557 E.01773
G1 X102.95 Y84.345 E.01833
G1 X102.95 Y115.225 E.71728
; stop printing object LEG id:18398695746277035084 copy 0
;LAYER_CHANGE
;Z:17.84
;HEIGHT:0.200001
G92 E0 ; zero the extruded length again
; BEFORE_LAYER_CHANGE 88 @ 17.84mm
G1 E-1.75 F6000
;WIPE_START
G1 X102.95 Y114.225 E-.75
;WIPE_END
; AFTER_LAYER_CHANGE 88 @ 17.84mm
;_SET_FAN_SPEED_CHANGING_LAYER
; printing object LEG id:18398695746277035084 copy 0
G1 X103.79 Y120.959 Z17.84 F18000
G1 E2.5 F6000
M204 P1000
;TYPE:Outer wall
;WIDTH:0.42
G1 F3600
G1 X103.79 Y125.945 E.15165
G3 X102.21 Y124.164 I.216 J-1.783 E.07918
G1 X102.21 Y84.325 E1.21164
G3 X110.526 Y76.552 I7.807 J.018 E.38793
G1 X111.26 Y76.632 E.02245
G3 X117.79 Y84.325 I-1.297 J7.719 E.3335
G1 X117.79 Y124.164 E1.21164
G3 X116.21 Y125.945 I-1.818 J-.02 E.07897
G1 X116.21 Y120.959 E.15165
G1 X103.85 Y120.959 E.37591
G1 X103.398 Y120.567 F18000
M204 P1500
;TYPE:Inner wall
;WIDTH:0.45
G1 F6000
G1 X103.398 Y125.442 E.16005
G3 X102.602 Y124.153 I.682 J-1.311 E.0522
G1 X102.602 Y84.335 E1.30736
G3 X110.484 Y76.942 I7.416 J.007 E.39753
G3 X117.398 Y84.335 I-.488 J7.386 E.36597
G1 X117.398 Y124.153 E1.30735
G3 X116.602 Y125.442 I-1.478 J-.023 E.0522
G1 X116.602 Y120.567 E.16005
G1 X110.81 Y120.567 E.19019
G1 X110.76 Y120.388 E.0061
G2 X109.24 Y120.388 I-.76 J-1.638 E.32108
G1 X109.19 Y120.567 E.0061
G1 X103.458 Y120.567 E.18822
G1 E-1.75
;WIPE_START
G1 X103.446 Y121.567 E-.75
;WIPE_END
G1 X103.69 Y114.629 F18000
G1 E2.5 F6000
M204 P1000
;TYPE:Outer wall
;WIDTH:0.42
G1 F3600
G1 X103.69 Y84.311 E.92209
G3 X109.658 Y78.018 I6.31 J.008 E.29082
G3 X116.31 Y84.311 I.321 J6.322 E.31131
G1 X116.31 Y114.629 E.92209
G1 X103.75 Y114.629 E.382
G1 X103.298 Y114.629 F18000
M204 P1500
;TYPE:Inner wall
;WIDTH:0.45
G1 F6000
G1 X103.298 Y84.3 E.9958
G3 X109.637 Y77.626 I6.702 J.018 E.33315
G3 X116.702 Y84.3 I.342 J6.715 E.35665
G1 X116.702 Y115.021 E1.00868
G1 X103.298 Y115.021 E.4401
G1 X103.298 Y114.689 E.0109
G1 E-1.75
;WIPE_START
G1 X103.298 Y113.689 E-.75
;WIPE_END
G1 X111.57 Y117.191 F18000
G1 E2.5 F6000
G1 X111.43 Y117.06 E.00627
G2 X108.293 Y120.16 I-1.43 J1.69 E.2154
G1 X103.009 Y120.16 E.17348
G1 X103.009 Y115.428 E.15536
G1 X116.991 Y115.428 E.45907
G1 X116.991 Y120.16 E.15536
G1 X111.707 Y120.16 E.17348
G2 X111.612 Y117.233 I-1.707 J-1.41 E.10506
G1 X111.85 Y116.895 F18000
G1 F6000
G1 X111.693 Y116.751 E.00699
G2 X107.587 Y119.753 I-1.693 J1.993 E.2293
G1 X103.416 Y119.753 E.13695
G1 X103.416 Y115.835 E.12863
G1 X116.584 Y115.835 E.43233
G1 X116.584 Y119.753 E.12863
G1 X112.413 Y119.753 E.13695
G2 X111.898 Y116.946 I-2.413 J-1.008 E.09911
G1 X111.891 Y116.939 E.00034
G1 X112.13 Y116.599 F18000
G1 F6000
G1 X111.753 Y116.242 E.01704
G1 X116.177 Y116.242 E.14525
G1 X116.177 Y119.346 E.10189
G1 X112.963 Y119.346 E.1055
G2 X112.197 Y116.663 I-2.992 J-.596 E.09514
G1 X112.173 Y116.641 E.00107
G1 E-1.75
;WIPE_START
G1 X111.753 Y116.242 E-.43433
G1 X112.174 Y116.242 E-.31567
;WIPE_END
G1 X108.247 Y116.242 F18000
G1 E2.5 F6000
G1 X107.803 Y116.663 E.02008
G2 X107.037 Y119.346 I2.226 J2.087 E.09514
G1 X103.823 Y119.346 E.1055
G1 X103.823 Y116.242 E.10189
G1 X108.187 Y116.242 E.14328
G1 E-1.75
;WIPE_START
G1 X107.803 Y116.663 E-.42717
G1 X107.591 Y116.913 E-.24573
G1 X107.533 Y116.998 E-.07711
;WIPE_END
G1 X111.015 Y117.777 F18000
G1 E2.5 F6000
M204 P1000
;TYPE:Outer wall
;WIDTH:0.42
G1 F3600
G1 X111.122 Y117.891 E.00477
G3 X109.772 Y117.352 I-1.123 J.852 E.22287
G1 X109.924 Y117.336 E.00464
G3 X110.913 Y117.669 I.076 J1.407 E.03253
G1 X110.973 Y117.733 E.00267
G1 E-1.75 F6000
;WIPE_START
G1 F3600
G1 X111.122 Y117.891 E-.16272
G1 X111.28 Y118.152 E-.22871
G1 X111.377 Y118.441 E-.22873
G1 X111.396 Y118.613 E-.12983
;WIPE_END
G1 X111.392 Y120.219 F18000
G1 E2.5 F6000
M204 P2000
;TYPE:Gap infill
;WIDTH:0.108826
G1 X111.321 Y120.302 E.00058
G3 X111.236 Y120.345 I-.083 J-.059 E.00053
G1 X110.591 Y120.513 F18000
;WIDTH:0.475997
G1 F6000
G3 X109.409 Y120.513 I-.591 J-4.055 E.04144
G1 X108.764 Y120.345 F18000
;WIDTH:0.109631
G1 F6000
G3 X108.608 Y120.219 I.054 J-.227 E.00112
G1 E-2.29262
;WIPE_START
G1 X108.698 Y120.323 E-.13779
G1 X108.764 Y120.345 E-.06959
;WIPE_END
G1 X103.115 Y124.97 F18000
G1 E2.5 F6000
;WIDTH:0.360149
G1 X103.026 Y124.486 E.0126
;WIDTH:0.405298
G3 X103.003 Y124.274 I2.01 J-.319 E.00623
;WIDTH:0.431455
G1 X103 Y120.364 E.12254
G1 X105.375 Y117.794 F18000
;TYPE:Internal solid infill
;WIDTH:0.476736
G1 F6000
G1 X105.481 Y117.794 E.0037
G1 X106.059 Y117.389 F18000
;WIDTH:0.419999
G1 F6000
G1 X104.97 Y117.389 E.03315
G1 X104.97 Y118.2 E.02466
G1 X105.868 Y118.2 E.02731
G1 X106.04 Y117.446 E.02353
G1 X106.64 Y117.012 F18000
G1 F6000
G1 X104.592 Y117.012 E.06228
G1 X104.592 Y118.577 E.0476
G1 X106.224 Y118.577 E.04962
G1 X106.237 Y118.273 E.00923
G1 X106.387 Y117.591 E.02124
G1 X106.616 Y117.067 E.01742
G1 X107.337 Y116.635 F18000
G1 F6000
G1 X104.215 Y116.635 E.09494
G1 X104.215 Y118.954 E.07054
G1 X106.602 Y118.954 E.0726
G1 X106.6 Y118.396 E.01697
G1 X106.755 Y117.672 E.0225
G1 X107.061 Y117 E.02248
G1 X107.301 Y116.682 E.01209
G1 X108.462 Y116.353 F18000
;TYPE:Gap infill
;WIDTH:0.142847
G1 F6000
G1 X108.652 Y116.208 E.00193
;WIDTH:0.156703
G1 X108.779 Y116.122 E.0014
;WIDTH:0.182911
G1 X108.901 Y116.039 E.00167
G1 X109.065 Y116.062 F18000
;WIDTH:0.119088
G1 F6000
G2 X108.654 Y116.137 I1.174 J7.543 E.00256
G1 X111.345 Y116.137 F18000
;WIDTH:0.129809
G1 F6000
G2 X110.935 Y116.062 I-1.596 J7.545 E.00292
G1 X111.099 Y116.039 F18000
;WIDTH:0.170034
G1 F6000
G1 X111.221 Y116.122 E.00151
;WIDTH:0.157169
G1 X111.343 Y116.205 E.00136
;WIDTH:0.120403
G1 X111.538 Y116.353 E.00153
G1 X112.663 Y116.635 F18000
;TYPE:Internal solid infill
;WIDTH:0.419999
G1 F6000
G1 X112.939 Y117 E.01392
G1 X113.232 Y117.634 E.02124
G1 X113.395 Y118.354 E.02247
G1 X113.398 Y118.954 E.01823
G1 X115.785 Y118.954 E.0726
G1 X115.785 Y116.635 E.07054
G1 X112.723 Y116.635 E.09311
G1 X113.36 Y117.012 F18000
G1 F6000
G1 X113.574 Y117.475 E.01554
G3 X113.777 Y118.397 I-7.939 J2.227 E.02871
G1 X113.776 Y118.577 E.00547
G1 X115.408 Y118.577 E.04962
G1 X115.408 Y117.012 E.0476
G1 X113.42 Y117.012 E.06046
G1 X113.941 Y117.389 F18000
G1 F6000
G3 X114.141 Y118.2 I-84.889 J21.394 E.0254
G1 X115.03 Y118.2 E.02706
G1 X115.03 Y117.389 E.02466
G1 X114.001 Y117.389 E.03132
G1 X114.459 Y117.794 F18000
;WIDTH:0.476736
G1 F6000
G1 X114.565 Y117.794 E.0037
G1 X117 Y120.364 F18000
;TYPE:Gap infill
;WIDTH:0.431174
G1 F6000
G1 X117 Y124.143 E.11835
G3 X116.988 Y124.379 I-2.261 J.006 E.00741
;WIDTH:0.394221
G1 X116.974 Y124.486 E.00304
;WIDTH:0.380203
G1 X116.885 Y124.97 E.01339
G1 X117.05 Y115.225 F18000
;WIDTH:0.330912
G1 F6000
G1 X117.05 Y84.345 E.71728
G1 X117.009 Y83.557 E.01833
G1 X116.886 Y82.811 E.01755
G1 X116.678 Y82.061 E.01809
G1 X116.398 Y81.359 E.01755
G1 X116.041 Y80.685 E.01773
G1 X115.607 Y80.047 E.01791
G1 X115.118 Y79.471 E.01755
G1 X114.564 Y78.946 E.01773
G1 X113.956 Y78.484 E.01773
G1 X113.309 Y78.094 E.01755
G1 X112.609 Y77.77 E.01791
G1 X111.886 Y77.526 E.01773
G1 X111.148 Y77.364 E.01755
G1 X110.374 Y77.279 E.01809
G1 X109.618 Y77.28 E.01755
G1 X108.867 Y77.361 E.01755
G1 X108.107 Y77.529 E.01809
G1 X107.391 Y77.77 E.01755
G1 X106.698 Y78.09 E.01773
G1 X106.044 Y78.484 E.01773
G1 X105.442 Y78.941 E.01755
G1 X104.877 Y79.477 E.01809
G1 X104.388 Y80.053 E.01755
G1 X103.959 Y80.685 E.01773
G1 X103.599 Y81.366 E.01791
G1 X103.319 Y82.068 E.01755
G1 X103.115 Y82.804 E.01773
G1 X102.991 Y83.557 E.01773
G1 X102.95 Y84.345 E.01833
G1 X102.95 Y115.225 E.71728
; stop printing object LEG id:18398695746277035084 copy 0
;LAYER_CHANGE
;Z:18.04
;HEIGHT:0.200001
G92 E0 ; zero the extruded length again
; BEFORE_LAYER_CHANGE 89 @ 18.04mm
G1 E-1.75 F6000
;WIPE_START
G1 X102.95 Y114.225 E-.75
;WIPE_END
; AFTER_LAYER_CHANGE 89 @ 18.04mm
;_SET_FAN_SPEED_CHANGING_LAYER
; printing object LEG id:18398695746277035084 copy 0
G1 X103.79 Y120.959 Z18.04 F18000
G1 E2.5 F6000
M204 P1000
;TYPE:Outer wall
;WIDTH:0.42
G1 F3600
G1 X103.79 Y125.945 E.15165
G3 X102.21 Y124.164 I.238 J-1.802 E.07897
G1 X102.21 Y84.325 E1.21164
G3 X110.518 Y76.551 I7.808 J.018 E.38768
G1 X111.26 Y76.632 E.02271
G3 X117.79 Y84.325 I-1.297 J7.719 E.3335
G1 X117.79 Y124.164 E1.21164
G3 X116.21 Y125.945 I-1.818 J-.02 E.07897
G1 X116.21 Y120.959 E.15165
G1 X103.85 Y120.959 E.37591
G1 X103.408 Y120.577 F18000
M204 P1500
;TYPE:Inner wall
;WIDTH:0.45
G1 F6000
G1 X103.398 Y125.442 E.15974
G3 X102.602 Y124.153 I.692 J-1.318 E.05216
G1 X102.602 Y84.335 E1.30736
G3 X110.476 Y76.941 I7.416 J.008 E.39726
G3 X117.398 Y84.335 I-.48 J7.386 E.36625
G1 X117.398 Y124.153 E1.30735
G3 X116.602 Y125.442 I-1.478 J-.023 E.0522
G1 X116.582 Y115.738 E.31862
G1 X103.418 Y115.738 E.43219
G1 X103.408 Y120.517 E.15691
G1 E-1.75
;WIPE_START
G1 X103.406 Y121.517 E-.75
;WIPE_END
G1 X103.69 Y114.629 F18000
G1 E2.5 F6000
M204 P1000
;TYPE:Outer wall
;WIDTH:0.42
G1 F3600
G1 X103.69 Y84.311 E.92209
G3 X109.658 Y78.018 I6.31 J.008 E.29082
G3 X116.31 Y84.311 I.321 J6.322 E.31131
G1 X116.31 Y114.629 E.92209
G1 X103.75 Y114.629 E.382
G1 X103.298 Y114.629 F18000
M204 P1500
;TYPE:Inner wall
;WIDTH:0.45
G1 F6000
G1 X103.298 Y84.3 E.9958
G3 X109.637 Y77.626 I6.702 J.018 E.33315
G3 X116.702 Y84.3 I.342 J6.715 E.35665
G1 X116.702 Y115.021 E1.00868
G1 X103.298 Y115.021 E.4401
G1 X103.298 Y114.689 E.0109
G1 E-1.75
;WIPE_START
G1 X103.298 Y113.689 E-.75
;WIPE_END
G1 X111.027 Y117.778 F18000
G1 E2.5 F6000
M204 P1000
;TYPE:Outer wall
;WIDTH:0.42
G1 F3600
G1 X111.208 Y118.017 E.00911
G3 X109.772 Y117.352 I-1.208 J.726 E.21822
G1 X109.924 Y117.336 E.00464
G3 X110.985 Y117.736 I.076 J1.407 E.03551
G1 E-1.75 F6000
;WIPE_START
G1 F3600
G1 X111.208 Y118.017 E-.2693
G1 X111.28 Y118.152 E-.11451
G1 X111.377 Y118.441 E-.22874
G1 X111.397 Y118.623 E-.13745
;WIPE_END
G1 X111.593 Y118.588 F18000
G1 E2.5 F6000
M204 P2000
;TYPE:Gap infill
;WIDTH:0.274279
G1 X111.723 Y118.741 E.00375
G1 X111.676 Y119.023 E.00534
;WIDTH:0.233966
G1 X111.648 Y119.112 E.00143
;WIDTH:0.196466
G1 X111.536 Y119.389 E.00371
;WIDTH:0.152489
G1 X111.407 Y119.593 E.00213
;WIDTH:0.121748
G3 X111.179 Y119.854 I-.965 J-.61 E.00221
G1 X111.275 Y120.755 F18000
;WIDTH:0.134365
G1 F6000
G2 X111.66 Y120.642 I-1.039 J-4.244 E.00297
G1 X111.692 Y120.68 F18000
M204 P1000
;TYPE:Top surface
;WIDTH:0.42
G1 F3600
G1 X111.983 Y120.44 E.01146
G1 X112.32 Y120.038 E.01597
G1 X112.578 Y119.582 E.01594
G1 X112.748 Y119.087 E.01591
G1 X112.825 Y118.571 E.01588
G1 X112.805 Y118.05 E.01585
G1 X112.69 Y117.543 E.01582
G1 X112.485 Y117.066 E.01578
G1 X112.195 Y116.637 E.01575
G1 X111.832 Y116.269 E.01572
G1 X111.49 Y116.032 E.01267
G1 X111.464 Y116.069 F18000
M204 P2000
;TYPE:Gap infill
;WIDTH:0.128623
G1 F6000
G2 X110.953 Y115.96 I-1.021 J3.542 E.00361
G1 X112.134 Y116.032 F18000
M204 P1000
;TYPE:Top surface
;WIDTH:0.42
G1 F3600
G1 X112.513 Y116.431 E.01674
G1 X112.818 Y116.891 E.01678
G1 X113.039 Y117.397 E.01681
G1 X113.169 Y117.935 E.01684
G1 X113.205 Y118.489 E.01686
G1 X113.144 Y119.041 E.01689
G1 X112.989 Y119.575 E.01692
G1 X112.745 Y120.075 E.01695
G1 X112.417 Y120.527 E.01697
G1 X112.26 Y120.68 E.00667
G1 X112.131 Y120.771 F18000
M204 P2000
;TYPE:Gap infill
;WIDTH:0.126043
G1 F6000
G1 X112.138 Y120.555 E.00145
G1 X112.766 Y120.68 F18000
M204 P1000
;TYPE:Top surface
;WIDTH:0.42
G1 F3600
G1 X112.901 Y120.522 E.00631
G1 X113.206 Y120.018 E.01792
G1 X113.424 Y119.471 E.01789
G1 X113.55 Y118.898 E.01787
G1 X113.581 Y118.312 E.01785
G1 X113.516 Y117.729 E.01782
G1 X113.357 Y117.166 E.0178
G1 X113.109 Y116.637 E.01777
G1 X112.777 Y116.157 E.01775
G1 X112.656 Y116.032 E.00531
G1 X112.843 Y115.941 F18000
M204 P2000
;TYPE:Gap infill
;WIDTH:0.157805
G1 F6000
G1 X113.101 Y116.063 E.00265
G1 X113.145 Y116.032 F18000
M204 P1000
;TYPE:Top surface
;WIDTH:0.42
G1 F3600
G1 X113.382 Y116.36 E.01232
G1 X113.661 Y116.907 E.01868
G1 X113.85 Y117.492 E.01871
G1 X113.947 Y118.101 E.01873
G1 X113.948 Y118.717 E.01875
G1 X113.854 Y119.327 E.01877
G1 X113.665 Y119.916 E.0188
G1 X113.388 Y120.469 E.01882
G1 X113.237 Y120.68 E.0079
G1 X113.687 Y120.68 F18000
G1 F3600
G1 X113.845 Y120.425 E.00913
G1 X114.1 Y119.83 E.01968
G1 X114.264 Y119.205 E.01966
G1 X114.334 Y118.563 E.01964
G1 X114.308 Y117.919 E.01962
G1 X114.187 Y117.286 E.0196
G1 X113.973 Y116.679 E.01958
G1 X113.672 Y116.111 E.01956
G1 X113.613 Y116.032 E.003
G1 X113.788 Y115.941 F18000
M204 P2000
;TYPE:Gap infill
;WIDTH:0.145188
G1 F6000
G1 X114.003 Y116.061 E.00203
G1 X114.058 Y116.032 F18000
M204 P1000
;TYPE:Top surface
;WIDTH:0.42
G1 F3600
G1 X114.323 Y116.539 E.01742
G1 X114.547 Y117.172 E.02041
G1 X114.677 Y117.831 E.02043
G1 X114.713 Y118.502 E.02045
G1 X114.653 Y119.173 E.02047
G1 X114.498 Y119.828 E.02049
G1 X114.251 Y120.456 E.02051
G1 X114.123 Y120.68 E.00785
G1 X114.557 Y120.68 F18000
G1 F3600
G1 X114.846 Y119.976 E.02315
G1 X115.014 Y119.297 E.02129
G1 X115.088 Y118.601 E.02127
G1 X115.065 Y117.902 E.02126
G1 X114.947 Y117.214 E.02124
G1 X114.736 Y116.549 E.02122
G1 X114.489 Y116.032 E.01744
G1 E-1.75 F6000
;WIPE_START
G1 F3600
G1 X114.736 Y116.549 E-.42996
G1 X114.865 Y116.956 E-.32004
;WIPE_END
G1 X116.357 Y119.313 F18000
G1 E2.5 F6000
M204 P2000
;TYPE:Gap infill
;WIDTH:0.123383
G1 X116.339 Y119.553 E.00156
;WIDTH:0.140973
G1 X116.32 Y119.793 E.0019
;WIDTH:0.180656
G1 X116.292 Y119.995 E.00227
;WIDTH:0.224094
G1 X116.265 Y120.19 E.00288
;WIDTH:0.266756
G1 X116.238 Y120.385 E.00355
G1 X116.287 Y120.403 F18000
M204 P1000
;TYPE:Top surface
;WIDTH:0.42
G1 F3600
G1 X116.186 Y120.68 E.00897
G1 X116.328 Y120.752 F18000
M204 P2000
;TYPE:Gap infill
;WIDTH:0.110506
G1 F6000
G1 X116.157 Y120.722 E.00095
;WIDTH:0.132842
G1 X115.986 Y120.691 E.00126
G1 X115.786 Y120.68 F18000
M204 P1000
;TYPE:Top surface
;WIDTH:0.42
G1 F3600
G1 X115.869 Y120.483 E.00651
G1 X116.08 Y119.738 E.02353
G1 X116.197 Y118.974 E.02352
G1 X116.218 Y118.201 E.02351
G1 X116.144 Y117.433 E.02349
G1 X115.975 Y116.679 E.02348
G1 X115.742 Y116.032 E.02094
G1 X115.327 Y116.032 F18000
G1 F3600
G1 X115.549 Y116.579 E.01795
G1 X115.738 Y117.303 E.02275
G1 X115.833 Y118.045 E.02277
G1 X115.833 Y118.794 E.02278
G1 X115.737 Y119.537 E.02279
G1 X115.546 Y120.263 E.02281
G1 X115.377 Y120.68 E.0137
G1 X115.506 Y120.752 F18000
M204 P2000
;TYPE:Gap infill
;WIDTH:0.111991
G1 F6000
G1 X115.338 Y120.719 E.00096
;WIDTH:0.135812
G1 X115.169 Y120.687 E.00129
G1 X114.965 Y120.68 F18000
M204 P1000
;TYPE:Top surface
;WIDTH:0.42
G1 F3600
G1 X115.12 Y120.336 E.01148
G1 X115.329 Y119.641 E.02207
G1 X115.444 Y118.925 E.02205
G1 X115.464 Y118.201 E.02204
G1 X115.387 Y117.481 E.02202
G1 X115.217 Y116.778 E.022
G1 X114.914 Y116.032 E.02448
G1 X115.086 Y115.941 F18000
M204 P2000
;TYPE:Gap infill
;WIDTH:0.147457
G1 F6000
G1 X115.194 Y116.011 E.00108
G1 X115.325 Y115.985 E.00113
;WIDTH:0.111576
G1 X115.457 Y115.959 E.00074
G1 X115.527 Y116.022 F18000
;WIDTH:0.134725
G1 F6000
G1 X115.706 Y115.991 E.00135
;WIDTH:0.111448
G1 X115.886 Y115.96 E.00101
G1 X115.939 Y116.023 F18000
;WIDTH:0.1343
G1 F6000
G1 X116.106 Y115.991 E.00126
;WIDTH:0.111235
G1 X116.273 Y115.96 E.00094
G1 X116.14 Y116.032 F18000
M204 P1000
;TYPE:Top surface
;WIDTH:0.42
G1 F3600
G3 X116.287 Y116.419 I-1.523 J.801 E.01265
G1 X116.237 Y116.433 F18000
M204 P2000
;TYPE:Gap infill
;WIDTH:0.270134
G1 F6000
G1 X116.264 Y116.594 E.00301
;WIDTH:0.246094
G1 X116.288 Y116.804 E.00345
;WIDTH:0.201082
G1 X116.31 Y117 E.00251
;WIDTH:0.157604
G1 X116.332 Y117.196 E.00182
;WIDTH:0.114126
G1 X116.353 Y117.392 E.00113
;WIDTH:0.0903025
G1 X116.356 Y117.448 E.00022
G1 X116.977 Y115.431 F18000
;WIDTH:0.458591
G1 F6000
G1 X116.941 Y115.417 E.00128
;WIDTH:0.418997
G1 X116.906 Y115.403 E.00116
;WIDTH:0.352642
G1 X116.785 Y115.379 E.00307
G1 X103.215 Y115.379 E.33899
G1 X103.094 Y115.403 E.00307
;WIDTH:0.418997
G1 X103.059 Y115.417 E.00116
;WIDTH:0.452554
G1 X103.023 Y115.431 E.00126
G1 X103.01 Y115.534 E.00345
G1 X103.01 Y120.274 E.15661
G1 X103.215 Y120.351 F18000
;WIDTH:0.130028
G1 F6000
G1 X103.189 Y120.341 E.00019
;WIDTH:0.153042
G1 X103.164 Y120.332 E.00024
;WIDTH:0.19907
G1 X103.138 Y120.322 E.00034
;WIDTH:0.245098
G1 X103.113 Y120.312 E.00045
;WIDTH:0.291126
G1 X103.087 Y120.303 E.00055
;WIDTH:0.337154
G1 X103.061 Y120.293 E.00065
;WIDTH:0.383182
G1 X103.036 Y120.284 E.00075
;WIDTH:0.42921
G1 X103.01 Y120.274 E.00085
;WIDTH:0.43141
G1 X103 Y124.143 E.12123
G2 X103.012 Y124.379 I2.259 J.006 E.00741
;WIDTH:0.394234
G1 X103.026 Y124.486 E.00304
;WIDTH:0.380216
G1 X103.115 Y124.97 E.01339
G1 E-2.00763
;WIPE_START
G1 X103.026 Y124.486 E-.49237
;WIPE_END
G1 X108.381 Y118.729 F18000
G1 E2.5 F6000
;WIDTH:0.116163
G1 X108.374 Y118.569 E.00094
;WIDTH:0.130261
G1 X108.374 Y118.478 E.00065
;WIDTH:0.158242
G1 X108.374 Y118.39 E.00082
;WIDTH:0.195985
G3 X108.402 Y118.211 I.799 J.03 E.00224
;WIDTH:0.228539
G1 X108.423 Y118.116 E.00145
;WIDTH:0.256418
G1 X108.443 Y118.031 E.00151
;WIDTH:0.282622
G3 X108.508 Y117.865 I.715 J.183 E.00344
G1 X108.552 Y117.872 F18000
M204 P1000
;TYPE:Top surface
;WIDTH:0.42
G1 F3600
G1 X108.709 Y117.51 E.01202
G1 X108.948 Y117.206 E.01175
G1 X109.256 Y116.97 E.0118
G1 X109.614 Y116.816 E.01186
G1 X110.001 Y116.753 E.01192
G1 X110.393 Y116.787 E.01197
G1 X110.767 Y116.915 E.01202
G1 X111.1 Y117.131 E.01208
G1 X111.373 Y117.422 E.01213
G1 X111.57 Y117.771 E.01218
G1 X111.678 Y118.158 E.01224
G1 X111.682 Y118.606 E.01362
G1 X111.398 Y117.927 F18000
M204 P2000
;TYPE:Gap infill
;WIDTH:0.105635
G1 F6000
G2 X111.301 Y117.753 I-1.283 J.6 E.00101
;WIDTH:0.138294
G1 X111.171 Y117.57 E.00172
;WIDTH:0.190658
G1 X110.939 Y117.352 E.0038
G2 X110.785 Y117.254 I-2.048 J3.039 E.00217
;WIDTH:0.235332
G2 X109.692 Y117.085 I-.764 J1.329 E.01755
;WIDTH:0.196269
G1 X109.38 Y117.197 E.00411
;WIDTH:0.157618
G1 X109.226 Y117.29 E.00166
;WIDTH:0.12507
G2 X109.008 Y117.468 I.452 J.781 E.00187
G1 E-2.21832
;WIPE_START
G1 X109.226 Y117.29 E-.28168
;WIPE_END
G1 X109.164 Y115.96 F18000
G1 E2.5 F6000
;WIDTH:0.112701
G1 X109.067 Y115.975 E.00055
G2 X108.664 Y116.067 I1.591 J7.883 E.00233
G1 X108.643 Y116.032 F18000
M204 P1000
;TYPE:Top surface
;WIDTH:0.42
G1 F3600
G1 X108.494 Y116.117 E.00523
G1 X108.108 Y116.448 E.01547
G1 X107.792 Y116.845 E.01543
G1 X107.557 Y117.294 E.0154
G1 X107.411 Y117.778 E.01537
G1 X107.36 Y118.279 E.01533
G1 X107.405 Y118.78 E.0153
G1 X107.544 Y119.263 E.01527
G1 X107.772 Y119.709 E.01523
G1 X108.08 Y120.102 E.0152
G1 X108.457 Y120.428 E.01517
G1 X108.902 Y120.68 E.01555
G1 X108.881 Y120.744 F18000
M204 P2000
;TYPE:Gap infill
;WIDTH:0.262305
G1 F6000
G1 X109.04 Y120.651 E.00327
G1 X109.167 Y120.675 E.00228
;WIDTH:0.21123
G1 X109.293 Y120.698 E.00175
;WIDTH:0.162925
G1 X109.567 Y120.721 E.00265
;WIDTH:0.122659
G1 X109.805 Y120.74 E.00154
;WIDTH:0.114996
G1 X110.308 Y120.728 E.00292
;WIDTH:0.150854
G1 X110.495 Y120.704 E.00165
;WIDTH:0.196892
G1 X110.654 Y120.683 E.00198
;WIDTH:0.239247
G1 X110.812 Y120.662 E.00253
;WIDTH:0.243032
G1 X110.833 Y120.629 E.00063
;WIDTH:0.204521
G1 X110.874 Y120.517 E.00155
G1 X110.953 Y120.68 F18000
M204 P1000
;TYPE:Top surface
;WIDTH:0.42
G1 F3600
G1 X111.263 Y120.529 E.01049
G1 X111.654 Y120.233 E.01493
G1 X111.979 Y119.867 E.01489
G1 X112.226 Y119.445 E.01486
G1 X112.385 Y118.985 E.01482
G1 X112.45 Y118.503 E.01479
G1 X112.419 Y118.019 E.01475
G1 X112.294 Y117.552 E.01471
G1 X112.079 Y117.12 E.01468
G1 X111.783 Y116.74 E.01464
G1 X111.419 Y116.427 E.01461
G1 X111.001 Y116.193 E.01457
G1 X110.545 Y116.049 E.01453
G1 X110.384 Y116.032 E.00492
G1 X110.379 Y116.078 F18000
M204 P2000
;TYPE:Gap infill
;WIDTH:0.301718
G1 F6000
G2 X109.732 Y116.082 I-.307 J3.102 E.01354
G1 X109.727 Y116.032 F18000
M204 P1000
;TYPE:Top surface
;WIDTH:0.42
G1 F3600
G1 X109.598 Y116.044 E.00394
G1 X109.145 Y116.184 E.01442
G1 X108.731 Y116.412 E.01438
G1 X108.372 Y116.718 E.01435
G1 X108.083 Y117.089 E.01431
G1 X107.877 Y117.511 E.01427
G1 X107.761 Y117.964 E.01423
G1 X107.741 Y118.43 E.01419
G1 X107.816 Y118.889 E.01415
G1 X107.984 Y119.322 E.01412
G1 X108.237 Y119.71 E.01408
G1 X108.563 Y120.036 E.01404
G1 X108.949 Y120.287 E.014
G1 X109.378 Y120.451 E.01396
G1 X109.83 Y120.522 E.01392
G1 X110.285 Y120.497 E.01388
G1 X110.724 Y120.378 E.01384
G1 X111.127 Y120.169 E.0138
G1 X111.476 Y119.881 E.01375
G1 X111.755 Y119.527 E.01371
G1 X111.951 Y119.122 E.01367
G1 X112.057 Y118.687 E.01363
G1 X112.067 Y118.24 E.01359
G1 X111.982 Y117.803 E.01355
G1 X111.805 Y117.396 E.0135
G1 X111.546 Y117.037 E.01346
G1 X111.216 Y116.745 E.01342
G1 X110.831 Y116.531 E.01337
G1 X110.411 Y116.407 E.01333
G1 X109.975 Y116.377 E.01329
G1 X109.545 Y116.444 E.01324
G1 X109.141 Y116.603 E.0132
G1 X108.784 Y116.846 E.01315
G1 X108.49 Y117.161 E.01311
G1 X108.274 Y117.533 E.01306
G1 X108.147 Y117.941 E.01302
G1 X108.115 Y118.367 E.01297
G1 X108.179 Y118.787 E.01292
G1 X108.335 Y119.18 E.01288
G1 X108.393 Y119.264 E.00309
G1 X108.352 Y119.292 F18000
M204 P2000
;TYPE:Gap infill
;WIDTH:0.278589
G1 F6000
G1 X108.439 Y119.459 E.00358
;WIDTH:0.261576
G2 X108.544 Y119.614 I.879 J-.485 E.0033
;WIDTH:0.218175
G1 X108.662 Y119.756 E.00261
;WIDTH:0.188891
G2 X108.791 Y119.885 I.965 J-.846 E.00215
;WIDTH:0.151358
G1 X108.933 Y119.996 E.00158
;WIDTH:0.114585
G2 X109.081 Y120.097 I1.57 J-2.158 E.00103
G1 X109.237 Y120.173 E.00101
G1 X108.611 Y120.76 F18000
;WIDTH:0.239865
G1 F6000
G1 X108.299 Y120.67 E.00515
G1 X108.294 Y120.643 E.00045
;WIDTH:0.204439
G1 X108.275 Y120.525 E.00155
G1 X108.173 Y120.68 F18000
M204 P1000
;TYPE:Top surface
;WIDTH:0.42
G1 F3600
G1 X108.109 Y120.638 E.00232
G1 X107.723 Y120.27 E.01624
G1 X107.408 Y119.837 E.01627
G1 X107.175 Y119.354 E.0163
G1 X107.032 Y118.837 E.01633
G1 X106.983 Y118.301 E.01636
G1 X107.03 Y117.765 E.01639
G1 X107.172 Y117.244 E.01641
G1 X107.404 Y116.756 E.01644
G1 X107.719 Y116.315 E.01647
G1 X108.011 Y116.032 E.01237
G1 X107.482 Y116.032 F18000
G1 F3600
G1 X107.257 Y116.292 E.01047
G1 X106.96 Y116.783 E.01745
G1 X106.75 Y117.316 E.01742
G1 X106.632 Y117.876 E.01739
G1 X106.609 Y118.446 E.01737
G1 X106.682 Y119.012 E.01734
G1 X106.849 Y119.556 E.01732
G1 X107.105 Y120.064 E.01729
G1 X107.442 Y120.521 E.01726
G1 X107.607 Y120.68 E.00699
G1 X107.095 Y120.68 F18000
G1 F3600
G1 X106.834 Y120.341 E.01302
G1 X106.548 Y119.814 E.01823
G1 X106.351 Y119.247 E.01825
G1 X106.246 Y118.655 E.01827
G1 X106.237 Y118.054 E.0183
G1 X106.323 Y117.458 E.01832
G1 X106.503 Y116.882 E.01834
G1 X106.773 Y116.342 E.01837
G1 X106.995 Y116.032 E.01159
G1 X106.534 Y116.032 F18000
G1 F3600
G1 X106.304 Y116.41 E.01346
G1 X106.061 Y116.994 E.01925
G1 X105.909 Y117.608 E.01923
G1 X105.852 Y118.237 E.01921
G1 X105.891 Y118.866 E.01918
G1 X106.025 Y119.482 E.01916
G1 X106.251 Y120.069 E.01914
G1 X106.615 Y120.68 E.02162
G1 X106.44 Y120.771 F18000
M204 P2000
;TYPE:Gap infill
;WIDTH:0.111862
G1 F6000
G1 X106.217 Y120.651 E.00141
G1 X106.167 Y120.68 F18000
M204 P1000
;TYPE:Top surface
;WIDTH:0.42
G1 F3600
G1 X105.927 Y120.267 E.01453
G1 X105.684 Y119.656 E.01999
G1 X105.532 Y119.016 E.02001
G1 X105.475 Y118.36 E.02003
G1 X105.514 Y117.701 E.02005
G1 X105.648 Y117.055 E.02007
G1 X105.874 Y116.435 E.02009
G1 X106.092 Y116.032 E.01393
G1 X105.664 Y116.032 F18000
G1 F3600
G1 X105.5 Y116.349 E.01085
G1 X105.273 Y116.997 E.02091
G1 X105.138 Y117.671 E.02089
G1 X105.098 Y118.356 E.02087
G1 X105.154 Y119.039 E.02085
G1 X105.305 Y119.707 E.02083
G1 X105.548 Y120.347 E.02082
G1 X105.732 Y120.68 E.01156
G1 X105.303 Y120.68 F18000
G1 F3600
G1 X105.095 Y120.246 E.01462
G1 X104.877 Y119.57 E.02161
G1 X104.752 Y118.87 E.02163
G1 X104.722 Y118.159 E.02165
G1 X104.789 Y117.45 E.02166
G1 X104.95 Y116.756 E.02168
G1 X105.234 Y116.032 E.02365
G1 X104.828 Y116.032 F18000
G1 F3600
G1 X104.718 Y116.271 E.00802
G1 X104.499 Y116.976 E.02245
G1 X104.375 Y117.703 E.02243
G1 X104.345 Y118.44 E.02241
G1 X104.412 Y119.173 E.0224
G1 X104.573 Y119.891 E.02238
G1 X104.827 Y120.581 E.02237
G1 X104.878 Y120.68 E.00339
G1 E-1.75 F6000
;WIPE_START
G1 F3600
G1 X104.827 Y120.581 E-.08348
G1 X104.573 Y119.891 E-.55159
G1 X104.54 Y119.742 E-.11493
;WIPE_END
G1 X103.745 Y120.771 F18000
G1 E2.5 F6000
M204 P2000
;TYPE:Gap infill
;WIDTH:0.193676
G1 X103.697 Y120.487 E.0035
;WIDTH:0.174809
G1 X103.678 Y120.354 E.00142
;WIDTH:0.140154
G1 X103.66 Y120.222 E.00105
;WIDTH:0.122826
G1 X103.642 Y120.089 E.00086
G1 X103.641 Y116.467 F18000
;WIDTH:0.13472
G1 F6000
G1 X103.671 Y116.291 E.00132
;WIDTH:0.157996
G1 X103.7 Y116.116 E.00165
;WIDTH:0.204546
G1 X103.73 Y115.941 E.00232
G1 X103.865 Y115.96 F18000
;WIDTH:0.132371
G1 F6000
G1 X104.04 Y115.99 E.00128
;WIDTH:0.154471
G1 X104.215 Y116.02 E.0016
G1 X104.416 Y116.032 F18000
M204 P1000
;TYPE:Top surface
;WIDTH:0.42
G1 F3600
G1 X104.342 Y116.2 E.0056
G1 X104.123 Y116.93 E.02318
G1 X103.998 Y117.681 E.02316
G1 X103.968 Y118.442 E.02315
G1 X104.035 Y119.2 E.02313
G1 X104.196 Y119.942 E.02312
G1 X104.46 Y120.68 E.02383
G1 X104.291 Y120.771 F18000
M204 P2000
;TYPE:Gap infill
;WIDTH:0.10347
G1 F6000
G1 X104.119 Y120.656 E.00101
G1 X104.062 Y120.68 F18000
M204 P1000
;TYPE:Top surface
;WIDTH:0.42
G1 F3600
G1 X103.948 Y120.41 E.00892
G1 X103.735 Y119.656 E.02383
G1 X103.713 Y119.507 E.00457
G1 X103.763 Y119.5 F18000
M204 P2000
;TYPE:Gap infill
;WIDTH:0.270634
G1 F6000
G1 X103.736 Y119.246 E.00469
;WIDTH:0.252215
G3 X103.718 Y118.839 I6.511 J-.492 E.00687
;WIDTH:0.217701
G1 X103.701 Y118.447 E.00553
;WIDTH:0.215379
G3 X103.716 Y117.664 I12.506 J-.153 E.01089
;WIDTH:0.248151
G3 X103.739 Y117.38 I4.586 J.227 E.00473
;WIDTH:0.283027
G1 X103.761 Y117.107 E.0053
G1 X103.713 Y117.096 F18000
M204 P1000
;TYPE:Top surface
;WIDTH:0.42
G1 F3600
G3 X104.013 Y116.032 I4.482 J.69 E.03373
G1 X103.023 Y115.431 F18000
M204 P2000
;TYPE:Gap infill
;WIDTH:0.429486
G1 F6000
G1 X102.999 Y115.362 E.00227
;WIDTH:0.405035
G1 X102.974 Y115.293 E.00213
;WIDTH:0.356135
G1 X102.95 Y115.225 E.00184
;WIDTH:0.330462
G1 X102.95 Y84.345 E.71616
G1 X102.991 Y83.557 E.0183
G1 X103.115 Y82.804 E.0177
G1 X103.319 Y82.068 E.0177
G1 X103.602 Y81.359 E.0177
G1 X103.963 Y80.678 E.01788
G1 X104.388 Y80.053 E.01752
G1 X104.882 Y79.471 E.0177
G1 X105.436 Y78.946 E.0177
G1 X106.037 Y78.489 E.01752
G1 X106.705 Y78.087 E.01806
G1 X107.391 Y77.77 E.01752
G1 X108.114 Y77.526 E.0177
G1 X108.859 Y77.362 E.0177
G1 X109.611 Y77.28 E.01752
G1 X110.389 Y77.28 E.01806
G1 X111.141 Y77.362 E.01752
G1 X111.879 Y77.524 E.01752
G1 X112.617 Y77.773 E.01806
G1 X113.302 Y78.09 E.01752
G1 X113.956 Y78.484 E.0177
G1 X114.57 Y78.951 E.01788
G1 X115.118 Y79.471 E.01752
G1 X115.612 Y80.053 E.0177
G1 X116.041 Y80.685 E.0177
G1 X116.395 Y81.352 E.01752
G1 X116.681 Y82.068 E.01788
G1 X116.885 Y82.804 E.0177
G1 X117.007 Y83.549 E.01752
G1 X117.05 Y84.345 E.01848
;WIDTH:0.331742
G1 X117.05 Y115.225 E.71935
G1 X117.026 Y115.293 E.0017
;WIDTH:0.405036
G1 X117.001 Y115.362 E.00213
;WIDTH:0.453938
G1 X116.977 Y115.431 E.00241
;WIDTH:0.452506
G1 X116.99 Y115.534 E.00345
G1 X116.99 Y120.274 E.15659
G1 X116.785 Y120.351 F18000
;WIDTH:0.130028
G1 F6000
G1 X116.811 Y120.341 E.00019
;WIDTH:0.153042
G1 X116.836 Y120.332 E.00024
;WIDTH:0.19907
G1 X116.862 Y120.322 E.00034
;WIDTH:0.245098
G1 X116.887 Y120.312 E.00045
;WIDTH:0.291126
G1 X116.913 Y120.303 E.00055
;WIDTH:0.337154
G1 X116.939 Y120.293 E.00065
;WIDTH:0.383182
G1 X116.964 Y120.284 E.00075
;WIDTH:0.42921
G1 X116.99 Y120.274 E.00085
;WIDTH:0.431803
G1 X116.997 Y124.274 E.12545
;WIDTH:0.405289
G3 X116.974 Y124.486 I-2.032 J-.107 E.00623
;WIDTH:0.360139
G1 X116.885 Y124.97 E.0126
; stop printing object LEG id:18398695746277035084 copy 0
;LAYER_CHANGE
;Z:18.24
;HEIGHT:0.199999
G92 E0 ; zero the extruded length again
; BEFORE_LAYER_CHANGE 90 @ 18.24mm
G1 E-2.00762 F6000
;WIPE_START
G1 X116.974 Y124.486 E-.49238
;WIPE_END
; AFTER_LAYER_CHANGE 90 @ 18.24mm
;_SET_FAN_SPEED_CHANGING_LAYER
; printing object LEG id:18398695746277035084 copy 0
G1 X103.79 Y116.109 Z18.24 F18000
G1 E2.5 F6000
M204 P1000
;TYPE:Outer wall
;WIDTH:0.42
G1 F3600
G1 X103.79 Y125.945 E.29916
G3 X102.21 Y124.164 I.243 J-1.807 E.07892
G1 X102.21 Y84.325 E1.21164
G3 X102.392 Y82.645 I7.816 J-.002 E.0515
G1 X102.618 Y81.832 E.02565
G3 X110.51 Y76.55 I7.404 J2.526 E.31034
G1 X111.26 Y76.632 E.02297
G3 X117.79 Y84.325 I-1.297 J7.719 E.3335
G1 X117.79 Y124.164 E1.21164
G3 X116.21 Y125.945 I-1.818 J-.02 E.07897
G1 X116.21 Y116.109 E.29916
G1 X103.85 Y116.109 E.37591
G1 X103.398 Y115.717 F18000
M204 P1500
;TYPE:Inner wall
;WIDTH:0.45
G1 F4522
G1 X103.398 Y125.442 E.31929
G3 X102.602 Y124.153 I.678 J-1.309 E.05221
G1 X102.602 Y84.335 E1.30736
G3 X110.467 Y76.94 I7.417 J.008 E.39698
G3 X117.398 Y84.335 I-.472 J7.387 E.36654
G1 X117.398 Y124.153 E1.30736
G3 X116.602 Y125.442 I-1.478 J-.023 E.0522
G1 X116.602 Y115.717 E.31929
G1 X103.458 Y115.717 E.43157
G1 E-1.75 F6000
;WIPE_START
G1 X103.452 Y116.717 E-.75
;WIPE_END
G1 X103.69 Y114.629 F18000
G1 E2.5 F6000
M204 P1000
;TYPE:Outer wall
;WIDTH:0.42
G1 F3600
G1 X103.69 Y84.311 E.92209
G3 X109.658 Y78.018 I6.31 J.008 E.29082
G3 X116.31 Y84.311 I.321 J6.322 E.31131
G1 X116.31 Y114.629 E.92209
G1 X103.75 Y114.629 E.382
G1 X103.298 Y114.629 F18000
M204 P1500
;TYPE:Inner wall
;WIDTH:0.45
G1 F4522
G1 X103.298 Y84.3 E.9958
G3 X109.637 Y77.626 I6.702 J.018 E.33315
G3 X116.702 Y84.3 I.342 J6.715 E.35665
G1 X116.702 Y115.021 E1.00868
G1 X103.298 Y115.021 E.4401
G1 X103.298 Y114.689 E.0109
G1 E-1.75 F6000
;WIPE_START
G1 X103.298 Y113.689 E-.75
;WIPE_END
G1 X102.95 Y115.225 F18000
G1 E2.5 F6000
M204 P2000
;TYPE:Gap infill
;WIDTH:0.352529
G1 F4522
G1 X102.971 Y115.288 E.00167
;WIDTH:0.394219
G1 X102.992 Y115.351 E.00189
;WIDTH:0.415064
G1 X103.013 Y115.415 E.002
G1 X102.95 Y115.225 F18000
;WIDTH:0.330929
G1 F4522
G1 X102.95 Y84.345 E.71733
G1 X102.991 Y83.557 E.01833
G1 X103.115 Y82.804 E.01773
G1 X103.319 Y82.068 E.01773
G1 X103.599 Y81.366 E.01755
G1 X103.959 Y80.685 E.01791
G1 X104.388 Y80.053 E.01773
G1 X104.877 Y79.477 E.01755
G1 X105.442 Y78.941 E.01809
G1 X106.044 Y78.484 E.01755
G1 X106.698 Y78.09 E.01773
G1 X107.391 Y77.77 E.01773
G1 X108.107 Y77.529 E.01755
G1 X108.867 Y77.361 E.01809
G1 X109.618 Y77.28 E.01755
G1 X110.374 Y77.279 E.01755
G1 X111.148 Y77.364 E.01809
G1 X111.886 Y77.526 E.01755
G1 X112.609 Y77.77 E.01773
G1 X113.309 Y78.094 E.01791
G1 X113.956 Y78.484 E.01755
G1 X114.564 Y78.946 E.01773
G1 X115.123 Y79.477 E.01791
G1 X115.612 Y80.053 E.01755
G1 X116.041 Y80.685 E.01773
G1 X116.398 Y81.359 E.01773
G1 X116.678 Y82.061 E.01755
G1 X116.886 Y82.811 E.01809
G1 X117.009 Y83.557 E.01755
G1 X117.05 Y84.345 E.01833
G1 X117.05 Y115.225 E.71733
G1 X117.029 Y115.288 E.00155
;WIDTH:0.394219
G1 X117.008 Y115.351 E.00189
;WIDTH:0.435909
G1 X116.987 Y115.415 E.00211
;WIDTH:0.434144
G1 X116.947 Y115.401 E.00137
;WIDTH:0.388924
G1 X116.906 Y115.386 E.00121
;WIDTH:0.331939
G1 X116.806 Y115.369 E.00237
G1 X103.194 Y115.369 E.31729
G1 X103.094 Y115.386 E.00237
;WIDTH:0.388925
G1 X103.053 Y115.401 E.00121
;WIDTH:0.431607
G1 X103.013 Y115.415 E.00136
G1 X103 Y115.514 E.00312
G1 X103 Y124.143 E.27053
G2 X103.012 Y124.379 I2.26 J.006 E.00742
;WIDTH:0.394235
G1 X103.026 Y124.486 E.00304
;WIDTH:0.380216
G1 X103.115 Y124.97 E.01339
G1 E-2.00792 F6000
;WIPE_START
G1 X103.026 Y124.486 E-.49208
;WIPE_END
G1 X116.885 Y124.97 F18000
G1 E2.5 F6000
;WIDTH:0.360137
G1 F4522
G1 X116.974 Y124.486 E.0126
;WIDTH:0.405113
G2 X116.997 Y124.268 I-2.299 J-.347 E.00638
;WIDTH:0.431779
G1 X117 Y115.514 E.27459
G1 X116.987 Y115.415 E.00312
; stop printing object LEG id:18398695746277035084 copy 0
;LAYER_CHANGE
;Z:18.44
;HEIGHT:0.200001
G92 E0 ; zero the extruded length again
; BEFORE_LAYER_CHANGE 91 @ 18.44mm
G1 E-1.75 F6000
;WIPE_START
G1 X117 Y115.514 E-.07464
G1 X117 Y116.414 E-.67536
;WIPE_END
; AFTER_LAYER_CHANGE 91 @ 18.44mm
;_SET_FAN_SPEED_CHANGING_LAYER
; printing object LEG id:18398695746277035084 copy 0
G1 X103.79 Y116.109 Z18.44 F18000
G1 E2.5 F6000
M204 P1000
;TYPE:Outer wall
;WIDTH:0.42
G1 F3600
G1 X103.79 Y125.945 E.29916
G3 X102.21 Y124.164 I.238 J-1.802 E.07897
G1 X102.21 Y84.325 E1.21164
G3 X110.501 Y76.55 I7.805 J.015 E.38722
G3 X117.79 Y84.325 I-.5 J7.772 E.35697
G1 X117.79 Y124.164 E1.21164
G3 X116.21 Y125.945 I-1.818 J-.02 E.07897
G1 X116.21 Y116.109 E.29916
G1 X103.85 Y116.109 E.37591
G1 X103.398 Y115.717 F18000
M204 P1500
;TYPE:Inner wall
;WIDTH:0.45
G1 F4522
G1 X103.398 Y125.442 E.31929
G3 X102.602 Y124.153 I.682 J-1.311 E.0522
G1 X102.602 Y84.335 E1.30736
G3 X110.459 Y76.939 I7.417 J.008 E.39671
G3 X117.398 Y84.335 I-.464 J7.388 E.36682
G1 X117.398 Y124.153 E1.30735
G3 X116.602 Y125.442 I-1.475 J-.021 E.05221
G1 X116.602 Y115.717 E.31929
G1 X103.458 Y115.717 E.43157
G1 E-1.75 F6000
;WIPE_START
G1 X103.452 Y116.717 E-.75
;WIPE_END
G1 X103.69 Y114.629 F18000
G1 E2.5 F6000
M204 P1000
;TYPE:Outer wall
;WIDTH:0.42
G1 F3600
G1 X103.69 Y84.311 E.92209
G3 X109.658 Y78.018 I6.315 J.013 E.29075
G3 X116.31 Y84.311 I.321 J6.322 E.31131
G1 X116.31 Y114.629 E.92209
G1 X103.75 Y114.629 E.382
G1 X103.298 Y114.629 F18000
M204 P1500
;TYPE:Inner wall
;WIDTH:0.45
G1 F4522
G1 X103.298 Y84.3 E.9958
G3 X109.637 Y77.626 I6.708 J.024 E.33307
G3 X116.702 Y84.3 I.342 J6.715 E.35665
G1 X116.702 Y115.021 E1.00868
G1 X103.298 Y115.021 E.4401
G1 X103.298 Y114.689 E.0109
G1 E-1.75 F6000
;WIPE_START
G1 X103.298 Y113.689 E-.75
;WIPE_END
G1 X102.95 Y115.225 F18000
G1 E2.5 F6000
M204 P2000
;TYPE:Gap infill
;WIDTH:0.352529
G1 F4522
G1 X102.971 Y115.288 E.00167
;WIDTH:0.394219
G1 X102.992 Y115.351 E.00189
;WIDTH:0.415064
G1 X103.013 Y115.415 E.002
G1 X102.95 Y115.225 F18000
;WIDTH:0.330929
G1 F4522
G1 X102.95 Y84.345 E.71733
G1 X102.991 Y83.557 E.01833
G1 X103.115 Y82.804 E.01773
G1 X103.319 Y82.068 E.01773
G1 X103.599 Y81.366 E.01755
G1 X103.959 Y80.685 E.01791
G1 X104.388 Y80.053 E.01773
G1 X104.877 Y79.477 E.01755
G1 X105.442 Y78.941 E.01809
G1 X106.044 Y78.484 E.01755
G1 X106.698 Y78.09 E.01773
G1 X107.391 Y77.77 E.01773
G1 X108.107 Y77.529 E.01755
G1 X108.867 Y77.361 E.01809
G1 X109.618 Y77.28 E.01755
G1 X110.374 Y77.279 E.01755
G1 X111.148 Y77.364 E.01809
G1 X111.886 Y77.526 E.01755
G1 X112.609 Y77.77 E.01773
G1 X113.309 Y78.094 E.01791
G1 X113.956 Y78.484 E.01755
G1 X114.564 Y78.946 E.01773
G1 X115.118 Y79.471 E.01773
G1 X115.607 Y80.047 E.01755
G1 X116.041 Y80.685 E.01791
G1 X116.398 Y81.359 E.01773
G1 X116.678 Y82.061 E.01755
G1 X116.886 Y82.811 E.01809
G1 X117.009 Y83.557 E.01755
G1 X117.05 Y84.345 E.01833
G1 X117.05 Y115.225 E.71733
G1 X117.029 Y115.288 E.00155
;WIDTH:0.394219
G1 X117.008 Y115.351 E.00189
;WIDTH:0.435909
G1 X116.987 Y115.415 E.00211
;WIDTH:0.434144
G1 X116.947 Y115.401 E.00137
;WIDTH:0.388924
G1 X116.906 Y115.386 E.00121
;WIDTH:0.331939
G1 X116.806 Y115.369 E.00237
G1 X103.194 Y115.369 E.31729
G1 X103.094 Y115.386 E.00237
;WIDTH:0.388925
G1 X103.053 Y115.401 E.00121
;WIDTH:0.431607
G1 X103.013 Y115.415 E.00136
G1 X103 Y115.514 E.00312
G1 X103 Y124.143 E.27053
G2 X103.012 Y124.379 I2.259 J.006 E.00742
;WIDTH:0.394235
G1 X103.026 Y124.486 E.00304
;WIDTH:0.380214
G1 X103.115 Y124.97 E.01339
G1 E-2.00763 F6000
;WIPE_START
G1 X103.026 Y124.486 E-.49237
;WIPE_END
G1 X116.881 Y124.973 F18000
G1 E2.5 F6000
;WIDTH:0.356678
G1 F4522
G1 X116.975 Y124.481 E.01269
;WIDTH:0.405868
G2 X116.997 Y124.274 I-1.964 J-.31 E.00609
;WIDTH:0.431774
G1 X117 Y115.514 E.27475
G1 X116.987 Y115.415 E.00312
; stop printing object LEG id:18398695746277035084 copy 0
;LAYER_CHANGE
;Z:18.64
;HEIGHT:0.199999
G92 E0 ; zero the extruded length again
; BEFORE_LAYER_CHANGE 92 @ 18.64mm
G1 E-1.75 F6000
;WIPE_START
G1 X117 Y115.514 E-.07464
G1 X117 Y116.414 E-.67536
;WIPE_END
; AFTER_LAYER_CHANGE 92 @ 18.64mm
;_SET_FAN_SPEED_CHANGING_LAYER
; printing object LEG id:18398695746277035084 copy 0
G1 X103.79 Y116.109 Z18.64 F18000
G1 E2.5 F6000
M204 P1000
;TYPE:Outer wall
;WIDTH:0.42
G1 F3600
G1 X103.79 Y125.945 E.29916
G3 X102.21 Y124.164 I.238 J-1.802 E.07897
G1 X102.21 Y84.325 E1.21164
G3 X110.493 Y76.549 I7.789 J-.003 E.38722
G3 X117.79 Y84.325 I-.518 J7.798 E.35694
G1 X117.79 Y124.164 E1.21164
G3 X116.21 Y125.945 I-1.818 J-.02 E.07897
G1 X116.21 Y116.109 E.29916
G1 X103.85 Y116.109 E.37591
G1 X103.398 Y115.717 F18000
M204 P1500
;TYPE:Inner wall
;WIDTH:0.45
G1 F4521
G1 X103.398 Y125.442 E.31929
G3 X102.602 Y124.153 I.682 J-1.311 E.0522
G1 X102.602 Y84.335 E1.30736
G3 X110.45 Y76.938 I7.403 J-.008 E.39669
G3 X117.398 Y84.335 I-.476 J7.408 E.36686
G1 X117.398 Y124.153 E1.30736
G3 X116.602 Y125.442 I-1.478 J-.023 E.0522
G1 X116.602 Y115.717 E.31929
G1 X103.458 Y115.717 E.43157
G1 E-1.75 F6000
;WIPE_START
G1 X103.452 Y116.717 E-.75
;WIPE_END
G1 X103.69 Y114.629 F18000
G1 E2.5 F6000
M204 P1000
;TYPE:Outer wall
;WIDTH:0.42
G1 F3600
G1 X103.69 Y84.311 E.92209
G3 X109.658 Y78.018 I6.334 J.031 E.29054
G3 X116.31 Y84.311 I.321 J6.322 E.31131
G1 X116.31 Y114.629 E.92209
G1 X103.75 Y114.629 E.382
G1 X103.298 Y114.629 F18000
M204 P1500
;TYPE:Inner wall
;WIDTH:0.45
G1 F4521
G1 X103.298 Y84.3 E.9958
G3 X109.637 Y77.626 I6.727 J.042 E.33283
G3 X116.702 Y84.3 I.342 J6.715 E.35665
G1 X116.702 Y115.021 E1.00868
G1 X103.298 Y115.021 E.4401
G1 X103.298 Y114.689 E.0109
G1 E-1.75 F6000
;WIPE_START
G1 X103.298 Y113.689 E-.75
;WIPE_END
G1 X102.95 Y115.225 F18000
G1 E2.5 F6000
M204 P2000
;TYPE:Gap infill
;WIDTH:0.352529
G1 F4521
G1 X102.971 Y115.288 E.00167
;WIDTH:0.394219
G1 X102.992 Y115.351 E.00189
;WIDTH:0.415064
G1 X103.013 Y115.415 E.002
G1 X102.95 Y115.225 F18000
;WIDTH:0.330929
G1 F4521
G1 X102.95 Y84.345 E.71733
G1 X102.991 Y83.557 E.01833
G1 X103.115 Y82.804 E.01773
G1 X103.319 Y82.068 E.01773
G1 X103.599 Y81.366 E.01755
G1 X103.959 Y80.684 E.01791
G1 X104.388 Y80.053 E.01773
G1 X104.877 Y79.477 E.01755
G1 X105.442 Y78.941 E.01809
G1 X106.044 Y78.484 E.01755
G1 X106.698 Y78.09 E.01773
G1 X107.391 Y77.77 E.01773
G1 X108.107 Y77.529 E.01755
G1 X108.867 Y77.361 E.01809
G1 X109.618 Y77.28 E.01755
G1 X110.374 Y77.279 E.01755
G1 X111.148 Y77.364 E.01809
G1 X111.886 Y77.526 E.01755
G1 X112.609 Y77.77 E.01773
G1 X113.309 Y78.094 E.01791
G1 X113.956 Y78.484 E.01755
G1 X114.564 Y78.946 E.01773
G1 X115.123 Y79.477 E.01791
G1 X115.612 Y80.053 E.01755
G1 X116.041 Y80.684 E.01773
G1 X116.398 Y81.359 E.01773
G1 X116.678 Y82.061 E.01755
G1 X116.886 Y82.811 E.01809
G1 X117.009 Y83.557 E.01755
G1 X117.05 Y84.345 E.01833
G1 X117.05 Y115.225 E.71733
G1 X117.029 Y115.288 E.00155
;WIDTH:0.394219
G1 X117.008 Y115.351 E.00189
;WIDTH:0.435909
G1 X116.987 Y115.415 E.00211
;WIDTH:0.434144
G1 X116.947 Y115.401 E.00137
;WIDTH:0.388924
G1 X116.906 Y115.386 E.00121
;WIDTH:0.331939
G1 X116.806 Y115.369 E.00237
G1 X103.194 Y115.369 E.31729
G1 X103.094 Y115.386 E.00237
;WIDTH:0.388925
G1 X103.053 Y115.401 E.00121
;WIDTH:0.431607
G1 X103.013 Y115.415 E.00136
G1 X103 Y115.514 E.00312
G1 X103 Y124.143 E.27053
G2 X103.012 Y124.379 I2.259 J.006 E.00742
;WIDTH:0.394236
G1 X103.026 Y124.486 E.00304
;WIDTH:0.380214
G1 X103.115 Y124.97 E.01339
G1 E-2.00763 F6000
;WIPE_START
G1 X103.026 Y124.486 E-.49237
;WIPE_END
G1 X116.885 Y124.97 F18000
G1 E2.5 F6000
;WIDTH:0.360134
G1 F4521
G1 X116.974 Y124.486 E.0126
;WIDTH:0.405157
G2 X116.997 Y124.269 I-2.251 J-.343 E.00636
;WIDTH:0.431778
G1 X117 Y115.514 E.27461
G1 X116.987 Y115.415 E.00312
; stop printing object LEG id:18398695746277035084 copy 0
;LAYER_CHANGE
;Z:18.84
;HEIGHT:0.200001
G92 E0 ; zero the extruded length again
; BEFORE_LAYER_CHANGE 93 @ 18.84mm
G1 E-1.75 F6000
;WIPE_START
G1 X117 Y115.514 E-.07464
G1 X117 Y116.414 E-.67536
;WIPE_END
; AFTER_LAYER_CHANGE 93 @ 18.84mm
;_SET_FAN_SPEED_CHANGING_LAYER
; printing object LEG id:18398695746277035084 copy 0
G1 X103.79 Y116.109 Z18.84 F18000
G1 E2.5 F6000
M204 P1000
;TYPE:Outer wall
;WIDTH:0.42
G1 F3600
G1 X103.79 Y125.945 E.29916
G3 X102.21 Y124.164 I.238 J-1.802 E.07897
G1 X102.21 Y84.325 E1.21164
G3 X110.484 Y76.548 I7.789 J-.003 E.38697
G3 X117.79 Y84.325 I-.484 J7.774 E.35749
G1 X117.79 Y124.164 E1.21164
G3 X116.21 Y125.945 I-1.818 J-.02 E.07897
G1 X116.21 Y116.109 E.29916
G1 X103.85 Y116.109 E.37591
G1 X103.398 Y115.717 F18000
M204 P1500
;TYPE:Inner wall
;WIDTH:0.45
G1 F4522
G1 X103.398 Y125.442 E.31929
G3 X102.602 Y124.153 I.682 J-1.311 E.0522
G1 X102.602 Y84.335 E1.30736
G3 X110.442 Y76.937 I7.403 J-.008 E.39642
G3 X117.398 Y84.335 I-.448 J7.39 E.36739
G1 X117.398 Y124.153 E1.30735
G3 X116.602 Y125.442 I-1.478 J-.023 E.0522
G1 X116.602 Y115.717 E.31929
G1 X103.458 Y115.717 E.43157
G1 E-1.75 F6000
;WIPE_START
G1 X103.452 Y116.717 E-.75
;WIPE_END
G1 X103.69 Y114.629 F18000
G1 E2.5 F6000
M204 P1000
;TYPE:Outer wall
;WIDTH:0.42
G1 F3600
G1 X103.69 Y84.311 E.92209
G3 X109.658 Y78.018 I6.31 J.008 E.29082
G3 X116.31 Y84.311 I.334 J6.309 E.31149
G1 X116.31 Y114.629 E.92209
G1 X103.75 Y114.629 E.382
G1 X103.298 Y114.629 F18000
M204 P1500
;TYPE:Inner wall
;WIDTH:0.45
G1 F4522
G1 X103.298 Y84.3 E.9958
G3 X109.637 Y77.626 I6.702 J.018 E.33315
G3 X116.702 Y84.3 I.353 J6.703 E.35683
G1 X116.702 Y115.021 E1.00868
G1 X103.298 Y115.021 E.4401
G1 X103.298 Y114.689 E.0109
G1 E-1.75 F6000
;WIPE_START
G1 X103.298 Y113.689 E-.75
;WIPE_END
G1 X102.95 Y115.225 F18000
G1 E2.5 F6000
M204 P2000
;TYPE:Gap infill
;WIDTH:0.352529
G1 F4522
G1 X102.971 Y115.288 E.00167
;WIDTH:0.394219
G1 X102.992 Y115.351 E.00189
;WIDTH:0.415064
G1 X103.013 Y115.415 E.002
G1 X102.95 Y115.225 F18000
;WIDTH:0.330929
G1 F4522
G1 X102.95 Y84.345 E.71733
G1 X102.991 Y83.557 E.01833
G1 X103.115 Y82.804 E.01773
G1 X103.319 Y82.068 E.01773
G1 X103.599 Y81.366 E.01755
G1 X103.959 Y80.685 E.01791
G1 X104.388 Y80.053 E.01773
G1 X104.877 Y79.477 E.01755
G1 X105.442 Y78.941 E.01809
G1 X106.044 Y78.484 E.01755
G1 X106.698 Y78.09 E.01773
G1 X107.391 Y77.77 E.01773
G1 X108.107 Y77.529 E.01755
G1 X108.867 Y77.361 E.01809
G1 X109.618 Y77.28 E.01755
G1 X110.374 Y77.279 E.01755
G1 X111.148 Y77.364 E.01809
G1 X111.886 Y77.526 E.01755
G1 X112.609 Y77.77 E.01773
G1 X113.309 Y78.094 E.01791
G1 X113.956 Y78.484 E.01755
G1 X114.564 Y78.946 E.01773
G1 X115.123 Y79.477 E.01791
G1 X115.612 Y80.053 E.01755
G1 X116.041 Y80.685 E.01773
G1 X116.398 Y81.359 E.01773
G1 X116.678 Y82.061 E.01755
G1 X116.886 Y82.811 E.01809
G1 X117.009 Y83.557 E.01755
G1 X117.05 Y84.345 E.01833
G1 X117.05 Y115.225 E.71733
G1 X117.029 Y115.288 E.00155
;WIDTH:0.394219
G1 X117.008 Y115.351 E.00189
;WIDTH:0.435909
G1 X116.987 Y115.415 E.00211
;WIDTH:0.434144
G1 X116.947 Y115.401 E.00137
;WIDTH:0.388924
G1 X116.906 Y115.386 E.00121
;WIDTH:0.331939
G1 X116.806 Y115.369 E.00237
G1 X103.194 Y115.369 E.31729
G1 X103.094 Y115.386 E.00237
;WIDTH:0.388925
G1 X103.053 Y115.401 E.00121
;WIDTH:0.431607
G1 X103.013 Y115.415 E.00136
G1 X103 Y115.514 E.00312
G1 X103 Y124.143 E.27053
G2 X103.012 Y124.379 I2.259 J.006 E.00742
;WIDTH:0.394235
G1 X103.026 Y124.486 E.00304
;WIDTH:0.380216
G1 X103.115 Y124.97 E.0134
G1 E-2.00762 F6000
;WIPE_START
G1 X103.026 Y124.486 E-.49238
;WIPE_END
G1 X116.885 Y124.97 F18000
G1 E2.5 F6000
;WIDTH:0.360134
G1 F4522
G1 X116.974 Y124.486 E.0126
;WIDTH:0.405288
G2 X116.997 Y124.274 I-2.01 J-.319 E.00623
;WIDTH:0.431774
G1 X117 Y115.514 E.27475
G1 X116.987 Y115.415 E.00312
; stop printing object LEG id:18398695746277035084 copy 0
;LAYER_CHANGE
;Z:19.04
;HEIGHT:0.200001
G92 E0 ; zero the extruded length again
; BEFORE_LAYER_CHANGE 94 @ 19.04mm
G1 E-1.75 F6000
;WIPE_START
G1 X117 Y115.514 E-.07464
G1 X117 Y116.414 E-.67536
;WIPE_END
; AFTER_LAYER_CHANGE 94 @ 19.04mm
;_SET_FAN_SPEED_CHANGING_LAYER
; printing object LEG id:18398695746277035084 copy 0
G1 X103.79 Y116.109 Z19.04 F18000
G1 E2.5 F6000
M204 P1000
;TYPE:Outer wall
;WIDTH:0.42
G1 F3600
G1 X103.79 Y125.945 E.29916
G3 X102.21 Y124.164 I.238 J-1.802 E.07897
G1 X102.21 Y84.325 E1.21164
G3 X110.476 Y76.547 I7.79 J-.003 E.38672
G3 X117.79 Y84.325 I-.476 J7.775 E.35775
G1 X117.79 Y124.164 E1.21164
G3 X116.21 Y125.945 I-1.818 J-.02 E.07897
G1 X116.21 Y116.109 E.29916
G1 X103.85 Y116.109 E.37591
G1 X103.398 Y115.717 F18000
M204 P1500
;TYPE:Inner wall
;WIDTH:0.45
G1 F4522
G1 X103.398 Y125.442 E.31929
G3 X102.602 Y124.153 I.688 J-1.315 E.05218
G1 X102.602 Y84.335 E1.30736
G3 X110.434 Y76.937 I7.403 J-.008 E.39615
G3 X117.398 Y84.335 I-.44 J7.391 E.36767
G1 X117.398 Y124.153 E1.30735
G3 X116.602 Y125.442 I-1.478 J-.023 E.0522
G1 X116.602 Y115.717 E.31929
G1 X103.458 Y115.717 E.43157
G1 E-1.75 F6000
;WIPE_START
G1 X103.452 Y116.717 E-.75
;WIPE_END
G1 X103.69 Y114.629 F18000
G1 E2.5 F6000
M204 P1000
;TYPE:Outer wall
;WIDTH:0.42
G1 F3600
G1 X103.69 Y84.311 E.92209
G3 X109.658 Y78.018 I6.314 J.012 E.29077
G3 X116.31 Y84.311 I.321 J6.322 E.31131
G1 X116.31 Y114.629 E.92209
G1 X103.75 Y114.629 E.382
G1 X103.298 Y114.629 F18000
M204 P1500
;TYPE:Inner wall
;WIDTH:0.45
G1 F4522
G1 X103.298 Y84.3 E.9958
G3 X109.637 Y77.626 I6.707 J.023 E.33308
G3 X116.702 Y84.3 I.342 J6.715 E.35665
G1 X116.702 Y115.021 E1.00868
G1 X103.298 Y115.021 E.4401
G1 X103.298 Y114.689 E.0109
G1 E-1.75 F6000
;WIPE_START
G1 X103.298 Y113.689 E-.75
;WIPE_END
G1 X102.95 Y115.225 F18000
G1 E2.5 F6000
M204 P2000
;TYPE:Gap infill
;WIDTH:0.352529
G1 F4522
G1 X102.971 Y115.288 E.00167
;WIDTH:0.394219
G1 X102.992 Y115.351 E.00189
;WIDTH:0.415064
G1 X103.013 Y115.415 E.002
G1 X102.95 Y115.225 F18000
;WIDTH:0.330918
G1 F4522
G1 X102.95 Y84.345 E.7173
G3 X111.133 Y77.361 I7.069 J-.003 E.28399
G1 X111.893 Y77.529 E.01809
G1 X112.609 Y77.77 E.01755
G1 X113.302 Y78.09 E.01773
G1 X113.956 Y78.484 E.01773
G1 X114.558 Y78.941 E.01755
G1 X115.118 Y79.471 E.01791
G1 X115.612 Y80.053 E.01773
G1 X116.037 Y80.678 E.01755
G1 X116.398 Y81.359 E.01791
G1 X116.683 Y82.075 E.01791
G1 X116.885 Y82.804 E.01755
G1 X117.007 Y83.549 E.01755
G1 X117.05 Y84.345 E.01851
G1 X117.05 Y115.225 E.7173
G1 X117.029 Y115.288 E.00155
;WIDTH:0.394219
G1 X117.008 Y115.351 E.00189
;WIDTH:0.435909
G1 X116.987 Y115.415 E.00211
;WIDTH:0.434144
G1 X116.947 Y115.401 E.00137
;WIDTH:0.388924
G1 X116.906 Y115.386 E.00121
;WIDTH:0.331939
G1 X116.806 Y115.369 E.00237
G1 X103.194 Y115.369 E.31729
G1 X103.094 Y115.386 E.00237
;WIDTH:0.388925
G1 X103.053 Y115.401 E.00121
;WIDTH:0.431607
G1 X103.013 Y115.415 E.00136
G1 X103 Y115.514 E.00312
G1 X103 Y124.143 E.27053
G2 X103.012 Y124.379 I2.259 J.006 E.00742
;WIDTH:0.394237
G1 X103.026 Y124.486 E.00304
;WIDTH:0.380214
G1 X103.115 Y124.97 E.01339
G1 E-2.00763 F6000
;WIPE_START
G1 X103.026 Y124.486 E-.49237
;WIPE_END
G1 X116.885 Y124.97 F18000
G1 E2.5 F6000
;WIDTH:0.360135
G1 F4522
G1 X116.974 Y124.486 E.0126
;WIDTH:0.405195
G2 X116.997 Y124.27 I-2.202 J-.338 E.00633
;WIDTH:0.431777
G1 X117 Y115.514 E.27464
G1 X116.987 Y115.415 E.00312
; stop printing object LEG id:18398695746277035084 copy 0
;LAYER_CHANGE
;Z:19.24
;HEIGHT:0.199999
G92 E0 ; zero the extruded length again
; BEFORE_LAYER_CHANGE 95 @ 19.24mm
G1 E-1.75 F6000
;WIPE_START
G1 X117 Y115.514 E-.07464
G1 X117 Y116.414 E-.67536
;WIPE_END
; AFTER_LAYER_CHANGE 95 @ 19.24mm
;_SET_FAN_SPEED_CHANGING_LAYER
; printing object LEG id:18398695746277035084 copy 0
G1 X103.79 Y116.109 Z19.24 F18000
G1 E2.5 F6000
M204 P1000
;TYPE:Outer wall
;WIDTH:0.42
G1 F3600
G1 X103.79 Y125.945 E.29916
G3 X102.21 Y124.164 I.238 J-1.802 E.07897
G1 X102.21 Y84.325 E1.21164
G3 X110.468 Y76.546 I7.811 J.02 E.38616
G3 X117.79 Y84.325 I-.468 J7.776 E.35802
G1 X117.79 Y124.164 E1.21164
G3 X116.21 Y125.945 I-1.818 J-.02 E.07897
G1 X116.21 Y116.109 E.29916
G1 X103.85 Y116.109 E.37591
G1 X103.398 Y115.717 F18000
M204 P1500
;TYPE:Inner wall
;WIDTH:0.45
G1 F4522
G1 X103.398 Y125.442 E.31929
G3 X102.602 Y124.153 I.687 J-1.315 E.05218
G1 X102.602 Y84.335 E1.30736
G3 X110.425 Y76.936 I7.42 J.009 E.39562
G3 X117.398 Y84.335 I-.432 J7.392 E.36796
G1 X117.398 Y124.153 E1.30735
G3 X116.602 Y125.442 I-1.476 J-.022 E.05221
G1 X116.602 Y115.717 E.31929
G1 X103.458 Y115.717 E.43157
G1 E-1.75 F6000
;WIPE_START
G1 X103.452 Y116.717 E-.75
;WIPE_END
G1 X103.69 Y114.629 F18000
G1 E2.5 F6000
M204 P1000
;TYPE:Outer wall
;WIDTH:0.42
G1 F3600
G1 X103.69 Y84.311 E.92209
G3 X109.658 Y78.018 I6.31 J.008 E.29082
G3 X116.31 Y84.311 I.335 J6.308 E.31151
G1 X116.31 Y114.629 E.92209
G1 X103.75 Y114.629 E.382
G1 X103.298 Y114.629 F18000
M204 P1500
;TYPE:Inner wall
;WIDTH:0.45
G1 F4522
G1 X103.298 Y84.3 E.9958
G3 X109.637 Y77.626 I6.702 J.018 E.33315
G3 X116.702 Y84.3 I.354 J6.701 E.35685
G1 X116.702 Y115.021 E1.00868
G1 X103.298 Y115.021 E.4401
G1 X103.298 Y114.689 E.0109
G1 E-1.75 F6000
;WIPE_START
G1 X103.298 Y113.689 E-.75
;WIPE_END
G1 X102.95 Y115.225 F18000
G1 E2.5 F6000
M204 P2000
;TYPE:Gap infill
;WIDTH:0.352529
G1 F4522
G1 X102.971 Y115.288 E.00167
;WIDTH:0.394219
G1 X102.992 Y115.351 E.00189
;WIDTH:0.415064
G1 X103.013 Y115.415 E.002
G1 X102.95 Y115.225 F18000
;WIDTH:0.330915
G1 F4522
G1 X102.95 Y84.345 E.71729
G3 X110.389 Y77.281 I7.072 J-.002 E.26662
G3 X111.133 Y77.361 I-.384 J7.018 E.01738
G1 X111.893 Y77.529 E.01809
G1 X112.609 Y77.77 E.01755
G1 X113.302 Y78.09 E.01773
G1 X113.956 Y78.484 E.01773
G1 X114.558 Y78.941 E.01755
G1 X115.118 Y79.471 E.01791
G1 X115.617 Y80.059 E.01791
G1 X116.041 Y80.685 E.01755
G1 X116.398 Y81.359 E.01773
G1 X116.683 Y82.076 E.01791
G1 X116.885 Y82.804 E.01755
G1 X117.007 Y83.549 E.01755
G1 X117.05 Y84.345 E.01851
G1 X117.05 Y115.225 E.71729
G1 X117.029 Y115.288 E.00155
;WIDTH:0.394219
G1 X117.008 Y115.351 E.00189
;WIDTH:0.435909
G1 X116.987 Y115.415 E.00211
;WIDTH:0.434144
G1 X116.947 Y115.401 E.00137
;WIDTH:0.388924
G1 X116.906 Y115.386 E.00121
;WIDTH:0.331939
G1 X116.806 Y115.369 E.00237
G1 X103.194 Y115.369 E.31729
G1 X103.094 Y115.386 E.00237
;WIDTH:0.388925
G1 X103.053 Y115.401 E.00121
;WIDTH:0.431607
G1 X103.013 Y115.415 E.00136
G1 X103 Y115.514 E.00312
G1 X103 Y124.143 E.27053
G2 X103.012 Y124.379 I2.259 J.006 E.00742
;WIDTH:0.394234
G1 X103.026 Y124.486 E.00304
;WIDTH:0.380216
G1 X103.115 Y124.97 E.01339
G1 E-2.00763 F6000
;WIPE_START
G1 X103.026 Y124.486 E-.49237
;WIPE_END
G1 X116.882 Y124.972 F18000
G1 E2.5 F6000
;WIDTH:0.358
G1 F4522
G1 X116.975 Y124.483 E.01266
;WIDTH:0.405667
G2 X116.997 Y124.274 I-1.98 J-.313 E.00614
;WIDTH:0.431774
G1 X117 Y115.514 E.27475
G1 X116.987 Y115.415 E.00312
; stop printing object LEG id:18398695746277035084 copy 0
;LAYER_CHANGE
;Z:19.44
;HEIGHT:0.200001
G92 E0 ; zero the extruded length again
; BEFORE_LAYER_CHANGE 96 @ 19.44mm
G1 E-1.75 F6000
;WIPE_START
G1 X117 Y115.514 E-.07464
G1 X117 Y116.414 E-.67536
;WIPE_END
; AFTER_LAYER_CHANGE 96 @ 19.44mm
;_SET_FAN_SPEED_CHANGING_LAYER
; printing object LEG id:18398695746277035084 copy 0
G1 X103.79 Y116.109 Z19.44 F18000
G1 E2.5 F6000
M204 P1000
;TYPE:Outer wall
;WIDTH:0.42
G1 F3600
G1 X103.79 Y125.945 E.29916
G3 X102.21 Y124.164 I.238 J-1.802 E.07897
G1 X102.21 Y84.325 E1.21164
G3 X110.459 Y76.545 I7.812 J.02 E.3859
G3 X117.79 Y84.325 I-.465 J7.782 E.35822
G1 X117.79 Y124.164 E1.21164
G3 X116.21 Y125.945 I-1.818 J-.02 E.07897
G1 X116.21 Y116.109 E.29916
G1 X103.85 Y116.109 E.37591
G1 X103.398 Y115.717 F18000
M204 P1500
;TYPE:Inner wall
;WIDTH:0.45
G1 F4521
G1 X103.398 Y125.442 E.31929
G3 X102.602 Y124.153 I.687 J-1.314 E.05218
G1 X102.602 Y84.335 E1.30736
G3 X110.417 Y76.935 I7.421 J.01 E.39534
G3 X117.398 Y84.335 I-.448 J7.415 E.36795
G1 X117.398 Y124.153 E1.30735
G3 X116.602 Y125.442 I-1.478 J-.023 E.0522
G1 X116.602 Y115.717 E.31929
G1 X103.458 Y115.717 E.43157
G1 E-1.75 F6000
;WIPE_START
G1 X103.452 Y116.717 E-.75
;WIPE_END
G1 X103.69 Y114.629 F18000
G1 E2.5 F6000
M204 P1000
;TYPE:Outer wall
;WIDTH:0.42
G1 F3600
G1 X103.69 Y84.311 E.92209
G3 X109.658 Y78.018 I6.31 J.008 E.29082
G3 X116.31 Y84.311 I.321 J6.322 E.31131
G1 X116.31 Y114.629 E.92209
G1 X103.75 Y114.629 E.382
G1 X103.298 Y114.629 F18000
M204 P1500
;TYPE:Inner wall
;WIDTH:0.45
G1 F4521
G1 X103.298 Y84.3 E.9958
G3 X109.637 Y77.626 I6.702 J.018 E.33315
G3 X116.702 Y84.3 I.342 J6.715 E.35665
G1 X116.702 Y115.021 E1.00868
G1 X103.298 Y115.021 E.4401
G1 X103.298 Y114.689 E.0109
G1 E-1.75 F6000
;WIPE_START
G1 X103.298 Y113.689 E-.75
;WIPE_END
G1 X102.95 Y115.225 F18000
G1 E2.5 F6000
M204 P2000
;TYPE:Gap infill
;WIDTH:0.352529
G1 F4521
G1 X102.971 Y115.288 E.00167
;WIDTH:0.394219
G1 X102.992 Y115.351 E.00189
;WIDTH:0.415064
G1 X103.013 Y115.415 E.002
G1 X102.95 Y115.225 F18000
;WIDTH:0.330921
G1 F4521
G1 X102.95 Y84.345 E.71731
G3 X116.682 Y82.073 I7.052 J-.014 E.46154
G1 X116.885 Y82.804 E.01761
G1 X117.007 Y83.549 E.01755
G1 X117.05 Y84.345 E.01851
G1 X117.05 Y115.225 E.71731
G1 X117.029 Y115.288 E.00155
;WIDTH:0.394219
G1 X117.008 Y115.351 E.00189
;WIDTH:0.435909
G1 X116.987 Y115.415 E.00211
;WIDTH:0.434144
G1 X116.947 Y115.401 E.00137
;WIDTH:0.388924
G1 X116.906 Y115.386 E.00121
;WIDTH:0.331939
G1 X116.806 Y115.369 E.00237
G1 X103.194 Y115.369 E.31729
G1 X103.094 Y115.386 E.00237
;WIDTH:0.388925
G1 X103.053 Y115.401 E.00121
;WIDTH:0.431607
G1 X103.013 Y115.415 E.00136
G1 X103 Y115.514 E.00312
G1 X103 Y124.143 E.27053
G2 X103.012 Y124.379 I2.259 J.006 E.00742
;WIDTH:0.394234
G1 X103.026 Y124.486 E.00304
;WIDTH:0.380218
G1 X103.115 Y124.97 E.0134
G1 E-2.00762 F6000
;WIPE_START
G1 X103.026 Y124.486 E-.49238
;WIPE_END
G1 X116.885 Y124.97 F18000
G1 E2.5 F6000
;WIDTH:0.360133
G1 F4521
G1 X116.974 Y124.486 E.0126
;WIDTH:0.405287
G2 X116.997 Y124.274 I-2.01 J-.319 E.00623
;WIDTH:0.431774
G1 X117 Y115.514 E.27475
G1 X116.987 Y115.415 E.00312
; stop printing object LEG id:18398695746277035084 copy 0
;LAYER_CHANGE
;Z:19.64
;HEIGHT:0.199999
G92 E0 ; zero the extruded length again
; BEFORE_LAYER_CHANGE 97 @ 19.64mm
G1 E-1.75 F6000
;WIPE_START
G1 X117 Y115.514 E-.07464
G1 X117 Y116.414 E-.67536
;WIPE_END
; AFTER_LAYER_CHANGE 97 @ 19.64mm
;_SET_FAN_SPEED_CHANGING_LAYER
; printing object LEG id:18398695746277035084 copy 0
G1 X103.79 Y116.109 Z19.64 F18000
G1 E2.5 F6000
M204 P1000
;TYPE:Outer wall
;WIDTH:0.42
G1 F3600
G1 X103.79 Y125.945 E.29916
G3 X102.21 Y124.164 I.238 J-1.802 E.07897
G1 X102.21 Y84.325 E1.21164
G3 X110.451 Y76.544 I7.797 J.003 E.38589
G3 X117.79 Y84.325 I-.479 J7.804 E.35824
G1 X117.79 Y124.164 E1.21164
G3 X116.21 Y125.945 I-1.818 J-.02 E.07897
G1 X116.21 Y116.109 E.29916
G1 X103.85 Y116.109 E.37591
G1 X103.398 Y115.717 F18000
M204 P1500
;TYPE:Inner wall
;WIDTH:0.45
G1 F4522
G1 X103.398 Y125.442 E.31929
G3 X102.602 Y124.153 I.686 J-1.314 E.05219
G1 X102.602 Y84.335 E1.30736
G3 X110.408 Y76.934 I7.422 J.01 E.39507
G3 X117.398 Y84.335 I-.437 J7.414 E.36826
G1 X117.398 Y124.153 E1.30736
G3 X116.602 Y125.442 I-1.478 J-.023 E.0522
G1 X116.602 Y115.717 E.31929
G1 X103.458 Y115.717 E.43157
G1 E-1.75 F6000
;WIPE_START
G1 X103.452 Y116.717 E-.75
;WIPE_END
G1 X103.69 Y114.629 F18000
G1 E2.5 F6000
M204 P1000
;TYPE:Outer wall
;WIDTH:0.42
G1 F3600
G1 X103.69 Y84.311 E.92209
G3 X109.658 Y78.018 I6.313 J.011 E.29078
G3 X116.31 Y84.311 I.321 J6.322 E.31131
G1 X116.31 Y114.629 E.92209
G1 X103.75 Y114.629 E.382
G1 X103.298 Y114.629 F18000
M204 P1500
;TYPE:Inner wall
;WIDTH:0.45
G1 F4522
G1 X103.298 Y84.3 E.9958
G3 X109.637 Y77.626 I6.706 J.022 E.3331
G3 X116.702 Y84.3 I.342 J6.715 E.35665
G1 X116.702 Y115.021 E1.00868
G1 X103.298 Y115.021 E.4401
G1 X103.298 Y114.689 E.0109
G1 E-1.75 F6000
;WIPE_START
G1 X103.298 Y113.689 E-.75
;WIPE_END
G1 X102.95 Y115.225 F18000
G1 E2.5 F6000
M204 P2000
;TYPE:Gap infill
;WIDTH:0.352529
G1 F4522
G1 X102.971 Y115.288 E.00167
;WIDTH:0.394219
G1 X102.992 Y115.351 E.00189
;WIDTH:0.415064
G1 X103.013 Y115.415 E.002
G1 X102.95 Y115.225 F18000
;WIDTH:0.330929
G1 F4522
G1 X102.95 Y84.345 E.71733
G1 X102.991 Y83.557 E.01833
G1 X103.115 Y82.804 E.01773
G1 X103.319 Y82.068 E.01773
G1 X103.599 Y81.366 E.01755
G1 X103.959 Y80.685 E.01791
G1 X104.388 Y80.053 E.01773
G1 X104.877 Y79.477 E.01755
G1 X105.442 Y78.941 E.01809
G1 X106.044 Y78.484 E.01755
G1 X106.698 Y78.09 E.01773
G1 X107.391 Y77.77 E.01773
G1 X108.107 Y77.529 E.01755
G1 X108.867 Y77.361 E.01809
G1 X109.618 Y77.28 E.01755
G1 X110.374 Y77.279 E.01755
G1 X111.148 Y77.364 E.01809
G1 X111.886 Y77.526 E.01755
G1 X112.609 Y77.77 E.01773
G1 X113.309 Y78.094 E.01791
G1 X113.956 Y78.484 E.01755
G1 X114.564 Y78.946 E.01773
G1 X115.118 Y79.471 E.01773
G1 X115.607 Y80.047 E.01755
G1 X116.041 Y80.685 E.01791
G1 X116.398 Y81.359 E.01773
G1 X116.678 Y82.061 E.01755
G1 X116.886 Y82.811 E.01809
G1 X117.009 Y83.557 E.01755
G1 X117.05 Y84.345 E.01833
G1 X117.05 Y115.225 E.71733
G1 X117.029 Y115.288 E.00155
;WIDTH:0.394219
G1 X117.008 Y115.351 E.00189
;WIDTH:0.435909
G1 X116.987 Y115.415 E.00211
;WIDTH:0.434144
G1 X116.947 Y115.401 E.00137
;WIDTH:0.388924
G1 X116.906 Y115.386 E.00121
;WIDTH:0.331939
G1 X116.806 Y115.369 E.00237
G1 X103.194 Y115.369 E.31729
G1 X103.094 Y115.386 E.00237
;WIDTH:0.388925
G1 X103.053 Y115.401 E.00121
;WIDTH:0.431607
G1 X103.013 Y115.415 E.00136
G1 X103 Y115.514 E.00312
G1 X103 Y124.143 E.27053
G2 X103.012 Y124.379 I2.259 J.006 E.00742
;WIDTH:0.394236
G1 X103.026 Y124.486 E.00304
;WIDTH:0.380216
G1 X103.115 Y124.97 E.01339
G1 E-2.00763 F6000
;WIPE_START
G1 X103.026 Y124.486 E-.49237
;WIPE_END
G1 X116.885 Y124.97 F18000
G1 E2.5 F6000
;WIDTH:0.360132
G1 F4522
G1 X116.974 Y124.486 E.0126
;WIDTH:0.40524
G2 X116.997 Y124.272 I-2.127 J-.33 E.0063
;WIDTH:0.431776
G1 X117 Y115.514 E.27468
G1 X116.987 Y115.415 E.00312
; stop printing object LEG id:18398695746277035084 copy 0
;LAYER_CHANGE
;Z:19.84
;HEIGHT:0.200001
G92 E0 ; zero the extruded length again
; BEFORE_LAYER_CHANGE 98 @ 19.84mm
G1 E-1.75 F6000
;WIPE_START
G1 X117 Y115.514 E-.07464
G1 X117 Y116.414 E-.67536
;WIPE_END
; AFTER_LAYER_CHANGE 98 @ 19.84mm
;_SET_FAN_SPEED_CHANGING_LAYER
; printing object LEG id:18398695746277035084 copy 0
G1 X103.79 Y116.109 Z19.84 F18000
G1 E2.5 F6000
M204 P1000
;TYPE:Outer wall
;WIDTH:0.42
G1 F3600
G1 X103.79 Y125.945 E.29916
G3 X102.21 Y124.164 I.239 J-1.804 E.07896
G1 X102.21 Y84.325 E1.21164
G3 X110.442 Y76.543 I7.814 J.021 E.3854
G3 X117.79 Y84.325 I-.471 J7.805 E.3585
G1 X117.79 Y124.164 E1.21164
G3 X116.21 Y125.945 I-1.818 J-.02 E.07897
G1 X116.21 Y116.109 E.29916
G1 X103.85 Y116.109 E.37591
G1 X103.398 Y115.717 F18000
M204 P1500
;TYPE:Inner wall
;WIDTH:0.45
G1 F4522
G1 X103.398 Y125.442 E.31929
G3 X102.602 Y124.153 I.681 J-1.31 E.0522
G1 X102.602 Y84.335 E1.30736
G3 X111.197 Y77.02 I7.404 J-.008 E.42138
G3 X117.398 Y84.335 I-1.233 J7.331 E.34224
G1 X117.398 Y124.153 E1.30736
G3 X116.602 Y125.442 I-1.477 J-.022 E.0522
G1 X116.602 Y115.717 E.31929
G1 X103.458 Y115.717 E.43157
G1 E-1.75 F6000
;WIPE_START
G1 X103.452 Y116.717 E-.75
;WIPE_END
G1 X103.69 Y114.629 F18000
G1 E2.5 F6000
M204 P1000
;TYPE:Outer wall
;WIDTH:0.42
G1 F3600
G1 X103.69 Y84.311 E.92209
G3 X109.658 Y78.018 I6.31 J.008 E.29082
G3 X116.31 Y84.311 I.337 J6.306 E.31154
G1 X116.31 Y114.629 E.92209
G1 X103.75 Y114.629 E.382
G1 X103.298 Y114.629 F18000
M204 P1500
;TYPE:Inner wall
;WIDTH:0.45
G1 F4522
G1 X103.298 Y84.3 E.9958
G3 X109.637 Y77.626 I6.702 J.018 E.33315
G3 X116.702 Y84.3 I.356 J6.699 E.35688
G1 X116.702 Y115.021 E1.00868
G1 X103.298 Y115.021 E.4401
G1 X103.298 Y114.689 E.0109
G1 E-1.75 F6000
;WIPE_START
G1 X103.298 Y113.689 E-.75
;WIPE_END
G1 X102.95 Y115.225 F18000
G1 E2.5 F6000
M204 P2000
;TYPE:Gap infill
;WIDTH:0.352529
G1 F4522
G1 X102.971 Y115.288 E.00167
;WIDTH:0.394219
G1 X102.992 Y115.351 E.00189
;WIDTH:0.415064
G1 X103.013 Y115.415 E.002
G1 X102.95 Y115.225 F18000
;WIDTH:0.330929
G1 F4522
G1 X102.95 Y84.345 E.71733
G1 X102.991 Y83.557 E.01833
G1 X103.115 Y82.804 E.01773
G1 X103.319 Y82.068 E.01773
G1 X103.599 Y81.366 E.01755
G1 X103.959 Y80.685 E.01791
G1 X104.388 Y80.053 E.01773
G1 X104.877 Y79.477 E.01755
G1 X105.442 Y78.941 E.01809
G1 X106.044 Y78.484 E.01755
G1 X106.698 Y78.09 E.01773
G1 X107.391 Y77.77 E.01773
G1 X108.107 Y77.529 E.01755
G1 X108.867 Y77.361 E.01809
G1 X109.618 Y77.28 E.01755
G1 X110.374 Y77.279 E.01755
G1 X111.148 Y77.364 E.01809
G1 X111.886 Y77.526 E.01755
G1 X112.609 Y77.77 E.01773
G1 X113.309 Y78.094 E.01791
G1 X113.956 Y78.484 E.01755
G1 X114.564 Y78.946 E.01773
G1 X115.123 Y79.477 E.01791
G1 X115.612 Y80.053 E.01755
G1 X116.041 Y80.685 E.01773
G1 X116.398 Y81.359 E.01773
G1 X116.678 Y82.061 E.01755
G1 X116.886 Y82.811 E.01809
G1 X117.009 Y83.557 E.01755
G1 X117.05 Y84.345 E.01833
G1 X117.05 Y115.225 E.71733
G1 X117.029 Y115.288 E.00155
;WIDTH:0.394219
G1 X117.008 Y115.351 E.00189
;WIDTH:0.435909
G1 X116.987 Y115.415 E.00211
;WIDTH:0.434144
G1 X116.947 Y115.401 E.00137
;WIDTH:0.388924
G1 X116.906 Y115.386 E.00121
;WIDTH:0.331939
G1 X116.806 Y115.369 E.00237
G1 X103.194 Y115.369 E.31729
G1 X103.094 Y115.386 E.00237
;WIDTH:0.388925
G1 X103.053 Y115.401 E.00121
;WIDTH:0.431607
G1 X103.013 Y115.415 E.00136
G1 X103 Y115.514 E.00312
G1 X103 Y124.143 E.27053
G2 X103.012 Y124.379 I2.258 J.006 E.00742
;WIDTH:0.394236
G1 X103.026 Y124.486 E.00304
;WIDTH:0.380216
G1 X103.115 Y124.97 E.01339
G1 E-2.00763 F6000
;WIPE_START
G1 X103.026 Y124.486 E-.49237
;WIPE_END
G1 X116.883 Y124.971 F18000
G1 E2.5 F6000
;WIDTH:0.358964
G1 F4522
G1 X116.975 Y124.484 E.01264
;WIDTH:0.405505
G2 X116.997 Y124.274 I-1.993 J-.316 E.00618
;WIDTH:0.431774
G1 X117 Y115.514 E.27475
G1 X116.987 Y115.415 E.00312
; stop printing object LEG id:18398695746277035084 copy 0
;LAYER_CHANGE
;Z:20.04
;HEIGHT:0.200001
G92 E0 ; zero the extruded length again
; BEFORE_LAYER_CHANGE 99 @ 20.04mm
G1 E-1.75 F6000
;WIPE_START
G1 X117 Y115.514 E-.07464
G1 X117 Y116.414 E-.67536
;WIPE_END
; AFTER_LAYER_CHANGE 99 @ 20.04mm
;_SET_FAN_SPEED_CHANGING_LAYER
; printing object LEG id:18398695746277035084 copy 0
G1 X103.79 Y116.109 Z20.04 F18000
G1 E2.5 F6000
M204 P1000
;TYPE:Outer wall
;WIDTH:0.42
G1 F3600
G1 X103.79 Y125.945 E.29916
G3 X102.21 Y124.164 I.238 J-1.802 E.07897
G1 X102.21 Y84.325 E1.21164
G3 X110.445 Y76.543 I7.813 J.021 E.38548
G3 X117.79 Y84.325 I-.447 J7.779 E.35872
G1 X117.79 Y124.164 E1.21164
G3 X116.21 Y125.945 I-1.818 J-.02 E.07897
G1 X116.21 Y116.109 E.29916
G1 X103.85 Y116.109 E.37591
G1 X103.398 Y115.717 F18000
M204 P1500
;TYPE:Inner wall
;WIDTH:0.45
G1 F4522
G1 X103.398 Y125.442 E.31929
G3 X102.602 Y124.153 I.682 J-1.311 E.0522
G1 X102.602 Y84.335 E1.30736
G3 X110.423 Y76.935 I7.42 J.01 E.39555
G3 X117.398 Y84.335 I-.43 J7.392 E.36803
G1 X117.398 Y124.153 E1.30736
G3 X116.602 Y125.442 I-1.478 J-.023 E.0522
G1 X116.602 Y115.717 E.31929
G1 X103.458 Y115.717 E.43157
G1 E-1.75 F6000
;WIPE_START
G1 X103.452 Y116.717 E-.75
;WIPE_END
G1 X103.69 Y114.629 F18000
G1 E2.5 F6000
M204 P1000
;TYPE:Outer wall
;WIDTH:0.42
G1 F3600
G1 X103.69 Y84.311 E.92209
G3 X109.658 Y78.018 I6.31 J.008 E.29082
G3 X116.31 Y84.311 I.321 J6.322 E.31131
G1 X116.31 Y114.629 E.92209
G1 X103.75 Y114.629 E.382
G1 X103.298 Y114.629 F18000
M204 P1500
;TYPE:Inner wall
;WIDTH:0.45
G1 F4522
G1 X103.298 Y84.3 E.9958
G3 X109.637 Y77.626 I6.702 J.018 E.33315
G3 X116.702 Y84.3 I.342 J6.715 E.35665
G1 X116.702 Y115.021 E1.00868
G1 X103.298 Y115.021 E.4401
G1 X103.298 Y114.689 E.0109
G1 E-1.75 F6000
;WIPE_START
G1 X103.298 Y113.689 E-.75
;WIPE_END
G1 X102.95 Y115.225 F18000
G1 E2.5 F6000
M204 P2000
;TYPE:Gap infill
;WIDTH:0.352529
G1 F4522
G1 X102.971 Y115.288 E.00167
;WIDTH:0.394219
G1 X102.992 Y115.351 E.00189
;WIDTH:0.415064
G1 X103.013 Y115.415 E.002
G1 X102.95 Y115.225 F18000
;WIDTH:0.330932
G1 F4522
G1 X102.95 Y84.345 E.71733
G3 X116.678 Y82.061 I7.052 J-.014 E.46125
G1 X116.885 Y82.804 E.01791
G1 X117.007 Y83.549 E.01755
G1 X117.05 Y84.345 E.01851
G1 X117.05 Y115.225 E.71733
G1 X117.029 Y115.288 E.00155
;WIDTH:0.394219
G1 X117.008 Y115.351 E.00189
;WIDTH:0.435909
G1 X116.987 Y115.415 E.00211
;WIDTH:0.434144
G1 X116.947 Y115.401 E.00137
;WIDTH:0.388924
G1 X116.906 Y115.386 E.00121
;WIDTH:0.331939
G1 X116.806 Y115.369 E.00237
G1 X103.194 Y115.369 E.31729
G1 X103.094 Y115.386 E.00237
;WIDTH:0.388925
G1 X103.053 Y115.401 E.00121
;WIDTH:0.431607
G1 X103.013 Y115.415 E.00136
G1 X103 Y115.514 E.00312
G1 X103 Y124.143 E.27053
G2 X103.012 Y124.379 I2.259 J.006 E.00742
;WIDTH:0.394235
G1 X103.026 Y124.486 E.00304
;WIDTH:0.380218
G1 X103.115 Y124.97 E.0134
G1 E-2.00762 F6000
;WIPE_START
G1 X103.026 Y124.486 E-.49238
;WIPE_END
G1 X116.885 Y124.97 F18000
G1 E2.5 F6000
;WIDTH:0.360135
G1 F4522
G1 X116.974 Y124.486 E.0126
;WIDTH:0.405265
G2 X116.997 Y124.272 I-2.079 J-.326 E.00627
;WIDTH:0.431776
G1 X117 Y115.514 E.27471
G1 X116.987 Y115.415 E.00312
; stop printing object LEG id:18398695746277035084 copy 0
;LAYER_CHANGE
;Z:20.24
;HEIGHT:0.199999
G92 E0 ; zero the extruded length again
; BEFORE_LAYER_CHANGE 100 @ 20.24mm
G1 E-1.75 F6000
;WIPE_START
G1 X117 Y115.514 E-.07464
G1 X117 Y116.414 E-.67536
;WIPE_END
; AFTER_LAYER_CHANGE 100 @ 20.24mm
;_SET_FAN_SPEED_CHANGING_LAYER
; printing object LEG id:18398695746277035084 copy 0
G1 X103.79 Y116.109 Z20.24 F18000
G1 E2.5 F6000
M204 P1000
;TYPE:Outer wall
;WIDTH:0.42
G1 F3600
G1 X103.79 Y125.945 E.29916
G3 X102.21 Y124.164 I.238 J-1.802 E.07897
G1 X102.21 Y84.325 E1.21164
G3 X110.437 Y76.542 I7.814 J.021 E.38523
G3 X117.79 Y84.325 I-.439 J7.78 E.35899
G1 X117.79 Y124.164 E1.21164
G3 X116.21 Y125.945 I-1.818 J-.02 E.07897
G1 X116.21 Y116.109 E.29916
G1 X103.85 Y116.109 E.37591
G1 X103.398 Y115.717 F18000
M204 P1500
;TYPE:Inner wall
;WIDTH:0.45
G1 F4522
G1 X103.398 Y125.442 E.31929
G3 X102.602 Y124.153 I.682 J-1.311 E.0522
G1 X102.602 Y84.335 E1.30736
G3 X110.415 Y76.935 I7.421 J.01 E.39529
G3 X117.398 Y84.335 I-.422 J7.393 E.3683
G1 X117.398 Y124.153 E1.30735
G3 X116.602 Y125.442 I-1.477 J-.023 E.0522
G1 X116.602 Y115.717 E.31929
G1 X103.458 Y115.717 E.43157
G1 E-1.75 F6000
;WIPE_START
G1 X103.452 Y116.717 E-.75
;WIPE_END
G1 X103.69 Y114.629 F18000
G1 E2.5 F6000
M204 P1000
;TYPE:Outer wall
;WIDTH:0.42
G1 F3600
G1 X103.69 Y84.311 E.92209
G3 X109.658 Y78.018 I6.312 J.009 E.2908
G3 X116.31 Y84.311 I.321 J6.322 E.31131
G1 X116.31 Y114.629 E.92209
G1 X103.75 Y114.629 E.382
G1 X103.298 Y114.629 F18000
M204 P1500
;TYPE:Inner wall
;WIDTH:0.45
G1 F4522
G1 X103.298 Y84.3 E.9958
G3 X109.637 Y77.626 I6.703 J.019 E.33313
G3 X116.702 Y84.3 I.342 J6.715 E.35665
G1 X116.702 Y115.021 E1.00868
G1 X103.298 Y115.021 E.4401
G1 X103.298 Y114.689 E.0109
G1 E-1.75 F6000
;WIPE_START
G1 X103.298 Y113.689 E-.75
;WIPE_END
G1 X102.95 Y115.225 F18000
G1 E2.5 F6000
M204 P2000
;TYPE:Gap infill
;WIDTH:0.352529
G1 F4522
G1 X102.971 Y115.288 E.00167
;WIDTH:0.394219
G1 X102.992 Y115.351 E.00189
;WIDTH:0.415064
G1 X103.013 Y115.415 E.002
G1 X102.95 Y115.225 F18000
;WIDTH:0.330944
G1 F4522
G1 X102.95 Y84.345 E.71736
G3 X116.678 Y82.061 I7.052 J-.014 E.46127
G1 X116.885 Y82.804 E.01791
G1 X117.007 Y83.549 E.01755
G1 X117.05 Y84.345 E.01851
G1 X117.05 Y115.225 E.71736
G1 X117.029 Y115.288 E.00155
;WIDTH:0.394219
G1 X117.008 Y115.351 E.00189
;WIDTH:0.435909
G1 X116.987 Y115.415 E.00211
;WIDTH:0.434144
G1 X116.947 Y115.401 E.00137
;WIDTH:0.388924
G1 X116.906 Y115.386 E.00121
;WIDTH:0.331939
G1 X116.806 Y115.369 E.00237
G1 X103.194 Y115.369 E.31729
G1 X103.094 Y115.386 E.00237
;WIDTH:0.388925
G1 X103.053 Y115.401 E.00121
;WIDTH:0.431607
G1 X103.013 Y115.415 E.00136
G1 X103 Y115.514 E.00312
G1 X103 Y124.143 E.27053
G2 X103.012 Y124.379 I2.259 J.006 E.00742
;WIDTH:0.394235
G1 X103.026 Y124.486 E.00304
;WIDTH:0.380216
G1 X103.115 Y124.97 E.01339
G1 E-2.00763 F6000
;WIPE_START
G1 X103.026 Y124.486 E-.49237
;WIPE_END
G1 X116.884 Y124.97 F18000
G1 E2.5 F6000
;WIDTH:0.359586
G1 F4522
G1 X116.974 Y124.485 E.01262
;WIDTH:0.405392
G2 X116.997 Y124.274 I-2.001 J-.317 E.0062
;WIDTH:0.431774
G1 X117 Y115.514 E.27475
G1 X116.987 Y115.415 E.00312
; stop printing object LEG id:18398695746277035084 copy 0
M106 S250
;LAYER_CHANGE
;Z:20.44
;HEIGHT:0.200001
G92 E0 ; zero the extruded length again
; BEFORE_LAYER_CHANGE 101 @ 20.44mm
G1 E-1.75 F6000
;WIPE_START
G1 X117 Y115.514 E-.07464
G1 X117 Y116.414 E-.67536
;WIPE_END
; AFTER_LAYER_CHANGE 101 @ 20.44mm
;_SET_FAN_SPEED_CHANGING_LAYER
; printing object LEG id:18398695746277035084 copy 0
G1 X103.79 Y116.109 Z20.44 F18000
G1 E2.5 F6000
M204 P1000
;TYPE:Outer wall
;WIDTH:0.42
G1 F3600
G1 X103.79 Y125.945 E.29916
G3 X102.21 Y124.164 I.238 J-1.802 E.07897
G1 X102.21 Y84.325 E1.21164
G3 X110.428 Y76.542 I7.815 J.021 E.38498
G3 X117.79 Y84.325 I-.431 J7.781 E.35925
G1 X117.79 Y124.164 E1.21164
G3 X116.21 Y125.945 I-1.818 J-.02 E.07897
G1 X116.21 Y116.109 E.29916
G1 X103.85 Y116.109 E.37591
G1 E-1.75 F6000
;WIPE_START
G1 F3600
G1 X103.844 Y117.109 E-.75
;WIPE_END
G1 X103.69 Y114.629 F18000
G1 E2.5 F6000
G1 F3600
G1 X103.69 Y84.311 E.92209
G3 X108.979 Y78.092 I6.339 J.033 E.26977
G3 X116.31 Y84.311 I1.02 J6.228 E.33237
G1 X116.31 Y114.629 E.92209
G1 X103.75 Y114.629 E.382
G1 E-1.75 F6000
;WIPE_START
G1 F3600
G1 X103.748 Y113.629 E-.75
;WIPE_END
G1 X103.407 Y113.424 F18000
G1 E2.5 F6000
;TYPE:Top surface
G1 F3600
G1 X102.493 Y112.887 E.03226
G1 X102.493 Y113.328 F18000
G1 F3600
G1 X103.204 Y113.748 E.02512
G1 X103.407 Y113.846 E.00686
G1 X103.407 Y114.267 F18000
G1 F3600
G3 X102.493 Y113.766 I2.626 J-5.883 E.03174
G1 X102.493 Y114.202 F18000
G1 F3600
G2 X103.407 Y114.685 I3.473 J-5.464 E.03149
G1 X103.481 Y114.564 F18000
M204 P2000
;TYPE:Gap infill
;WIDTH:0.171707
G1 F6000
G1 X103.427 Y114.821 E.00273
G1 X103.743 Y115.05 E.00407
G1 X103.889 Y114.912 F18000
M204 P1000
;TYPE:Top surface
;WIDTH:0.42
G1 F3600
G1 X104.105 Y115.014 E.00727
G1 X105.229 Y115.436 E.03651
G1 X106.383 Y115.767 E.0365
G1 X106.676 Y115.826 E.0091
G1 X106.685 Y115.779 F18000
M204 P2000
;TYPE:Gap infill
;WIDTH:0.250311
G1 F6000
G1 X106.971 Y115.808 E.00479
;WIDTH:0.225713
G1 X107.256 Y115.837 E.00423
;WIDTH:0.176515
G1 X107.541 Y115.866 E.00309
;WIDTH:0.135707
G1 X107.815 Y115.883 E.00205
;WIDTH:0.103939
G1 X108.085 Y115.899 E.00133
G1 E-2.22983
;WIPE_START
G1 X107.815 Y115.883 E-.27017
;WIPE_END
G1 X109.631 Y114.84 F18000
G1 E2.5 F6000
;WIDTH:0.0944472
G2 X110.264 Y114.84 I.317 J-7.607 E.00263
G1 E-1.86632
;WIPE_START
G1 X109.631 Y114.84 E-.63368
;WIPE_END
G1 X111.795 Y115.899 F18000
G1 E2.5 F6000
;WIDTH:0.120534
G1 X112.07 Y115.882 E.00172
;WIDTH:0.136709
G1 X112.345 Y115.866 E.00208
;WIDTH:0.177503
G1 X112.63 Y115.837 E.00311
;WIDTH:0.22644
G1 X112.911 Y115.808 E.00418
;WIDTH:0.274993
G1 X113.192 Y115.779 E.00529
G1 X113.201 Y115.826 F18000
M204 P1000
;TYPE:Top surface
;WIDTH:0.42
G1 F3600
G1 X113.512 Y115.763 E.00964
G1 X114.664 Y115.431 E.03646
G1 X115.785 Y115.008 E.03645
G1 X115.988 Y114.912 E.00682
G1 X115.653 Y114.836 F18000
M204 P2000
;TYPE:Gap infill
;WIDTH:0.111994
G1 F6000
G1 X115.487 Y114.866 E.00094
;WIDTH:0.159643
G1 X115.322 Y114.897 E.00159
;WIDTH:0.207291
G1 X115.156 Y114.927 E.00223
;WIDTH:0.231116
G1 X114.99 Y114.957 E.00256
G1 X114.973 Y114.912 F18000
M204 P1000
;TYPE:Top surface
;WIDTH:0.42
G1 F3600
G1 X114.599 Y115.055 E.01218
G1 X113.463 Y115.387 E.036
G1 X112.304 Y115.626 E.036
G1 X111.128 Y115.77 E.03601
G1 X109.945 Y115.818 E.03601
G1 X108.762 Y115.77 E.03602
G1 X107.586 Y115.627 E.03603
G1 X106.425 Y115.389 E.03603
G1 X105.288 Y115.058 E.03604
G1 X104.905 Y114.912 E.01247
G1 X104.887 Y114.957 F18000
M204 P2000
;TYPE:Gap infill
;WIDTH:0.255072
G1 F6000
G1 X104.721 Y114.927 E.00289
;WIDTH:0.207386
G1 X104.555 Y114.897 E.00224
;WIDTH:0.1597
G1 X104.389 Y114.866 E.00159
;WIDTH:0.135857
G1 X104.222 Y114.836 E.00127
G1 E-2.33097
;WIPE_START
G1 X104.389 Y114.866 E-.16903
;WIPE_END
G1 X105.287 Y114.836 F18000
G1 E2.5 F6000
;WIDTH:0.105972
G1 X105.358 Y114.849 E.00036
;WIDTH:0.128724
G1 X105.548 Y114.876 E.00133
;WIDTH:0.17423
G1 X105.738 Y114.903 E.00203
;WIDTH:0.219736
G1 X105.928 Y114.931 E.00274
;WIDTH:0.265243
G1 X106.119 Y114.958 E.00345
G1 X106.132 Y114.912 F18000
M204 P1000
;TYPE:Top surface
;WIDTH:0.42
G1 F3600
G1 X106.469 Y115.012 E.0107
G1 X107.614 Y115.25 E.03556
G1 X108.775 Y115.393 E.03556
G1 X109.943 Y115.441 E.03555
G1 X111.11 Y115.393 E.03555
G1 X112.27 Y115.249 E.03554
G1 X113.414 Y115.01 E.03553
G1 X113.747 Y114.912 E.01056
G1 X113.76 Y114.958 F18000
M204 P2000
;TYPE:Gap infill
;WIDTH:0.241693
G1 F6000
G1 X113.952 Y114.93 E.00311
;WIDTH:0.218574
G1 X114.145 Y114.903 E.00275
;WIDTH:0.172335
G1 X114.337 Y114.875 E.00203
;WIDTH:0.126096
G1 X114.529 Y114.848 E.0013
;WIDTH:0.0955747
G1 X114.592 Y114.836 E.00027
G1 E-2.43662
;WIPE_START
G1 X114.529 Y114.848 E-.06338
;WIPE_END
G1 X115.065 Y115.902 F18000
G1 E2.5 F6000
;WIDTH:0.136787
G1 X115.236 Y115.871 E.00131
;WIDTH:0.161096
G1 X115.407 Y115.841 E.00165
;WIDTH:0.209714
G1 X115.578 Y115.81 E.00233
;WIDTH:0.258332
G1 X115.748 Y115.779 E.00301
G1 X115.765 Y115.826 F18000
M204 P1000
;TYPE:Top surface
;WIDTH:0.42
G1 F3600
G1 X117.007 Y115.273 E.04135
G1 X117.499 Y115.001 E.01711
G1 X117.499 Y115.429 F18000
G1 F3600
G3 X116.493 Y115.921 I-3.676 J-6.256 E.0341
G1 X116.568 Y116.09 F18000
M204 P2000
;TYPE:Gap infill
;WIDTH:0.149353
G1 F6000
G1 X116.399 Y115.859 E.00245
;WIDTH:0.165708
G1 X116.306 Y115.799 E.00109
G1 X116.493 Y116.333 F18000
M204 P1000
;TYPE:Top surface
;WIDTH:0.42
G1 F3600
G2 X117.499 Y115.855 I-2.619 J-6.816 E.03392
G1 X117.499 Y116.278 F18000
G1 F3600
G3 X116.493 Y116.744 I-3.584 J-6.419 E.03376
G1 X116.417 Y116.606 F18000
M204 P2000
;TYPE:Gap infill
;WIDTH:0.121767
G1 F6000
G1 X116.44 Y116.723 E.00076
;WIDTH:0.138565
G1 X116.463 Y116.841 E.00093
;WIDTH:0.172162
G1 X116.486 Y116.959 E.00125
G1 X116.417 Y117.011 F18000
;WIDTH:0.135855
G1 F6000
G1 X116.449 Y117.188 E.00135
;WIDTH:0.159698
G1 X116.482 Y117.364 E.00169
G1 X116.493 Y117.565 F18000
M204 P1000
;TYPE:Top surface
;WIDTH:0.42
G1 F3600
G1 X117.499 Y117.13 E.03334
G1 X117.499 Y117.536 F18000
G1 F3600
G3 X116.493 Y117.964 I-3.424 J-6.657 E.03328
G1 X116.417 Y117.821 F18000
M204 P2000
;TYPE:Gap infill
;WIDTH:0.12167
G1 F6000
G1 X116.435 Y117.917 E.00062
;WIDTH:0.13842
G1 X116.453 Y118.013 E.00075
;WIDTH:0.171919
G1 X116.471 Y118.109 E.00102
;WIDTH:0.185982
G1 X116.561 Y118.15 E.00113
G1 X116.417 Y118.218 F18000
;WIDTH:0.133145
G1 F6000
G1 X116.447 Y118.396 E.00132
;WIDTH:0.155633
G1 X116.478 Y118.575 E.00165
G1 X116.417 Y118.621 F18000
;WIDTH:0.136047
G1 F6000
G1 X116.449 Y118.8 E.00137
;WIDTH:0.159985
G1 X116.482 Y118.98 E.00172
G1 X116.417 Y119.034 F18000
;WIDTH:0.136992
G1 F6000
G1 X116.45 Y119.211 E.00136
;WIDTH:0.161403
G1 X116.483 Y119.387 E.00172
G1 X116.417 Y119.439 F18000
;WIDTH:0.129344
G1 F6000
G1 X116.442 Y119.568 E.00092
;WIDTH:0.157191
G1 X116.466 Y119.724 E.00145
G1 X116.546 Y119.766 E.00083
G1 X116.493 Y119.984 F18000
M204 P1000
;TYPE:Top surface
;WIDTH:0.42
G1 F3600
G1 X117.498 Y119.594 E.0328
G1 E-1.75 F6000
;WIPE_START
G1 F3600
G1 X116.566 Y119.955 E-.75
;WIPE_END
G1 X116.493 Y119.178 F18000
G1 E2.5 F6000
G1 F3600
G1 X117.498 Y118.786 E.03283
G1 X117.498 Y119.187 F18000
G1 F3600
G1 X116.493 Y119.586 E.0329
G1 X116.399 Y119.684 F18000
M204 P2000
;TYPE:Gap infill
;WIDTH:0.132531
G1 F6000
G1 X116.437 Y119.936 E.00184
;WIDTH:0.154768
G1 X116.476 Y120.188 E.0023
G1 X116.417 Y120.236 F18000
;WIDTH:0.134135
G1 F6000
G1 X116.448 Y120.407 E.00128
;WIDTH:0.157118
G1 X116.48 Y120.578 E.0016
G1 X116.417 Y120.615 F18000
;WIDTH:0.134331
G1 F6000
G1 X116.448 Y120.796 E.00135
;WIDTH:0.157411
G1 X116.479 Y120.976 E.00169
G1 X116.399 Y120.87 F18000
;WIDTH:0.132538
G1 F6000
G1 X116.437 Y121.122 E.00184
;WIDTH:0.154798
G1 X116.476 Y121.374 E.0023
G1 X116.417 Y121.405 F18000
;WIDTH:0.134715
G1 F6000
G1 X116.448 Y121.591 E.0014
;WIDTH:0.157988
G1 X116.479 Y121.778 E.00175
G1 X116.417 Y121.81 F18000
;WIDTH:0.132234
G1 F6000
G1 X116.443 Y121.961 E.0011
;WIDTH:0.152564
G1 X116.472 Y122.175 E.0019
G1 X116.493 Y122.365 F18000
M204 P1000
;TYPE:Top surface
;WIDTH:0.42
G1 F3600
G1 X117.498 Y122.019 E.03232
G1 X117.498 Y122.422 F18000
G1 F3600
G1 X116.493 Y122.76 E.03225
G1 X116.486 Y122.74 F18000
M204 P2000
;TYPE:Gap infill
;WIDTH:0.0924491
G1 F6000
G1 X116.418 Y122.971 E.00096
;WIDTH:0.106214
G1 X116.447 Y123.162 E.00099
;WIDTH:0.130037
G1 X116.476 Y123.353 E.00136
G1 X116.551 Y123.333 F18000
;WIDTH:0.0987035
G1 F6000
G1 X116.42 Y123.755 E.00199
;WIDTH:0.108385
G1 X116.447 Y123.943 E.00101
;WIDTH:0.129982
G1 X116.473 Y124.132 E.00134
G1 X116.473 Y124.526 F18000
;WIDTH:0.130246
G1 F6000
G1 X116.447 Y124.336 E.00135
;WIDTH:0.108561
G1 X116.421 Y124.146 E.00101
;WIDTH:0.0988254
G1 X116.49 Y123.921 E.00106
G1 X116.493 Y123.93 F18000
M204 P1000
;TYPE:Top surface
;WIDTH:0.42
G1 F3600
G2 X117.497 Y123.618 I-1.945 J-8.027 E.03201
G1 X117.497 Y124.017 F18000
G1 F3600
G3 X116.493 Y124.322 I-2.909 J-7.78 E.03194
G1 X116.492 Y124.319 F18000
M204 P2000
;TYPE:Gap infill
;WIDTH:0.102533
G1 F6000
G1 X116.422 Y124.539 E.00111
;WIDTH:0.110312
G1 X116.447 Y124.731 E.00105
;WIDTH:0.131198
G1 X116.472 Y124.923 E.00138
G1 X116.493 Y125.114 F18000
M204 P1000
;TYPE:Top surface
;WIDTH:0.42
G1 F3600
G1 X117.33 Y124.86 E.0266
G1 X116.864 Y125.402 F18000
G1 F3600
G1 X116.493 Y125.497 E.01167
G1 X116.53 Y125.675 F18000
M204 P2000
;TYPE:Gap infill
;WIDTH:0.143824
G1 F6000
G1 X116.462 Y125.633 E.00065
G1 X116.442 Y125.477 E.00128
;WIDTH:0.110699
G1 X116.423 Y125.321 E.00086
;WIDTH:0.104725
G1 X116.436 Y125.278 E.00022
;WIDTH:0.149689
G1 X116.464 Y125.243 E.00038
G1 X116.441 Y125.091 E.00132
;WIDTH:0.10581
G1 X116.419 Y124.94 E.00078
;WIDTH:0.0937529
G1 X116.489 Y124.702 E.00102
G1 X116.493 Y124.715 F18000
M204 P1000
;TYPE:Top surface
;WIDTH:0.42
G1 F3600
G2 X117.478 Y124.418 I-1.878 J-7.989 E.03132
G1 X117.553 Y124.519 F18000
M204 P2000
;TYPE:Gap infill
;WIDTH:0.194733
G1 F6000
G1 X117.503 Y124.215 E.00377
G1 X117.573 Y124.175 F18000
;WIDTH:0.134418
G1 F6000
G1 X117.542 Y123.994 E.00136
;WIDTH:0.157541
G1 X117.511 Y123.813 E.0017
G1 X117.573 Y123.775 F18000
;WIDTH:0.134714
G1 F6000
G1 X117.542 Y123.594 E.00136
;WIDTH:0.157987
G1 X117.511 Y123.412 E.00171
G1 X117.573 Y123.381 F18000
;WIDTH:0.132314
G1 F6000
G1 X117.543 Y123.202 E.00131
;WIDTH:0.154386
G1 X117.514 Y123.023 E.00163
G1 X117.573 Y122.974 F18000
;WIDTH:0.136817
G1 F6000
G1 X117.547 Y122.831 E.0011
;WIDTH:0.161142
G1 X117.521 Y122.688 E.00139
;WIDTH:0.172316
G1 X117.534 Y122.67 E.00024
;WIDTH:0.146019
G1 X117.547 Y122.652 E.00019
G1 X117.573 Y122.586 F18000
;WIDTH:0.134281
G1 F6000
G1 X117.542 Y122.4 E.00139
;WIDTH:0.157336
G1 X117.512 Y122.214 E.00174
G1 X117.573 Y122.176 F18000
;WIDTH:0.134526
G1 F6000
G1 X117.542 Y121.995 E.00136
;WIDTH:0.157704
G1 X117.511 Y121.814 E.0017
G1 X117.573 Y121.776 F18000
;WIDTH:0.13367
G1 F6000
G1 X117.543 Y121.598 E.00132
;WIDTH:0.15642
G1 X117.512 Y121.42 E.00165
G1 X117.573 Y121.388 F18000
;WIDTH:0.135826
G1 F6000
G1 X117.542 Y121.198 E.00145
;WIDTH:0.159655
G1 X117.51 Y121.007 E.00182
G1 X117.574 Y120.953 F18000
;WIDTH:0.134678
G1 F6000
G1 X117.548 Y120.818 E.00101
;WIDTH:0.157933
G1 X117.523 Y120.684 E.00127
;WIDTH:0.163697
G1 X117.592 Y120.583 E.00119
G1 X117.498 Y120.415 F18000
M204 P1000
;TYPE:Top surface
;WIDTH:0.42
G1 F3600
G1 X116.493 Y120.773 E.03245
G1 X116.493 Y120.384 F18000
G1 F3600
G1 X117.498 Y120.004 E.03269
G1 X117.574 Y120.151 F18000
M204 P2000
;TYPE:Gap infill
;WIDTH:0.136609
G1 F6000
G1 X117.541 Y119.972 E.00138
;WIDTH:0.160828
G1 X117.508 Y119.793 E.00173
G1 X117.574 Y119.737 F18000
;WIDTH:0.136827
G1 F6000
G1 X117.541 Y119.562 E.00135
;WIDTH:0.161157
G1 X117.508 Y119.387 E.0017
G1 X117.574 Y119.329 F18000
;WIDTH:0.136333
G1 F6000
G1 X117.541 Y119.156 E.00132
;WIDTH:0.160414
G1 X117.508 Y118.984 E.00166
G1 X117.574 Y118.929 F18000
;WIDTH:0.121543
G1 F6000
G1 X117.552 Y118.809 E.00078
;WIDTH:0.138229
G1 X117.529 Y118.688 E.00094
;WIDTH:0.171601
G1 X117.506 Y118.567 E.00127
G1 X117.499 Y118.364 F18000
M204 P1000
;TYPE:Top surface
;WIDTH:0.42
G1 F3600
G3 X116.493 Y118.771 I-3.343 J-6.809 E.03303
G1 X116.493 Y118.378 F18000
G1 F3600
G1 X117.499 Y117.953 E.03321
G1 E-1.75 F6000
;WIPE_START
G1 F3600
G1 X116.578 Y118.342 E-.75
;WIPE_END
G1 X117.499 Y116.702 F18000
G1 E2.5 F6000
G1 F3600
G1 X116.493 Y117.158 E.0336
G1 E-1.75 F6000
;WIPE_START
G1 F3600
G1 X117.404 Y116.745 E-.75
;WIPE_END
G1 X117.498 Y120.81 F18000
G1 E2.5 F6000
G1 F3600
G3 X116.493 Y121.17 I-3.162 J-7.242 E.0325
G1 X116.493 Y121.568 F18000
G1 F3600
G1 X117.498 Y121.226 E.03229
G1 X117.498 Y121.619 F18000
G1 F3600
G1 X116.493 Y121.973 E.03241
G1 X116.49 Y121.965 F18000
M204 P2000
;TYPE:Gap infill
;WIDTH:0.0994195
G1 F6000
G1 X116.421 Y122.189 E.00107
;WIDTH:0.108772
G1 X116.447 Y122.379 E.00102
;WIDTH:0.130257
G1 X116.473 Y122.568 E.00135
G1 X116.418 Y122.596 F18000
;WIDTH:0.132074
G1 F6000
G1 X116.447 Y122.775 E.0013
;WIDTH:0.154026
G1 X116.476 Y122.953 E.00162
G1 E-2.3195
;WIPE_START
G1 X116.447 Y122.775 E-.1805
;WIPE_END
G1 X117.497 Y122.828 F18000
G1 E2.5 F6000
M204 P1000
;TYPE:Top surface
;WIDTH:0.42
G1 F3600
G1 X116.493 Y123.145 E.03204
G1 X116.493 Y123.144 F18000
M204 P2000
;TYPE:Gap infill
;WIDTH:0.102147
G1 F6000
G1 X116.422 Y123.368 E.00112
;WIDTH:0.109503
G1 X116.446 Y123.554 E.00101
;WIDTH:0.129846
G1 X116.471 Y123.74 E.00132
G1 X116.493 Y123.544 F18000
M204 P1000
;TYPE:Top surface
;WIDTH:0.42
G1 F3600
G2 X117.497 Y123.218 I-2.033 J-7.971 E.03215
G1 E-1.75 F6000
;WIPE_START
G1 F3600
G1 X116.546 Y123.526 E-.75
;WIPE_END
G1 X103.463 Y122.971 F18000
G1 E2.5 F6000
M204 P2000
;TYPE:Gap infill
;WIDTH:0.156112
G1 X103.523 Y122.602 E.00341
;WIDTH:0.133465
G1 X103.582 Y122.234 E.00273
G1 X103.523 Y122.207 F18000
;WIDTH:0.155864
G1 F6000
G1 X103.553 Y122.024 E.00169
;WIDTH:0.133299
G1 X103.582 Y121.842 E.00135
G1 X103.528 Y121.814 F18000
;WIDTH:0.151164
G1 F6000
G1 X103.554 Y121.626 E.00165
;WIDTH:0.105621
G1 X103.58 Y121.438 E.00096
G1 X103.508 Y121.206 E.00123
G1 X103.507 Y121.208 F18000
M204 P1000
;TYPE:Top surface
;WIDTH:0.42
G1 F3600
G3 X102.493 Y120.854 I2.114 J-7.674 E.03271
G1 X102.493 Y120.456 F18000
G1 F3600
G1 X103.507 Y120.819 E.03277
G1 X103.601 Y120.907 F18000
M204 P2000
;TYPE:Gap infill
;WIDTH:0.110559
G1 F6000
G1 X103.567 Y121.131 E.00123
;WIDTH:0.14701
G1 X103.533 Y121.354 E.0019
G1 X103.451 Y121.399 E.00078
G1 X103.455 Y121.4 F18000
;WIDTH:0.156268
G1 F6000
G1 X103.519 Y121.032 E.00341
;WIDTH:0.133569
G1 X103.583 Y120.664 E.00273
G1 X103.521 Y120.624 F18000
;WIDTH:0.157772
G1 F6000
G1 X103.552 Y120.437 E.00175
;WIDTH:0.134571
G1 X103.583 Y120.251 E.0014
G1 X103.523 Y120.22 F18000
;WIDTH:0.155965
G1 F6000
G1 X103.553 Y120.035 E.00171
;WIDTH:0.133367
G1 X103.582 Y119.85 E.00137
G1 X103.522 Y119.823 F18000
;WIDTH:0.15646
G1 F6000
G1 X103.552 Y119.638 E.00171
;WIDTH:0.133697
G1 X103.582 Y119.454 E.00137
G1 X103.521 Y119.424 F18000
;WIDTH:0.157967
G1 F6000
G1 X103.552 Y119.242 E.00172
;WIDTH:0.134701
G1 X103.583 Y119.059 E.00137
G1 X103.519 Y119.022 F18000
;WIDTH:0.159333
G1 F6000
G1 X103.551 Y118.845 E.00169
;WIDTH:0.135612
G1 X103.583 Y118.668 E.00134
G1 X103.518 Y118.62 F18000
;WIDTH:0.159286
G1 F6000
G1 X103.55 Y118.453 E.00159
;WIDTH:0.135581
G1 X103.583 Y118.287 E.00126
G1 X103.517 Y118.225 F18000
;WIDTH:0.160874
G1 F6000
G1 X103.55 Y118.043 E.00175
;WIDTH:0.13664
G1 X103.583 Y117.862 E.00139
G1 X103.507 Y118.012 F18000
M204 P1000
;TYPE:Top surface
;WIDTH:0.42
G1 F3600
G3 X102.493 Y117.587 I2.397 J-7.15 E.03347
G1 X102.487 Y117.792 F18000
M204 P2000
;TYPE:Gap infill
;WIDTH:0.172723
G1 F6000
G1 X102.463 Y117.909 E.00126
;WIDTH:0.138902
G1 X102.44 Y118.027 E.00093
;WIDTH:0.121991
G1 X102.417 Y118.145 E.00077
G1 X102.493 Y118.008 F18000
M204 P1000
;TYPE:Top surface
;WIDTH:0.42
G1 F3600
G1 X103.507 Y118.425 E.03335
G1 X103.507 Y118.817 F18000
G1 F3600
G3 X102.493 Y118.417 I2.285 J-7.282 E.03319
G1 X102.493 Y118.823 F18000
G1 F3600
G2 X103.507 Y119.218 I3.291 J-6.955 E.03313
G1 X103.507 Y119.619 F18000
G1 F3600
G3 X102.493 Y119.231 I2.253 J-7.416 E.03305
G1 X102.485 Y119.432 F18000
M204 P2000
;TYPE:Gap infill
;WIDTH:0.16212
G1 F6000
G1 X102.451 Y119.604 E.00169
;WIDTH:0.13747
G1 X102.417 Y119.776 E.00134
G1 X102.493 Y119.638 F18000
M204 P1000
;TYPE:Top surface
;WIDTH:0.42
G1 F3600
G2 X103.507 Y120.017 I3.227 J-7.103 E.03295
G1 X103.507 Y120.414 F18000
G1 F3600
G3 X102.493 Y120.048 I2.148 J-7.544 E.03282
G1 X102.48 Y120.248 F18000
M204 P2000
;TYPE:Gap infill
;WIDTH:0.15876
G1 F6000
G1 X102.449 Y120.429 E.00172
;WIDTH:0.13523
G1 X102.417 Y120.611 E.00137
G1 X102.482 Y120.652 F18000
;WIDTH:0.15947
G1 F6000
G1 X102.449 Y120.825 E.00165
;WIDTH:0.135704
G1 X102.417 Y120.998 E.00131
G1 X102.48 Y121.051 F18000
;WIDTH:0.158273
G1 F6000
G1 X102.449 Y121.232 E.00171
;WIDTH:0.134905
G1 X102.417 Y121.414 E.00137
G1 X102.479 Y121.453 F18000
;WIDTH:0.157905
G1 F6000
G1 X102.448 Y121.64 E.00176
;WIDTH:0.13466
G1 X102.418 Y121.828 E.00141
G1 X102.478 Y121.858 F18000
;WIDTH:0.156524
G1 F6000
G1 X102.448 Y122.044 E.00173
;WIDTH:0.133739
G1 X102.418 Y122.231 E.00138
G1 X102.478 Y122.258 F18000
;WIDTH:0.156102
G1 F6000
G1 X102.448 Y122.44 E.00168
;WIDTH:0.133458
G1 X102.417 Y122.622 E.00135
G1 X102.48 Y122.654 F18000
;WIDTH:0.15883
G1 F6000
G1 X102.449 Y122.834 E.00171
;WIDTH:0.135277
G1 X102.417 Y123.014 E.00136
G1 X102.477 Y123.055 F18000
;WIDTH:0.155136
G1 F6000
G1 X102.447 Y123.24 E.0017
;WIDTH:0.132814
G1 X102.418 Y123.425 E.00136
G1 X102.493 Y123.257 F18000
M204 P1000
;TYPE:Top surface
;WIDTH:0.42
G1 F3600
G1 X103.507 Y123.582 E.0324
G1 X103.512 Y123.562 F18000
M204 P2000
;TYPE:Gap infill
;WIDTH:0.110912
G1 F6000
G1 X103.582 Y123.797 E.00134
G1 X103.525 Y124.174 E.00209
;WIDTH:0.152202
G1 X103.468 Y124.552 E.00336
G1 X103.507 Y124.363 F18000
M204 P1000
;TYPE:Top surface
;WIDTH:0.42
G1 F3600
G1 X102.493 Y124.056 E.03224
G1 X102.488 Y124.071 F18000
M204 P2000
;TYPE:Gap infill
;WIDTH:0.103584
G1 F6000
G1 X102.418 Y123.834 E.00121
G1 X102.447 Y123.642 E.00095
;WIDTH:0.153965
G1 X102.476 Y123.45 E.00174
G1 X102.532 Y123.468 F18000
;WIDTH:0.158214
G1 F6000
G1 X102.481 Y123.813 E.00324
;WIDTH:0.122602
G1 X102.429 Y124.158 E.00224
;WIDTH:0.104797
G1 X102.421 Y124.228 E.00035
G1 X102.531 Y124.459 F18000
M204 P1000
;TYPE:Top surface
;WIDTH:0.42
G1 F3600
G2 X103.507 Y124.755 I2.85 J-7.627 E.03105
G1 X103.507 Y125.138 F18000
G1 F3600
G1 X102.694 Y124.917 E.02563
G1 X103.231 Y125.463 F18000
G1 F3600
G1 X103.507 Y125.532 E.00866
G1 X103.477 Y125.678 F18000
M204 P2000
;TYPE:Gap infill
;WIDTH:0.108946
G1 F6000
G1 X103.542 Y125.638 E.00041
G1 X103.577 Y125.355 E.00152
G1 X103.562 Y125.31 E.00025
;WIDTH:0.15088
G1 X103.537 Y125.278 E.00036
G1 X103.558 Y125.12 E.00139
;WIDTH:0.109594
G1 X103.579 Y124.962 E.00086
;WIDTH:0.1012
G1 X103.566 Y124.922 E.0002
;WIDTH:0.127327
G1 X103.553 Y124.904 E.00015
;WIDTH:0.154207
G1 X103.539 Y124.887 E.0002
;WIDTH:0.127285
G1 X103.576 Y124.578 E.00211
G1 X103.562 Y124.534 E.00032
;WIDTH:0.151824
G1 X103.535 Y124.5 E.00038
G1 X103.558 Y124.344 E.00138
;WIDTH:0.106465
G1 X103.581 Y124.188 E.00081
;WIDTH:0.0938674
G1 X103.512 Y123.955 E.001
G1 X103.507 Y123.971 F18000
M204 P1000
;TYPE:Top surface
;WIDTH:0.42
G1 F3600
G1 X102.493 Y123.659 E.03228
G1 E-1.75 F6000
;WIPE_START
G1 F3600
G1 X103.449 Y123.953 E-.75
;WIPE_END
G1 X103.482 Y124.158 F18000
G1 E2.5 F6000
M204 P2000
;TYPE:Gap infill
;WIDTH:0.150107
G1 X103.53 Y123.782 E.00328
;WIDTH:0.11543
G1 X103.577 Y123.405 E.00222
G1 X103.506 Y123.184 E.00136
G1 X103.507 Y123.18 F18000
M204 P1000
;TYPE:Top surface
;WIDTH:0.42
G1 F3600
G3 X102.493 Y122.86 I1.957 J-7.986 E.03237
G1 X102.493 Y122.459 F18000
G1 F3600
G1 X103.507 Y122.795 E.0325
G1 X103.512 Y122.779 F18000
M204 P2000
;TYPE:Gap infill
;WIDTH:0.113643
G1 F6000
G1 X103.58 Y123.005 E.00135
G1 X103.526 Y123.384 E.00218
;WIDTH:0.153864
G1 X103.472 Y123.763 E.00343
G1 X103.478 Y123.38 F18000
;WIDTH:0.149841
G1 F6000
G1 X103.528 Y122.999 E.00331
;WIDTH:0.114305
G1 X103.578 Y122.619 E.00221
G1 X103.508 Y122.398 E.00134
G1 X103.507 Y122.4 F18000
M204 P1000
;TYPE:Top surface
;WIDTH:0.42
G1 F3600
G1 X102.493 Y122.064 E.0325
G1 X102.493 Y121.664 F18000
G1 F3600
G1 X103.507 Y122.006 E.03255
G1 X103.507 Y121.614 F18000
G1 F3600
G1 X102.493 Y121.258 E.0327
G1 E-1.75 F6000
;WIPE_START
G1 F3600
G1 X103.436 Y121.589 E-.75
;WIPE_END
G1 X103.407 Y104.792 F18000
G1 E2.5 F6000
G1 F3600
G1 X103.335 Y104.672 E.00426
G1 X102.98 Y103.901 E.02583
G1 X102.714 Y103.094 E.02584
G1 X102.541 Y102.261 E.02585
G1 X102.493 Y101.738 E.01598
G1 X102.539 Y101.734 F18000
M204 P2000
;TYPE:Gap infill
;WIDTH:0.306629
G1 F6000
G3 X102.533 Y100.614 I10.008 J-.62 E.02382
G1 X102.554 Y100.596 E.00059
;WIDTH:0.257414
G1 X102.674 Y100.498 E.00269
G1 X102.493 Y100.474 F18000
M204 P1000
;TYPE:Top surface
;WIDTH:0.42
G1 F3600
G1 X102.594 Y99.72 E.02312
G1 X102.802 Y98.894 E.0259
G1 X103.101 Y98.097 E.02591
G1 X103.407 Y97.497 E.02046
G1 X103.457 Y97.815 F18000
M204 P2000
;TYPE:Gap infill
;WIDTH:0.280685
G1 F6000
G1 X103.361 Y98.341 E.01026
G1 X103.407 Y98.359 F18000
M204 P1000
;TYPE:Top surface
;WIDTH:0.42
G1 F3600
G1 X103.17 Y98.98 E.02022
G1 X102.966 Y99.785 E.02525
G1 X102.856 Y100.607 E.02523
G1 X102.841 Y101.436 E.02522
G1 X102.923 Y102.261 E.02521
G1 X103.099 Y103.071 E.0252
G1 X103.407 Y103.937 E.02798
G1 X103.483 Y103.55 F18000
M204 P2000
;TYPE:Gap infill
;WIDTH:0.110609
G1 F6000
G1 X103.459 Y103.41 E.00078
;WIDTH:0.155488
G1 X103.436 Y103.27 E.00129
;WIDTH:0.200367
G1 X103.412 Y103.13 E.00181
;WIDTH:0.245247
G1 X103.389 Y102.99 E.00232
;WIDTH:0.267687
G1 X103.363 Y102.744 E.00447
G1 X103.407 Y102.732 F18000
M204 P1000
;TYPE:Top surface
;WIDTH:0.42
G1 F3600
G1 X103.37 Y102.599 E.00419
G1 X103.244 Y101.802 E.02453
G1 X103.214 Y100.996 E.02454
G1 X103.28 Y100.191 E.02456
G1 X103.407 Y99.564 E.01945
G1 X103.362 Y99.555 F18000
M204 P2000
;TYPE:Gap infill
;WIDTH:0.267327
G1 F6000
G1 X103.393 Y99.308 E.00451
;WIDTH:0.220857
G1 X103.424 Y99.06 E.00358
;WIDTH:0.179379
G1 X103.444 Y98.954 E.00119
;WIDTH:0.142896
G1 X103.463 Y98.848 E.00087
;WIDTH:0.124654
G1 X103.483 Y98.741 E.00071
G1 E-2.39182
;WIPE_START
G1 X103.463 Y98.848 E-.10818
;WIPE_END
G1 X116.593 Y97.255 F18000
G1 E2.5 F6000
M204 P1000
;TYPE:Top surface
;WIDTH:0.42
G1 F3600
G1 X116.851 Y97.687 E.01529
G1 X117.206 Y98.47 E.02615
G1 X117.473 Y99.288 E.02616
G1 X117.503 Y99.436 E.00462
G1 X117.454 Y99.447 F18000
M204 P2000
;TYPE:Gap infill
;WIDTH:0.282469
G1 F6000
G1 X117.478 Y99.638 E.00373
;WIDTH:0.250056
G1 X117.502 Y99.84 E.0034
;WIDTH:0.214344
G1 X117.521 Y100.124 E.00393
;WIDTH:0.176746
G1 X117.54 Y100.407 E.00307
;WIDTH:0.13886
G1 X117.559 Y100.695 E.00223
;WIDTH:0.111881
G1 X117.567 Y101.56 E.00481
;WIDTH:0.124532
G1 X117.546 Y101.991 E.00284
;WIDTH:0.166108
G3 X117.525 Y102.43 I-7.701 J-.154 E.00437
;WIDTH:0.205495
G1 X117.502 Y102.643 E.00281
;WIDTH:0.241372
G1 X117.48 Y102.856 E.00343
;WIDTH:0.259311
G1 X117.457 Y103.069 E.00374
G1 X117.502 Y103.08 F18000
M204 P1000
;TYPE:Top surface
;WIDTH:0.42
G1 F3600
G1 X117.388 Y103.541 E.01443
G1 X117.09 Y104.35 E.02623
G1 X116.702 Y105.121 E.02624
G1 X116.593 Y105.289 E.00611
G1 X116.593 Y105.984 F18000
G1 F3600
G1 X117.097 Y105.189 E.02863
G1 X117.502 Y104.333 E.02879
G1 X117.454 Y104.316 F18000
M204 P2000
;TYPE:Gap infill
;WIDTH:0.235068
G1 F6000
G1 X117.485 Y104.143 E.00272
;WIDTH:0.210585
G1 X117.516 Y103.971 E.00237
;WIDTH:0.161619
G1 X117.547 Y103.798 E.00168
;WIDTH:0.112652
G1 X117.578 Y103.626 E.00099
G1 E-2.32463
;WIPE_START
G1 X117.547 Y103.798 E-.17537
;WIPE_END
G1 X114.235 Y79.268 F18000
G1 E2.5 F6000
M204 P1000
;TYPE:Top surface
;WIDTH:0.42
G1 F3600
G3 X115.862 Y79.643 I-2.04 J12.583 E.05082
G1 X116.217 Y80.132 F18000
G1 F3600
G2 X114.761 Y79.76 I-3.542 J10.815 E.04575
G1 X115.167 Y80.232 F18000
G1 F3600
G1 X116.516 Y80.608 E.04261
G1 X116.776 Y81.098 F18000
G1 F3600
G2 X115.515 Y80.721 I-3.432 J9.173 E.04006
G1 X115.79 Y81.186 F18000
G1 F3600
G3 X116.971 Y81.564 I-2.191 J8.871 E.03772
G1 X117.142 Y82.026 F18000
G1 F3600
G1 X116.273 Y81.715 E.02806
G1 X116.022 Y81.645 E.00794
G1 X116.203 Y82.099 F18000
G1 F3600
G3 X117.268 Y82.477 I-2.195 J7.878 E.03438
G1 X117.366 Y82.916 F18000
G1 F3600
G2 X116.34 Y82.543 I-3.182 J7.15 E.03322
G1 X116.412 Y82.767 F18000
M204 P2000
;TYPE:Gap infill
;WIDTH:0.164776
G1 F6000
G1 X116.398 Y83.094 E.00321
G1 X116.45 Y82.968 F18000
M204 P1000
;TYPE:Top surface
;WIDTH:0.42
G1 F3600
G1 X117.437 Y83.353 E.03221
G1 X117.477 Y83.776 F18000
G1 F3600
G2 X116.522 Y83.406 I-3.076 J6.515 E.03118
G1 E-1.75 F6000
;WIPE_START
G1 F3600
G1 X117.454 Y83.767 E-.75
;WIPE_END
G1 X116.593 Y85.045 F18000
G1 E2.5 F6000
G1 F3600
G3 X117.507 Y85.448 I-2.258 J6.354 E.03042
G1 X117.507 Y85.032 F18000
G1 F3600
G2 X116.593 Y84.637 I-3.145 J6.022 E.03032
G1 X116.589 Y84.231 F18000
G1 F3600
G3 X117.507 Y84.618 I-2.199 J6.506 E.03033
G1 X117.509 Y84.412 F18000
M204 P2000
;TYPE:Gap infill
;WIDTH:0.194681
G1 F6000
G1 X117.578 Y84.087 E.00407
G1 X117.5 Y84.202 F18000
M204 P1000
;TYPE:Top surface
;WIDTH:0.42
G1 F3600
G2 X116.567 Y83.823 I-3.102 J6.293 E.03067
G1 X116.574 Y84.026 F18000
M204 P2000
;TYPE:Gap infill
;WIDTH:0.105179
G1 F6000
G3 X116.517 Y84.375 I-12.499 J-1.855 E.00178
G1 X116.581 Y84.429 F18000
;WIDTH:0.159412
G1 F6000
G1 X116.549 Y84.609 E.00172
;WIDTH:0.135665
G1 X116.517 Y84.789 E.00137
G1 X116.583 Y84.834 F18000
;WIDTH:0.161215
G1 F6000
G1 X116.55 Y85.013 E.00173
;WIDTH:0.136866
G1 X116.517 Y85.191 E.00138
G1 X116.585 Y85.244 F18000
;WIDTH:0.162954
G1 F6000
G1 X116.551 Y85.419 E.00173
;WIDTH:0.138026
G1 X116.517 Y85.594 E.00137
G1 X116.593 Y85.455 F18000
M204 P1000
;TYPE:Top surface
;WIDTH:0.42
G1 F3600
G3 X117.507 Y85.866 I-2.275 J6.29 E.0305
G1 X117.507 Y86.281 F18000
G1 F3600
G2 X116.593 Y85.864 I-3.201 J5.808 E.03058
G1 X116.593 Y86.266 F18000
G1 F3600
G1 X117.507 Y86.701 E.03077
G1 X116.593 Y86.684 F18000
G1 F3600
G3 X117.506 Y87.134 I-2.434 J6.102 E.031
G1 X117.506 Y87.557 F18000
G1 F3600
G2 X116.593 Y87.101 I-3.356 J5.579 E.03109
G1 X116.593 Y87.507 F18000
G1 F3600
G1 X117.506 Y87.987 E.03139
G1 X117.506 Y88.427 F18000
G1 F3600
G2 X116.593 Y87.938 I-3.492 J5.418 E.03155
G1 X116.593 Y88.352 F18000
G1 F3600
G1 X117.506 Y88.853 E.03167
G1 X116.593 Y88.781 F18000
G1 F3600
G3 X117.506 Y89.307 I-2.72 J5.778 E.03209
G1 X117.506 Y89.752 F18000
G1 F3600
G2 X116.593 Y89.21 I-3.686 J5.169 E.03233
G1 X116.593 Y89.629 F18000
G1 F3600
G1 X117.506 Y90.195 E.03268
G1 X117.506 Y90.663 F18000
G1 F3600
G2 X116.593 Y90.075 I-3.863 J4.992 E.03307
G1 X116.593 Y90.517 F18000
G1 F3600
G3 X117.505 Y91.13 I-3.043 J5.515 E.03348
G1 X117.505 Y91.602 F18000
G1 F3600
G2 X116.593 Y90.96 I-4.063 J4.808 E.03397
G1 X116.593 Y91.41 F18000
G1 F3600
G3 X117.505 Y92.083 I-3.271 J5.385 E.03454
G1 X117.505 Y92.575 F18000
G1 F3600
G2 X116.593 Y91.867 I-4.31 J4.612 E.03517
G1 X116.593 Y92.329 F18000
G1 F3600
G1 X116.853 Y92.512 E.00968
G1 X117.505 Y93.072 E.02613
G1 X117.505 Y93.594 F18000
G1 F3600
G1 X117.297 Y93.384 E.009
G1 X116.593 Y92.793 E.02795
G1 X116.593 Y93.284 F18000
G1 F3600
G1 X116.835 Y93.475 E.00939
G1 X117.505 Y94.12 E.02828
G1 X117.505 Y94.685 F18000
G1 F3600
G2 X116.593 Y93.781 I-5.04 J4.172 E.03911
G1 X116.593 Y94.29 F18000
G1 F3600
G1 X116.92 Y94.596 E.01362
G1 X117.504 Y95.264 E.027
G1 X117.466 Y95.298 F18000
M204 P2000
;TYPE:Gap infill
;WIDTH:0.186889
G1 F6000
G1 X117.587 Y95.653 E.00436
G1 X117.504 Y95.9 F18000
M204 P1000
;TYPE:Top surface
;WIDTH:0.42
G1 F3600
G1 X117.32 Y95.634 E.00986
G1 X116.708 Y94.92 E.02857
G1 X116.593 Y94.81 E.00485
G1 X116.593 Y95.368 F18000
G1 F3600
G1 X116.937 Y95.757 E.0158
G1 X117.504 Y96.562 E.02994
G1 X117.504 Y97.326 F18000
G1 F3600
G1 X117.423 Y97.16 E.00561
G1 X116.945 Y96.397 E.02739
G1 X116.593 Y95.948 E.01734
G1 X116.593 Y96.57 F18000
G1 F3600
G1 X116.764 Y96.8 E.00874
G1 X117.21 Y97.56 E.02678
G1 X117.504 Y98.217 E.02189
G1 X117.459 Y98.236 F18000
M204 P2000
;TYPE:Gap infill
;WIDTH:0.268492
G1 F6000
G1 X117.488 Y98.372 E.00253
;WIDTH:0.24055
G1 X117.511 Y98.515 E.0023
;WIDTH:0.197013
G1 X117.533 Y98.657 E.00179
;WIDTH:0.153476
G1 X117.556 Y98.8 E.00129
;WIDTH:0.131708
G1 X117.579 Y98.943 E.00103
G1 E-2.35562
;WIPE_START
G1 X117.556 Y98.8 E-.14438
;WIPE_END
G1 X116.519 Y99.466 F18000
G1 E2.5 F6000
;WIDTH:0.107328
G1 X116.538 Y99.642 E.00092
;WIDTH:0.145645
G1 X116.558 Y99.819 E.00147
;WIDTH:0.183963
G1 X116.578 Y99.996 E.00202
;WIDTH:0.22228
G1 X116.598 Y100.172 E.00257
;WIDTH:0.262118
G1 X116.618 Y100.563 E.00692
;WIDTH:0.314212
G3 X116.635 Y101.734 I-9.953 J.723 E.02563
;WIDTH:0.298184
G1 X116.618 Y101.995 E.00539
;WIDTH:0.264446
G1 X116.601 Y102.256 E.00468
;WIDTH:0.230708
G1 X116.584 Y102.517 E.00396
;WIDTH:0.192894
G1 X116.562 Y102.694 E.00215
;WIDTH:0.151005
G1 X116.54 Y102.871 E.00155
;WIDTH:0.13006
G1 X116.518 Y103.047 E.00125
G1 E-2.32192
;WIPE_START
G1 X116.54 Y102.871 E-.17808
;WIPE_END
G1 X116.531 Y104.181 F18000
G1 E2.5 F6000
;WIDTH:0.23829
G1 X116.584 Y103.861 E.00512
;WIDTH:0.258972
G1 X116.636 Y103.54 E.00566
G1 X116.593 Y103.524 F18000
M204 P1000
;TYPE:Top surface
;WIDTH:0.42
G1 F3600
G1 X116.654 Y103.363 E.00523
G1 X116.854 Y102.568 E.02491
G1 X116.959 Y101.757 E.0249
G1 X116.969 Y100.938 E.02489
G1 X116.882 Y100.125 E.02488
G1 X116.701 Y99.328 E.02486
G1 X116.593 Y99.022 E.00988
G1 X116.64 Y99.005 F18000
M204 P2000
;TYPE:Gap infill
;WIDTH:0.258974
G1 F6000
G1 X116.611 Y98.847 E.0028
;WIDTH:0.212064
G1 X116.582 Y98.688 E.0022
;WIDTH:0.165155
G1 X116.553 Y98.53 E.00159
;WIDTH:0.118245
G1 X116.524 Y98.372 E.00098
;WIDTH:0.0947904
G1 X116.516 Y98.336 E.00015
G1 X116.593 Y98.036 F18000
M204 P1000
;TYPE:Top surface
;WIDTH:0.42
G1 F3600
G1 X116.721 Y98.284 E.0085
G1 X117.017 Y99.069 E.02551
G1 X117.222 Y99.883 E.02552
G1 X117.333 Y100.715 E.02554
G1 X117.348 Y101.555 E.02555
G1 X117.267 Y102.392 E.02556
G1 X117.091 Y103.214 E.02557
G1 X116.822 Y104.011 E.02558
G1 X116.593 Y104.5 E.01643
G1 E-1.75 F6000
;WIPE_START
G1 F3600
G1 X116.822 Y104.011 E-.40506
G1 X116.969 Y103.575 E-.34494
;WIPE_END
G1 X117.502 Y105.21 F18000
G1 E2.5 F6000
G1 F3600
G1 X117.195 Y105.766 E.0193
G1 X116.593 Y106.602 E.03135
G1 X116.593 Y107.175 F18000
G1 F3600
G1 X116.88 Y106.857 E.01304
G1 X117.423 Y106.109 E.02811
G1 X117.502 Y105.974 E.00476
G1 X117.345 Y105.883 F18000
M204 P2000
;TYPE:Gap infill
;WIDTH:0.0940144
G1 F6000
G1 X117.596 Y105.817 E.00107
G1 X117.502 Y106.642 F18000
M204 P1000
;TYPE:Top surface
;WIDTH:0.42
G1 F3600
G1 X117.245 Y107.003 E.01347
G1 X116.593 Y107.742 E.02997
G1 X116.593 Y108.264 F18000
G1 F3600
G2 X117.501 Y107.268 I-4.522 J-5.038 E.04106
G1 X117.596 Y107.131 F18000
M204 P2000
;TYPE:Gap infill
;WIDTH:0.153335
G1 F6000
G1 X117.364 Y107.157 E.00207
G1 X117.501 Y107.855 F18000
M204 P1000
;TYPE:Top surface
;WIDTH:0.42
G1 F3600
G1 X117.181 Y108.221 E.01478
G1 X116.593 Y108.774 E.02456
G1 X116.593 Y109.279 F18000
G1 F3600
G1 X117.337 Y108.601 E.03059
G1 X117.501 Y108.42 E.00746
G1 X117.595 Y108.608 F18000
M204 P2000
;TYPE:Gap infill
;WIDTH:0.182988
G1 F6000
G1 X117.466 Y108.922 E.00383
G1 X117.501 Y108.96 F18000
M204 P1000
;TYPE:Top surface
;WIDTH:0.42
G1 F3600
G1 X116.87 Y109.539 E.02605
G1 X116.593 Y109.749 E.01056
G1 X117.501 Y109.978 F18000
G1 F3600
G3 X116.593 Y110.686 I-4.324 J-4.612 E.03506
G1 X116.593 Y110.227 F18000
G1 F3600
G1 X117.272 Y109.692 E.02631
G1 X117.501 Y109.474 E.0096
G1 E-1.75 F6000
;WIPE_START
G1 F3600
G1 X117.272 Y109.692 E-.23677
G1 X116.735 Y110.116 E-.51323
;WIPE_END
G1 X116.593 Y111.149 F18000
G1 E2.5 F6000
G1 F3600
G1 X116.764 Y111.04 E.00617
G1 X117.501 Y110.478 E.02818
G1 X117.5 Y110.967 F18000
G1 F3600
G1 X116.593 Y111.607 E.03377
G1 X116.593 Y112.05 F18000
G1 F3600
G1 X117.5 Y111.437 E.0333
G1 X117.595 Y111.607 F18000
M204 P2000
;TYPE:Gap infill
;WIDTH:0.0984103
G1 F6000
G1 X117.566 Y111.661 E.00028
G1 X117.566 Y111.985 E.00145
G1 X117.5 Y111.903 F18000
M204 P1000
;TYPE:Top surface
;WIDTH:0.42
G1 F3600
G1 X116.593 Y112.489 E.03285
G1 X116.593 Y112.926 F18000
G1 F3600
G1 X117.5 Y112.364 E.03245
G1 X117.5 Y112.814 F18000
G1 F3600
G1 X116.593 Y113.361 E.03222
G1 X116.593 Y113.786 F18000
G1 F3600
G1 X117.5 Y113.257 E.03193
G1 X117.492 Y113.481 F18000
M204 P2000
;TYPE:Gap infill
;WIDTH:0.203583
G1 F6000
G1 X117.577 Y113.797 E.00424
G1 X117.5 Y113.697 F18000
M204 P1000
;TYPE:Top surface
;WIDTH:0.42
G1 F3600
G1 X116.772 Y114.121 E.02564
G1 X116.593 Y114.207 E.00603
G1 X116.381 Y114.935 F18000
M204 P2000
;TYPE:Gap infill
;WIDTH:0.123168
G1 F6000
G1 X116.645 Y114.738 E.00213
G1 X116.593 Y114.627 F18000
M204 P1000
;TYPE:Top surface
;WIDTH:0.42
G1 F3600
G2 X117.5 Y114.134 I-2.613 J-5.893 E.03142
G1 X117.5 Y114.569 F18000
G1 F3600
G1 X116.952 Y114.878 E.01912
G1 X115.852 Y115.389 E.0369
G1 X114.662 Y115.826 E.03856
G1 X114.648 Y115.779 F18000
M204 P2000
;TYPE:Gap infill
;WIDTH:0.270723
G1 F6000
G1 X114.475 Y115.803 E.00321
;WIDTH:0.230156
G1 X114.303 Y115.828 E.00264
;WIDTH:0.189588
G1 X114.13 Y115.852 E.00206
;WIDTH:0.149021
G1 X113.957 Y115.877 E.00149
;WIDTH:0.128737
G1 X113.784 Y115.901 E.00121
G1 E-2.32548
;WIPE_START
G1 X113.957 Y115.877 E-.17452
;WIPE_END
G1 X113.218 Y114.838 F18000
G1 E2.5 F6000
;WIDTH:0.108311
G1 X113.018 Y114.859 E.00106
;WIDTH:0.148593
G1 X112.818 Y114.879 E.00171
;WIDTH:0.188874
G1 X112.619 Y114.9 E.00236
;WIDTH:0.229156
G1 X112.419 Y114.92 E.00302
;WIDTH:0.269438
G1 X112.219 Y114.941 E.00367
;WIDTH:0.289578
G1 X111.924 Y114.959 E.00588
G1 X111.918 Y114.912 F18000
M204 P1000
;TYPE:Top surface
;WIDTH:0.42
G1 F3600
G1 X111.108 Y115.015 E.02483
G1 X109.956 Y115.064 E.03507
G1 X108.804 Y115.017 E.03508
G1 X107.957 Y114.912 E.02595
G1 X107.951 Y114.959 F18000
M204 P2000
;TYPE:Gap infill
;WIDTH:0.299778
G1 F6000
G1 X107.665 Y114.941 E.00592
;WIDTH:0.270175
G1 X107.464 Y114.921 E.0037
;WIDTH:0.229729
G1 X107.263 Y114.9 E.00304
;WIDTH:0.189284
G1 X107.062 Y114.879 E.00239
;WIDTH:0.148838
G1 X106.861 Y114.859 E.00173
;WIDTH:0.128616
G1 X106.66 Y114.838 E.0014
G1 E-2.29794
;WIPE_START
G1 X106.861 Y114.859 E-.20206
;WIPE_END
G1 X106.096 Y115.901 F18000
G1 E2.5 F6000
;WIDTH:0.1084
G1 X105.923 Y115.877 E.00092
;WIDTH:0.148859
G1 X105.75 Y115.852 E.00149
;WIDTH:0.189318
G1 X105.577 Y115.828 E.00206
;WIDTH:0.229777
G1 X105.404 Y115.804 E.00263
;WIDTH:0.250007
G1 X105.231 Y115.779 E.00292
G1 X105.217 Y115.826 F18000
M204 P1000
;TYPE:Top surface
;WIDTH:0.42
G1 F3600
G1 X104.018 Y115.386 E.03885
G1 X102.916 Y114.874 E.03697
G1 X102.493 Y114.635 E.01477
G1 X102.493 Y115.067 F18000
G1 F3600
G1 X102.787 Y115.231 E.01024
G1 X103.904 Y115.747 E.03742
G1 X104.119 Y115.826 E.00698
G1 X104.136 Y115.78 F18000
M204 P2000
;TYPE:Gap infill
;WIDTH:0.232471
G1 F6000
G1 X104.305 Y115.811 E.00263
;WIDTH:0.208421
G1 X104.474 Y115.841 E.00229
;WIDTH:0.160321
G1 X104.643 Y115.872 E.00163
;WIDTH:0.112221
G1 X104.812 Y115.902 E.00096
G1 E-2.32827
;WIPE_START
G1 X104.643 Y115.872 E-.17173
;WIPE_END
G1 X103.507 Y117.201 F18000
G1 E2.5 F6000
M204 P1000
;TYPE:Top surface
;WIDTH:0.42
G1 F3600
G3 X102.493 Y116.756 I2.469 J-7.013 E.03372
G1 X102.493 Y117.182 F18000
G1 F3600
G1 X103.507 Y117.615 E.03354
G1 X103.515 Y117.414 F18000
M204 P2000
;TYPE:Gap infill
;WIDTH:0.162976
G1 F6000
G1 X103.549 Y117.238 E.00173
;WIDTH:0.13804
G1 X103.583 Y117.062 E.00137
G1 X103.518 Y117.002 F18000
;WIDTH:0.159832
G1 F6000
G1 X103.55 Y116.828 E.00167
;WIDTH:0.135945
G1 X103.583 Y116.654 E.00133
G1 X103.507 Y116.798 F18000
M204 P1000
;TYPE:Top surface
;WIDTH:0.42
G1 F3600
G3 X102.493 Y116.337 I2.544 J-6.946 E.03392
G1 X102.493 Y115.924 F18000
G1 F3600
G1 X103.507 Y116.397 E.03404
G1 X103.658 Y115.841 F18000
M204 P2000
;TYPE:Gap infill
;WIDTH:0.131548
G1 F6000
G1 X103.601 Y115.878 E.00048
G1 X103.477 Y116.045 E.0015
G1 X103.507 Y115.979 F18000
M204 P1000
;TYPE:Top surface
;WIDTH:0.42
G1 F3600
G1 X102.493 Y115.499 E.03414
G1 E-1.75 F6000
;WIPE_START
G1 F3600
G1 X103.397 Y115.927 E-.75
;WIPE_END
G1 X103.407 Y112.997 F18000
G1 E2.5 F6000
G1 F3600
G1 X102.493 Y112.444 E.0325
G1 X102.399 Y112.326 F18000
M204 P2000
;TYPE:Gap infill
;WIDTH:0.115115
G1 F6000
G1 X102.59 Y112.284 E.00114
G1 X102.493 Y111.981 F18000
M204 P1000
;TYPE:Top surface
;WIDTH:0.42
G1 F3600
G1 X102.668 Y112.109 E.0066
G1 X103.407 Y112.557 E.02628
G1 E-1.75 F6000
;WIPE_START
G1 F3600
G1 X102.668 Y112.109 E-.64813
G1 X102.558 Y112.029 E-.10187
;WIPE_END
G1 X102.493 Y111.514 F18000
G1 E2.5 F6000
G1 F3600
G2 X103.407 Y112.116 I3.915 J-4.956 E.03333
G1 X103.407 Y111.679 F18000
G1 F3600
G1 X103.219 Y111.569 E.00662
G1 X102.493 Y111.052 E.02713
G1 X102.493 Y110.572 F18000
G1 F3600
G1 X102.718 Y110.759 E.00891
G1 X103.407 Y111.231 E.02541
G1 X103.407 Y110.778 F18000
G1 F3600
G1 X103.192 Y110.638 E.00781
G1 X102.493 Y110.09 E.02702
G1 X102.493 Y109.585 F18000
G1 F3600
G2 X103.407 Y110.314 I4.394 J-4.571 E.03562
G1 X103.407 Y109.85 F18000
G1 F3600
G3 X102.493 Y109.074 I3.66 J-5.24 E.03652
G1 X102.493 Y108.547 F18000
G1 F3600
G2 X103.407 Y109.373 I4.764 J-4.355 E.03754
G1 X103.407 Y108.881 F18000
G1 F3600
G3 X102.493 Y108.004 I4.033 J-5.119 E.0386
G1 X102.527 Y107.971 F18000
M204 P2000
;TYPE:Gap infill
;WIDTH:0.13645
G1 F6000
G1 X102.412 Y107.663 E.00248
G1 X102.493 Y107.434 F18000
M204 P1000
;TYPE:Top surface
;WIDTH:0.42
G1 F3600
G1 X102.624 Y107.599 E.00641
G1 X103.297 Y108.294 E.02943
G1 X103.407 Y108.387 E.00437
G1 X103.407 Y107.861 F18000
G1 F3600
G1 X103.084 Y107.546 E.01373
G1 X102.493 Y106.841 E.02797
G1 E-1.75 F6000
;WIPE_START
G1 F3600
G1 X103.084 Y107.546 E-.68976
G1 X103.141 Y107.602 E-.06024
;WIPE_END
G1 X102.409 Y105.742 F18000
G1 E2.5 F6000
M204 P2000
;TYPE:Gap infill
;WIDTH:0.207976
G1 X102.535 Y106.168 E.00592
G1 X102.493 Y106.194 F18000
M204 P1000
;TYPE:Top surface
;WIDTH:0.42
G1 F3600
G1 X103.072 Y106.964 E.02929
G1 X103.407 Y107.322 E.01494
G1 X103.407 Y106.761 F18000
G1 F3600
G1 X103.242 Y106.578 E.0075
G1 X102.709 Y105.84 E.02769
G1 X102.493 Y105.463 E.01324
G1 X102.526 Y105.443 F18000
M204 P2000
;TYPE:Gap infill
;WIDTH:0.0908088
G1 F6000
G3 X102.416 Y104.985 I8.55 J-2.288 E.00182
G1 X102.417 Y104.035 F18000
;WIDTH:0.123486
G1 F6000
G1 X102.436 Y104.143 E.00071
;WIDTH:0.141144
G1 X102.455 Y104.25 E.00086
;WIDTH:0.17646
G1 X102.474 Y104.357 E.00117
;WIDTH:0.195813
G1 X102.531 Y104.633 E.00347
G1 X102.493 Y104.65 F18000
M204 P1000
;TYPE:Top surface
;WIDTH:0.42
G1 F3600
G1 X102.613 Y104.92 E.00901
G1 X103.061 Y105.69 E.02709
G1 X103.407 Y106.159 E.01773
G1 X103.407 Y105.509 F18000
G1 F3600
G1 X103.107 Y105.042 E.0169
G1 X102.721 Y104.262 E.02647
G1 X102.493 Y103.638 E.0202
G1 X102.54 Y103.621 F18000
M204 P2000
;TYPE:Gap infill
;WIDTH:0.268732
G1 F6000
G1 X102.515 Y103.466 E.00284
;WIDTH:0.232587
G1 X102.491 Y103.312 E.00239
;WIDTH:0.195561
G1 X102.465 Y103.151 E.00201
;WIDTH:0.154343
G1 X102.442 Y102.925 E.00204
;WIDTH:0.132285
G1 X102.419 Y102.699 E.00164
G1 E-2.27309
;WIPE_START
G1 X102.442 Y102.925 E-.22691
;WIPE_END
G1 X103.481 Y101.958 F18000
G1 E2.5 F6000
;WIDTH:0.100283
G1 X103.467 Y101.78 E.00082
;WIDTH:0.125914
G3 X103.48 Y100.325 I12.222 J-.618 E.00975
G1 E-1.75
;WIPE_START
G1 X103.452 Y101.001 E-.50706
G1 X103.458 Y101.325 E-.24294
;WIPE_END
G1 X102.418 Y99.565 F18000
G1 E2.5 F6000
;WIDTH:0.133162
G1 X102.442 Y99.377 E.00137
;WIDTH:0.155657
G1 X102.465 Y99.19 E.00172
;WIDTH:0.200649
G1 X102.488 Y99.003 E.0024
;WIDTH:0.24564
G1 X102.511 Y98.816 E.00308
;WIDTH:0.273601
G1 X102.536 Y98.676 E.00264
G1 X102.493 Y98.662 F18000
M204 P1000
;TYPE:Top surface
;WIDTH:0.42
G1 F3600
G1 X102.607 Y98.308 E.01132
G1 X102.964 Y97.511 E.02656
G1 X103.407 Y96.756 E.02663
G1 X103.407 Y96.125 F18000
G1 F3600
G1 X103.17 Y96.433 E.01182
G1 X102.703 Y97.196 E.02719
G1 X102.493 Y97.642 E.01498
G1 X102.41 Y97.32 F18000
M204 P2000
;TYPE:Gap infill
;WIDTH:0.190176
G1 F6000
G1 X102.53 Y96.845 E.00582
G1 X102.493 Y96.823 F18000
M204 P1000
;TYPE:Top surface
;WIDTH:0.42
G1 F3600
G1 X102.771 Y96.351 E.01667
G1 X103.315 Y95.616 E.02781
G1 X103.407 Y95.515 E.00416
G1 X103.407 Y94.947 F18000
G1 F3600
G1 X102.743 Y95.734 E.03134
G1 X102.493 Y96.11 E.01372
G1 X102.399 Y96.257 F18000
M204 P2000
;TYPE:Gap infill
;WIDTH:0.143343
G1 F6000
G1 X102.639 Y96.207 E.00199
G1 X102.493 Y95.451 F18000
M204 P1000
;TYPE:Top surface
;WIDTH:0.42
G1 F3600
G1 X102.587 Y95.317 E.00499
G1 X103.213 Y94.597 E.029
G1 X103.407 Y94.414 E.00812
G1 X103.407 Y93.896 F18000
G1 F3600
G2 X102.493 Y94.851 I4.361 J5.092 E.04027
G1 X102.493 Y94.264 F18000
G1 F3600
G1 X103.205 Y93.556 E.03054
G1 X103.407 Y93.392 E.00792
G1 X103.407 Y92.892 F18000
G1 F3600
G1 X102.627 Y93.582 E.03167
G1 X102.493 Y93.726 E.006
G1 X102.399 Y93.541 F18000
M204 P2000
;TYPE:Gap infill
;WIDTH:0.162912
G1 F6000
G1 X102.528 Y93.234 E.00322
G1 X102.493 Y93.199 F18000
M204 P1000
;TYPE:Top surface
;WIDTH:0.42
G1 F3600
G1 X102.655 Y93.037 E.00697
G1 X103.407 Y92.415 E.02969
G1 X103.407 Y91.944 F18000
G1 F3600
G1 X102.493 Y92.682 E.03575
G1 X102.399 Y92.507 F18000
M204 P2000
;TYPE:Gap infill
;WIDTH:0.118526
G1 F6000
G1 X102.527 Y92.226 E.00188
G1 X102.493 Y92.183 F18000
M204 P1000
;TYPE:Top surface
;WIDTH:0.42
G1 F3600
G1 X103.242 Y91.598 E.02893
G1 X103.407 Y91.491 E.00597
G1 X103.407 Y91.043 F18000
G1 F3600
G2 X102.493 Y91.705 I3.253 J5.454 E.03438
G1 X102.493 Y91.221 F18000
G1 F3600
G1 X102.642 Y91.101 E.00582
G1 X103.407 Y90.588 E.02802
G1 X103.407 Y90.15 F18000
G1 F3600
G1 X103.134 Y90.307 E.0096
G1 X102.493 Y90.755 E.02378
G1 X102.493 Y90.289 F18000
G1 F3600
G1 X102.65 Y90.173 E.00595
G1 X103.407 Y89.71 E.02699
G1 X103.407 Y89.279 F18000
G1 F3600
G2 X102.493 Y89.839 I2.871 J5.715 E.03265
G1 X102.493 Y89.375 F18000
G1 F3600
G1 X103.407 Y88.841 E.0322
G1 X103.407 Y88.423 F18000
G1 F3600
G2 X102.493 Y88.943 I2.714 J5.844 E.03202
G1 X102.493 Y88.497 F18000
G1 F3600
G1 X103.407 Y87.991 E.0318
G1 X103.407 Y87.577 F18000
G1 F3600
G1 X102.688 Y87.94 E.0245
G1 X102.493 Y88.06 E.00696
G1 X102.493 Y87.631 F18000
G1 F3600
G3 X103.407 Y87.156 I3.467 J5.564 E.03136
G1 X103.407 Y86.741 F18000
G1 F3600
G1 X102.493 Y87.191 E.031
G1 X102.493 Y86.774 F18000
G1 F3600
G3 X103.407 Y86.326 I3.364 J5.718 E.03099
G1 X103.407 Y85.916 F18000
G1 F3600
G1 X102.493 Y86.342 E.03068
G1 E-1.75 F6000
;WIPE_START
G1 F3600
G1 X103.399 Y85.92 E-.75
;WIPE_END
G1 X102.493 Y85.087 F18000
G1 E2.5 F6000
G1 F3600
G3 X103.407 Y84.691 I3.147 J6.014 E.03033
G1 X103.407 Y85.096 F18000
G1 F3600
G2 X102.493 Y85.508 I2.307 J6.351 E.03052
G1 X102.493 Y85.923 F18000
G1 F3600
G1 X103.407 Y85.495 E.03071
G1 X103.483 Y85.642 F18000
M204 P2000
;TYPE:Gap infill
;WIDTH:0.111698
G1 F6000
G1 X103.451 Y85.468 E.00098
;WIDTH:0.135226
G1 X103.419 Y85.295 E.00131
G1 X103.483 Y85.238 F18000
;WIDTH:0.112407
G1 F6000
G1 X103.45 Y85.064 E.00099
;WIDTH:0.136644
G1 X103.417 Y84.891 E.00134
G1 X103.483 Y84.831 F18000
;WIDTH:0.112633
G1 F6000
G1 X103.45 Y84.658 E.00099
;WIDTH:0.137097
G1 X103.416 Y84.484 E.00134
G1 X103.483 Y84.422 F18000
;WIDTH:0.125151
G1 F6000
G3 X103.42 Y84.078 I12.641 J-2.501 E.00232
G1 X103.408 Y84.284 F18000
M204 P1000
;TYPE:Top surface
;WIDTH:0.42
G1 F3600
G2 X102.493 Y84.668 I2.177 J6.477 E.03021
G1 X102.497 Y84.252 F18000
G1 F3600
G3 X103.431 Y83.871 I3.109 J6.285 E.03069
G1 X103.47 Y83.454 F18000
G1 F3600
G2 X102.52 Y83.833 I2.182 J6.847 E.03114
G1 X102.553 Y83.412 F18000
G1 F3600
G3 X103.54 Y83.025 I3.23 J6.792 E.03227
G1 X103.593 Y83.144 F18000
M204 P2000
;TYPE:Gap infill
;WIDTH:0.198357
G1 F6000
G3 X103.576 Y82.805 I6.293 J-.483 E.00426
G1 X103.651 Y82.577 F18000
M204 P1000
;TYPE:Top surface
;WIDTH:0.42
G1 F3600
G1 X102.626 Y82.97 E.03338
G1 X102.719 Y82.526 F18000
G1 F3600
G3 X103.778 Y82.147 I3.262 J7.453 E.03424
G1 X103.963 Y81.683 F18000
G1 F3600
G1 X102.844 Y82.074 E.03605
G1 X103.009 Y81.615 F18000
G1 F3600
G3 X104.186 Y81.23 I3.417 J8.457 E.03768
G1 X104.458 Y80.76 F18000
G1 F3600
G2 X103.198 Y81.147 I2.238 J9.541 E.04012
G1 E-1.75 F6000
;WIPE_START
G1 F3600
G1 X103.605 Y81.002 E-.3241
G1 X104.151 Y80.847 E-.4259
;WIPE_END
G1 X104.791 Y80.282 F18000
G1 E2.5 F6000
G1 F3600
G1 X103.822 Y80.539 E.03049
G1 X103.454 Y80.664 E.01181
G1 X103.803 Y80.348 F18000
M204 P2000
;TYPE:Gap infill
;WIDTH:0.121922
G1 F6000
G1 X103.597 Y80.238 E.00149
G1 X103.751 Y80.179 F18000
M204 P1000
;TYPE:Top surface
;WIDTH:0.42
G1 F3600
G3 X105.203 Y79.796 I3.614 J10.769 E.0457
G1 X105.229 Y79.905 F18000
M204 P2000
;TYPE:Gap infill
;WIDTH:0.12806
G1 F6000
G1 X105.319 Y79.573 E.00236
G1 X105.859 Y79.078 F18000
;WIDTH:0.119875
G1 F6000
G1 X105.744 Y79.407 E.00216
G1 X105.723 Y79.301 F18000
M204 P1000
;TYPE:Top surface
;WIDTH:0.42
G1 F3600
G2 X104.102 Y79.684 I2.106 J12.534 E.05069
G1 X104.538 Y79.172 F18000
G1 F3600
G1 X106.087 Y78.837 E.04819
G1 X106.42 Y78.789 E.01026
G1 X106.411 Y78.726 F18000
M204 P2000
;TYPE:Gap infill
;WIDTH:0.0984135
G1 F6000
G3 X107.003 Y78.533 I3.815 J10.744 E.00279
G1 E-1.87733
;WIPE_START
G1 X106.411 Y78.726 E-.62267
;WIPE_END
G1 X106.058 Y77.834 F18000
G1 E2.5 F6000
;WIDTH:0.296759
G1 X106.688 Y77.65 E.01343
G1 X106.684 Y77.63 F18000
;WIDTH:0.123723
G1 F6000
G2 X106.024 Y77.875 I7.486 J21.127 E.00459
G1 X105.737 Y78.145 F18000
M204 P1000
;TYPE:Top surface
;WIDTH:0.42
G1 F3600
G1 X106.176 Y78.056 E.01362
G1 X107.663 Y77.856 E.04564
G1 X109.16 Y77.75 E.04565
G1 X109.527 Y77.748 E.01115
G1 X109.528 Y77.836 F18000
M204 P2000
;TYPE:Gap infill
;WIDTH:0.286204
G1 F6000
G1 X109.648 Y77.708 E.00346
;WIDTH:0.320364
G1 X109.667 Y77.689 E.00058
G3 X110.42 Y77.695 I.294 J11.873 E.01687
G1 X110.421 Y77.742 F18000
M204 P1000
;TYPE:Top surface
;WIDTH:0.42
G1 F3600
G1 X110.661 Y77.741 E.00732
G1 X112.16 Y77.827 E.04565
G1 X113.65 Y78.009 E.04566
G1 X114.227 Y78.117 E.01786
G1 X113.937 Y77.852 F18000
M204 P2000
;TYPE:Gap infill
;WIDTH:0.109804
G1 F6000
G1 X113.812 Y77.805 E.00072
;WIDTH:0.16412
G2 X113.3 Y77.617 I-6.254 J16.267 E.00534
G1 X113.297 Y77.635 F18000
;WIDTH:0.252577
G1 F6000
G1 X113.897 Y77.806 E.01055
G1 X113.304 Y77.589 F18000
M204 P1000
;TYPE:Top surface
;WIDTH:0.42
G1 F3600
G1 X112.727 Y77.505 E.01772
G1 X111.219 Y77.384 E.04602
G1 X109.706 Y77.358 E.04602
G1 X108.195 Y77.429 E.04601
G1 X106.678 Y77.597 E.0464
G1 X107.038 Y77.348 F18000
M204 P2000
;TYPE:Gap infill
;WIDTH:0.136348
G1 F6000
G1 X107.204 Y77.302 E.0013
;WIDTH:0.156344
G1 X107.417 Y77.254 E.002
;WIDTH:0.196336
G1 X107.63 Y77.207 E.0027
;WIDTH:0.236329
G1 X107.844 Y77.16 E.00341
;WIDTH:0.276321
G1 X108.057 Y77.113 E.00411
G1 X108.054 Y77.073 F18000
M204 P1000
;TYPE:Top surface
;WIDTH:0.42
G1 F3600
G1 X109.066 Y76.999 E.03087
G1 X110.591 Y76.984 E.04638
G1 X111.852 Y77.052 E.03839
G1 X111.849 Y77.102 F18000
M204 P2000
;TYPE:Gap infill
;WIDTH:0.283089
G1 F6000
G3 X112.185 Y77.162 I-.392 J3.127 E.00662
;WIDTH:0.239167
G1 X112.373 Y77.201 E.00303
;WIDTH:0.192415
G1 X112.561 Y77.24 E.00231
;WIDTH:0.145662
G1 X112.748 Y77.278 E.00159
;WIDTH:0.106021
G3 X112.902 Y77.321 I-.395 J1.732 E.00081
G1 E-2.34015
;WIPE_START
G1 X112.748 Y77.278 E-.15985
;WIPE_END
G1 X112.944 Y78.51 F18000
G1 E2.5 F6000
;WIDTH:0.120659
G3 X113.535 Y78.689 I-2.993 J10.916 E.00387
G1 X113.532 Y78.709 F18000
;WIDTH:0.276804
G1 F6000
G1 X112.955 Y78.492 E.01163
G1 X113.523 Y78.755 F18000
M204 P1000
;TYPE:Top surface
;WIDTH:0.42
G1 F3600
G1 X114.891 Y79.006 E.04229
G1 X115.436 Y79.144 E.01708
G1 X114.882 Y78.62 F18000
G1 F3600
G1 X113.393 Y78.352 E.04602
G1 X112.584 Y78.26 E.02476
G1 X112.59 Y78.211 F18000
M204 P2000
;TYPE:Gap infill
;WIDTH:0.283625
G1 F6000
G1 X112.443 Y78.17 E.00296
;WIDTH:0.26216
G1 X112.289 Y78.135 E.00279
;WIDTH:0.230109
G1 X112.135 Y78.1 E.00238
;WIDTH:0.19661
G1 X112.007 Y78.075 E.00162
;WIDTH:0.161663
G1 X111.878 Y78.05 E.00126
;WIDTH:0.126241
G1 X111.746 Y78.025 E.0009
;WIDTH:0.108481
G1 X111.597 Y78.004 E.0008
G1 E-2.34956
;WIPE_START
G1 X111.746 Y78.025 E-.15044
;WIPE_END
G1 X110.637 Y76.776 F18000
G1 E2.5 F6000
;WIDTH:0.109112
G1 X110.592 Y76.773 E.00024
G2 X109.256 Y76.787 I-.488 J16.486 E.00713
G1 E-1.75
;WIPE_START
G1 X109.59 Y76.767 E-.25096
G1 X110.256 Y76.771 E-.49904
;WIPE_END
G1 X108.34 Y78.018 F18000
G1 E2.5 F6000
;WIDTH:0.0929641
G1 X108.252 Y78.031 E.00036
;WIDTH:0.122194
G1 X108.066 Y78.068 E.00122
;WIDTH:0.170533
G1 X107.879 Y78.105 E.00196
;WIDTH:0.218871
G1 X107.693 Y78.143 E.0027
;WIDTH:0.258845
G1 X107.401 Y78.22 E.00526
G1 X107.407 Y78.264 F18000
M204 P1000
;TYPE:Top surface
;WIDTH:0.42
G1 F3600
G1 X105.981 Y78.473 E.04384
G1 X105.067 Y78.668 E.02842
; stop printing object LEG id:18398695746277035084 copy 0
G1 E-1.75 F6000
;WIPE_START
G1 F3600
G1 X105.981 Y78.473 E-.70072
G1 X106.046 Y78.464 E-.04928
;WIPE_END
M106 S0
;TYPE:Custom
; filament end gcode 
M140 S0; Heatbed off
M107; Fan off 
G91; relative positioning 
M83 ; extruder relative mode
G1 E-3 F3000 ;retract the filament a bit before lifting the nozzle, to release some of the pressure
G1 Z+0.5 F3000 ;move Z up a bit and retract filament even more
M104 S0; Extruder off
G28 X Y;move X/Y to min endstops, so the head is out of the way
G90; absolute positioning 
G1 Y220 F3000
M84 ;steppers off
M300 S1318 P266
; EXECUTABLE_BLOCK_END

; filament used [mm] = 2497.73
; filament used [cm3] = 6.01
; filament used [g] = 7.45
; filament cost = 0.15
; total filament used [g] = 7.45
; total filament cost = 0.15
; total layers count = 102
; estimated printing time (normal mode) = 27m 10s
; estimated first layer printing time (normal mode) = 9s

; CONFIG_BLOCK_START
; accel_to_decel_enable = 1
; accel_to_decel_factor = 50%
; activate_air_filtration = 0
; activate_chamber_temp_control = 0
; adaptive_bed_mesh_margin = 0
; adaptive_pressure_advance = 0
; adaptive_pressure_advance_bridges = 0
; adaptive_pressure_advance_model = "0,0,0\n0,0,0"
; adaptive_pressure_advance_overhangs = 0
; additional_cooling_fan_speed = 70
; align_infill_direction_to_model = 0
; alternate_extra_wall = 0
; auxiliary_fan = 0
; bbl_calib_mark_logo = 1
; bbl_use_printhost = 0
; bed_custom_model = 
; bed_custom_texture = 
; bed_exclude_area = 0x0
; bed_mesh_max = 0,0
; bed_mesh_min = 0,0
; bed_mesh_probe_distance = 0,0
; before_layer_change_gcode = G92 E0 ; zero the extruded length again\n; BEFORE_LAYER_CHANGE [layer_num] @ [layer_z]mm
; best_object_pos = 0.5,0.5
; bottom_shell_layers = 5
; bottom_shell_thickness = 0.6
; bottom_solid_infill_flow_ratio = 1
; bottom_surface_density = 100%
; bottom_surface_pattern = archimedeanchords
; bridge_acceleration = 50%
; bridge_angle = 0
; bridge_density = 100%
; bridge_flow = 0.9
; bridge_no_support = 1
; bridge_speed = 30
; brim_ears_detection_length = 1
; brim_ears_max_angle = 125
; brim_object_gap = 0.15
; brim_type = outer_only
; brim_width = 5
; calib_flowrate_topinfill_special_order = 0
; chamber_temperature = 0
; change_extrusion_role_gcode = 
; change_filament_gcode = 
; close_fan_the_first_x_layers = 1
; complete_print_exhaust_fan_speed = 80
; cool_plate_temp = 35
; cool_plate_temp_initial_layer = 35
; cooling_tube_length = 0
; cooling_tube_retraction = 0
; counterbore_hole_bridging = none
; curr_bed_type = High Temp Plate
; default_acceleration = 2000
; default_bed_type = 
; default_filament_colour = ""
; default_filament_profile = "Anycubic PLA @Anycubic Kobra 2 Neo 0.4 nozzle"
; default_jerk = 0
; default_junction_deviation = 0
; default_print_profile = 0.20mm Standard @Anycubic Kobra 2 Neo 0.4 nozzle
; deretraction_speed = 0
; detect_narrow_internal_solid_infill = 1
; detect_overhang_wall = 1
; detect_thin_wall = 0
; different_settings_to_system = bottom_shell_layers;bottom_surface_pattern;enable_support;sparse_infill_pattern;support_type;top_shell_layers;top_surface_pattern;wall_loops;;
; disable_m73 = 1
; dont_filter_internal_bridges = disabled
; dont_slow_down_outer_wall = 0
; draft_shield = disabled
; during_print_exhaust_fan_speed = 60
; elefant_foot_compensation = 0.075
; elefant_foot_compensation_layers = 1
; emit_machine_limits_to_gcode = 1
; enable_arc_fitting = 1
; enable_extra_bridge_layer = disabled
; enable_filament_ramming = 0
; enable_long_retraction_when_cut = 0
; enable_overhang_bridge_fan = 1
; enable_overhang_speed = 1
; enable_pressure_advance = 0
; enable_prime_tower = 0
; enable_support = 1
; enforce_support_layers = 0
; eng_plate_temp = 0
; eng_plate_temp_initial_layer = 0
; ensure_vertical_shell_thickness = ensure_all
; exclude_object = 0
; extra_loading_move = 0
; extra_perimeters_on_overhangs = 1
; extra_solid_infills = 
; extruder_clearance_height_to_lid = 20
; extruder_clearance_height_to_rod = 20
; extruder_clearance_radius = 20
; extruder_colour = #69A4FF
; extruder_offset = 0x0
; extrusion_rate_smoothing_external_perimeter_only = 0
; fan_cooling_layer_time = 100
; fan_kickstart = 0
; fan_max_speed = 100
; fan_min_speed = 80
; fan_speedup_overhangs = 1
; fan_speedup_time = 0
; filament_colour = #69A4FF
; filament_cooling_final_speed = 0
; filament_cooling_initial_speed = 0
; filament_cooling_moves = 0
; filament_cost = 20
; filament_density = 1.24
; filament_diameter = 1.75
; filament_end_gcode = "; filament end gcode \n"
; filament_flow_ratio = 0.97
; filament_ids = GFL99
; filament_is_support = 0
; filament_loading_speed = 0
; filament_loading_speed_start = 0
; filament_max_volumetric_speed = 12
; filament_minimal_purge_on_wipe_tower = 15
; filament_multitool_ramming = 0
; filament_multitool_ramming_flow = 10
; filament_multitool_ramming_volume = 10
; filament_notes = ""
; filament_ramming_parameters = "120 100 6.6 6.8 7.2 7.6 7.9 8.2 8.7 9.4 9.9 10.0| 0.05 6.6 0.45 6.8 0.95 7.8 1.45 8.3 1.95 9.7 2.45 10 2.95 7.6 3.45 7.6 3.95 7.6 4.45 7.6 4.95 7.6"
; filament_settings_id = "Anycubic PLA @Anycubic Kobra 2 Neo 0.4 nozzle"
; filament_shrink = 100%
; filament_shrinkage_compensation_z = 100%
; filament_soluble = 0
; filament_stamping_distance = 0
; filament_stamping_loading_speed = 0
; filament_start_gcode = "; filament start gcode\n"
; filament_toolchange_delay = 0
; filament_type = PLA
; filament_unloading_speed = 0
; filament_unloading_speed_start = 0
; filament_vendor = Anycubic
; filename_format = {input_filename_base}_{filament_type[0]}_{layer_height}_{print_time}.gcode
; fill_multiline = 1
; filter_out_gap_fill = 0
; first_layer_print_sequence = 0
; flush_into_infill = 0
; flush_into_objects = 0
; flush_into_support = 0
; flush_multiplier = 1
; flush_volumes_matrix = 0
; flush_volumes_vector = 140,140
; full_fan_speed_layer = 3
; fuzzy_skin = none
; fuzzy_skin_first_layer = 0
; fuzzy_skin_mode = displacement
; fuzzy_skin_noise_type = classic
; fuzzy_skin_octaves = 4
; fuzzy_skin_persistence = 0.5
; fuzzy_skin_point_distance = 0.8
; fuzzy_skin_scale = 1
; fuzzy_skin_thickness = 0.3
; gap_fill_target = topbottom
; gap_infill_speed = 100
; gcode_add_line_number = 0
; gcode_comments = 0
; gcode_flavor = marlin2
; gcode_label_objects = 1
; has_scarf_joint_seam = 0
; head_wrap_detect_zone = 
; high_current_on_filament_swap = 0
; hole_to_polyhole = 0
; hole_to_polyhole_threshold = 0.01
; hole_to_polyhole_twisted = 1
; host_type = octoprint
; hot_plate_temp = 60
; hot_plate_temp_initial_layer = 60
; idle_temperature = 0
; independent_support_layer_height = 1
; infill_anchor = 400
; infill_anchor_max = 10
; infill_combination = 0
; infill_combination_max_layer_height = 100%
; infill_direction = 45
; infill_jerk = 9
; infill_lock_depth = 1
; infill_overhang_angle = 60
; infill_shift_step = 0.4
; infill_wall_overlap = 15%
; inherits_group = "0.20mm Standard @Anycubic Kobra 2 Neo 0.4 nozzle";;
; initial_layer_acceleration = 500
; initial_layer_infill_speed = 50
; initial_layer_jerk = 9
; initial_layer_line_width = 0.5
; initial_layer_min_bead_width = 85%
; initial_layer_print_height = 0.24
; initial_layer_speed = 50
; initial_layer_travel_speed = 100%
; inner_wall_acceleration = 1500
; inner_wall_jerk = 10
; inner_wall_line_width = 0.45
; inner_wall_speed = 100
; interface_shells = 0
; interlocking_beam = 0
; interlocking_beam_layer_count = 2
; interlocking_beam_width = 0.8
; interlocking_boundary_avoidance = 2
; interlocking_depth = 2
; interlocking_orientation = 22.5
; internal_bridge_angle = 0
; internal_bridge_density = 100%
; internal_bridge_fan_speed = -1
; internal_bridge_flow = 1
; internal_bridge_speed = 150%
; internal_solid_infill_acceleration = 100%
; internal_solid_infill_line_width = 0.42
; internal_solid_infill_pattern = rectilinear
; internal_solid_infill_speed = 100
; ironing_angle = -1
; ironing_fan_speed = -1
; ironing_flow = 15%
; ironing_inset = 0
; ironing_pattern = rectilinear
; ironing_spacing = 0.1
; ironing_speed = 15
; ironing_type = no ironing
; is_infill_first = 0
; lateral_lattice_angle_1 = -45
; lateral_lattice_angle_2 = 45
; layer_change_gcode = ; AFTER_LAYER_CHANGE [layer_num] @ [layer_z]mm
; layer_height = 0.2
; line_width = 0.42
; long_retractions_when_cut = 0
; machine_end_gcode = M140 S0; Heatbed off\nM107; Fan off \nG91; relative positioning \nM83 ; extruder relative mode\nG1 E-3 F3000 ;retract the filament a bit before lifting the nozzle, to release some of the pressure\nG1 Z+0.5 F3000 ;move Z up a bit and retract filament even more\nM104 S0; Extruder off\nG28 X Y;move X/Y to min endstops, so the head is out of the way\nG90; absolute positioning \nG1 Y220 F3000\nM84 ;steppers off\nM300 S1318 P266
; machine_load_filament_time = 42
; machine_max_acceleration_e = 2000,2000
; machine_max_acceleration_extruding = 2000,2000
; machine_max_acceleration_retracting = 2000,2000
; machine_max_acceleration_travel = 20000,20000
; machine_max_acceleration_x = 2000,2000
; machine_max_acceleration_y = 2000,2000
; machine_max_acceleration_z = 800,800
; machine_max_jerk_e = 5,5
; machine_max_jerk_x = 10,10
; machine_max_jerk_y = 10,10
; machine_max_jerk_z = 2,2
; machine_max_junction_deviation = 0,0
; machine_max_speed_e = 100,100
; machine_max_speed_x = 300,300
; machine_max_speed_y = 300,300
; machine_max_speed_z = 8,8
; machine_min_extruding_rate = 0,0
; machine_min_travel_rate = 0,0
; machine_pause_gcode = M601
; machine_start_gcode = G21 ; metric values\nG90 ; use absolute coordinates\nM83 ; extruder relative mode\nM104 S[first_layer_temperature] ; set extruder temp\nM140 S[first_layer_bed_temperature] ; set bed temp\nG28; move X/Y/Z to min endstops\nM420 S1\nM300 S1318 P266\nG1 Z5 F5000 ; lift nozzle\nG1 X0 Y0  F3000\nG1 Z0.3; lift nozzle a bit\nG92 E0 ; zero after lift\nG1 X10 Y5 F1800 ; move to purge line start position\nM190 S[first_layer_bed_temperature] ; wait for bed temp\nM109 S[first_layer_temperature] ; wait for extruder temp\nG1 X60 Y5 E20 F500 ; Extrude 20mm of filament in a 5cm line. \nG92 E0 ; zero the extruded length again \nG1 E-4.5 F4000 ; Retract a little \nG92 E0 ; zero the extruded length again\nG1 X120 F4000 ; Quickly wipe away from the filament line\nM117 Printing... ; Display status message
; machine_tool_change_time = 0
; machine_unload_filament_time = 0
; make_overhang_printable = 0
; make_overhang_printable_angle = 55
; make_overhang_printable_hole_size = 0
; manual_filament_change = 0
; max_bridge_length = 10
; max_layer_height = 0.28
; max_resonance_avoidance_speed = 120
; max_travel_detour_distance = 0
; max_volumetric_extrusion_rate_slope = 0
; max_volumetric_extrusion_rate_slope_segment_length = 5
; min_bead_width = 85%
; min_feature_size = 25%
; min_layer_height = 0.08
; min_length_factor = 0.5
; min_resonance_avoidance_speed = 70
; min_skirt_length = 0
; min_width_top_surface = 300%
; minimum_sparse_infill_area = 15
; mmu_segmented_region_interlocking_depth = 0
; mmu_segmented_region_max_width = 0
; notes = 
; nozzle_diameter = 0.4
; nozzle_height = 4
; nozzle_hrc = 0
; nozzle_temperature = 190
; nozzle_temperature_initial_layer = 220
; nozzle_temperature_range_high = 230
; nozzle_temperature_range_low = 190
; nozzle_type = brass
; nozzle_volume = 0
; only_one_wall_first_layer = 0
; only_one_wall_top = 1
; ooze_prevention = 0
; other_layers_print_sequence = 0
; other_layers_print_sequence_nums = 0
; outer_wall_acceleration = 1000
; outer_wall_jerk = 10
; outer_wall_line_width = 0.42
; outer_wall_speed = 60
; overhang_1_4_speed = 60
; overhang_2_4_speed = 50
; overhang_3_4_speed = 30
; overhang_4_4_speed = 10
; overhang_fan_speed = 100
; overhang_fan_threshold = 50%
; overhang_reverse = 0
; overhang_reverse_internal_only = 0
; overhang_reverse_threshold = 50%
; parking_pos_retraction = 0
; pellet_flow_coefficient = 0.4157
; pellet_modded_printer = 0
; post_process = 
; precise_outer_wall = 0
; precise_z_height = 0
; preferred_orientation = 0
; preheat_steps = 1
; preheat_time = 30
; pressure_advance = 0.04
; prime_tower_brim_width = 5
; prime_tower_width = 45
; prime_volume = 45
; print_compatible_printers = "Anycubic Kobra 2 Neo 0.4 nozzle"
; print_flow_ratio = 1
; print_order = default
; print_sequence = by layer
; print_settings_id = 0.20mm Philip @Anycubic Kobra 2 Neo 0.4 nozzle
; printable_area = 0x0,220x0,220x220,0x220
; printable_height = 250
; printer_model = Anycubic Kobra 2 Neo
; printer_notes = 
; printer_settings_id = Anycubic Kobra 2 Neo 0.4 nozzle
; printer_structure = i3
; printer_technology = FFF
; printer_variant = 0.4
; printhost_authorization_type = key
; printhost_ssl_ignore_revoke = 0
; printing_by_object_gcode = 
; purge_in_prime_tower = 0
; raft_contact_distance = 0.1
; raft_expansion = 1.5
; raft_first_layer_density = 90%
; raft_first_layer_expansion = 2
; raft_layers = 0
; reduce_crossing_wall = 0
; reduce_fan_stop_start_freq = 1
; reduce_infill_retraction = 1
; required_nozzle_HRC = 0
; resolution = 0.012
; resonance_avoidance = 0
; retract_before_wipe = 70%
; retract_length_toolchange = 0
; retract_lift_above = 0.3
; retract_lift_below = 258
; retract_lift_enforce = All Surfaces
; retract_restart_extra = 0
; retract_restart_extra_toolchange = 0
; retract_when_changing_layer = 1
; retraction_distances_when_cut = 18
; retraction_length = 2.5
; retraction_minimum_travel = 1
; retraction_speed = 100
; role_based_wipe_speed = 1
; scan_first_layer = 0
; scarf_angle_threshold = 155
; scarf_joint_flow_ratio = 1
; scarf_joint_speed = 100%
; scarf_overhang_threshold = 40%
; seam_gap = 15%
; seam_position = aligned
; seam_slope_conditional = 0
; seam_slope_entire_loop = 0
; seam_slope_inner_walls = 0
; seam_slope_min_length = 20
; seam_slope_start_height = 0
; seam_slope_steps = 10
; seam_slope_type = none
; silent_mode = 0
; single_extruder_multi_material = 1
; single_extruder_multi_material_priming = 0
; single_loop_draft_shield = 0
; skeleton_infill_density = 25%
; skeleton_infill_line_width = 100%
; skin_infill_density = 25%
; skin_infill_depth = 2
; skin_infill_line_width = 100%
; skirt_distance = 2
; skirt_height = 1
; skirt_loops = 0
; skirt_speed = 50
; skirt_start_angle = -135
; skirt_type = combined
; slice_closing_radius = 0.049
; slicing_mode = regular
; slow_down_for_layer_cooling = 1
; slow_down_layer_time = 9
; slow_down_layers = 1
; slow_down_min_speed = 20
; slowdown_for_curled_perimeters = 0
; small_area_infill_flow_compensation = 0
; small_area_infill_flow_compensation_model = 0,0;"\n0.2,0.4444";"\n0.4,0.6145";"\n0.6,0.7059";"\n0.8,0.7619";"\n1.5,0.8571";"\n2,0.8889";"\n3,0.9231";"\n5,0.9520";"\n10,1"
; small_perimeter_speed = 50%
; small_perimeter_threshold = 0
; solid_infill_direction = 45
; solid_infill_filament = 1
; solid_infill_rotate_template = 0,90
; sparse_infill_acceleration = 100%
; sparse_infill_density = 15%
; sparse_infill_filament = 1
; sparse_infill_line_width = 0.45
; sparse_infill_pattern = gyroid
; sparse_infill_rotate_template = 
; sparse_infill_speed = 150
; spiral_finishing_flow_ratio = 0
; spiral_mode = 0
; spiral_mode_max_xy_smoothing = 200%
; spiral_mode_smooth = 0
; spiral_starting_flow_ratio = 0
; staggered_inner_seams = 0
; standby_temperature_delta = -5
; start_end_points = 30x-3,54x245
; supertack_plate_temp = 35
; supertack_plate_temp_initial_layer = 35
; support_air_filtration = 1
; support_angle = 0
; support_base_pattern = rectilinear
; support_base_pattern_spacing = 0.2
; support_bottom_interface_spacing = 0.5
; support_bottom_z_distance = 0.1
; support_chamber_temp_control = 1
; support_critical_regions_only = 0
; support_expansion = 0
; support_filament = 0
; support_interface_bottom_layers = -1
; support_interface_filament = 0
; support_interface_loop_pattern = 0
; support_interface_not_for_body = 1
; support_interface_pattern = auto
; support_interface_spacing = 0.5
; support_interface_speed = 80
; support_interface_top_layers = 2
; support_ironing = 0
; support_ironing_flow = 10%
; support_ironing_pattern = rectilinear
; support_ironing_spacing = 0.1
; support_line_width = 0.4
; support_material_interface_fan_speed = -1
; support_multi_bed_types = 0
; support_object_first_layer_gap = 0.2
; support_object_xy_distance = 0.35
; support_on_build_plate_only = 1
; support_remove_small_overhang = 1
; support_speed = 100
; support_style = default
; support_threshold_angle = 40
; support_threshold_overlap = 50%
; support_top_z_distance = 0.1
; support_type = normal(auto)
; symmetric_infill_y_axis = 0
; temperature_vitrification = 60
; template_custom_gcode = 
; textured_cool_plate_temp = 40
; textured_cool_plate_temp_initial_layer = 40
; textured_plate_temp = 45
; textured_plate_temp_initial_layer = 45
; thick_bridges = 0
; thick_internal_bridges = 1
; thumbnails = 230x110/PNG
; thumbnails_format = PNG
; time_cost = 0
; time_lapse_gcode = 
; timelapse_type = 0
; top_bottom_infill_wall_overlap = 25%
; top_shell_layers = 5
; top_shell_thickness = 1
; top_solid_infill_flow_ratio = 1
; top_surface_acceleration = 1000
; top_surface_density = 100%
; top_surface_jerk = 9
; top_surface_line_width = 0.42
; top_surface_pattern = archimedeanchords
; top_surface_speed = 60
; travel_acceleration = 2000
; travel_jerk = 10
; travel_slope = 3
; travel_speed = 300
; travel_speed_z = 0
; tree_support_adaptive_layer_height = 1
; tree_support_angle_slow = 25
; tree_support_auto_brim = 1
; tree_support_branch_angle = 40
; tree_support_branch_angle_organic = 40
; tree_support_branch_diameter = 5
; tree_support_branch_diameter_angle = 5
; tree_support_branch_diameter_organic = 2
; tree_support_branch_distance = 5
; tree_support_branch_distance_organic = 1
; tree_support_brim_width = 3
; tree_support_tip_diameter = 0.8
; tree_support_top_rate = 30%
; tree_support_wall_count = 0
; upward_compatible_machine = 
; use_firmware_retraction = 0
; use_relative_e_distances = 1
; wall_direction = auto
; wall_distribution_count = 1
; wall_filament = 1
; wall_generator = classic
; wall_loops = 5
; wall_sequence = outer wall/inner wall
; wall_transition_angle = 10
; wall_transition_filter_deviation = 25%
; wall_transition_length = 100%
; wipe = 1
; wipe_before_external_loop = 0
; wipe_distance = 1
; wipe_on_loops = 0
; wipe_speed = 80%
; wipe_tower_bridging = 10
; wipe_tower_cone_angle = 15
; wipe_tower_extra_flow = 100%
; wipe_tower_extra_rib_length = 0
; wipe_tower_extra_spacing = 100%
; wipe_tower_filament = 0
; wipe_tower_fillet_wall = 1
; wipe_tower_max_purge_speed = 90
; wipe_tower_no_sparse_layers = 0
; wipe_tower_rib_width = 8
; wipe_tower_rotation_angle = 0
; wipe_tower_wall_type = rectangle
; wipe_tower_x = 0.000
; wipe_tower_x = 0
; wipe_tower_y = 250.000
; wipe_tower_y = 250
; wiping_volumes_extruders = 70,70,70,70,70,70,70,70,70,70
; xy_contour_compensation = 0
; xy_hole_compensation = 0.1
; z_hop = 0
; z_hop_types = Auto Lift
; z_offset = 0
; first_layer_bed_temperature = 60
; bed_shape = 0x0,220x0,220x220,0x220
; first_layer_temperature = 220
; first_layer_height = 0.240
; CONFIG_BLOCK_END


