; HEADER_BLOCK_START
; generated by OrcaSlicer 2.3.1 on 2026-04-12 at 21:08:02
; total layer number: 125
; filament_density: 1.24
; filament_diameter: 1.75
; max_z_height: 25.04
; HEADER_BLOCK_END

; THUMBNAIL_BLOCK_START

;
; thumbnail begin 230x110 3604
; iVBORw0KGgoAAAANSUhEUgAAAOYAAABuCAYAAAAziW8OAAAKVUlEQVR4Ae3daVSU1xkH8PcDYt3iqL
; WNQQ02als1CYnHjUWGRVAUHZFhH2Zh1cRIonGJVdTggqIDiAsIElOb7SSlNU1yam1ptElsoqI5empo
; 7RiNmpxExwX9+uTeNwwZObPzDnOJ/9859yjiB/X457n3uc/LK0kAAAAAAAAAAAAAAD1Sr58NUA37dZ
; Rm+IR4w4ChoWESAATOoJBxYdONe5rSy89RatlJ0qw9RklL36WxkTpzUHAflQQA3Ssyt7oxd+dV0lVd
; ouwdFyhj239Iu+k0paw/TskrD1N4VkVL/yEjUT0BugMLW6hmzdEW497rZNzzLel3fU266suUU2mhzI
; ovaNYLhyjaVEsROWaaoi2zDhsbWSIBgP8MGfFEWG71ZWvevltkqrOSqfaGHE7D7m9o7qojNC2j3OFi
; Z89SCQCUN+Dnj4bqa65YCxraKL/+Dlu3KW/fTVYtL1FMfr3TUPI1KWWdNagXzpwAigruO1C1YP0nLY
; WNd6lgfxvxcBY03KEc8/8pMqfSZShta3DIeI0EAMpJXPx6UzELZRFbPJyF+++SrvLifcGLyN5BCYvf
; lM+YMQX7KTxz232fHzpqokECAGU8GpakKai/RYUNt8kWTuPua/dVytnL3iN9zTW5AZRefpaF88803b
; ibfW4rggmgtOA+A1XZFa1WE2vw5LPzJA9nEdvKxhY0dARu/tp/yWdNE+vSzlvdzLqxOxxuZRFMAIWE
; Z29vZF1YMrArESPrvObX3aA5y9/vCJu27CQ7c96Vm0GzX3zf5RkTwQRQQHCfh1RZ21vlBo+u6ku2Vb
; 1C6ZvOdAQt8bm32s+c9+Sta8dZk91fTk3fgmAC+MOYiOwSPmrHhwayzRdYOC+SOq+uI3w6dp7kZ8+M
; LZ93NH/mrPirPJKnzt+HYAL4w8znmyzajacobfMZFs7zpFnzYUfIeAD5FlfPFv84kgU1k4U4q6KVUl
; 8+YRvJQzABlNSrd3+VZs1Rmr/uYzlo2o2nKSq3ur0ybmdny1MsrK3y9YjtrFnI7jVNe79lW18LpZR+
; jIoJoLRfjp6mmbPisNxlnV/6EfGQ2gKmzttHKes+oQUbPuuolnxEjw8dFPFGUJ2VZjzzGoIJoLTRU9
; NLeUNn9vIPaO6qv1Nc8asdAYstbJS3qvGLDsofxy88SPpd1yiPBZJPA2nLTqArC+APYyN05oRn3yB2
; zqSkZe9RZPs2lq9o4x7WkX2bovQ18sdR+p1su/uZ3LlNXvk3XJcA+MuY8CxzXPEBeUuauOQd1sixG6
; /L3ErRpr3yWdP2a/z8af8xggngBzyYsUWvEF/221h5sTvKSSnrHN5VIpgAfmQfzBh2puwcsqnpm2ly
; 6ssIJkB3chdMXxaCCdBFCCaAgBBMAAEhmAACQjABBIRgAggIwQQQEIIJICAEE0BACCaAgBBMAAEhmA
; ACQjABBIRgAggIwQQQEIIJICClg8m/AXTC4rea+w8ZESoBgG+UDGbyisPyW6f5yt7xP+voaRkGCQC8
; p0QweZXM3PZFRyjtV1Tuzkb+JjEJADzX1WAmLfuLw0Dar3mrm1seHhuhlgDAM74Gk79siL9SwV0o7b
; e242KLSlA9ATzgSzD51jV35xWPQ2m/Zj3/JzSGANzxNpjzVv/Tp0B2rp5oDAG44GkwXTV4fF1xxa82
; YWsL4IAnwfSkwePr0padsox8cpZGAoAfuQqmtw2ermxtw2a/WIrqCdDOWTBnPPuG3wPpqDE0ePiEMK
; kHCBkXq/mtOr90woxF5tFT00qDevfFFxVQjqNg8rdEd3co7asnv1aRBPXYlDSDZs1RS+a285S2+Qyl
; rD9Oc1cd4f9+1qGjJmJLDsqwDyZfGeXnAhbKztVTpGsVvs2OKz7QpN/1tXxVlFN5kbK2/5fSy89Sat
; kJ0qw9RolL3qYx4dnmoOA+qJ7QNZ2DGb/oD7Rgw6dChJNXTxEaQ/2HjAxN2/y5xVR7g4x7vyPD7m9Y
; OK+SruoSa16dpPhnXrvvnaFPzixp6d1vUKgE4KvOwbStpKXvkr7mqhABnaItMweqMTRkxBNhuTu/su
; bX36a8fTfJVGdl4bwu/7mSXjjk9Hrp6eSVlqBeqJzgI1YNwqYbd1sdhZNXz/QtZ4UIJ5+37e7GUHDf
; gSpDzVVrQUMbFTTcoR/CeYtXcorJr3c7jDE4ZDzOnNA1rMPY6CicfGl+96EQ1bO75221G463FDXeo8
; L9d+mHcLZRjtlCkTmVHo0uhj6VbJYAumpo6NMaZ9VzZskfWTAuCFE9u6MxlLj49aaFB+4RXzycfOmq
; vvQ4lHyNnpLWKAEogW9tH098rsnZ1lakxpC/5m0fHhOuLqi/SYUNt6j4lTY5nAXsfBlt3OPVI3EIJi
; iON4WcVU/eGOIdSREC6o8HsVM3fGoxss5rft0NOZxFjW00Y9FBr59VRTDBL3j1DM+qsDirntqNLUKE
; kzeGlLpWeWxyqoFvWfU1V4iHM6/2O5r30hGvQ4lggt+5agzxqZefUmNo7kv/sPCuq67qIuVWX5Y7sM
; 6CF23ay37cimBC4Kge+Y3aVWOIj6gFOpx8daUxFDIuRpO26QxlbD1PWRWtlFNpYTsDx1vYKH1NMz9v
; 850DggkBxbe2zqqnrTEkUvWUvDRx3upG/jSNduNpSi8/J2/VHQVu0oL1zfzcadh1jeKKDiCYIIYRjy
; eU9ITGEK+e3mxtk5Yess5fe4wWrP83C+Upil/ouFryeWI+BZS9vRVnTBBLT2kMeTpv26t3P9Xs5R/I
; Z2Y+UKFZc9Rp4PjfL3nlYTR/QFzOZm35msP+o/eUedvBw8er+VmZf7cGHjr+c3fBQzBBaK7mbRMWv9
; kj5m35s5T8KRH+6NaspYc8moVFMEF4QcF9Va4aQ/NLPxL6WoWPI/I/a9zC38vfvSEqtxrBhJ8OV/O2
; vDEk6rytLZjyKj5AEdk7XIYuPHMrReqqEEzoOXrivO19wWTL/sFnR0vNtrrqvDoEE3oeV40h0eZtQ8
; bFGLwJJv89CCb0WO6uVURpDLEzsBXBhAeO6A9i8y8QCCY8kER+EBvBhAeaJ42hQFRPBBNAEm/eFsEE
; aCfSvC2CCdCJCA9iI5gADrh7ENvf1yoIJoATgXwQG8EEcCMQjSEEE8ADvHpOTt3Q4qp6IpgAAeJu3l
; aprS2CCeCl7njxkbfB5M9sIpgAkn/nbb0NJv9+s4lL3kEwATh/zdt6G0xT7XVKYFUTwQRo5495W2+D
; GW2qdfl5BBMeWEq++MjbYHqyEEx4YCk1b4tgAvhBV+dtEUwAP+nKvC2CCeBHvs7bKh3MSSnrrA/94l
; dqCQB+5O28rZLBHB9b1CwBgGPuGkP287ZKBXPoqIkGCQDc82TetqvB5FWyn+qRMAkAPOdu3pZ3bn0N
; ZuhTyWYJAHzj6sVHnZcnwUSDB0BBruZtPQ0mGjwAfuBq3tZdMFElAfzMWWPIUTB5lezdb1CoBAD+5+
; hapXMwh42NLJEAoPvZN4ZsweQNHlyDAASYrTHEg4lZVwCB8K1tv0EhqJIAAAAggO8BnTB1Kutd1R0A
; AAAASUVORK5CYII=
; thumbnail end
; THUMBNAIL_BLOCK_END

; external perimeters extrusion width = 0.42mm
; perimeters extrusion width = 0.45mm
; infill extrusion width = 0.45mm
; solid infill extrusion width = 0.42mm
; top infill extrusion width = 0.42mm
; support material extrusion width = 0.40mm
; first layer extrusion width = 0.50mm

; EXECUTABLE_BLOCK_START
M201 X2000 Y2000 Z800 E2000
M203 X300 Y300 Z8 E100
M204 P2000 R2000 T20000 ; sets acceleration (P, T) and retract acceleration (R), mm/sec^2
M205 X10.00 Y10.00 Z2.00 E5.00 ; sets the jerk limits, mm/sec
;TYPE:Custom
G21 ; metric values
G90 ; use absolute coordinates
M83 ; extruder relative mode
M104 S220 ; set extruder temp
M140 S60 ; set bed temp
G28; move X/Y/Z to min endstops
M420 S1
M300 S1318 P266
G1 Z5 F5000 ; lift nozzle
G1 X0 Y0  F3000
G1 Z0.3; lift nozzle a bit
G92 E0 ; zero after lift
G1 X10 Y5 F1800 ; move to purge line start position
M190 S60 ; wait for bed temp
M109 S220 ; wait for extruder temp
G1 X60 Y5 E20 F500 ; Extrude 20mm of filament in a 5cm line. 
G92 E0 ; zero the extruded length again 
G1 E-4.5 F4000 ; Retract a little 
G92 E0 ; zero the extruded length again
G1 X120 F4000 ; Quickly wipe away from the filament line
M117 Printing... ; Display status message
G90
G21
M83 ; use relative distances for extrusion
; filament start gcode
M106 S0
;LAYER_CHANGE
;Z:0.24
;HEIGHT:0.24
G92 E0 ; zero the extruded length again
; BEFORE_LAYER_CHANGE 0 @ 0.24mm
G1 E-2.5 F6000
; AFTER_LAYER_CHANGE 0 @ 0.24mm
;_SET_FAN_SPEED_CHANGING_LAYER
M204 P500
; printing object SG90Adapter id:3152 copy 0
M204 T500
G1 X101.667 Y87.114 F18000
G1 Z.24
G1 Z.24
G1 E2.5 F6000
;TYPE:Brim
;WIDTH:0.5
G1 F3000
G1 X102.116 Y86.664 E.02759
G1 X102.625 Y86.287 E.0275
G1 X103.344 Y85.924 E.03495
G1 X104.051 Y85.697 E.03225
G1 X104.683 Y85.601 E.02772
G1 X105.004 Y85.589 E.01397
G1 X114.992 Y85.589 E.43354
G1 X115.634 Y85.637 E.02796
G1 X116.256 Y85.779 E.02768
G1 X116.702 Y85.944 E.02066
G1 X117.376 Y86.29 E.03288
G1 X117.886 Y86.667 E.02754
G1 X118.336 Y87.116 E.02759
G1 X118.713 Y87.625 E.0275
G1 X119.076 Y88.344 E.03495
G1 X119.303 Y89.051 E.03225
G1 X119.399 Y89.683 E.02772
G1 X119.411 Y129.992 E1.74976
G1 X119.363 Y130.634 E.02796
G1 X119.221 Y131.255 E.02763
G1 X119.009 Y131.81 E.0258
G1 X118.71 Y132.375 E.02774
G1 X118.333 Y132.886 E.02759
G1 X117.884 Y133.336 E.02759
G1 X117.375 Y133.713 E.0275
G1 X116.656 Y134.076 E.03495
G1 X115.949 Y134.303 E.03225
G1 X115.317 Y134.399 E.02772
G1 X114.996 Y134.411 E.01398
G1 X105.008 Y134.411 E.43354
G1 X104.366 Y134.363 E.02796
G1 X103.745 Y134.221 E.02763
G1 X103.19 Y134.009 E.0258
G1 X102.625 Y133.71 E.02774
G1 X102.114 Y133.333 E.02759
G1 X101.664 Y132.884 E.02759
G1 X101.287 Y132.375 E.0275
G1 X100.924 Y131.656 E.03495
G1 X100.697 Y130.949 E.03225
G1 X100.601 Y130.317 E.02772
G1 X100.589 Y90.008 E1.74976
G1 X100.637 Y89.366 E.02796
G1 X100.779 Y88.745 E.02763
G1 X100.991 Y88.19 E.0258
G1 X101.29 Y87.625 E.02774
G1 X101.643 Y87.146 E.02586
G1 X102.005 Y87.414 F18000
G1 F3000
G1 X102.015 Y87.4 E.00076
G1 X102.418 Y86.998 E.02468
G1 X102.872 Y86.665 E.02445
G1 X103.505 Y86.345 E.0308
G1 X104.143 Y86.138 E.02914
G1 X104.717 Y86.05 E.0252
G1 X105.015 Y86.038 E.01295
G1 X114.98 Y86.038 E.43255
G1 X115.577 Y86.084 E.02599
G1 X116.119 Y86.208 E.02413
G1 X116.513 Y86.353 E.01825
G1 X117.129 Y86.668 E.03002
G1 X117.6 Y87.015 E.02541
G1 X117.988 Y87.403 E.02381
G1 X118.323 Y87.852 E.02434
G1 X118.655 Y88.505 E.03178
G1 X118.862 Y89.143 E.02914
G1 X118.949 Y89.706 E.02472
G1 X118.962 Y129.97 E1.74778
G1 X118.916 Y130.577 E.02642
G1 X118.793 Y131.115 E.02394
G1 X118.596 Y131.631 E.02401
G1 X118.323 Y132.144 E.02519
G1 X117.985 Y132.6 E.02468
G1 X117.582 Y133.002 E.02468
G1 X117.128 Y133.335 E.02445
G1 X116.495 Y133.655 E.0308
G1 X115.836 Y133.867 E.03007
G1 X115.283 Y133.95 E.02427
G1 X114.985 Y133.962 E.01295
G1 X105.03 Y133.962 E.43211
G1 X104.423 Y133.916 E.02643
G1 X103.867 Y133.788 E.02477
G1 X103.369 Y133.596 E.02318
G1 X102.873 Y133.334 E.02432
G1 X102.415 Y132.998 E.02468
G1 X102.012 Y132.597 E.02468
G1 X101.665 Y132.128 E.02532
G1 X101.345 Y131.495 E.0308
G1 X101.138 Y130.857 E.02914
G1 X101.05 Y130.274 E.0256
G1 X101.038 Y90.03 E1.74691
G1 X101.084 Y89.423 E.02642
G1 X101.207 Y88.885 E.02394
G1 X101.404 Y88.369 E.02401
G1 X101.677 Y87.856 E.02519
G1 X101.981 Y87.446 E.02218
G1 X102.341 Y87.715 F18000
G1 F3000
G1 X102.363 Y87.687 E.00153
G1 X102.719 Y87.334 E.02175
G1 X103.117 Y87.043 E.02141
G1 X103.686 Y86.758 E.02764
G1 X104.258 Y86.575 E.02607
G1 X104.753 Y86.498 E.02175
G1 X105.027 Y86.486 E.0119
G1 X114.957 Y86.487 E.43106
G1 X115.519 Y86.531 E.02446
G1 X115.983 Y86.637 E.02065
G1 X116.326 Y86.762 E.01584
G1 X116.883 Y87.046 E.02714
G1 X117.314 Y87.363 E.02327
G1 X117.654 Y87.705 E.0209
G1 X117.934 Y88.08 E.02034
G1 X118.235 Y88.667 E.02862
G1 X118.421 Y89.237 E.02603
G1 X118.498 Y89.731 E.02169
G1 X118.514 Y129.948 E1.74576
G1 X118.469 Y130.519 E.02489
G1 X118.359 Y130.993 E.0211
G1 X118.183 Y131.452 E.02137
G1 X117.937 Y131.912 E.0226
G1 X117.637 Y132.313 E.02176
G1 X117.281 Y132.666 E.02175
G1 X116.883 Y132.957 E.02141
G1 X116.314 Y133.242 E.02762
G1 X115.722 Y133.43 E.02696
G1 X115.247 Y133.502 E.02085
G1 X114.973 Y133.514 E.01192
G1 X105.053 Y133.514 E.43063
G1 X104.481 Y133.469 E.02488
G1 X103.99 Y133.354 E.0219
G1 X103.548 Y133.183 E.02058
G1 X103.121 Y132.957 E.02096
G1 X102.715 Y132.662 E.02178
G1 X102.359 Y132.311 E.02172
G1 X102.043 Y131.882 E.02311
G1 X101.766 Y131.333 E.0267
G1 X101.58 Y130.764 E.02601
G1 X101.498 Y130.229 E.02345
G1 X101.486 Y90.052 E1.74403
G1 X101.531 Y89.481 E.02489
G1 X101.641 Y89.007 E.0211
G1 X101.817 Y88.548 E.02137
G1 X102.063 Y88.088 E.0226
G1 X102.317 Y87.747 E.01849
G1 X102.677 Y88.017 F18000
G1 F3000
G1 X102.709 Y87.975 E.00231
G1 X103.018 Y87.67 E.01882
G1 X103.361 Y87.423 E.01837
G1 X103.866 Y87.171 E.02449
G1 X104.372 Y87.011 E.02302
G1 X104.79 Y86.946 E.01837
G1 X105.04 Y86.935 E.01085
G1 X114.934 Y86.935 E.42952
G1 X115.461 Y86.978 E.02292
G1 X115.847 Y87.066 E.01722
G1 X116.139 Y87.171 E.01343
G1 X116.636 Y87.424 E.02424
G1 X117.028 Y87.712 E.0211
G1 X117.307 Y87.991 E.01714
G1 X117.545 Y88.309 E.01725
G1 X117.814 Y88.831 E.02547
G1 X117.98 Y89.332 E.02293
G1 X118.05 Y89.777 E.01953
G1 X118.065 Y129.925 E1.74278
G1 X118.022 Y130.461 E.02333
G1 X117.926 Y130.87 E.01826
G1 X117.77 Y131.273 E.01875
G1 X117.551 Y131.678 E.02
G1 X117.291 Y132.025 E.01884
G1 X116.982 Y132.33 E.01882
G1 X116.639 Y132.577 E.01837
G1 X116.135 Y132.829 E.02445
G1 X115.61 Y132.993 E.02388
G1 X115.211 Y133.054 E.0175
G1 X114.96 Y133.065 E.0109
G1 X105.075 Y133.065 E.42909
G1 X104.54 Y133.022 E.02331
G1 X104.114 Y132.921 E.01903
G1 X103.727 Y132.771 E.01801
G1 X103.367 Y132.581 E.01767
G1 X103.015 Y132.325 E.0189
G1 X102.707 Y132.024 E.01871
G1 X102.421 Y131.636 E.02089
G1 X102.186 Y131.171 E.02264
G1 X102.021 Y130.67 E.02288
G1 X101.947 Y130.185 E.02129
G1 X101.935 Y90.075 E1.74112
G1 X101.978 Y89.539 E.02333
G1 X102.074 Y89.13 E.01826
G1 X102.23 Y88.727 E.01875
G1 X102.449 Y88.322 E.02
G1 X102.653 Y88.049 E.01479
G1 X103.012 Y88.321 F18000
G1 F3000
G1 X103.055 Y88.264 E.0031
G1 X103.317 Y88.008 E.01589
G1 X103.604 Y87.803 E.01533
G1 X104.045 Y87.585 E.02135
G1 X104.484 Y87.447 E.01998
G1 X104.827 Y87.394 E.01506
G1 X105.053 Y87.383 E.00981
G1 X114.911 Y87.384 E.42791
G1 X115.402 Y87.424 E.02139
G1 X115.713 Y87.495 E.01387
G1 X115.952 Y87.581 E.01103
G1 X116.391 Y87.802 E.02131
G1 X116.742 Y88.06 E.01892
G1 X116.96 Y88.279 E.01341
G1 X117.157 Y88.539 E.01418
G1 X117.395 Y88.995 E.02232
G1 X117.539 Y89.428 E.01979
G1 X117.602 Y89.822 E.01735
G1 X117.617 Y129.901 E1.73977
G1 X117.575 Y130.401 E.02176
G1 X117.493 Y130.746 E.01541
G1 X117.358 Y131.092 E.01612
G1 X117.167 Y131.444 E.01739
G1 X116.945 Y131.736 E.01591
G1 X116.683 Y131.992 E.01589
G1 X116.396 Y132.197 E.01533
G1 X115.956 Y132.415 E.0213
G1 X115.498 Y132.557 E.02081
G1 X115.174 Y132.606 E.01422
G1 X114.947 Y132.617 E.00987
G1 X105.099 Y132.617 E.4275
G1 X104.6 Y132.575 E.02172
G1 X104.239 Y132.489 E.01615
G1 X103.921 Y132.365 E.01479
G1 X103.613 Y132.203 E.0151
G1 X103.313 Y131.987 E.01605
G1 X103.054 Y131.736 E.01566
G1 X102.799 Y131.39 E.01864
G1 X102.598 Y130.989 E.01949
G1 X102.457 Y130.554 E.01983
G1 X102.395 Y130.141 E.01814
G1 X102.383 Y90.099 E1.73818
G1 X102.425 Y89.599 E.02176
G1 X102.507 Y89.254 E.01541
G1 X102.642 Y88.908 E.01612
G1 X102.833 Y88.556 E.01739
G1 X102.987 Y88.353 E.01107
G1 X103.355 Y88.635 F18000
G1 F3000
G1 X103.44 Y88.524 E.00606
G1 X103.759 Y88.251 E.01822
G1 X104.07 Y88.066 E.01571
G1 X104.379 Y87.946 E.0144
G1 X104.828 Y87.853 E.01989
G1 X115.271 Y87.862 E.4533
G1 X115.607 Y87.938 E.01496
G1 X115.869 Y88.036 E.01216
G1 X116.093 Y88.157 E.01104
G1 X116.439 Y88.41 E.0186
G1 X116.663 Y88.642 E.01401
G1 X116.847 Y88.899 E.01371
G1 X117.045 Y89.334 E.02076
G1 X117.096 Y89.504 E.00771
G1 X117.168 Y90.037 E.02335
G1 X117.168 Y129.965 E1.73322
G1 X117.132 Y130.311 E.01509
G1 X117.031 Y130.696 E.01725
G1 X116.986 Y130.806 E.00519
G1 X116.661 Y131.362 E.02793
G1 X116.344 Y131.677 E.01941
G1 X116.102 Y131.847 E.01284
G1 X115.666 Y132.045 E.02079
G1 X115.496 Y132.096 E.0077
G1 X114.962 Y132.168 E.0234
G1 X104.729 Y132.138 E.4442
G1 X104.468 Y132.083 E.01158
G1 X104.161 Y131.974 E.01413
G1 X103.799 Y131.775 E.01792
G1 X103.6 Y131.63 E.01071
G1 X103.329 Y131.35 E.01688
G1 X103.153 Y131.102 E.01323
G1 X102.955 Y130.666 E.02078
G1 X102.904 Y130.496 E.00771
G1 X102.832 Y129.963 E.02335
G1 X102.832 Y90.036 E1.73317
G1 X102.885 Y89.604 E.0189
G1 X103.011 Y89.202 E.01828
G1 X103.218 Y88.814 E.01909
G1 X103.331 Y88.667 E.00805
G1 X103.682 Y88.931 F18000
G1 F3000
G1 X103.733 Y88.864 E.00367
G1 X103.978 Y88.643 E.01434
G1 X104.308 Y88.446 E.0167
G1 X104.535 Y88.366 E.01041
G1 X104.925 Y88.291 E.01725
G1 X115.166 Y88.298 E.44456
G1 X115.451 Y88.358 E.01264
G1 X115.656 Y88.431 E.00946
G1 X115.832 Y88.522 E.00861
G1 X116.108 Y88.714 E.01458
G1 X116.348 Y88.961 E.01494
G1 X116.482 Y89.159 E.01037
G1 X116.635 Y89.517 E.01691
G1 X116.666 Y89.628 E.00501
G1 X116.72 Y90.028 E.01753
G1 X116.72 Y129.972 E1.73392
G1 X116.685 Y130.268 E.01291
G1 X116.598 Y130.582 E.01414
G1 X116.332 Y131.057 E.02366
G1 X116.205 Y131.202 E.00835
G1 X116.042 Y131.346 E.00945
G1 X115.841 Y131.482 E.0105
G1 X115.483 Y131.635 E.01691
G1 X115.372 Y131.666 E.00501
G1 X114.972 Y131.72 E.01754
G1 X104.834 Y131.702 E.44006
G1 X104.551 Y131.642 E.01257
G1 X104.313 Y131.552 E.01104
G1 X104.016 Y131.383 E.01482
G1 X103.862 Y131.266 E.00837
G1 X103.653 Y131.04 E.01337
G1 X103.518 Y130.841 E.01043
G1 X103.365 Y130.483 E.01691
G1 X103.334 Y130.372 E.00501
G1 X103.28 Y129.972 E.01753
G1 X103.28 Y90.028 E1.73392
G1 X103.315 Y89.732 E.01291
G1 X103.401 Y89.424 E.0139
G1 X103.619 Y89.015 E.02012
G1 X103.657 Y88.963 E.00279
G1 X104.011 Y89.231 F18000
G1 F3000
G1 X104.085 Y89.141 E.00508
G1 X104.277 Y88.977 E.01096
G1 X104.466 Y88.866 E.00951
G1 X104.61 Y88.809 E.00673
G1 X105.023 Y88.729 E.01825
G1 X115.07 Y88.736 E.43613
G1 X115.303 Y88.781 E.0103
G1 X115.46 Y88.834 E.00722
G1 X115.57 Y88.886 E.00525
G1 X115.863 Y89.089 E.01552
G1 X116.015 Y89.262 E.00996
G1 X116.11 Y89.409 E.00758
G1 X116.221 Y89.688 E.01307
G1 X116.271 Y90.019 E.01452
G1 X116.271 Y129.98 E1.73465
G1 X116.24 Y130.217 E.01038
G1 X116.167 Y130.457 E.01088
G1 X115.989 Y130.769 E.01557
G1 X115.914 Y130.86 E.00512
G1 X115.738 Y131.015 E.01019
G1 X115.591 Y131.11 E.00758
G1 X115.312 Y131.221 E.01307
G1 X114.981 Y131.271 E.01452
G1 X104.93 Y131.264 E.43629
G1 X104.697 Y131.219 E.0103
G1 X104.545 Y131.168 E.00699
G1 X104.231 Y130.989 E.01565
G1 X104.14 Y130.914 E.00512
G1 X103.985 Y130.738 E.01019
G1 X103.89 Y130.591 E.00758
G1 X103.779 Y130.312 E.01307
G1 X103.729 Y129.981 E.01452
G1 X103.729 Y90.02 E1.73465
G1 X103.76 Y89.783 E.01038
G1 X103.833 Y89.543 E.01088
G1 X103.991 Y89.266 E.01384
G1 X104.369 Y89.504 F18000
G1 F3000
G1 X104.393 Y89.466 E.00196
G1 X104.493 Y89.37 E.00605
G1 X104.702 Y89.247 E.01048
G1 X105.01 Y89.177 E.01373
G1 X114.989 Y89.177 E.43318
G1 X115.152 Y89.204 E.00718
G1 X115.326 Y89.262 E.00795
G1 X115.534 Y89.393 E.01066
G1 X115.632 Y89.495 E.00617
G1 X115.739 Y89.662 E.00859
G1 X115.8 Y89.84 E.0082
G1 X115.823 Y90.009 E.00738
G1 X115.823 Y129.989 E1.73548
G1 X115.796 Y130.152 E.00718
G1 X115.738 Y130.326 E.00795
G1 X115.607 Y130.534 E.01066
G1 X115.505 Y130.632 E.00617
G1 X115.338 Y130.739 E.00859
G1 X115.16 Y130.8 E.0082
G1 X114.991 Y130.823 E.00738
G1 X105.011 Y130.823 E.43322
G1 X104.848 Y130.796 E.00718
G1 X104.674 Y130.738 E.00795
G1 X104.466 Y130.607 E.01066
G1 X104.368 Y130.505 E.00617
G1 X104.261 Y130.338 E.00859
G1 X104.2 Y130.16 E.0082
G1 X104.177 Y129.991 E.00738
G1 X104.177 Y90.011 E1.73548
G1 X104.204 Y89.848 E.00718
G1 X104.262 Y89.674 E.00795
G1 X104.347 Y89.538 E.00696
G1 X104.692 Y89.8 F18000
G1 F3000
G1 X104.816 Y89.681 E.00745
G1 X105 Y89.626 E.00835
G1 X115 Y89.626 E.43409
G1 X115.2 Y89.692 E.00913
G1 X115.319 Y89.816 E.00745
G1 X115.359 Y89.918 E.00476
G1 X115.374 Y90 E.00362
G1 X115.374 Y130 E1.73634
G1 X115.308 Y130.2 E.00913
G1 X115.184 Y130.319 E.00745
G1 X115.082 Y130.359 E.00476
G1 X115 Y130.374 E.00362
G1 X105 Y130.374 E.43409
G1 X104.8 Y130.308 E.00913
G1 X104.681 Y130.184 E.00745
G1 X104.641 Y130.082 E.00476
G1 X104.626 Y130 E.00362
G1 X104.626 Y90 E1.73634
G1 X104.68 Y89.838 E.00739
G1 X105.325 Y90.325 F18000
;TYPE:Outer wall
G1 F3000
G1 X114.675 Y90.325 E.40587
G1 X114.675 Y129.675 E1.70813
G1 X105.325 Y129.675 E.40587
G1 X105.325 Y90.385 E1.70552
G1 X105.773 Y90.773 F18000
;TYPE:Inner wall
G1 F3000
G1 X114.227 Y90.773 E.36693
G1 X114.227 Y129.227 E1.66919
G1 X105.773 Y129.227 E.36693
G1 X105.773 Y90.833 E1.66658
G1 X106.222 Y91.222 F18000
G1 F3000
G1 X113.778 Y91.222 E.328
G1 X113.778 Y128.778 E1.63025
G1 X106.222 Y128.778 E.328
G1 X106.222 Y91.282 E1.62765
G1 X106.67 Y91.67 F18000
G1 F3000
G1 X113.33 Y91.67 E.28906
G1 X113.33 Y128.33 E1.59131
G1 X106.67 Y128.33 E.28906
G1 X106.67 Y91.73 E1.58871
G1 X107.119 Y92.119 F18000
G1 F3000
G1 X112.881 Y92.119 E.25012
G1 X112.881 Y127.881 E1.55238
G1 X107.119 Y127.881 E.25012
G1 X107.119 Y92.179 E1.54977
G1 E-1.75 F6000
;WIPE_START
G1 F3000
G1 X108.119 Y92.169 E-.75
;WIPE_END
G1 X107.968 Y92.489 F18000
G1 E2.5 F6000
;TYPE:Gap infill
;WIDTH:0.342745
G1 F3000
G1 X107.709 Y92.509 E.00733
G1 X107.702 Y92.455 F18000
;TYPE:Bottom surface
;WIDTH:0.5
G1 F3000
G1 X107.455 Y92.49 E.01079
G1 X107.389 Y92.343 F18000
;TYPE:Gap infill
;WIDTH:0.167904
G1 F3000
G1 X107.41 Y92.657 E.00354
;WIDTH:0.17094
G1 X107.396 Y92.693 E.00045
;WIDTH:0.157738
G1 X107.382 Y92.729 E.0004
G1 X107.404 Y93.113 E.00395
;WIDTH:0.131542
G1 X107.379 Y93.179 E.00055
G1 X107.414 Y93.556 E.00294
;WIDTH:0.191341
G1 X107.496 Y93.615 E.00137
G1 X107.414 Y93.556 F18000
;WIDTH:0.1776
G1 F3000
G1 X107.399 Y93.594 E.00049
;WIDTH:0.159146
G1 X107.384 Y93.632 E.00042
G1 X107.404 Y94.024 E.0041
;WIDTH:0.156624
G1 X107.379 Y94.091 E.00072
G1 X107.414 Y94.469 E.00386
;WIDTH:0.18847
G1 X107.41 Y94.473 E.00008
;WIDTH:0.170581
G1 X107.396 Y94.509 E.00044
;WIDTH:0.131477
G1 X107.382 Y94.545 E.0003
G1 X107.412 Y94.921 E.00292
;WIDTH:0.187159
G1 X107.49 Y94.978 E.00127
G1 X107.412 Y94.921 F18000
;WIDTH:0.174085
G1 F3000
G1 X107.397 Y94.958 E.00047
;WIDTH:0.158065
G1 X107.383 Y94.994 E.00041
G1 X107.411 Y95.376 E.00395
;WIDTH:0.187255
G1 X107.488 Y95.433 E.00125
G1 X107.455 Y95.665 F18000
;TYPE:Bottom surface
;WIDTH:0.5
G1 F3000
G1 X108.507 Y95.508 E.04615
G1 X109.687 Y95.429 E.05134
G1 X110.869 Y95.446 E.05135
G1 X112.047 Y95.558 E.05136
G1 X112.545 Y95.647 E.02193
G1 E-1.75 F6000
;WIPE_START
G1 F3000
G1 X112.047 Y95.558 E-.37896
G1 X111.555 Y95.511 E-.37104
;WIPE_END
G1 X112.545 Y97.011 F18000
G1 E2.5 F6000
G1 F3000
G1 X111.704 Y96.87 E.03698
G1 X110.581 Y96.779 E.04893
G1 X109.454 Y96.784 E.04892
G1 X108.332 Y96.884 E.04891
G1 X107.455 Y97.039 E.03864
G1 X107.455 Y97.491 F18000
G1 F3000
G1 X108.492 Y97.316 E.04563
G1 X109.596 Y97.227 E.04807
G1 X110.703 Y97.233 E.04808
G1 X111.806 Y97.336 E.04809
G1 X112.545 Y97.47 E.03257
G1 X112.545 Y97.922 F18000
G1 F3000
G1 X111.609 Y97.762 E.0412
G1 X110.524 Y97.674 E.04724
G1 X109.436 Y97.683 E.04723
G1 X108.354 Y97.786 E.04722
G1 X107.455 Y97.954 E.03966
G1 X107.455 Y98.418 F18000
G1 F3000
G1 X107.911 Y98.313 E.02032
G1 X108.969 Y98.166 E.04634
G1 X110.036 Y98.115 E.04636
G1 X111.103 Y98.159 E.04637
G1 X112.162 Y98.3 E.04638
G1 X112.545 Y98.386 E.01703
G1 X112.545 Y98.841 F18000
G1 F3000
G1 X112.359 Y98.794 E.0083
G1 X111.324 Y98.632 E.0455
G1 X110.278 Y98.565 E.04549
G1 X109.231 Y98.594 E.04548
G1 X108.191 Y98.719 E.04546
G1 X107.455 Y98.876 E.03265
G1 X107.425 Y99.574 F18000
;TYPE:Gap infill
;WIDTH:0.118625
G1 F3000
G1 X107.375 Y99.127 E.00292
G1 X107.394 Y99.071 E.00039
;WIDTH:0.15629
G1 X107.416 Y99.043 E.00037
G1 X107.376 Y98.664 E.00386
G1 X107.397 Y98.605 E.00064
;WIDTH:0.154999
G1 X107.417 Y98.58 E.00032
G1 X107.374 Y98.207 E.00376
G1 X107.393 Y98.151 E.00059
;WIDTH:0.158098
G1 X107.415 Y98.124 E.00035
G1 X107.379 Y97.74 E.00399
G1 X107.403 Y97.674 E.00072
;WIDTH:0.158364
G1 X107.381 Y97.276 E.00412
G1 X107.394 Y97.241 E.00038
;WIDTH:0.166492
G1 X107.407 Y97.206 E.00041
;WIDTH:0.185339
G1 X107.413 Y97.2 E.00011
;WIDTH:0.156343
G1 X107.38 Y96.824 E.00383
G1 X107.393 Y96.79 E.00037
;WIDTH:0.163483
G1 X107.406 Y96.756 E.00039
;WIDTH:0.185641
G1 X107.415 Y96.745 E.00019
;WIDTH:0.154761
G1 X107.377 Y96.372 E.00375
G1 X107.399 Y96.31 E.00065
;WIDTH:0.158239
G1 X107.413 Y96.294 E.00023
G1 X107.381 Y95.911 E.00397
G1 X107.394 Y95.876 E.00039
;WIDTH:0.166938
G1 X107.408 Y95.841 E.00042
;WIDTH:0.156872
G1 X107.383 Y95.449 E.00401
G1 X107.422 Y95.348 E.0011
;WIDTH:0.173182
G1 X107.461 Y95.248 E.00127
G1 X107.455 Y95.211 F18000
;TYPE:Bottom surface
;WIDTH:0.5
G1 F3000
G1 X108.482 Y95.06 E.04503
G1 X109.68 Y94.98 E.05212
G1 X110.881 Y94.997 E.05213
G1 X112.076 Y95.11 E.05214
G1 X112.545 Y95.192 E.02063
G1 X112.545 Y94.738 F18000
G1 F3000
G1 X111.895 Y94.635 E.02854
G1 X110.68 Y94.539 E.05291
G1 X109.461 Y94.539 E.0529
G1 X108.247 Y94.635 E.05289
G1 X107.455 Y94.761 E.03479
G1 X107.455 Y94.305 F18000
G1 F3000
G1 X107.815 Y94.239 E.01586
G1 X109.044 Y94.111 E.05365
G1 X110.28 Y94.08 E.05366
G1 X111.514 Y94.144 E.05367
G1 X112.545 Y94.278 E.0451
G1 X112.545 Y93.827 F18000
G1 F3000
G1 X112.194 Y93.768 E.01543
G1 X110.946 Y93.653 E.05442
G1 X109.692 Y93.634 E.05441
G1 X108.441 Y93.711 E.05441
G1 X107.455 Y93.848 E.04321
G1 X107.455 Y93.393 F18000
G1 F3000
G1 X107.668 Y93.354 E.0094
G1 X108.931 Y93.22 E.05514
G1 X110.201 Y93.182 E.05515
G1 X111.471 Y93.24 E.05516
G1 X112.545 Y93.37 E.04696
G1 X112.545 Y92.923 F18000
G1 F3000
G1 X111.868 Y92.827 E.02966
G1 X110.584 Y92.74 E.05589
G1 X109.296 Y92.75 E.05588
G1 X108.013 Y92.856 E.05587
G1 X107.455 Y92.944 E.02453
G1 X107.968 Y92.489 F18000
;TYPE:Gap infill
;WIDTH:0.32416
G1 F3000
G1 X108.411 Y92.47 E.01169
;WIDTH:0.288199
G1 X108.843 Y92.453 E.0099
;WIDTH:0.252682
G1 X109.275 Y92.435 E.00842
;WIDTH:0.235069
G3 X110.592 Y92.43 I7.554 J1752.525 E.02341
G1 X111.244 Y92.452 E.01159
;WIDTH:0.289842
G1 X111.896 Y92.473 E.01505
;WIDTH:0.3259
G1 X112.18 Y92.493 E.00756
;WIDTH:0.35394
G1 X112.454 Y92.513 E.00805
G1 X112.463 Y92.455 F18000
;TYPE:Bottom surface
;WIDTH:0.5
G1 F3000
G1 X112.545 Y92.468 E.00357
G1 X112.611 Y92.343 F18000
;TYPE:Gap infill
;WIDTH:0.170704
G1 F3000
G1 X112.588 Y92.633 E.00336
G1 X112.616 Y92.707 E.0009
G1 X112.603 Y92.895 E.00218
;WIDTH:0.172414
G1 X112.59 Y93.083 E.00221
;WIDTH:0.161079
G1 X112.614 Y93.153 E.00078
G1 X112.591 Y93.541 E.00412
G1 X112.606 Y93.578 E.00043
;WIDTH:0.139758
G1 X112.619 Y93.613 E.00032
;WIDTH:0.159925
G1 X112.588 Y93.988 E.00395
G1 X112.601 Y94.024 E.00041
;WIDTH:0.148723
G1 X112.615 Y94.061 E.00037
;WIDTH:0.160283
G1 X112.59 Y94.451 E.00411
;WIDTH:0.147607
G1 X112.618 Y94.522 E.00072
G1 X112.603 Y94.712 E.00177
;WIDTH:0.173876
G1 X112.588 Y94.902 E.00226
;WIDTH:0.167728
G3 X112.607 Y94.943 I-.049 J.048 E.00052
;WIDTH:0.138204
G1 X112.62 Y94.977 E.0003
;WIDTH:0.159164
G1 X112.595 Y95.365 E.00405
;WIDTH:0.143868
G1 X112.62 Y95.433 E.00064
G1 X112.603 Y95.621 E.00169
;WIDTH:0.174916
G1 X112.587 Y95.81 E.00226
;WIDTH:0.171233
G1 X112.605 Y95.851 E.00052
;WIDTH:0.141101
G1 X112.619 Y95.886 E.00033
;WIDTH:0.159146
G1 X112.588 Y96.26 E.0039
G1 X112.604 Y96.279 E.00027
;WIDTH:0.136713
G1 X112.624 Y96.338 E.00051
G1 X112.604 Y96.527 E.00157
;WIDTH:0.177841
G1 X112.583 Y96.716 E.00233
;WIDTH:0.173041
G3 X112.606 Y96.762 I-.054 J.055 E.00061
;WIDTH:0.140323
G1 X112.619 Y96.796 E.00032
;WIDTH:0.159677
G1 X112.596 Y97.189 E.00412
;WIDTH:0.143243
G1 X112.62 Y97.256 E.00063
G1 X112.604 Y97.443 E.00167
;WIDTH:0.174786
G1 X112.587 Y97.631 E.00225
;WIDTH:0.169881
G3 X112.606 Y97.673 I-.05 J.049 E.00054
;WIDTH:0.139538
G1 X112.619 Y97.707 E.00031
;WIDTH:0.160179
G1 X112.587 Y98.094 E.00408
G1 X112.605 Y98.117 E.00031
;WIDTH:0.135473
G1 X112.625 Y98.174 E.00049
G1 X112.604 Y98.359 E.00151
;WIDTH:0.17686
G1 X112.584 Y98.544 E.00226
;WIDTH:0.183973
G1 X112.597 Y98.562 E.00028
;WIDTH:0.157027
G1 X112.611 Y98.579 E.00022
;WIDTH:0.131492
G1 X112.628 Y98.631 E.00042
G1 X112.604 Y98.818 E.00146
;WIDTH:0.179367
G1 X112.581 Y99.005 E.00233
;WIDTH:0.188447
G1 X112.595 Y99.023 E.0003
;WIDTH:0.16014
G1 X112.61 Y99.041 E.00024
;WIDTH:0.132115
G1 X112.627 Y99.094 E.00044
G1 X112.605 Y99.278 E.00145
;WIDTH:0.177868
G1 X112.582 Y99.462 E.00227
;WIDTH:0.182246
G1 X112.6 Y99.484 E.00036
;WIDTH:0.157091
G1 X112.623 Y99.546 E.00067
G1 X112.584 Y99.928 E.00392
G1 X112.604 Y99.952 E.00032
;WIDTH:0.136929
G1 X112.624 Y100.011 E.00051
G1 X112.576 Y100.459 E.00373
;WIDTH:0.177741
G1 X112.527 Y100.908 E.00551
G1 X112.483 Y100.895 F18000
;WIDTH:0.181299
G1 F3000
G1 X112.58 Y100.842 E.00138
G1 X112.597 Y100.721 E.00153
;WIDTH:0.153419
G1 X112.615 Y100.6 E.0012
;WIDTH:0.118484
G1 X112.632 Y100.48 E.00079
;WIDTH:0.114037
G1 X112.549 Y100.204 E.00175
G1 X112.545 Y100.223 F18000
;TYPE:Bottom surface
;WIDTH:0.5
G1 F3000
G1 X111.743 Y100.048 E.03561
G1 X110.765 Y99.932 E.04274
G1 X109.781 Y99.913 E.04272
G1 X108.8 Y99.989 E.04271
G1 X107.832 Y100.16 E.0427
G1 X107.455 Y100.266 E.01698
G1 X107.432 Y100.039 F18000
;TYPE:Gap infill
;WIDTH:0.172368
G1 F3000
G1 X107.411 Y99.89 E.00177
;WIDTH:0.155071
G1 X107.39 Y99.74 E.00152
;WIDTH:0.120478
G1 X107.369 Y99.59 E.00101
;WIDTH:0.117133
G1 X107.452 Y99.322 E.00178
G1 X107.455 Y99.339 F18000
;TYPE:Bottom surface
;WIDTH:0.5
G1 F3000
G1 X108.112 Y99.188 E.02925
G1 X109.13 Y99.052 E.04456
G1 X110.156 Y99.012 E.04457
G1 X111.181 Y99.068 E.04459
G1 X112.198 Y99.219 E.0446
G1 X112.545 Y99.305 E.01551
G1 X112.545 Y99.759 F18000
G1 F3000
G1 X111.67 Y99.582 E.03874
G1 X110.669 Y99.477 E.04368
G1 X109.664 Y99.468 E.04366
G1 X108.662 Y99.555 E.04365
G1 X107.673 Y99.737 E.04363
G1 X107.455 Y99.799 E.00983
G1 X107.453 Y99.789 F18000
;TYPE:Gap infill
;WIDTH:0.118578
G1 F3000
G1 X107.37 Y100.057 E.00182
;WIDTH:0.12916
G1 X107.4 Y100.277 E.00167
;WIDTH:0.154134
G1 X107.43 Y100.498 E.00221
G1 X107.343 Y100.525 F18000
;WIDTH:0.105324
G1 F3000
G1 X107.37 Y100.548 E.00018
;WIDTH:0.123167
G1 X107.392 Y100.688 E.00099
;WIDTH:0.158854
G1 X107.414 Y100.829 E.00148
;WIDTH:0.194541
G1 X107.436 Y100.969 E.00197
G1 X107.455 Y101.198 F18000
;TYPE:Bottom surface
;WIDTH:0.5
G1 F3000
G1 X107.837 Y101.081 E.0173
G1 X108.758 Y100.9 E.04075
G1 X109.693 Y100.813 E.04076
G1 X110.632 Y100.823 E.04078
G1 X111.566 Y100.928 E.0408
G1 X112.545 Y101.147 E.04354
G1 X112.549 Y101.134 F18000
;TYPE:Gap infill
;WIDTH:0.11191
G1 F3000
G1 X112.633 Y101.415 E.00172
G1 X112.611 Y101.564 E.00088
;WIDTH:0.154059
G1 X112.589 Y101.713 E.00149
;WIDTH:0.190346
G1 X112.567 Y101.862 E.00202
G1 X112.634 Y101.893 F18000
;WIDTH:0.140949
G1 F3000
G1 X112.586 Y102.188 E.00259
;WIDTH:0.158761
G1 X112.539 Y102.482 E.0031
;WIDTH:0.194385
G1 X112.491 Y102.777 E.00413
G1 X112.545 Y103.027 F18000
;TYPE:Bottom surface
;WIDTH:0.5
G1 F3000
G1 X111.78 Y102.799 E.03463
G1 X110.95 Y102.652 E.03662
G1 X110.108 Y102.6 E.0366
G1 X109.267 Y102.643 E.03658
G1 X108.436 Y102.783 E.03656
G1 X107.627 Y103.015 E.03654
G1 X107.455 Y103.087 E.00807
G1 X107.444 Y102.849 F18000
;TYPE:Gap infill
;WIDTH:0.200821
G1 F3000
G1 X107.417 Y102.712 E.00201
;WIDTH:0.162622
G1 X107.391 Y102.576 E.00149
;WIDTH:0.143523
G1 X107.365 Y102.439 E.00124
G1 X107.436 Y102.373 F18000
;WIDTH:0.193403
G1 F3000
G1 X107.413 Y102.23 E.00199
;WIDTH:0.158171
G1 X107.389 Y102.087 E.0015
;WIDTH:0.140555
G1 X107.366 Y101.944 E.00125
G1 X107.439 Y101.908 F18000
;WIDTH:0.197021
G1 F3000
G1 X107.415 Y101.763 E.00207
;WIDTH:0.160343
G1 X107.39 Y101.618 E.00155
;WIDTH:0.142003
G1 X107.366 Y101.474 E.00129
G1 X107.433 Y101.433 F18000
;WIDTH:0.171665
G1 F3000
G1 X107.411 Y101.286 E.00174
;WIDTH:0.153513
G1 X107.389 Y101.138 E.00147
;WIDTH:0.117208
G1 X107.367 Y100.991 E.00095
;WIDTH:0.111264
G1 X107.45 Y100.709 E.0017
G1 X107.455 Y100.725 F18000
;TYPE:Bottom surface
;WIDTH:0.5
G1 F3000
G1 X108.523 Y100.482 E.04753
G1 X109.479 Y100.375 E.04174
G1 X110.441 Y100.364 E.04176
G1 X111.399 Y100.449 E.04178
G1 X112.345 Y100.629 E.04179
G1 X112.545 Y100.688 E.00903
G1 X112.634 Y100.947 F18000
;TYPE:Gap infill
;WIDTH:0.141461
G1 F3000
G1 X112.587 Y101.244 E.00262
;WIDTH:0.159529
G1 X112.539 Y101.54 E.00314
;WIDTH:0.195665
G1 X112.492 Y101.837 E.00419
G1 X112.545 Y101.623 F18000
;TYPE:Bottom surface
;WIDTH:0.5
G1 F3000
G1 X112.168 Y101.509 E.01707
G1 X111.268 Y101.336 E.0398
G1 X110.355 Y101.259 E.03979
G1 X109.439 Y101.277 E.03977
G1 X108.53 Y101.391 E.03975
G1 X107.639 Y101.599 E.03973
G1 X107.455 Y101.663 E.00842
G1 X107.455 Y102.139 F18000
G1 F3000
G1 X107.852 Y102.005 E.01817
G1 X108.723 Y101.813 E.0387
G1 X109.609 Y101.715 E.03872
G1 X110.502 Y101.714 E.03874
G1 X111.39 Y101.808 E.03876
G1 X112.263 Y101.997 E.03877
G1 X112.545 Y102.091 E.0129
G1 X112.549 Y102.077 F18000
;TYPE:Gap infill
;WIDTH:0.120051
G1 F3000
G1 X112.632 Y102.35 E.00189
G1 X112.588 Y102.653 E.00203
;WIDTH:0.154933
G1 X112.545 Y102.956 E.00307
;WIDTH:0.19046
G1 X112.501 Y103.259 E.00412
G1 X112.565 Y103.281 F18000
;WIDTH:0.193289
G1 F3000
G1 X112.587 Y103.127 E.00214
;WIDTH:0.156215
G1 X112.61 Y102.973 E.00158
;WIDTH:0.113579
G1 X112.632 Y102.819 E.00094
G1 X112.549 Y102.542 E.00174
G1 X112.545 Y102.558 F18000
;TYPE:Bottom surface
;WIDTH:0.5
G1 F3000
G1 X111.859 Y102.357 E.03103
G1 X111.003 Y102.206 E.03771
G1 X110.137 Y102.151 E.03769
G1 X109.27 Y102.192 E.03767
G1 X108.413 Y102.328 E.03765
G1 X107.577 Y102.558 E.03763
G1 X107.455 Y102.607 E.0057
G1 E-1.75 F6000
;WIPE_START
G1 F3000
G1 X107.577 Y102.558 E-.0985
G1 X108.413 Y102.328 E-.65019
G1 X108.415 Y102.328 E-.0013
;WIPE_END
G1 X107.443 Y103.816 F18000
G1 E2.5 F6000
;TYPE:Gap infill
;WIDTH:0.200535
G1 F3000
G1 X107.417 Y103.678 E.00203
;WIDTH:0.162451
G1 X107.391 Y103.539 E.00151
;WIDTH:0.143409
G1 X107.365 Y103.401 E.00125
G1 X107.455 Y103.572 F18000
;TYPE:Bottom surface
;WIDTH:0.5
G1 F3000
G1 X107.933 Y103.385 E.02225
G1 X108.722 Y103.18 E.03541
G1 X109.531 Y103.069 E.03544
G1 X110.348 Y103.053 E.03546
G1 X111.161 Y103.134 E.03548
G1 X111.96 Y103.309 E.0355
G1 X112.545 Y103.512 E.02686
G1 X112.634 Y103.321 F18000
;TYPE:Gap infill
;WIDTH:0.141948
G1 F3000
G1 X112.61 Y103.467 E.00129
;WIDTH:0.16026
G1 X112.585 Y103.612 E.00155
;WIDTH:0.196884
G1 X112.561 Y103.758 E.00207
G1 X112.545 Y103.995 F18000
;TYPE:Bottom surface
;WIDTH:0.5
G1 F3000
G1 X112.324 Y103.898 E.01046
G1 X111.566 Y103.67 E.03435
G1 X110.787 Y103.536 E.03433
G1 X109.997 Y103.497 E.03431
G1 X109.21 Y103.554 E.03428
G1 X108.435 Y103.706 E.03426
G1 X107.685 Y103.951 E.03424
G1 X107.455 Y104.058 E.01102
G1 X107.455 Y104.55 F18000
G1 F3000
G1 X107.621 Y104.464 E.00811
G1 X108.335 Y104.2 E.03303
G1 X109.076 Y104.027 E.03305
G1 X109.834 Y103.95 E.03308
G1 X110.596 Y103.968 E.0331
G1 X111.351 Y104.082 E.03312
G1 X112.086 Y104.289 E.03315
G1 X112.545 Y104.484 E.02164
G1 X112.545 Y104.973 F18000
G1 F3000
G1 X111.96 Y104.72 E.02765
G1 X111.253 Y104.519 E.0319
G1 X110.527 Y104.412 E.03188
G1 X109.793 Y104.4 E.03185
G1 X109.065 Y104.485 E.03182
G1 X108.354 Y104.663 E.0318
G1 X107.674 Y104.933 E.03177
G1 X107.455 Y105.055 E.01087
G1 X107.455 Y105.57 F18000
G1 F3000
G1 X107.784 Y105.378 E.01651
G1 X108.432 Y105.11 E.03046
G1 X109.112 Y104.932 E.03049
G1 X109.81 Y104.848 E.03052
G1 X110.514 Y104.861 E.03055
G1 X111.21 Y104.969 E.03058
G1 X111.885 Y105.171 E.03061
G1 X112.545 Y105.473 E.03149
G1 X112.545 Y106 F18000
G1 F3000
G1 X112.411 Y105.911 E.00696
G1 X111.803 Y105.619 E.02929
G1 X111.16 Y105.418 E.02926
G1 X110.495 Y105.309 E.02923
G1 X109.823 Y105.297 E.02919
G1 X109.156 Y105.38 E.02916
G1 X108.509 Y105.558 E.02913
G1 X107.894 Y105.825 E.0291
G1 X107.455 Y106.097 E.0224
G1 X107.455 Y106.643 F18000
G1 F3000
G1 X107.955 Y106.303 E.02622
G1 X108.529 Y106.028 E.02766
G1 X109.14 Y105.842 E.0277
G1 X109.772 Y105.749 E.02773
G1 X110.412 Y105.752 E.02777
G1 X111.044 Y105.851 E.0278
G1 X111.656 Y106.044 E.02784
G1 X112.233 Y106.326 E.02787
G1 X112.545 Y106.541 E.01644
G1 X112.51 Y106.592 F18000
;TYPE:Gap infill
;WIDTH:0.140239
G1 F3000
G1 X112.657 Y106.892 E.00288
G1 E-1.83022 F6000
;WIPE_START
G1 F3000
G1 X112.51 Y106.592 E-.66978
;WIPE_END
G1 X107.455 Y107.234 F18000
G1 E2.5 F6000
;TYPE:Bottom surface
;WIDTH:0.5
G1 F3000
G1 X107.925 Y106.851 E.02629
G1 X108.447 Y106.551 E.02614
G1 X109.011 Y106.338 E.02618
G1 X109.603 Y106.216 E.02622
G1 X110.207 Y106.19 E.02626
G1 X110.809 Y106.259 E.0263
G1 X111.393 Y106.423 E.02634
G1 X111.945 Y106.677 E.02637
G1 X112.451 Y107.016 E.02641
G1 X112.545 Y107.103 E.00557
G1 X112.502 Y107.149 F18000
;TYPE:Gap infill
;WIDTH:0.130214
G1 F3000
G3 X112.623 Y107.421 I-6.295 J2.969 E.00226
G1 X112.657 Y107.506 E.0007
G1 X112.545 Y107.724 F18000
;TYPE:Bottom surface
;WIDTH:0.5
G1 F3000
G1 X112.436 Y107.599 E.00719
G1 X111.994 Y107.236 E.02486
G1 X111.497 Y106.952 E.02481
G1 X110.962 Y106.755 E.02477
G1 X110.402 Y106.652 E.02473
G1 X109.833 Y106.644 E.02468
G1 X109.272 Y106.732 E.02464
G1 X108.735 Y106.913 E.02459
G1 X108.238 Y107.182 E.02455
G1 X107.794 Y107.53 E.0245
G1 X107.455 Y107.905 E.02191
G1 X107.5 Y107.945 F18000
;TYPE:Gap infill
;WIDTH:0.151268
G1 F3000
G2 X107.362 Y108.406 I5.267 J1.823 E.00465
G1 E-1.75 F6000
;WIPE_START
G1 F3000
G1 X107.5 Y107.945 E-.75
;WIPE_END
G1 X110.352 Y110.505 F18000
G1 E2.5 F6000
;WIDTH:0.376112
G1 F3000
G1 X110.391 Y110.071 E.01368
G2 X110.294 Y109.837 I-.29 J-.017 E.00826
;WIDTH:0.424
G1 X110.224 Y109.805 E.00276
;WIDTH:0.45423
G1 X110.188 Y109.792 E.00149
;WIDTH:0.488966
G1 X110.094 Y109.779 E.00403
G1 X109.696 Y109.797 E.01686
G1 X110 Y110 F18000
;TYPE:Bottom surface
;WIDTH:0.5
G1 F3000
G1 X110 Y110.449 E.01947
G1 X109.785 Y110.431 E.00938
G1 X109.594 Y110.315 E.00968
G1 X109.469 Y110.122 E.00996
G1 X109.436 Y109.889 E.01022
G1 X109.503 Y109.657 E.01047
G1 X109.66 Y109.467 E.01071
G1 X109.884 Y109.35 E.01094
G1 X110.14 Y109.327 E.01116
G1 X110.391 Y109.402 E.01137
G1 X110.6 Y109.567 E.01158
G1 X110.739 Y109.8 E.01178
G1 X110.788 Y110.071 E.01197
G1 X110.739 Y110.347 E.01215
G1 X110.596 Y110.593 E.01233
G1 X110.376 Y110.779 E.01251
G1 X110.103 Y110.883 E.01268
G1 X109.808 Y110.892 E.01284
G1 X109.521 Y110.804 E.013
G1 X109.275 Y110.627 E.01316
G1 X109.095 Y110.378 E.01331
G1 X109 Y110.083 E.01346
G1 X109.001 Y109.769 E.01361
G1 X109.098 Y109.468 E.01376
G1 X109.284 Y109.207 E.0139
G1 X109.541 Y109.011 E.01403
G1 X109.848 Y108.899 E.01417
G1 X110.177 Y108.881 E.0143
G1 X110.5 Y108.961 E.01443
G1 X110.789 Y109.131 E.01456
G1 X111.02 Y109.378 E.01469
G1 X111.172 Y109.683 E.01481
G1 X111.234 Y110.021 E.01493
G1 X111.2 Y110.366 E.01505
G1 X111.071 Y110.691 E.01517
G1 X110.856 Y110.97 E.01529
G1 X110.572 Y111.182 E.0154
G1 X110.238 Y111.311 E.01551
G1 X109.88 Y111.346 E.01562
G1 X109.523 Y111.285 E.01573
G1 X109.192 Y111.131 E.01584
G1 X108.911 Y110.894 E.01595
G1 X108.7 Y110.59 E.01605
G1 X108.574 Y110.24 E.01616
G1 X108.542 Y109.866 E.01626
G1 X108.606 Y109.495 E.01636
G1 X108.763 Y109.15 E.01646
G1 X109.004 Y108.854 E.01656
G1 X109.312 Y108.626 E.01666
G1 X109.67 Y108.481 E.01675
G1 X110.055 Y108.429 E.01685
G1 X110.443 Y108.473 E.01694
G1 X110.81 Y108.612 E.01704
G1 X111.134 Y108.836 E.01713
G1 X111.396 Y109.135 E.01722
G1 X111.579 Y109.489 E.01731
G1 X111.672 Y109.879 E.0174
G1 X111.67 Y110.282 E.01749
G1 X111.572 Y110.674 E.01758
G1 X111.383 Y111.035 E.01766
G1 X111.114 Y111.342 E.01775
G1 X110.779 Y111.58 E.01783
G1 X110.396 Y111.733 E.01792
G1 X109.985 Y111.795 E.018
G1 X109.57 Y111.759 E.01808
G1 X109.173 Y111.629 E.01817
G1 X108.813 Y111.411 E.01825
G1 X108.512 Y111.116 E.01833
G1 X108.284 Y110.758 E.01841
G1 X108.141 Y110.357 E.01849
G1 X108.093 Y109.932 E.01856
G1 X108.14 Y109.505 E.01864
G1 X108.282 Y109.098 E.01872
G1 X108.511 Y108.731 E.0188
G1 X108.817 Y108.422 E.01887
G1 X109.185 Y108.187 E.01895
G1 X109.597 Y108.037 E.01902
G1 X110.033 Y107.981 E.0191
G1 X110.473 Y108.021 E.01917
G1 X110.895 Y108.155 E.01924
G1 X111.28 Y108.379 E.01932
G1 X111.61 Y108.68 E.01939
G1 X111.868 Y109.047 E.01946
G1 X112.042 Y109.462 E.01953
G1 X112.125 Y109.905 E.0196
G1 X112.112 Y110.358 E.01967
G1 X112.004 Y110.8 E.01974
G1 X111.804 Y111.21 E.01981
G1 X111.522 Y111.571 E.01988
G1 X111.17 Y111.866 E.01994
G1 X110.763 Y112.082 E.02001
G1 X110.318 Y112.209 E.02008
G1 X109.855 Y112.242 E.02014
G1 X109.394 Y112.179 E.02021
G1 X108.954 Y112.022 E.02028
G1 X108.554 Y111.778 E.02034
G1 X108.212 Y111.456 E.02041
G1 X107.941 Y111.07 E.02047
G1 X107.753 Y110.635 E.02053
G1 X107.657 Y110.171 E.0206
G1 X107.656 Y109.695 E.02066
G1 X107.751 Y109.227 E.02072
G1 X107.938 Y108.786 E.02079
G1 X108.21 Y108.39 E.02085
G1 X108.557 Y108.056 E.02091
G1 X108.964 Y107.796 E.02097
G1 X109.416 Y107.621 E.02103
G1 X109.895 Y107.539 E.02109
G1 X110.382 Y107.552 E.02115
G1 X110.859 Y107.661 E.02121
G1 X111.306 Y107.861 E.02127
G1 X111.706 Y108.146 E.02133
G1 X112.045 Y108.504 E.02139
G1 X112.308 Y108.922 E.02145
G1 X112.486 Y109.384 E.02151
G1 X112.545 Y109.716 E.01463
G1 X112.332 Y109.754 F18000
;TYPE:Gap infill
;WIDTH:0.323881
G1 F3000
G1 X112.483 Y109.865 E.00497
;WIDTH:0.362994
G1 X112.503 Y109.88 E.00073
G3 X112.495 Y110.443 I-7.201 J.19 E.01697
G1 X112.545 Y110.453 F18000
;TYPE:Bottom surface
;WIDTH:0.5
G1 F3000
G1 X112.457 Y110.86 E.01806
G1 X112.259 Y111.32 E.02174
G1 X111.977 Y111.735 E.0218
G1 X111.619 Y112.09 E.02185
G1 X111.2 Y112.371 E.02191
G1 X110.734 Y112.568 E.02196
G1 X110.238 Y112.674 E.02202
G1 X109.73 Y112.685 E.02208
G1 X109.227 Y112.599 E.02213
G1 X108.748 Y112.42 E.02219
G1 X108.31 Y112.155 E.02224
G1 X107.928 Y111.811 E.02229
G1 X107.616 Y111.402 E.02235
G1 X107.455 Y111.08 E.01562
G1 X107.502 Y111.057 F18000
;TYPE:Gap infill
;WIDTH:0.24126
G1 F3000
G3 X107.442 Y110.722 I6.531 J-1.34 E.00625
G1 X107.424 Y110.546 E.00324
;WIDTH:0.19519
G1 X107.407 Y110.38 E.00232
;WIDTH:0.161166
G1 X107.39 Y110.215 E.00177
;WIDTH:0.144985
G1 X107.387 Y109.684 E.0048
G1 X107.406 Y109.485 E.0018
;WIDTH:0.193357
G1 X107.423 Y109.319 E.0023
;WIDTH:0.226857
G1 X107.439 Y109.152 E.00284
;WIDTH:0.254137
G3 X107.502 Y108.796 I4.98 J.686 E.0071
G1 X107.455 Y108.772 F18000
;TYPE:Bottom surface
;WIDTH:0.5
G1 F3000
G1 X107.621 Y108.441 E.01609
G1 X107.936 Y108.023 E.02272
G1 X108.324 Y107.669 E.02277
G1 X108.77 Y107.392 E.02282
G1 X109.261 Y107.199 E.02287
G1 X109.779 Y107.099 E.02293
G1 X110.309 Y107.094 E.02298
G1 X110.831 Y107.184 E.02303
G1 X111.33 Y107.368 E.02308
G1 X111.789 Y107.64 E.02313
G1 X112.192 Y107.99 E.02318
G1 X112.545 Y108.44 E.02482
G1 X112.495 Y108.467 F18000
;TYPE:Gap infill
;WIDTH:0.211957
G1 F3000
G3 X112.581 Y108.797 I-6.727 J1.932 E.00531
G1 X112.583 Y108.805 E.00012
;WIDTH:0.175954
G1 X112.609 Y108.945 E.00171
;WIDTH:0.128868
G1 X112.635 Y109.084 E.00107
G1 E-2.21548 F6000
;WIPE_START
G1 F3000
G1 X112.609 Y108.945 E-.28452
;WIPE_END
G1 X112.645 Y111.069 F18000
G1 E2.5 F6000
;WIDTH:0.272008
G1 F3000
G3 X112.547 Y111.49 I-8.837 J-1.829 E.00923
G1 X112.494 Y111.662 E.00384
G1 X112.545 Y111.695 F18000
;TYPE:Bottom surface
;WIDTH:0.5
G1 F3000
G1 X112.383 Y111.946 E.01297
G1 X112.012 Y112.344 E.02362
G1 X111.576 Y112.671 E.02367
G1 X111.088 Y112.918 E.02372
G1 X110.564 Y113.075 E.02376
G1 X110.019 Y113.139 E.02381
G1 X109.47 Y113.107 E.02386
G1 X108.934 Y112.979 E.02391
G1 X108.428 Y112.76 E.02395
G1 X107.966 Y112.456 E.024
G1 X107.563 Y112.076 E.02405
G1 X107.455 Y111.932 E.00782
G1 X107.499 Y111.899 F18000
;TYPE:Gap infill
;WIDTH:0.146985
G1 F3000
G3 X107.362 Y111.445 I5.12 J-1.788 E.00438
G1 X107.343 Y112.172 F18000
;WIDTH:0.121312
G1 F3000
G1 X107.497 Y112.551 E.00277
G1 X107.455 Y112.602 F18000
;TYPE:Bottom surface
;WIDTH:0.5
G1 F3000
G1 X107.876 Y112.947 E.02362
G1 X108.388 Y113.242 E.02562
G1 X108.939 Y113.45 E.02558
G1 X109.516 Y113.565 E.02554
G1 X110.103 Y113.584 E.02549
G1 X110.684 Y113.508 E.02545
G1 X111.244 Y113.338 E.02541
G1 X111.768 Y113.079 E.02537
G1 X112.242 Y112.738 E.02533
G1 X112.545 Y112.434 E.01865
G1 X112.502 Y112.391 F18000
;TYPE:Gap infill
;WIDTH:0.165946
G1 F3000
G2 X112.64 Y112.001 I-4.606 J-1.849 E.00458
G1 E-1.75 F6000
;WIPE_START
G1 F3000
G1 X112.502 Y112.391 E-.75
;WIPE_END
G1 X112.545 Y113.058 F18000
G1 E2.5 F6000
;TYPE:Bottom surface
;WIDTH:0.5
G1 F3000
G1 X112.177 Y113.35 E.02038
G1 X111.638 Y113.656 E.0269
G1 X111.058 Y113.876 E.02694
G1 X110.449 Y114.003 E.02698
G1 X109.828 Y114.036 E.02702
G1 X109.208 Y113.972 E.02705
G1 X108.604 Y113.814 E.02709
G1 X108.031 Y113.565 E.02713
G1 X107.455 Y113.19 E.02984
G1 X107.455 Y113.732 F18000
G1 F3000
G1 X107.811 Y113.956 E.01826
G1 X108.413 Y114.222 E.02858
G1 X109.047 Y114.398 E.02855
G1 X109.699 Y114.48 E.02852
G1 X110.355 Y114.465 E.02848
G1 X111.001 Y114.355 E.02845
G1 X111.623 Y114.152 E.02842
G1 X112.209 Y113.861 E.02838
G1 X112.545 Y113.626 E.01779
G1 X112.545 Y114.167 F18000
G1 F3000
G1 X112.309 Y114.32 E.01217
G1 X111.687 Y114.609 E.02978
G1 X111.03 Y114.809 E.02981
G1 X110.351 Y114.916 E.02984
G1 X109.663 Y114.927 E.02987
G1 X108.979 Y114.842 E.0299
G1 X108.314 Y114.663 E.02993
G1 X107.678 Y114.392 E.02996
G1 X107.455 Y114.258 E.0113
G1 X107.455 Y114.773 F18000
G1 F3000
G1 X107.582 Y114.845 E.00632
G1 X108.25 Y115.114 E.03128
G1 X108.948 Y115.292 E.03126
G1 X109.663 Y115.376 E.03123
G1 X110.381 Y115.363 E.0312
G1 X111.091 Y115.255 E.03117
G1 X111.78 Y115.054 E.03114
G1 X112.435 Y114.762 E.03112
G1 X112.545 Y114.694 E.00562
G1 X112.657 Y114.898 F18000
;TYPE:Gap infill
;WIDTH:0.224842
G1 F3000
G3 X112.563 Y115.052 I-2.558 J-1.448 E.00302
G1 X112.62 Y115.332 E.0048
G1 X112.554 Y115.45 F18000
;WIDTH:0.177274
G1 F3000
G1 X112.626 Y115.838 E.0048
G1 X112.545 Y115.707 F18000
;TYPE:Bottom surface
;WIDTH:0.5
G1 F3000
G1 X111.82 Y115.987 E.03372
G1 X111.068 Y116.175 E.03366
G1 X110.298 Y116.268 E.03368
G1 X109.521 Y116.266 E.0337
G1 X108.75 Y116.168 E.03373
G1 X107.997 Y115.975 E.03375
G1 X107.455 Y115.763 E.02527
G1 X107.365 Y115.933 F18000
;TYPE:Gap infill
;WIDTH:0.143618
G1 F3000
G1 X107.391 Y115.795 E.00125
;WIDTH:0.162764
G1 X107.417 Y115.656 E.00151
;WIDTH:0.201057
G1 X107.444 Y115.518 E.00204
G1 X107.455 Y115.281 F18000
;TYPE:Bottom surface
;WIDTH:0.5
G1 F3000
G1 X108.165 Y115.558 E.03309
G1 X108.893 Y115.738 E.03252
G1 X109.636 Y115.824 E.0325
G1 X110.384 Y115.813 E.03247
G1 X111.124 Y115.707 E.03245
G1 X111.844 Y115.507 E.03242
G1 X112.545 Y115.209 E.03305
G1 E-1.75 F6000
;WIPE_START
G1 F3000
G1 X111.844 Y115.507 E-.57109
G1 X111.614 Y115.571 E-.17891
;WIPE_END
G1 X107.455 Y120.474 F18000
G1 E2.5 F6000
G1 F3000
G1 X108.396 Y120.655 E.0416
G1 X109.409 Y120.752 E.04414
G1 X110.425 Y120.753 E.04412
G1 X111.437 Y120.658 E.04411
G1 X112.545 Y120.436 E.04905
G1 X112.577 Y120.66 F18000
;TYPE:Gap infill
;WIDTH:0.176615
G1 F3000
G1 X112.6 Y120.885 E.00274
;WIDTH:0.138919
G1 X112.623 Y121.11 E.00191
G1 X112.601 Y121.171 E.00055
;WIDTH:0.182445
G1 X112.582 Y121.195 E.00039
;WIDTH:0.17872
G1 X112.605 Y121.38 E.00229
;WIDTH:0.130821
G1 X112.628 Y121.565 E.00143
G1 X112.611 Y121.616 E.00041
;WIDTH:0.156782
G1 X112.597 Y121.635 E.00024
;WIDTH:0.18557
G1 X112.583 Y121.653 E.0003
;WIDTH:0.178
G1 X112.605 Y121.839 E.00229
;WIDTH:0.133177
G1 X112.626 Y122.024 E.00148
G1 X112.608 Y122.078 E.00045
;WIDTH:0.162199
G1 X112.595 Y122.096 E.00024
;WIDTH:0.189784
G1 X112.581 Y122.113 E.0003
;WIDTH:0.179996
G1 X112.604 Y122.302 E.00236
;WIDTH:0.131428
G1 X112.628 Y122.49 E.00147
G1 X112.611 Y122.542 E.00042
;WIDTH:0.155621
G1 X112.586 Y122.574 E.0004
G1 X112.623 Y122.941 E.00372
G1 X112.6 Y123.003 E.00066
;WIDTH:0.159762
G1 X112.586 Y123.021 E.00023
G1 X112.62 Y123.403 E.00402
;WIDTH:0.137703
G1 X112.607 Y123.437 E.0003
;WIDTH:0.168163
G3 X112.587 Y123.48 I-.071 J-.007 E.00055
;WIDTH:0.174877
G1 X112.603 Y123.67 E.00228
;WIDTH:0.144869
G1 X112.62 Y123.86 E.00172
G1 X112.594 Y123.928 E.00066
;WIDTH:0.185244
G1 X112.586 Y123.937 E.00015
;WIDTH:0.175336
G1 X112.604 Y124.125 E.00226
;WIDTH:0.142082
G1 X112.621 Y124.313 E.00165
G1 X112.597 Y124.378 E.00061
;WIDTH:0.185061
G1 X112.583 Y124.396 E.00029
;WIDTH:0.178532
G1 X112.604 Y124.587 E.00237
;WIDTH:0.137087
G1 X112.624 Y124.778 E.00159
G1 X112.604 Y124.837 E.00052
;WIDTH:0.156927
G1 X112.587 Y124.857 E.00026
G1 X112.62 Y125.225 E.00377
G1 X112.596 Y125.292 E.00072
;WIDTH:0.159647
G1 X112.618 Y125.682 E.00409
;WIDTH:0.142629
G1 X112.604 Y125.718 E.00034
;WIDTH:0.171389
G1 X112.589 Y125.756 E.00048
;WIDTH:0.173566
G1 X112.603 Y125.947 E.00227
;WIDTH:0.149205
G1 X112.617 Y126.138 E.00181
G1 X112.589 Y126.211 E.00074
;WIDTH:0.173366
G1 X112.603 Y126.401 E.00225
;WIDTH:0.149287
G1 X112.617 Y126.591 E.0018
G1 X112.588 Y126.665 E.00075
;WIDTH:0.188823
G1 X112.588 Y126.665 E0
;WIDTH:0.173879
G1 X112.603 Y126.855 E.00225
;WIDTH:0.147378
G1 X112.618 Y127.044 E.00176
G1 X112.591 Y127.116 E.00071
;WIDTH:0.188101
G1 X112.586 Y127.121 E.00008
;WIDTH:0.175419
G1 X112.603 Y127.312 E.0023
;WIDTH:0.144233
G1 X112.62 Y127.503 E.00172
G1 X112.595 Y127.57 E.00065
;WIDTH:0.180188
G1 X112.371 Y127.602 E.00281
;WIDTH:0.14727
G1 X112.081 Y127.617 E.00269
;WIDTH:0.133288
G1 X111.792 Y127.631 E.00229
G1 E-1.92022 F6000
;WIPE_START
G1 F3000
G1 X112.081 Y127.617 E-.57978
;WIPE_END
G1 X112.545 Y125.466 F18000
G1 E2.5 F6000
;TYPE:Bottom surface
;WIDTH:0.5
G1 F3000
G1 X111.793 Y125.586 E.03303
G1 X110.57 Y125.684 E.05327
G1 X109.342 Y125.687 E.05328
G1 X108.118 Y125.593 E.05329
G1 X107.455 Y125.489 E.02913
G1 X107.455 Y125.04 F18000
G1 F3000
G1 X108.44 Y125.176 E.04313
G1 X109.647 Y125.246 E.05252
G1 X110.857 Y125.221 E.05251
G1 X112.06 Y125.099 E.0525
G1 X112.545 Y125.011 E.02137
G1 X112.545 Y124.566 F18000
G1 F3000
G1 X111.331 Y124.734 E.05321
G1 X110.141 Y124.799 E.05173
G1 X108.949 Y124.768 E.05174
G1 X107.764 Y124.641 E.05175
G1 X107.455 Y124.583 E.01362
G1 X107.414 Y124.424 F18000
;TYPE:Gap infill
;WIDTH:0.192306
G1 F3000
G1 X107.496 Y124.365 E.00139
G1 X107.455 Y124.133 F18000
;TYPE:Bottom surface
;WIDTH:0.5
G1 F3000
G1 X108.487 Y124.279 E.04525
G1 X109.659 Y124.35 E.05096
G1 X110.832 Y124.324 E.05095
G1 X111.999 Y124.202 E.05094
G1 X112.545 Y124.099 E.02408
G1 X112.545 Y123.645 F18000
G1 F3000
G1 X111.73 Y123.786 E.03588
G1 X110.58 Y123.888 E.05013
G1 X109.425 Y123.894 E.05015
G1 X108.273 Y123.805 E.05016
G1 X107.455 Y123.672 E.03594
G1 E-1.75 F6000
;WIPE_START
G1 F3000
G1 X108.273 Y123.805 E-.62103
G1 X108.444 Y123.818 E-.12897
;WIPE_END
G1 X107.455 Y125.944 F18000
G1 E2.5 F6000
G1 F3000
G1 X107.973 Y126.027 E.02274
G1 X109.213 Y126.13 E.05405
G1 X110.458 Y126.137 E.05404
G1 X111.7 Y126.049 E.05403
G1 X112.545 Y125.922 E.03708
G1 X112.511 Y126.154 F18000
;TYPE:Gap infill
;WIDTH:0.187576
G1 F3000
G1 X112.589 Y126.211 E.00126
G1 X112.545 Y126.376 F18000
;TYPE:Bottom surface
;WIDTH:0.5
G1 F3000
G1 X111.768 Y126.492 E.03408
G1 X110.51 Y126.584 E.05478
G1 X109.248 Y126.581 E.05478
G1 X107.989 Y126.481 E.05479
G1 X107.455 Y126.397 E.02346
G1 X107.455 Y126.851 F18000
G1 F3000
G1 X108.156 Y126.951 E.03073
G1 X109.433 Y127.036 E.05553
G1 X110.712 Y127.025 E.05552
G1 X111.986 Y126.918 E.05551
G1 X112.545 Y126.829 E.02457
G1 X112.545 Y127.288 F18000
G1 F3000
G1 X112.339 Y127.325 E.00908
G1 X111.05 Y127.456 E.05623
G1 X109.755 Y127.491 E.05624
G1 X108.46 Y127.43 E.05625
G1 X107.455 Y127.307 E.04394
G1 X108.052 Y127.631 F18000
;TYPE:Gap infill
;WIDTH:0.141988
G1 F3000
G1 X107.736 Y127.612 E.00277
;WIDTH:0.160319
G1 X107.421 Y127.593 E.00333
;WIDTH:0.163609
G1 X107.386 Y127.525 E.00083
G1 X107.409 Y127.137 E.00421
G1 X107.483 Y127.083 E.00099
G1 X107.409 Y127.137 F18000
;WIDTH:0.151808
G1 F3000
G1 X107.384 Y127.067 E.00073
G1 X107.397 Y126.876 E.00186
;WIDTH:0.172953
G1 X107.411 Y126.686 E.00225
;WIDTH:0.186101
G1 X107.41 Y126.685 E.00001
;WIDTH:0.148079
G1 X107.382 Y126.613 E.00073
G1 X107.397 Y126.423 E.00178
;WIDTH:0.173714
G1 X107.412 Y126.233 E.00225
;WIDTH:0.185895
G1 X107.409 Y126.23 E.00005
;WIDTH:0.147116
G1 X107.382 Y126.159 E.00071
G1 X107.397 Y125.969 E.00176
;WIDTH:0.174033
G1 X107.412 Y125.779 E.00226
;WIDTH:0.187602
G1 X107.41 Y125.777 E.00003
;WIDTH:0.148099
G1 X107.382 Y125.705 E.00073
G1 X107.397 Y125.517 E.00176
;WIDTH:0.17325
G1 X107.411 Y125.329 E.00222
;WIDTH:0.183925
G1 X107.489 Y125.273 E.00123
G1 X107.411 Y125.329 F18000
;WIDTH:0.160551
G1 F3000
G1 X107.398 Y125.293 E.00041
;WIDTH:0.146919
G1 X107.384 Y125.257 E.00036
;WIDTH:0.160381
G1 X107.403 Y124.862 E.00417
;WIDTH:0.141746
G1 X107.379 Y124.797 E.0006
G1 X107.396 Y124.611 E.00163
;WIDTH:0.174951
G1 X107.414 Y124.424 E.00224
;WIDTH:0.151811
G1 X107.384 Y124.349 E.00079
G1 X107.397 Y124.155 E.00189
;WIDTH:0.173653
G1 X107.411 Y123.961 E.0023
;WIDTH:0.18513
G1 X107.409 Y123.958 E.00005
;WIDTH:0.146943
G1 X107.382 Y123.887 E.0007
G1 X107.397 Y123.697 E.00176
;WIDTH:0.174149
G1 X107.412 Y123.507 E.00226
;WIDTH:0.170802
G1 X107.395 Y123.468 E.0005
;WIDTH:0.14143
G1 X107.381 Y123.432 E.00033
;WIDTH:0.159248
G1 X107.412 Y123.057 E.00392
G1 X107.393 Y123.034 E.00032
;WIDTH:0.134647
G1 X107.374 Y122.978 E.00047
G1 X107.396 Y122.788 E.00154
;WIDTH:0.179131
G1 X107.418 Y122.598 E.00236
;WIDTH:0.185345
G1 X107.402 Y122.579 E.00032
;WIDTH:0.157357
G1 X107.379 Y122.514 E.00071
G1 X107.414 Y122.136 E.0039
G1 X107.397 Y122.115 E.00028
;WIDTH:0.155993
G1 X107.376 Y122.055 E.00064
G1 X107.416 Y121.679 E.00382
G1 X107.399 Y121.658 E.00027
;WIDTH:0.155631
G1 X107.377 Y121.597 E.00065
G1 X107.415 Y121.228 E.00374
G1 X107.401 Y121.209 E.00023
;WIDTH:0.152281
G1 X107.387 Y121.191 E.00023
;WIDTH:0.129236
G1 X107.371 Y121.142 E.00039
G1 X107.395 Y120.957 E.0014
;WIDTH:0.179378
G1 X107.419 Y120.772 E.00231
;WIDTH:0.186211
G1 X107.402 Y120.751 E.00035
;WIDTH:0.157721
G1 X107.378 Y120.687 E.0007
G1 X107.415 Y120.304 E.00396
G1 X107.399 Y120.283 E.00026
;WIDTH:0.148511
G1 X107.384 Y120.263 E.00024
;WIDTH:0.120413
G3 X107.386 Y120.093 I.182 J-.082 E.00117
;WIDTH:0.154932
G1 X107.403 Y119.97 E.00125
;WIDTH:0.188747
G1 X107.42 Y119.847 E.00165
;WIDTH:0.193105
G1 X107.408 Y119.831 E.00028
;WIDTH:0.168001
G1 X107.395 Y119.815 E.00023
;WIDTH:0.155587
G1 X107.375 Y119.758 E.00061
G1 X107.417 Y119.383 E.0038
G1 X107.395 Y119.356 E.00035
;WIDTH:0.136739
G1 X107.375 Y119.298 E.0005
G1 X107.426 Y118.841 E.0038
;WIDTH:0.179646
G1 X107.476 Y118.383 E.00571
G1 X107.455 Y118.144 F18000
;TYPE:Bottom surface
;WIDTH:0.5
G1 F3000
G1 X108.052 Y118.313 E.0269
G1 X108.944 Y118.465 E.03929
G1 X109.847 Y118.521 E.03927
G1 X110.75 Y118.482 E.03925
G1 X111.644 Y118.347 E.03923
G1 X112.545 Y118.108 E.04045
G1 X112.545 Y118.58 F18000
G1 F3000
G1 X111.641 Y118.805 E.04041
G1 X110.723 Y118.935 E.04026
G1 X109.796 Y118.969 E.04027
G1 X108.87 Y118.908 E.04029
G1 X107.955 Y118.75 E.04031
G1 X107.455 Y118.61 E.02252
G1 X107.452 Y118.621 F18000
;TYPE:Gap infill
;WIDTH:0.115791
G1 F3000
G1 X107.369 Y118.353 E.00175
G1 X107.39 Y118.203 E.00094
;WIDTH:0.155275
G1 X107.411 Y118.053 E.00152
;WIDTH:0.189635
G1 X107.432 Y117.902 E.00203
G1 X107.493 Y117.923 F18000
;WIDTH:0.189181
G1 F3000
G1 X107.452 Y118.222 E.00402
;WIDTH:0.155134
G1 X107.411 Y118.52 E.00303
;WIDTH:0.121558
G1 X107.37 Y118.819 E.00205
G1 X107.454 Y119.092 E.00194
G1 X107.455 Y119.086 F18000
;TYPE:Bottom surface
;WIDTH:0.5
G1 F3000
G1 X108.342 Y119.284 E.03942
G1 X109.286 Y119.397 E.04129
G1 X110.237 Y119.414 E.04128
G1 X111.184 Y119.335 E.04126
G1 X112.118 Y119.16 E.04124
G1 X112.545 Y119.035 E.01929
G1 X112.569 Y119.262 F18000
;TYPE:Gap infill
;WIDTH:0.172087
G1 F3000
G1 X112.589 Y119.411 E.00176
;WIDTH:0.155054
G1 X112.61 Y119.561 E.00151
;WIDTH:0.120986
G1 X112.631 Y119.71 E.00101
;WIDTH:0.118242
G1 X112.546 Y119.983 E.00185
G1 X112.545 Y119.978 F18000
;TYPE:Bottom surface
;WIDTH:0.5
G1 F3000
G1 X111.586 Y120.182 E.04254
G1 X110.598 Y120.294 E.04318
G1 X109.603 Y120.311 E.04319
G1 X108.611 Y120.231 E.04321
G1 X107.631 Y120.057 E.04322
G1 X107.455 Y120.008 E.0079
G1 X107.455 Y119.546 F18000
G1 F3000
G1 X108.256 Y119.724 E.03561
G1 X109.223 Y119.842 E.04226
G1 X110.196 Y119.864 E.04225
G1 X111.166 Y119.789 E.04223
G1 X112.123 Y119.62 E.04222
G1 X112.545 Y119.501 E.019
G1 X112.549 Y119.517 F18000
;TYPE:Gap infill
;WIDTH:0.114732
G1 F3000
G1 X112.632 Y119.244 E.00175
;WIDTH:0.118826
G1 X112.614 Y119.123 E.00079
;WIDTH:0.15347
G1 X112.597 Y119.002 E.0012
;WIDTH:0.183788
G1 X112.58 Y118.882 E.00156
G1 X112.612 Y118.841 E.00066
;WIDTH:0.141761
G1 X112.657 Y118.781 E.00066
G1 X112.635 Y118.762 F18000
;WIDTH:0.123822
G1 F3000
G1 X112.614 Y118.644 E.00084
;WIDTH:0.160818
G1 X112.593 Y118.525 E.00127
;WIDTH:0.179806
G1 X112.579 Y118.414 E.00139
G1 X112.657 Y118.31 E.00162
G1 X112.635 Y118.284 F18000
;WIDTH:0.124588
G1 F3000
G1 X112.609 Y118.142 E.00102
;WIDTH:0.163118
G1 X112.583 Y118 E.00156
;WIDTH:0.182383
G1 X112.557 Y117.857 E.00183
G1 X112.634 Y117.817 F18000
;WIDTH:0.123415
G1 F3000
G1 X112.61 Y117.672 E.00102
;WIDTH:0.159599
G1 X112.586 Y117.527 E.00154
;WIDTH:0.177691
G1 X112.562 Y117.383 E.00179
G1 X112.635 Y117.324 F18000
;WIDTH:0.124273
G1 F3000
G1 X112.609 Y117.184 E.001
;WIDTH:0.16217
G1 X112.583 Y117.044 E.00152
;WIDTH:0.181118
G1 X112.558 Y116.905 E.00178
G1 X112.635 Y116.847 F18000
;WIDTH:0.123833
G1 F3000
G1 X112.609 Y116.708 E.00099
;WIDTH:0.16085
G1 X112.584 Y116.569 E.00149
;WIDTH:0.179359
G1 X112.559 Y116.43 E.00175
G1 X112.545 Y116.67 F18000
;TYPE:Bottom surface
;WIDTH:0.5
G1 F3000
G1 X112.051 Y116.855 E.02288
G1 X111.246 Y117.054 E.03598
G1 X110.424 Y117.159 E.036
G1 X109.594 Y117.168 E.03603
G1 X108.768 Y117.082 E.03605
G1 X107.957 Y116.9 E.03607
G1 X107.455 Y116.725 E.02307
G1 X107.366 Y116.914 F18000
;TYPE:Gap infill
;WIDTH:0.141762
G1 F3000
G1 X107.39 Y116.771 E.00128
;WIDTH:0.15998
G1 X107.414 Y116.627 E.00153
;WIDTH:0.196418
G1 X107.439 Y116.483 E.00205
G1 X107.455 Y116.246 F18000
;TYPE:Bottom surface
;WIDTH:0.5
G1 F3000
G1 X107.685 Y116.343 E.01083
G1 X108.459 Y116.565 E.03494
G1 X109.253 Y116.694 E.03491
G1 X110.056 Y116.727 E.03489
G1 X110.857 Y116.663 E.03487
G1 X111.644 Y116.505 E.03485
G1 X112.406 Y116.254 E.03483
G1 X112.545 Y116.189 E.00666
G1 X112.545 Y117.149 F18000
G1 F3000
G1 X112.231 Y117.268 E.01456
G1 X111.403 Y117.481 E.03709
G1 X110.557 Y117.599 E.03711
G1 X109.702 Y117.621 E.03713
G1 X108.849 Y117.548 E.03715
G1 X108.009 Y117.379 E.03717
G1 X107.455 Y117.202 E.02525
G1 X107.366 Y117.406 F18000
;TYPE:Gap infill
;WIDTH:0.141026
G1 F3000
G1 X107.389 Y117.256 E.00132
;WIDTH:0.158877
G1 X107.413 Y117.106 E.00158
;WIDTH:0.194579
G1 X107.436 Y116.956 E.0021
G1 X107.511 Y116.982 F18000
;WIDTH:0.195412
G1 F3000
G1 X107.463 Y117.278 E.00417
;WIDTH:0.159377
G1 X107.414 Y117.573 E.00313
;WIDTH:0.141359
G1 X107.366 Y117.869 E.0026
G1 X107.455 Y117.674 F18000
;TYPE:Bottom surface
;WIDTH:0.5
G1 F3000
G1 X107.771 Y117.78 E.01444
G1 X108.631 Y117.968 E.03825
G1 X109.507 Y118.062 E.03823
G1 X110.387 Y118.06 E.03821
G1 X111.262 Y117.962 E.03819
G1 X112.12 Y117.77 E.03818
G1 X112.545 Y117.625 E.01949
G1 E-1.75 F6000
;WIPE_START
G1 F3000
G1 X112.12 Y117.77 E-.33678
G1 X111.582 Y117.89 E-.41322
;WIPE_END
G1 X112.575 Y119.726 F18000
G1 E2.5 F6000
;TYPE:Gap infill
;WIDTH:0.122705
G1 F3000
G1 X112.624 Y120.19 E.00322
G1 X112.603 Y120.25 E.00044
;WIDTH:0.187525
G1 X112.579 Y120.278 E.00049
G1 X112.597 Y120.401 E.00162
;WIDTH:0.154178
G1 X112.614 Y120.523 E.00122
;WIDTH:0.119482
G1 X112.631 Y120.645 E.00081
;WIDTH:0.11563
G1 X112.549 Y120.916 E.00176
G1 X112.545 Y120.897 F18000
;TYPE:Bottom surface
;WIDTH:0.5
G1 F3000
G1 X111.676 Y121.076 E.03852
G1 X110.645 Y121.19 E.04502
G1 X109.608 Y121.208 E.04503
G1 X108.573 Y121.13 E.04504
G1 X107.455 Y120.932 E.04926
G1 X107.455 Y121.384 F18000
G1 F3000
G1 X108.086 Y121.515 E.02794
G1 X109.137 Y121.634 E.04594
G1 X110.195 Y121.658 E.04593
G1 X111.25 Y121.586 E.04591
G1 X112.294 Y121.419 E.0459
G1 X112.545 Y121.355 E.01121
G1 X112.545 Y121.813 F18000
G1 F3000
G1 X112.228 Y121.889 E.01416
G1 X111.161 Y122.047 E.04678
G1 X110.085 Y122.109 E.04679
G1 X109.008 Y122.075 E.0468
G1 X107.937 Y121.945 E.04682
G1 X107.455 Y121.842 E.02137
G1 X107.455 Y122.301 F18000
G1 F3000
G1 X108.118 Y122.427 E.0293
G1 X109.211 Y122.538 E.04767
G1 X110.309 Y122.552 E.04766
G1 X111.403 Y122.471 E.04765
G1 X112.545 Y122.28 E.05023
G1 X112.545 Y122.728 F18000
G1 F3000
G1 X111.966 Y122.846 E.02562
G1 X110.857 Y122.973 E.04849
G1 X109.74 Y123.005 E.0485
G1 X108.624 Y122.941 E.04851
G1 X107.455 Y122.767 E.05129
G1 X107.455 Y123.217 F18000
G1 F3000
G1 X108.315 Y123.358 E.03781
G1 X109.448 Y123.446 E.04934
G1 X110.585 Y123.439 E.04933
G1 X111.716 Y123.336 E.04932
G1 X112.545 Y123.189 E.03653
G1 E-1.75 F6000
;WIPE_START
G1 F3000
G1 X111.716 Y123.336 E-.63121
G1 X111.558 Y123.35 E-.11879
;WIPE_END
G1 X107.455 Y96.585 F18000
G1 E2.5 F6000
G1 F3000
G1 X107.884 Y96.497 E.01901
G1 X109.022 Y96.361 E.04972
G1 X110.167 Y96.321 E.04974
G1 X111.311 Y96.377 E.04975
G1 X112.545 Y96.55 E.05406
G1 X112.545 Y96.101 F18000
G1 F3000
G1 X111.796 Y95.978 E.03293
G1 X110.635 Y95.883 E.05056
G1 X109.471 Y95.885 E.05055
G1 X108.311 Y95.982 E.05054
G1 X107.455 Y96.126 E.03765
; stop printing object SG90Adapter id:3152 copy 0
M106 S127
;LAYER_CHANGE
;Z:0.44
;HEIGHT:0.2
G92 E0 ; zero the extruded length again
; BEFORE_LAYER_CHANGE 1 @ 0.44mm
G1 E-1.75 F6000
;WIPE_START
G1 F3000
G1 X108.311 Y95.982 E-.65043
G1 X108.443 Y95.971 E-.09957
;WIPE_END
; AFTER_LAYER_CHANGE 1 @ 0.44mm
;_SET_FAN_SPEED_CHANGING_LAYER
M204 P2000
M104 S190 ; set nozzle temperature
; printing object SG90Adapter id:3152 copy 0
M204 T2000
G1 X105.21 Y90.21 Z.44 F18000
G1 E2.5 F6000
M204 P1000
;TYPE:Outer wall
;WIDTH:0.42
G1 F3600
G1 X114.79 Y90.21 E.29136
G1 X114.79 Y129.79 E1.20377
G1 X105.21 Y129.79 E.29136
G1 X105.21 Y90.27 E1.20195
G1 X105.602 Y90.602 F18000
M204 P1500
;TYPE:Inner wall
;WIDTH:0.45
G1 F6000
G1 X114.398 Y90.602 E.2888
G1 X114.398 Y129.398 E1.2738
G1 X105.602 Y129.398 E.2888
G1 X105.602 Y90.662 E1.27183
G1 X106.009 Y91.009 F18000
G1 F6000
G1 X113.991 Y91.009 E.26207
G1 X113.991 Y128.991 E1.24707
G1 X106.009 Y128.991 E.26207
G1 X106.009 Y91.069 E1.2451
G1 X106.416 Y91.416 F18000
G1 F6000
G1 X113.584 Y91.416 E.23533
G1 X113.584 Y128.584 E1.22033
G1 X106.416 Y128.584 E.23533
G1 X106.416 Y91.476 E1.21836
G1 X106.823 Y91.823 F18000
G1 F6000
G1 X113.177 Y91.823 E.2086
G1 X113.177 Y128.177 E1.1936
G1 X106.823 Y128.177 E.2086
G1 X106.823 Y91.883 E1.19163
G1 E-1.75
;WIPE_START
G1 X107.823 Y91.874 E-.75
;WIPE_END
G1 X107.158 Y128.013 F18000
G1 E2.5 F6000
M204 P2000
;TYPE:Internal solid infill
;WIDTH:0.421914
G1 X107.158 Y92.157 E1.09606
G1 X107.537 Y92.157 E.01159
G1 X107.536 Y127.843 E1.09088
G1 X107.915 Y127.843 E.01159
G1 X107.915 Y92.157 E1.09088
G1 X108.294 Y92.157 E.01159
G1 X108.294 Y127.843 E1.09088
G1 X108.673 Y127.843 E.01159
G1 X108.673 Y92.157 E1.09088
G1 X109.052 Y92.157 E.01159
G1 X109.052 Y127.843 E1.09088
G1 X109.431 Y127.843 E.01159
G1 X109.431 Y92.157 E1.09088
G1 X109.81 Y92.157 E.01159
G1 X109.81 Y127.843 E1.09088
G1 X110.189 Y127.843 E.01159
G1 X110.189 Y92.157 E1.09088
G1 X110.568 Y92.157 E.01159
G1 X110.568 Y127.843 E1.09088
G1 X110.947 Y127.843 E.01159
G1 X110.947 Y92.157 E1.09088
G1 X111.326 Y92.157 E.01159
G1 X111.326 Y127.843 E1.09088
G1 X111.705 Y127.843 E.01159
G1 X111.705 Y92.157 E1.09088
G1 X112.084 Y92.157 E.01159
G1 X112.084 Y127.843 E1.09088
G1 X112.463 Y127.843 E.01159
G1 X112.463 Y92.157 E1.09088
G1 X112.842 Y92.157 E.01159
G1 X112.842 Y128.013 E1.09606
; stop printing object SG90Adapter id:3152 copy 0
M106 S252
;LAYER_CHANGE
;Z:0.64
;HEIGHT:0.2
G92 E0 ; zero the extruded length again
; BEFORE_LAYER_CHANGE 2 @ 0.64mm
G1 E-1.75 F6000
;WIPE_START
G1 X112.842 Y127.013 E-.75
;WIPE_END
; AFTER_LAYER_CHANGE 2 @ 0.64mm
;_SET_FAN_SPEED_CHANGING_LAYER
; printing object SG90Adapter id:3152 copy 0
G1 X105.21 Y90.21 Z.64 F18000
G1 E2.5 F6000
M204 P1000
;TYPE:Outer wall
;WIDTH:0.42
G1 F3600
G1 X114.79 Y90.21 E.29136
G1 X114.79 Y129.79 E1.20377
G1 X105.21 Y129.79 E.29136
G1 X105.21 Y90.27 E1.20195
G1 X105.602 Y90.602 F18000
M204 P1500
;TYPE:Inner wall
;WIDTH:0.45
G1 F6000
G1 X114.398 Y90.602 E.2888
G1 X114.398 Y129.398 E1.2738
G1 X105.602 Y129.398 E.2888
G1 X105.602 Y90.662 E1.27183
G1 X106.009 Y91.009 F18000
G1 F6000
G1 X113.991 Y91.009 E.26207
G1 X113.991 Y128.991 E1.24707
G1 X106.009 Y128.991 E.26207
G1 X106.009 Y91.069 E1.2451
G1 X106.416 Y91.416 F18000
G1 F6000
G1 X113.584 Y91.416 E.23533
G1 X113.584 Y128.584 E1.22033
G1 X106.416 Y128.584 E.23533
G1 X106.416 Y91.476 E1.21836
G1 X106.823 Y91.823 F18000
G1 F6000
G1 X113.177 Y91.823 E.2086
G1 X113.177 Y128.177 E1.1936
G1 X106.823 Y128.177 E.2086
G1 X106.823 Y91.883 E1.19163
G1 E-1.75
;WIPE_START
G1 X107.823 Y91.874 E-.75
;WIPE_END
G1 X113.013 Y92.158 F18000
G1 E2.5 F6000
M204 P2000
;TYPE:Internal solid infill
;WIDTH:0.42254
G1 X107.157 Y92.158 E.17932
G1 X107.157 Y92.538 E.01162
G1 X112.843 Y92.538 E.17412
G1 X112.843 Y92.917 E.01162
G1 X107.157 Y92.917 E.17412
G1 X107.157 Y93.297 E.01162
G1 X112.843 Y93.297 E.17412
G1 X112.843 Y93.676 E.01162
G1 X107.157 Y93.676 E.17412
G1 X107.157 Y94.056 E.01162
G1 X112.843 Y94.056 E.17412
G1 X112.843 Y94.436 E.01162
G1 X107.157 Y94.436 E.17412
G1 X107.157 Y94.815 E.01162
G1 X112.843 Y94.815 E.17412
G1 X112.843 Y95.195 E.01162
G1 X107.157 Y95.195 E.17412
G1 X107.157 Y95.574 E.01162
G1 X112.843 Y95.574 E.17412
G1 X112.843 Y95.954 E.01162
G1 X107.157 Y95.954 E.17412
G1 X107.157 Y96.334 E.01162
G1 X112.843 Y96.334 E.17412
G1 X112.843 Y96.713 E.01162
G1 X107.157 Y96.713 E.17412
G1 X107.157 Y97.093 E.01162
G1 X112.843 Y97.093 E.17412
G1 X112.843 Y97.473 E.01162
G1 X107.157 Y97.473 E.17412
G1 X107.157 Y97.852 E.01162
G1 X112.843 Y97.852 E.17412
G1 X112.843 Y98.232 E.01162
G1 X107.157 Y98.232 E.17412
G1 X107.157 Y98.611 E.01162
G1 X112.843 Y98.611 E.17412
G1 X112.843 Y98.991 E.01162
G1 X107.157 Y98.991 E.17412
G1 X107.157 Y99.371 E.01162
G1 X112.843 Y99.371 E.17412
G1 X112.843 Y99.75 E.01162
G1 X107.157 Y99.75 E.17412
G1 X107.157 Y100.13 E.01162
G1 X112.843 Y100.13 E.17412
G1 X112.843 Y100.51 E.01162
G1 X107.157 Y100.51 E.17412
G1 X107.157 Y100.889 E.01162
G1 X112.843 Y100.889 E.17412
G1 X112.843 Y101.269 E.01162
G1 X107.157 Y101.269 E.17412
G1 X107.157 Y101.648 E.01162
G1 X112.843 Y101.648 E.17412
G1 X112.843 Y102.028 E.01162
G1 X107.157 Y102.028 E.17412
G1 X107.157 Y102.408 E.01162
G1 X112.843 Y102.408 E.17412
G1 X112.843 Y102.787 E.01162
G1 X107.157 Y102.787 E.17412
G1 X107.157 Y103.167 E.01162
G1 X112.843 Y103.167 E.17412
G1 X112.843 Y103.547 E.01162
G1 X107.157 Y103.547 E.17412
G1 X107.157 Y103.926 E.01162
G1 X112.843 Y103.926 E.17412
G1 X112.843 Y104.306 E.01162
G1 X107.157 Y104.306 E.17412
G1 X107.157 Y104.685 E.01162
G1 X112.843 Y104.685 E.17412
G1 X112.843 Y105.065 E.01162
G1 X107.157 Y105.065 E.17412
G1 X107.157 Y105.445 E.01162
G1 X112.843 Y105.445 E.17412
G1 X112.843 Y105.824 E.01162
G1 X107.157 Y105.824 E.17412
G1 X107.157 Y106.204 E.01162
G1 X112.843 Y106.204 E.17412
G1 X112.843 Y106.583 E.01162
G1 X107.157 Y106.583 E.17412
G1 X107.157 Y106.963 E.01162
G1 X112.843 Y106.963 E.17412
G1 X112.843 Y107.343 E.01162
G1 X107.157 Y107.343 E.17412
G1 X107.157 Y107.722 E.01162
G1 X112.843 Y107.722 E.17412
G1 X112.843 Y108.102 E.01162
G1 X107.157 Y108.102 E.17412
G1 X107.157 Y108.482 E.01162
G1 X112.843 Y108.482 E.17412
G1 X112.843 Y108.861 E.01162
G1 X107.157 Y108.861 E.17412
G1 X107.157 Y109.241 E.01162
G1 X112.843 Y109.241 E.17412
G1 X112.843 Y109.62 E.01162
G1 X107.157 Y109.62 E.17412
G1 X107.157 Y110 E.01162
G1 X112.843 Y110 E.17412
G1 X112.843 Y110.38 E.01162
G1 X107.157 Y110.38 E.17412
G1 X107.157 Y110.759 E.01162
G1 X112.843 Y110.759 E.17412
G1 X112.843 Y111.139 E.01162
G1 X107.157 Y111.139 E.17412
G1 X107.157 Y111.519 E.01162
G1 X112.843 Y111.519 E.17412
G1 X112.843 Y111.898 E.01162
G1 X107.157 Y111.898 E.17412
G1 X107.157 Y112.278 E.01162
G1 X112.843 Y112.278 E.17412
G1 X112.843 Y112.657 E.01162
G1 X107.157 Y112.657 E.17412
G1 X107.157 Y113.037 E.01162
G1 X112.843 Y113.037 E.17412
G1 X112.843 Y113.417 E.01162
G1 X107.157 Y113.417 E.17412
G1 X107.157 Y113.796 E.01162
G1 X112.843 Y113.796 E.17412
G1 X112.843 Y114.176 E.01162
G1 X107.157 Y114.176 E.17412
G1 X107.157 Y114.555 E.01162
G1 X112.843 Y114.555 E.17412
G1 X112.843 Y114.935 E.01162
G1 X107.157 Y114.935 E.17412
G1 X107.157 Y115.315 E.01162
G1 X112.843 Y115.315 E.17412
G1 X112.843 Y115.694 E.01162
G1 X107.157 Y115.694 E.17412
G1 X107.157 Y116.074 E.01162
G1 X112.843 Y116.074 E.17412
G1 X112.843 Y116.454 E.01162
G1 X107.157 Y116.454 E.17412
G1 X107.157 Y116.833 E.01162
G1 X112.843 Y116.833 E.17412
G1 X112.843 Y117.213 E.01162
G1 X107.157 Y117.213 E.17412
G1 X107.157 Y117.592 E.01162
G1 X112.843 Y117.592 E.17412
G1 X112.843 Y117.972 E.01162
G1 X107.157 Y117.972 E.17412
G1 X107.157 Y118.352 E.01162
G1 X112.843 Y118.352 E.17412
G1 X112.843 Y118.731 E.01162
G1 X107.157 Y118.731 E.17412
G1 X107.157 Y119.111 E.01162
G1 X112.843 Y119.111 E.17412
G1 X112.843 Y119.491 E.01162
G1 X107.157 Y119.491 E.17412
G1 X107.157 Y119.87 E.01162
G1 X112.843 Y119.87 E.17412
G1 X112.843 Y120.25 E.01162
G1 X107.157 Y120.25 E.17412
G1 X107.157 Y120.629 E.01162
G1 X112.843 Y120.629 E.17412
G1 X112.843 Y121.009 E.01162
G1 X107.157 Y121.009 E.17412
G1 X107.157 Y121.389 E.01162
G1 X112.843 Y121.389 E.17412
G1 X112.843 Y121.768 E.01162
G1 X107.157 Y121.768 E.17412
G1 X107.157 Y122.148 E.01162
G1 X112.843 Y122.148 E.17412
G1 X112.843 Y122.528 E.01162
G1 X107.157 Y122.528 E.17412
G1 X107.157 Y122.907 E.01162
G1 X112.843 Y122.907 E.17412
G1 X112.843 Y123.287 E.01162
G1 X107.157 Y123.287 E.17412
G1 X107.157 Y123.666 E.01162
G1 X112.843 Y123.666 E.17412
G1 X112.843 Y124.046 E.01162
G1 X107.157 Y124.046 E.17412
G1 X107.157 Y124.426 E.01162
G1 X112.843 Y124.426 E.17412
G1 X112.843 Y124.805 E.01162
G1 X107.157 Y124.805 E.17412
G1 X107.157 Y125.185 E.01162
G1 X112.843 Y125.185 E.17412
G1 X112.843 Y125.564 E.01162
G1 X107.157 Y125.564 E.17412
G1 X107.157 Y125.944 E.01162
G1 X112.843 Y125.944 E.17412
G1 X112.843 Y126.324 E.01162
G1 X107.157 Y126.324 E.17412
G1 X107.157 Y126.703 E.01162
G1 X112.843 Y126.703 E.17412
G1 X112.843 Y127.083 E.01162
G1 X107.157 Y127.083 E.17412
G1 X107.157 Y127.463 E.01162
G1 X112.843 Y127.463 E.17412
G1 X112.843 Y127.842 E.01162
G1 X106.987 Y127.842 E.17932
; stop printing object SG90Adapter id:3152 copy 0
;LAYER_CHANGE
;Z:0.84
;HEIGHT:0.2
G92 E0 ; zero the extruded length again
; BEFORE_LAYER_CHANGE 3 @ 0.84mm
G1 E-1.75 F6000
;WIPE_START
G1 X107.987 Y127.842 E-.75
;WIPE_END
; AFTER_LAYER_CHANGE 3 @ 0.84mm
;_SET_FAN_SPEED_CHANGING_LAYER
; printing object SG90Adapter id:3152 copy 0
G1 X105.21 Y90.21 Z.84 F18000
G1 E2.5 F6000
M204 P1000
;TYPE:Outer wall
;WIDTH:0.42
G1 F3600
G1 X114.79 Y90.21 E.29136
G1 X114.79 Y129.79 E1.20377
G1 X105.21 Y129.79 E.29136
G1 X105.21 Y90.27 E1.20195
G1 X105.602 Y90.602 F18000
M204 P1500
;TYPE:Inner wall
;WIDTH:0.45
G1 F6000
G1 X114.398 Y90.602 E.2888
G1 X114.398 Y129.398 E1.2738
G1 X105.602 Y129.398 E.2888
G1 X105.602 Y90.662 E1.27183
G1 X106.009 Y91.009 F18000
G1 F6000
G1 X113.991 Y91.009 E.26207
G1 X113.991 Y128.991 E1.24707
G1 X106.009 Y128.991 E.26207
G1 X106.009 Y91.069 E1.2451
G1 X106.416 Y91.416 F18000
G1 F6000
G1 X113.584 Y91.416 E.23533
G1 X113.584 Y128.584 E1.22033
G1 X106.416 Y128.584 E.23533
G1 X106.416 Y91.476 E1.21836
G1 X106.823 Y91.823 F18000
G1 F6000
G1 X113.177 Y91.823 E.2086
G1 X113.177 Y128.177 E1.1936
G1 X106.823 Y128.177 E.2086
G1 X106.823 Y91.883 E1.19163
G1 E-1.75
;WIPE_START
G1 X107.823 Y91.874 E-.75
;WIPE_END
G1 X107.158 Y128.013 F18000
G1 E2.5 F6000
M204 P2000
;TYPE:Internal solid infill
;WIDTH:0.421914
G1 X107.158 Y92.157 E1.09606
G1 X107.537 Y92.157 E.01159
G1 X107.536 Y127.843 E1.09088
G1 X107.915 Y127.843 E.01159
G1 X107.915 Y92.157 E1.09088
G1 X108.294 Y92.157 E.01159
G1 X108.294 Y127.843 E1.09088
G1 X108.673 Y127.843 E.01159
G1 X108.673 Y92.157 E1.09088
G1 X109.052 Y92.157 E.01159
G1 X109.052 Y127.843 E1.09088
G1 X109.431 Y127.843 E.01159
G1 X109.431 Y92.157 E1.09088
G1 X109.81 Y92.157 E.01159
G1 X109.81 Y127.843 E1.09088
G1 X110.189 Y127.843 E.01159
G1 X110.189 Y92.157 E1.09088
G1 X110.568 Y92.157 E.01159
G1 X110.568 Y127.843 E1.09088
G1 X110.947 Y127.843 E.01159
G1 X110.947 Y92.157 E1.09088
G1 X111.326 Y92.157 E.01159
G1 X111.326 Y127.843 E1.09088
G1 X111.705 Y127.843 E.01159
G1 X111.705 Y92.157 E1.09088
G1 X112.084 Y92.157 E.01159
G1 X112.084 Y127.843 E1.09088
G1 X112.463 Y127.843 E.01159
G1 X112.463 Y92.157 E1.09088
G1 X112.842 Y92.157 E.01159
G1 X112.842 Y128.013 E1.09606
; stop printing object SG90Adapter id:3152 copy 0
;LAYER_CHANGE
;Z:1.04
;HEIGHT:0.2
G92 E0 ; zero the extruded length again
; BEFORE_LAYER_CHANGE 4 @ 1.04mm
G1 E-1.75 F6000
;WIPE_START
G1 X112.842 Y127.013 E-.75
;WIPE_END
; AFTER_LAYER_CHANGE 4 @ 1.04mm
;_SET_FAN_SPEED_CHANGING_LAYER
; printing object SG90Adapter id:3152 copy 0
G1 X105.21 Y90.21 Z1.04 F18000
G1 E2.5 F6000
M204 P1000
;TYPE:Outer wall
;WIDTH:0.42
G1 F3600
G1 X114.79 Y90.21 E.29136
G1 X114.79 Y129.79 E1.20377
G1 X105.21 Y129.79 E.29136
G1 X105.21 Y90.27 E1.20195
G1 X105.602 Y90.602 F18000
M204 P1500
;TYPE:Inner wall
;WIDTH:0.45
G1 F6000
G1 X114.398 Y90.602 E.2888
G1 X114.398 Y129.398 E1.2738
G1 X105.602 Y129.398 E.2888
G1 X105.602 Y90.662 E1.27183
G1 X106.009 Y91.009 F18000
G1 F6000
G1 X113.991 Y91.009 E.26207
G1 X113.991 Y128.991 E1.24707
G1 X106.009 Y128.991 E.26207
G1 X106.009 Y91.069 E1.2451
G1 X106.416 Y91.416 F18000
G1 F6000
G1 X113.584 Y91.416 E.23533
G1 X113.584 Y128.584 E1.22033
G1 X106.416 Y128.584 E.23533
G1 X106.416 Y91.476 E1.21836
G1 X106.823 Y91.823 F18000
G1 F6000
G1 X113.177 Y91.823 E.2086
G1 X113.177 Y128.177 E1.1936
G1 X106.823 Y128.177 E.2086
G1 X106.823 Y91.883 E1.19163
G1 E-1.75
;WIPE_START
G1 X107.823 Y91.874 E-.75
;WIPE_END
G1 X113.013 Y92.158 F18000
G1 E2.5 F6000
M204 P2000
;TYPE:Internal solid infill
;WIDTH:0.42254
G1 X107.157 Y92.158 E.17932
G1 X107.157 Y92.538 E.01162
G1 X112.843 Y92.538 E.17412
G1 X112.843 Y92.917 E.01162
G1 X107.157 Y92.917 E.17412
G1 X107.157 Y93.297 E.01162
G1 X112.843 Y93.297 E.17412
G1 X112.843 Y93.676 E.01162
G1 X107.157 Y93.676 E.17412
G1 X107.157 Y94.056 E.01162
G1 X112.843 Y94.056 E.17412
G1 X112.843 Y94.436 E.01162
G1 X107.157 Y94.436 E.17412
G1 X107.157 Y94.815 E.01162
G1 X112.843 Y94.815 E.17412
G1 X112.843 Y95.195 E.01162
G1 X107.157 Y95.195 E.17412
G1 X107.157 Y95.574 E.01162
G1 X112.843 Y95.574 E.17412
G1 X112.843 Y95.954 E.01162
G1 X107.157 Y95.954 E.17412
G1 X107.157 Y96.334 E.01162
G1 X112.843 Y96.334 E.17412
G1 X112.843 Y96.713 E.01162
G1 X107.157 Y96.713 E.17412
G1 X107.157 Y97.093 E.01162
G1 X112.843 Y97.093 E.17412
G1 X112.843 Y97.473 E.01162
G1 X107.157 Y97.473 E.17412
G1 X107.157 Y97.852 E.01162
G1 X112.843 Y97.852 E.17412
G1 X112.843 Y98.232 E.01162
G1 X107.157 Y98.232 E.17412
G1 X107.157 Y98.611 E.01162
G1 X112.843 Y98.611 E.17412
G1 X112.843 Y98.991 E.01162
G1 X107.157 Y98.991 E.17412
G1 X107.157 Y99.371 E.01162
G1 X112.843 Y99.371 E.17412
G1 X112.843 Y99.75 E.01162
G1 X107.157 Y99.75 E.17412
G1 X107.157 Y100.13 E.01162
G1 X112.843 Y100.13 E.17412
G1 X112.843 Y100.51 E.01162
G1 X107.157 Y100.51 E.17412
G1 X107.157 Y100.889 E.01162
G1 X112.843 Y100.889 E.17412
G1 X112.843 Y101.269 E.01162
G1 X107.157 Y101.269 E.17412
G1 X107.157 Y101.648 E.01162
G1 X112.843 Y101.648 E.17412
G1 X112.843 Y102.028 E.01162
G1 X107.157 Y102.028 E.17412
G1 X107.157 Y102.408 E.01162
G1 X112.843 Y102.408 E.17412
G1 X112.843 Y102.787 E.01162
G1 X107.157 Y102.787 E.17412
G1 X107.157 Y103.167 E.01162
G1 X112.843 Y103.167 E.17412
G1 X112.843 Y103.547 E.01162
G1 X107.157 Y103.547 E.17412
G1 X107.157 Y103.926 E.01162
G1 X112.843 Y103.926 E.17412
G1 X112.843 Y104.306 E.01162
G1 X107.157 Y104.306 E.17412
G1 X107.157 Y104.685 E.01162
G1 X112.843 Y104.685 E.17412
G1 X112.843 Y105.065 E.01162
G1 X107.157 Y105.065 E.17412
G1 X107.157 Y105.445 E.01162
G1 X112.843 Y105.445 E.17412
G1 X112.843 Y105.824 E.01162
G1 X107.157 Y105.824 E.17412
G1 X107.157 Y106.204 E.01162
G1 X112.843 Y106.204 E.17412
G1 X112.843 Y106.583 E.01162
G1 X107.157 Y106.583 E.17412
G1 X107.157 Y106.963 E.01162
G1 X112.843 Y106.963 E.17412
G1 X112.843 Y107.343 E.01162
G1 X107.157 Y107.343 E.17412
G1 X107.157 Y107.722 E.01162
G1 X112.843 Y107.722 E.17412
G1 X112.843 Y108.102 E.01162
G1 X107.157 Y108.102 E.17412
G1 X107.157 Y108.482 E.01162
G1 X112.843 Y108.482 E.17412
G1 X112.843 Y108.861 E.01162
G1 X107.157 Y108.861 E.17412
G1 X107.157 Y109.241 E.01162
G1 X112.843 Y109.241 E.17412
G1 X112.843 Y109.62 E.01162
G1 X107.157 Y109.62 E.17412
G1 X107.157 Y110 E.01162
G1 X112.843 Y110 E.17412
G1 X112.843 Y110.38 E.01162
G1 X107.157 Y110.38 E.17412
G1 X107.157 Y110.759 E.01162
G1 X112.843 Y110.759 E.17412
G1 X112.843 Y111.139 E.01162
G1 X107.157 Y111.139 E.17412
G1 X107.157 Y111.519 E.01162
G1 X112.843 Y111.519 E.17412
G1 X112.843 Y111.898 E.01162
G1 X107.157 Y111.898 E.17412
G1 X107.157 Y112.278 E.01162
G1 X112.843 Y112.278 E.17412
G1 X112.843 Y112.657 E.01162
G1 X107.157 Y112.657 E.17412
G1 X107.157 Y113.037 E.01162
G1 X112.843 Y113.037 E.17412
G1 X112.843 Y113.417 E.01162
G1 X107.157 Y113.417 E.17412
G1 X107.157 Y113.796 E.01162
G1 X112.843 Y113.796 E.17412
G1 X112.843 Y114.176 E.01162
G1 X107.157 Y114.176 E.17412
G1 X107.157 Y114.555 E.01162
G1 X112.843 Y114.555 E.17412
G1 X112.843 Y114.935 E.01162
G1 X107.157 Y114.935 E.17412
G1 X107.157 Y115.315 E.01162
G1 X112.843 Y115.315 E.17412
G1 X112.843 Y115.694 E.01162
G1 X107.157 Y115.694 E.17412
G1 X107.157 Y116.074 E.01162
G1 X112.843 Y116.074 E.17412
G1 X112.843 Y116.454 E.01162
G1 X107.157 Y116.454 E.17412
G1 X107.157 Y116.833 E.01162
G1 X112.843 Y116.833 E.17412
G1 X112.843 Y117.213 E.01162
G1 X107.157 Y117.213 E.17412
G1 X107.157 Y117.592 E.01162
G1 X112.843 Y117.592 E.17412
G1 X112.843 Y117.972 E.01162
G1 X107.157 Y117.972 E.17412
G1 X107.157 Y118.352 E.01162
G1 X112.843 Y118.352 E.17412
G1 X112.843 Y118.731 E.01162
G1 X107.157 Y118.731 E.17412
G1 X107.157 Y119.111 E.01162
G1 X112.843 Y119.111 E.17412
G1 X112.843 Y119.491 E.01162
G1 X107.157 Y119.491 E.17412
G1 X107.157 Y119.87 E.01162
G1 X112.843 Y119.87 E.17412
G1 X112.843 Y120.25 E.01162
G1 X107.157 Y120.25 E.17412
G1 X107.157 Y120.629 E.01162
G1 X112.843 Y120.629 E.17412
G1 X112.843 Y121.009 E.01162
G1 X107.157 Y121.009 E.17412
G1 X107.157 Y121.389 E.01162
G1 X112.843 Y121.389 E.17412
G1 X112.843 Y121.768 E.01162
G1 X107.157 Y121.768 E.17412
G1 X107.157 Y122.148 E.01162
G1 X112.843 Y122.148 E.17412
G1 X112.843 Y122.528 E.01162
G1 X107.157 Y122.528 E.17412
G1 X107.157 Y122.907 E.01162
G1 X112.843 Y122.907 E.17412
G1 X112.843 Y123.287 E.01162
G1 X107.157 Y123.287 E.17412
G1 X107.157 Y123.666 E.01162
G1 X112.843 Y123.666 E.17412
G1 X112.843 Y124.046 E.01162
G1 X107.157 Y124.046 E.17412
G1 X107.157 Y124.426 E.01162
G1 X112.843 Y124.426 E.17412
G1 X112.843 Y124.805 E.01162
G1 X107.157 Y124.805 E.17412
G1 X107.157 Y125.185 E.01162
G1 X112.843 Y125.185 E.17412
G1 X112.843 Y125.564 E.01162
G1 X107.157 Y125.564 E.17412
G1 X107.157 Y125.944 E.01162
G1 X112.843 Y125.944 E.17412
G1 X112.843 Y126.324 E.01162
G1 X107.157 Y126.324 E.17412
G1 X107.157 Y126.703 E.01162
G1 X112.843 Y126.703 E.17412
G1 X112.843 Y127.083 E.01162
G1 X107.157 Y127.083 E.17412
G1 X107.157 Y127.463 E.01162
G1 X112.843 Y127.463 E.17412
G1 X112.843 Y127.842 E.01162
G1 X106.987 Y127.842 E.17932
; stop printing object SG90Adapter id:3152 copy 0
;LAYER_CHANGE
;Z:1.24
;HEIGHT:0.2
G92 E0 ; zero the extruded length again
; BEFORE_LAYER_CHANGE 5 @ 1.24mm
G1 E-1.75 F6000
;WIPE_START
G1 X107.987 Y127.842 E-.75
;WIPE_END
; AFTER_LAYER_CHANGE 5 @ 1.24mm
;_SET_FAN_SPEED_CHANGING_LAYER
; printing object SG90Adapter id:3152 copy 0
G1 X105.21 Y90.21 Z1.24 F18000
G1 E2.5 F6000
M204 P1000
;TYPE:Outer wall
;WIDTH:0.42
G1 F3600
G1 X114.79 Y90.21 E.29136
G1 X114.79 Y129.79 E1.20377
G1 X105.21 Y129.79 E.29136
G1 X105.21 Y90.27 E1.20195
G1 X105.602 Y90.602 F18000
M204 P1500
;TYPE:Inner wall
;WIDTH:0.45
G1 F4014
G1 X114.398 Y90.602 E.2888
G1 X114.398 Y129.398 E1.2738
G1 X105.602 Y129.398 E.2888
G1 X105.602 Y90.662 E1.27183
G1 X106.009 Y91.009 F18000
G1 F4014
G1 X113.991 Y91.009 E.26207
G1 X113.991 Y128.991 E1.24707
G1 X106.009 Y128.991 E.26207
G1 X106.009 Y91.069 E1.2451
G1 X106.416 Y91.416 F18000
G1 F4014
G1 X113.584 Y91.416 E.23533
G1 X113.584 Y128.584 E1.22033
G1 X106.416 Y128.584 E.23533
G1 X106.416 Y91.476 E1.21836
G1 X106.823 Y91.823 F18000
G1 F4014
G1 X113.177 Y91.823 E.2086
G1 X113.177 Y128.177 E1.1936
G1 X106.823 Y128.177 E.2086
G1 X106.823 Y91.883 E1.19163
G1 E-1.75 F6000
;WIPE_START
G1 X107.823 Y91.874 E-.75
;WIPE_END
G1 X107.172 Y94.092 F18000
G1 E2.5 F6000
M204 P2000
;TYPE:Sparse infill
G1 F4014
G1 X107.172 Y92.172 E.06306
G1 X112.828 Y92.172 E.18573
G1 X112.828 Y94.594 E.07954
G3 X112.044 Y94.135 I.713 J-2.117 E.03006
G1 X111.171 Y93.129 E.04372
G2 X110.297 Y92.651 I-.987 J.764 E.03364
G2 X108.55 Y93.264 I-.062 J2.617 E.06214
G1 X107.676 Y94.27 E.04372
G1 X107.172 Y94.645 E.02065
G1 X107.172 Y97.204 E.08404
G3 X108.113 Y96.267 I3.181 J2.255 E.04383
G1 X108.55 Y96.145 E.01489
G3 X110.297 Y96.759 I.062 J2.617 E.06214
G1 X111.171 Y97.764 E.04372
G2 X112.044 Y98.243 I.987 J-.764 E.03364
G1 X112.828 Y98.139 E.02598
G1 X112.828 Y101.583 E.11307
G3 X112.044 Y101.123 I.713 J-2.117 E.03006
G1 X111.171 Y100.118 E.04372
G2 X110.297 Y99.639 I-.987 J.764 E.03364
G2 X108.55 Y100.253 I-.062 J2.617 E.06214
G1 X107.676 Y101.258 E.04372
G1 X107.172 Y101.633 E.02065
G1 X107.172 Y104.193 E.08404
G3 X108.113 Y103.256 I3.181 J2.255 E.04383
G1 X108.55 Y103.133 E.01489
G3 X110.297 Y103.747 I.062 J2.617 E.06214
G1 X111.171 Y104.752 E.04372
G2 X112.044 Y105.231 I.987 J-.764 E.03364
G1 X112.828 Y105.127 E.02598
G1 X112.828 Y108.571 E.11307
G3 X112.044 Y108.111 I.713 J-2.117 E.03006
G1 X111.171 Y107.106 E.04372
G2 X110.297 Y106.627 I-.987 J.764 E.03364
G2 X108.55 Y107.241 I-.062 J2.617 E.06214
G1 X107.676 Y108.246 E.04372
G1 X107.172 Y108.622 E.02065
G1 X107.172 Y111.181 E.08404
G3 X108.113 Y110.244 I3.181 J2.255 E.04383
G1 X108.55 Y110.122 E.01489
G3 X110.297 Y110.735 I.062 J2.617 E.06214
G1 X111.171 Y111.741 E.04372
G2 X112.044 Y112.219 I.987 J-.764 E.03364
G1 X112.828 Y112.116 E.02598
G1 X112.828 Y115.559 E.11307
G3 X112.044 Y115.1 I.713 J-2.117 E.03006
G1 X111.171 Y114.095 E.04372
G2 X110.297 Y113.616 I-.987 J.764 E.03364
G2 X108.55 Y114.23 I-.062 J2.617 E.06214
G1 X107.676 Y115.235 E.04372
G1 X107.172 Y115.61 E.02065
G1 X107.172 Y118.17 E.08404
G3 X108.113 Y117.233 I3.181 J2.255 E.04383
G1 X108.55 Y117.11 E.01489
G3 X110.297 Y117.724 I.062 J2.617 E.06214
G1 X111.171 Y118.729 E.04372
G2 X112.044 Y119.208 I.987 J-.764 E.03364
G1 X112.828 Y119.104 E.02598
G1 X112.828 Y122.548 E.11307
G3 X112.044 Y122.088 I.713 J-2.117 E.03006
G1 X111.171 Y121.083 E.04372
G2 X110.297 Y120.604 I-.987 J.764 E.03364
G2 X108.55 Y121.218 I-.062 J2.617 E.06214
G1 X107.676 Y122.223 E.04372
G1 X107.172 Y122.598 E.02065
G1 X107.172 Y125.158 E.08404
G3 X108.113 Y124.221 I3.181 J2.255 E.04383
G1 X108.55 Y124.098 E.01489
G3 X110.297 Y124.712 I.062 J2.617 E.06214
G1 X111.171 Y125.717 E.04372
G2 X112.044 Y126.196 I.987 J-.764 E.03364
G1 X112.828 Y126.092 E.02598
G1 X112.828 Y127.828 E.057
G1 X110.872 Y127.828 E.06422
G2 X110.297 Y127.593 I-.559 J.543 E.02101
G1 X109.423 Y127.708 E.02893
G1 X109.147 Y127.828 E.00991
G1 X107.172 Y127.828 E.06485
G1 X107.172 Y125.362 E.081
; stop printing object SG90Adapter id:3152 copy 0
;LAYER_CHANGE
;Z:1.44
;HEIGHT:0.2
G92 E0 ; zero the extruded length again
; BEFORE_LAYER_CHANGE 6 @ 1.44mm
G1 E-1.83333 F6000
;WIPE_START
G1 F9000
G1 X107.172 Y126.362 E-.66667
;WIPE_END
; AFTER_LAYER_CHANGE 6 @ 1.44mm
;_SET_FAN_SPEED_CHANGING_LAYER
; printing object SG90Adapter id:3152 copy 0
G1 X105.21 Y90.21 Z1.44 F18000
G1 E2.5 F6000
M204 P1000
;TYPE:Outer wall
;WIDTH:0.42
G1 F3600
G1 X114.79 Y90.21 E.29136
G1 X114.79 Y129.79 E1.20377
G1 X105.21 Y129.79 E.29136
G1 X105.21 Y90.27 E1.20195
G1 X105.602 Y90.602 F18000
M204 P1500
;TYPE:Inner wall
;WIDTH:0.45
G1 F4008
G1 X114.398 Y90.602 E.2888
G1 X114.398 Y129.398 E1.2738
G1 X105.602 Y129.398 E.2888
G1 X105.602 Y90.662 E1.27183
G1 X106.009 Y91.009 F18000
G1 F4008
G1 X113.991 Y91.009 E.26207
G1 X113.991 Y128.991 E1.24707
G1 X106.009 Y128.991 E.26207
G1 X106.009 Y91.069 E1.2451
G1 X106.416 Y91.416 F18000
G1 F4008
G1 X113.584 Y91.416 E.23533
G1 X113.584 Y128.584 E1.22033
G1 X106.416 Y128.584 E.23533
G1 X106.416 Y91.476 E1.21836
G1 X106.823 Y91.823 F18000
G1 F4008
G1 X113.177 Y91.823 E.2086
G1 X113.177 Y128.177 E1.1936
G1 X106.823 Y128.177 E.2086
G1 X106.823 Y91.883 E1.19163
G1 E-1.75 F6000
;WIPE_START
G1 X107.823 Y91.874 E-.75
;WIPE_END
G1 X107.172 Y94.119 F18000
G1 E2.5 F6000
M204 P2000
;TYPE:Sparse infill
G1 F4008
G1 X107.172 Y92.172 E.06393
G1 X112.828 Y92.172 E.18573
G1 X112.828 Y94.568 E.07867
G3 X112.044 Y94.224 I.415 J-2.015 E.02832
G2 X110.734 Y93.005 I-10.963 J10.471 E.05879
G2 X108.55 Y93.175 I-.952 J1.884 E.07561
G3 X107.172 Y94.424 I-6.437 J-5.72 E.06118
G1 X107.172 Y97.362 E.09648
G3 X108.55 Y96.308 I2.966 J2.452 E.05745
G3 X110.297 Y96.669 I.457 J2.196 E.06024
G2 X111.607 Y97.888 I10.963 J-10.471 E.05879
G2 X112.828 Y98.098 I.912 J-1.654 E.04145
G1 X112.828 Y101.556 E.11356
G3 X112.044 Y101.212 I.415 J-2.015 E.02832
G2 X110.734 Y99.994 I-10.963 J10.471 E.05879
G2 X108.55 Y100.163 I-.952 J1.884 E.07561
G3 X107.172 Y101.412 I-6.437 J-5.72 E.06118
G1 X107.172 Y104.35 E.09648
G3 X108.55 Y103.297 I2.966 J2.452 E.05745
G3 X110.297 Y103.658 I.457 J2.196 E.06024
G2 X111.607 Y104.876 I10.963 J-10.471 E.05879
G2 X112.828 Y105.086 I.912 J-1.654 E.04145
G1 X112.828 Y108.545 E.11356
G3 X112.044 Y108.201 I.415 J-2.015 E.02832
G2 X110.734 Y106.982 I-10.963 J10.471 E.05879
G2 X108.55 Y107.152 I-.952 J1.884 E.07561
G3 X107.172 Y108.4 I-6.437 J-5.72 E.06118
G1 X107.172 Y111.339 E.09648
G3 X108.55 Y110.285 I2.966 J2.452 E.05745
G3 X110.297 Y110.646 I.457 J2.196 E.06024
G2 X111.607 Y111.865 I10.963 J-10.471 E.05879
G2 X112.828 Y112.074 I.912 J-1.654 E.04145
G1 X112.828 Y115.533 E.11356
G3 X112.044 Y115.189 I.415 J-2.015 E.02832
G2 X110.734 Y113.97 I-10.963 J10.472 E.05879
G2 X108.55 Y114.14 I-.952 J1.884 E.07561
G3 X107.172 Y115.389 I-6.437 J-5.72 E.06118
G1 X107.172 Y118.327 E.09648
G3 X108.55 Y117.274 I2.966 J2.452 E.05745
G3 X110.297 Y117.634 I.457 J2.196 E.06024
G2 X111.607 Y118.853 I10.963 J-10.471 E.05879
G2 X112.828 Y119.063 I.912 J-1.654 E.04145
G1 X112.828 Y122.521 E.11356
G3 X112.044 Y122.178 I.415 J-2.015 E.02832
G2 X110.734 Y120.959 I-10.963 J10.471 E.05879
G2 X108.55 Y121.129 I-.952 J1.884 E.07561
G3 X107.172 Y122.377 I-6.437 J-5.72 E.06118
G1 X107.172 Y125.316 E.09648
G3 X108.55 Y124.262 I2.966 J2.452 E.05745
G3 X110.297 Y124.623 I.457 J2.196 E.06024
G2 X111.607 Y125.842 I10.963 J-10.471 E.05879
G2 X112.828 Y126.051 I.912 J-1.654 E.04145
G1 X112.828 Y127.828 E.05835
G1 X110.462 Y127.828 E.0777
G2 X109.151 Y127.828 I-.656 J1.689 E.04406
G1 X107.172 Y127.828 E.06497
G1 X107.172 Y125.519 E.07582
; stop printing object SG90Adapter id:3152 copy 0
;LAYER_CHANGE
;Z:1.64
;HEIGHT:0.2
G92 E0 ; zero the extruded length again
; BEFORE_LAYER_CHANGE 7 @ 1.64mm
G1 E-1.83333 F6000
;WIPE_START
G1 F9000
G1 X107.172 Y126.519 E-.66667
;WIPE_END
; AFTER_LAYER_CHANGE 7 @ 1.64mm
;_SET_FAN_SPEED_CHANGING_LAYER
; printing object SG90Adapter id:3152 copy 0
G1 X105.21 Y90.21 Z1.64 F18000
G1 E2.5 F6000
M204 P1000
;TYPE:Outer wall
;WIDTH:0.42
G1 F3600
G1 X114.79 Y90.21 E.29136
G1 X114.79 Y129.79 E1.20377
G1 X105.21 Y129.79 E.29136
G1 X105.21 Y90.27 E1.20195
G1 X105.602 Y90.602 F18000
M204 P1500
;TYPE:Inner wall
;WIDTH:0.45
G1 F4014
G1 X114.398 Y90.602 E.2888
G1 X114.398 Y129.398 E1.2738
G1 X105.602 Y129.398 E.2888
G1 X105.602 Y90.662 E1.27183
G1 X106.009 Y91.009 F18000
G1 F4014
G1 X113.991 Y91.009 E.26207
G1 X113.991 Y128.991 E1.24707
G1 X106.009 Y128.991 E.26207
G1 X106.009 Y91.069 E1.2451
G1 X106.416 Y91.416 F18000
G1 F4014
G1 X113.584 Y91.416 E.23533
G1 X113.584 Y128.584 E1.22033
G1 X106.416 Y128.584 E.23533
G1 X106.416 Y91.476 E1.21836
G1 X106.823 Y91.823 F18000
G1 F4014
G1 X113.177 Y91.823 E.2086
G1 X113.177 Y128.177 E1.1936
G1 X106.823 Y128.177 E.2086
G1 X106.823 Y91.883 E1.19163
G1 E-1.75 F6000
;WIPE_START
G1 X107.823 Y91.874 E-.75
;WIPE_END
G1 X107.172 Y94.036 F18000
G1 E2.5 F6000
M204 P2000
;TYPE:Sparse infill
G1 F4014
G1 X107.172 Y92.172 E.0612
G1 X112.828 Y92.172 E.18573
G1 X112.828 Y94.56 E.07844
G3 X111.171 Y93.592 I.5 J-2.76 E.06434
G2 X108.113 Y93.384 I-1.628 J1.352 E.11252
G3 X107.172 Y94.239 I-6.582 J-6.302 E.04179
G1 X107.172 Y97.557 E.10895
G2 X108.113 Y96.693 I-48.098 J-53.319 E.04197
G3 X111.171 Y97.301 I1.205 J1.93 E.11276
G2 X112.828 Y98.067 I1.648 J-1.391 E.06191
G1 X112.828 Y101.549 E.11432
G3 X111.171 Y100.58 I.5 J-2.76 E.06434
G2 X108.113 Y100.372 I-1.628 J1.352 E.11252
G3 X107.172 Y101.227 I-6.582 J-6.302 E.04179
G1 X107.172 Y104.546 E.10895
G2 X108.113 Y103.681 I-48.093 J-53.314 E.04197
G3 X111.171 Y104.29 I1.205 J1.93 E.11276
G2 X112.828 Y105.055 I1.648 J-1.391 E.06191
G1 X112.828 Y108.537 E.11432
G3 X111.171 Y107.569 I.5 J-2.76 E.06434
G2 X108.113 Y107.361 I-1.628 J1.352 E.11252
G3 X107.172 Y108.216 I-6.582 J-6.302 E.04179
G1 X107.172 Y111.534 E.10895
G2 X108.113 Y110.67 I-48.113 J-53.335 E.04197
G3 X111.171 Y111.278 I1.205 J1.93 E.11276
G2 X112.828 Y112.044 I1.648 J-1.391 E.06191
G1 X112.828 Y115.526 E.11432
G3 X111.171 Y114.557 I.5 J-2.76 E.06434
G2 X108.113 Y114.349 I-1.628 J1.352 E.11252
G3 X107.172 Y115.204 I-6.582 J-6.302 E.04179
G1 X107.172 Y118.523 E.10895
G2 X108.113 Y117.658 I-48.098 J-53.319 E.04197
G3 X111.171 Y118.267 I1.205 J1.93 E.11276
G2 X112.828 Y119.032 I1.648 J-1.391 E.06191
G1 X112.828 Y122.514 E.11432
G3 X111.171 Y121.546 I.5 J-2.76 E.06434
G2 X108.113 Y121.338 I-1.628 J1.352 E.11252
G3 X107.172 Y122.193 I-6.582 J-6.302 E.04179
G1 X107.172 Y125.511 E.10895
G2 X108.113 Y124.646 I-48.098 J-53.319 E.04197
G3 X111.171 Y125.255 I1.205 J1.93 E.11276
G2 X112.828 Y126.021 I1.648 J-1.391 E.06191
G1 X112.828 Y127.828 E.05936
G1 X110.05 Y127.828 E.09123
G2 X107.172 Y127.828 I-1.439 J27.567 E.09454
G1 X107.172 Y125.715 E.06941
; stop printing object SG90Adapter id:3152 copy 0
;LAYER_CHANGE
;Z:1.84
;HEIGHT:0.2
G92 E0 ; zero the extruded length again
; BEFORE_LAYER_CHANGE 8 @ 1.84mm
G1 E-1.83333 F6000
;WIPE_START
G1 F9000
G1 X107.172 Y126.715 E-.66667
;WIPE_END
; AFTER_LAYER_CHANGE 8 @ 1.84mm
;_SET_FAN_SPEED_CHANGING_LAYER
; printing object SG90Adapter id:3152 copy 0
G1 X105.21 Y90.21 Z1.84 F18000
G1 E2.5 F6000
M204 P1000
;TYPE:Outer wall
;WIDTH:0.42
G1 F3600
G1 X114.79 Y90.21 E.29136
G1 X114.79 Y129.79 E1.20377
G1 X105.21 Y129.79 E.29136
G1 X105.21 Y90.27 E1.20195
G1 X105.602 Y90.602 F18000
M204 P1500
;TYPE:Inner wall
;WIDTH:0.45
G1 F4020
G1 X114.398 Y90.602 E.2888
G1 X114.398 Y129.398 E1.2738
G1 X105.602 Y129.398 E.2888
G1 X105.602 Y90.662 E1.27183
G1 X106.009 Y91.009 F18000
G1 F4020
G1 X113.991 Y91.009 E.26207
G1 X113.991 Y128.991 E1.24707
G1 X106.009 Y128.991 E.26207
G1 X106.009 Y91.069 E1.2451
G1 X106.416 Y91.416 F18000
G1 F4020
G1 X113.584 Y91.416 E.23533
G1 X113.584 Y128.584 E1.22033
G1 X106.416 Y128.584 E.23533
G1 X106.416 Y91.476 E1.21836
G1 X106.823 Y91.823 F18000
G1 F4020
G1 X113.177 Y91.823 E.2086
G1 X113.177 Y128.177 E1.1936
G1 X106.823 Y128.177 E.2086
G1 X106.823 Y91.883 E1.19163
G1 E-1.75 F6000
;WIPE_START
G1 X107.823 Y91.874 E-.75
;WIPE_END
G1 X112.828 Y94.368 F18000
G1 E2.5 F6000
M204 P2000
;TYPE:Sparse infill
G1 F4020
G1 X112.828 Y92.172 E.07211
G1 X107.172 Y92.172 E.18573
G1 X107.172 Y94.074 E.06248
G2 X108.113 Y93.211 I-33.184 J-37.142 E.04194
G3 X111.171 Y93.793 I1.222 J1.901 E.11271
G2 X112.828 Y94.571 I1.676 J-1.415 E.06204
G1 X112.828 Y98.055 E.11438
G3 X111.171 Y97.1 I.46 J-2.717 E.06415
G2 X108.55 Y96.561 I-1.636 J1.312 E.09527
G2 X107.172 Y97.721 I13.718 J17.697 E.05916
G1 X107.172 Y101.063 E.10972
G2 X108.113 Y100.2 I-33.184 J-37.142 E.04194
G3 X111.171 Y100.781 I1.222 J1.901 E.11271
G2 X112.828 Y101.56 I1.676 J-1.415 E.06204
G1 X112.828 Y105.043 E.11438
G3 X111.171 Y104.089 I.46 J-2.717 E.06415
G2 X108.55 Y103.549 I-1.636 J1.312 E.09527
G2 X107.172 Y104.709 I13.718 J17.697 E.05916
G1 X107.172 Y108.051 E.10972
G2 X108.113 Y107.188 I-33.184 J-37.142 E.04194
G3 X111.171 Y107.77 I1.222 J1.901 E.11271
G2 X112.828 Y108.548 I1.676 J-1.415 E.06204
G1 X112.828 Y112.032 E.11438
G3 X111.171 Y111.077 I.46 J-2.717 E.06415
G2 X108.55 Y110.538 I-1.636 J1.312 E.09527
G2 X107.172 Y111.698 I13.718 J17.697 E.05916
G1 X107.172 Y115.04 E.10972
G2 X108.113 Y114.177 I-33.184 J-37.142 E.04194
G3 X111.171 Y114.758 I1.222 J1.901 E.11271
G2 X112.828 Y115.537 I1.676 J-1.415 E.06204
G1 X112.828 Y119.02 E.11438
G3 X111.171 Y118.066 I.46 J-2.717 E.06415
G2 X108.55 Y117.526 I-1.636 J1.312 E.09527
G2 X107.172 Y118.686 I13.717 J17.697 E.05916
G1 X107.172 Y122.028 E.10972
G2 X108.113 Y121.165 I-33.184 J-37.142 E.04194
G3 X111.171 Y121.746 I1.222 J1.901 E.11271
G2 X112.828 Y122.525 I1.676 J-1.415 E.06204
G1 X112.828 Y126.009 E.11438
G3 X111.171 Y125.054 I.46 J-2.717 E.06415
G2 X108.55 Y124.515 I-1.636 J1.312 E.09527
G2 X107.172 Y125.675 I13.717 J17.696 E.05916
G1 X107.172 Y127.828 E.07071
G1 X108.821 Y127.828 E.05416
G3 X109.812 Y127.828 I.495 J2.153 E.03281
G1 X112.828 Y127.828 E.09904
G1 X112.828 Y126.212 E.05307
; stop printing object SG90Adapter id:3152 copy 0
;LAYER_CHANGE
;Z:2.04
;HEIGHT:0.2
G92 E0 ; zero the extruded length again
; BEFORE_LAYER_CHANGE 9 @ 2.04mm
G1 E-1.83333 F6000
;WIPE_START
G1 F9000
G1 X112.828 Y127.212 E-.66667
;WIPE_END
; AFTER_LAYER_CHANGE 9 @ 2.04mm
;_SET_FAN_SPEED_CHANGING_LAYER
; printing object SG90Adapter id:3152 copy 0
G1 X105.21 Y90.21 Z2.04 F18000
G1 E2.5 F6000
M204 P1000
;TYPE:Outer wall
;WIDTH:0.42
G1 F3600
G1 X114.79 Y90.21 E.29136
G1 X114.79 Y129.79 E1.20377
G1 X105.21 Y129.79 E.29136
G1 X105.21 Y90.27 E1.20195
G1 X105.602 Y90.602 F18000
M204 P1500
;TYPE:Inner wall
;WIDTH:0.45
G1 F4556
G1 X114.398 Y90.602 E.2888
G1 X114.398 Y129.398 E1.2738
G1 X105.602 Y129.398 E.2888
G1 X105.602 Y90.662 E1.27183
G1 X106.009 Y91.009 F18000
G1 F4556
G1 X113.991 Y91.009 E.26207
G1 X113.991 Y128.991 E1.24707
G1 X106.009 Y128.991 E.26207
G1 X106.009 Y91.069 E1.2451
G1 X106.416 Y91.416 F18000
G1 F4556
G1 X113.584 Y91.416 E.23533
G1 X113.584 Y128.584 E1.22033
G1 X106.416 Y128.584 E.23533
G1 X106.416 Y91.476 E1.21836
G1 X106.823 Y91.823 F18000
G1 F4556
G1 X113.177 Y91.823 E.2086
G1 X113.177 Y128.177 E1.1936
G1 X106.823 Y128.177 E.2086
G1 X106.823 Y91.883 E1.19163
G1 E-1.75 F6000
;WIPE_START
G1 X107.823 Y91.874 E-.75
;WIPE_END
G1 X107.186 Y92.345 F18000
G1 E2.5 F6000
M204 P2000
;TYPE:Internal solid infill
;WIDTH:0.383112
G1 F4556
G1 X107.186 Y127.655 E.96884
G1 X107.213 Y127.787 E.00369
G1 X107.345 Y127.814 E.00369
G1 X112.655 Y127.814 E.14569
G1 X112.787 Y127.787 E.00369
G1 X112.814 Y127.655 E.00369
G1 X112.814 Y92.345 E.96884
G1 X112.787 Y92.213 E.00369
G1 X112.655 Y92.186 E.00369
G1 X107.345 Y92.186 E.14569
G1 X107.213 Y92.213 E.00369
G1 X107.198 Y92.286 E.00205
G1 X107.549 Y97.404 F18000
;TYPE:Sparse infill
;WIDTH:0.45
G1 F4556
G1 X107.549 Y93.531 E.12714
G3 X110.297 Y93.168 I1.557 J1.204 E.10098
G3 X111.607 Y94.379 I-163.501 J178.237 E.05858
G2 X112.451 Y94.628 I.838 J-1.29 E.0293
G1 X112.451 Y97.944 E.10888
G3 X111.171 Y96.89 I1.872 J-3.58 E.05485
G2 X108.55 Y96.662 I-1.441 J1.386 E.09426
G2 X107.549 Y97.607 I13.069 J14.852 E.04521
G1 X107.549 Y100.52 E.09563
G3 X110.297 Y100.157 I1.557 J1.204 E.10098
G3 X111.607 Y101.368 I-163.501 J178.237 E.05858
G2 X112.451 Y101.616 I.838 J-1.29 E.0293
G1 X112.451 Y104.932 E.10888
G3 X111.171 Y103.878 I1.872 J-3.58 E.05485
G2 X108.55 Y103.651 I-1.441 J1.386 E.09426
G2 X107.549 Y104.596 I13.069 J14.852 E.04521
G1 X107.549 Y107.508 E.09563
G3 X110.297 Y107.145 I1.557 J1.204 E.10098
G3 X111.607 Y108.356 I-163.465 J178.198 E.05858
G2 X112.451 Y108.604 I.838 J-1.29 E.0293
G1 X112.451 Y111.921 E.10888
G3 X111.171 Y110.867 I1.872 J-3.58 E.05485
G2 X108.55 Y110.639 I-1.441 J1.386 E.09426
G2 X107.549 Y111.584 I13.069 J14.851 E.04521
G1 X107.549 Y114.497 E.09563
G3 X110.297 Y114.133 I1.557 J1.204 E.10098
G3 X111.607 Y115.344 I-163.428 J178.158 E.05858
G2 X112.451 Y115.593 I.838 J-1.29 E.0293
G1 X112.451 Y118.909 E.10888
G3 X111.171 Y117.855 I1.872 J-3.58 E.05485
G2 X108.55 Y117.628 I-1.441 J1.386 E.09426
G2 X107.549 Y118.572 I13.069 J14.851 E.04521
G1 X107.549 Y121.485 E.09563
G3 X110.297 Y121.122 I1.557 J1.204 E.10098
G3 X111.607 Y122.333 I-163.428 J178.158 E.05858
G2 X112.451 Y122.581 I.838 J-1.29 E.0293
G1 X112.451 Y125.898 E.10888
G3 X111.171 Y124.844 I1.872 J-3.58 E.05485
G2 X108.55 Y124.616 I-1.441 J1.386 E.09426
G2 X107.549 Y125.561 I13.068 J14.851 E.04521
G1 X107.549 Y127.451 E.06207
G1 X112.451 Y127.451 E.16097
G1 X112.451 Y126.101 E.04433
; stop printing object SG90Adapter id:3152 copy 0
M106 S250
;LAYER_CHANGE
;Z:2.24
;HEIGHT:0.2
G92 E0 ; zero the extruded length again
; BEFORE_LAYER_CHANGE 10 @ 2.24mm
G1 E-1.83333 F6000
;WIPE_START
G1 F9000
G1 X112.451 Y127.101 E-.66667
;WIPE_END
; AFTER_LAYER_CHANGE 10 @ 2.24mm
;_SET_FAN_SPEED_CHANGING_LAYER
; printing object SG90Adapter id:3152 copy 0
G1 X105.21 Y90.21 Z2.24 F18000
G1 E2.5 F6000
M204 P1000
;TYPE:Outer wall
;WIDTH:0.42
G1 F3600
G1 X114.79 Y90.21 E.29136
G1 X114.79 Y129.79 E1.20377
G1 X105.21 Y129.79 E.29136
G1 X105.21 Y90.27 E1.20195
G1 X105.602 Y90.602 F18000
M204 P1500
;TYPE:Inner wall
;WIDTH:0.45
G1 F6000
G1 X114.398 Y90.602 E.2888
G1 X114.398 Y129.398 E1.2738
G1 X105.602 Y129.398 E.2888
G1 X105.602 Y90.662 E1.27183
G1 X106.009 Y91.009 F18000
G1 F6000
G1 X113.991 Y91.009 E.26207
G1 X113.991 Y128.991 E1.24707
G1 X106.009 Y128.991 E.26207
G1 X106.009 Y91.069 E1.2451
G1 X106.416 Y91.416 F18000
G1 F6000
G1 X113.584 Y91.416 E.23533
G1 X113.584 Y128.584 E1.22033
G1 X106.416 Y128.584 E.23533
G1 X106.416 Y91.476 E1.21836
G1 X106.823 Y91.823 F18000
G1 F6000
G1 X113.177 Y91.823 E.2086
G1 X113.177 Y128.177 E1.1936
G1 X106.823 Y128.177 E.2086
G1 X106.823 Y91.883 E1.19163
G1 E-1.75
;WIPE_START
G1 X107.823 Y91.874 E-.75
;WIPE_END
G1 X112.132 Y91.99 F18000
G1 E2.5 F6000
M204 P500
;TYPE:Internal Bridge
;WIDTH:0.379473
;HEIGHT:0.379473
G1 F2700
M106 S255
G1 X112.817 Y92.71 E.04532
G1 X112.817 Y93.333 E.02842
G1 X111.723 Y92.183 E.07238
G1 X111.131 Y92.183 E.02703
G1 X112.817 Y93.956 E.11161
G1 X112.817 Y94.579 E.02842
G1 X110.538 Y92.183 E.15083
G1 X109.945 Y92.183 E.02703
G1 X112.817 Y95.202 E.19006
G1 X112.817 Y95.825 E.02842
G1 X109.353 Y92.183 E.22928
G1 X108.76 Y92.183 E.02703
G1 X112.817 Y96.448 E.26851
G1 X112.817 Y97.072 E.02842
G1 X108.167 Y92.183 E.30774
G1 X107.574 Y92.183 E.02703
G1 X112.817 Y97.695 E.34696
G1 X112.817 Y98.318 E.02842
G1 X107.183 Y92.394 E.37287
G1 X107.183 Y93.017 E.02842
G1 X112.817 Y98.941 E.37287
G1 X112.817 Y99.564 E.02842
G1 X107.183 Y93.641 E.37287
G1 X107.183 Y94.264 E.02842
G1 X112.817 Y100.187 E.37287
G1 X112.817 Y100.81 E.02842
G1 X107.183 Y94.887 E.37287
G1 X107.183 Y95.51 E.02842
G1 X112.817 Y101.434 E.37287
G1 X112.817 Y102.057 E.02842
G1 X107.183 Y96.133 E.37287
G1 X107.183 Y96.756 E.02842
G1 X112.817 Y102.68 E.37287
G1 X112.817 Y103.303 E.02842
G1 X107.183 Y97.379 E.37287
G1 X107.183 Y98.003 E.02842
G1 X112.817 Y103.926 E.37287
G1 X112.817 Y104.549 E.02842
G1 X107.183 Y98.626 E.37287
G1 X107.183 Y99.249 E.02842
G1 X112.817 Y105.172 E.37287
G1 X112.817 Y105.796 E.02842
G1 X107.183 Y99.872 E.37287
G1 X107.183 Y100.495 E.02842
G1 X112.817 Y106.419 E.37287
G1 X112.817 Y107.042 E.02842
G1 X107.183 Y101.118 E.37287
G1 X107.183 Y101.741 E.02842
G1 X112.817 Y107.665 E.37287
G1 X112.817 Y108.288 E.02842
G1 X107.183 Y102.365 E.37287
G1 X107.183 Y102.988 E.02842
G1 X112.817 Y108.911 E.37287
G1 X112.817 Y109.534 E.02842
G1 X107.183 Y103.611 E.37287
G1 X107.183 Y104.234 E.02842
G1 X112.817 Y110.158 E.37287
G1 X112.817 Y110.781 E.02842
G1 X107.183 Y104.857 E.37287
G1 X107.183 Y105.48 E.02842
G1 X112.817 Y111.404 E.37287
G1 X112.817 Y112.027 E.02842
G1 X107.183 Y106.103 E.37287
G1 X107.183 Y106.727 E.02842
G1 X112.817 Y112.65 E.37287
G1 X112.817 Y113.273 E.02842
G1 X107.183 Y107.35 E.37287
G1 X107.183 Y107.973 E.02842
G1 X112.817 Y113.896 E.37287
G1 X112.817 Y114.52 E.02842
G1 X107.183 Y108.596 E.37287
G1 X107.183 Y109.219 E.02842
G1 X112.817 Y115.143 E.37287
G1 X112.817 Y115.766 E.02842
G1 X107.183 Y109.842 E.37287
G1 X107.183 Y110.465 E.02842
G1 X112.817 Y116.389 E.37287
G1 X112.817 Y117.012 E.02842
G1 X107.183 Y111.089 E.37287
G1 X107.183 Y111.712 E.02842
G1 X112.817 Y117.635 E.37287
G1 X112.817 Y118.258 E.02842
G1 X107.183 Y112.335 E.37287
G1 X107.183 Y112.958 E.02842
G1 X112.817 Y118.882 E.37287
G1 X112.817 Y119.505 E.02842
G1 X107.183 Y113.581 E.37287
G1 X107.183 Y114.204 E.02842
G1 X112.817 Y120.128 E.37287
G1 X112.817 Y120.751 E.02842
G1 X107.183 Y114.827 E.37287
G1 X107.183 Y115.451 E.02842
G1 X112.817 Y121.374 E.37287
G1 X112.817 Y121.997 E.02842
G1 X107.183 Y116.074 E.37287
G1 X107.183 Y116.697 E.02842
G1 X112.817 Y122.62 E.37287
G1 X112.817 Y123.244 E.02842
G1 X107.183 Y117.32 E.37287
G1 X107.183 Y117.943 E.02842
G1 X112.817 Y123.867 E.37287
G1 X112.817 Y124.49 E.02842
G1 X107.183 Y118.566 E.37287
G1 X107.183 Y119.189 E.02842
G1 X112.817 Y125.113 E.37287
G1 X112.817 Y125.736 E.02842
G1 X107.183 Y119.813 E.37287
G1 X107.183 Y120.436 E.02842
G1 X112.817 Y126.359 E.37287
G1 X112.817 Y126.982 E.02842
G1 X107.183 Y121.059 E.37287
G1 X107.183 Y121.682 E.02842
G1 X112.817 Y127.606 E.37287
G1 X112.817 Y127.817 E.00965
G1 X112.426 Y127.817 E.01785
G1 X107.183 Y122.305 E.34697
G1 X107.183 Y122.928 E.02842
G1 X111.833 Y127.817 E.30774
G1 X111.24 Y127.817 E.02703
G1 X107.183 Y123.551 E.26852
G1 X107.183 Y124.175 E.02842
G1 X110.648 Y127.817 E.22929
G1 X110.055 Y127.817 E.02703
G1 X107.183 Y124.798 E.19007
G1 X107.183 Y125.421 E.02842
G1 X109.462 Y127.817 E.15084
G1 X108.869 Y127.817 E.02703
G1 X107.183 Y126.044 E.11162
G1 X107.183 Y126.667 E.02842
G1 X108.277 Y127.817 E.07239
G1 X107.684 Y127.817 E.02703
G1 X106.99 Y127.087 E.04596
; stop printing object SG90Adapter id:3152 copy 0
M106 S252
;LAYER_CHANGE
;Z:2.44
;HEIGHT:0.2
G92 E0 ; zero the extruded length again
; BEFORE_LAYER_CHANGE 11 @ 2.44mm
G1 E-1.75 F6000
;WIPE_START
G1 F2700
G1 X107.679 Y127.812 E-.75
;WIPE_END
; AFTER_LAYER_CHANGE 11 @ 2.44mm
;_SET_FAN_SPEED_CHANGING_LAYER
; printing object SG90Adapter id:3152 copy 0
G1 X105.21 Y90.21 Z2.44 F18000
G1 E2.5 F6000
M204 P1000
;TYPE:Outer wall
;WIDTH:0.42
G1 F3600
M106 S252
G1 X114.79 Y90.21 E.29136
G1 X114.79 Y129.79 E1.20377
G1 X105.21 Y129.79 E.29136
G1 X105.21 Y90.27 E1.20195
G1 X105.602 Y90.602 F18000
M204 P1500
;TYPE:Inner wall
;WIDTH:0.45
G1 F6000
G1 X114.398 Y90.602 E.2888
G1 X114.398 Y129.398 E1.2738
G1 X105.602 Y129.398 E.2888
G1 X105.602 Y90.662 E1.27183
G1 X106.009 Y91.009 F18000
G1 F6000
G1 X113.991 Y91.009 E.26207
G1 X113.991 Y128.991 E1.24707
G1 X106.009 Y128.991 E.26207
G1 X106.009 Y91.069 E1.2451
G1 X106.416 Y91.416 F18000
G1 F6000
G1 X113.584 Y91.416 E.23533
G1 X113.584 Y128.584 E1.22033
G1 X106.416 Y128.584 E.23533
G1 X106.416 Y91.476 E1.21836
G1 X106.823 Y91.823 F18000
G1 F6000
G1 X113.177 Y91.823 E.2086
G1 X113.177 Y128.177 E1.1936
G1 X106.823 Y128.177 E.2086
G1 X106.823 Y91.883 E1.19163
G1 E-1.75
;WIPE_START
G1 X107.823 Y91.874 E-.75
;WIPE_END
G1 X107.158 Y128.013 F18000
G1 E2.5 F6000
M204 P2000
;TYPE:Internal solid infill
;WIDTH:0.421914
G1 X107.158 Y92.157 E1.09606
G1 X107.537 Y92.157 E.01159
G1 X107.536 Y127.843 E1.09088
G1 X107.915 Y127.843 E.01159
G1 X107.915 Y92.157 E1.09088
G1 X108.294 Y92.157 E.01159
G1 X108.294 Y127.843 E1.09088
G1 X108.673 Y127.843 E.01159
G1 X108.673 Y92.157 E1.09088
G1 X109.052 Y92.157 E.01159
G1 X109.052 Y127.843 E1.09088
G1 X109.431 Y127.843 E.01159
G1 X109.431 Y92.157 E1.09088
G1 X109.81 Y92.157 E.01159
G1 X109.81 Y127.843 E1.09088
G1 X110.189 Y127.843 E.01159
G1 X110.189 Y92.157 E1.09088
G1 X110.568 Y92.157 E.01159
G1 X110.568 Y127.843 E1.09088
G1 X110.947 Y127.843 E.01159
G1 X110.947 Y92.157 E1.09088
G1 X111.326 Y92.157 E.01159
G1 X111.326 Y127.843 E1.09088
G1 X111.705 Y127.843 E.01159
G1 X111.705 Y92.157 E1.09088
G1 X112.084 Y92.157 E.01159
G1 X112.084 Y127.843 E1.09088
G1 X112.463 Y127.843 E.01159
G1 X112.463 Y92.157 E1.09088
G1 X112.842 Y92.157 E.01159
G1 X112.842 Y128.013 E1.09606
; stop printing object SG90Adapter id:3152 copy 0
;LAYER_CHANGE
;Z:2.64
;HEIGHT:0.2
G92 E0 ; zero the extruded length again
; BEFORE_LAYER_CHANGE 12 @ 2.64mm
G1 E-1.75 F6000
;WIPE_START
G1 X112.842 Y127.013 E-.75
;WIPE_END
; AFTER_LAYER_CHANGE 12 @ 2.64mm
;_SET_FAN_SPEED_CHANGING_LAYER
; printing object SG90Adapter id:3152 copy 0
G1 X105.21 Y90.21 Z2.64 F18000
G1 E2.5 F6000
M204 P1000
;TYPE:Outer wall
;WIDTH:0.42
G1 F3600
G1 X114.79 Y90.21 E.29136
G1 X114.79 Y129.79 E1.20377
G1 X105.21 Y129.79 E.29136
G1 X105.21 Y90.27 E1.20195
G1 X105.602 Y90.602 F18000
M204 P1500
;TYPE:Inner wall
;WIDTH:0.45
G1 F6000
G1 X114.398 Y90.602 E.2888
G1 X114.398 Y129.398 E1.2738
G1 X105.602 Y129.398 E.2888
G1 X105.602 Y90.662 E1.27183
G1 X106.009 Y91.009 F18000
G1 F6000
G1 X113.991 Y91.009 E.26207
G1 X113.991 Y128.991 E1.24707
G1 X106.009 Y128.991 E.26207
G1 X106.009 Y91.069 E1.2451
G1 X106.416 Y91.416 F18000
G1 F6000
G1 X113.584 Y91.416 E.23533
G1 X113.584 Y128.584 E1.22033
G1 X106.416 Y128.584 E.23533
G1 X106.416 Y91.476 E1.21836
G1 X106.823 Y91.823 F18000
G1 F6000
G1 X113.177 Y91.823 E.2086
G1 X113.177 Y128.177 E1.1936
G1 X106.823 Y128.177 E.2086
G1 X106.823 Y91.883 E1.19163
G1 E-1.75
;WIPE_START
G1 X107.823 Y91.874 E-.75
;WIPE_END
G1 X113.013 Y92.158 F18000
G1 E2.5 F6000
M204 P2000
;TYPE:Internal solid infill
;WIDTH:0.42254
G1 X107.157 Y92.158 E.17932
G1 X107.157 Y92.538 E.01162
G1 X112.843 Y92.538 E.17412
G1 X112.843 Y92.917 E.01162
G1 X107.157 Y92.917 E.17412
G1 X107.157 Y93.297 E.01162
G1 X112.843 Y93.297 E.17412
G1 X112.843 Y93.676 E.01162
G1 X107.157 Y93.676 E.17412
G1 X107.157 Y94.056 E.01162
G1 X112.843 Y94.056 E.17412
G1 X112.843 Y94.436 E.01162
G1 X107.157 Y94.436 E.17412
G1 X107.157 Y94.815 E.01162
G1 X112.843 Y94.815 E.17412
G1 X112.843 Y95.195 E.01162
G1 X107.157 Y95.195 E.17412
G1 X107.157 Y95.574 E.01162
G1 X112.843 Y95.574 E.17412
G1 X112.843 Y95.954 E.01162
G1 X107.157 Y95.954 E.17412
G1 X107.157 Y96.334 E.01162
G1 X112.843 Y96.334 E.17412
G1 X112.843 Y96.713 E.01162
G1 X107.157 Y96.713 E.17412
G1 X107.157 Y97.093 E.01162
G1 X112.843 Y97.093 E.17412
G1 X112.843 Y97.473 E.01162
G1 X107.157 Y97.473 E.17412
G1 X107.157 Y97.852 E.01162
G1 X112.843 Y97.852 E.17412
G1 X112.843 Y98.232 E.01162
G1 X107.157 Y98.232 E.17412
G1 X107.157 Y98.611 E.01162
G1 X112.843 Y98.611 E.17412
G1 X112.843 Y98.991 E.01162
G1 X107.157 Y98.991 E.17412
G1 X107.157 Y99.371 E.01162
G1 X112.843 Y99.371 E.17412
G1 X112.843 Y99.75 E.01162
G1 X107.157 Y99.75 E.17412
G1 X107.157 Y100.13 E.01162
G1 X112.843 Y100.13 E.17412
G1 X112.843 Y100.51 E.01162
G1 X107.157 Y100.51 E.17412
G1 X107.157 Y100.889 E.01162
G1 X112.843 Y100.889 E.17412
G1 X112.843 Y101.269 E.01162
G1 X107.157 Y101.269 E.17412
G1 X107.157 Y101.648 E.01162
G1 X112.843 Y101.648 E.17412
G1 X112.843 Y102.028 E.01162
G1 X107.157 Y102.028 E.17412
G1 X107.157 Y102.408 E.01162
G1 X112.843 Y102.408 E.17412
G1 X112.843 Y102.787 E.01162
G1 X107.157 Y102.787 E.17412
G1 X107.157 Y103.167 E.01162
G1 X112.843 Y103.167 E.17412
G1 X112.843 Y103.547 E.01162
G1 X107.157 Y103.547 E.17412
G1 X107.157 Y103.926 E.01162
G1 X112.843 Y103.926 E.17412
G1 X112.843 Y104.306 E.01162
G1 X107.157 Y104.306 E.17412
G1 X107.157 Y104.685 E.01162
G1 X112.843 Y104.685 E.17412
G1 X112.843 Y105.065 E.01162
G1 X107.157 Y105.065 E.17412
G1 X107.157 Y105.445 E.01162
G1 X112.843 Y105.445 E.17412
G1 X112.843 Y105.824 E.01162
G1 X107.157 Y105.824 E.17412
G1 X107.157 Y106.204 E.01162
G1 X112.843 Y106.204 E.17412
G1 X112.843 Y106.583 E.01162
G1 X107.157 Y106.583 E.17412
G1 X107.157 Y106.963 E.01162
G1 X112.843 Y106.963 E.17412
G1 X112.843 Y107.343 E.01162
G1 X107.157 Y107.343 E.17412
G1 X107.157 Y107.722 E.01162
G1 X112.843 Y107.722 E.17412
G1 X112.843 Y108.102 E.01162
G1 X107.157 Y108.102 E.17412
G1 X107.157 Y108.482 E.01162
G1 X112.843 Y108.482 E.17412
G1 X112.843 Y108.861 E.01162
G1 X107.157 Y108.861 E.17412
G1 X107.157 Y109.241 E.01162
G1 X112.843 Y109.241 E.17412
G1 X112.843 Y109.62 E.01162
G1 X107.157 Y109.62 E.17412
G1 X107.157 Y110 E.01162
G1 X112.843 Y110 E.17412
G1 X112.843 Y110.38 E.01162
G1 X107.157 Y110.38 E.17412
G1 X107.157 Y110.759 E.01162
G1 X112.843 Y110.759 E.17412
G1 X112.843 Y111.139 E.01162
G1 X107.157 Y111.139 E.17412
G1 X107.157 Y111.519 E.01162
G1 X112.843 Y111.519 E.17412
G1 X112.843 Y111.898 E.01162
G1 X107.157 Y111.898 E.17412
G1 X107.157 Y112.278 E.01162
G1 X112.843 Y112.278 E.17412
G1 X112.843 Y112.657 E.01162
G1 X107.157 Y112.657 E.17412
G1 X107.157 Y113.037 E.01162
G1 X112.843 Y113.037 E.17412
G1 X112.843 Y113.417 E.01162
G1 X107.157 Y113.417 E.17412
G1 X107.157 Y113.796 E.01162
G1 X112.843 Y113.796 E.17412
G1 X112.843 Y114.176 E.01162
G1 X107.157 Y114.176 E.17412
G1 X107.157 Y114.555 E.01162
G1 X112.843 Y114.555 E.17412
G1 X112.843 Y114.935 E.01162
G1 X107.157 Y114.935 E.17412
G1 X107.157 Y115.315 E.01162
G1 X112.843 Y115.315 E.17412
G1 X112.843 Y115.694 E.01162
G1 X107.157 Y115.694 E.17412
G1 X107.157 Y116.074 E.01162
G1 X112.843 Y116.074 E.17412
G1 X112.843 Y116.454 E.01162
G1 X107.157 Y116.454 E.17412
G1 X107.157 Y116.833 E.01162
G1 X112.843 Y116.833 E.17412
G1 X112.843 Y117.213 E.01162
G1 X107.157 Y117.213 E.17412
G1 X107.157 Y117.592 E.01162
G1 X112.843 Y117.592 E.17412
G1 X112.843 Y117.972 E.01162
G1 X107.157 Y117.972 E.17412
G1 X107.157 Y118.352 E.01162
G1 X112.843 Y118.352 E.17412
G1 X112.843 Y118.731 E.01162
G1 X107.157 Y118.731 E.17412
G1 X107.157 Y119.111 E.01162
G1 X112.843 Y119.111 E.17412
G1 X112.843 Y119.491 E.01162
G1 X107.157 Y119.491 E.17412
G1 X107.157 Y119.87 E.01162
G1 X112.843 Y119.87 E.17412
G1 X112.843 Y120.25 E.01162
G1 X107.157 Y120.25 E.17412
G1 X107.157 Y120.629 E.01162
G1 X112.843 Y120.629 E.17412
G1 X112.843 Y121.009 E.01162
G1 X107.157 Y121.009 E.17412
G1 X107.157 Y121.389 E.01162
G1 X112.843 Y121.389 E.17412
G1 X112.843 Y121.768 E.01162
G1 X107.157 Y121.768 E.17412
G1 X107.157 Y122.148 E.01162
G1 X112.843 Y122.148 E.17412
G1 X112.843 Y122.528 E.01162
G1 X107.157 Y122.528 E.17412
G1 X107.157 Y122.907 E.01162
G1 X112.843 Y122.907 E.17412
G1 X112.843 Y123.287 E.01162
G1 X107.157 Y123.287 E.17412
G1 X107.157 Y123.666 E.01162
G1 X112.843 Y123.666 E.17412
G1 X112.843 Y124.046 E.01162
G1 X107.157 Y124.046 E.17412
G1 X107.157 Y124.426 E.01162
G1 X112.843 Y124.426 E.17412
G1 X112.843 Y124.805 E.01162
G1 X107.157 Y124.805 E.17412
G1 X107.157 Y125.185 E.01162
G1 X112.843 Y125.185 E.17412
G1 X112.843 Y125.564 E.01162
G1 X107.157 Y125.564 E.17412
G1 X107.157 Y125.944 E.01162
G1 X112.843 Y125.944 E.17412
G1 X112.843 Y126.324 E.01162
G1 X107.157 Y126.324 E.17412
G1 X107.157 Y126.703 E.01162
G1 X112.843 Y126.703 E.17412
G1 X112.843 Y127.083 E.01162
G1 X107.157 Y127.083 E.17412
G1 X107.157 Y127.463 E.01162
G1 X112.843 Y127.463 E.17412
G1 X112.843 Y127.842 E.01162
G1 X106.987 Y127.842 E.17932
; stop printing object SG90Adapter id:3152 copy 0
;LAYER_CHANGE
;Z:2.84
;HEIGHT:0.2
G92 E0 ; zero the extruded length again
; BEFORE_LAYER_CHANGE 13 @ 2.84mm
G1 E-1.75 F6000
;WIPE_START
G1 X107.987 Y127.842 E-.75
;WIPE_END
; AFTER_LAYER_CHANGE 13 @ 2.84mm
;_SET_FAN_SPEED_CHANGING_LAYER
; printing object SG90Adapter id:3152 copy 0
G1 X105.21 Y90.21 Z2.84 F18000
G1 E2.5 F6000
M204 P1000
;TYPE:Outer wall
;WIDTH:0.42
G1 F3600
G1 X114.79 Y90.21 E.29136
G1 X114.79 Y129.79 E1.20377
G1 X105.21 Y129.79 E.29136
G1 X105.21 Y90.27 E1.20195
G1 X105.602 Y90.602 F18000
M204 P1500
;TYPE:Inner wall
;WIDTH:0.45
G1 F6000
G1 X114.398 Y90.602 E.2888
G1 X114.398 Y129.398 E1.2738
G1 X105.602 Y129.398 E.2888
G1 X105.602 Y90.662 E1.27183
G1 X106.009 Y91.009 F18000
G1 F6000
G1 X113.991 Y91.009 E.26207
G1 X113.991 Y128.991 E1.24707
G1 X106.009 Y128.991 E.26207
G1 X106.009 Y91.069 E1.2451
G1 X106.416 Y91.416 F18000
G1 F6000
G1 X113.584 Y91.416 E.23533
G1 X113.584 Y128.584 E1.22033
G1 X106.416 Y128.584 E.23533
G1 X106.416 Y91.476 E1.21836
G1 X106.823 Y91.823 F18000
G1 F6000
G1 X113.177 Y91.823 E.2086
G1 X113.177 Y128.177 E1.1936
G1 X106.823 Y128.177 E.2086
G1 X106.823 Y91.883 E1.19163
G1 E-1.75
;WIPE_START
G1 X107.823 Y91.874 E-.75
;WIPE_END
G1 X107.158 Y128.013 F18000
G1 E2.5 F6000
M204 P2000
;TYPE:Internal solid infill
;WIDTH:0.421914
G1 X107.158 Y92.157 E1.09606
G1 X107.537 Y92.157 E.01159
G1 X107.536 Y127.843 E1.09088
G1 X107.915 Y127.843 E.01159
G1 X107.915 Y92.157 E1.09088
G1 X108.294 Y92.157 E.01159
G1 X108.294 Y127.843 E1.09088
G1 X108.673 Y127.843 E.01159
G1 X108.673 Y92.157 E1.09088
G1 X109.052 Y92.157 E.01159
G1 X109.052 Y127.843 E1.09088
G1 X109.431 Y127.843 E.01159
G1 X109.431 Y92.157 E1.09088
G1 X109.81 Y92.157 E.01159
G1 X109.81 Y127.843 E1.09088
G1 X110.189 Y127.843 E.01159
G1 X110.189 Y92.157 E1.09088
G1 X110.568 Y92.157 E.01159
G1 X110.568 Y127.843 E1.09088
G1 X110.947 Y127.843 E.01159
G1 X110.947 Y92.157 E1.09088
G1 X111.326 Y92.157 E.01159
G1 X111.326 Y127.843 E1.09088
G1 X111.705 Y127.843 E.01159
G1 X111.705 Y92.157 E1.09088
G1 X112.084 Y92.157 E.01159
G1 X112.084 Y127.843 E1.09088
G1 X112.463 Y127.843 E.01159
G1 X112.463 Y92.157 E1.09088
G1 X112.842 Y92.157 E.01159
G1 X112.842 Y128.013 E1.09606
; stop printing object SG90Adapter id:3152 copy 0
M106 S247
;LAYER_CHANGE
;Z:3.04
;HEIGHT:0.2
G92 E0 ; zero the extruded length again
; BEFORE_LAYER_CHANGE 14 @ 3.04mm
G1 E-1.75 F6000
;WIPE_START
G1 X112.842 Y127.013 E-.75
;WIPE_END
; AFTER_LAYER_CHANGE 14 @ 3.04mm
;_SET_FAN_SPEED_CHANGING_LAYER
; printing object SG90Adapter id:3152 copy 0
G1 X105.21 Y90.21 Z3.04 F18000
G1 E2.5 F6000
M204 P1000
;TYPE:Outer wall
;WIDTH:0.42
G1 F3600
G1 X114.79 Y90.21 E.29136
G1 X114.79 Y129.79 E1.20377
G1 X105.21 Y129.79 E.29136
G1 X105.21 Y90.27 E1.20195
G1 E-1.75 F6000
;WIPE_START
G1 F3600
G1 X106.21 Y90.264 E-.75
;WIPE_END
G1 X105.602 Y128.582 F18000
G1 E2.5 F6000
M204 P1500
;TYPE:Inner wall
;WIDTH:0.45
G1 X114.398 Y128.582 E.2888
G1 X114.398 Y129.398 E.0268
G1 X105.602 Y129.398 E.2888
G1 X105.602 Y128.642 E.02483
G1 E-1.75
;WIPE_START
G1 X106.602 Y128.635 E-.75
;WIPE_END
G1 X114.132 Y90.602 F18000
G1 E2.5 F6000
G1 X114.398 Y90.602 E.00875
G1 X114.398 Y91.418 E.0268
G1 X114.132 Y91.418 E.00875
G1 X114.132 Y90.662 E.02483
G1 E-1.75
;WIPE_START
G1 X114.398 Y90.602 E-.20479
G1 X114.398 Y91.329 E-.54521
;WIPE_END
G1 X105.602 Y90.602 F18000
G1 E2.5 F6000
G1 X105.868 Y90.602 E.00875
G1 X105.868 Y91.418 E.0268
G1 X105.602 Y91.418 E.00875
G1 X105.602 Y90.662 E.02483
G1 E-1.75
;WIPE_START
G1 X105.868 Y90.602 E-.20479
G1 X105.868 Y91.329 E-.54521
;WIPE_END
G1 X106.114 Y91.418 F18000
G1 E2.5 F6000
M204 P2000
;TYPE:Gap infill
;WIDTH:0.111221
G1 X106.098 Y91.465 E.00027
G1 X106.114 Y91.622 E.00087
;WIDTH:0.149042
G1 X106.1 Y91.657 E.00033
;WIDTH:0.191477
G1 X106.086 Y91.693 E.00046
;WIDTH:0.233911
G1 X106.072 Y91.728 E.00059
;WIDTH:0.268674
G1 X105.85 Y91.756 E.00408
G1 X105.84 Y91.713 F18000
M204 P1000
;TYPE:Top surface
;WIDTH:0.42
G1 F3600
G2 X105.489 Y91.796 I.4 J2.461 E.01099
G1 X105.489 Y91.796 F18000
M204 P2000
;TYPE:Gap infill
;WIDTH:0.0961066
G1 F6000
G1 X105.419 Y92.017 E.001
;WIDTH:0.105404
G1 X105.44 Y92.173 E.00079
;WIDTH:0.146015
G1 X105.461 Y92.329 E.00131
G1 X105.435 Y92.362 E.00035
;WIDTH:0.102347
G1 X105.421 Y92.403 E.00021
;WIDTH:0.108188
G1 X105.445 Y92.593 E.00101
;WIDTH:0.12755
G1 X105.468 Y92.783 E.00131
G1 X105.399 Y92.803 F18000
;WIDTH:0.0881704
G1 F6000
G1 X105.421 Y92.823 E.00011
;WIDTH:0.108726
G1 X105.446 Y92.997 E.00093
;WIDTH:0.14984
G1 X105.471 Y93.171 E.00152
G1 X105.489 Y93.361 F18000
M204 P1000
;TYPE:Top surface
;WIDTH:0.42
G1 F3600
G1 X106.525 Y93.097 E.03251
G1 X107.774 Y92.876 E.03859
G1 X109.037 Y92.751 E.03859
G1 X110.306 Y92.722 E.0386
G1 X111.573 Y92.788 E.0386
G1 X112.832 Y92.95 E.03861
G1 X114.075 Y93.207 E.03861
G1 X114.511 Y93.332 E.01378
G1 X114.511 Y93.332 F18000
M204 P2000
;TYPE:Gap infill
;WIDTH:0.105741
G1 F6000
G1 X114.579 Y93.543 E.00112
G1 X114.555 Y93.732 E.00097
;WIDTH:0.147112
G1 X114.531 Y93.921 E.0016
G1 X114.477 Y93.904 F18000
;WIDTH:0.149036
G1 F6000
G1 X114.539 Y93.46 E.00384
;WIDTH:0.128563
G1 X114.601 Y93.017 E.0031
G1 X114.511 Y92.937 F18000
M204 P1000
;TYPE:Top surface
;WIDTH:0.42
G1 F3600
G1 X113.465 Y92.684 E.03272
G1 X112.198 Y92.477 E.03904
G1 X110.92 Y92.364 E.03903
G1 X109.637 Y92.348 E.03903
G1 X108.356 Y92.428 E.03902
G1 X107.085 Y92.603 E.03902
G1 X105.831 Y92.872 E.03901
G1 X105.489 Y92.973 E.01084
G1 X105.489 Y92.974 F18000
M204 P2000
;TYPE:Gap infill
;WIDTH:0.100312
G1 F6000
G1 X105.421 Y93.184 E.00102
;WIDTH:0.107666
G1 X105.445 Y93.376 E.00101
;WIDTH:0.12789
G1 X105.469 Y93.569 E.00133
G1 X105.399 Y93.588 F18000
;WIDTH:0.0881704
G1 F6000
G1 X105.421 Y93.608 E.00011
;WIDTH:0.108451
G1 X105.446 Y93.781 E.00093
;WIDTH:0.14901
G1 X105.471 Y93.955 E.0015
G1 X105.418 Y93.989 F18000
;WIDTH:0.131069
G1 F6000
G1 X105.446 Y94.168 E.00129
;WIDTH:0.152519
G1 X105.474 Y94.347 E.0016
G1 X105.489 Y94.538 F18000
M204 P1000
;TYPE:Top surface
;WIDTH:0.42
G1 F3600
G1 X106.559 Y94.248 E.03371
G1 X107.762 Y94.021 E.03726
G1 X108.981 Y93.888 E.03727
G1 X110.206 Y93.852 E.03727
G1 X111.43 Y93.911 E.03728
G1 X112.646 Y94.066 E.03728
G1 X113.846 Y94.316 E.03729
G1 X114.511 Y94.509 E.02106
G1 X114.513 Y94.504 F18000
M204 P2000
;TYPE:Gap infill
;WIDTH:0.104233
G1 F6000
G1 X114.581 Y94.719 E.00112
G1 X114.555 Y94.91 E.00095
;WIDTH:0.14821
G1 X114.53 Y95.101 E.00163
G1 X114.475 Y95.082 F18000
;WIDTH:0.149168
G1 F6000
G1 X114.538 Y94.64 E.00382
;WIDTH:0.128835
G1 X114.601 Y94.199 E.00309
G1 X114.511 Y94.112 F18000
M204 P1000
;TYPE:Top surface
;WIDTH:0.42
G1 F3600
G1 X114.265 Y94.035 E.00785
G1 X113.056 Y93.756 E.03774
G1 X111.829 Y93.572 E.03773
G1 X110.592 Y93.483 E.03773
G1 X109.351 Y93.49 E.03772
G1 X108.116 Y93.592 E.03771
G1 X106.892 Y93.79 E.03771
G1 X105.687 Y94.082 E.0377
G1 X105.489 Y94.147 E.00633
G1 X105.488 Y94.144 F18000
M204 P2000
;TYPE:Gap infill
;WIDTH:0.096456
G1 F6000
G1 X105.419 Y94.362 E.00098
;WIDTH:0.106268
G1 X105.445 Y94.555 E.001
;WIDTH:0.127746
G1 X105.471 Y94.748 E.00133
G1 X105.418 Y94.769 F18000
;WIDTH:0.130211
G1 F6000
G1 X105.445 Y94.956 E.00133
;WIDTH:0.151232
G1 X105.473 Y95.144 E.00166
G1 X105.418 Y95.179 F18000
;WIDTH:0.130914
G1 F6000
G1 X105.446 Y95.358 E.00129
;WIDTH:0.152286
G1 X105.474 Y95.537 E.0016
G1 X105.417 Y95.584 F18000
;WIDTH:0.131582
G1 F6000
G1 X105.447 Y95.756 E.00124
;WIDTH:0.153288
G1 X105.476 Y95.927 E.00155
G1 X105.417 Y95.986 F18000
;WIDTH:0.13449
G1 F6000
G1 X105.449 Y96.157 E.00129
;WIDTH:0.15765
G1 X105.48 Y96.329 E.00161
G1 X105.418 Y96.362 F18000
;WIDTH:0.132142
G1 F6000
G1 X105.447 Y96.549 E.00136
;WIDTH:0.154128
G1 X105.476 Y96.735 E.00169
G1 X105.417 Y96.783 F18000
;WIDTH:0.132753
G1 F6000
G1 X105.447 Y96.959 E.00129
;WIDTH:0.155045
G1 X105.477 Y97.135 E.00162
G1 X105.417 Y97.198 F18000
;WIDTH:0.133193
G1 F6000
G1 X105.448 Y97.363 E.00122
;WIDTH:0.155705
G1 X105.479 Y97.527 E.00152
G1 X105.489 Y97.332 F18000
M204 P1000
;TYPE:Top surface
;WIDTH:0.42
G1 F3600
G1 X105.87 Y97.184 E.01243
G1 X106.941 Y96.87 E.03396
G1 X108.036 Y96.649 E.03397
G1 X109.146 Y96.523 E.03398
G1 X110.263 Y96.492 E.03398
G1 X111.379 Y96.558 E.03399
G1 X112.485 Y96.719 E.034
G1 X113.573 Y96.974 E.034
G1 X114.511 Y97.281 E.03
G1 X114.511 Y96.887 F18000
G1 F3600
G1 X113.999 Y96.706 E.01651
G1 X112.902 Y96.419 E.03449
G1 X111.785 Y96.225 E.03449
G1 X110.655 Y96.127 E.03448
G1 X109.522 Y96.124 E.03447
G1 X108.392 Y96.218 E.03447
G1 X107.275 Y96.407 E.03446
G1 X106.178 Y96.689 E.03445
G1 X105.489 Y96.93 E.0222
G1 X105.489 Y96.523 F18000
G1 F3600
G1 X106.452 Y96.218 E.03071
G1 X107.572 Y95.963 E.03494
G1 X108.709 Y95.803 E.03495
G1 X109.857 Y95.738 E.03495
G1 X111.006 Y95.769 E.03496
G1 X112.148 Y95.896 E.03496
G1 X113.277 Y96.117 E.03497
G1 X114.511 Y96.481 E.03913
G1 X114.511 Y96.086 F18000
G1 F3600
G1 X113.623 Y95.816 E.02822
G1 X112.484 Y95.569 E.03545
G1 X111.329 Y95.416 E.03544
G1 X110.165 Y95.36 E.03544
G1 X109.001 Y95.399 E.03543
G1 X107.844 Y95.534 E.03542
G1 X106.703 Y95.764 E.03542
G1 X105.489 Y96.123 E.03849
G1 X105.489 Y95.731 F18000
G1 F3600
G1 X105.804 Y95.62 E.01015
G1 X106.945 Y95.321 E.03588
G1 X108.107 Y95.114 E.03589
G1 X109.282 Y95.003 E.03589
G1 X110.462 Y94.988 E.0359
G1 X111.64 Y95.069 E.03591
G1 X112.807 Y95.245 E.03591
G1 X113.957 Y95.515 E.03592
G1 X114.511 Y95.694 E.0177
G1 E-1.75 F6000
;WIPE_START
G1 F3600
G1 X113.957 Y95.515 E-.4366
G1 X113.55 Y95.419 E-.3134
;WIPE_END
G1 X114.582 Y93.949 F18000
G1 E2.5 F6000
M204 P2000
;TYPE:Gap infill
;WIDTH:0.131118
G1 X114.526 Y94.319 E.00266
;WIDTH:0.152591
G1 X114.469 Y94.689 E.00331
G1 X114.511 Y94.896 F18000
M204 P1000
;TYPE:Top surface
;WIDTH:0.42
G1 F3600
G1 X113.473 Y94.614 E.0327
G1 X112.283 Y94.391 E.03684
G1 X111.079 Y94.262 E.03683
G1 X109.869 Y94.229 E.03682
G1 X108.66 Y94.292 E.03682
G1 X107.46 Y94.451 E.03681
G1 X106.276 Y94.704 E.03681
G1 X105.489 Y94.94 E.02499
G1 X105.489 Y95.337 F18000
G1 F3600
G1 X106.03 Y95.161 E.01729
G1 X107.192 Y94.884 E.03635
G1 X108.374 Y94.701 E.03635
G1 X109.566 Y94.613 E.03636
G1 X110.761 Y94.622 E.03636
G1 X111.953 Y94.726 E.03637
G1 X113.132 Y94.925 E.03638
G1 X114.292 Y95.219 E.03638
G1 X114.511 Y95.293 E.00704
G1 X114.583 Y95.142 F18000
M204 P2000
;TYPE:Gap infill
;WIDTH:0.13262
G1 F6000
G1 X114.553 Y95.321 E.00131
;WIDTH:0.154845
G1 X114.523 Y95.5 E.00164
G1 X114.582 Y95.535 F18000
;WIDTH:0.130861
G1 F6000
G1 X114.554 Y95.714 E.00129
;WIDTH:0.152207
G1 X114.526 Y95.893 E.0016
G1 X114.582 Y95.918 F18000
;WIDTH:0.129846
G1 F6000
G1 X114.555 Y96.102 E.0013
;WIDTH:0.150684
G1 X114.527 Y96.286 E.00161
G1 X114.583 Y96.343 F18000
;WIDTH:0.134904
G1 F6000
G1 X114.551 Y96.517 E.00131
;WIDTH:0.15827
G1 X114.519 Y96.69 E.00164
G1 X114.583 Y96.741 F18000
;WIDTH:0.132235
G1 F6000
G1 X114.553 Y96.914 E.00126
;WIDTH:0.154267
G1 X114.523 Y97.086 E.00157
G1 X114.582 Y97.124 F18000
;WIDTH:0.132501
G1 F6000
G1 X114.553 Y97.308 E.00135
;WIDTH:0.154667
G1 X114.524 Y97.492 E.00168
G1 X114.583 Y97.555 F18000
;WIDTH:0.134088
G1 F6000
G1 X114.552 Y97.722 E.00125
;WIDTH:0.157047
G1 X114.52 Y97.889 E.00156
G1 X114.583 Y97.938 F18000
;WIDTH:0.1342
G1 F6000
G1 X114.552 Y98.119 E.00135
;WIDTH:0.157215
G1 X114.521 Y98.301 E.0017
G1 X114.583 Y98.368 F18000
;WIDTH:0.134812
G1 F6000
G1 X114.551 Y98.536 E.00126
;WIDTH:0.158132
G1 X114.519 Y98.703 E.00158
G1 X114.511 Y98.905 F18000
M204 P1000
;TYPE:Top surface
;WIDTH:0.42
G1 F3600
G1 X114.215 Y98.775 E.00983
G1 X113.218 Y98.441 E.03198
G1 X112.195 Y98.199 E.03197
G1 X111.155 Y98.051 E.03197
G1 X110.105 Y97.999 E.03196
G1 X109.056 Y98.043 E.03195
G1 X108.015 Y98.182 E.03194
G1 X106.991 Y98.416 E.03193
G1 X105.993 Y98.742 E.03193
G1 X105.489 Y98.96 E.0167
G1 X105.489 Y99.368 F18000
G1 F3600
G1 X106.247 Y99.05 E.02499
G1 X107.232 Y98.742 E.0314
G1 X108.242 Y98.526 E.03141
G1 X109.268 Y98.404 E.03142
G1 X110.3 Y98.379 E.03142
G1 X111.332 Y98.449 E.03143
G1 X112.352 Y98.615 E.03144
G1 X113.353 Y98.874 E.03145
G1 X114.325 Y99.226 E.03145
G1 X114.511 Y99.313 E.00623
G1 X114.511 Y99.727 F18000
G1 F3600
G1 X114.289 Y99.619 E.0075
G1 X113.336 Y99.264 E.03092
G1 X112.355 Y99.001 E.03091
G1 X111.353 Y98.831 E.0309
G1 X110.34 Y98.757 E.03089
G1 X109.325 Y98.778 E.03089
G1 X108.316 Y98.896 E.03088
G1 X107.323 Y99.107 E.03087
G1 X106.356 Y99.412 E.03086
G1 X105.489 Y99.778 E.02861
G1 X105.489 Y100.198 F18000
G1 F3600
G1 X106.308 Y99.833 E.02728
G1 X107.254 Y99.517 E.03031
G1 X108.225 Y99.294 E.03032
G1 X109.214 Y99.165 E.03033
G1 X110.211 Y99.131 E.03034
G1 X111.207 Y99.194 E.03035
G1 X112.193 Y99.352 E.03036
G1 X113.159 Y99.604 E.03036
G1 X114.096 Y99.947 E.03037
G1 X114.511 Y100.146 E.01399
G1 X114.511 Y100.558 F18000
G1 F3600
G1 X113.736 Y100.207 E.02589
G1 X112.807 Y99.892 E.02981
G1 X111.853 Y99.669 E.02981
G1 X110.882 Y99.541 E.0298
G1 X109.903 Y99.508 E.02979
G1 X108.926 Y99.572 E.02978
G1 X107.96 Y99.73 E.02977
G1 X107.014 Y99.983 E.02976
G1 X106.099 Y100.327 E.02975
G1 X105.489 Y100.627 E.02066
G1 X105.489 Y101.053 F18000
G1 F3600
G1 X105.726 Y100.918 E.00828
G1 X106.602 Y100.528 E.02918
G1 X107.514 Y100.228 E.02919
G1 X108.451 Y100.02 E.0292
G1 X109.405 Y99.907 E.02921
G1 X110.365 Y99.889 E.02922
G1 X111.323 Y99.968 E.02922
G1 X112.268 Y100.141 E.02923
G1 X113.192 Y100.408 E.02924
G1 X114.085 Y100.766 E.02925
G1 X114.511 Y100.989 E.01463
G1 X114.511 Y101.416 F18000
G1 F3600
G1 X114.207 Y101.243 E.01062
G1 X113.344 Y100.864 E.02868
G1 X112.447 Y100.575 E.02867
G1 X111.525 Y100.378 E.02866
G1 X110.589 Y100.276 E.02865
G1 X109.647 Y100.271 E.02864
G1 X108.71 Y100.361 E.02863
G1 X107.787 Y100.545 E.02862
G1 X106.889 Y100.823 E.02861
G1 X106.023 Y101.191 E.0286
G1 X105.489 Y101.486 E.01855
G1 X105.489 Y101.92 F18000
G1 F3600
G1 X106.1 Y101.573 E.02138
G1 X106.944 Y101.205 E.02801
G1 X107.822 Y100.926 E.02802
G1 X108.725 Y100.74 E.02803
G1 X109.642 Y100.648 E.02804
G1 X110.565 Y100.653 E.02805
G1 X111.482 Y100.753 E.02806
G1 X112.384 Y100.948 E.02807
G1 X113.261 Y101.236 E.02808
G1 X114.104 Y101.614 E.02809
G1 X114.511 Y101.85 E.01431
G1 X114.511 Y102.278 F18000
G1 F3600
G1 X113.768 Y101.868 E.0258
G1 X112.936 Y101.517 E.02748
G1 X112.071 Y101.257 E.02747
G1 X111.183 Y101.09 E.02746
G1 X110.283 Y101.018 E.02745
G1 X109.381 Y101.043 E.02744
G1 X108.487 Y101.163 E.02743
G1 X107.612 Y101.377 E.02742
G1 X106.764 Y101.683 E.02741
G1 X105.954 Y102.077 E.0274
G1 X105.489 Y102.368 E.01667
G1 X105.489 Y102.814 F18000
G1 F3600
G1 X105.594 Y102.736 E.00399
G1 X106.354 Y102.29 E.02678
G1 X107.158 Y101.93 E.02679
G1 X107.996 Y101.66 E.0268
G1 X108.859 Y101.482 E.02681
G1 X109.737 Y101.399 E.02682
G1 X110.619 Y101.412 E.02683
G1 X111.495 Y101.521 E.02684
G1 X112.354 Y101.724 E.02685
G1 X113.187 Y102.019 E.02686
G1 X113.982 Y102.403 E.02687
G1 X114.511 Y102.733 E.01895
G1 X114.511 Y103.185 F18000
G1 F3600
G1 X113.915 Y102.798 E.02163
G1 X113.143 Y102.41 E.02624
G1 X112.334 Y102.112 E.02623
G1 X111.498 Y101.904 E.02622
G1 X110.643 Y101.792 E.02621
G1 X109.782 Y101.775 E.0262
G1 X108.924 Y101.854 E.02619
G1 X108.081 Y102.027 E.02618
G1 X107.264 Y102.294 E.02616
G1 X106.481 Y102.649 E.02615
G1 X105.743 Y103.09 E.02614
G1 X105.489 Y103.283 E.00969
G1 X105.489 Y103.755 F18000
G1 F3600
G1 X105.636 Y103.629 E.00588
G1 X106.333 Y103.163 E.02549
G1 X107.078 Y102.779 E.0255
G1 X107.863 Y102.483 E.02551
G1 X108.677 Y102.278 E.02552
G1 X109.509 Y102.167 E.02554
G1 X110.349 Y102.152 E.02555
G1 X111.186 Y102.233 E.02556
G1 X112.008 Y102.409 E.02557
G1 X112.805 Y102.678 E.02558
G1 X113.567 Y103.035 E.0256
G1 X114.283 Y103.478 E.02561
G1 X114.511 Y103.657 E.00882
G1 X114.511 Y104.137 F18000
G1 F3600
G1 X114.328 Y103.978 E.00737
G1 X113.65 Y103.516 E.02495
G1 X112.923 Y103.137 E.02494
G1 X112.157 Y102.846 E.02493
G1 X111.362 Y102.646 E.02491
G1 X110.55 Y102.541 E.0249
G1 X109.732 Y102.531 E.02489
G1 X108.919 Y102.618 E.02488
G1 X108.122 Y102.799 E.02486
G1 X107.352 Y103.072 E.02485
G1 X106.619 Y103.433 E.02484
G1 X105.935 Y103.877 E.02482
G1 X105.489 Y104.248 E.01762
G1 X105.489 Y104.758 F18000
G1 F3600
G1 X105.943 Y104.347 E.01863
G1 X106.591 Y103.888 E.02414
G1 X107.29 Y103.511 E.02415
G1 X108.029 Y103.221 E.02416
G1 X108.799 Y103.023 E.02418
G1 X109.587 Y102.918 E.02419
G1 X110.383 Y102.909 E.0242
G1 X111.175 Y102.996 E.02422
G1 X111.95 Y103.177 E.02423
G1 X112.699 Y103.451 E.02424
G1 X113.41 Y103.813 E.02426
G1 X114.072 Y104.257 E.02427
G1 X114.511 Y104.635 E.01761
G1 X114.586 Y105.483 F18000
M204 P2000
;TYPE:Gap infill
;WIDTH:0.1115
G1 F6000
G2 X114.476 Y105.196 I-5.042 J1.772 E.0017
G1 X114.511 Y105.16 F18000
M204 P1000
;TYPE:Top surface
;WIDTH:0.42
G1 F3600
G1 X114.129 Y104.788 E.01621
G1 X113.511 Y104.32 E.02358
G1 X112.84 Y103.932 E.02356
G1 X112.127 Y103.631 E.02355
G1 X111.383 Y103.42 E.02353
G1 X110.618 Y103.303 E.02352
G1 X109.846 Y103.282 E.02351
G1 X109.077 Y103.356 E.02349
G1 X108.324 Y103.525 E.02348
G1 X107.598 Y103.787 E.02346
G1 X106.91 Y104.136 E.02345
G1 X106.272 Y104.567 E.02344
G1 X105.693 Y105.075 E.02342
G1 X105.489 Y105.304 E.00931
G1 X105.399 Y105.436 F18000
M204 P2000
;TYPE:Gap infill
;WIDTH:0.100251
G1 F6000
G1 X105.621 Y105.421 E.00103
G1 X105.489 Y105.888 F18000
M204 P1000
;TYPE:Top surface
;WIDTH:0.42
G1 F3600
G1 X105.746 Y105.565 E.01254
G1 X106.281 Y105.045 E.02269
G1 X106.879 Y104.598 E.0227
G1 X107.53 Y104.232 E.02272
G1 X108.223 Y103.951 E.02273
G1 X108.947 Y103.762 E.02275
G1 X109.689 Y103.667 E.02277
G1 X110.438 Y103.667 E.02278
G1 X111.181 Y103.763 E.02279
G1 X111.907 Y103.954 E.02281
G1 X112.602 Y104.236 E.02282
G1 X113.257 Y104.604 E.02284
G1 X113.859 Y105.053 E.02285
G1 X114.4 Y105.576 E.02287
G1 X114.511 Y105.715 E.00542
G1 X114.473 Y105.746 F18000
M204 P2000
;TYPE:Gap infill
;WIDTH:0.191625
G1 F6000
G1 X114.592 Y106.081 E.00427
G1 E-2.14428
;WIPE_START
G1 X114.473 Y105.746 E-.35572
;WIPE_END
G1 X114.511 Y98.5 F18000
G1 E2.5 F6000
M204 P1000
;TYPE:Top surface
;WIDTH:0.42
G1 F3600
G1 X113.967 Y98.282 E.01782
G1 X112.943 Y97.977 E.0325
G1 X111.896 Y97.765 E.03249
G1 X110.834 Y97.647 E.03248
G1 X109.767 Y97.625 E.03247
G1 X108.702 Y97.7 E.03247
G1 X107.648 Y97.869 E.03246
G1 X106.614 Y98.133 E.03245
G1 X105.489 Y98.543 E.03642
G1 X105.479 Y98.34 F18000
M204 P2000
;TYPE:Gap infill
;WIDTH:0.156176
G1 F6000
G1 X105.448 Y98.174 E.00154
;WIDTH:0.133507
G1 X105.417 Y98.008 E.00123
G1 X105.489 Y98.142 F18000
M204 P1000
;TYPE:Top surface
;WIDTH:0.42
G1 F3600
G1 X106.117 Y97.897 E.0205
G1 X107.157 Y97.594 E.03296
G1 X108.221 Y97.384 E.03297
G1 X109.299 Y97.268 E.03298
G1 X110.383 Y97.249 E.03298
G1 X111.465 Y97.326 E.03299
G1 X112.537 Y97.498 E.033
G1 X113.589 Y97.763 E.033
G1 X114.511 Y98.086 E.02971
G1 X114.511 Y97.689 F18000
G1 F3600
G1 X114.148 Y97.547 E.01185
G1 X113.091 Y97.237 E.03351
G1 X112.011 Y97.019 E.0335
G1 X110.916 Y96.897 E.0335
G1 X109.815 Y96.87 E.03349
G1 X108.717 Y96.939 E.03348
G1 X107.628 Y97.104 E.03348
G1 X106.559 Y97.363 E.03347
G1 X105.489 Y97.726 E.03435
G1 E-1.75 F6000
;WIPE_START
G1 F3600
G1 X106.436 Y97.404 E-.75
;WIPE_END
G1 X105.489 Y93.759 F18000
G1 E2.5 F6000
G1 F3600
G1 X106.064 Y93.591 E.01823
G1 X107.292 Y93.332 E.03815
G1 X108.535 Y93.168 E.03815
G1 X109.788 Y93.099 E.03816
G1 X111.042 Y93.126 E.03816
G1 X112.291 Y93.249 E.03817
G1 X113.527 Y93.467 E.03817
G1 X114.511 Y93.72 E.03088
G1 X114.487 Y93.519 F18000
M204 P2000
;TYPE:Gap infill
;WIDTH:0.147176
G1 F6000
G1 X114.533 Y93.139 E.00322
;WIDTH:0.108392
G1 X114.578 Y92.759 E.00202
G1 X114.564 Y92.717 E.00023
;WIDTH:0.130639
G1 X114.551 Y92.701 E.00015
;WIDTH:0.156358
G1 X114.538 Y92.684 E.00019
;WIDTH:0.147637
G1 X114.56 Y92.529 E.00133
;WIDTH:0.100388
G1 X114.581 Y92.373 E.00073
G1 X114.513 Y92.153 E.00107
G1 X114.511 Y92.162 F18000
M204 P1000
;TYPE:Top surface
;WIDTH:0.42
G1 F3600
G1 X113.789 Y91.981 E.02264
G1 X112.497 Y91.755 E.03989
G1 X111.192 Y91.624 E.03988
G1 X109.881 Y91.59 E.03988
G1 X108.572 Y91.651 E.03987
G1 X107.27 Y91.807 E.03987
G1 X105.984 Y92.059 E.03986
G1 X105.489 Y92.194 E.0156
G1 X105.472 Y92.003 F18000
M204 P2000
;TYPE:Gap infill
;WIDTH:0.151197
G1 F6000
G1 X105.445 Y91.812 E.00168
;WIDTH:0.130316
G1 X105.418 Y91.622 E.00136
G1 X105.489 Y92.58 F18000
M204 P1000
;TYPE:Top surface
;WIDTH:0.42
G1 F3600
G1 X106.483 Y92.334 E.03115
G1 X107.762 Y92.117 E.03944
G1 X109.053 Y91.995 E.03945
G1 X110.35 Y91.968 E.03945
G1 X111.646 Y92.038 E.03946
G1 X112.933 Y92.203 E.03946
G1 X114.204 Y92.462 E.03947
G1 X114.511 Y92.549 E.00969
G1 X114.486 Y92.737 F18000
M204 P2000
;TYPE:Gap infill
;WIDTH:0.14617
G1 F6000
G1 X114.532 Y92.361 E.00315
;WIDTH:0.106874
G1 X114.579 Y91.985 E.00195
G1 X114.566 Y91.945 E.00022
;WIDTH:0.127072
G1 X114.553 Y91.929 E.00014
;WIDTH:0.16299
G1 X114.541 Y91.913 E.0002
G1 X114.573 Y91.622 E.00283
G1 X114.511 Y91.769 F18000
M204 P1000
;TYPE:Top surface
;WIDTH:0.42
G1 F3600
G1 X114.262 Y91.713 E.00776
G1 X114.251 Y91.76 F18000
M204 P2000
;TYPE:Gap infill
;WIDTH:0.264163
G1 F6000
G1 X113.928 Y91.72 E.00581
;WIDTH:0.238101
G1 X113.914 Y91.718 E.00023
;WIDTH:0.219663
G1 X113.903 Y91.686 E.00048
;WIDTH:0.185296
G1 X113.893 Y91.654 E.00039
;WIDTH:0.15093
G1 X113.883 Y91.622 E.00029
;WIDTH:0.111749
G1 X113.903 Y91.437 E.00103
G1 X113.888 Y91.393 E.00026
;WIDTH:0.126868
G1 X113.869 Y91.369 E.00021
G1 X113.902 Y91.053 E.00215
G1 X113.886 Y91.007 E.00033
;WIDTH:0.129473
G1 X113.869 Y90.986 E.00019
G1 X113.902 Y90.668 E.00223
;WIDTH:0.0958661
G1 X113.903 Y90.622 E.0002
G1 X113.935 Y90.51 F18000
;WIDTH:0.251382
G1 F6000
G1 X106.065 Y90.51 E.13234
G1 X106.229 Y90.642 F18000
;WIDTH:0.0998611
G1 F6000
G1 X106.106 Y90.656 E.00057
G1 X106.097 Y90.692 E.00017
;WIDTH:0.110386
G1 X106.115 Y90.851 E.00087
;WIDTH:0.145149
G1 X106.132 Y91.01 E.00132
G1 X106.113 Y91.034 E.00026
;WIDTH:0.126832
G1 X106.097 Y91.079 E.00032
G1 X106.132 Y91.396 E.00216
G1 X106.114 Y91.418 E.00019
G1 X106.193 Y91.395 F18000
;WIDTH:0.180961
G1 F6000
G1 X105.878 Y91.89 E.00653
G1 X106.163 Y91.644 F18000
M204 P1000
;TYPE:Top surface
;WIDTH:0.42
G1 F3600
G1 X106.896 Y91.487 E.02282
G1 X108.209 Y91.306 E.04029
G1 X109.53 Y91.219 E.04029
G1 X110.855 Y91.229 E.0403
G1 X112.176 Y91.334 E.0403
G1 X113.486 Y91.535 E.04031
G1 X113.837 Y91.616 E.01096
G1 X113.837 Y91.232 F18000
G1 F3600
G1 X113.314 Y91.12 E.01628
G1 X111.988 Y90.934 E.04072
G1 X110.653 Y90.844 E.04071
G1 X109.314 Y90.849 E.04071
G1 X107.98 Y90.951 E.0407
G1 X106.656 Y91.148 E.0407
G1 X106.163 Y91.258 E.01538
G1 X106.163 Y90.871 F18000
G1 F3600
G3 X107.02 Y90.713 I1.542 J5.949 E.02655
G1 X107.028 Y90.761 F18000
M204 P2000
;TYPE:Gap infill
;WIDTH:0.262858
G1 F6000
G1 X107.336 Y90.738 E.00548
;WIDTH:0.243318
G1 X107.644 Y90.716 E.00499
;WIDTH:0.204239
G1 X107.952 Y90.693 E.00402
;WIDTH:0.160332
G1 X108.6 Y90.668 E.00615
;WIDTH:0.112161
G1 X109.244 Y90.644 E.0036
G1 X110.813 Y90.644 F18000
;WIDTH:0.127815
G1 F6000
G1 X111.411 Y90.664 E.00409
;WIDTH:0.147637
G1 X112.008 Y90.684 E.00505
;WIDTH:0.190552
G1 X112.385 Y90.71 E.0045
;WIDTH:0.236635
G1 X112.758 Y90.736 E.00583
;WIDTH:0.282445
G1 X113.13 Y90.762 E.00721
G1 X113.137 Y90.713 F18000
M204 P1000
;TYPE:Top surface
;WIDTH:0.42
G1 F3600
G3 X113.837 Y90.848 I-.6 J4.991 E.02171
G1 E-1.75 F6000
;WIPE_START
G1 F3600
G1 X113.137 Y90.713 E-.75
;WIPE_END
G1 X105.414 Y106.984 F18000
G1 E2.5 F6000
M204 P2000
;TYPE:Gap infill
;WIDTH:0.116552
G1 X105.526 Y106.554 E.00264
G1 X105.489 Y106.532 F18000
M204 P1000
;TYPE:Top surface
;WIDTH:0.42
G1 F3600
G1 X105.571 Y106.393 E.00492
G1 X106.018 Y105.826 E.02192
G1 X106.535 Y105.324 E.02194
G1 X107.116 Y104.895 E.02196
G1 X107.748 Y104.546 E.02197
G1 X108.422 Y104.283 E.02199
G1 X109.125 Y104.113 E.022
G1 X109.845 Y104.036 E.02202
G1 X110.569 Y104.056 E.02204
G1 X111.285 Y104.171 E.02205
G1 X111.98 Y104.38 E.02207
G1 X112.642 Y104.679 E.02208
G1 X113.259 Y105.062 E.0221
G1 X113.82 Y105.524 E.02212
G1 X114.316 Y106.057 E.02213
G1 X114.511 Y106.33 E.0102
G1 X114.475 Y106.356 F18000
M204 P2000
;TYPE:Gap infill
;WIDTH:0.142314
G1 F6000
G1 X114.589 Y106.738 E.0032
G1 X114.511 Y107.03 F18000
M204 P1000
;TYPE:Top surface
;WIDTH:0.42
G1 F3600
G1 X114.354 Y106.747 E.00984
G1 X113.932 Y106.185 E.02138
G1 X113.438 Y105.686 E.02136
G1 X112.881 Y105.26 E.02134
G1 X112.271 Y104.913 E.02132
G1 X111.62 Y104.654 E.02131
G1 X110.941 Y104.486 E.02129
G1 X110.245 Y104.412 E.02127
G1 X109.547 Y104.435 E.02126
G1 X108.858 Y104.553 E.02124
G1 X108.193 Y104.764 E.02122
G1 X107.564 Y105.064 E.0212
G1 X106.982 Y105.448 E.02119
G1 X106.46 Y105.908 E.02117
G1 X106.005 Y106.434 E.02115
G1 X105.628 Y107.018 E.02113
G1 X105.489 Y107.317 E.01004
G1 X105.53 Y107.336 F18000
M204 P2000
;TYPE:Gap infill
;WIDTH:0.242143
G1 F6000
G1 X105.502 Y107.487 E.00247
;WIDTH:0.198151
G1 X105.474 Y107.638 E.00192
;WIDTH:0.154159
G1 X105.445 Y107.789 E.00138
;WIDTH:0.132163
G1 X105.417 Y107.94 E.00111
G1 E-2.34641
;WIPE_START
G1 X105.445 Y107.789 E-.15359
;WIPE_END
G1 X110.292 Y109.929 F18000
G1 E2.5 F6000
;WIDTH:0.31033
G1 X110.328 Y109.562 E.00796
G2 X110.309 Y109.439 I-.531 J.019 E.00268
;WIDTH:0.33071
G1 X110.232 Y109.354 E.00268
;WIDTH:0.348158
G1 X109.844 Y109.206 E.01023
G1 X110 Y109.5 F18000
M204 P1000
;TYPE:Top surface
;WIDTH:0.42
G1 F3600
G1 X110 Y109.877 E.01147
G1 X109.803 Y109.856 E.00604
G1 X109.634 Y109.739 E.00624
G1 X109.538 Y109.55 E.00644
G1 X109.537 Y109.333 E.00662
G1 X109.635 Y109.132 E.00679
G1 X109.813 Y108.988 E.00696
G1 X110.04 Y108.932 E.00712
G1 X110.275 Y108.973 E.00727
G1 X110.478 Y109.108 E.00741
G1 X110.615 Y109.315 E.00755
G1 X110.663 Y109.563 E.00768
G1 X110.612 Y109.815 E.00781
G1 X110.469 Y110.034 E.00794
G1 X110.254 Y110.188 E.00806
G1 X109.993 Y110.255 E.00818
G1 X109.722 Y110.225 E.00829
G1 X109.475 Y110.1 E.00841
G1 X109.284 Y109.896 E.00851
G1 X109.172 Y109.635 E.00862
G1 X109.154 Y109.349 E.00872
G1 X109.233 Y109.07 E.00883
G1 X109.401 Y108.829 E.00892
G1 X109.641 Y108.654 E.00902
G1 X109.927 Y108.565 E.00912
G1 X110.23 Y108.571 E.00921
G1 X110.518 Y108.673 E.0093
G1 X110.763 Y108.861 E.00939
G1 X110.939 Y109.118 E.00948
G1 X111.029 Y109.419 E.00956
G1 X111.024 Y109.736 E.00965
G1 X110.922 Y110.04 E.00973
G1 X110.734 Y110.301 E.00981
G1 X110.474 Y110.498 E.00989
G1 X110.166 Y110.61 E.00997
G1 X109.837 Y110.628 E.01005
G1 X109.513 Y110.55 E.01012
G1 X109.223 Y110.381 E.0102
G1 X108.992 Y110.135 E.01027
G1 X108.838 Y109.832 E.01035
G1 X108.774 Y109.495 E.01042
G1 X108.807 Y109.152 E.01049
G1 X108.935 Y108.829 E.01056
G1 X109.147 Y108.551 E.01063
G1 X109.429 Y108.341 E.0107
G1 X109.759 Y108.214 E.01077
G1 X110.114 Y108.18 E.01083
G1 X110.467 Y108.243 E.0109
G1 X110.792 Y108.398 E.01096
G1 X111.067 Y108.635 E.01103
G1 X111.27 Y108.938 E.01109
G1 X111.388 Y109.285 E.01116
G1 X111.412 Y109.653 E.01122
G1 X111.34 Y110.017 E.01128
G1 X111.176 Y110.351 E.01134
G1 X110.93 Y110.635 E.0114
G1 X110.619 Y110.847 E.01146
G1 X110.262 Y110.975 E.01152
G1 X109.883 Y111.008 E.01158
G1 X109.506 Y110.946 E.01163
G1 X109.154 Y110.791 E.01169
G1 X108.851 Y110.552 E.01175
G1 X108.614 Y110.244 E.0118
G1 X108.46 Y109.886 E.01186
G1 X108.397 Y109.499 E.01192
G1 X108.431 Y109.107 E.01197
G1 X108.559 Y108.733 E.01202
G1 X108.775 Y108.4 E.01208
G1 X109.066 Y108.127 E.01213
G1 X109.415 Y107.93 E.01218
G1 X109.802 Y107.822 E.01224
G1 X110.206 Y107.808 E.01229
G1 X110.603 Y107.891 E.01234
G1 X110.972 Y108.065 E.01239
G1 X111.29 Y108.322 E.01244
G1 X111.541 Y108.647 E.01249
G1 X111.71 Y109.024 E.01254
G1 X111.787 Y109.43 E.01259
G1 X111.769 Y109.845 E.01264
G1 X111.656 Y110.247 E.01269
G1 X111.453 Y110.613 E.01273
G1 X111.171 Y110.925 E.01278
G1 X110.824 Y111.165 E.01283
G1 X110.431 Y111.321 E.01288
G1 X110.011 Y111.385 E.01292
G1 X109.586 Y111.353 E.01297
G1 X109.177 Y111.226 E.01302
G1 X108.805 Y111.01 E.01306
G1 X108.49 Y110.716 E.01311
G1 X108.247 Y110.359 E.01315
G1 X108.088 Y109.955 E.0132
G1 X108.021 Y109.525 E.01324
G1 X108.051 Y109.089 E.01329
G1 X108.175 Y108.669 E.01333
G1 X108.389 Y108.284 E.01337
G1 X108.682 Y107.954 E.01342
G1 X109.04 Y107.695 E.01346
G1 X109.447 Y107.518 E.0135
G1 X109.884 Y107.433 E.01355
G1 X110.331 Y107.443 E.01359
G1 X110.767 Y107.549 E.01363
G1 X111.171 Y107.745 E.01367
G1 X111.525 Y108.024 E.01371
G1 X111.813 Y108.373 E.01375
G1 X112.022 Y108.776 E.0138
G1 X112.141 Y109.215 E.01384
G1 X112.166 Y109.67 E.01388
G1 X112.095 Y110.122 E.01392
G1 X111.931 Y110.551 E.01396
G1 X111.68 Y110.937 E.014
G1 X111.354 Y111.263 E.01404
G1 X110.966 Y111.516 E.01408
G1 X110.534 Y111.684 E.01412
G1 X110.074 Y111.759 E.01415
G1 X109.608 Y111.739 E.01419
G1 X109.155 Y111.623 E.01423
G1 X108.733 Y111.417 E.01427
G1 X108.362 Y111.128 E.01431
G1 X108.056 Y110.769 E.01435
G1 X107.828 Y110.355 E.01438
G1 X107.688 Y109.902 E.01442
G1 X107.643 Y109.429 E.01446
G1 X107.693 Y108.955 E.0145
G1 X107.838 Y108.499 E.01453
G1 X108.071 Y108.081 E.01457
G1 X108.384 Y107.717 E.01461
G1 X108.764 Y107.421 E.01464
G1 X109.196 Y107.206 E.01468
G1 X109.663 Y107.081 E.01471
G1 X110.147 Y107.05 E.01475
G1 X110.629 Y107.115 E.01479
G1 X111.09 Y107.274 E.01482
G1 X111.511 Y107.521 E.01486
G1 X111.877 Y107.846 E.01489
G1 X112.173 Y108.237 E.01493
G1 X112.388 Y108.68 E.01496
G1 X112.514 Y109.157 E.015
G1 X112.544 Y109.65 E.01503
G1 X112.479 Y110.141 E.01507
G1 X112.32 Y110.611 E.0151
G1 X112.072 Y111.043 E.01513
G1 X111.746 Y111.42 E.01517
G1 X111.353 Y111.728 E.0152
G1 X110.907 Y111.956 E.01523
G1 X110.424 Y112.095 E.01527
G1 X109.923 Y112.14 E.0153
G1 X109.422 Y112.089 E.01533
G1 X108.938 Y111.943 E.01537
G1 X108.489 Y111.708 E.0154
G1 X108.092 Y111.392 E.01543
G1 X107.761 Y111.006 E.01547
G1 X107.508 Y110.564 E.0155
G1 X107.342 Y110.081 E.01553
G1 X107.269 Y109.575 E.01556
G1 X107.292 Y109.062 E.01559
G1 X107.41 Y108.562 E.01563
G1 X107.619 Y108.092 E.01566
G1 X107.913 Y107.668 E.01569
G1 X108.281 Y107.305 E.01572
G1 X108.71 Y107.015 E.01575
G1 X109.187 Y106.81 E.01578
G1 X109.694 Y106.695 E.01582
G1 X110.215 Y106.675 E.01585
G1 X110.731 Y106.752 E.01588
G1 X111.226 Y106.922 E.01591
G1 X111.682 Y107.18 E.01594
G1 X112.084 Y107.517 E.01597
G1 X112.419 Y107.923 E.016
G1 X112.675 Y108.384 E.01603
G1 X112.844 Y108.884 E.01606
G1 X112.919 Y109.408 E.01609
G1 X112.899 Y109.938 E.01612
G1 X112.783 Y110.456 E.01615
G1 X112.575 Y110.946 E.01618
G1 X112.282 Y111.391 E.01621
G1 X111.914 Y111.777 E.01624
G1 X111.481 Y112.092 E.01627
G1 X110.999 Y112.325 E.0163
G1 X110.481 Y112.468 E.01633
G1 X109.946 Y112.517 E.01636
G1 X109.409 Y112.47 E.01639
G1 X108.888 Y112.328 E.01641
G1 X108.4 Y112.096 E.01644
G1 X107.959 Y111.781 E.01647
G1 X107.581 Y111.392 E.0165
G1 X107.277 Y110.942 E.01653
G1 X107.055 Y110.444 E.01656
G1 X106.925 Y109.915 E.01659
G1 X106.889 Y109.37 E.01661
G1 X106.95 Y108.826 E.01664
G1 X107.104 Y108.3 E.01667
G1 X107.349 Y107.808 E.0167
G1 X107.675 Y107.366 E.01673
G1 X108.075 Y106.987 E.01675
G1 X108.535 Y106.682 E.01678
G1 X109.041 Y106.461 E.01681
G1 X109.579 Y106.331 E.01684
G1 X110.133 Y106.295 E.01686
G1 X110.685 Y106.356 E.01689
G1 X111.219 Y106.511 E.01692
G1 X111.72 Y106.755 E.01695
G1 X112.171 Y107.083 E.01697
G1 X112.561 Y107.484 E.017
G1 X112.877 Y107.946 E.01703
G1 X113.11 Y108.456 E.01705
G1 X113.252 Y108.999 E.01708
G1 X113.3 Y109.56 E.01711
G1 X113.252 Y110.121 E.01713
G1 X113.109 Y110.667 E.01716
G1 X112.876 Y111.182 E.01719
G1 X112.558 Y111.65 E.01721
G1 X112.165 Y112.058 E.01724
G1 X111.708 Y112.395 E.01726
G1 X111.2 Y112.651 E.01729
G1 X110.656 Y112.818 E.01732
G1 X110.09 Y112.891 E.01734
G1 X109.52 Y112.868 E.01737
G1 X108.96 Y112.75 E.01739
G1 X108.427 Y112.54 E.01742
G1 X107.937 Y112.243 E.01745
G1 X107.501 Y111.868 E.01747
G1 X107.134 Y111.425 E.0175
G1 X106.845 Y110.927 E.01752
G1 X106.643 Y110.386 E.01755
G1 X106.532 Y109.819 E.01757
G1 X106.517 Y109.241 E.0176
G1 X106.598 Y108.667 E.01762
G1 X106.773 Y108.114 E.01765
G1 X107.037 Y107.596 E.01767
G1 X107.383 Y107.128 E.0177
G1 X107.801 Y106.723 E.01772
G1 X108.282 Y106.391 E.01775
G1 X108.81 Y106.143 E.01777
G1 X109.373 Y105.984 E.0178
G1 X109.956 Y105.919 E.01782
G1 X110.542 Y105.95 E.01785
G1 X111.116 Y106.076 E.01787
G1 X111.662 Y106.294 E.01789
G1 X112.166 Y106.599 E.01792
G1 X112.615 Y106.982 E.01794
G1 X112.996 Y107.433 E.01797
G1 X113.3 Y107.941 E.01799
G1 X113.518 Y108.491 E.01801
G1 X113.644 Y109.071 E.01804
G1 X113.676 Y109.664 E.01806
G1 X113.611 Y110.255 E.01809
G1 X113.452 Y110.829 E.01811
G1 X113.202 Y111.37 E.01813
G1 X112.868 Y111.865 E.01816
G1 X112.459 Y112.301 E.01818
G1 X111.985 Y112.666 E.0182
G1 X111.458 Y112.952 E.01823
G1 X110.891 Y113.149 E.01825
G1 X110.299 Y113.254 E.01827
G1 X109.698 Y113.263 E.0183
G1 X109.102 Y113.177 E.01832
G1 X108.526 Y112.997 E.01834
G1 X107.986 Y112.727 E.01837
G1 X107.494 Y112.375 E.01839
G1 X107.064 Y111.949 E.01841
G1 X106.706 Y111.46 E.01844
G1 X106.429 Y110.92 E.01846
G1 X106.241 Y110.342 E.01848
G1 X106.146 Y109.741 E.0185
G1 X106.147 Y109.132 E.01853
G1 X106.243 Y108.529 E.01855
G1 X106.433 Y107.949 E.01857
G1 X106.712 Y107.405 E.0186
G1 X107.073 Y106.91 E.01862
G1 X107.507 Y106.478 E.01864
G1 X108.004 Y106.118 E.01866
G1 X108.552 Y105.839 E.01868
G1 X109.137 Y105.65 E.01871
G1 X109.745 Y105.553 E.01873
G1 X110.361 Y105.552 E.01875
G1 X110.971 Y105.646 E.01877
G1 X111.56 Y105.835 E.0188
G1 X112.113 Y106.112 E.01882
G1 X112.617 Y106.472 E.01884
G1 X113.06 Y106.906 E.01886
G1 X113.431 Y107.404 E.01888
G1 X113.721 Y107.953 E.01891
G1 X113.924 Y108.542 E.01893
G1 X114.034 Y109.155 E.01895
G1 X114.048 Y109.779 E.01897
G1 X113.967 Y110.398 E.01899
G1 X113.791 Y110.998 E.01901
G1 X113.525 Y111.565 E.01903
G1 X113.176 Y112.085 E.01906
G1 X112.751 Y112.546 E.01908
G1 X112.259 Y112.937 E.0191
G1 X111.714 Y113.249 E.01912
G1 X111.126 Y113.475 E.01914
G1 X110.51 Y113.609 E.01916
G1 X109.881 Y113.648 E.01918
G1 X109.252 Y113.591 E.01921
G1 X108.638 Y113.439 E.01923
G1 X108.054 Y113.196 E.01925
G1 X107.513 Y112.867 E.01927
G1 X107.027 Y112.46 E.01929
G1 X106.607 Y111.983 E.01931
G1 X106.264 Y111.448 E.01933
G1 X106.005 Y110.867 E.01935
G1 X105.836 Y110.253 E.01937
G1 X105.761 Y109.619 E.01939
G1 X105.782 Y108.981 E.01941
G1 X105.899 Y108.353 E.01943
G1 X106.108 Y107.749 E.01945
G1 X106.406 Y107.182 E.01948
G1 X106.786 Y106.665 E.0195
G1 X107.239 Y106.211 E.01952
G1 X107.755 Y105.828 E.01954
G1 X108.323 Y105.527 E.01956
G1 X108.93 Y105.313 E.01958
G1 X109.563 Y105.192 E.0196
G1 X110.207 Y105.166 E.01962
G1 X110.849 Y105.236 E.01964
G1 X111.475 Y105.4 E.01966
G1 X112.069 Y105.655 E.01968
G1 X112.62 Y105.996 E.0197
G1 X113.115 Y106.415 E.01972
G1 X113.543 Y106.903 E.01974
G1 X113.895 Y107.449 E.01976
G1 X114.162 Y108.042 E.01978
G1 X114.34 Y108.668 E.0198
G1 X114.424 Y109.314 E.01982
G1 X114.412 Y109.966 E.01984
G1 X114.305 Y110.61 E.01986
G1 X114.104 Y111.232 E.01988
G1 X113.814 Y111.818 E.0199
G1 X113.441 Y112.357 E.01992
G1 X112.993 Y112.835 E.01994
G1 X112.479 Y113.243 E.01996
G1 X111.911 Y113.573 E.01998
G1 X111.3 Y113.816 E.01999
G1 X110.66 Y113.968 E.02001
G1 X110.004 Y114.025 E.02003
G1 X109.345 Y113.986 E.02005
G1 X108.699 Y113.852 E.02007
G1 X108.079 Y113.626 E.02009
G1 X107.497 Y113.311 E.02011
G1 X106.966 Y112.916 E.02013
G1 X106.498 Y112.447 E.02015
G1 X106.102 Y111.915 E.02017
G1 X105.786 Y111.331 E.02019
G1 X105.558 Y110.708 E.02021
G1 X105.489 Y110.378 E.01023
G1 X105.529 Y110.37 F18000
M204 P2000
;TYPE:Gap infill
;WIDTH:0.253255
G1 F6000
G1 X105.507 Y110 E.00628
;WIDTH:0.235383
G1 X105.486 Y109.63 E.00575
;WIDTH:0.227528
G3 X105.496 Y108.965 I8.922 J-.192 E.00991
;WIDTH:0.253437
G3 X105.517 Y108.729 I3.203 J.164 E.00403
;WIDTH:0.282981
G1 X105.537 Y108.507 E.00431
G1 X105.489 Y108.496 F18000
M204 P1000
;TYPE:Top surface
;WIDTH:0.42
G1 F3600
G1 X105.585 Y108.078 E.01303
G1 X105.827 Y107.456 E.0203
G1 X106.156 Y106.875 E.02032
G1 X106.565 Y106.345 E.02034
G1 X107.046 Y105.88 E.02036
G1 X107.589 Y105.488 E.02038
G1 X108.183 Y105.177 E.0204
G1 X108.816 Y104.953 E.02041
G1 X109.475 Y104.823 E.02043
G1 X110.147 Y104.787 E.02045
G1 X110.817 Y104.847 E.02047
G1 X111.472 Y105.002 E.02049
G1 X112.1 Y105.249 E.02051
G1 X112.686 Y105.583 E.02053
G1 X113.22 Y105.997 E.02054
G1 X113.69 Y106.483 E.02056
G1 X114.087 Y107.031 E.02058
G1 X114.403 Y107.63 E.0206
G1 X114.511 Y107.932 E.00975
G1 X114.469 Y107.947 F18000
M204 P2000
;TYPE:Gap infill
;WIDTH:0.236823
G1 F6000
G1 X114.492 Y108.113 E.00263
;WIDTH:0.217748
G1 X114.515 Y108.28 E.00237
;WIDTH:0.179597
G1 X114.539 Y108.446 E.00185
;WIDTH:0.141446
G1 X114.562 Y108.612 E.00133
;WIDTH:0.105083
G1 X114.58 Y108.888 E.00138
G1 E-2.22391
;WIPE_START
G1 X114.562 Y108.612 E-.27609
;WIPE_END
G1 X114.581 Y110.23 F18000
G1 E2.5 F6000
;WIDTH:0.123427
G1 X114.562 Y110.45 E.00144
;WIDTH:0.14103
G1 X114.544 Y110.671 E.00175
;WIDTH:0.179409
G1 X114.517 Y110.845 E.00193
;WIDTH:0.219896
G1 X114.491 Y111.01 E.00239
;WIDTH:0.259379
G1 X114.465 Y111.175 E.00292
G1 X114.511 Y111.192 F18000
M204 P1000
;TYPE:Top surface
;WIDTH:0.42
G1 F3600
G1 X114.36 Y111.588 E.01289
G1 X114.031 Y112.185 E.02073
G1 X113.62 Y112.73 E.02074
G1 X113.137 Y113.212 E.02076
G1 X112.59 Y113.622 E.02078
G1 X111.991 Y113.952 E.0208
G1 X111.351 Y114.195 E.02082
G1 X110.683 Y114.346 E.02083
G1 X110 Y114.402 E.02085
G1 X109.315 Y114.362 E.02087
G1 X108.641 Y114.227 E.02089
G1 X107.993 Y114 E.02091
G1 X107.382 Y113.684 E.02092
G1 X106.82 Y113.286 E.02094
G1 X106.319 Y112.813 E.02096
G1 X105.888 Y112.274 E.02098
G1 X105.535 Y111.681 E.02099
G1 X105.489 Y111.571 E.00362
G1 X105.657 Y111.501 F18000
M204 P2000
;TYPE:Gap infill
;WIDTH:0.252475
G1 F6000
G1 X105.508 Y111.44 E.00271
;WIDTH:0.24072
G1 X105.486 Y111.312 E.00208
;WIDTH:0.197134
G1 X105.463 Y111.183 E.00162
;WIDTH:0.153548
G1 X105.44 Y111.055 E.00117
;WIDTH:0.131755
G1 X105.417 Y110.926 E.00094
G1 E-2.36944
;WIPE_START
G1 X105.44 Y111.055 E-.13056
;WIPE_END
G1 X105.489 Y112.342 F18000
G1 E2.5 F6000
M204 P1000
;TYPE:Top surface
;WIDTH:0.42
G1 F3600
G1 X105.57 Y112.477 E.0048
G1 X106.014 Y113.038 E.02176
G1 X106.529 Y113.534 E.02174
G1 X107.105 Y113.956 E.02173
G1 X107.733 Y114.297 E.02171
G1 X108.4 Y114.55 E.02169
G1 X109.094 Y114.711 E.02168
G1 X109.803 Y114.778 E.02166
G1 X110.514 Y114.748 E.02165
G1 X111.214 Y114.623 E.02163
G1 X111.891 Y114.405 E.02161
G1 X112.531 Y114.098 E.0216
G1 X113.124 Y113.708 E.02158
G1 X113.658 Y113.242 E.02156
G1 X114.123 Y112.708 E.02154
G1 X114.511 Y112.119 E.02145
G1 X114.473 Y112.094 F18000
M204 P2000
;TYPE:Gap infill
;WIDTH:0.120313
G1 F6000
G2 X114.583 Y111.585 I-7.619 J-1.915 E.00325
G1 E-1.97952
;WIPE_START
G1 X114.473 Y112.094 E-.52048
;WIPE_END
G1 X114.511 Y112.814 F18000
G1 E2.5 F6000
M204 P1000
;TYPE:Top surface
;WIDTH:0.42
G1 F3600
G1 X114.018 Y113.413 E.02361
G1 X113.477 Y113.91 E.02232
G1 X112.877 Y114.333 E.02234
G1 X112.226 Y114.673 E.02235
G1 X111.535 Y114.927 E.02237
G1 X110.817 Y115.088 E.02238
G1 X110.084 Y115.155 E.0224
G1 X109.347 Y115.125 E.02241
G1 X108.62 Y115.001 E.02243
G1 X107.915 Y114.782 E.02245
G1 X107.244 Y114.474 E.02246
G1 X106.618 Y114.081 E.02248
G1 X106.048 Y113.611 E.02249
G1 X105.489 Y112.994 E.02532
G1 X105.489 Y113.569 F18000
G1 F3600
G1 X105.895 Y113.982 E.01761
G1 X106.494 Y114.455 E.02322
G1 X107.147 Y114.849 E.02321
G1 X107.844 Y115.158 E.02319
G1 X108.574 Y115.377 E.02318
G1 X109.325 Y115.502 E.02316
G1 X110.086 Y115.532 E.02315
G1 X110.844 Y115.465 E.02313
G1 X111.587 Y115.304 E.02312
G1 X112.303 Y115.051 E.02311
G1 X112.981 Y114.71 E.02309
G1 X113.61 Y114.286 E.02308
G1 X114.18 Y113.786 E.02306
G1 X114.511 Y113.412 E.01517
G1 X114.511 Y113.975 F18000
G1 F3600
G1 X114.08 Y114.39 E.01819
G1 X113.454 Y114.859 E.02378
G1 X112.776 Y115.248 E.0238
G1 X112.054 Y115.552 E.02381
G1 X111.3 Y115.765 E.02383
G1 X110.525 Y115.884 E.02384
G1 X109.741 Y115.908 E.02385
G1 X108.96 Y115.835 E.02387
G1 X108.193 Y115.668 E.02388
G1 X107.451 Y115.408 E.02389
G1 X106.747 Y115.06 E.02391
G1 X106.089 Y114.628 E.02392
G1 X105.489 Y114.12 E.02393
G1 X105.489 Y114.62 F18000
G1 F3600
G1 X106.007 Y115.035 E.02017
G1 X106.694 Y115.462 E.02461
G1 X107.426 Y115.805 E.0246
G1 X108.193 Y116.059 E.02458
G1 X108.985 Y116.22 E.02457
G1 X109.79 Y116.286 E.02456
G1 X110.596 Y116.256 E.02454
G1 X111.393 Y116.13 E.02453
G1 X112.169 Y115.911 E.02452
G1 X112.912 Y115.601 E.0245
G1 X113.614 Y115.205 E.02449
G1 X114.262 Y114.729 E.02448
G1 X114.511 Y114.497 E.01035
G1 X114.511 Y114.999 F18000
G1 F3600
G1 X114.094 Y115.334 E.01627
G1 X113.394 Y115.776 E.02516
G1 X112.648 Y116.133 E.02517
G1 X111.864 Y116.401 E.02519
G1 X111.055 Y116.577 E.0252
G1 X110.23 Y116.659 E.02521
G1 X109.401 Y116.644 E.02522
G1 X108.578 Y116.534 E.02523
G1 X107.774 Y116.33 E.02525
G1 X106.998 Y116.034 E.02526
G1 X106.261 Y115.65 E.02527
G1 X105.489 Y115.111 E.02863
G1 X105.399 Y115.287 F18000
M204 P2000
;TYPE:Gap infill
;WIDTH:0.11381
G1 F6000
G1 X105.522 Y115.537 E.00159
G1 X105.489 Y115.586 F18000
M204 P1000
;TYPE:Top surface
;WIDTH:0.42
G1 F3600
G1 X106.131 Y116.011 E.02342
G1 X106.891 Y116.399 E.02592
G1 X107.688 Y116.698 E.02591
G1 X108.514 Y116.906 E.0259
G1 X109.358 Y117.019 E.02589
G1 X110.208 Y117.037 E.02588
G1 X111.055 Y116.959 E.02587
G1 X111.887 Y116.786 E.02585
G1 X112.695 Y116.52 E.02584
G1 X113.466 Y116.165 E.02583
G1 X114.193 Y115.726 E.02582
G1 X114.511 Y115.48 E.01223
G1 X114.511 Y115.959 F18000
G1 F3600
G1 X113.835 Y116.393 E.02441
G1 X113.056 Y116.779 E.02647
G1 X112.238 Y117.078 E.02648
G1 X111.392 Y117.285 E.02649
G1 X110.528 Y117.397 E.0265
G1 X109.656 Y117.414 E.02651
G1 X108.788 Y117.335 E.02652
G1 X107.933 Y117.16 E.02653
G1 X107.102 Y116.893 E.02655
G1 X106.305 Y116.536 E.02656
G1 X105.489 Y116.047 E.02892
G1 X105.399 Y116.219 F18000
M204 P2000
;TYPE:Gap infill
;WIDTH:0.101742
G1 F6000
G1 X105.518 Y116.442 E.0012
G1 X105.489 Y116.49 F18000
M204 P1000
;TYPE:Top surface
;WIDTH:0.42
G1 F3600
G1 X105.99 Y116.797 E.01786
G1 X106.798 Y117.179 E.02718
G1 X107.642 Y117.472 E.02717
G1 X108.512 Y117.672 E.02716
G1 X109.399 Y117.778 E.02715
G1 X110.291 Y117.789 E.02714
G1 X111.179 Y117.703 E.02713
G1 X112.052 Y117.522 E.02712
G1 X112.9 Y117.249 E.02711
G1 X113.714 Y116.887 E.0271
G1 X114.511 Y116.419 E.0281
G1 E-1.75 F6000
;WIPE_START
G1 F3600
G1 X113.714 Y116.887 E-.69306
G1 X113.645 Y116.917 E-.05694
;WIPE_END
G1 X114.511 Y122.27 F18000
G1 E2.5 F6000
G1 F3600
G1 X114.091 Y122.424 E.01361
G1 X112.991 Y122.728 E.03469
G1 X111.87 Y122.937 E.0347
G1 X110.734 Y123.052 E.03471
G1 X109.593 Y123.071 E.03471
G1 X108.454 Y122.993 E.03472
G1 X107.325 Y122.821 E.03473
G1 X106.215 Y122.554 E.03473
G1 X105.489 Y122.314 E.02325
G1 X105.489 Y121.913 F18000
G1 F3600
G1 X106.073 Y122.119 E.01883
G1 X107.162 Y122.402 E.03425
G1 X108.272 Y122.592 E.03424
G1 X109.394 Y122.687 E.03424
G1 X110.519 Y122.685 E.03423
G1 X111.641 Y122.588 E.03422
G1 X112.749 Y122.395 E.03422
G1 X113.837 Y122.109 E.03421
G1 X114.511 Y121.869 E.02177
G1 X114.511 Y121.471 F18000
G1 F3600
G1 X113.643 Y121.774 E.02797
G1 X112.569 Y122.048 E.03372
G1 X111.475 Y122.229 E.03372
G1 X110.369 Y122.314 E.03373
G1 X109.26 Y122.303 E.03374
G1 X108.155 Y122.196 E.03375
G1 X107.064 Y121.994 E.03375
G1 X105.994 Y121.699 E.03376
G1 X105.489 Y121.511 E.01639
G1 X105.489 Y121.108 F18000
G1 F3600
G1 X105.992 Y121.301 E.01638
G1 X107.043 Y121.602 E.03326
G1 X108.117 Y121.81 E.03325
G1 X109.204 Y121.922 E.03325
G1 X110.297 Y121.939 E.03324
G1 X111.387 Y121.859 E.03323
G1 X112.465 Y121.685 E.03322
G1 X113.524 Y121.416 E.03322
G1 X114.511 Y121.071 E.03181
G1 X114.511 Y120.666 F18000
G1 F3600
G1 X113.492 Y121.032 E.03291
G1 X112.451 Y121.302 E.03271
G1 X111.39 Y121.479 E.03272
G1 X110.317 Y121.561 E.03272
G1 X109.241 Y121.546 E.03273
G1 X108.171 Y121.436 E.03274
G1 X107.114 Y121.231 E.03275
G1 X106.079 Y120.933 E.03275
G1 X105.489 Y120.704 E.01924
G1 X105.489 Y119.896 F18000
G1 F3600
G1 X106.572 Y120.3 E.03514
G1 X107.58 Y120.564 E.03171
G1 X108.609 Y120.734 E.0317
G1 X109.648 Y120.809 E.0317
G1 X110.69 Y120.788 E.03169
G1 X111.725 Y120.671 E.03168
G1 X112.745 Y120.459 E.03167
G1 X113.74 Y120.155 E.03167
G1 X114.511 Y119.839 E.02533
G1 X114.511 Y120.256 F18000
G1 F3600
G1 X113.561 Y120.614 E.03088
G1 X112.541 Y120.897 E.03219
G1 X111.499 Y121.085 E.0322
G1 X110.444 Y121.179 E.03221
G1 X109.385 Y121.176 E.03221
G1 X108.33 Y121.078 E.03222
G1 X107.288 Y120.885 E.03223
G1 X106.268 Y120.598 E.03224
G1 X105.489 Y120.301 E.02535
G1 X105.553 Y120.133 F18000
M204 P2000
;TYPE:Gap infill
;WIDTH:0.129791
G1 F6000
G1 X105.495 Y120.157 E.00044
;WIDTH:0.174407
G1 X105.467 Y120.169 E.00033
G1 X105.417 Y120.438 E.0029
G1 X105.48 Y120.5 F18000
;WIDTH:0.157746
G1 F6000
G1 X105.449 Y120.669 E.0016
;WIDTH:0.134554
G1 X105.417 Y120.839 E.00127
G1 X105.48 Y120.903 F18000
;WIDTH:0.157715
G1 F6000
G1 X105.449 Y121.073 E.00161
;WIDTH:0.134534
G1 X105.417 Y121.244 E.00128
G1 X105.479 Y121.306 F18000
;WIDTH:0.156696
G1 F6000
G1 X105.448 Y121.479 E.00161
;WIDTH:0.133854
G1 X105.417 Y121.651 E.00128
G1 X105.478 Y121.708 F18000
;WIDTH:0.155357
G1 F6000
G1 X105.447 Y121.884 E.00161
;WIDTH:0.132961
G1 X105.417 Y122.059 E.00129
G1 X105.476 Y122.108 F18000
;WIDTH:0.154007
G1 F6000
G1 X105.447 Y122.288 E.00164
;WIDTH:0.132062
G1 X105.418 Y122.469 E.00132
G1 X105.474 Y122.507 F18000
;WIDTH:0.152715
G1 F6000
G1 X105.446 Y122.695 E.00168
;WIDTH:0.1312
G1 X105.418 Y122.883 E.00135
G1 X105.48 Y122.911 F18000
;WIDTH:0.157841
G1 F6000
G1 X105.449 Y123.085 E.00165
;WIDTH:0.134618
G1 X105.417 Y123.26 E.00131
G1 X105.475 Y123.313 F18000
;WIDTH:0.152715
G1 F6000
G1 X105.446 Y123.486 E.00155
;WIDTH:0.1312
G1 X105.417 Y123.659 E.00125
G1 X105.473 Y123.702 F18000
;WIDTH:0.1512
G1 F6000
G1 X105.445 Y123.882 E.00159
;WIDTH:0.13019
G1 X105.418 Y124.062 E.00128
G1 X105.489 Y123.9 F18000
M204 P1000
;TYPE:Top surface
;WIDTH:0.42
G1 F3600
G1 X105.97 Y124.052 E.01533
G1 X107.143 Y124.322 E.03661
G1 X108.333 Y124.497 E.0366
G1 X109.534 Y124.578 E.0366
G1 X110.737 Y124.562 E.03659
G1 X111.935 Y124.451 E.03659
G1 X113.12 Y124.244 E.03658
G1 X114.284 Y123.944 E.03658
G1 X114.511 Y123.866 E.0073
G1 X114.511 Y123.465 F18000
G1 F3600
G1 X113.942 Y123.651 E.0182
G1 X112.787 Y123.928 E.03612
G1 X111.614 Y124.111 E.03612
G1 X110.429 Y124.198 E.03613
G1 X109.241 Y124.19 E.03613
G1 X108.057 Y124.085 E.03614
G1 X106.886 Y123.886 E.03615
G1 X105.734 Y123.592 E.03615
G1 X105.489 Y123.508 E.00788
G1 X105.489 Y123.12 F18000
G1 F3600
G1 X106.636 Y123.443 E.03623
G1 X107.787 Y123.667 E.03568
G1 X108.953 Y123.795 E.03568
G1 X110.126 Y123.828 E.03567
G1 X111.297 Y123.765 E.03566
G1 X112.458 Y123.606 E.03566
G1 X113.603 Y123.353 E.03565
G1 X114.511 Y123.072 E.02891
G1 X114.511 Y122.677 F18000
G1 F3600
G1 X113.281 Y123.046 E.03907
G1 X112.147 Y123.276 E.03518
G1 X110.998 Y123.412 E.03519
G1 X109.842 Y123.452 E.03519
G1 X108.686 Y123.396 E.0352
G1 X107.538 Y123.244 E.0352
G1 X106.407 Y122.998 E.03521
G1 X105.489 Y122.716 E.0292
G1 E-1.75 F6000
;WIPE_START
G1 F3600
G1 X106.407 Y122.998 E-.72015
G1 X106.446 Y123.006 E-.02985
;WIPE_END
G1 X105.489 Y127.032 F18000
G1 E2.5 F6000
G1 F3600
G1 X106.216 Y127.213 E.02279
G1 X107.515 Y127.437 E.0401
G1 X108.827 Y127.566 E.04009
G1 X110.145 Y127.599 E.04009
G1 X111.462 Y127.536 E.04008
G1 X112.77 Y127.377 E.04008
G1 X114.063 Y127.124 E.04007
G1 X114.511 Y127.002 E.01413
G1 X114.533 Y127.191 F18000
M204 P2000
;TYPE:Gap infill
;WIDTH:0.0915219
G1 F6000
G1 X114.579 Y127.568 E.00149
G1 X114.565 Y127.609 E.00017
;WIDTH:0.128114
G1 X114.541 Y127.64 E.00027
G1 X114.576 Y127.969 E.00227
G1 X114.559 Y128.015 E.00034
;WIDTH:0.145009
G1 X114.541 Y128.038 E.00024
G1 X114.561 Y128.204 E.00137
;WIDTH:0.107093
G1 X114.582 Y128.369 E.00086
G1 X114.511 Y128.168 F18000
M204 P1000
;TYPE:Top surface
;WIDTH:0.42
G1 F3600
G1 X114.029 Y128.287 E.01509
G1 X114.016 Y128.235 F18000
M204 P2000
;TYPE:Gap infill
;WIDTH:0.280111
G1 F6000
G1 X113.776 Y128.261 E.00463
;WIDTH:0.2381
G1 X113.535 Y128.286 E.00381
;WIDTH:0.195682
G1 X113.29 Y128.312 E.00304
;WIDTH:0.152737
G1 X112.973 Y128.335 E.00281
;WIDTH:0.131217
G1 X112.657 Y128.357 E.00226
G1 E-2.18296
;WIPE_START
G1 X112.973 Y128.335 E-.31704
;WIPE_END
G1 X114.511 Y126.615 F18000
G1 E2.5 F6000
M204 P1000
;TYPE:Top surface
;WIDTH:0.42
G1 F3600
G1 X114.256 Y126.689 E.00808
G1 X112.981 Y126.96 E.03965
G1 X111.689 Y127.136 E.03966
G1 X110.387 Y127.217 E.03966
G1 X109.083 Y127.202 E.03967
G1 X107.783 Y127.091 E.03967
G1 X106.495 Y126.885 E.03968
G1 X105.489 Y126.647 E.03144
G1 X105.489 Y126.262 F18000
G1 F3600
G1 X106.653 Y126.532 E.03635
G1 X107.929 Y126.729 E.03925
G1 X109.215 Y126.831 E.03925
G1 X110.506 Y126.837 E.03924
G1 X111.793 Y126.747 E.03924
G1 X113.069 Y126.561 E.03923
G1 X114.328 Y126.281 E.03923
G1 X114.511 Y126.226 E.0058
G1 X114.511 Y125.834 F18000
G1 F3600
G1 X114.296 Y125.9 E.00683
G1 X113.052 Y126.181 E.0388
G1 X111.79 Y126.368 E.0388
G1 X110.517 Y126.459 E.03881
G1 X109.241 Y126.454 E.03881
G1 X107.968 Y126.354 E.03882
G1 X106.707 Y126.158 E.03882
G1 X105.489 Y125.874 E.03804
G1 X105.489 Y125.482 F18000
G1 F3600
G1 X106.672 Y125.767 E.037
G1 X107.918 Y125.968 E.03839
G1 X109.176 Y126.074 E.03839
G1 X110.438 Y126.084 E.03838
G1 X111.696 Y125.998 E.03838
G1 X112.945 Y125.817 E.03837
G1 X114.176 Y125.542 E.03836
G1 X114.511 Y125.439 E.01065
G1 X114.528 Y124.843 F18000
M204 P2000
;TYPE:Gap infill
;WIDTH:0.129849
G1 F6000
G1 X114.555 Y125.029 E.00132
;WIDTH:0.10901
G1 X114.582 Y125.215 E.001
G1 X114.527 Y125.236 F18000
;WIDTH:0.130412
G1 F6000
G1 X114.555 Y125.421 E.00132
;WIDTH:0.109291
G1 X114.582 Y125.607 E.001
G1 X114.527 Y125.632 F18000
;WIDTH:0.130395
G1 F6000
G1 X114.555 Y125.816 E.00132
;WIDTH:0.109282
G1 X114.582 Y126.001 E.001
G1 X114.528 Y126.026 F18000
;WIDTH:0.129853
G1 F6000
G1 X114.555 Y126.211 E.00131
;WIDTH:0.109011
G1 X114.582 Y126.395 E.00099
G1 X114.529 Y126.418 F18000
;WIDTH:0.128941
G1 F6000
G1 X114.554 Y126.593 E.00123
;WIDTH:0.108556
G1 X114.579 Y126.767 E.00094
;WIDTH:0.0816694
G1 X114.601 Y126.787 E.00009
G1 X114.531 Y126.806 F18000
;WIDTH:0.126077
G1 F6000
G1 X114.556 Y126.992 E.00126
;WIDTH:0.105309
G1 X114.581 Y127.178 E.00095
;WIDTH:0.0961005
G1 X114.512 Y127.396 E.00098
G1 X114.511 Y127.391 F18000
M204 P1000
;TYPE:Top surface
;WIDTH:0.42
G1 F3600
G1 X113.731 Y127.584 E.02442
G1 X112.419 Y127.81 E.04049
G1 X111.094 Y127.941 E.0405
G1 X109.763 Y127.976 E.0405
G1 X108.433 Y127.915 E.04051
G1 X107.11 Y127.759 E.04051
G1 X105.802 Y127.508 E.04051
G1 X105.489 Y127.424 E.00985
G1 X105.489 Y127.814 F18000
G1 F3600
G1 X106.552 Y128.047 E.0331
G1 X107.883 Y128.242 E.04092
G1 X108.506 Y128.287 E.01897
G1 X108.509 Y128.243 F18000
M204 P2000
;TYPE:Gap infill
;WIDTH:0.281695
G1 F6000
G1 X109.134 Y128.257 E.01205
;WIDTH:0.268991
G1 X109.76 Y128.271 E.01141
;WIDTH:0.277951
G2 X111.115 Y128.253 I-19.937 J-1555.183 E.02569
G1 X111.377 Y128.241 E.00497
G1 X111.38 Y128.287 F18000
M204 P1000
;TYPE:Top surface
;WIDTH:0.42
G1 F3600
G1 X111.912 Y128.251 E.01623
G1 X113.244 Y128.062 E.0409
G1 X114.511 Y127.79 E.03941
G1 E-1.75 F6000
;WIPE_START
G1 F3600
G1 X113.533 Y128 E-.75
;WIPE_END
G1 X114.194 Y128.99 F18000
G1 E2.5 F6000
M204 P2000
;TYPE:Gap infill
;WIDTH:0.452234
G1 X105.806 Y128.99 E.27694
G1 X107.223 Y128.357 F18000
;WIDTH:0.105073
G1 F6000
G1 X106.984 Y128.34 E.0012
;WIDTH:0.138864
G1 X106.744 Y128.322 E.00186
;WIDTH:0.173025
G1 X106.499 Y128.304 E.00258
;WIDTH:0.209509
G1 X106.324 Y128.285 E.00237
;WIDTH:0.247533
G1 X106.149 Y128.266 E.00291
;WIDTH:0.285614
G1 X105.974 Y128.247 E.00345
G1 X105.876 Y128.1 E.00347
G1 X105.833 Y128.287 F18000
M204 P1000
;TYPE:Top surface
;WIDTH:0.42
G1 F3600
G3 X105.489 Y128.2 I.448 J-2.478 E.01082
G1 X105.421 Y128.378 F18000
M204 P2000
;TYPE:Gap infill
;WIDTH:0.162477
G1 F6000
G1 X105.46 Y128.064 E.00306
G1 X105.44 Y128.038 E.00032
;WIDTH:0.127103
G1 X105.424 Y127.992 E.00033
G1 X105.459 Y127.673 E.00218
G1 X105.445 Y127.656 E.00015
;WIDTH:0.12261
G1 X105.432 Y127.638 E.00014
;WIDTH:0.104408
G1 X105.42 Y127.601 E.0002
G1 X105.441 Y127.442 E.00079
;WIDTH:0.147811
G1 X105.461 Y127.284 E.00135
;WIDTH:0.15535
G1 X105.448 Y127.267 E.0002
;WIDTH:0.128785
G1 X105.435 Y127.25 E.00015
;WIDTH:0.125692
G1 X105.421 Y127.21 E.00029
G1 X105.46 Y126.897 E.00211
G1 X105.437 Y126.868 E.00025
;WIDTH:0.126126
G1 X105.422 Y126.825 E.0003
G1 X105.459 Y126.511 E.00212
G1 X105.438 Y126.484 E.00023
;WIDTH:0.126588
G1 X105.423 Y126.44 E.00031
G1 X105.459 Y126.123 E.00216
G1 X105.437 Y126.095 E.00024
;WIDTH:0.126851
G1 X105.423 Y126.052 E.00031
G1 X105.46 Y125.732 E.00218
G1 X105.436 Y125.702 E.00026
;WIDTH:0.107976
G1 X105.422 Y125.66 E.00023
G1 X105.441 Y125.499 E.00085
;WIDTH:0.147253
G1 X105.46 Y125.338 E.00136
;WIDTH:0.15324
G1 X105.447 Y125.321 E.00019
;WIDTH:0.12702
G1 X105.434 Y125.304 E.00014
;WIDTH:0.107164
G1 X105.421 Y125.264 E.00022
G1 X105.469 Y124.881 E.002
;WIDTH:0.147913
G1 X105.516 Y124.499 E.00327
G1 X105.418 Y124.468 F18000
;WIDTH:0.129577
G1 F6000
G1 X105.445 Y124.28 E.00133
;WIDTH:0.15028
G1 X105.472 Y124.092 E.00165
G1 X105.52 Y124.107 F18000
;WIDTH:0.148385
G1 F6000
G1 X105.47 Y124.487 E.00326
;WIDTH:0.111334
G1 X105.42 Y124.867 E.00211
G1 X105.489 Y125.087 E.00127
G1 X105.489 Y125.087 F18000
M204 P1000
;TYPE:Top surface
;WIDTH:0.42
G1 F3600
G1 X106.564 Y125.359 E.03374
G1 X107.794 Y125.572 E.03795
G1 X109.036 Y125.689 E.03795
G1 X110.284 Y125.711 E.03794
G1 X111.529 Y125.636 E.03794
G1 X112.764 Y125.467 E.03793
G1 X113.983 Y125.202 E.03793
G1 X114.511 Y125.044 E.01676
G1 X114.601 Y124.966 F18000
M204 P2000
;TYPE:Gap infill
;WIDTH:0.108437
G1 F6000
G1 X114.565 Y124.711 E.00136
;WIDTH:0.128741
G1 X114.529 Y124.455 E.00178
G1 X114.511 Y124.265 F18000
M204 P1000
;TYPE:Top surface
;WIDTH:0.42
G1 F3600
G1 X113.44 Y124.559 E.03378
G1 X112.244 Y124.788 E.03703
G1 X111.033 Y124.922 E.03704
G1 X109.816 Y124.96 E.03705
G1 X108.599 Y124.902 E.03705
G1 X107.39 Y124.749 E.03706
G1 X106.197 Y124.501 E.03706
G1 X105.489 Y124.294 E.02243
G1 X105.489 Y124.69 F18000
G1 F3600
G1 X106.401 Y124.937 E.02872
G1 X107.613 Y125.166 E.03751
G1 X108.839 Y125.299 E.03751
G1 X110.071 Y125.337 E.0375
G1 X111.302 Y125.279 E.03749
G1 X112.525 Y125.125 E.03749
G1 X113.733 Y124.877 E.03748
G1 X114.511 Y124.652 E.02464
G1 X114.513 Y124.658 F18000
M204 P2000
;TYPE:Gap infill
;WIDTH:0.0956984
G1 F6000
G1 X114.581 Y124.441 E.00097
;WIDTH:0.105702
G1 X114.555 Y124.25 E.00098
;WIDTH:0.127142
G1 X114.529 Y124.059 E.00131
G1 X114.583 Y124.015 F18000
;WIDTH:0.110516
G1 F6000
G1 X114.553 Y123.837 E.00098
;WIDTH:0.132864
G1 X114.523 Y123.659 E.00131
G1 X114.582 Y123.622 F18000
;WIDTH:0.109613
G1 F6000
G1 X114.554 Y123.444 E.00097
;WIDTH:0.131057
G1 X114.526 Y123.265 E.00128
G1 X114.582 Y123.238 F18000
;WIDTH:0.10913
G1 F6000
G1 X114.555 Y123.055 E.00099
;WIDTH:0.130089
G1 X114.527 Y122.872 E.0013
G1 X114.583 Y122.813 F18000
;WIDTH:0.111641
G1 F6000
G1 X114.551 Y122.64 E.00097
;WIDTH:0.135112
G1 X114.519 Y122.468 E.0013
G1 X114.583 Y122.411 F18000
;WIDTH:0.110928
G1 F6000
G1 X114.552 Y122.238 E.00096
;WIDTH:0.133687
G1 X114.521 Y122.065 E.00128
G1 X114.583 Y122.014 F18000
;WIDTH:0.11051
G1 F6000
G1 X114.553 Y121.84 E.00096
;WIDTH:0.132851
G1 X114.523 Y121.666 E.00128
G1 X114.583 Y121.618 F18000
;WIDTH:0.110438
G1 F6000
G1 X114.553 Y121.443 E.00097
;WIDTH:0.132706
G1 X114.523 Y121.267 E.00129
G1 X114.583 Y121.219 F18000
;WIDTH:0.110718
G1 F6000
G1 X114.552 Y121.041 E.00099
;WIDTH:0.133266
G1 X114.522 Y120.863 E.00131
G1 X114.574 Y120.784 F18000
;WIDTH:0.170805
G1 F6000
G1 X114.517 Y120.455 E.00344
G1 X114.583 Y120.394 F18000
;WIDTH:0.112025
G1 F6000
G1 X114.551 Y120.217 E.001
;WIDTH:0.135881
G1 X114.518 Y120.04 E.00135
G1 X114.583 Y119.967 F18000
;WIDTH:0.112522
G1 F6000
G1 X114.55 Y119.796 E.00098
;WIDTH:0.136874
G1 X114.516 Y119.626 E.00132
G1 X114.511 Y119.42 F18000
M204 P1000
;TYPE:Top surface
;WIDTH:0.42
G1 F3600
G1 X114.038 Y119.638 E.01583
G1 X113.073 Y119.977 E.03113
G1 X112.079 Y120.224 E.03114
G1 X111.067 Y120.377 E.03115
G1 X110.044 Y120.435 E.03115
G1 X109.02 Y120.397 E.03116
G1 X108.004 Y120.263 E.03117
G1 X107.005 Y120.034 E.03118
G1 X106.031 Y119.713 E.03119
G1 X105.489 Y119.477 E.01798
G1 X105.489 Y119.067 F18000
G1 F3600
G1 X105.672 Y119.158 E.00621
G1 X106.612 Y119.52 E.03065
G1 X107.582 Y119.792 E.03064
G1 X108.573 Y119.97 E.03063
G1 X109.577 Y120.052 E.03062
G1 X110.583 Y120.039 E.03061
G1 X111.584 Y119.93 E.03061
G1 X112.569 Y119.726 E.0306
G1 X113.53 Y119.429 E.03059
G1 X114.511 Y119.014 E.0324
G1 X114.511 Y118.583 F18000
G1 F3600
G1 X114.116 Y118.784 E.01347
G1 X113.197 Y119.146 E.03003
G1 X112.248 Y119.416 E.03004
G1 X111.276 Y119.593 E.03005
G1 X110.291 Y119.675 E.03006
G1 X109.302 Y119.661 E.03007
G1 X108.319 Y119.552 E.03007
G1 X107.352 Y119.347 E.03008
G1 X106.408 Y119.05 E.03009
G1 X105.489 Y118.657 E.03039
G1 X105.426 Y118.759 F18000
M204 P2000
;TYPE:Gap infill
;WIDTH:0.195042
G1 F6000
G1 X105.49 Y118.445 E.00393
G1 X105.489 Y118.235 F18000
M204 P1000
;TYPE:Top surface
;WIDTH:0.42
G1 F3600
G1 X106.399 Y118.643 E.03032
G1 X107.321 Y118.948 E.02953
G1 X108.268 Y119.161 E.02952
G1 X109.231 Y119.279 E.02951
G1 X110.201 Y119.301 E.0295
G1 X111.168 Y119.227 E.0295
G1 X112.123 Y119.058 E.02949
G1 X113.056 Y118.796 E.02948
G1 X113.958 Y118.442 E.02947
G1 X114.511 Y118.16 E.01889
G1 X114.511 Y117.73 F18000
G1 F3600
G1 X113.992 Y118.011 E.01795
G1 X113.115 Y118.376 E.02889
G1 X112.205 Y118.651 E.0289
G1 X111.272 Y118.833 E.02891
G1 X110.325 Y118.919 E.02892
G1 X109.374 Y118.91 E.02893
G1 X108.428 Y118.805 E.02894
G1 X107.497 Y118.605 E.02895
G1 X106.591 Y118.313 E.02896
G1 X105.719 Y117.931 E.02897
G1 X105.489 Y117.801 E.00803
G1 X105.489 Y117.372 F18000
G1 F3600
G1 X106.131 Y117.71 E.02207
G1 X106.997 Y118.059 E.02838
G1 X107.893 Y118.316 E.02837
G1 X108.811 Y118.479 E.02836
G1 X109.741 Y118.548 E.02835
G1 X110.673 Y118.52 E.02834
G1 X111.596 Y118.397 E.02833
G1 X112.501 Y118.18 E.02832
G1 X113.38 Y117.87 E.02831
G1 X114.221 Y117.472 E.0283
G1 X114.511 Y117.296 E.01032
G1 X114.511 Y116.861 F18000
G1 F3600
G1 X113.844 Y117.244 E.02338
G1 X113.01 Y117.611 E.02771
G1 X112.142 Y117.889 E.02772
G1 X111.249 Y118.074 E.02773
G1 X110.342 Y118.164 E.02774
G1 X109.429 Y118.158 E.02775
G1 X108.522 Y118.056 E.02776
G1 X107.631 Y117.86 E.02777
G1 X106.764 Y117.571 E.02778
G1 X105.932 Y117.193 E.02779
G1 X105.489 Y116.932 E.01565
; stop printing object SG90Adapter id:3152 copy 0
M106 S255
;LAYER_CHANGE
;Z:3.24
;HEIGHT:0.2
G92 E0 ; zero the extruded length again
; BEFORE_LAYER_CHANGE 15 @ 3.24mm
G1 E-1.75 F6000
;WIPE_START
G1 F3600
G1 X105.932 Y117.193 E-.38592
G1 X106.374 Y117.394 E-.36408
;WIPE_END
; AFTER_LAYER_CHANGE 15 @ 3.24mm
;_SET_FAN_SPEED_CHANGING_LAYER
; printing object SG90Adapter id:3152 copy 0
G1 X114.79 Y128.21 Z3.24 F18000
G1 E2.5 F6000
;TYPE:Outer wall
G1 F1200
G1 X114.79 Y129.79 E.04805
G1 X105.21 Y129.79 E.29136
G1 X105.21 Y128.21 E.04805
G1 X114.73 Y128.21 E.28954
G1 X114.398 Y128.602 F18000
M204 P1500
;TYPE:Inner wall
;WIDTH:0.45
G1 F1200
G1 X114.398 Y129.398 E.02613
G1 X105.602 Y129.398 E.2888
G1 X105.602 Y128.602 E.02613
G1 X114.338 Y128.602 E.28683
G1 E-1.75 F6000
;WIPE_START
G1 X114.398 Y129.398 E-.59858
G1 X114.196 Y129.398 E-.15142
;WIPE_END
G1 X114.194 Y129 F18000
G1 E2.5 F6000
M204 P2000
;TYPE:Gap infill
;WIDTH:0.431694
G1 F1200
G1 X105.806 Y129 E.26305
G1 E-1.75 F6000
;WIPE_START
G1 X106.806 Y129 E-.75
;WIPE_END
G1 X106.24 Y90.79 F18000
G1 E2.5 F6000
M204 P1000
;TYPE:Outer wall
;WIDTH:0.42
G1 F1200
G1 X106.24 Y91.79 E.03041
G1 X105.21 Y91.79 E.03133
G1 X105.21 Y90.21 E.04805
G1 X114.79 Y90.21 E.29136
G1 X114.79 Y91.79 E.04805
G1 X113.76 Y91.79 E.03133
G1 X113.76 Y90.79 E.03041
G1 X106.3 Y90.79 E.22689
G1 E-1.75 F6000
;WIPE_START
G1 F3600
G1 X106.24 Y91.788 E-.75
;WIPE_END
G1 X114.152 Y90.602 F18000
G1 E2.5 F6000
M204 P1500
;TYPE:Inner wall
;WIDTH:0.45
G1 F1200
G1 X114.398 Y90.602 E.00807
G1 X114.398 Y91.398 E.02613
G1 X114.152 Y91.398 E.00807
G1 X114.152 Y90.662 E.02416
G1 E-1.75 F6000
;WIPE_START
G1 X114.398 Y90.602 E-.18979
G1 X114.398 Y91.349 E-.56021
;WIPE_END
G1 X105.848 Y90.602 F18000
G1 E2.5 F6000
G1 F1200
G1 X105.848 Y91.398 E.02613
G1 X105.602 Y91.398 E.00807
G1 X105.602 Y90.602 E.02613
G1 X105.788 Y90.602 E.0061
G1 X106.044 Y90.5 F18000
M204 P2000
;TYPE:Gap infill
;WIDTH:0.230842
G1 F1200
G1 X113.956 Y90.5 E.11992
; stop printing object SG90Adapter id:3152 copy 0
;LAYER_CHANGE
;Z:3.44
;HEIGHT:0.2
G92 E0 ; zero the extruded length again
; BEFORE_LAYER_CHANGE 16 @ 3.44mm
G1 E-1.75 F6000
;WIPE_START
G1 X112.956 Y90.5 E-.75
;WIPE_END
; AFTER_LAYER_CHANGE 16 @ 3.44mm
;_SET_FAN_SPEED_CHANGING_LAYER
; printing object SG90Adapter id:3152 copy 0
G1 X114.79 Y128.21 Z3.44 F18000
G1 E2.5 F6000
M204 P1000
;TYPE:Outer wall
;WIDTH:0.42
G1 F1200
G1 X114.79 Y129.79 E.04805
G1 X105.21 Y129.79 E.29136
G1 X105.21 Y128.21 E.04805
G1 X114.73 Y128.21 E.28954
G1 X114.398 Y128.602 F18000
M204 P1500
;TYPE:Inner wall
;WIDTH:0.45
G1 F1200
G1 X114.398 Y129.398 E.02613
G1 X105.602 Y129.398 E.2888
G1 X105.602 Y128.602 E.02613
G1 X114.338 Y128.602 E.28683
G1 E-1.75 F6000
;WIPE_START
G1 X114.398 Y129.398 E-.59858
G1 X114.196 Y129.398 E-.15142
;WIPE_END
G1 X114.194 Y129 F18000
G1 E2.5 F6000
M204 P2000
;TYPE:Gap infill
;WIDTH:0.431694
G1 F1200
G1 X105.806 Y129 E.26305
G1 E-1.75 F6000
;WIPE_START
G1 X106.806 Y129 E-.75
;WIPE_END
G1 X106.24 Y90.79 F18000
G1 E2.5 F6000
M204 P1000
;TYPE:Outer wall
;WIDTH:0.42
G1 F1200
G1 X106.24 Y91.79 E.03041
G1 X105.21 Y91.79 E.03133
G1 X105.21 Y90.21 E.04805
G1 X114.79 Y90.21 E.29136
G1 X114.79 Y91.79 E.04805
G1 X113.76 Y91.79 E.03133
G1 X113.76 Y90.79 E.03041
G1 X106.3 Y90.79 E.22689
G1 E-1.75 F6000
;WIPE_START
G1 F3600
G1 X106.24 Y91.788 E-.75
;WIPE_END
G1 X114.152 Y90.602 F18000
G1 E2.5 F6000
M204 P1500
;TYPE:Inner wall
;WIDTH:0.45
G1 F1200
G1 X114.398 Y90.602 E.00807
G1 X114.398 Y91.398 E.02613
G1 X114.152 Y91.398 E.00807
G1 X114.152 Y90.662 E.02416
G1 E-1.75 F6000
;WIPE_START
G1 X114.398 Y90.602 E-.18979
G1 X114.398 Y91.349 E-.56021
;WIPE_END
G1 X105.848 Y90.602 F18000
G1 E2.5 F6000
G1 F1200
G1 X105.848 Y91.398 E.02613
G1 X105.602 Y91.398 E.00807
G1 X105.602 Y90.602 E.02613
G1 X105.788 Y90.602 E.0061
G1 X106.044 Y90.5 F18000
M204 P2000
;TYPE:Gap infill
;WIDTH:0.230842
G1 F1200
G1 X113.956 Y90.5 E.11992
; stop printing object SG90Adapter id:3152 copy 0
;LAYER_CHANGE
;Z:3.64
;HEIGHT:0.2
G92 E0 ; zero the extruded length again
; BEFORE_LAYER_CHANGE 17 @ 3.64mm
G1 E-1.75 F6000
;WIPE_START
G1 X112.956 Y90.5 E-.75
;WIPE_END
; AFTER_LAYER_CHANGE 17 @ 3.64mm
;_SET_FAN_SPEED_CHANGING_LAYER
; printing object SG90Adapter id:3152 copy 0
G1 X114.79 Y128.21 Z3.64 F18000
G1 E2.5 F6000
M204 P1000
;TYPE:Outer wall
;WIDTH:0.42
G1 F1200
G1 X114.79 Y129.79 E.04805
G1 X105.21 Y129.79 E.29136
G1 X105.21 Y128.21 E.04805
G1 X114.73 Y128.21 E.28954
G1 X114.398 Y128.602 F18000
M204 P1500
;TYPE:Inner wall
;WIDTH:0.45
G1 F1200
G1 X114.398 Y129.398 E.02613
G1 X105.602 Y129.398 E.2888
G1 X105.602 Y128.602 E.02613
G1 X114.338 Y128.602 E.28683
G1 E-1.75 F6000
;WIPE_START
G1 X114.398 Y129.398 E-.59858
G1 X114.196 Y129.398 E-.15142
;WIPE_END
G1 X114.194 Y129 F18000
G1 E2.5 F6000
M204 P2000
;TYPE:Gap infill
;WIDTH:0.431694
G1 F1200
G1 X105.806 Y129 E.26305
G1 E-1.75 F6000
;WIPE_START
G1 X106.806 Y129 E-.75
;WIPE_END
G1 X106.24 Y90.79 F18000
G1 E2.5 F6000
M204 P1000
;TYPE:Outer wall
;WIDTH:0.42
G1 F1200
G1 X106.24 Y91.79 E.03041
G1 X105.21 Y91.79 E.03133
G1 X105.21 Y90.21 E.04805
G1 X114.79 Y90.21 E.29136
G1 X114.79 Y91.79 E.04805
G1 X113.76 Y91.79 E.03133
G1 X113.76 Y90.79 E.03041
G1 X106.3 Y90.79 E.22689
G1 E-1.75 F6000
;WIPE_START
G1 F3600
G1 X106.24 Y91.788 E-.75
;WIPE_END
G1 X114.152 Y90.602 F18000
G1 E2.5 F6000
M204 P1500
;TYPE:Inner wall
;WIDTH:0.45
G1 F1200
G1 X114.398 Y90.602 E.00807
G1 X114.398 Y91.398 E.02613
G1 X114.152 Y91.398 E.00807
G1 X114.152 Y90.662 E.02416
G1 E-1.75 F6000
;WIPE_START
G1 X114.398 Y90.602 E-.18979
G1 X114.398 Y91.349 E-.56021
;WIPE_END
G1 X105.848 Y90.602 F18000
G1 E2.5 F6000
G1 F1200
G1 X105.848 Y91.398 E.02613
G1 X105.602 Y91.398 E.00807
G1 X105.602 Y90.602 E.02613
G1 X105.788 Y90.602 E.0061
G1 X106.044 Y90.5 F18000
M204 P2000
;TYPE:Gap infill
;WIDTH:0.230842
G1 F1200
G1 X113.956 Y90.5 E.11992
; stop printing object SG90Adapter id:3152 copy 0
;LAYER_CHANGE
;Z:3.84
;HEIGHT:0.2
G92 E0 ; zero the extruded length again
; BEFORE_LAYER_CHANGE 18 @ 3.84mm
G1 E-1.75 F6000
;WIPE_START
G1 X112.956 Y90.5 E-.75
;WIPE_END
; AFTER_LAYER_CHANGE 18 @ 3.84mm
;_SET_FAN_SPEED_CHANGING_LAYER
; printing object SG90Adapter id:3152 copy 0
G1 X114.79 Y128.21 Z3.84 F18000
G1 E2.5 F6000
M204 P1000
;TYPE:Outer wall
;WIDTH:0.42
G1 F1200
G1 X114.79 Y129.79 E.04805
G1 X105.21 Y129.79 E.29136
G1 X105.21 Y128.21 E.04805
G1 X114.73 Y128.21 E.28954
G1 X114.398 Y128.602 F18000
M204 P1500
;TYPE:Inner wall
;WIDTH:0.45
G1 F1200
G1 X114.398 Y129.398 E.02613
G1 X105.602 Y129.398 E.2888
G1 X105.602 Y128.602 E.02613
G1 X114.338 Y128.602 E.28683
G1 E-1.75 F6000
;WIPE_START
G1 X114.398 Y129.398 E-.59858
G1 X114.196 Y129.398 E-.15142
;WIPE_END
G1 X114.194 Y129 F18000
G1 E2.5 F6000
M204 P2000
;TYPE:Gap infill
;WIDTH:0.431694
G1 F1200
G1 X105.806 Y129 E.26305
G1 E-1.75 F6000
;WIPE_START
G1 X106.806 Y129 E-.75
;WIPE_END
G1 X106.24 Y90.79 F18000
G1 E2.5 F6000
M204 P1000
;TYPE:Outer wall
;WIDTH:0.42
G1 F1200
G1 X106.24 Y91.79 E.03041
G1 X105.21 Y91.79 E.03133
G1 X105.21 Y90.21 E.04805
G1 X114.79 Y90.21 E.29136
G1 X114.79 Y91.79 E.04805
G1 X113.76 Y91.79 E.03133
G1 X113.76 Y90.79 E.03041
G1 X106.3 Y90.79 E.22689
G1 E-1.75 F6000
;WIPE_START
G1 F3600
G1 X106.24 Y91.788 E-.75
;WIPE_END
G1 X114.152 Y90.602 F18000
G1 E2.5 F6000
M204 P1500
;TYPE:Inner wall
;WIDTH:0.45
G1 F1200
G1 X114.398 Y90.602 E.00807
G1 X114.398 Y91.398 E.02613
G1 X114.152 Y91.398 E.00807
G1 X114.152 Y90.662 E.02416
G1 E-1.75 F6000
;WIPE_START
G1 X114.398 Y90.602 E-.18979
G1 X114.398 Y91.349 E-.56021
;WIPE_END
G1 X105.848 Y90.602 F18000
G1 E2.5 F6000
G1 F1200
G1 X105.848 Y91.398 E.02613
G1 X105.602 Y91.398 E.00807
G1 X105.602 Y90.602 E.02613
G1 X105.788 Y90.602 E.0061
G1 X106.044 Y90.5 F18000
M204 P2000
;TYPE:Gap infill
;WIDTH:0.230842
G1 F1200
G1 X113.956 Y90.5 E.11992
; stop printing object SG90Adapter id:3152 copy 0
;LAYER_CHANGE
;Z:4.04
;HEIGHT:0.2
G92 E0 ; zero the extruded length again
; BEFORE_LAYER_CHANGE 19 @ 4.04mm
G1 E-1.75 F6000
;WIPE_START
G1 X112.956 Y90.5 E-.75
;WIPE_END
; AFTER_LAYER_CHANGE 19 @ 4.04mm
;_SET_FAN_SPEED_CHANGING_LAYER
; printing object SG90Adapter id:3152 copy 0
G1 X114.79 Y128.21 Z4.04 F18000
G1 E2.5 F6000
M204 P1000
;TYPE:Outer wall
;WIDTH:0.42
G1 F1200
G1 X114.79 Y129.79 E.04805
G1 X105.21 Y129.79 E.29136
G1 X105.21 Y128.21 E.04805
G1 X114.73 Y128.21 E.28954
G1 X114.398 Y128.602 F18000
M204 P1500
;TYPE:Inner wall
;WIDTH:0.45
G1 F1200
G1 X114.398 Y129.398 E.02613
G1 X105.602 Y129.398 E.2888
G1 X105.602 Y128.602 E.02613
G1 X114.338 Y128.602 E.28683
G1 E-1.75 F6000
;WIPE_START
G1 X114.398 Y129.398 E-.59858
G1 X114.196 Y129.398 E-.15142
;WIPE_END
G1 X114.194 Y129 F18000
G1 E2.5 F6000
M204 P2000
;TYPE:Gap infill
;WIDTH:0.431694
G1 F1200
G1 X105.806 Y129 E.26305
G1 E-1.75 F6000
;WIPE_START
G1 X106.806 Y129 E-.75
;WIPE_END
G1 X106.24 Y90.79 F18000
G1 E2.5 F6000
M204 P1000
;TYPE:Outer wall
;WIDTH:0.42
G1 F1200
G1 X106.24 Y91.79 E.03041
G1 X105.21 Y91.79 E.03133
G1 X105.21 Y90.21 E.04805
G1 X114.79 Y90.21 E.29136
G1 X114.79 Y91.79 E.04805
G1 X113.76 Y91.79 E.03133
G1 X113.76 Y90.79 E.03041
G1 X106.3 Y90.79 E.22689
G1 E-1.75 F6000
;WIPE_START
G1 F3600
G1 X106.24 Y91.788 E-.75
;WIPE_END
G1 X114.152 Y90.602 F18000
G1 E2.5 F6000
M204 P1500
;TYPE:Inner wall
;WIDTH:0.45
G1 F1200
G1 X114.398 Y90.602 E.00807
G1 X114.398 Y91.398 E.02613
G1 X114.152 Y91.398 E.00807
G1 X114.152 Y90.662 E.02416
G1 E-1.75 F6000
;WIPE_START
G1 X114.398 Y90.602 E-.18979
G1 X114.398 Y91.349 E-.56021
;WIPE_END
G1 X105.848 Y90.602 F18000
G1 E2.5 F6000
G1 F1200
G1 X105.848 Y91.398 E.02613
G1 X105.602 Y91.398 E.00807
G1 X105.602 Y90.602 E.02613
G1 X105.788 Y90.602 E.0061
G1 X106.044 Y90.5 F18000
M204 P2000
;TYPE:Gap infill
;WIDTH:0.230842
G1 F1200
G1 X113.956 Y90.5 E.11992
; stop printing object SG90Adapter id:3152 copy 0
;LAYER_CHANGE
;Z:4.24
;HEIGHT:0.2
G92 E0 ; zero the extruded length again
; BEFORE_LAYER_CHANGE 20 @ 4.24mm
G1 E-1.75 F6000
;WIPE_START
G1 X112.956 Y90.5 E-.75
;WIPE_END
; AFTER_LAYER_CHANGE 20 @ 4.24mm
;_SET_FAN_SPEED_CHANGING_LAYER
; printing object SG90Adapter id:3152 copy 0
G1 X114.79 Y128.21 Z4.24 F18000
G1 E2.5 F6000
M204 P1000
;TYPE:Outer wall
;WIDTH:0.42
G1 F1200
G1 X114.79 Y129.79 E.04805
G1 X105.21 Y129.79 E.29136
G1 X105.21 Y128.21 E.04805
G1 X114.73 Y128.21 E.28954
G1 X114.398 Y128.602 F18000
M204 P1500
;TYPE:Inner wall
;WIDTH:0.45
G1 F1200
G1 X114.398 Y129.398 E.02613
G1 X105.602 Y129.398 E.2888
G1 X105.602 Y128.602 E.02613
G1 X114.338 Y128.602 E.28683
G1 E-1.75 F6000
;WIPE_START
G1 X114.398 Y129.398 E-.59858
G1 X114.196 Y129.398 E-.15142
;WIPE_END
G1 X114.194 Y129 F18000
G1 E2.5 F6000
M204 P2000
;TYPE:Gap infill
;WIDTH:0.431694
G1 F1200
G1 X105.806 Y129 E.26305
G1 E-1.75 F6000
;WIPE_START
G1 X106.806 Y129 E-.75
;WIPE_END
G1 X106.24 Y90.79 F18000
G1 E2.5 F6000
M204 P1000
;TYPE:Outer wall
;WIDTH:0.42
G1 F1200
G1 X106.24 Y91.79 E.03041
G1 X105.21 Y91.79 E.03133
G1 X105.21 Y90.21 E.04805
G1 X114.79 Y90.21 E.29136
G1 X114.79 Y91.79 E.04805
G1 X113.76 Y91.79 E.03133
G1 X113.76 Y90.79 E.03041
G1 X106.3 Y90.79 E.22689
G1 E-1.75 F6000
;WIPE_START
G1 F3600
G1 X106.24 Y91.788 E-.75
;WIPE_END
G1 X114.152 Y90.602 F18000
G1 E2.5 F6000
M204 P1500
;TYPE:Inner wall
;WIDTH:0.45
G1 F1200
G1 X114.398 Y90.602 E.00807
G1 X114.398 Y91.398 E.02613
G1 X114.152 Y91.398 E.00807
G1 X114.152 Y90.662 E.02416
G1 E-1.75 F6000
;WIPE_START
G1 X114.398 Y90.602 E-.18979
G1 X114.398 Y91.349 E-.56021
;WIPE_END
G1 X105.848 Y90.602 F18000
G1 E2.5 F6000
G1 F1200
G1 X105.848 Y91.398 E.02613
G1 X105.602 Y91.398 E.00807
G1 X105.602 Y90.602 E.02613
G1 X105.788 Y90.602 E.0061
G1 X106.044 Y90.5 F18000
M204 P2000
;TYPE:Gap infill
;WIDTH:0.230842
G1 F1200
G1 X113.956 Y90.5 E.11992
; stop printing object SG90Adapter id:3152 copy 0
;LAYER_CHANGE
;Z:4.44
;HEIGHT:0.2
G92 E0 ; zero the extruded length again
; BEFORE_LAYER_CHANGE 21 @ 4.44mm
G1 E-1.75 F6000
;WIPE_START
G1 X112.956 Y90.5 E-.75
;WIPE_END
; AFTER_LAYER_CHANGE 21 @ 4.44mm
;_SET_FAN_SPEED_CHANGING_LAYER
; printing object SG90Adapter id:3152 copy 0
G1 X114.79 Y128.21 Z4.44 F18000
G1 E2.5 F6000
M204 P1000
;TYPE:Outer wall
;WIDTH:0.42
G1 F1200
G1 X114.79 Y129.79 E.04805
G1 X105.21 Y129.79 E.29136
G1 X105.21 Y128.21 E.04805
G1 X114.73 Y128.21 E.28954
G1 X114.398 Y128.602 F18000
M204 P1500
;TYPE:Inner wall
;WIDTH:0.45
G1 F1200
G1 X114.398 Y129.398 E.02613
G1 X105.602 Y129.398 E.2888
G1 X105.602 Y128.602 E.02613
G1 X114.338 Y128.602 E.28683
G1 E-1.75 F6000
;WIPE_START
G1 X114.398 Y129.398 E-.59858
G1 X114.196 Y129.398 E-.15142
;WIPE_END
G1 X114.194 Y129 F18000
G1 E2.5 F6000
M204 P2000
;TYPE:Gap infill
;WIDTH:0.431694
G1 F1200
G1 X105.806 Y129 E.26305
G1 E-1.75 F6000
;WIPE_START
G1 X106.806 Y129 E-.75
;WIPE_END
G1 X106.24 Y90.79 F18000
G1 E2.5 F6000
M204 P1000
;TYPE:Outer wall
;WIDTH:0.42
G1 F1200
G1 X106.24 Y91.79 E.03041
G1 X105.21 Y91.79 E.03133
G1 X105.21 Y90.21 E.04805
G1 X114.79 Y90.21 E.29136
G1 X114.79 Y91.79 E.04805
G1 X113.76 Y91.79 E.03133
G1 X113.76 Y90.79 E.03041
G1 X106.3 Y90.79 E.22689
G1 E-1.75 F6000
;WIPE_START
G1 F3600
G1 X106.24 Y91.788 E-.75
;WIPE_END
G1 X114.152 Y90.602 F18000
G1 E2.5 F6000
M204 P1500
;TYPE:Inner wall
;WIDTH:0.45
G1 F1200
G1 X114.398 Y90.602 E.00807
G1 X114.398 Y91.398 E.02613
G1 X114.152 Y91.398 E.00807
G1 X114.152 Y90.662 E.02416
G1 E-1.75 F6000
;WIPE_START
G1 X114.398 Y90.602 E-.18979
G1 X114.398 Y91.349 E-.56021
;WIPE_END
G1 X105.848 Y90.602 F18000
G1 E2.5 F6000
G1 F1200
G1 X105.848 Y91.398 E.02613
G1 X105.602 Y91.398 E.00807
G1 X105.602 Y90.602 E.02613
G1 X105.788 Y90.602 E.0061
G1 X106.044 Y90.5 F18000
M204 P2000
;TYPE:Gap infill
;WIDTH:0.230842
G1 F1200
G1 X113.956 Y90.5 E.11992
; stop printing object SG90Adapter id:3152 copy 0
;LAYER_CHANGE
;Z:4.64
;HEIGHT:0.2
G92 E0 ; zero the extruded length again
; BEFORE_LAYER_CHANGE 22 @ 4.64mm
G1 E-1.75 F6000
;WIPE_START
G1 X112.956 Y90.5 E-.75
;WIPE_END
; AFTER_LAYER_CHANGE 22 @ 4.64mm
;_SET_FAN_SPEED_CHANGING_LAYER
; printing object SG90Adapter id:3152 copy 0
G1 X114.79 Y128.21 Z4.64 F18000
G1 E2.5 F6000
M204 P1000
;TYPE:Outer wall
;WIDTH:0.42
G1 F1200
G1 X114.79 Y129.79 E.04805
G1 X105.21 Y129.79 E.29136
G1 X105.21 Y128.21 E.04805
G1 X114.73 Y128.21 E.28954
G1 X114.398 Y128.602 F18000
M204 P1500
;TYPE:Inner wall
;WIDTH:0.45
G1 F1200
G1 X114.398 Y129.398 E.02613
G1 X105.602 Y129.398 E.2888
G1 X105.602 Y128.602 E.02613
G1 X114.338 Y128.602 E.28683
G1 E-1.75 F6000
;WIPE_START
G1 X114.398 Y129.398 E-.59858
G1 X114.196 Y129.398 E-.15142
;WIPE_END
G1 X114.194 Y129 F18000
G1 E2.5 F6000
M204 P2000
;TYPE:Gap infill
;WIDTH:0.431694
G1 F1200
G1 X105.806 Y129 E.26305
G1 E-1.75 F6000
;WIPE_START
G1 X106.806 Y129 E-.75
;WIPE_END
G1 X106.24 Y90.79 F18000
G1 E2.5 F6000
M204 P1000
;TYPE:Outer wall
;WIDTH:0.42
G1 F1200
G1 X106.24 Y91.79 E.03041
G1 X105.21 Y91.79 E.03133
G1 X105.21 Y90.21 E.04805
G1 X114.79 Y90.21 E.29136
G1 X114.79 Y91.79 E.04805
G1 X113.76 Y91.79 E.03133
G1 X113.76 Y90.79 E.03041
G1 X106.3 Y90.79 E.22689
G1 E-1.75 F6000
;WIPE_START
G1 F3600
G1 X106.24 Y91.788 E-.75
;WIPE_END
G1 X114.152 Y90.602 F18000
G1 E2.5 F6000
M204 P1500
;TYPE:Inner wall
;WIDTH:0.45
G1 F1200
G1 X114.398 Y90.602 E.00807
G1 X114.398 Y91.398 E.02613
G1 X114.152 Y91.398 E.00807
G1 X114.152 Y90.662 E.02416
G1 E-1.75 F6000
;WIPE_START
G1 X114.398 Y90.602 E-.18979
G1 X114.398 Y91.349 E-.56021
;WIPE_END
G1 X105.848 Y90.602 F18000
G1 E2.5 F6000
G1 F1200
G1 X105.848 Y91.398 E.02613
G1 X105.602 Y91.398 E.00807
G1 X105.602 Y90.602 E.02613
G1 X105.788 Y90.602 E.0061
G1 X106.044 Y90.5 F18000
M204 P2000
;TYPE:Gap infill
;WIDTH:0.230842
G1 F1200
G1 X113.956 Y90.5 E.11992
; stop printing object SG90Adapter id:3152 copy 0
;LAYER_CHANGE
;Z:4.84
;HEIGHT:0.2
G92 E0 ; zero the extruded length again
; BEFORE_LAYER_CHANGE 23 @ 4.84mm
G1 E-1.75 F6000
;WIPE_START
G1 X112.956 Y90.5 E-.75
;WIPE_END
; AFTER_LAYER_CHANGE 23 @ 4.84mm
;_SET_FAN_SPEED_CHANGING_LAYER
; printing object SG90Adapter id:3152 copy 0
G1 X114.79 Y128.21 Z4.84 F18000
G1 E2.5 F6000
M204 P1000
;TYPE:Outer wall
;WIDTH:0.42
G1 F1200
G1 X114.79 Y129.79 E.04805
G1 X105.21 Y129.79 E.29136
G1 X105.21 Y128.21 E.04805
G1 X114.73 Y128.21 E.28954
G1 X114.398 Y128.602 F18000
M204 P1500
;TYPE:Inner wall
;WIDTH:0.45
G1 F1200
G1 X114.398 Y129.398 E.02613
G1 X105.602 Y129.398 E.2888
G1 X105.602 Y128.602 E.02613
G1 X114.338 Y128.602 E.28683
G1 E-1.75 F6000
;WIPE_START
G1 X114.398 Y129.398 E-.59858
G1 X114.196 Y129.398 E-.15142
;WIPE_END
G1 X114.194 Y129 F18000
G1 E2.5 F6000
M204 P2000
;TYPE:Gap infill
;WIDTH:0.431694
G1 F1200
G1 X105.806 Y129 E.26305
G1 E-1.75 F6000
;WIPE_START
G1 X106.806 Y129 E-.75
;WIPE_END
G1 X106.24 Y90.79 F18000
G1 E2.5 F6000
M204 P1000
;TYPE:Outer wall
;WIDTH:0.42
G1 F1200
G1 X106.24 Y91.79 E.03041
G1 X105.21 Y91.79 E.03133
G1 X105.21 Y90.21 E.04805
G1 X114.79 Y90.21 E.29136
G1 X114.79 Y91.79 E.04805
G1 X113.76 Y91.79 E.03133
G1 X113.76 Y90.79 E.03041
G1 X106.3 Y90.79 E.22689
G1 E-1.75 F6000
;WIPE_START
G1 F3600
G1 X106.24 Y91.788 E-.75
;WIPE_END
G1 X114.152 Y90.602 F18000
G1 E2.5 F6000
M204 P1500
;TYPE:Inner wall
;WIDTH:0.45
G1 F1200
G1 X114.398 Y90.602 E.00807
G1 X114.398 Y91.398 E.02613
G1 X114.152 Y91.398 E.00807
G1 X114.152 Y90.662 E.02416
G1 E-1.75 F6000
;WIPE_START
G1 X114.398 Y90.602 E-.18979
G1 X114.398 Y91.349 E-.56021
;WIPE_END
G1 X105.848 Y90.602 F18000
G1 E2.5 F6000
G1 F1200
G1 X105.848 Y91.398 E.02613
G1 X105.602 Y91.398 E.00807
G1 X105.602 Y90.602 E.02613
G1 X105.788 Y90.602 E.0061
G1 X106.044 Y90.5 F18000
M204 P2000
;TYPE:Gap infill
;WIDTH:0.230842
G1 F1200
G1 X113.956 Y90.5 E.11992
; stop printing object SG90Adapter id:3152 copy 0
;LAYER_CHANGE
;Z:5.04
;HEIGHT:0.2
G92 E0 ; zero the extruded length again
; BEFORE_LAYER_CHANGE 24 @ 5.04mm
G1 E-1.75 F6000
;WIPE_START
G1 X112.956 Y90.5 E-.75
;WIPE_END
; AFTER_LAYER_CHANGE 24 @ 5.04mm
;_SET_FAN_SPEED_CHANGING_LAYER
; printing object SG90Adapter id:3152 copy 0
G1 X114.79 Y128.21 Z5.04 F18000
G1 E2.5 F6000
M204 P1000
;TYPE:Outer wall
;WIDTH:0.42
G1 F1200
G1 X114.79 Y129.79 E.04805
G1 X105.21 Y129.79 E.29136
G1 X105.21 Y128.21 E.04805
G1 X114.73 Y128.21 E.28954
G1 X114.398 Y128.602 F18000
M204 P1500
;TYPE:Inner wall
;WIDTH:0.45
G1 F1200
G1 X114.398 Y129.398 E.02613
G1 X105.602 Y129.398 E.2888
G1 X105.602 Y128.602 E.02613
G1 X114.338 Y128.602 E.28683
G1 E-1.75 F6000
;WIPE_START
G1 X114.398 Y129.398 E-.59858
G1 X114.196 Y129.398 E-.15142
;WIPE_END
G1 X114.194 Y129 F18000
G1 E2.5 F6000
M204 P2000
;TYPE:Gap infill
;WIDTH:0.431694
G1 F1200
G1 X105.806 Y129 E.26305
G1 E-1.75 F6000
;WIPE_START
G1 X106.806 Y129 E-.75
;WIPE_END
G1 X106.24 Y90.79 F18000
G1 E2.5 F6000
M204 P1000
;TYPE:Outer wall
;WIDTH:0.42
G1 F1200
G1 X106.24 Y91.79 E.03041
G1 X105.21 Y91.79 E.03133
G1 X105.21 Y90.21 E.04805
G1 X114.79 Y90.21 E.29136
G1 X114.79 Y91.79 E.04805
G1 X113.76 Y91.79 E.03133
G1 X113.76 Y90.79 E.03041
G1 X106.3 Y90.79 E.22689
G1 E-1.75 F6000
;WIPE_START
G1 F3600
G1 X106.24 Y91.788 E-.75
;WIPE_END
G1 X114.152 Y90.602 F18000
G1 E2.5 F6000
M204 P1500
;TYPE:Inner wall
;WIDTH:0.45
G1 F1200
G1 X114.398 Y90.602 E.00807
G1 X114.398 Y91.398 E.02613
G1 X114.152 Y91.398 E.00807
G1 X114.152 Y90.662 E.02416
G1 E-1.75 F6000
;WIPE_START
G1 X114.398 Y90.602 E-.18979
G1 X114.398 Y91.349 E-.56021
;WIPE_END
G1 X105.848 Y90.602 F18000
G1 E2.5 F6000
G1 F1200
G1 X105.848 Y91.398 E.02613
G1 X105.602 Y91.398 E.00807
G1 X105.602 Y90.602 E.02613
G1 X105.788 Y90.602 E.0061
G1 X106.044 Y90.5 F18000
M204 P2000
;TYPE:Gap infill
;WIDTH:0.230842
G1 F1200
G1 X113.956 Y90.5 E.11992
; stop printing object SG90Adapter id:3152 copy 0
;LAYER_CHANGE
;Z:5.24
;HEIGHT:0.2
G92 E0 ; zero the extruded length again
; BEFORE_LAYER_CHANGE 25 @ 5.24mm
G1 E-1.75 F6000
;WIPE_START
G1 X112.956 Y90.5 E-.75
;WIPE_END
; AFTER_LAYER_CHANGE 25 @ 5.24mm
;_SET_FAN_SPEED_CHANGING_LAYER
; printing object SG90Adapter id:3152 copy 0
G1 X114.79 Y128.21 Z5.24 F18000
G1 E2.5 F6000
M204 P1000
;TYPE:Outer wall
;WIDTH:0.42
G1 F1200
G1 X114.79 Y129.79 E.04805
G1 X105.21 Y129.79 E.29136
G1 X105.21 Y128.21 E.04805
G1 X114.73 Y128.21 E.28954
G1 X114.398 Y128.602 F18000
M204 P1500
;TYPE:Inner wall
;WIDTH:0.45
G1 F1200
G1 X114.398 Y129.398 E.02613
G1 X105.602 Y129.398 E.2888
G1 X105.602 Y128.602 E.02613
G1 X114.338 Y128.602 E.28683
G1 E-1.75 F6000
;WIPE_START
G1 X114.398 Y129.398 E-.59858
G1 X114.196 Y129.398 E-.15142
;WIPE_END
G1 X114.194 Y129 F18000
G1 E2.5 F6000
M204 P2000
;TYPE:Gap infill
;WIDTH:0.431694
G1 F1200
G1 X105.806 Y129 E.26305
G1 E-1.75 F6000
;WIPE_START
G1 X106.806 Y129 E-.75
;WIPE_END
G1 X106.24 Y90.79 F18000
G1 E2.5 F6000
M204 P1000
;TYPE:Outer wall
;WIDTH:0.42
G1 F1200
G1 X106.24 Y91.79 E.03041
G1 X105.21 Y91.79 E.03133
G1 X105.21 Y90.21 E.04805
G1 X114.79 Y90.21 E.29136
G1 X114.79 Y91.79 E.04805
G1 X113.76 Y91.79 E.03133
G1 X113.76 Y90.79 E.03041
G1 X106.3 Y90.79 E.22689
G1 E-1.75 F6000
;WIPE_START
G1 F3600
G1 X106.24 Y91.788 E-.75
;WIPE_END
G1 X114.152 Y90.602 F18000
G1 E2.5 F6000
M204 P1500
;TYPE:Inner wall
;WIDTH:0.45
G1 F1200
G1 X114.398 Y90.602 E.00807
G1 X114.398 Y91.398 E.02613
G1 X114.152 Y91.398 E.00807
G1 X114.152 Y90.662 E.02416
G1 E-1.75 F6000
;WIPE_START
G1 X114.398 Y90.602 E-.18979
G1 X114.398 Y91.349 E-.56021
;WIPE_END
G1 X105.848 Y90.602 F18000
G1 E2.5 F6000
G1 F1200
G1 X105.848 Y91.398 E.02613
G1 X105.602 Y91.398 E.00807
G1 X105.602 Y90.602 E.02613
G1 X105.788 Y90.602 E.0061
G1 X106.044 Y90.5 F18000
M204 P2000
;TYPE:Gap infill
;WIDTH:0.230842
G1 F1200
G1 X113.956 Y90.5 E.11992
; stop printing object SG90Adapter id:3152 copy 0
;LAYER_CHANGE
;Z:5.44
;HEIGHT:0.2
G92 E0 ; zero the extruded length again
; BEFORE_LAYER_CHANGE 26 @ 5.44mm
G1 E-1.75 F6000
;WIPE_START
G1 X112.956 Y90.5 E-.75
;WIPE_END
; AFTER_LAYER_CHANGE 26 @ 5.44mm
;_SET_FAN_SPEED_CHANGING_LAYER
; printing object SG90Adapter id:3152 copy 0
G1 X114.79 Y128.21 Z5.44 F18000
G1 E2.5 F6000
M204 P1000
;TYPE:Outer wall
;WIDTH:0.42
G1 F1200
G1 X114.79 Y129.79 E.04805
G1 X105.21 Y129.79 E.29136
G1 X105.21 Y128.21 E.04805
G1 X114.73 Y128.21 E.28954
G1 X114.398 Y128.602 F18000
M204 P1500
;TYPE:Inner wall
;WIDTH:0.45
G1 F1200
G1 X114.398 Y129.398 E.02613
G1 X105.602 Y129.398 E.2888
G1 X105.602 Y128.602 E.02613
G1 X114.338 Y128.602 E.28683
G1 E-1.75 F6000
;WIPE_START
G1 X114.398 Y129.398 E-.59858
G1 X114.196 Y129.398 E-.15142
;WIPE_END
G1 X114.194 Y129 F18000
G1 E2.5 F6000
M204 P2000
;TYPE:Gap infill
;WIDTH:0.431694
G1 F1200
G1 X105.806 Y129 E.26305
G1 E-1.75 F6000
;WIPE_START
G1 X106.806 Y129 E-.75
;WIPE_END
G1 X106.24 Y90.79 F18000
G1 E2.5 F6000
M204 P1000
;TYPE:Outer wall
;WIDTH:0.42
G1 F1200
G1 X106.24 Y91.79 E.03041
G1 X105.21 Y91.79 E.03133
G1 X105.21 Y90.21 E.04805
G1 X114.79 Y90.21 E.29136
G1 X114.79 Y91.79 E.04805
G1 X113.76 Y91.79 E.03133
G1 X113.76 Y90.79 E.03041
G1 X106.3 Y90.79 E.22689
G1 E-1.75 F6000
;WIPE_START
G1 F3600
G1 X106.24 Y91.788 E-.75
;WIPE_END
G1 X114.152 Y90.602 F18000
G1 E2.5 F6000
M204 P1500
;TYPE:Inner wall
;WIDTH:0.45
G1 F1200
G1 X114.398 Y90.602 E.00807
G1 X114.398 Y91.398 E.02613
G1 X114.152 Y91.398 E.00807
G1 X114.152 Y90.662 E.02416
G1 E-1.75 F6000
;WIPE_START
G1 X114.398 Y90.602 E-.18979
G1 X114.398 Y91.349 E-.56021
;WIPE_END
G1 X105.848 Y90.602 F18000
G1 E2.5 F6000
G1 F1200
G1 X105.848 Y91.398 E.02613
G1 X105.602 Y91.398 E.00807
G1 X105.602 Y90.602 E.02613
G1 X105.788 Y90.602 E.0061
G1 X106.044 Y90.5 F18000
M204 P2000
;TYPE:Gap infill
;WIDTH:0.230842
G1 F1200
G1 X113.956 Y90.5 E.11992
; stop printing object SG90Adapter id:3152 copy 0
;LAYER_CHANGE
;Z:5.64
;HEIGHT:0.2
G92 E0 ; zero the extruded length again
; BEFORE_LAYER_CHANGE 27 @ 5.64mm
G1 E-1.75 F6000
;WIPE_START
G1 X112.956 Y90.5 E-.75
;WIPE_END
; AFTER_LAYER_CHANGE 27 @ 5.64mm
;_SET_FAN_SPEED_CHANGING_LAYER
; printing object SG90Adapter id:3152 copy 0
G1 X114.79 Y128.21 Z5.64 F18000
G1 E2.5 F6000
M204 P1000
;TYPE:Outer wall
;WIDTH:0.42
G1 F1200
G1 X114.79 Y129.79 E.04805
G1 X105.21 Y129.79 E.29136
G1 X105.21 Y128.21 E.04805
G1 X114.73 Y128.21 E.28954
G1 X114.398 Y128.602 F18000
M204 P1500
;TYPE:Inner wall
;WIDTH:0.45
G1 F1200
G1 X114.398 Y129.398 E.02613
G1 X105.602 Y129.398 E.2888
G1 X105.602 Y128.602 E.02613
G1 X114.338 Y128.602 E.28683
G1 E-1.75 F6000
;WIPE_START
G1 X114.398 Y129.398 E-.59858
G1 X114.196 Y129.398 E-.15142
;WIPE_END
G1 X114.194 Y129 F18000
G1 E2.5 F6000
M204 P2000
;TYPE:Gap infill
;WIDTH:0.431694
G1 F1200
G1 X105.806 Y129 E.26305
G1 E-1.75 F6000
;WIPE_START
G1 X106.806 Y129 E-.75
;WIPE_END
G1 X106.24 Y90.79 F18000
G1 E2.5 F6000
M204 P1000
;TYPE:Outer wall
;WIDTH:0.42
G1 F1200
G1 X106.24 Y91.79 E.03041
G1 X105.21 Y91.79 E.03133
G1 X105.21 Y90.21 E.04805
G1 X114.79 Y90.21 E.29136
G1 X114.79 Y91.79 E.04805
G1 X113.76 Y91.79 E.03133
G1 X113.76 Y90.79 E.03041
G1 X106.3 Y90.79 E.22689
G1 E-1.75 F6000
;WIPE_START
G1 F3600
G1 X106.24 Y91.788 E-.75
;WIPE_END
G1 X114.152 Y90.602 F18000
G1 E2.5 F6000
M204 P1500
;TYPE:Inner wall
;WIDTH:0.45
G1 F1200
G1 X114.398 Y90.602 E.00807
G1 X114.398 Y91.398 E.02613
G1 X114.152 Y91.398 E.00807
G1 X114.152 Y90.662 E.02416
G1 E-1.75 F6000
;WIPE_START
G1 X114.398 Y90.602 E-.18979
G1 X114.398 Y91.349 E-.56021
;WIPE_END
G1 X105.848 Y90.602 F18000
G1 E2.5 F6000
G1 F1200
G1 X105.848 Y91.398 E.02613
G1 X105.602 Y91.398 E.00807
G1 X105.602 Y90.602 E.02613
G1 X105.788 Y90.602 E.0061
G1 X106.044 Y90.5 F18000
M204 P2000
;TYPE:Gap infill
;WIDTH:0.230842
G1 F1200
G1 X113.956 Y90.5 E.11992
; stop printing object SG90Adapter id:3152 copy 0
;LAYER_CHANGE
;Z:5.84
;HEIGHT:0.2
G92 E0 ; zero the extruded length again
; BEFORE_LAYER_CHANGE 28 @ 5.84mm
G1 E-1.75 F6000
;WIPE_START
G1 X112.956 Y90.5 E-.75
;WIPE_END
; AFTER_LAYER_CHANGE 28 @ 5.84mm
;_SET_FAN_SPEED_CHANGING_LAYER
; printing object SG90Adapter id:3152 copy 0
G1 X114.79 Y128.21 Z5.84 F18000
G1 E2.5 F6000
M204 P1000
;TYPE:Outer wall
;WIDTH:0.42
G1 F1200
G1 X114.79 Y129.79 E.04805
G1 X105.21 Y129.79 E.29136
G1 X105.21 Y128.21 E.04805
G1 X114.73 Y128.21 E.28954
G1 X114.398 Y128.602 F18000
M204 P1500
;TYPE:Inner wall
;WIDTH:0.45
G1 F1200
G1 X114.398 Y129.398 E.02613
G1 X105.602 Y129.398 E.2888
G1 X105.602 Y128.602 E.02613
G1 X114.338 Y128.602 E.28683
G1 E-1.75 F6000
;WIPE_START
G1 X114.398 Y129.398 E-.59858
G1 X114.196 Y129.398 E-.15142
;WIPE_END
G1 X114.194 Y129 F18000
G1 E2.5 F6000
M204 P2000
;TYPE:Gap infill
;WIDTH:0.431694
G1 F1200
G1 X105.806 Y129 E.26305
G1 E-1.75 F6000
;WIPE_START
G1 X106.806 Y129 E-.75
;WIPE_END
G1 X106.24 Y90.79 F18000
G1 E2.5 F6000
M204 P1000
;TYPE:Outer wall
;WIDTH:0.42
G1 F1200
G1 X106.24 Y91.79 E.03041
G1 X105.21 Y91.79 E.03133
G1 X105.21 Y90.21 E.04805
G1 X114.79 Y90.21 E.29136
G1 X114.79 Y91.79 E.04805
G1 X113.76 Y91.79 E.03133
G1 X113.76 Y90.79 E.03041
G1 X106.3 Y90.79 E.22689
G1 E-1.75 F6000
;WIPE_START
G1 F3600
G1 X106.24 Y91.788 E-.75
;WIPE_END
G1 X114.152 Y90.602 F18000
G1 E2.5 F6000
M204 P1500
;TYPE:Inner wall
;WIDTH:0.45
G1 F1200
G1 X114.398 Y90.602 E.00807
G1 X114.398 Y91.398 E.02613
G1 X114.152 Y91.398 E.00807
G1 X114.152 Y90.662 E.02416
G1 E-1.75 F6000
;WIPE_START
G1 X114.398 Y90.602 E-.18979
G1 X114.398 Y91.349 E-.56021
;WIPE_END
G1 X105.848 Y90.602 F18000
G1 E2.5 F6000
G1 F1200
G1 X105.848 Y91.398 E.02613
G1 X105.602 Y91.398 E.00807
G1 X105.602 Y90.602 E.02613
G1 X105.788 Y90.602 E.0061
G1 X106.044 Y90.5 F18000
M204 P2000
;TYPE:Gap infill
;WIDTH:0.230842
G1 F1200
G1 X113.956 Y90.5 E.11992
; stop printing object SG90Adapter id:3152 copy 0
;LAYER_CHANGE
;Z:6.04
;HEIGHT:0.2
G92 E0 ; zero the extruded length again
; BEFORE_LAYER_CHANGE 29 @ 6.04mm
G1 E-1.75 F6000
;WIPE_START
G1 X112.956 Y90.5 E-.75
;WIPE_END
; AFTER_LAYER_CHANGE 29 @ 6.04mm
;_SET_FAN_SPEED_CHANGING_LAYER
; printing object SG90Adapter id:3152 copy 0
G1 X114.79 Y128.21 Z6.04 F18000
G1 E2.5 F6000
M204 P1000
;TYPE:Outer wall
;WIDTH:0.42
G1 F1200
G1 X114.79 Y129.79 E.04805
G1 X105.21 Y129.79 E.29136
G1 X105.21 Y128.21 E.04805
G1 X114.73 Y128.21 E.28954
G1 X114.398 Y128.602 F18000
M204 P1500
;TYPE:Inner wall
;WIDTH:0.45
G1 F1200
G1 X114.398 Y129.398 E.02613
G1 X105.602 Y129.398 E.2888
G1 X105.602 Y128.602 E.02613
G1 X114.338 Y128.602 E.28683
G1 E-1.75 F6000
;WIPE_START
G1 X114.398 Y129.398 E-.59858
G1 X114.196 Y129.398 E-.15142
;WIPE_END
G1 X114.194 Y129 F18000
G1 E2.5 F6000
M204 P2000
;TYPE:Gap infill
;WIDTH:0.431694
G1 F1200
G1 X105.806 Y129 E.26305
G1 E-1.75 F6000
;WIPE_START
G1 X106.806 Y129 E-.75
;WIPE_END
G1 X106.24 Y90.79 F18000
G1 E2.5 F6000
M204 P1000
;TYPE:Outer wall
;WIDTH:0.42
G1 F1200
G1 X106.24 Y91.79 E.03041
G1 X105.21 Y91.79 E.03133
G1 X105.21 Y90.21 E.04805
G1 X114.79 Y90.21 E.29136
G1 X114.79 Y91.79 E.04805
G1 X113.76 Y91.79 E.03133
G1 X113.76 Y90.79 E.03041
G1 X106.3 Y90.79 E.22689
G1 E-1.75 F6000
;WIPE_START
G1 F3600
G1 X106.24 Y91.788 E-.75
;WIPE_END
G1 X114.152 Y90.602 F18000
G1 E2.5 F6000
M204 P1500
;TYPE:Inner wall
;WIDTH:0.45
G1 F1200
G1 X114.398 Y90.602 E.00807
G1 X114.398 Y91.398 E.02613
G1 X114.152 Y91.398 E.00807
G1 X114.152 Y90.662 E.02416
G1 E-1.75 F6000
;WIPE_START
G1 X114.398 Y90.602 E-.18979
G1 X114.398 Y91.349 E-.56021
;WIPE_END
G1 X105.848 Y90.602 F18000
G1 E2.5 F6000
G1 F1200
G1 X105.848 Y91.398 E.02613
G1 X105.602 Y91.398 E.00807
G1 X105.602 Y90.602 E.02613
G1 X105.788 Y90.602 E.0061
G1 X106.044 Y90.5 F18000
M204 P2000
;TYPE:Gap infill
;WIDTH:0.230842
G1 F1200
G1 X113.956 Y90.5 E.11992
; stop printing object SG90Adapter id:3152 copy 0
;LAYER_CHANGE
;Z:6.24
;HEIGHT:0.2
G92 E0 ; zero the extruded length again
; BEFORE_LAYER_CHANGE 30 @ 6.24mm
G1 E-1.75 F6000
;WIPE_START
G1 X112.956 Y90.5 E-.75
;WIPE_END
; AFTER_LAYER_CHANGE 30 @ 6.24mm
;_SET_FAN_SPEED_CHANGING_LAYER
; printing object SG90Adapter id:3152 copy 0
G1 X114.79 Y128.21 Z6.24 F18000
G1 E2.5 F6000
M204 P1000
;TYPE:Outer wall
;WIDTH:0.42
G1 F1200
G1 X114.79 Y129.79 E.04805
G1 X105.21 Y129.79 E.29136
G1 X105.21 Y128.21 E.04805
G1 X114.73 Y128.21 E.28954
G1 X114.398 Y128.602 F18000
M204 P1500
;TYPE:Inner wall
;WIDTH:0.45
G1 F1200
G1 X114.398 Y129.398 E.02613
G1 X105.602 Y129.398 E.2888
G1 X105.602 Y128.602 E.02613
G1 X114.338 Y128.602 E.28683
G1 E-1.75 F6000
;WIPE_START
G1 X114.398 Y129.398 E-.59858
G1 X114.196 Y129.398 E-.15142
;WIPE_END
G1 X114.194 Y129 F18000
G1 E2.5 F6000
M204 P2000
;TYPE:Gap infill
;WIDTH:0.431694
G1 F1200
G1 X105.806 Y129 E.26305
G1 E-1.75 F6000
;WIPE_START
G1 X106.806 Y129 E-.75
;WIPE_END
G1 X106.24 Y90.79 F18000
G1 E2.5 F6000
M204 P1000
;TYPE:Outer wall
;WIDTH:0.42
G1 F1200
G1 X106.24 Y91.79 E.03041
G1 X105.21 Y91.79 E.03133
G1 X105.21 Y90.21 E.04805
G1 X114.79 Y90.21 E.29136
G1 X114.79 Y91.79 E.04805
G1 X113.76 Y91.79 E.03133
G1 X113.76 Y90.79 E.03041
G1 X106.3 Y90.79 E.22689
G1 E-1.75 F6000
;WIPE_START
G1 F3600
G1 X106.24 Y91.788 E-.75
;WIPE_END
G1 X114.152 Y90.602 F18000
G1 E2.5 F6000
M204 P1500
;TYPE:Inner wall
;WIDTH:0.45
G1 F1200
G1 X114.398 Y90.602 E.00807
G1 X114.398 Y91.398 E.02613
G1 X114.152 Y91.398 E.00807
G1 X114.152 Y90.662 E.02416
G1 E-1.75 F6000
;WIPE_START
G1 X114.398 Y90.602 E-.18979
G1 X114.398 Y91.349 E-.56021
;WIPE_END
G1 X105.848 Y90.602 F18000
G1 E2.5 F6000
G1 F1200
G1 X105.848 Y91.398 E.02613
G1 X105.602 Y91.398 E.00807
G1 X105.602 Y90.602 E.02613
G1 X105.788 Y90.602 E.0061
G1 X106.044 Y90.5 F18000
M204 P2000
;TYPE:Gap infill
;WIDTH:0.230842
G1 F1200
G1 X113.956 Y90.5 E.11992
; stop printing object SG90Adapter id:3152 copy 0
;LAYER_CHANGE
;Z:6.44
;HEIGHT:0.2
G92 E0 ; zero the extruded length again
; BEFORE_LAYER_CHANGE 31 @ 6.44mm
G1 E-1.75 F6000
;WIPE_START
G1 X112.956 Y90.5 E-.75
;WIPE_END
; AFTER_LAYER_CHANGE 31 @ 6.44mm
;_SET_FAN_SPEED_CHANGING_LAYER
; printing object SG90Adapter id:3152 copy 0
G1 X114.79 Y128.21 Z6.44 F18000
G1 E2.5 F6000
M204 P1000
;TYPE:Outer wall
;WIDTH:0.42
G1 F1200
G1 X114.79 Y129.79 E.04805
G1 X105.21 Y129.79 E.29136
G1 X105.21 Y128.21 E.04805
G1 X114.73 Y128.21 E.28954
G1 X114.398 Y128.602 F18000
M204 P1500
;TYPE:Inner wall
;WIDTH:0.45
G1 F1200
G1 X114.398 Y129.398 E.02613
G1 X105.602 Y129.398 E.2888
G1 X105.602 Y128.602 E.02613
G1 X114.338 Y128.602 E.28683
G1 E-1.75 F6000
;WIPE_START
G1 X114.398 Y129.398 E-.59858
G1 X114.196 Y129.398 E-.15142
;WIPE_END
G1 X114.194 Y129 F18000
G1 E2.5 F6000
M204 P2000
;TYPE:Gap infill
;WIDTH:0.431694
G1 F1200
G1 X105.806 Y129 E.26305
G1 E-1.75 F6000
;WIPE_START
G1 X106.806 Y129 E-.75
;WIPE_END
G1 X106.24 Y90.79 F18000
G1 E2.5 F6000
M204 P1000
;TYPE:Outer wall
;WIDTH:0.42
G1 F1200
G1 X106.24 Y91.79 E.03041
G1 X105.21 Y91.79 E.03133
G1 X105.21 Y90.21 E.04805
G1 X114.79 Y90.21 E.29136
G1 X114.79 Y91.79 E.04805
G1 X113.76 Y91.79 E.03133
G1 X113.76 Y90.79 E.03041
G1 X106.3 Y90.79 E.22689
G1 E-1.75 F6000
;WIPE_START
G1 F3600
G1 X106.24 Y91.788 E-.75
;WIPE_END
G1 X114.152 Y90.602 F18000
G1 E2.5 F6000
M204 P1500
;TYPE:Inner wall
;WIDTH:0.45
G1 F1200
G1 X114.398 Y90.602 E.00807
G1 X114.398 Y91.398 E.02613
G1 X114.152 Y91.398 E.00807
G1 X114.152 Y90.662 E.02416
G1 E-1.75 F6000
;WIPE_START
G1 X114.398 Y90.602 E-.18979
G1 X114.398 Y91.349 E-.56021
;WIPE_END
G1 X105.848 Y90.602 F18000
G1 E2.5 F6000
G1 F1200
G1 X105.848 Y91.398 E.02613
G1 X105.602 Y91.398 E.00807
G1 X105.602 Y90.602 E.02613
G1 X105.788 Y90.602 E.0061
G1 X106.044 Y90.5 F18000
M204 P2000
;TYPE:Gap infill
;WIDTH:0.230842
G1 F1200
G1 X113.956 Y90.5 E.11992
; stop printing object SG90Adapter id:3152 copy 0
;LAYER_CHANGE
;Z:6.64
;HEIGHT:0.2
G92 E0 ; zero the extruded length again
; BEFORE_LAYER_CHANGE 32 @ 6.64mm
G1 E-1.75 F6000
;WIPE_START
G1 X112.956 Y90.5 E-.75
;WIPE_END
; AFTER_LAYER_CHANGE 32 @ 6.64mm
;_SET_FAN_SPEED_CHANGING_LAYER
; printing object SG90Adapter id:3152 copy 0
G1 X114.79 Y128.21 Z6.64 F18000
G1 E2.5 F6000
M204 P1000
;TYPE:Outer wall
;WIDTH:0.42
G1 F1200
G1 X114.79 Y129.79 E.04805
G1 X105.21 Y129.79 E.29136
G1 X105.21 Y128.21 E.04805
G1 X114.73 Y128.21 E.28954
G1 X114.398 Y128.602 F18000
M204 P1500
;TYPE:Inner wall
;WIDTH:0.45
G1 F1200
G1 X114.398 Y129.398 E.02613
G1 X105.602 Y129.398 E.2888
G1 X105.602 Y128.602 E.02613
G1 X114.338 Y128.602 E.28683
G1 E-1.75 F6000
;WIPE_START
G1 X114.398 Y129.398 E-.59858
G1 X114.196 Y129.398 E-.15142
;WIPE_END
G1 X114.194 Y129 F18000
G1 E2.5 F6000
M204 P2000
;TYPE:Gap infill
;WIDTH:0.431694
G1 F1200
G1 X105.806 Y129 E.26305
G1 E-1.75 F6000
;WIPE_START
G1 X106.806 Y129 E-.75
;WIPE_END
G1 X113.76 Y90.79 F18000
G1 E2.5 F6000
M204 P1000
;TYPE:Outer wall
;WIDTH:0.42
G1 F1200
G1 X110.405 Y90.79 E.10204
G1 X110.405 Y90.21 E.01764
G1 X114.79 Y90.21 E.13337
G1 X114.79 Y91.79 E.04805
G1 X113.76 Y91.79 E.03133
G1 X113.76 Y90.85 E.02859
G1 X114.152 Y90.602 F18000
M204 P1500
;TYPE:Inner wall
;WIDTH:0.45
G1 F1200
G1 X114.398 Y90.602 E.00807
G1 X114.398 Y91.398 E.02613
G1 X114.152 Y91.398 E.00807
G1 X114.152 Y90.662 E.02416
G1 X113.956 Y90.5 F18000
M204 P2000
;TYPE:Gap infill
;WIDTH:0.230842
G1 F1200
G1 X110.601 Y90.5 E.05086
G1 E-1.75 F6000
;WIPE_START
G1 X111.601 Y90.5 E-.75
;WIPE_END
G1 X106.24 Y90.79 F18000
G1 E2.5 F6000
M204 P1000
;TYPE:Outer wall
;WIDTH:0.42
G1 F1200
G1 X106.24 Y91.79 E.03041
G1 X105.21 Y91.79 E.03133
G1 X105.21 Y90.21 E.04805
G1 X109.595 Y90.21 E.13337
G1 X109.595 Y90.79 E.01764
G1 X106.3 Y90.79 E.10022
G1 X105.848 Y90.602 F18000
M204 P1500
;TYPE:Inner wall
;WIDTH:0.45
G1 F1200
G1 X105.848 Y91.398 E.02613
G1 X105.602 Y91.398 E.00807
G1 X105.602 Y90.602 E.02613
G1 X105.788 Y90.602 E.0061
G1 X106.044 Y90.5 F18000
M204 P2000
;TYPE:Gap infill
;WIDTH:0.230842
G1 F1200
G1 X109.399 Y90.5 E.05086
; stop printing object SG90Adapter id:3152 copy 0
;LAYER_CHANGE
;Z:6.84
;HEIGHT:0.2
G92 E0 ; zero the extruded length again
; BEFORE_LAYER_CHANGE 33 @ 6.84mm
G1 E-1.75 F6000
;WIPE_START
G1 X108.399 Y90.5 E-.75
;WIPE_END
; AFTER_LAYER_CHANGE 33 @ 6.84mm
;_SET_FAN_SPEED_CHANGING_LAYER
; printing object SG90Adapter id:3152 copy 0
G1 X114.79 Y128.21 Z6.84 F18000
G1 E2.5 F6000
M204 P1000
;TYPE:Outer wall
;WIDTH:0.42
G1 F1200
G1 X114.79 Y129.79 E.04805
G1 X105.21 Y129.79 E.29136
G1 X105.21 Y128.21 E.04805
G1 X114.73 Y128.21 E.28954
G1 X114.398 Y128.602 F18000
M204 P1500
;TYPE:Inner wall
;WIDTH:0.45
G1 F1200
G1 X114.398 Y129.398 E.02613
G1 X105.602 Y129.398 E.2888
G1 X105.602 Y128.602 E.02613
G1 X114.338 Y128.602 E.28683
G1 E-1.75 F6000
;WIPE_START
G1 X114.398 Y129.398 E-.59858
G1 X114.196 Y129.398 E-.15142
;WIPE_END
G1 X114.194 Y129 F18000
G1 E2.5 F6000
M204 P2000
;TYPE:Gap infill
;WIDTH:0.431694
G1 F1200
G1 X105.806 Y129 E.26305
G1 E-1.75 F6000
;WIPE_START
G1 X106.806 Y129 E-.75
;WIPE_END
G1 X113.76 Y90.79 F18000
G1 E2.5 F6000
M204 P1000
;TYPE:Outer wall
;WIDTH:0.42
G1 F1200
G1 X110.637 Y90.79 E.09498
G1 X110.637 Y90.21 E.01764
G1 X114.79 Y90.21 E.12631
G1 X114.79 Y91.79 E.04805
G1 X113.76 Y91.79 E.03133
G1 X113.76 Y90.85 E.02859
G1 X114.152 Y90.602 F18000
M204 P1500
;TYPE:Inner wall
;WIDTH:0.45
G1 F1200
G1 X114.398 Y90.602 E.00807
G1 X114.398 Y91.398 E.02613
G1 X114.152 Y91.398 E.00807
G1 X114.152 Y90.662 E.02416
G1 X113.956 Y90.5 F18000
M204 P2000
;TYPE:Gap infill
;WIDTH:0.230842
G1 F1200
G1 X110.833 Y90.5 E.04734
G1 E-1.75 F6000
;WIPE_START
G1 X111.833 Y90.5 E-.75
;WIPE_END
G1 X106.24 Y90.79 F18000
G1 E2.5 F6000
M204 P1000
;TYPE:Outer wall
;WIDTH:0.42
G1 F1200
G1 X106.24 Y91.79 E.03041
G1 X105.21 Y91.79 E.03133
G1 X105.21 Y90.21 E.04805
G1 X109.363 Y90.21 E.12631
G1 X109.363 Y90.79 E.01764
G1 X106.3 Y90.79 E.09316
G1 X105.848 Y90.602 F18000
M204 P1500
;TYPE:Inner wall
;WIDTH:0.45
G1 F1200
G1 X105.848 Y91.398 E.02613
G1 X105.602 Y91.398 E.00807
G1 X105.602 Y90.602 E.02613
G1 X105.788 Y90.602 E.0061
G1 X106.044 Y90.5 F18000
M204 P2000
;TYPE:Gap infill
;WIDTH:0.230842
G1 F1200
G1 X109.167 Y90.5 E.04734
; stop printing object SG90Adapter id:3152 copy 0
;LAYER_CHANGE
;Z:7.04
;HEIGHT:0.2
G92 E0 ; zero the extruded length again
; BEFORE_LAYER_CHANGE 34 @ 7.04mm
G1 E-1.75 F6000
;WIPE_START
G1 X108.167 Y90.5 E-.75
;WIPE_END
; AFTER_LAYER_CHANGE 34 @ 7.04mm
;_SET_FAN_SPEED_CHANGING_LAYER
; printing object SG90Adapter id:3152 copy 0
G1 X114.79 Y128.21 Z7.04 F18000
G1 E2.5 F6000
M204 P1000
;TYPE:Outer wall
;WIDTH:0.42
G1 F1200
G1 X114.79 Y129.79 E.04805
G1 X105.21 Y129.79 E.29136
G1 X105.21 Y128.21 E.04805
G1 X114.73 Y128.21 E.28954
G1 X114.398 Y128.602 F18000
M204 P1500
;TYPE:Inner wall
;WIDTH:0.45
G1 F1200
G1 X114.398 Y129.398 E.02613
G1 X105.602 Y129.398 E.2888
G1 X105.602 Y128.602 E.02613
G1 X114.338 Y128.602 E.28683
G1 E-1.75 F6000
;WIPE_START
G1 X114.398 Y129.398 E-.59858
G1 X114.196 Y129.398 E-.15142
;WIPE_END
G1 X114.194 Y129 F18000
G1 E2.5 F6000
M204 P2000
;TYPE:Gap infill
;WIDTH:0.431694
G1 F1200
G1 X105.806 Y129 E.26305
G1 E-1.75 F6000
;WIPE_START
G1 X106.806 Y129 E-.75
;WIPE_END
G1 X113.76 Y90.79 F18000
G1 E2.5 F6000
M204 P1000
;TYPE:Outer wall
;WIDTH:0.42
G1 F1200
G1 X110.706 Y90.79 E.09288
G1 X110.706 Y90.21 E.01764
G1 X114.79 Y90.21 E.12421
G1 X114.79 Y91.79 E.04805
G1 X113.76 Y91.79 E.03133
G1 X113.76 Y90.85 E.02859
G1 X114.152 Y90.602 F18000
M204 P1500
;TYPE:Inner wall
;WIDTH:0.45
G1 F1200
G1 X114.398 Y90.602 E.00807
G1 X114.398 Y91.398 E.02613
G1 X114.152 Y91.398 E.00807
G1 X114.152 Y90.662 E.02416
G1 X113.956 Y90.5 F18000
M204 P2000
;TYPE:Gap infill
;WIDTH:0.230842
G1 F1200
G1 X110.902 Y90.5 E.04629
G1 E-1.75 F6000
;WIPE_START
G1 X111.902 Y90.5 E-.75
;WIPE_END
G1 X106.24 Y90.79 F18000
G1 E2.5 F6000
M204 P1000
;TYPE:Outer wall
;WIDTH:0.42
G1 F1200
G1 X106.24 Y91.79 E.03041
G1 X105.21 Y91.79 E.03133
G1 X105.21 Y90.21 E.04805
G1 X109.294 Y90.21 E.12421
G1 X109.294 Y90.79 E.01764
G1 X106.3 Y90.79 E.09106
G1 X105.848 Y90.602 F18000
M204 P1500
;TYPE:Inner wall
;WIDTH:0.45
G1 F1200
G1 X105.848 Y91.398 E.02613
G1 X105.602 Y91.398 E.00807
G1 X105.602 Y90.602 E.02613
G1 X105.788 Y90.602 E.0061
G1 X106.044 Y90.5 F18000
M204 P2000
;TYPE:Gap infill
;WIDTH:0.230842
G1 F1200
G1 X109.098 Y90.5 E.04629
; stop printing object SG90Adapter id:3152 copy 0
;LAYER_CHANGE
;Z:7.24
;HEIGHT:0.2
G92 E0 ; zero the extruded length again
; BEFORE_LAYER_CHANGE 35 @ 7.24mm
G1 E-1.75 F6000
;WIPE_START
G1 X108.098 Y90.5 E-.75
;WIPE_END
; AFTER_LAYER_CHANGE 35 @ 7.24mm
;_SET_FAN_SPEED_CHANGING_LAYER
; printing object SG90Adapter id:3152 copy 0
G1 X114.79 Y128.21 Z7.24 F18000
G1 E2.5 F6000
M204 P1000
;TYPE:Outer wall
;WIDTH:0.42
G1 F1200
G1 X114.79 Y129.79 E.04805
G1 X105.21 Y129.79 E.29136
G1 X105.21 Y128.21 E.04805
G1 X114.73 Y128.21 E.28954
G1 X114.398 Y128.602 F18000
M204 P1500
;TYPE:Inner wall
;WIDTH:0.45
G1 F1200
G1 X114.398 Y129.398 E.02613
G1 X105.602 Y129.398 E.2888
G1 X105.602 Y128.602 E.02613
G1 X114.338 Y128.602 E.28683
G1 E-1.75 F6000
;WIPE_START
G1 X114.398 Y129.398 E-.59858
G1 X114.196 Y129.398 E-.15142
;WIPE_END
G1 X114.194 Y129 F18000
G1 E2.5 F6000
M204 P2000
;TYPE:Gap infill
;WIDTH:0.431694
G1 F1200
G1 X105.806 Y129 E.26305
G1 E-1.75 F6000
;WIPE_START
G1 X106.806 Y129 E-.75
;WIPE_END
G1 X113.76 Y90.79 F18000
G1 E2.5 F6000
M204 P1000
;TYPE:Outer wall
;WIDTH:0.42
G1 F1200
G1 X110.71 Y90.79 E.09276
G1 X110.71 Y90.21 E.01764
G1 X114.79 Y90.21 E.12409
G1 X114.79 Y91.79 E.04805
G1 X113.76 Y91.79 E.03133
G1 X113.76 Y90.85 E.02859
G1 X114.152 Y90.602 F18000
M204 P1500
;TYPE:Inner wall
;WIDTH:0.45
G1 F1200
G1 X114.398 Y90.602 E.00807
G1 X114.398 Y91.398 E.02613
G1 X114.152 Y91.398 E.00807
G1 X114.152 Y90.662 E.02416
G1 X113.956 Y90.5 F18000
M204 P2000
;TYPE:Gap infill
;WIDTH:0.230842
G1 F1200
G1 X110.906 Y90.5 E.04623
G1 E-1.75 F6000
;WIPE_START
G1 X111.906 Y90.5 E-.75
;WIPE_END
G1 X106.24 Y90.79 F18000
G1 E2.5 F6000
M204 P1000
;TYPE:Outer wall
;WIDTH:0.42
G1 F1200
G1 X106.24 Y91.79 E.03041
G1 X105.21 Y91.79 E.03133
G1 X105.21 Y90.21 E.04805
G1 X109.29 Y90.21 E.12409
G1 X109.29 Y90.79 E.01764
G1 X106.3 Y90.79 E.09094
G1 X105.848 Y90.602 F18000
M204 P1500
;TYPE:Inner wall
;WIDTH:0.45
G1 F1200
G1 X105.848 Y91.398 E.02613
G1 X105.602 Y91.398 E.00807
G1 X105.602 Y90.602 E.02613
G1 X105.788 Y90.602 E.0061
G1 X106.044 Y90.5 F18000
M204 P2000
;TYPE:Gap infill
;WIDTH:0.230842
G1 F1200
G1 X109.094 Y90.5 E.04623
; stop printing object SG90Adapter id:3152 copy 0
;LAYER_CHANGE
;Z:7.44
;HEIGHT:0.2
G92 E0 ; zero the extruded length again
; BEFORE_LAYER_CHANGE 36 @ 7.44mm
G1 E-1.75 F6000
;WIPE_START
G1 X108.094 Y90.5 E-.75
;WIPE_END
; AFTER_LAYER_CHANGE 36 @ 7.44mm
;_SET_FAN_SPEED_CHANGING_LAYER
; printing object SG90Adapter id:3152 copy 0
G1 X114.79 Y128.21 Z7.44 F18000
G1 E2.5 F6000
M204 P1000
;TYPE:Outer wall
;WIDTH:0.42
G1 F1200
G1 X114.79 Y129.79 E.04805
G1 X105.21 Y129.79 E.29136
G1 X105.21 Y128.21 E.04805
G1 X114.73 Y128.21 E.28954
G1 X114.398 Y128.602 F18000
M204 P1500
;TYPE:Inner wall
;WIDTH:0.45
G1 F1200
G1 X114.398 Y129.398 E.02613
G1 X105.602 Y129.398 E.2888
G1 X105.602 Y128.602 E.02613
G1 X114.338 Y128.602 E.28683
G1 E-1.75 F6000
;WIPE_START
G1 X114.398 Y129.398 E-.59858
G1 X114.196 Y129.398 E-.15142
;WIPE_END
G1 X114.194 Y129 F18000
G1 E2.5 F6000
M204 P2000
;TYPE:Gap infill
;WIDTH:0.431694
G1 F1200
G1 X105.806 Y129 E.26305
G1 E-1.75 F6000
;WIPE_START
G1 X106.806 Y129 E-.75
;WIPE_END
G1 X113.76 Y90.79 F18000
G1 E2.5 F6000
M204 P1000
;TYPE:Outer wall
;WIDTH:0.42
G1 F1200
G1 X110.71 Y90.79 E.09276
G1 X110.71 Y90.21 E.01764
G1 X114.79 Y90.21 E.12409
G1 X114.79 Y91.79 E.04805
G1 X113.76 Y91.79 E.03133
G1 X113.76 Y90.85 E.02859
G1 X114.152 Y90.602 F18000
M204 P1500
;TYPE:Inner wall
;WIDTH:0.45
G1 F1200
G1 X114.398 Y90.602 E.00807
G1 X114.398 Y91.398 E.02613
G1 X114.152 Y91.398 E.00807
G1 X114.152 Y90.662 E.02416
G1 X113.956 Y90.5 F18000
M204 P2000
;TYPE:Gap infill
;WIDTH:0.230842
G1 F1200
G1 X110.906 Y90.5 E.04623
G1 E-1.75 F6000
;WIPE_START
G1 X111.906 Y90.5 E-.75
;WIPE_END
G1 X106.24 Y90.79 F18000
G1 E2.5 F6000
M204 P1000
;TYPE:Outer wall
;WIDTH:0.42
G1 F1200
G1 X106.24 Y91.79 E.03041
G1 X105.21 Y91.79 E.03133
G1 X105.21 Y90.21 E.04805
G1 X109.29 Y90.21 E.12409
G1 X109.29 Y90.79 E.01764
G1 X106.3 Y90.79 E.09094
G1 X105.848 Y90.602 F18000
M204 P1500
;TYPE:Inner wall
;WIDTH:0.45
G1 F1200
G1 X105.848 Y91.398 E.02613
G1 X105.602 Y91.398 E.00807
G1 X105.602 Y90.602 E.02613
G1 X105.788 Y90.602 E.0061
G1 X106.044 Y90.5 F18000
M204 P2000
;TYPE:Gap infill
;WIDTH:0.230842
G1 F1200
G1 X109.094 Y90.5 E.04623
; stop printing object SG90Adapter id:3152 copy 0
;LAYER_CHANGE
;Z:7.64
;HEIGHT:0.2
G92 E0 ; zero the extruded length again
; BEFORE_LAYER_CHANGE 37 @ 7.64mm
G1 E-1.75 F6000
;WIPE_START
G1 X108.094 Y90.5 E-.75
;WIPE_END
; AFTER_LAYER_CHANGE 37 @ 7.64mm
;_SET_FAN_SPEED_CHANGING_LAYER
; printing object SG90Adapter id:3152 copy 0
G1 X114.79 Y128.21 Z7.64 F18000
G1 E2.5 F6000
M204 P1000
;TYPE:Outer wall
;WIDTH:0.42
G1 F1200
G1 X114.79 Y129.79 E.04805
G1 X105.21 Y129.79 E.29136
G1 X105.21 Y128.21 E.04805
G1 X114.73 Y128.21 E.28954
G1 X114.398 Y128.602 F18000
M204 P1500
;TYPE:Inner wall
;WIDTH:0.45
G1 F1200
G1 X114.398 Y129.398 E.02613
G1 X105.602 Y129.398 E.2888
G1 X105.602 Y128.602 E.02613
G1 X114.338 Y128.602 E.28683
G1 E-1.75 F6000
;WIPE_START
G1 X114.398 Y129.398 E-.59858
G1 X114.196 Y129.398 E-.15142
;WIPE_END
G1 X114.194 Y129 F18000
G1 E2.5 F6000
M204 P2000
;TYPE:Gap infill
;WIDTH:0.431694
G1 F1200
G1 X105.806 Y129 E.26305
G1 E-1.75 F6000
;WIPE_START
G1 X106.806 Y129 E-.75
;WIPE_END
G1 X113.76 Y90.79 F18000
G1 E2.5 F6000
M204 P1000
;TYPE:Outer wall
;WIDTH:0.42
G1 F1200
G1 X110.71 Y90.79 E.09276
G1 X110.71 Y90.21 E.01764
G1 X114.79 Y90.21 E.12409
G1 X114.79 Y91.79 E.04805
G1 X113.76 Y91.79 E.03133
G1 X113.76 Y90.85 E.02859
G1 X114.152 Y90.602 F18000
M204 P1500
;TYPE:Inner wall
;WIDTH:0.45
G1 F1200
G1 X114.398 Y90.602 E.00807
G1 X114.398 Y91.398 E.02613
G1 X114.152 Y91.398 E.00807
G1 X114.152 Y90.662 E.02416
G1 X113.956 Y90.5 F18000
M204 P2000
;TYPE:Gap infill
;WIDTH:0.230842
G1 F1200
G1 X110.906 Y90.5 E.04623
G1 E-1.75 F6000
;WIPE_START
G1 X111.906 Y90.5 E-.75
;WIPE_END
G1 X106.24 Y90.79 F18000
G1 E2.5 F6000
M204 P1000
;TYPE:Outer wall
;WIDTH:0.42
G1 F1200
G1 X106.24 Y91.79 E.03041
G1 X105.21 Y91.79 E.03133
G1 X105.21 Y90.21 E.04805
G1 X109.29 Y90.21 E.12409
G1 X109.29 Y90.79 E.01764
G1 X106.3 Y90.79 E.09094
G1 X105.848 Y90.602 F18000
M204 P1500
;TYPE:Inner wall
;WIDTH:0.45
G1 F1200
G1 X105.848 Y91.398 E.02613
G1 X105.602 Y91.398 E.00807
G1 X105.602 Y90.602 E.02613
G1 X105.788 Y90.602 E.0061
G1 X106.044 Y90.5 F18000
M204 P2000
;TYPE:Gap infill
;WIDTH:0.230842
G1 F1200
G1 X109.094 Y90.5 E.04623
; stop printing object SG90Adapter id:3152 copy 0
;LAYER_CHANGE
;Z:7.84
;HEIGHT:0.2
G92 E0 ; zero the extruded length again
; BEFORE_LAYER_CHANGE 38 @ 7.84mm
G1 E-1.75 F6000
;WIPE_START
G1 X108.094 Y90.5 E-.75
;WIPE_END
; AFTER_LAYER_CHANGE 38 @ 7.84mm
;_SET_FAN_SPEED_CHANGING_LAYER
; printing object SG90Adapter id:3152 copy 0
G1 X114.79 Y128.21 Z7.84 F18000
G1 E2.5 F6000
M204 P1000
;TYPE:Outer wall
;WIDTH:0.42
G1 F1200
G1 X114.79 Y129.79 E.04805
G1 X105.21 Y129.79 E.29136
G1 X105.21 Y128.21 E.04805
G1 X114.73 Y128.21 E.28954
G1 X114.398 Y128.602 F18000
M204 P1500
;TYPE:Inner wall
;WIDTH:0.45
G1 F1200
G1 X114.398 Y129.398 E.02613
G1 X105.602 Y129.398 E.2888
G1 X105.602 Y128.602 E.02613
G1 X114.338 Y128.602 E.28683
G1 E-1.75 F6000
;WIPE_START
G1 X114.398 Y129.398 E-.59858
G1 X114.196 Y129.398 E-.15142
;WIPE_END
G1 X114.194 Y129 F18000
G1 E2.5 F6000
M204 P2000
;TYPE:Gap infill
;WIDTH:0.431694
G1 F1200
G1 X105.806 Y129 E.26305
G1 E-1.75 F6000
;WIPE_START
G1 X106.806 Y129 E-.75
;WIPE_END
G1 X113.76 Y90.79 F18000
G1 E2.5 F6000
M204 P1000
;TYPE:Outer wall
;WIDTH:0.42
G1 F1200
G1 X110.71 Y90.79 E.09276
G1 X110.71 Y90.21 E.01764
G1 X114.79 Y90.21 E.12409
G1 X114.79 Y91.79 E.04805
G1 X113.76 Y91.79 E.03133
G1 X113.76 Y90.85 E.02859
G1 X114.152 Y90.602 F18000
M204 P1500
;TYPE:Inner wall
;WIDTH:0.45
G1 F1200
G1 X114.398 Y90.602 E.00807
G1 X114.398 Y91.398 E.02613
G1 X114.152 Y91.398 E.00807
G1 X114.152 Y90.662 E.02416
G1 X113.956 Y90.5 F18000
M204 P2000
;TYPE:Gap infill
;WIDTH:0.230842
G1 F1200
G1 X110.906 Y90.5 E.04623
G1 E-1.75 F6000
;WIPE_START
G1 X111.906 Y90.5 E-.75
;WIPE_END
G1 X106.24 Y90.79 F18000
G1 E2.5 F6000
M204 P1000
;TYPE:Outer wall
;WIDTH:0.42
G1 F1200
G1 X106.24 Y91.79 E.03041
G1 X105.21 Y91.79 E.03133
G1 X105.21 Y90.21 E.04805
G1 X109.29 Y90.21 E.12409
G1 X109.29 Y90.79 E.01764
G1 X106.3 Y90.79 E.09094
G1 X105.848 Y90.602 F18000
M204 P1500
;TYPE:Inner wall
;WIDTH:0.45
G1 F1200
G1 X105.848 Y91.398 E.02613
G1 X105.602 Y91.398 E.00807
G1 X105.602 Y90.602 E.02613
G1 X105.788 Y90.602 E.0061
G1 X106.044 Y90.5 F18000
M204 P2000
;TYPE:Gap infill
;WIDTH:0.230842
G1 F1200
G1 X109.094 Y90.5 E.04623
; stop printing object SG90Adapter id:3152 copy 0
;LAYER_CHANGE
;Z:8.04
;HEIGHT:0.2
G92 E0 ; zero the extruded length again
; BEFORE_LAYER_CHANGE 39 @ 8.04mm
G1 E-1.75 F6000
;WIPE_START
G1 X108.094 Y90.5 E-.75
;WIPE_END
; AFTER_LAYER_CHANGE 39 @ 8.04mm
;_SET_FAN_SPEED_CHANGING_LAYER
; printing object SG90Adapter id:3152 copy 0
G1 X114.79 Y128.21 Z8.04 F18000
G1 E2.5 F6000
M204 P1000
;TYPE:Outer wall
;WIDTH:0.42
G1 F1200
G1 X114.79 Y129.79 E.04805
G1 X105.21 Y129.79 E.29136
G1 X105.21 Y128.21 E.04805
G1 X114.73 Y128.21 E.28954
G1 X114.398 Y128.602 F18000
M204 P1500
;TYPE:Inner wall
;WIDTH:0.45
G1 F1200
G1 X114.398 Y129.398 E.02613
G1 X105.602 Y129.398 E.2888
G1 X105.602 Y128.602 E.02613
G1 X114.338 Y128.602 E.28683
G1 E-1.75 F6000
;WIPE_START
G1 X114.398 Y129.398 E-.59858
G1 X114.196 Y129.398 E-.15142
;WIPE_END
G1 X114.194 Y129 F18000
G1 E2.5 F6000
M204 P2000
;TYPE:Gap infill
;WIDTH:0.431694
G1 F1200
G1 X105.806 Y129 E.26305
G1 E-1.75 F6000
;WIPE_START
G1 X106.806 Y129 E-.75
;WIPE_END
G1 X113.76 Y90.79 F18000
G1 E2.5 F6000
M204 P1000
;TYPE:Outer wall
;WIDTH:0.42
G1 F1200
G1 X110.71 Y90.79 E.09276
G1 X110.71 Y90.21 E.01764
G1 X114.79 Y90.21 E.12409
G1 X114.79 Y91.79 E.04805
G1 X113.76 Y91.79 E.03133
G1 X113.76 Y90.85 E.02859
G1 X114.152 Y90.602 F18000
M204 P1500
;TYPE:Inner wall
;WIDTH:0.45
G1 F1200
G1 X114.398 Y90.602 E.00807
G1 X114.398 Y91.398 E.02613
G1 X114.152 Y91.398 E.00807
G1 X114.152 Y90.662 E.02416
G1 X113.956 Y90.5 F18000
M204 P2000
;TYPE:Gap infill
;WIDTH:0.230842
G1 F1200
G1 X110.906 Y90.5 E.04623
G1 E-1.75 F6000
;WIPE_START
G1 X111.906 Y90.5 E-.75
;WIPE_END
G1 X106.24 Y90.79 F18000
G1 E2.5 F6000
M204 P1000
;TYPE:Outer wall
;WIDTH:0.42
G1 F1200
G1 X106.24 Y91.79 E.03041
G1 X105.21 Y91.79 E.03133
G1 X105.21 Y90.21 E.04805
G1 X109.29 Y90.21 E.12409
G1 X109.29 Y90.79 E.01764
G1 X106.3 Y90.79 E.09094
G1 X105.848 Y90.602 F18000
M204 P1500
;TYPE:Inner wall
;WIDTH:0.45
G1 F1200
G1 X105.848 Y91.398 E.02613
G1 X105.602 Y91.398 E.00807
G1 X105.602 Y90.602 E.02613
G1 X105.788 Y90.602 E.0061
G1 X106.044 Y90.5 F18000
M204 P2000
;TYPE:Gap infill
;WIDTH:0.230842
G1 F1200
G1 X109.094 Y90.5 E.04623
; stop printing object SG90Adapter id:3152 copy 0
;LAYER_CHANGE
;Z:8.24
;HEIGHT:0.2
G92 E0 ; zero the extruded length again
; BEFORE_LAYER_CHANGE 40 @ 8.24mm
G1 E-1.75 F6000
;WIPE_START
G1 X108.094 Y90.5 E-.75
;WIPE_END
; AFTER_LAYER_CHANGE 40 @ 8.24mm
;_SET_FAN_SPEED_CHANGING_LAYER
; printing object SG90Adapter id:3152 copy 0
G1 X114.79 Y128.21 Z8.24 F18000
G1 E2.5 F6000
M204 P1000
;TYPE:Outer wall
;WIDTH:0.42
G1 F1200
G1 X114.79 Y129.79 E.04805
G1 X105.21 Y129.79 E.29136
G1 X105.21 Y128.21 E.04805
G1 X114.73 Y128.21 E.28954
G1 X114.398 Y128.602 F18000
M204 P1500
;TYPE:Inner wall
;WIDTH:0.45
G1 F1200
G1 X114.398 Y129.398 E.02613
G1 X105.602 Y129.398 E.2888
G1 X105.602 Y128.602 E.02613
G1 X114.338 Y128.602 E.28683
G1 E-1.75 F6000
;WIPE_START
G1 X114.398 Y129.398 E-.59858
G1 X114.196 Y129.398 E-.15142
;WIPE_END
G1 X114.194 Y129 F18000
G1 E2.5 F6000
M204 P2000
;TYPE:Gap infill
;WIDTH:0.431694
G1 F1200
G1 X105.806 Y129 E.26305
G1 E-1.75 F6000
;WIPE_START
G1 X106.806 Y129 E-.75
;WIPE_END
G1 X113.76 Y90.79 F18000
G1 E2.5 F6000
M204 P1000
;TYPE:Outer wall
;WIDTH:0.42
G1 F1200
G1 X110.71 Y90.79 E.09276
G1 X110.71 Y90.21 E.01764
G1 X114.79 Y90.21 E.12409
G1 X114.79 Y91.79 E.04805
G1 X113.76 Y91.79 E.03133
G1 X113.76 Y90.85 E.02859
G1 X114.152 Y90.602 F18000
M204 P1500
;TYPE:Inner wall
;WIDTH:0.45
G1 F1200
G1 X114.398 Y90.602 E.00807
G1 X114.398 Y91.398 E.02613
G1 X114.152 Y91.398 E.00807
G1 X114.152 Y90.662 E.02416
G1 X113.956 Y90.5 F18000
M204 P2000
;TYPE:Gap infill
;WIDTH:0.230842
G1 F1200
G1 X110.906 Y90.5 E.04623
G1 E-1.75 F6000
;WIPE_START
G1 X111.906 Y90.5 E-.75
;WIPE_END
G1 X106.24 Y90.79 F18000
G1 E2.5 F6000
M204 P1000
;TYPE:Outer wall
;WIDTH:0.42
G1 F1200
G1 X106.24 Y91.79 E.03041
G1 X105.21 Y91.79 E.03133
G1 X105.21 Y90.21 E.04805
G1 X109.29 Y90.21 E.12409
G1 X109.29 Y90.79 E.01764
G1 X106.3 Y90.79 E.09094
G1 X105.848 Y90.602 F18000
M204 P1500
;TYPE:Inner wall
;WIDTH:0.45
G1 F1200
G1 X105.848 Y91.398 E.02613
G1 X105.602 Y91.398 E.00807
G1 X105.602 Y90.602 E.02613
G1 X105.788 Y90.602 E.0061
G1 X106.044 Y90.5 F18000
M204 P2000
;TYPE:Gap infill
;WIDTH:0.230842
G1 F1200
G1 X109.094 Y90.5 E.04623
; stop printing object SG90Adapter id:3152 copy 0
;LAYER_CHANGE
;Z:8.44
;HEIGHT:0.2
G92 E0 ; zero the extruded length again
; BEFORE_LAYER_CHANGE 41 @ 8.44mm
G1 E-1.75 F6000
;WIPE_START
G1 X108.094 Y90.5 E-.75
;WIPE_END
; AFTER_LAYER_CHANGE 41 @ 8.44mm
;_SET_FAN_SPEED_CHANGING_LAYER
; printing object SG90Adapter id:3152 copy 0
G1 X114.79 Y128.21 Z8.44 F18000
G1 E2.5 F6000
M204 P1000
;TYPE:Outer wall
;WIDTH:0.42
G1 F1200
G1 X114.79 Y129.79 E.04805
G1 X105.21 Y129.79 E.29136
G1 X105.21 Y128.21 E.04805
G1 X114.73 Y128.21 E.28954
G1 X114.398 Y128.602 F18000
M204 P1500
;TYPE:Inner wall
;WIDTH:0.45
G1 F1200
G1 X114.398 Y129.398 E.02613
G1 X105.602 Y129.398 E.2888
G1 X105.602 Y128.602 E.02613
G1 X114.338 Y128.602 E.28683
G1 E-1.75 F6000
;WIPE_START
G1 X114.398 Y129.398 E-.59858
G1 X114.196 Y129.398 E-.15142
;WIPE_END
G1 X114.194 Y129 F18000
G1 E2.5 F6000
M204 P2000
;TYPE:Gap infill
;WIDTH:0.431694
G1 F1200
G1 X105.806 Y129 E.26305
G1 E-1.75 F6000
;WIPE_START
G1 X106.806 Y129 E-.75
;WIPE_END
G1 X113.76 Y90.79 F18000
G1 E2.5 F6000
M204 P1000
;TYPE:Outer wall
;WIDTH:0.42
G1 F1200
G1 X110.71 Y90.79 E.09276
G1 X110.71 Y90.21 E.01764
G1 X114.79 Y90.21 E.12409
G1 X114.79 Y91.79 E.04805
G1 X113.76 Y91.79 E.03133
G1 X113.76 Y90.85 E.02859
G1 X114.152 Y90.602 F18000
M204 P1500
;TYPE:Inner wall
;WIDTH:0.45
G1 F1200
G1 X114.398 Y90.602 E.00807
G1 X114.398 Y91.398 E.02613
G1 X114.152 Y91.398 E.00807
G1 X114.152 Y90.662 E.02416
G1 X113.956 Y90.5 F18000
M204 P2000
;TYPE:Gap infill
;WIDTH:0.230842
G1 F1200
G1 X110.906 Y90.5 E.04623
G1 E-1.75 F6000
;WIPE_START
G1 X111.906 Y90.5 E-.75
;WIPE_END
G1 X106.24 Y90.79 F18000
G1 E2.5 F6000
M204 P1000
;TYPE:Outer wall
;WIDTH:0.42
G1 F1200
G1 X106.24 Y91.79 E.03041
G1 X105.21 Y91.79 E.03133
G1 X105.21 Y90.21 E.04805
G1 X109.29 Y90.21 E.12409
G1 X109.29 Y90.79 E.01764
G1 X106.3 Y90.79 E.09094
G1 X105.848 Y90.602 F18000
M204 P1500
;TYPE:Inner wall
;WIDTH:0.45
G1 F1200
G1 X105.848 Y91.398 E.02613
G1 X105.602 Y91.398 E.00807
G1 X105.602 Y90.602 E.02613
G1 X105.788 Y90.602 E.0061
G1 X106.044 Y90.5 F18000
M204 P2000
;TYPE:Gap infill
;WIDTH:0.230842
G1 F1200
G1 X109.094 Y90.5 E.04623
; stop printing object SG90Adapter id:3152 copy 0
;LAYER_CHANGE
;Z:8.64
;HEIGHT:0.200001
G92 E0 ; zero the extruded length again
; BEFORE_LAYER_CHANGE 42 @ 8.64mm
G1 E-1.75 F6000
;WIPE_START
G1 X108.094 Y90.5 E-.75
;WIPE_END
; AFTER_LAYER_CHANGE 42 @ 8.64mm
;_SET_FAN_SPEED_CHANGING_LAYER
; printing object SG90Adapter id:3152 copy 0
G1 X114.79 Y128.21 Z8.64 F18000
G1 E2.5 F6000
M204 P1000
;TYPE:Outer wall
;WIDTH:0.42
G1 F1200
G1 X114.79 Y129.79 E.04805
G1 X105.21 Y129.79 E.29136
G1 X105.21 Y128.21 E.04805
G1 X114.73 Y128.21 E.28954
G1 X114.398 Y128.602 F18000
M204 P1500
;TYPE:Inner wall
;WIDTH:0.45
G1 F1200
G1 X114.398 Y129.398 E.02613
G1 X105.602 Y129.398 E.2888
G1 X105.602 Y128.602 E.02613
G1 X114.338 Y128.602 E.28683
G1 E-1.75 F6000
;WIPE_START
G1 X114.398 Y129.398 E-.59858
G1 X114.196 Y129.398 E-.15142
;WIPE_END
G1 X114.194 Y129 F18000
G1 E2.5 F6000
M204 P2000
;TYPE:Gap infill
;WIDTH:0.431694
G1 F1200
G1 X105.806 Y129 E.26305
G1 E-1.75 F6000
;WIPE_START
G1 X106.806 Y129 E-.75
;WIPE_END
G1 X113.76 Y90.79 F18000
G1 E2.5 F6000
M204 P1000
;TYPE:Outer wall
;WIDTH:0.42
G1 F1200
G1 X110.71 Y90.79 E.09276
G1 X110.71 Y90.21 E.01764
G1 X114.79 Y90.21 E.12409
G1 X114.79 Y91.79 E.04805
G1 X113.76 Y91.79 E.03133
G1 X113.76 Y90.85 E.02859
G1 X114.152 Y90.602 F18000
M204 P1500
;TYPE:Inner wall
;WIDTH:0.45
G1 F1200
G1 X114.398 Y90.602 E.00807
G1 X114.398 Y91.398 E.02613
G1 X114.152 Y91.398 E.00807
G1 X114.152 Y90.662 E.02416
G1 X113.956 Y90.5 F18000
M204 P2000
;TYPE:Gap infill
;WIDTH:0.230842
G1 F1200
G1 X110.906 Y90.5 E.04623
G1 E-1.75 F6000
;WIPE_START
G1 X111.906 Y90.5 E-.75
;WIPE_END
G1 X106.24 Y90.79 F18000
G1 E2.5 F6000
M204 P1000
;TYPE:Outer wall
;WIDTH:0.42
G1 F1200
G1 X106.24 Y91.79 E.03041
G1 X105.21 Y91.79 E.03133
G1 X105.21 Y90.21 E.04805
G1 X109.29 Y90.21 E.12409
G1 X109.29 Y90.79 E.01764
G1 X106.3 Y90.79 E.09094
G1 X105.848 Y90.602 F18000
M204 P1500
;TYPE:Inner wall
;WIDTH:0.45
G1 F1200
G1 X105.848 Y91.398 E.02613
G1 X105.602 Y91.398 E.00807
G1 X105.602 Y90.602 E.02613
G1 X105.788 Y90.602 E.0061
G1 X106.044 Y90.5 F18000
M204 P2000
;TYPE:Gap infill
;WIDTH:0.230842
G1 F1200
G1 X109.094 Y90.5 E.04623
; stop printing object SG90Adapter id:3152 copy 0
;LAYER_CHANGE
;Z:8.84
;HEIGHT:0.2
G92 E0 ; zero the extruded length again
; BEFORE_LAYER_CHANGE 43 @ 8.84mm
G1 E-1.75 F6000
;WIPE_START
G1 X108.094 Y90.5 E-.75
;WIPE_END
; AFTER_LAYER_CHANGE 43 @ 8.84mm
;_SET_FAN_SPEED_CHANGING_LAYER
; printing object SG90Adapter id:3152 copy 0
G1 X114.79 Y128.21 Z8.84 F18000
G1 E2.5 F6000
M204 P1000
;TYPE:Outer wall
;WIDTH:0.42
G1 F1200
G1 X114.79 Y129.79 E.04805
G1 X105.21 Y129.79 E.29136
G1 X105.21 Y128.21 E.04805
G1 X114.73 Y128.21 E.28954
G1 X114.398 Y128.602 F18000
M204 P1500
;TYPE:Inner wall
;WIDTH:0.45
G1 F1200
G1 X114.398 Y129.398 E.02613
G1 X105.602 Y129.398 E.2888
G1 X105.602 Y128.602 E.02613
G1 X114.338 Y128.602 E.28683
G1 E-1.75 F6000
;WIPE_START
G1 X114.398 Y129.398 E-.59858
G1 X114.196 Y129.398 E-.15142
;WIPE_END
G1 X114.194 Y129 F18000
G1 E2.5 F6000
M204 P2000
;TYPE:Gap infill
;WIDTH:0.431694
G1 F1200
G1 X105.806 Y129 E.26305
G1 E-1.75 F6000
;WIPE_START
G1 X106.806 Y129 E-.75
;WIPE_END
G1 X113.76 Y90.79 F18000
G1 E2.5 F6000
M204 P1000
;TYPE:Outer wall
;WIDTH:0.42
G1 F1200
G1 X110.71 Y90.79 E.09276
G1 X110.71 Y90.21 E.01764
G1 X114.79 Y90.21 E.12409
G1 X114.79 Y91.79 E.04805
G1 X113.76 Y91.79 E.03133
G1 X113.76 Y90.85 E.02859
G1 X114.152 Y90.602 F18000
M204 P1500
;TYPE:Inner wall
;WIDTH:0.45
G1 F1200
G1 X114.398 Y90.602 E.00807
G1 X114.398 Y91.398 E.02613
G1 X114.152 Y91.398 E.00807
G1 X114.152 Y90.662 E.02416
G1 X113.956 Y90.5 F18000
M204 P2000
;TYPE:Gap infill
;WIDTH:0.230842
G1 F1200
G1 X110.906 Y90.5 E.04623
G1 E-1.75 F6000
;WIPE_START
G1 X111.906 Y90.5 E-.75
;WIPE_END
G1 X106.24 Y90.79 F18000
G1 E2.5 F6000
M204 P1000
;TYPE:Outer wall
;WIDTH:0.42
G1 F1200
G1 X106.24 Y91.79 E.03041
G1 X105.21 Y91.79 E.03133
G1 X105.21 Y90.21 E.04805
G1 X109.29 Y90.21 E.12409
G1 X109.29 Y90.79 E.01764
G1 X106.3 Y90.79 E.09094
G1 X105.848 Y90.602 F18000
M204 P1500
;TYPE:Inner wall
;WIDTH:0.45
G1 F1200
G1 X105.848 Y91.398 E.02613
G1 X105.602 Y91.398 E.00807
G1 X105.602 Y90.602 E.02613
G1 X105.788 Y90.602 E.0061
G1 X106.044 Y90.5 F18000
M204 P2000
;TYPE:Gap infill
;WIDTH:0.230842
G1 F1200
G1 X109.094 Y90.5 E.04623
; stop printing object SG90Adapter id:3152 copy 0
;LAYER_CHANGE
;Z:9.04
;HEIGHT:0.2
G92 E0 ; zero the extruded length again
; BEFORE_LAYER_CHANGE 44 @ 9.04mm
G1 E-1.75 F6000
;WIPE_START
G1 X108.094 Y90.5 E-.75
;WIPE_END
; AFTER_LAYER_CHANGE 44 @ 9.04mm
;_SET_FAN_SPEED_CHANGING_LAYER
; printing object SG90Adapter id:3152 copy 0
G1 X114.79 Y128.21 Z9.04 F18000
G1 E2.5 F6000
M204 P1000
;TYPE:Outer wall
;WIDTH:0.42
G1 F1200
G1 X114.79 Y129.79 E.04805
G1 X105.21 Y129.79 E.29136
G1 X105.21 Y128.21 E.04805
G1 X114.73 Y128.21 E.28954
G1 X114.398 Y128.602 F18000
M204 P1500
;TYPE:Inner wall
;WIDTH:0.45
G1 F1200
G1 X114.398 Y129.398 E.02613
G1 X105.602 Y129.398 E.2888
G1 X105.602 Y128.602 E.02613
G1 X114.338 Y128.602 E.28683
G1 E-1.75 F6000
;WIPE_START
G1 X114.398 Y129.398 E-.59858
G1 X114.196 Y129.398 E-.15142
;WIPE_END
G1 X114.194 Y129 F18000
G1 E2.5 F6000
M204 P2000
;TYPE:Gap infill
;WIDTH:0.431694
G1 F1200
G1 X105.806 Y129 E.26305
G1 E-1.75 F6000
;WIPE_START
G1 X106.806 Y129 E-.75
;WIPE_END
G1 X113.76 Y90.79 F18000
G1 E2.5 F6000
M204 P1000
;TYPE:Outer wall
;WIDTH:0.42
G1 F1200
G1 X110.71 Y90.79 E.09276
G1 X110.71 Y90.21 E.01764
G1 X114.79 Y90.21 E.12409
G1 X114.79 Y91.79 E.04805
G1 X113.76 Y91.79 E.03133
G1 X113.76 Y90.85 E.02859
G1 X114.152 Y90.602 F18000
M204 P1500
;TYPE:Inner wall
;WIDTH:0.45
G1 F1200
G1 X114.398 Y90.602 E.00807
G1 X114.398 Y91.398 E.02613
G1 X114.152 Y91.398 E.00807
G1 X114.152 Y90.662 E.02416
G1 X113.956 Y90.5 F18000
M204 P2000
;TYPE:Gap infill
;WIDTH:0.230842
G1 F1200
G1 X110.906 Y90.5 E.04623
G1 E-1.75 F6000
;WIPE_START
G1 X111.906 Y90.5 E-.75
;WIPE_END
G1 X106.24 Y90.79 F18000
G1 E2.5 F6000
M204 P1000
;TYPE:Outer wall
;WIDTH:0.42
G1 F1200
G1 X106.24 Y91.79 E.03041
G1 X105.21 Y91.79 E.03133
G1 X105.21 Y90.21 E.04805
G1 X109.29 Y90.21 E.12409
G1 X109.29 Y90.79 E.01764
G1 X106.3 Y90.79 E.09094
G1 X105.848 Y90.602 F18000
M204 P1500
;TYPE:Inner wall
;WIDTH:0.45
G1 F1200
G1 X105.848 Y91.398 E.02613
G1 X105.602 Y91.398 E.00807
G1 X105.602 Y90.602 E.02613
G1 X105.788 Y90.602 E.0061
G1 X106.044 Y90.5 F18000
M204 P2000
;TYPE:Gap infill
;WIDTH:0.230842
G1 F1200
G1 X109.094 Y90.5 E.04623
; stop printing object SG90Adapter id:3152 copy 0
;LAYER_CHANGE
;Z:9.24
;HEIGHT:0.2
G92 E0 ; zero the extruded length again
; BEFORE_LAYER_CHANGE 45 @ 9.24mm
G1 E-1.75 F6000
;WIPE_START
G1 X108.094 Y90.5 E-.75
;WIPE_END
; AFTER_LAYER_CHANGE 45 @ 9.24mm
;_SET_FAN_SPEED_CHANGING_LAYER
; printing object SG90Adapter id:3152 copy 0
G1 X114.79 Y128.21 Z9.24 F18000
G1 E2.5 F6000
M204 P1000
;TYPE:Outer wall
;WIDTH:0.42
G1 F1200
G1 X114.79 Y129.79 E.04805
G1 X105.21 Y129.79 E.29136
G1 X105.21 Y128.21 E.04805
G1 X114.73 Y128.21 E.28954
G1 X114.398 Y128.602 F18000
M204 P1500
;TYPE:Inner wall
;WIDTH:0.45
G1 F1200
G1 X114.398 Y129.398 E.02613
G1 X105.602 Y129.398 E.2888
G1 X105.602 Y128.602 E.02613
G1 X114.338 Y128.602 E.28683
G1 E-1.75 F6000
;WIPE_START
G1 X114.398 Y129.398 E-.59858
G1 X114.196 Y129.398 E-.15142
;WIPE_END
G1 X114.194 Y129 F18000
G1 E2.5 F6000
M204 P2000
;TYPE:Gap infill
;WIDTH:0.431694
G1 F1200
G1 X105.806 Y129 E.26305
G1 E-1.75 F6000
;WIPE_START
G1 X106.806 Y129 E-.75
;WIPE_END
G1 X113.76 Y90.79 F18000
G1 E2.5 F6000
M204 P1000
;TYPE:Outer wall
;WIDTH:0.42
G1 F1200
G1 X110.71 Y90.79 E.09276
G1 X110.71 Y90.21 E.01764
G1 X114.79 Y90.21 E.12409
G1 X114.79 Y91.79 E.04805
G1 X113.76 Y91.79 E.03133
G1 X113.76 Y90.85 E.02859
G1 X114.152 Y90.602 F18000
M204 P1500
;TYPE:Inner wall
;WIDTH:0.45
G1 F1200
G1 X114.398 Y90.602 E.00807
G1 X114.398 Y91.398 E.02613
G1 X114.152 Y91.398 E.00807
G1 X114.152 Y90.662 E.02416
G1 X113.956 Y90.5 F18000
M204 P2000
;TYPE:Gap infill
;WIDTH:0.230842
G1 F1200
G1 X110.906 Y90.5 E.04623
G1 E-1.75 F6000
;WIPE_START
G1 X111.906 Y90.5 E-.75
;WIPE_END
G1 X106.24 Y90.79 F18000
G1 E2.5 F6000
M204 P1000
;TYPE:Outer wall
;WIDTH:0.42
G1 F1200
G1 X106.24 Y91.79 E.03041
G1 X105.21 Y91.79 E.03133
G1 X105.21 Y90.21 E.04805
G1 X109.29 Y90.21 E.12409
G1 X109.29 Y90.79 E.01764
G1 X106.3 Y90.79 E.09094
G1 X105.848 Y90.602 F18000
M204 P1500
;TYPE:Inner wall
;WIDTH:0.45
G1 F1200
G1 X105.848 Y91.398 E.02613
G1 X105.602 Y91.398 E.00807
G1 X105.602 Y90.602 E.02613
G1 X105.788 Y90.602 E.0061
G1 X106.044 Y90.5 F18000
M204 P2000
;TYPE:Gap infill
;WIDTH:0.230842
G1 F1200
G1 X109.094 Y90.5 E.04623
; stop printing object SG90Adapter id:3152 copy 0
;LAYER_CHANGE
;Z:9.44
;HEIGHT:0.2
G92 E0 ; zero the extruded length again
; BEFORE_LAYER_CHANGE 46 @ 9.44mm
G1 E-1.75 F6000
;WIPE_START
G1 X108.094 Y90.5 E-.75
;WIPE_END
; AFTER_LAYER_CHANGE 46 @ 9.44mm
;_SET_FAN_SPEED_CHANGING_LAYER
; printing object SG90Adapter id:3152 copy 0
G1 X114.79 Y128.21 Z9.44 F18000
G1 E2.5 F6000
M204 P1000
;TYPE:Outer wall
;WIDTH:0.42
G1 F1200
G1 X114.79 Y129.79 E.04805
G1 X105.21 Y129.79 E.29136
G1 X105.21 Y128.21 E.04805
G1 X114.73 Y128.21 E.28954
G1 X114.398 Y128.602 F18000
M204 P1500
;TYPE:Inner wall
;WIDTH:0.45
G1 F1200
G1 X114.398 Y129.398 E.02613
G1 X105.602 Y129.398 E.2888
G1 X105.602 Y128.602 E.02613
G1 X114.338 Y128.602 E.28683
G1 E-1.75 F6000
;WIPE_START
G1 X114.398 Y129.398 E-.59858
G1 X114.196 Y129.398 E-.15142
;WIPE_END
G1 X114.194 Y129 F18000
G1 E2.5 F6000
M204 P2000
;TYPE:Gap infill
;WIDTH:0.431694
G1 F1200
G1 X105.806 Y129 E.26305
G1 E-1.75 F6000
;WIPE_START
G1 X106.806 Y129 E-.75
;WIPE_END
G1 X113.76 Y90.79 F18000
G1 E2.5 F6000
M204 P1000
;TYPE:Outer wall
;WIDTH:0.42
G1 F1200
G1 X110.71 Y90.79 E.09276
G1 X110.71 Y90.21 E.01764
G1 X114.79 Y90.21 E.12409
G1 X114.79 Y91.79 E.04805
G1 X113.76 Y91.79 E.03133
G1 X113.76 Y90.85 E.02859
G1 X114.152 Y90.602 F18000
M204 P1500
;TYPE:Inner wall
;WIDTH:0.45
G1 F1200
G1 X114.398 Y90.602 E.00807
G1 X114.398 Y91.398 E.02613
G1 X114.152 Y91.398 E.00807
G1 X114.152 Y90.662 E.02416
G1 X113.956 Y90.5 F18000
M204 P2000
;TYPE:Gap infill
;WIDTH:0.230842
G1 F1200
G1 X110.906 Y90.5 E.04623
G1 E-1.75 F6000
;WIPE_START
G1 X111.906 Y90.5 E-.75
;WIPE_END
G1 X106.24 Y90.79 F18000
G1 E2.5 F6000
M204 P1000
;TYPE:Outer wall
;WIDTH:0.42
G1 F1200
G1 X106.24 Y91.79 E.03041
G1 X105.21 Y91.79 E.03133
G1 X105.21 Y90.21 E.04805
G1 X109.29 Y90.21 E.12409
G1 X109.29 Y90.79 E.01764
G1 X106.3 Y90.79 E.09094
G1 X105.848 Y90.602 F18000
M204 P1500
;TYPE:Inner wall
;WIDTH:0.45
G1 F1200
G1 X105.848 Y91.398 E.02613
G1 X105.602 Y91.398 E.00807
G1 X105.602 Y90.602 E.02613
G1 X105.788 Y90.602 E.0061
G1 X106.044 Y90.5 F18000
M204 P2000
;TYPE:Gap infill
;WIDTH:0.230842
G1 F1200
G1 X109.094 Y90.5 E.04623
; stop printing object SG90Adapter id:3152 copy 0
;LAYER_CHANGE
;Z:9.64
;HEIGHT:0.200001
G92 E0 ; zero the extruded length again
; BEFORE_LAYER_CHANGE 47 @ 9.64mm
G1 E-1.75 F6000
;WIPE_START
G1 X108.094 Y90.5 E-.75
;WIPE_END
; AFTER_LAYER_CHANGE 47 @ 9.64mm
;_SET_FAN_SPEED_CHANGING_LAYER
; printing object SG90Adapter id:3152 copy 0
G1 X114.79 Y128.21 Z9.64 F18000
G1 E2.5 F6000
M204 P1000
;TYPE:Outer wall
;WIDTH:0.42
G1 F1200
G1 X114.79 Y129.79 E.04805
G1 X105.21 Y129.79 E.29136
G1 X105.21 Y128.21 E.04805
G1 X114.73 Y128.21 E.28954
G1 X114.398 Y128.602 F18000
M204 P1500
;TYPE:Inner wall
;WIDTH:0.45
G1 F1200
G1 X114.398 Y129.398 E.02613
G1 X105.602 Y129.398 E.2888
G1 X105.602 Y128.602 E.02613
G1 X114.338 Y128.602 E.28683
G1 E-1.75 F6000
;WIPE_START
G1 X114.398 Y129.398 E-.59858
G1 X114.196 Y129.398 E-.15142
;WIPE_END
G1 X114.194 Y129 F18000
G1 E2.5 F6000
M204 P2000
;TYPE:Gap infill
;WIDTH:0.431694
G1 F1200
G1 X105.806 Y129 E.26305
G1 E-1.75 F6000
;WIPE_START
G1 X106.806 Y129 E-.75
;WIPE_END
G1 X113.76 Y90.79 F18000
G1 E2.5 F6000
M204 P1000
;TYPE:Outer wall
;WIDTH:0.42
G1 F1200
G1 X110.71 Y90.79 E.09276
G1 X110.71 Y90.21 E.01764
G1 X114.79 Y90.21 E.12409
G1 X114.79 Y91.79 E.04805
G1 X113.76 Y91.79 E.03133
G1 X113.76 Y90.85 E.02859
G1 X114.152 Y90.602 F18000
M204 P1500
;TYPE:Inner wall
;WIDTH:0.45
G1 F1200
G1 X114.398 Y90.602 E.00807
G1 X114.398 Y91.398 E.02613
G1 X114.152 Y91.398 E.00807
G1 X114.152 Y90.662 E.02416
G1 X113.956 Y90.5 F18000
M204 P2000
;TYPE:Gap infill
;WIDTH:0.230842
G1 F1200
G1 X110.906 Y90.5 E.04623
G1 E-1.75 F6000
;WIPE_START
G1 X111.906 Y90.5 E-.75
;WIPE_END
G1 X106.24 Y90.79 F18000
G1 E2.5 F6000
M204 P1000
;TYPE:Outer wall
;WIDTH:0.42
G1 F1200
G1 X106.24 Y91.79 E.03041
G1 X105.21 Y91.79 E.03133
G1 X105.21 Y90.21 E.04805
G1 X109.29 Y90.21 E.12409
G1 X109.29 Y90.79 E.01764
G1 X106.3 Y90.79 E.09094
G1 X105.848 Y90.602 F18000
M204 P1500
;TYPE:Inner wall
;WIDTH:0.45
G1 F1200
G1 X105.848 Y91.398 E.02613
G1 X105.602 Y91.398 E.00807
G1 X105.602 Y90.602 E.02613
G1 X105.788 Y90.602 E.0061
G1 X106.044 Y90.5 F18000
M204 P2000
;TYPE:Gap infill
;WIDTH:0.230842
G1 F1200
G1 X109.094 Y90.5 E.04623
; stop printing object SG90Adapter id:3152 copy 0
;LAYER_CHANGE
;Z:9.84
;HEIGHT:0.2
G92 E0 ; zero the extruded length again
; BEFORE_LAYER_CHANGE 48 @ 9.84mm
G1 E-1.75 F6000
;WIPE_START
G1 X108.094 Y90.5 E-.75
;WIPE_END
; AFTER_LAYER_CHANGE 48 @ 9.84mm
;_SET_FAN_SPEED_CHANGING_LAYER
; printing object SG90Adapter id:3152 copy 0
G1 X114.79 Y128.21 Z9.84 F18000
G1 E2.5 F6000
M204 P1000
;TYPE:Outer wall
;WIDTH:0.42
G1 F1200
G1 X114.79 Y129.79 E.04805
G1 X105.21 Y129.79 E.29136
G1 X105.21 Y128.21 E.04805
G1 X114.73 Y128.21 E.28954
G1 X114.398 Y128.602 F18000
M204 P1500
;TYPE:Inner wall
;WIDTH:0.45
G1 F1200
G1 X114.398 Y129.398 E.02613
G1 X105.602 Y129.398 E.2888
G1 X105.602 Y128.602 E.02613
G1 X114.338 Y128.602 E.28683
G1 E-1.75 F6000
;WIPE_START
G1 X114.398 Y129.398 E-.59858
G1 X114.196 Y129.398 E-.15142
;WIPE_END
G1 X114.194 Y129 F18000
G1 E2.5 F6000
M204 P2000
;TYPE:Gap infill
;WIDTH:0.431694
G1 F1200
G1 X105.806 Y129 E.26305
G1 E-1.75 F6000
;WIPE_START
G1 X106.806 Y129 E-.75
;WIPE_END
G1 X113.76 Y90.79 F18000
G1 E2.5 F6000
M204 P1000
;TYPE:Outer wall
;WIDTH:0.42
G1 F1200
G1 X110.71 Y90.79 E.09276
G1 X110.71 Y90.21 E.01764
G1 X114.79 Y90.21 E.12409
G1 X114.79 Y91.79 E.04805
G1 X113.76 Y91.79 E.03133
G1 X113.76 Y90.85 E.02859
G1 X114.152 Y90.602 F18000
M204 P1500
;TYPE:Inner wall
;WIDTH:0.45
G1 F1200
G1 X114.398 Y90.602 E.00807
G1 X114.398 Y91.398 E.02613
G1 X114.152 Y91.398 E.00807
G1 X114.152 Y90.662 E.02416
G1 X113.956 Y90.5 F18000
M204 P2000
;TYPE:Gap infill
;WIDTH:0.230842
G1 F1200
G1 X110.906 Y90.5 E.04623
G1 E-1.75 F6000
;WIPE_START
G1 X111.906 Y90.5 E-.75
;WIPE_END
G1 X106.24 Y90.79 F18000
G1 E2.5 F6000
M204 P1000
;TYPE:Outer wall
;WIDTH:0.42
G1 F1200
G1 X106.24 Y91.79 E.03041
G1 X105.21 Y91.79 E.03133
G1 X105.21 Y90.21 E.04805
G1 X109.29 Y90.21 E.12409
G1 X109.29 Y90.79 E.01764
G1 X106.3 Y90.79 E.09094
G1 X105.848 Y90.602 F18000
M204 P1500
;TYPE:Inner wall
;WIDTH:0.45
G1 F1200
G1 X105.848 Y91.398 E.02613
G1 X105.602 Y91.398 E.00807
G1 X105.602 Y90.602 E.02613
G1 X105.788 Y90.602 E.0061
G1 X106.044 Y90.5 F18000
M204 P2000
;TYPE:Gap infill
;WIDTH:0.230842
G1 F1200
G1 X109.094 Y90.5 E.04623
; stop printing object SG90Adapter id:3152 copy 0
;LAYER_CHANGE
;Z:10.04
;HEIGHT:0.2
G92 E0 ; zero the extruded length again
; BEFORE_LAYER_CHANGE 49 @ 10.04mm
G1 E-1.75 F6000
;WIPE_START
G1 X108.094 Y90.5 E-.75
;WIPE_END
; AFTER_LAYER_CHANGE 49 @ 10.04mm
;_SET_FAN_SPEED_CHANGING_LAYER
; printing object SG90Adapter id:3152 copy 0
G1 X114.79 Y128.21 Z10.04 F18000
G1 E2.5 F6000
M204 P1000
;TYPE:Outer wall
;WIDTH:0.42
G1 F1200
G1 X114.79 Y129.79 E.04805
G1 X105.21 Y129.79 E.29136
G1 X105.21 Y128.21 E.04805
G1 X114.73 Y128.21 E.28954
G1 X114.398 Y128.602 F18000
M204 P1500
;TYPE:Inner wall
;WIDTH:0.45
G1 F1200
G1 X114.398 Y129.398 E.02613
G1 X105.602 Y129.398 E.2888
G1 X105.602 Y128.602 E.02613
G1 X114.338 Y128.602 E.28683
G1 E-1.75 F6000
;WIPE_START
G1 X114.398 Y129.398 E-.59858
G1 X114.196 Y129.398 E-.15142
;WIPE_END
G1 X114.194 Y129 F18000
G1 E2.5 F6000
M204 P2000
;TYPE:Gap infill
;WIDTH:0.431694
G1 F1200
G1 X105.806 Y129 E.26305
G1 E-1.75 F6000
;WIPE_START
G1 X106.806 Y129 E-.75
;WIPE_END
G1 X113.76 Y90.79 F18000
G1 E2.5 F6000
M204 P1000
;TYPE:Outer wall
;WIDTH:0.42
G1 F1200
G1 X110.71 Y90.79 E.09276
G1 X110.71 Y90.21 E.01764
G1 X114.79 Y90.21 E.12409
G1 X114.79 Y91.79 E.04805
G1 X113.76 Y91.79 E.03133
G1 X113.76 Y90.85 E.02859
G1 X114.152 Y90.602 F18000
M204 P1500
;TYPE:Inner wall
;WIDTH:0.45
G1 F1200
G1 X114.398 Y90.602 E.00807
G1 X114.398 Y91.398 E.02613
G1 X114.152 Y91.398 E.00807
G1 X114.152 Y90.662 E.02416
G1 X113.956 Y90.5 F18000
M204 P2000
;TYPE:Gap infill
;WIDTH:0.230842
G1 F1200
G1 X110.906 Y90.5 E.04623
G1 E-1.75 F6000
;WIPE_START
G1 X111.906 Y90.5 E-.75
;WIPE_END
G1 X106.24 Y90.79 F18000
G1 E2.5 F6000
M204 P1000
;TYPE:Outer wall
;WIDTH:0.42
G1 F1200
G1 X106.24 Y91.79 E.03041
G1 X105.21 Y91.79 E.03133
G1 X105.21 Y90.21 E.04805
G1 X109.29 Y90.21 E.12409
G1 X109.29 Y90.79 E.01764
G1 X106.3 Y90.79 E.09094
G1 X105.848 Y90.602 F18000
M204 P1500
;TYPE:Inner wall
;WIDTH:0.45
G1 F1200
G1 X105.848 Y91.398 E.02613
G1 X105.602 Y91.398 E.00807
G1 X105.602 Y90.602 E.02613
G1 X105.788 Y90.602 E.0061
G1 X106.044 Y90.5 F18000
M204 P2000
;TYPE:Gap infill
;WIDTH:0.230842
G1 F1200
G1 X109.094 Y90.5 E.04623
; stop printing object SG90Adapter id:3152 copy 0
;LAYER_CHANGE
;Z:10.24
;HEIGHT:0.2
G92 E0 ; zero the extruded length again
; BEFORE_LAYER_CHANGE 50 @ 10.24mm
G1 E-1.75 F6000
;WIPE_START
G1 X108.094 Y90.5 E-.75
;WIPE_END
; AFTER_LAYER_CHANGE 50 @ 10.24mm
;_SET_FAN_SPEED_CHANGING_LAYER
; printing object SG90Adapter id:3152 copy 0
G1 X114.79 Y128.21 Z10.24 F18000
G1 E2.5 F6000
M204 P1000
;TYPE:Outer wall
;WIDTH:0.42
G1 F1200
G1 X114.79 Y129.79 E.04805
G1 X105.21 Y129.79 E.29136
G1 X105.21 Y128.21 E.04805
G1 X114.73 Y128.21 E.28954
G1 X114.398 Y128.602 F18000
M204 P1500
;TYPE:Inner wall
;WIDTH:0.45
G1 F1200
G1 X114.398 Y129.398 E.02613
G1 X105.602 Y129.398 E.2888
G1 X105.602 Y128.602 E.02613
G1 X114.338 Y128.602 E.28683
G1 E-1.75 F6000
;WIPE_START
G1 X114.398 Y129.398 E-.59858
G1 X114.196 Y129.398 E-.15142
;WIPE_END
G1 X114.194 Y129 F18000
G1 E2.5 F6000
M204 P2000
;TYPE:Gap infill
;WIDTH:0.431694
G1 F1200
G1 X105.806 Y129 E.26305
G1 E-1.75 F6000
;WIPE_START
G1 X106.806 Y129 E-.75
;WIPE_END
G1 X113.76 Y90.79 F18000
G1 E2.5 F6000
M204 P1000
;TYPE:Outer wall
;WIDTH:0.42
G1 F1200
G1 X110.71 Y90.79 E.09276
G1 X110.71 Y90.21 E.01764
G1 X114.79 Y90.21 E.12409
G1 X114.79 Y91.79 E.04805
G1 X113.76 Y91.79 E.03133
G1 X113.76 Y90.85 E.02859
G1 X114.152 Y90.602 F18000
M204 P1500
;TYPE:Inner wall
;WIDTH:0.45
G1 F1200
G1 X114.398 Y90.602 E.00807
G1 X114.398 Y91.398 E.02613
G1 X114.152 Y91.398 E.00807
G1 X114.152 Y90.662 E.02416
G1 X113.956 Y90.5 F18000
M204 P2000
;TYPE:Gap infill
;WIDTH:0.230842
G1 F1200
G1 X110.906 Y90.5 E.04623
G1 E-1.75 F6000
;WIPE_START
G1 X111.906 Y90.5 E-.75
;WIPE_END
G1 X106.24 Y90.79 F18000
G1 E2.5 F6000
M204 P1000
;TYPE:Outer wall
;WIDTH:0.42
G1 F1200
G1 X106.24 Y91.79 E.03041
G1 X105.21 Y91.79 E.03133
G1 X105.21 Y90.21 E.04805
G1 X109.29 Y90.21 E.12409
G1 X109.29 Y90.79 E.01764
G1 X106.3 Y90.79 E.09094
G1 X105.848 Y90.602 F18000
M204 P1500
;TYPE:Inner wall
;WIDTH:0.45
G1 F1200
G1 X105.848 Y91.398 E.02613
G1 X105.602 Y91.398 E.00807
G1 X105.602 Y90.602 E.02613
G1 X105.788 Y90.602 E.0061
G1 X106.044 Y90.5 F18000
M204 P2000
;TYPE:Gap infill
;WIDTH:0.230842
G1 F1200
G1 X109.094 Y90.5 E.04623
; stop printing object SG90Adapter id:3152 copy 0
;LAYER_CHANGE
;Z:10.44
;HEIGHT:0.2
G92 E0 ; zero the extruded length again
; BEFORE_LAYER_CHANGE 51 @ 10.44mm
G1 E-1.75 F6000
;WIPE_START
G1 X108.094 Y90.5 E-.75
;WIPE_END
; AFTER_LAYER_CHANGE 51 @ 10.44mm
;_SET_FAN_SPEED_CHANGING_LAYER
; printing object SG90Adapter id:3152 copy 0
G1 X114.79 Y128.21 Z10.44 F18000
G1 E2.5 F6000
M204 P1000
;TYPE:Outer wall
;WIDTH:0.42
G1 F1200
G1 X114.79 Y129.79 E.04805
G1 X105.21 Y129.79 E.29136
G1 X105.21 Y128.21 E.04805
G1 X114.73 Y128.21 E.28954
G1 X114.398 Y128.602 F18000
M204 P1500
;TYPE:Inner wall
;WIDTH:0.45
G1 F1200
G1 X114.398 Y129.398 E.02613
G1 X105.602 Y129.398 E.2888
G1 X105.602 Y128.602 E.02613
G1 X114.338 Y128.602 E.28683
G1 E-1.75 F6000
;WIPE_START
G1 X114.398 Y129.398 E-.59858
G1 X114.196 Y129.398 E-.15142
;WIPE_END
G1 X114.194 Y129 F18000
G1 E2.5 F6000
M204 P2000
;TYPE:Gap infill
;WIDTH:0.431694
G1 F1200
G1 X105.806 Y129 E.26305
G1 E-1.75 F6000
;WIPE_START
G1 X106.806 Y129 E-.75
;WIPE_END
G1 X113.76 Y90.79 F18000
G1 E2.5 F6000
M204 P1000
;TYPE:Outer wall
;WIDTH:0.42
G1 F1200
G1 X110.71 Y90.79 E.09276
G1 X110.71 Y90.21 E.01764
G1 X114.79 Y90.21 E.12409
G1 X114.79 Y91.79 E.04805
G1 X113.76 Y91.79 E.03133
G1 X113.76 Y90.85 E.02859
G1 X114.152 Y90.602 F18000
M204 P1500
;TYPE:Inner wall
;WIDTH:0.45
G1 F1200
G1 X114.398 Y90.602 E.00807
G1 X114.398 Y91.398 E.02613
G1 X114.152 Y91.398 E.00807
G1 X114.152 Y90.662 E.02416
G1 X113.956 Y90.5 F18000
M204 P2000
;TYPE:Gap infill
;WIDTH:0.230842
G1 F1200
G1 X110.906 Y90.5 E.04623
G1 E-1.75 F6000
;WIPE_START
G1 X111.906 Y90.5 E-.75
;WIPE_END
G1 X106.24 Y90.79 F18000
G1 E2.5 F6000
M204 P1000
;TYPE:Outer wall
;WIDTH:0.42
G1 F1200
G1 X106.24 Y91.79 E.03041
G1 X105.21 Y91.79 E.03133
G1 X105.21 Y90.21 E.04805
G1 X109.29 Y90.21 E.12409
G1 X109.29 Y90.79 E.01764
G1 X106.3 Y90.79 E.09094
G1 X105.848 Y90.602 F18000
M204 P1500
;TYPE:Inner wall
;WIDTH:0.45
G1 F1200
G1 X105.848 Y91.398 E.02613
G1 X105.602 Y91.398 E.00807
G1 X105.602 Y90.602 E.02613
G1 X105.788 Y90.602 E.0061
G1 X106.044 Y90.5 F18000
M204 P2000
;TYPE:Gap infill
;WIDTH:0.230842
G1 F1200
G1 X109.094 Y90.5 E.04623
; stop printing object SG90Adapter id:3152 copy 0
;LAYER_CHANGE
;Z:10.64
;HEIGHT:0.200001
G92 E0 ; zero the extruded length again
; BEFORE_LAYER_CHANGE 52 @ 10.64mm
G1 E-1.75 F6000
;WIPE_START
G1 X108.094 Y90.5 E-.75
;WIPE_END
; AFTER_LAYER_CHANGE 52 @ 10.64mm
;_SET_FAN_SPEED_CHANGING_LAYER
; printing object SG90Adapter id:3152 copy 0
G1 X114.79 Y128.21 Z10.64 F18000
G1 E2.5 F6000
M204 P1000
;TYPE:Outer wall
;WIDTH:0.42
G1 F1200
G1 X114.79 Y129.79 E.04805
G1 X105.21 Y129.79 E.29136
G1 X105.21 Y128.21 E.04805
G1 X114.73 Y128.21 E.28954
G1 X114.398 Y128.602 F18000
M204 P1500
;TYPE:Inner wall
;WIDTH:0.45
G1 F1200
G1 X114.398 Y129.398 E.02613
G1 X105.602 Y129.398 E.2888
G1 X105.602 Y128.602 E.02613
G1 X114.338 Y128.602 E.28683
G1 E-1.75 F6000
;WIPE_START
G1 X114.398 Y129.398 E-.59858
G1 X114.196 Y129.398 E-.15142
;WIPE_END
G1 X114.194 Y129 F18000
G1 E2.5 F6000
M204 P2000
;TYPE:Gap infill
;WIDTH:0.431694
G1 F1200
G1 X105.806 Y129 E.26305
G1 E-1.75 F6000
;WIPE_START
G1 X106.806 Y129 E-.75
;WIPE_END
G1 X113.76 Y90.79 F18000
G1 E2.5 F6000
M204 P1000
;TYPE:Outer wall
;WIDTH:0.42
G1 F1200
G1 X110.71 Y90.79 E.09276
G1 X110.71 Y90.21 E.01764
G1 X114.79 Y90.21 E.12409
G1 X114.79 Y91.79 E.04805
G1 X113.76 Y91.79 E.03133
G1 X113.76 Y90.85 E.02859
G1 X114.152 Y90.602 F18000
M204 P1500
;TYPE:Inner wall
;WIDTH:0.45
G1 F1200
G1 X114.398 Y90.602 E.00807
G1 X114.398 Y91.398 E.02613
G1 X114.152 Y91.398 E.00807
G1 X114.152 Y90.662 E.02416
G1 X113.956 Y90.5 F18000
M204 P2000
;TYPE:Gap infill
;WIDTH:0.230842
G1 F1200
G1 X110.906 Y90.5 E.04623
G1 E-1.75 F6000
;WIPE_START
G1 X111.906 Y90.5 E-.75
;WIPE_END
G1 X106.24 Y90.79 F18000
G1 E2.5 F6000
M204 P1000
;TYPE:Outer wall
;WIDTH:0.42
G1 F1200
G1 X106.24 Y91.79 E.03041
G1 X105.21 Y91.79 E.03133
G1 X105.21 Y90.21 E.04805
G1 X109.29 Y90.21 E.12409
G1 X109.29 Y90.79 E.01764
G1 X106.3 Y90.79 E.09094
G1 X105.848 Y90.602 F18000
M204 P1500
;TYPE:Inner wall
;WIDTH:0.45
G1 F1200
G1 X105.848 Y91.398 E.02613
G1 X105.602 Y91.398 E.00807
G1 X105.602 Y90.602 E.02613
G1 X105.788 Y90.602 E.0061
G1 X106.044 Y90.5 F18000
M204 P2000
;TYPE:Gap infill
;WIDTH:0.230842
G1 F1200
G1 X109.094 Y90.5 E.04623
; stop printing object SG90Adapter id:3152 copy 0
;LAYER_CHANGE
;Z:10.84
;HEIGHT:0.2
G92 E0 ; zero the extruded length again
; BEFORE_LAYER_CHANGE 53 @ 10.84mm
G1 E-1.75 F6000
;WIPE_START
G1 X108.094 Y90.5 E-.75
;WIPE_END
; AFTER_LAYER_CHANGE 53 @ 10.84mm
;_SET_FAN_SPEED_CHANGING_LAYER
; printing object SG90Adapter id:3152 copy 0
G1 X114.79 Y128.21 Z10.84 F18000
G1 E2.5 F6000
M204 P1000
;TYPE:Outer wall
;WIDTH:0.42
G1 F1200
G1 X114.79 Y129.79 E.04805
G1 X105.21 Y129.79 E.29136
G1 X105.21 Y128.21 E.04805
G1 X114.73 Y128.21 E.28954
G1 X114.398 Y128.602 F18000
M204 P1500
;TYPE:Inner wall
;WIDTH:0.45
G1 F1200
G1 X114.398 Y129.398 E.02613
G1 X105.602 Y129.398 E.2888
G1 X105.602 Y128.602 E.02613
G1 X114.338 Y128.602 E.28683
G1 E-1.75 F6000
;WIPE_START
G1 X114.398 Y129.398 E-.59858
G1 X114.196 Y129.398 E-.15142
;WIPE_END
G1 X114.194 Y129 F18000
G1 E2.5 F6000
M204 P2000
;TYPE:Gap infill
;WIDTH:0.431694
G1 F1200
G1 X105.806 Y129 E.26305
G1 E-1.75 F6000
;WIPE_START
G1 X106.806 Y129 E-.75
;WIPE_END
G1 X113.76 Y90.79 F18000
G1 E2.5 F6000
M204 P1000
;TYPE:Outer wall
;WIDTH:0.42
G1 F1200
G1 X110.71 Y90.79 E.09276
G1 X110.71 Y90.21 E.01764
G1 X114.79 Y90.21 E.12409
G1 X114.79 Y91.79 E.04805
G1 X113.76 Y91.79 E.03133
G1 X113.76 Y90.85 E.02859
G1 X114.152 Y90.602 F18000
M204 P1500
;TYPE:Inner wall
;WIDTH:0.45
G1 F1200
G1 X114.398 Y90.602 E.00807
G1 X114.398 Y91.398 E.02613
G1 X114.152 Y91.398 E.00807
G1 X114.152 Y90.662 E.02416
G1 X113.956 Y90.5 F18000
M204 P2000
;TYPE:Gap infill
;WIDTH:0.230842
G1 F1200
G1 X110.906 Y90.5 E.04623
G1 E-1.75 F6000
;WIPE_START
G1 X111.906 Y90.5 E-.75
;WIPE_END
G1 X106.24 Y90.79 F18000
G1 E2.5 F6000
M204 P1000
;TYPE:Outer wall
;WIDTH:0.42
G1 F1200
G1 X106.24 Y91.79 E.03041
G1 X105.21 Y91.79 E.03133
G1 X105.21 Y90.21 E.04805
G1 X109.29 Y90.21 E.12409
G1 X109.29 Y90.79 E.01764
G1 X106.3 Y90.79 E.09094
G1 X105.848 Y90.602 F18000
M204 P1500
;TYPE:Inner wall
;WIDTH:0.45
G1 F1200
G1 X105.848 Y91.398 E.02613
G1 X105.602 Y91.398 E.00807
G1 X105.602 Y90.602 E.02613
G1 X105.788 Y90.602 E.0061
G1 X106.044 Y90.5 F18000
M204 P2000
;TYPE:Gap infill
;WIDTH:0.230842
G1 F1200
G1 X109.094 Y90.5 E.04623
; stop printing object SG90Adapter id:3152 copy 0
;LAYER_CHANGE
;Z:11.04
;HEIGHT:0.2
G92 E0 ; zero the extruded length again
; BEFORE_LAYER_CHANGE 54 @ 11.04mm
G1 E-1.75 F6000
;WIPE_START
G1 X108.094 Y90.5 E-.75
;WIPE_END
; AFTER_LAYER_CHANGE 54 @ 11.04mm
;_SET_FAN_SPEED_CHANGING_LAYER
; printing object SG90Adapter id:3152 copy 0
G1 X114.79 Y128.21 Z11.04 F18000
G1 E2.5 F6000
M204 P1000
;TYPE:Outer wall
;WIDTH:0.42
G1 F1200
G1 X114.79 Y129.79 E.04805
G1 X105.21 Y129.79 E.29136
G1 X105.21 Y128.21 E.04805
G1 X114.73 Y128.21 E.28954
G1 X114.398 Y128.602 F18000
M204 P1500
;TYPE:Inner wall
;WIDTH:0.45
G1 F1200
G1 X114.398 Y129.398 E.02613
G1 X105.602 Y129.398 E.2888
G1 X105.602 Y128.602 E.02613
G1 X114.338 Y128.602 E.28683
G1 E-1.75 F6000
;WIPE_START
G1 X114.398 Y129.398 E-.59858
G1 X114.196 Y129.398 E-.15142
;WIPE_END
G1 X114.194 Y129 F18000
G1 E2.5 F6000
M204 P2000
;TYPE:Gap infill
;WIDTH:0.431694
G1 F1200
G1 X105.806 Y129 E.26305
G1 E-1.75 F6000
;WIPE_START
G1 X106.806 Y129 E-.75
;WIPE_END
G1 X113.76 Y90.79 F18000
G1 E2.5 F6000
M204 P1000
;TYPE:Outer wall
;WIDTH:0.42
G1 F1200
G1 X110.71 Y90.79 E.09276
G1 X110.71 Y90.21 E.01764
G1 X114.79 Y90.21 E.12409
G1 X114.79 Y91.79 E.04805
G1 X113.76 Y91.79 E.03133
G1 X113.76 Y90.85 E.02859
G1 X114.152 Y90.602 F18000
M204 P1500
;TYPE:Inner wall
;WIDTH:0.45
G1 F1200
G1 X114.398 Y90.602 E.00807
G1 X114.398 Y91.398 E.02613
G1 X114.152 Y91.398 E.00807
G1 X114.152 Y90.662 E.02416
G1 X113.956 Y90.5 F18000
M204 P2000
;TYPE:Gap infill
;WIDTH:0.230842
G1 F1200
G1 X110.906 Y90.5 E.04623
G1 E-1.75 F6000
;WIPE_START
G1 X111.906 Y90.5 E-.75
;WIPE_END
G1 X106.24 Y90.79 F18000
G1 E2.5 F6000
M204 P1000
;TYPE:Outer wall
;WIDTH:0.42
G1 F1200
G1 X106.24 Y91.79 E.03041
G1 X105.21 Y91.79 E.03133
G1 X105.21 Y90.21 E.04805
G1 X109.29 Y90.21 E.12409
G1 X109.29 Y90.79 E.01764
G1 X106.3 Y90.79 E.09094
G1 X105.848 Y90.602 F18000
M204 P1500
;TYPE:Inner wall
;WIDTH:0.45
G1 F1200
G1 X105.848 Y91.398 E.02613
G1 X105.602 Y91.398 E.00807
G1 X105.602 Y90.602 E.02613
G1 X105.788 Y90.602 E.0061
G1 X106.044 Y90.5 F18000
M204 P2000
;TYPE:Gap infill
;WIDTH:0.230842
G1 F1200
G1 X109.094 Y90.5 E.04623
; stop printing object SG90Adapter id:3152 copy 0
;LAYER_CHANGE
;Z:11.24
;HEIGHT:0.2
G92 E0 ; zero the extruded length again
; BEFORE_LAYER_CHANGE 55 @ 11.24mm
G1 E-1.75 F6000
;WIPE_START
G1 X108.094 Y90.5 E-.75
;WIPE_END
; AFTER_LAYER_CHANGE 55 @ 11.24mm
;_SET_FAN_SPEED_CHANGING_LAYER
; printing object SG90Adapter id:3152 copy 0
G1 X114.79 Y128.21 Z11.24 F18000
G1 E2.5 F6000
M204 P1000
;TYPE:Outer wall
;WIDTH:0.42
G1 F1200
G1 X114.79 Y129.79 E.04805
G1 X105.21 Y129.79 E.29136
G1 X105.21 Y128.21 E.04805
G1 X114.73 Y128.21 E.28954
G1 X114.398 Y128.602 F18000
M204 P1500
;TYPE:Inner wall
;WIDTH:0.45
G1 F1200
G1 X114.398 Y129.398 E.02613
G1 X105.602 Y129.398 E.2888
G1 X105.602 Y128.602 E.02613
G1 X114.338 Y128.602 E.28683
G1 E-1.75 F6000
;WIPE_START
G1 X114.398 Y129.398 E-.59858
G1 X114.196 Y129.398 E-.15142
;WIPE_END
G1 X114.194 Y129 F18000
G1 E2.5 F6000
M204 P2000
;TYPE:Gap infill
;WIDTH:0.431694
G1 F1200
G1 X105.806 Y129 E.26305
G1 E-1.75 F6000
;WIPE_START
G1 X106.806 Y129 E-.75
;WIPE_END
G1 X113.76 Y90.79 F18000
G1 E2.5 F6000
M204 P1000
;TYPE:Outer wall
;WIDTH:0.42
G1 F1200
G1 X110.71 Y90.79 E.09276
G1 X110.71 Y90.21 E.01764
G1 X114.79 Y90.21 E.12409
G1 X114.79 Y91.79 E.04805
G1 X113.76 Y91.79 E.03133
G1 X113.76 Y90.85 E.02859
G1 X114.152 Y90.602 F18000
M204 P1500
;TYPE:Inner wall
;WIDTH:0.45
G1 F1200
G1 X114.398 Y90.602 E.00807
G1 X114.398 Y91.398 E.02613
G1 X114.152 Y91.398 E.00807
G1 X114.152 Y90.662 E.02416
G1 X113.956 Y90.5 F18000
M204 P2000
;TYPE:Gap infill
;WIDTH:0.230842
G1 F1200
G1 X110.906 Y90.5 E.04623
G1 E-1.75 F6000
;WIPE_START
G1 X111.906 Y90.5 E-.75
;WIPE_END
G1 X106.24 Y90.79 F18000
G1 E2.5 F6000
M204 P1000
;TYPE:Outer wall
;WIDTH:0.42
G1 F1200
G1 X106.24 Y91.79 E.03041
G1 X105.21 Y91.79 E.03133
G1 X105.21 Y90.21 E.04805
G1 X109.29 Y90.21 E.12409
G1 X109.29 Y90.79 E.01764
G1 X106.3 Y90.79 E.09094
G1 X105.848 Y90.602 F18000
M204 P1500
;TYPE:Inner wall
;WIDTH:0.45
G1 F1200
G1 X105.848 Y91.398 E.02613
G1 X105.602 Y91.398 E.00807
G1 X105.602 Y90.602 E.02613
G1 X105.788 Y90.602 E.0061
G1 X106.044 Y90.5 F18000
M204 P2000
;TYPE:Gap infill
;WIDTH:0.230842
G1 F1200
G1 X109.094 Y90.5 E.04623
; stop printing object SG90Adapter id:3152 copy 0
;LAYER_CHANGE
;Z:11.44
;HEIGHT:0.2
G92 E0 ; zero the extruded length again
; BEFORE_LAYER_CHANGE 56 @ 11.44mm
G1 E-1.75 F6000
;WIPE_START
G1 X108.094 Y90.5 E-.75
;WIPE_END
; AFTER_LAYER_CHANGE 56 @ 11.44mm
;_SET_FAN_SPEED_CHANGING_LAYER
; printing object SG90Adapter id:3152 copy 0
G1 X114.79 Y128.21 Z11.44 F18000
G1 E2.5 F6000
M204 P1000
;TYPE:Outer wall
;WIDTH:0.42
G1 F1200
G1 X114.79 Y129.79 E.04805
G1 X105.21 Y129.79 E.29136
G1 X105.21 Y128.21 E.04805
G1 X114.73 Y128.21 E.28954
G1 X114.398 Y128.602 F18000
M204 P1500
;TYPE:Inner wall
;WIDTH:0.45
G1 F1200
G1 X114.398 Y129.398 E.02613
G1 X105.602 Y129.398 E.2888
G1 X105.602 Y128.602 E.02613
G1 X114.338 Y128.602 E.28683
G1 E-1.75 F6000
;WIPE_START
G1 X114.398 Y129.398 E-.59858
G1 X114.196 Y129.398 E-.15142
;WIPE_END
G1 X114.194 Y129 F18000
G1 E2.5 F6000
M204 P2000
;TYPE:Gap infill
;WIDTH:0.431694
G1 F1200
G1 X105.806 Y129 E.26305
G1 E-1.75 F6000
;WIPE_START
G1 X106.806 Y129 E-.75
;WIPE_END
G1 X113.76 Y90.79 F18000
G1 E2.5 F6000
M204 P1000
;TYPE:Outer wall
;WIDTH:0.42
G1 F1200
G1 X110.71 Y90.79 E.09276
G1 X110.71 Y90.21 E.01764
G1 X114.79 Y90.21 E.12409
G1 X114.79 Y91.79 E.04805
G1 X113.76 Y91.79 E.03133
G1 X113.76 Y90.85 E.02859
G1 X114.152 Y90.602 F18000
M204 P1500
;TYPE:Inner wall
;WIDTH:0.45
G1 F1200
G1 X114.398 Y90.602 E.00807
G1 X114.398 Y91.398 E.02613
G1 X114.152 Y91.398 E.00807
G1 X114.152 Y90.662 E.02416
G1 X113.956 Y90.5 F18000
M204 P2000
;TYPE:Gap infill
;WIDTH:0.230842
G1 F1200
G1 X110.906 Y90.5 E.04623
G1 E-1.75 F6000
;WIPE_START
G1 X111.906 Y90.5 E-.75
;WIPE_END
G1 X106.24 Y90.79 F18000
G1 E2.5 F6000
M204 P1000
;TYPE:Outer wall
;WIDTH:0.42
G1 F1200
G1 X106.24 Y91.79 E.03041
G1 X105.21 Y91.79 E.03133
G1 X105.21 Y90.21 E.04805
G1 X109.29 Y90.21 E.12409
G1 X109.29 Y90.79 E.01764
G1 X106.3 Y90.79 E.09094
G1 X105.848 Y90.602 F18000
M204 P1500
;TYPE:Inner wall
;WIDTH:0.45
G1 F1200
G1 X105.848 Y91.398 E.02613
G1 X105.602 Y91.398 E.00807
G1 X105.602 Y90.602 E.02613
G1 X105.788 Y90.602 E.0061
G1 X106.044 Y90.5 F18000
M204 P2000
;TYPE:Gap infill
;WIDTH:0.230842
G1 F1200
G1 X109.094 Y90.5 E.04623
; stop printing object SG90Adapter id:3152 copy 0
;LAYER_CHANGE
;Z:11.64
;HEIGHT:0.200001
G92 E0 ; zero the extruded length again
; BEFORE_LAYER_CHANGE 57 @ 11.64mm
G1 E-1.75 F6000
;WIPE_START
G1 X108.094 Y90.5 E-.75
;WIPE_END
; AFTER_LAYER_CHANGE 57 @ 11.64mm
;_SET_FAN_SPEED_CHANGING_LAYER
; printing object SG90Adapter id:3152 copy 0
G1 X114.79 Y128.21 Z11.64 F18000
G1 E2.5 F6000
M204 P1000
;TYPE:Outer wall
;WIDTH:0.42
G1 F1200
G1 X114.79 Y129.79 E.04805
G1 X105.21 Y129.79 E.29136
G1 X105.21 Y128.21 E.04805
G1 X114.73 Y128.21 E.28954
G1 X114.398 Y128.602 F18000
M204 P1500
;TYPE:Inner wall
;WIDTH:0.45
G1 F1200
G1 X114.398 Y129.398 E.02613
G1 X105.602 Y129.398 E.2888
G1 X105.602 Y128.602 E.02613
G1 X114.338 Y128.602 E.28683
G1 E-1.75 F6000
;WIPE_START
G1 X114.398 Y129.398 E-.59858
G1 X114.196 Y129.398 E-.15142
;WIPE_END
G1 X114.194 Y129 F18000
G1 E2.5 F6000
M204 P2000
;TYPE:Gap infill
;WIDTH:0.431694
G1 F1200
G1 X105.806 Y129 E.26305
G1 E-1.75 F6000
;WIPE_START
G1 X106.806 Y129 E-.75
;WIPE_END
G1 X113.76 Y90.79 F18000
G1 E2.5 F6000
M204 P1000
;TYPE:Outer wall
;WIDTH:0.42
G1 F1200
G1 X110.71 Y90.79 E.09276
G1 X110.71 Y90.21 E.01764
G1 X114.79 Y90.21 E.12409
G1 X114.79 Y91.79 E.04805
G1 X113.76 Y91.79 E.03133
G1 X113.76 Y90.85 E.02859
G1 X114.152 Y90.602 F18000
M204 P1500
;TYPE:Inner wall
;WIDTH:0.45
G1 F1200
G1 X114.398 Y90.602 E.00807
G1 X114.398 Y91.398 E.02613
G1 X114.152 Y91.398 E.00807
G1 X114.152 Y90.662 E.02416
G1 X113.956 Y90.5 F18000
M204 P2000
;TYPE:Gap infill
;WIDTH:0.230842
G1 F1200
G1 X110.906 Y90.5 E.04623
G1 E-1.75 F6000
;WIPE_START
G1 X111.906 Y90.5 E-.75
;WIPE_END
G1 X106.24 Y90.79 F18000
G1 E2.5 F6000
M204 P1000
;TYPE:Outer wall
;WIDTH:0.42
G1 F1200
G1 X106.24 Y91.79 E.03041
G1 X105.21 Y91.79 E.03133
G1 X105.21 Y90.21 E.04805
G1 X109.29 Y90.21 E.12409
G1 X109.29 Y90.79 E.01764
G1 X106.3 Y90.79 E.09094
G1 X105.848 Y90.602 F18000
M204 P1500
;TYPE:Inner wall
;WIDTH:0.45
G1 F1200
G1 X105.848 Y91.398 E.02613
G1 X105.602 Y91.398 E.00807
G1 X105.602 Y90.602 E.02613
G1 X105.788 Y90.602 E.0061
G1 X106.044 Y90.5 F18000
M204 P2000
;TYPE:Gap infill
;WIDTH:0.230842
G1 F1200
G1 X109.094 Y90.5 E.04623
; stop printing object SG90Adapter id:3152 copy 0
;LAYER_CHANGE
;Z:11.84
;HEIGHT:0.2
G92 E0 ; zero the extruded length again
; BEFORE_LAYER_CHANGE 58 @ 11.84mm
G1 E-1.75 F6000
;WIPE_START
G1 X108.094 Y90.5 E-.75
;WIPE_END
; AFTER_LAYER_CHANGE 58 @ 11.84mm
;_SET_FAN_SPEED_CHANGING_LAYER
; printing object SG90Adapter id:3152 copy 0
G1 X114.79 Y128.21 Z11.84 F18000
G1 E2.5 F6000
M204 P1000
;TYPE:Outer wall
;WIDTH:0.42
G1 F1200
G1 X114.79 Y129.79 E.04805
G1 X105.21 Y129.79 E.29136
G1 X105.21 Y128.21 E.04805
G1 X114.73 Y128.21 E.28954
G1 X114.398 Y128.602 F18000
M204 P1500
;TYPE:Inner wall
;WIDTH:0.45
G1 F1200
G1 X114.398 Y129.398 E.02613
G1 X105.602 Y129.398 E.2888
G1 X105.602 Y128.602 E.02613
G1 X114.338 Y128.602 E.28683
G1 E-1.75 F6000
;WIPE_START
G1 X114.398 Y129.398 E-.59858
G1 X114.196 Y129.398 E-.15142
;WIPE_END
G1 X114.194 Y129 F18000
G1 E2.5 F6000
M204 P2000
;TYPE:Gap infill
;WIDTH:0.431694
G1 F1200
G1 X105.806 Y129 E.26305
G1 E-1.75 F6000
;WIPE_START
G1 X106.806 Y129 E-.75
;WIPE_END
G1 X113.76 Y90.79 F18000
G1 E2.5 F6000
M204 P1000
;TYPE:Outer wall
;WIDTH:0.42
G1 F1200
G1 X110.71 Y90.79 E.09276
G1 X110.71 Y90.21 E.01764
G1 X114.79 Y90.21 E.12409
G1 X114.79 Y91.79 E.04805
G1 X113.76 Y91.79 E.03133
G1 X113.76 Y90.85 E.02859
G1 X114.152 Y90.602 F18000
M204 P1500
;TYPE:Inner wall
;WIDTH:0.45
G1 F1200
G1 X114.398 Y90.602 E.00807
G1 X114.398 Y91.398 E.02613
G1 X114.152 Y91.398 E.00807
G1 X114.152 Y90.662 E.02416
G1 X113.956 Y90.5 F18000
M204 P2000
;TYPE:Gap infill
;WIDTH:0.230842
G1 F1200
G1 X110.906 Y90.5 E.04623
G1 E-1.75 F6000
;WIPE_START
G1 X111.906 Y90.5 E-.75
;WIPE_END
G1 X106.24 Y90.79 F18000
G1 E2.5 F6000
M204 P1000
;TYPE:Outer wall
;WIDTH:0.42
G1 F1200
G1 X106.24 Y91.79 E.03041
G1 X105.21 Y91.79 E.03133
G1 X105.21 Y90.21 E.04805
G1 X109.29 Y90.21 E.12409
G1 X109.29 Y90.79 E.01764
G1 X106.3 Y90.79 E.09094
G1 X105.848 Y90.602 F18000
M204 P1500
;TYPE:Inner wall
;WIDTH:0.45
G1 F1200
G1 X105.848 Y91.398 E.02613
G1 X105.602 Y91.398 E.00807
G1 X105.602 Y90.602 E.02613
G1 X105.788 Y90.602 E.0061
G1 X106.044 Y90.5 F18000
M204 P2000
;TYPE:Gap infill
;WIDTH:0.230842
G1 F1200
G1 X109.094 Y90.5 E.04623
; stop printing object SG90Adapter id:3152 copy 0
;LAYER_CHANGE
;Z:12.04
;HEIGHT:0.2
G92 E0 ; zero the extruded length again
; BEFORE_LAYER_CHANGE 59 @ 12.04mm
G1 E-1.75 F6000
;WIPE_START
G1 X108.094 Y90.5 E-.75
;WIPE_END
; AFTER_LAYER_CHANGE 59 @ 12.04mm
;_SET_FAN_SPEED_CHANGING_LAYER
; printing object SG90Adapter id:3152 copy 0
G1 X114.79 Y128.21 Z12.04 F18000
G1 E2.5 F6000
M204 P1000
;TYPE:Outer wall
;WIDTH:0.42
G1 F1200
G1 X114.79 Y129.79 E.04805
G1 X105.21 Y129.79 E.29136
G1 X105.21 Y128.21 E.04805
G1 X114.73 Y128.21 E.28954
G1 X114.398 Y128.602 F18000
M204 P1500
;TYPE:Inner wall
;WIDTH:0.45
G1 F1200
G1 X114.398 Y129.398 E.02613
G1 X105.602 Y129.398 E.2888
G1 X105.602 Y128.602 E.02613
G1 X114.338 Y128.602 E.28683
G1 E-1.75 F6000
;WIPE_START
G1 X114.398 Y129.398 E-.59858
G1 X114.196 Y129.398 E-.15142
;WIPE_END
G1 X114.194 Y129 F18000
G1 E2.5 F6000
M204 P2000
;TYPE:Gap infill
;WIDTH:0.431694
G1 F1200
G1 X105.806 Y129 E.26305
G1 E-1.75 F6000
;WIPE_START
G1 X106.806 Y129 E-.75
;WIPE_END
G1 X113.76 Y90.79 F18000
G1 E2.5 F6000
M204 P1000
;TYPE:Outer wall
;WIDTH:0.42
G1 F1200
G1 X110.71 Y90.79 E.09276
G1 X110.71 Y90.21 E.01764
G1 X114.79 Y90.21 E.12409
G1 X114.79 Y91.79 E.04805
G1 X113.76 Y91.79 E.03133
G1 X113.76 Y90.85 E.02859
G1 X114.152 Y90.602 F18000
M204 P1500
;TYPE:Inner wall
;WIDTH:0.45
G1 F1200
G1 X114.398 Y90.602 E.00807
G1 X114.398 Y91.398 E.02613
G1 X114.152 Y91.398 E.00807
G1 X114.152 Y90.662 E.02416
G1 X113.956 Y90.5 F18000
M204 P2000
;TYPE:Gap infill
;WIDTH:0.230842
G1 F1200
G1 X110.906 Y90.5 E.04623
G1 E-1.75 F6000
;WIPE_START
G1 X111.906 Y90.5 E-.75
;WIPE_END
G1 X106.24 Y90.79 F18000
G1 E2.5 F6000
M204 P1000
;TYPE:Outer wall
;WIDTH:0.42
G1 F1200
G1 X106.24 Y91.79 E.03041
G1 X105.21 Y91.79 E.03133
G1 X105.21 Y90.21 E.04805
G1 X109.29 Y90.21 E.12409
G1 X109.29 Y90.79 E.01764
G1 X106.3 Y90.79 E.09094
G1 X105.848 Y90.602 F18000
M204 P1500
;TYPE:Inner wall
;WIDTH:0.45
G1 F1200
G1 X105.848 Y91.398 E.02613
G1 X105.602 Y91.398 E.00807
G1 X105.602 Y90.602 E.02613
G1 X105.788 Y90.602 E.0061
G1 X106.044 Y90.5 F18000
M204 P2000
;TYPE:Gap infill
;WIDTH:0.230842
G1 F1200
G1 X109.094 Y90.5 E.04623
; stop printing object SG90Adapter id:3152 copy 0
;LAYER_CHANGE
;Z:12.24
;HEIGHT:0.2
G92 E0 ; zero the extruded length again
; BEFORE_LAYER_CHANGE 60 @ 12.24mm
G1 E-1.75 F6000
;WIPE_START
G1 X108.094 Y90.5 E-.75
;WIPE_END
; AFTER_LAYER_CHANGE 60 @ 12.24mm
;_SET_FAN_SPEED_CHANGING_LAYER
; printing object SG90Adapter id:3152 copy 0
G1 X114.79 Y128.21 Z12.24 F18000
G1 E2.5 F6000
M204 P1000
;TYPE:Outer wall
;WIDTH:0.42
G1 F1200
G1 X114.79 Y129.79 E.04805
G1 X105.21 Y129.79 E.29136
G1 X105.21 Y128.21 E.04805
G1 X114.73 Y128.21 E.28954
G1 X114.398 Y128.602 F18000
M204 P1500
;TYPE:Inner wall
;WIDTH:0.45
G1 F1200
G1 X114.398 Y129.398 E.02613
G1 X105.602 Y129.398 E.2888
G1 X105.602 Y128.602 E.02613
G1 X114.338 Y128.602 E.28683
G1 E-1.75 F6000
;WIPE_START
G1 X114.398 Y129.398 E-.59858
G1 X114.196 Y129.398 E-.15142
;WIPE_END
G1 X114.194 Y129 F18000
G1 E2.5 F6000
M204 P2000
;TYPE:Gap infill
;WIDTH:0.431694
G1 F1200
G1 X105.806 Y129 E.26305
G1 E-1.75 F6000
;WIPE_START
G1 X106.806 Y129 E-.75
;WIPE_END
G1 X113.76 Y90.79 F18000
G1 E2.5 F6000
M204 P1000
;TYPE:Outer wall
;WIDTH:0.42
G1 F1200
G1 X110.71 Y90.79 E.09276
G1 X110.71 Y90.21 E.01764
G1 X114.79 Y90.21 E.12409
G1 X114.79 Y91.79 E.04805
G1 X113.76 Y91.79 E.03133
G1 X113.76 Y90.85 E.02859
G1 X114.152 Y90.602 F18000
M204 P1500
;TYPE:Inner wall
;WIDTH:0.45
G1 F1200
G1 X114.398 Y90.602 E.00807
G1 X114.398 Y91.398 E.02613
G1 X114.152 Y91.398 E.00807
G1 X114.152 Y90.662 E.02416
G1 X113.956 Y90.5 F18000
M204 P2000
;TYPE:Gap infill
;WIDTH:0.230842
G1 F1200
G1 X110.906 Y90.5 E.04623
G1 E-1.75 F6000
;WIPE_START
G1 X111.906 Y90.5 E-.75
;WIPE_END
G1 X106.24 Y90.79 F18000
G1 E2.5 F6000
M204 P1000
;TYPE:Outer wall
;WIDTH:0.42
G1 F1200
G1 X106.24 Y91.79 E.03041
G1 X105.21 Y91.79 E.03133
G1 X105.21 Y90.21 E.04805
G1 X109.29 Y90.21 E.12409
G1 X109.29 Y90.79 E.01764
G1 X106.3 Y90.79 E.09094
G1 X105.848 Y90.602 F18000
M204 P1500
;TYPE:Inner wall
;WIDTH:0.45
G1 F1200
G1 X105.848 Y91.398 E.02613
G1 X105.602 Y91.398 E.00807
G1 X105.602 Y90.602 E.02613
G1 X105.788 Y90.602 E.0061
G1 X106.044 Y90.5 F18000
M204 P2000
;TYPE:Gap infill
;WIDTH:0.230842
G1 F1200
G1 X109.094 Y90.5 E.04623
; stop printing object SG90Adapter id:3152 copy 0
;LAYER_CHANGE
;Z:12.44
;HEIGHT:0.2
G92 E0 ; zero the extruded length again
; BEFORE_LAYER_CHANGE 61 @ 12.44mm
G1 E-1.75 F6000
;WIPE_START
G1 X108.094 Y90.5 E-.75
;WIPE_END
; AFTER_LAYER_CHANGE 61 @ 12.44mm
;_SET_FAN_SPEED_CHANGING_LAYER
; printing object SG90Adapter id:3152 copy 0
G1 X114.79 Y128.21 Z12.44 F18000
G1 E2.5 F6000
M204 P1000
;TYPE:Outer wall
;WIDTH:0.42
G1 F1200
G1 X114.79 Y129.79 E.04805
G1 X105.21 Y129.79 E.29136
G1 X105.21 Y128.21 E.04805
G1 X114.73 Y128.21 E.28954
G1 X114.398 Y128.602 F18000
M204 P1500
;TYPE:Inner wall
;WIDTH:0.45
G1 F1200
G1 X114.398 Y129.398 E.02613
G1 X105.602 Y129.398 E.2888
G1 X105.602 Y128.602 E.02613
G1 X114.338 Y128.602 E.28683
G1 E-1.75 F6000
;WIPE_START
G1 X114.398 Y129.398 E-.59858
G1 X114.196 Y129.398 E-.15142
;WIPE_END
G1 X114.194 Y129 F18000
G1 E2.5 F6000
M204 P2000
;TYPE:Gap infill
;WIDTH:0.431694
G1 F1200
G1 X105.806 Y129 E.26305
G1 E-1.75 F6000
;WIPE_START
G1 X106.806 Y129 E-.75
;WIPE_END
G1 X113.76 Y90.79 F18000
G1 E2.5 F6000
M204 P1000
;TYPE:Outer wall
;WIDTH:0.42
G1 F1200
G1 X110.71 Y90.79 E.09276
G1 X110.71 Y90.21 E.01764
G1 X114.79 Y90.21 E.12409
G1 X114.79 Y91.79 E.04805
G1 X113.76 Y91.79 E.03133
G1 X113.76 Y90.85 E.02859
G1 X114.152 Y90.602 F18000
M204 P1500
;TYPE:Inner wall
;WIDTH:0.45
G1 F1200
G1 X114.398 Y90.602 E.00807
G1 X114.398 Y91.398 E.02613
G1 X114.152 Y91.398 E.00807
G1 X114.152 Y90.662 E.02416
G1 X113.956 Y90.5 F18000
M204 P2000
;TYPE:Gap infill
;WIDTH:0.230842
G1 F1200
G1 X110.906 Y90.5 E.04623
G1 E-1.75 F6000
;WIPE_START
G1 X111.906 Y90.5 E-.75
;WIPE_END
G1 X106.24 Y90.79 F18000
G1 E2.5 F6000
M204 P1000
;TYPE:Outer wall
;WIDTH:0.42
G1 F1200
G1 X106.24 Y91.79 E.03041
G1 X105.21 Y91.79 E.03133
G1 X105.21 Y90.21 E.04805
G1 X109.29 Y90.21 E.12409
G1 X109.29 Y90.79 E.01764
G1 X106.3 Y90.79 E.09094
G1 X105.848 Y90.602 F18000
M204 P1500
;TYPE:Inner wall
;WIDTH:0.45
G1 F1200
G1 X105.848 Y91.398 E.02613
G1 X105.602 Y91.398 E.00807
G1 X105.602 Y90.602 E.02613
G1 X105.788 Y90.602 E.0061
G1 X106.044 Y90.5 F18000
M204 P2000
;TYPE:Gap infill
;WIDTH:0.230842
G1 F1200
G1 X109.094 Y90.5 E.04623
; stop printing object SG90Adapter id:3152 copy 0
;LAYER_CHANGE
;Z:12.64
;HEIGHT:0.200001
G92 E0 ; zero the extruded length again
; BEFORE_LAYER_CHANGE 62 @ 12.64mm
G1 E-1.75 F6000
;WIPE_START
G1 X108.094 Y90.5 E-.75
;WIPE_END
; AFTER_LAYER_CHANGE 62 @ 12.64mm
;_SET_FAN_SPEED_CHANGING_LAYER
; printing object SG90Adapter id:3152 copy 0
G1 X114.79 Y128.21 Z12.64 F18000
G1 E2.5 F6000
M204 P1000
;TYPE:Outer wall
;WIDTH:0.42
G1 F1200
G1 X114.79 Y129.79 E.04805
G1 X105.21 Y129.79 E.29136
G1 X105.21 Y128.21 E.04805
G1 X114.73 Y128.21 E.28954
G1 X114.398 Y128.602 F18000
M204 P1500
;TYPE:Inner wall
;WIDTH:0.45
G1 F1200
G1 X114.398 Y129.398 E.02613
G1 X105.602 Y129.398 E.2888
G1 X105.602 Y128.602 E.02613
G1 X114.338 Y128.602 E.28683
G1 E-1.75 F6000
;WIPE_START
G1 X114.398 Y129.398 E-.59858
G1 X114.196 Y129.398 E-.15142
;WIPE_END
G1 X114.194 Y129 F18000
G1 E2.5 F6000
M204 P2000
;TYPE:Gap infill
;WIDTH:0.431694
G1 F1200
G1 X105.806 Y129 E.26305
G1 E-1.75 F6000
;WIPE_START
G1 X106.806 Y129 E-.75
;WIPE_END
G1 X113.76 Y90.79 F18000
G1 E2.5 F6000
M204 P1000
;TYPE:Outer wall
;WIDTH:0.42
G1 F1200
G1 X110.71 Y90.79 E.09276
G1 X110.71 Y90.21 E.01764
G1 X114.79 Y90.21 E.12409
G1 X114.79 Y91.79 E.04805
G1 X113.76 Y91.79 E.03133
G1 X113.76 Y90.85 E.02859
G1 X114.152 Y90.602 F18000
M204 P1500
;TYPE:Inner wall
;WIDTH:0.45
G1 F1200
G1 X114.398 Y90.602 E.00807
G1 X114.398 Y91.398 E.02613
G1 X114.152 Y91.398 E.00807
G1 X114.152 Y90.662 E.02416
G1 X113.956 Y90.5 F18000
M204 P2000
;TYPE:Gap infill
;WIDTH:0.230842
G1 F1200
G1 X110.906 Y90.5 E.04623
G1 E-1.75 F6000
;WIPE_START
G1 X111.906 Y90.5 E-.75
;WIPE_END
G1 X106.24 Y90.79 F18000
G1 E2.5 F6000
M204 P1000
;TYPE:Outer wall
;WIDTH:0.42
G1 F1200
G1 X106.24 Y91.79 E.03041
G1 X105.21 Y91.79 E.03133
G1 X105.21 Y90.21 E.04805
G1 X109.29 Y90.21 E.12409
G1 X109.29 Y90.79 E.01764
G1 X106.3 Y90.79 E.09094
G1 X105.848 Y90.602 F18000
M204 P1500
;TYPE:Inner wall
;WIDTH:0.45
G1 F1200
G1 X105.848 Y91.398 E.02613
G1 X105.602 Y91.398 E.00807
G1 X105.602 Y90.602 E.02613
G1 X105.788 Y90.602 E.0061
G1 X106.044 Y90.5 F18000
M204 P2000
;TYPE:Gap infill
;WIDTH:0.230842
G1 F1200
G1 X109.094 Y90.5 E.04623
; stop printing object SG90Adapter id:3152 copy 0
;LAYER_CHANGE
;Z:12.84
;HEIGHT:0.2
G92 E0 ; zero the extruded length again
; BEFORE_LAYER_CHANGE 63 @ 12.84mm
G1 E-1.75 F6000
;WIPE_START
G1 X108.094 Y90.5 E-.75
;WIPE_END
; AFTER_LAYER_CHANGE 63 @ 12.84mm
;_SET_FAN_SPEED_CHANGING_LAYER
; printing object SG90Adapter id:3152 copy 0
G1 X114.79 Y128.21 Z12.84 F18000
G1 E2.5 F6000
M204 P1000
;TYPE:Outer wall
;WIDTH:0.42
G1 F1200
G1 X114.79 Y129.79 E.04805
G1 X105.21 Y129.79 E.29136
G1 X105.21 Y128.21 E.04805
G1 X114.73 Y128.21 E.28954
G1 X114.398 Y128.602 F18000
M204 P1500
;TYPE:Inner wall
;WIDTH:0.45
G1 F1200
G1 X114.398 Y129.398 E.02613
G1 X105.602 Y129.398 E.2888
G1 X105.602 Y128.602 E.02613
G1 X114.338 Y128.602 E.28683
G1 E-1.75 F6000
;WIPE_START
G1 X114.398 Y129.398 E-.59858
G1 X114.196 Y129.398 E-.15142
;WIPE_END
G1 X114.194 Y129 F18000
G1 E2.5 F6000
M204 P2000
;TYPE:Gap infill
;WIDTH:0.431694
G1 F1200
G1 X105.806 Y129 E.26305
G1 E-1.75 F6000
;WIPE_START
G1 X106.806 Y129 E-.75
;WIPE_END
G1 X113.76 Y90.79 F18000
G1 E2.5 F6000
M204 P1000
;TYPE:Outer wall
;WIDTH:0.42
G1 F1200
G1 X110.71 Y90.79 E.09276
G1 X110.71 Y90.21 E.01764
G1 X114.79 Y90.21 E.12409
G1 X114.79 Y91.79 E.04805
G1 X113.76 Y91.79 E.03133
G1 X113.76 Y90.85 E.02859
G1 X114.152 Y90.602 F18000
M204 P1500
;TYPE:Inner wall
;WIDTH:0.45
G1 F1200
G1 X114.398 Y90.602 E.00807
G1 X114.398 Y91.398 E.02613
G1 X114.152 Y91.398 E.00807
G1 X114.152 Y90.662 E.02416
G1 X113.956 Y90.5 F18000
M204 P2000
;TYPE:Gap infill
;WIDTH:0.230842
G1 F1200
G1 X110.906 Y90.5 E.04623
G1 E-1.75 F6000
;WIPE_START
G1 X111.906 Y90.5 E-.75
;WIPE_END
G1 X106.24 Y90.79 F18000
G1 E2.5 F6000
M204 P1000
;TYPE:Outer wall
;WIDTH:0.42
G1 F1200
G1 X106.24 Y91.79 E.03041
G1 X105.21 Y91.79 E.03133
G1 X105.21 Y90.21 E.04805
G1 X109.29 Y90.21 E.12409
G1 X109.29 Y90.79 E.01764
G1 X106.3 Y90.79 E.09094
G1 X105.848 Y90.602 F18000
M204 P1500
;TYPE:Inner wall
;WIDTH:0.45
G1 F1200
G1 X105.848 Y91.398 E.02613
G1 X105.602 Y91.398 E.00807
G1 X105.602 Y90.602 E.02613
G1 X105.788 Y90.602 E.0061
G1 X106.044 Y90.5 F18000
M204 P2000
;TYPE:Gap infill
;WIDTH:0.230842
G1 F1200
G1 X109.094 Y90.5 E.04623
; stop printing object SG90Adapter id:3152 copy 0
;LAYER_CHANGE
;Z:13.04
;HEIGHT:0.2
G92 E0 ; zero the extruded length again
; BEFORE_LAYER_CHANGE 64 @ 13.04mm
G1 E-1.75 F6000
;WIPE_START
G1 X108.094 Y90.5 E-.75
;WIPE_END
; AFTER_LAYER_CHANGE 64 @ 13.04mm
;_SET_FAN_SPEED_CHANGING_LAYER
; printing object SG90Adapter id:3152 copy 0
G1 X114.79 Y128.21 Z13.04 F18000
G1 E2.5 F6000
M204 P1000
;TYPE:Outer wall
;WIDTH:0.42
G1 F1200
G1 X114.79 Y129.79 E.04805
G1 X105.21 Y129.79 E.29136
G1 X105.21 Y128.21 E.04805
G1 X114.73 Y128.21 E.28954
G1 X114.398 Y128.602 F18000
M204 P1500
;TYPE:Inner wall
;WIDTH:0.45
G1 F1200
G1 X114.398 Y129.398 E.02613
G1 X105.602 Y129.398 E.2888
G1 X105.602 Y128.602 E.02613
G1 X114.338 Y128.602 E.28683
G1 E-1.75 F6000
;WIPE_START
G1 X114.398 Y129.398 E-.59858
G1 X114.196 Y129.398 E-.15142
;WIPE_END
G1 X114.194 Y129 F18000
G1 E2.5 F6000
M204 P2000
;TYPE:Gap infill
;WIDTH:0.431694
G1 F1200
G1 X105.806 Y129 E.26305
G1 E-1.75 F6000
;WIPE_START
G1 X106.806 Y129 E-.75
;WIPE_END
G1 X113.76 Y90.79 F18000
G1 E2.5 F6000
M204 P1000
;TYPE:Outer wall
;WIDTH:0.42
G1 F1200
G1 X110.71 Y90.79 E.09276
G1 X110.71 Y90.21 E.01764
G1 X114.79 Y90.21 E.12409
G1 X114.79 Y91.79 E.04805
G1 X113.76 Y91.79 E.03133
G1 X113.76 Y90.85 E.02859
G1 X114.152 Y90.602 F18000
M204 P1500
;TYPE:Inner wall
;WIDTH:0.45
G1 F1200
G1 X114.398 Y90.602 E.00807
G1 X114.398 Y91.398 E.02613
G1 X114.152 Y91.398 E.00807
G1 X114.152 Y90.662 E.02416
G1 X113.956 Y90.5 F18000
M204 P2000
;TYPE:Gap infill
;WIDTH:0.230842
G1 F1200
G1 X110.906 Y90.5 E.04623
G1 E-1.75 F6000
;WIPE_START
G1 X111.906 Y90.5 E-.75
;WIPE_END
G1 X106.24 Y90.79 F18000
G1 E2.5 F6000
M204 P1000
;TYPE:Outer wall
;WIDTH:0.42
G1 F1200
G1 X106.24 Y91.79 E.03041
G1 X105.21 Y91.79 E.03133
G1 X105.21 Y90.21 E.04805
G1 X109.29 Y90.21 E.12409
G1 X109.29 Y90.79 E.01764
G1 X106.3 Y90.79 E.09094
G1 X105.848 Y90.602 F18000
M204 P1500
;TYPE:Inner wall
;WIDTH:0.45
G1 F1200
G1 X105.848 Y91.398 E.02613
G1 X105.602 Y91.398 E.00807
G1 X105.602 Y90.602 E.02613
G1 X105.788 Y90.602 E.0061
G1 X106.044 Y90.5 F18000
M204 P2000
;TYPE:Gap infill
;WIDTH:0.230842
G1 F1200
G1 X109.094 Y90.5 E.04623
; stop printing object SG90Adapter id:3152 copy 0
;LAYER_CHANGE
;Z:13.24
;HEIGHT:0.2
G92 E0 ; zero the extruded length again
; BEFORE_LAYER_CHANGE 65 @ 13.24mm
G1 E-1.75 F6000
;WIPE_START
G1 X108.094 Y90.5 E-.75
;WIPE_END
; AFTER_LAYER_CHANGE 65 @ 13.24mm
;_SET_FAN_SPEED_CHANGING_LAYER
; printing object SG90Adapter id:3152 copy 0
G1 X114.79 Y128.21 Z13.24 F18000
G1 E2.5 F6000
M204 P1000
;TYPE:Outer wall
;WIDTH:0.42
G1 F1200
G1 X114.79 Y129.79 E.04805
G1 X105.21 Y129.79 E.29136
G1 X105.21 Y128.21 E.04805
G1 X114.73 Y128.21 E.28954
G1 X114.398 Y128.602 F18000
M204 P1500
;TYPE:Inner wall
;WIDTH:0.45
G1 F1200
G1 X114.398 Y129.398 E.02613
G1 X105.602 Y129.398 E.2888
G1 X105.602 Y128.602 E.02613
G1 X114.338 Y128.602 E.28683
G1 E-1.75 F6000
;WIPE_START
G1 X114.398 Y129.398 E-.59858
G1 X114.196 Y129.398 E-.15142
;WIPE_END
G1 X114.194 Y129 F18000
G1 E2.5 F6000
M204 P2000
;TYPE:Gap infill
;WIDTH:0.431694
G1 F1200
G1 X105.806 Y129 E.26305
G1 E-1.75 F6000
;WIPE_START
G1 X106.806 Y129 E-.75
;WIPE_END
G1 X113.76 Y90.79 F18000
G1 E2.5 F6000
M204 P1000
;TYPE:Outer wall
;WIDTH:0.42
G1 F1200
G1 X110.71 Y90.79 E.09276
G1 X110.71 Y90.21 E.01764
G1 X114.79 Y90.21 E.12409
G1 X114.79 Y91.79 E.04805
G1 X113.76 Y91.79 E.03133
G1 X113.76 Y90.85 E.02859
G1 X114.152 Y90.602 F18000
M204 P1500
;TYPE:Inner wall
;WIDTH:0.45
G1 F1200
G1 X114.398 Y90.602 E.00807
G1 X114.398 Y91.398 E.02613
G1 X114.152 Y91.398 E.00807
G1 X114.152 Y90.662 E.02416
G1 X113.956 Y90.5 F18000
M204 P2000
;TYPE:Gap infill
;WIDTH:0.230842
G1 F1200
G1 X110.906 Y90.5 E.04623
G1 E-1.75 F6000
;WIPE_START
G1 X111.906 Y90.5 E-.75
;WIPE_END
G1 X106.24 Y90.79 F18000
G1 E2.5 F6000
M204 P1000
;TYPE:Outer wall
;WIDTH:0.42
G1 F1200
G1 X106.24 Y91.79 E.03041
G1 X105.21 Y91.79 E.03133
G1 X105.21 Y90.21 E.04805
G1 X109.29 Y90.21 E.12409
G1 X109.29 Y90.79 E.01764
G1 X106.3 Y90.79 E.09094
G1 X105.848 Y90.602 F18000
M204 P1500
;TYPE:Inner wall
;WIDTH:0.45
G1 F1200
G1 X105.848 Y91.398 E.02613
G1 X105.602 Y91.398 E.00807
G1 X105.602 Y90.602 E.02613
G1 X105.788 Y90.602 E.0061
G1 X106.044 Y90.5 F18000
M204 P2000
;TYPE:Gap infill
;WIDTH:0.230842
G1 F1200
G1 X109.094 Y90.5 E.04623
; stop printing object SG90Adapter id:3152 copy 0
;LAYER_CHANGE
;Z:13.44
;HEIGHT:0.2
G92 E0 ; zero the extruded length again
; BEFORE_LAYER_CHANGE 66 @ 13.44mm
G1 E-1.75 F6000
;WIPE_START
G1 X108.094 Y90.5 E-.75
;WIPE_END
; AFTER_LAYER_CHANGE 66 @ 13.44mm
;_SET_FAN_SPEED_CHANGING_LAYER
; printing object SG90Adapter id:3152 copy 0
G1 X114.79 Y128.21 Z13.44 F18000
G1 E2.5 F6000
M204 P1000
;TYPE:Outer wall
;WIDTH:0.42
G1 F1200
G1 X114.79 Y129.79 E.04805
G1 X105.21 Y129.79 E.29136
G1 X105.21 Y128.21 E.04805
G1 X114.73 Y128.21 E.28954
G1 X114.398 Y128.602 F18000
M204 P1500
;TYPE:Inner wall
;WIDTH:0.45
G1 F1200
G1 X114.398 Y129.398 E.02613
G1 X105.602 Y129.398 E.2888
G1 X105.602 Y128.602 E.02613
G1 X114.338 Y128.602 E.28683
G1 E-1.75 F6000
;WIPE_START
G1 X114.398 Y129.398 E-.59858
G1 X114.196 Y129.398 E-.15142
;WIPE_END
G1 X114.194 Y129 F18000
G1 E2.5 F6000
M204 P2000
;TYPE:Gap infill
;WIDTH:0.431694
G1 F1200
G1 X105.806 Y129 E.26305
G1 E-1.75 F6000
;WIPE_START
G1 X106.806 Y129 E-.75
;WIPE_END
G1 X113.76 Y90.79 F18000
G1 E2.5 F6000
M204 P1000
;TYPE:Outer wall
;WIDTH:0.42
G1 F1200
G1 X110.71 Y90.79 E.09276
G1 X110.71 Y90.21 E.01764
G1 X114.79 Y90.21 E.12409
G1 X114.79 Y91.79 E.04805
G1 X113.76 Y91.79 E.03133
G1 X113.76 Y90.85 E.02859
G1 X114.152 Y90.602 F18000
M204 P1500
;TYPE:Inner wall
;WIDTH:0.45
G1 F1200
G1 X114.398 Y90.602 E.00807
G1 X114.398 Y91.398 E.02613
G1 X114.152 Y91.398 E.00807
G1 X114.152 Y90.662 E.02416
G1 X113.956 Y90.5 F18000
M204 P2000
;TYPE:Gap infill
;WIDTH:0.230842
G1 F1200
G1 X110.906 Y90.5 E.04623
G1 E-1.75 F6000
;WIPE_START
G1 X111.906 Y90.5 E-.75
;WIPE_END
G1 X106.24 Y90.79 F18000
G1 E2.5 F6000
M204 P1000
;TYPE:Outer wall
;WIDTH:0.42
G1 F1200
G1 X106.24 Y91.79 E.03041
G1 X105.21 Y91.79 E.03133
G1 X105.21 Y90.21 E.04805
G1 X109.29 Y90.21 E.12409
G1 X109.29 Y90.79 E.01764
G1 X106.3 Y90.79 E.09094
G1 X105.848 Y90.602 F18000
M204 P1500
;TYPE:Inner wall
;WIDTH:0.45
G1 F1200
G1 X105.848 Y91.398 E.02613
G1 X105.602 Y91.398 E.00807
G1 X105.602 Y90.602 E.02613
G1 X105.788 Y90.602 E.0061
G1 X106.044 Y90.5 F18000
M204 P2000
;TYPE:Gap infill
;WIDTH:0.230842
G1 F1200
G1 X109.094 Y90.5 E.04623
; stop printing object SG90Adapter id:3152 copy 0
;LAYER_CHANGE
;Z:13.64
;HEIGHT:0.200001
G92 E0 ; zero the extruded length again
; BEFORE_LAYER_CHANGE 67 @ 13.64mm
G1 E-1.75 F6000
;WIPE_START
G1 X108.094 Y90.5 E-.75
;WIPE_END
; AFTER_LAYER_CHANGE 67 @ 13.64mm
;_SET_FAN_SPEED_CHANGING_LAYER
; printing object SG90Adapter id:3152 copy 0
G1 X114.79 Y128.21 Z13.64 F18000
G1 E2.5 F6000
M204 P1000
;TYPE:Outer wall
;WIDTH:0.42
G1 F1200
G1 X114.79 Y129.79 E.04805
G1 X105.21 Y129.79 E.29136
G1 X105.21 Y128.21 E.04805
G1 X114.73 Y128.21 E.28954
G1 X114.398 Y128.602 F18000
M204 P1500
;TYPE:Inner wall
;WIDTH:0.45
G1 F1200
G1 X114.398 Y129.398 E.02613
G1 X105.602 Y129.398 E.2888
G1 X105.602 Y128.602 E.02613
G1 X114.338 Y128.602 E.28683
G1 E-1.75 F6000
;WIPE_START
G1 X114.398 Y129.398 E-.59858
G1 X114.196 Y129.398 E-.15142
;WIPE_END
G1 X114.194 Y129 F18000
G1 E2.5 F6000
M204 P2000
;TYPE:Gap infill
;WIDTH:0.431694
G1 F1200
G1 X105.806 Y129 E.26305
G1 E-1.75 F6000
;WIPE_START
G1 X106.806 Y129 E-.75
;WIPE_END
G1 X113.76 Y90.79 F18000
G1 E2.5 F6000
M204 P1000
;TYPE:Outer wall
;WIDTH:0.42
G1 F1200
G1 X110.71 Y90.79 E.09276
G1 X110.71 Y90.21 E.01764
G1 X114.79 Y90.21 E.12409
G1 X114.79 Y91.79 E.04805
G1 X113.76 Y91.79 E.03133
G1 X113.76 Y90.85 E.02859
G1 X114.152 Y90.602 F18000
M204 P1500
;TYPE:Inner wall
;WIDTH:0.45
G1 F1200
G1 X114.398 Y90.602 E.00807
G1 X114.398 Y91.398 E.02613
G1 X114.152 Y91.398 E.00807
G1 X114.152 Y90.662 E.02416
G1 X113.956 Y90.5 F18000
M204 P2000
;TYPE:Gap infill
;WIDTH:0.230842
G1 F1200
G1 X110.906 Y90.5 E.04623
G1 E-1.75 F6000
;WIPE_START
G1 X111.906 Y90.5 E-.75
;WIPE_END
G1 X106.24 Y90.79 F18000
G1 E2.5 F6000
M204 P1000
;TYPE:Outer wall
;WIDTH:0.42
G1 F1200
G1 X106.24 Y91.79 E.03041
G1 X105.21 Y91.79 E.03133
G1 X105.21 Y90.21 E.04805
G1 X109.29 Y90.21 E.12409
G1 X109.29 Y90.79 E.01764
G1 X106.3 Y90.79 E.09094
G1 X105.848 Y90.602 F18000
M204 P1500
;TYPE:Inner wall
;WIDTH:0.45
G1 F1200
G1 X105.848 Y91.398 E.02613
G1 X105.602 Y91.398 E.00807
G1 X105.602 Y90.602 E.02613
G1 X105.788 Y90.602 E.0061
G1 X106.044 Y90.5 F18000
M204 P2000
;TYPE:Gap infill
;WIDTH:0.230842
G1 F1200
G1 X109.094 Y90.5 E.04623
; stop printing object SG90Adapter id:3152 copy 0
;LAYER_CHANGE
;Z:13.84
;HEIGHT:0.2
G92 E0 ; zero the extruded length again
; BEFORE_LAYER_CHANGE 68 @ 13.84mm
G1 E-1.75 F6000
;WIPE_START
G1 X108.094 Y90.5 E-.75
;WIPE_END
; AFTER_LAYER_CHANGE 68 @ 13.84mm
;_SET_FAN_SPEED_CHANGING_LAYER
; printing object SG90Adapter id:3152 copy 0
G1 X114.79 Y128.21 Z13.84 F18000
G1 E2.5 F6000
M204 P1000
;TYPE:Outer wall
;WIDTH:0.42
G1 F1200
G1 X114.79 Y129.79 E.04805
G1 X105.21 Y129.79 E.29136
G1 X105.21 Y128.21 E.04805
G1 X114.73 Y128.21 E.28954
G1 X114.398 Y128.602 F18000
M204 P1500
;TYPE:Inner wall
;WIDTH:0.45
G1 F1200
G1 X114.398 Y129.398 E.02613
G1 X105.602 Y129.398 E.2888
G1 X105.602 Y128.602 E.02613
G1 X114.338 Y128.602 E.28683
G1 E-1.75 F6000
;WIPE_START
G1 X114.398 Y129.398 E-.59858
G1 X114.196 Y129.398 E-.15142
;WIPE_END
G1 X114.194 Y129 F18000
G1 E2.5 F6000
M204 P2000
;TYPE:Gap infill
;WIDTH:0.431694
G1 F1200
G1 X105.806 Y129 E.26305
G1 E-1.75 F6000
;WIPE_START
G1 X106.806 Y129 E-.75
;WIPE_END
G1 X113.76 Y90.79 F18000
G1 E2.5 F6000
M204 P1000
;TYPE:Outer wall
;WIDTH:0.42
G1 F1200
G1 X110.71 Y90.79 E.09276
G1 X110.71 Y90.21 E.01764
G1 X114.79 Y90.21 E.12409
G1 X114.79 Y91.79 E.04805
G1 X113.76 Y91.79 E.03133
G1 X113.76 Y90.85 E.02859
G1 X114.152 Y90.602 F18000
M204 P1500
;TYPE:Inner wall
;WIDTH:0.45
G1 F1200
G1 X114.398 Y90.602 E.00807
G1 X114.398 Y91.398 E.02613
G1 X114.152 Y91.398 E.00807
G1 X114.152 Y90.662 E.02416
G1 X113.956 Y90.5 F18000
M204 P2000
;TYPE:Gap infill
;WIDTH:0.230842
G1 F1200
G1 X110.906 Y90.5 E.04623
G1 E-1.75 F6000
;WIPE_START
G1 X111.906 Y90.5 E-.75
;WIPE_END
G1 X106.24 Y90.79 F18000
G1 E2.5 F6000
M204 P1000
;TYPE:Outer wall
;WIDTH:0.42
G1 F1200
G1 X106.24 Y91.79 E.03041
G1 X105.21 Y91.79 E.03133
G1 X105.21 Y90.21 E.04805
G1 X109.29 Y90.21 E.12409
G1 X109.29 Y90.79 E.01764
G1 X106.3 Y90.79 E.09094
G1 X105.848 Y90.602 F18000
M204 P1500
;TYPE:Inner wall
;WIDTH:0.45
G1 F1200
G1 X105.848 Y91.398 E.02613
G1 X105.602 Y91.398 E.00807
G1 X105.602 Y90.602 E.02613
G1 X105.788 Y90.602 E.0061
G1 X106.044 Y90.5 F18000
M204 P2000
;TYPE:Gap infill
;WIDTH:0.230842
G1 F1200
G1 X109.094 Y90.5 E.04623
; stop printing object SG90Adapter id:3152 copy 0
;LAYER_CHANGE
;Z:14.04
;HEIGHT:0.2
G92 E0 ; zero the extruded length again
; BEFORE_LAYER_CHANGE 69 @ 14.04mm
G1 E-1.75 F6000
;WIPE_START
G1 X108.094 Y90.5 E-.75
;WIPE_END
; AFTER_LAYER_CHANGE 69 @ 14.04mm
;_SET_FAN_SPEED_CHANGING_LAYER
; printing object SG90Adapter id:3152 copy 0
G1 X114.79 Y128.21 Z14.04 F18000
G1 E2.5 F6000
M204 P1000
;TYPE:Outer wall
;WIDTH:0.42
G1 F1200
G1 X114.79 Y129.79 E.04805
G1 X105.21 Y129.79 E.29136
G1 X105.21 Y128.21 E.04805
G1 X114.73 Y128.21 E.28954
G1 X114.398 Y128.602 F18000
M204 P1500
;TYPE:Inner wall
;WIDTH:0.45
G1 F1200
G1 X114.398 Y129.398 E.02613
G1 X105.602 Y129.398 E.2888
G1 X105.602 Y128.602 E.02613
G1 X114.338 Y128.602 E.28683
G1 E-1.75 F6000
;WIPE_START
G1 X114.398 Y129.398 E-.59858
G1 X114.196 Y129.398 E-.15142
;WIPE_END
G1 X114.194 Y129 F18000
G1 E2.5 F6000
M204 P2000
;TYPE:Gap infill
;WIDTH:0.431694
G1 F1200
G1 X105.806 Y129 E.26305
G1 E-1.75 F6000
;WIPE_START
G1 X106.806 Y129 E-.75
;WIPE_END
G1 X113.76 Y90.79 F18000
G1 E2.5 F6000
M204 P1000
;TYPE:Outer wall
;WIDTH:0.42
G1 F1200
G1 X110.71 Y90.79 E.09276
G1 X110.71 Y90.21 E.01764
G1 X114.79 Y90.21 E.12409
G1 X114.79 Y91.79 E.04805
G1 X113.76 Y91.79 E.03133
G1 X113.76 Y90.85 E.02859
G1 X114.152 Y90.602 F18000
M204 P1500
;TYPE:Inner wall
;WIDTH:0.45
G1 F1200
G1 X114.398 Y90.602 E.00807
G1 X114.398 Y91.398 E.02613
G1 X114.152 Y91.398 E.00807
G1 X114.152 Y90.662 E.02416
G1 X113.956 Y90.5 F18000
M204 P2000
;TYPE:Gap infill
;WIDTH:0.230842
G1 F1200
G1 X110.906 Y90.5 E.04623
G1 E-1.75 F6000
;WIPE_START
G1 X111.906 Y90.5 E-.75
;WIPE_END
G1 X106.24 Y90.79 F18000
G1 E2.5 F6000
M204 P1000
;TYPE:Outer wall
;WIDTH:0.42
G1 F1200
G1 X106.24 Y91.79 E.03041
G1 X105.21 Y91.79 E.03133
G1 X105.21 Y90.21 E.04805
G1 X109.29 Y90.21 E.12409
G1 X109.29 Y90.79 E.01764
G1 X106.3 Y90.79 E.09094
G1 X105.848 Y90.602 F18000
M204 P1500
;TYPE:Inner wall
;WIDTH:0.45
G1 F1200
G1 X105.848 Y91.398 E.02613
G1 X105.602 Y91.398 E.00807
G1 X105.602 Y90.602 E.02613
G1 X105.788 Y90.602 E.0061
G1 X106.044 Y90.5 F18000
M204 P2000
;TYPE:Gap infill
;WIDTH:0.230842
G1 F1200
G1 X109.094 Y90.5 E.04623
; stop printing object SG90Adapter id:3152 copy 0
;LAYER_CHANGE
;Z:14.24
;HEIGHT:0.2
G92 E0 ; zero the extruded length again
; BEFORE_LAYER_CHANGE 70 @ 14.24mm
G1 E-1.75 F6000
;WIPE_START
G1 X108.094 Y90.5 E-.75
;WIPE_END
; AFTER_LAYER_CHANGE 70 @ 14.24mm
;_SET_FAN_SPEED_CHANGING_LAYER
; printing object SG90Adapter id:3152 copy 0
G1 X114.79 Y128.21 Z14.24 F18000
G1 E2.5 F6000
M204 P1000
;TYPE:Outer wall
;WIDTH:0.42
G1 F1200
G1 X114.79 Y129.79 E.04805
G1 X105.21 Y129.79 E.29136
G1 X105.21 Y128.21 E.04805
G1 X114.73 Y128.21 E.28954
G1 X114.398 Y128.602 F18000
M204 P1500
;TYPE:Inner wall
;WIDTH:0.45
G1 F1200
G1 X114.398 Y129.398 E.02613
G1 X105.602 Y129.398 E.2888
G1 X105.602 Y128.602 E.02613
G1 X114.338 Y128.602 E.28683
G1 E-1.75 F6000
;WIPE_START
G1 X114.398 Y129.398 E-.59858
G1 X114.196 Y129.398 E-.15142
;WIPE_END
G1 X114.194 Y129 F18000
G1 E2.5 F6000
M204 P2000
;TYPE:Gap infill
;WIDTH:0.431694
G1 F1200
G1 X105.806 Y129 E.26305
G1 E-1.75 F6000
;WIPE_START
G1 X106.806 Y129 E-.75
;WIPE_END
G1 X113.76 Y90.79 F18000
G1 E2.5 F6000
M204 P1000
;TYPE:Outer wall
;WIDTH:0.42
G1 F1200
G1 X110.71 Y90.79 E.09276
G1 X110.71 Y90.21 E.01764
G1 X114.79 Y90.21 E.12409
G1 X114.79 Y91.79 E.04805
G1 X113.76 Y91.79 E.03133
G1 X113.76 Y90.85 E.02859
G1 X114.152 Y90.602 F18000
M204 P1500
;TYPE:Inner wall
;WIDTH:0.45
G1 F1200
G1 X114.398 Y90.602 E.00807
G1 X114.398 Y91.398 E.02613
G1 X114.152 Y91.398 E.00807
G1 X114.152 Y90.662 E.02416
G1 X113.956 Y90.5 F18000
M204 P2000
;TYPE:Gap infill
;WIDTH:0.230842
G1 F1200
G1 X110.906 Y90.5 E.04623
G1 E-1.75 F6000
;WIPE_START
G1 X111.906 Y90.5 E-.75
;WIPE_END
G1 X106.24 Y90.79 F18000
G1 E2.5 F6000
M204 P1000
;TYPE:Outer wall
;WIDTH:0.42
G1 F1200
G1 X106.24 Y91.79 E.03041
G1 X105.21 Y91.79 E.03133
G1 X105.21 Y90.21 E.04805
G1 X109.29 Y90.21 E.12409
G1 X109.29 Y90.79 E.01764
G1 X106.3 Y90.79 E.09094
G1 X105.848 Y90.602 F18000
M204 P1500
;TYPE:Inner wall
;WIDTH:0.45
G1 F1200
G1 X105.848 Y91.398 E.02613
G1 X105.602 Y91.398 E.00807
G1 X105.602 Y90.602 E.02613
G1 X105.788 Y90.602 E.0061
G1 X106.044 Y90.5 F18000
M204 P2000
;TYPE:Gap infill
;WIDTH:0.230842
G1 F1200
G1 X109.094 Y90.5 E.04623
; stop printing object SG90Adapter id:3152 copy 0
;LAYER_CHANGE
;Z:14.44
;HEIGHT:0.2
G92 E0 ; zero the extruded length again
; BEFORE_LAYER_CHANGE 71 @ 14.44mm
G1 E-1.75 F6000
;WIPE_START
G1 X108.094 Y90.5 E-.75
;WIPE_END
; AFTER_LAYER_CHANGE 71 @ 14.44mm
;_SET_FAN_SPEED_CHANGING_LAYER
; printing object SG90Adapter id:3152 copy 0
G1 X114.79 Y128.21 Z14.44 F18000
G1 E2.5 F6000
M204 P1000
;TYPE:Outer wall
;WIDTH:0.42
G1 F1200
G1 X114.79 Y129.79 E.04805
G1 X105.21 Y129.79 E.29136
G1 X105.21 Y128.21 E.04805
G1 X114.73 Y128.21 E.28954
G1 X114.398 Y128.602 F18000
M204 P1500
;TYPE:Inner wall
;WIDTH:0.45
G1 F1200
G1 X114.398 Y129.398 E.02613
G1 X105.602 Y129.398 E.2888
G1 X105.602 Y128.602 E.02613
G1 X114.338 Y128.602 E.28683
G1 E-1.75 F6000
;WIPE_START
G1 X114.398 Y129.398 E-.59858
G1 X114.196 Y129.398 E-.15142
;WIPE_END
G1 X114.194 Y129 F18000
G1 E2.5 F6000
M204 P2000
;TYPE:Gap infill
;WIDTH:0.431694
G1 F1200
G1 X105.806 Y129 E.26305
G1 E-1.75 F6000
;WIPE_START
G1 X106.806 Y129 E-.75
;WIPE_END
G1 X113.76 Y90.79 F18000
G1 E2.5 F6000
M204 P1000
;TYPE:Outer wall
;WIDTH:0.42
G1 F1200
G1 X110.71 Y90.79 E.09276
G1 X110.71 Y90.21 E.01764
G1 X114.79 Y90.21 E.12409
G1 X114.79 Y91.79 E.04805
G1 X113.76 Y91.79 E.03133
G1 X113.76 Y90.85 E.02859
G1 X114.152 Y90.602 F18000
M204 P1500
;TYPE:Inner wall
;WIDTH:0.45
G1 F1200
G1 X114.398 Y90.602 E.00807
G1 X114.398 Y91.398 E.02613
G1 X114.152 Y91.398 E.00807
G1 X114.152 Y90.662 E.02416
G1 X113.956 Y90.5 F18000
M204 P2000
;TYPE:Gap infill
;WIDTH:0.230842
G1 F1200
G1 X110.906 Y90.5 E.04623
G1 E-1.75 F6000
;WIPE_START
G1 X111.906 Y90.5 E-.75
;WIPE_END
G1 X106.24 Y90.79 F18000
G1 E2.5 F6000
M204 P1000
;TYPE:Outer wall
;WIDTH:0.42
G1 F1200
G1 X106.24 Y91.79 E.03041
G1 X105.21 Y91.79 E.03133
G1 X105.21 Y90.21 E.04805
G1 X109.29 Y90.21 E.12409
G1 X109.29 Y90.79 E.01764
G1 X106.3 Y90.79 E.09094
G1 X105.848 Y90.602 F18000
M204 P1500
;TYPE:Inner wall
;WIDTH:0.45
G1 F1200
G1 X105.848 Y91.398 E.02613
G1 X105.602 Y91.398 E.00807
G1 X105.602 Y90.602 E.02613
G1 X105.788 Y90.602 E.0061
G1 X106.044 Y90.5 F18000
M204 P2000
;TYPE:Gap infill
;WIDTH:0.230842
G1 F1200
G1 X109.094 Y90.5 E.04623
; stop printing object SG90Adapter id:3152 copy 0
;LAYER_CHANGE
;Z:14.64
;HEIGHT:0.200001
G92 E0 ; zero the extruded length again
; BEFORE_LAYER_CHANGE 72 @ 14.64mm
G1 E-1.75 F6000
;WIPE_START
G1 X108.094 Y90.5 E-.75
;WIPE_END
; AFTER_LAYER_CHANGE 72 @ 14.64mm
;_SET_FAN_SPEED_CHANGING_LAYER
; printing object SG90Adapter id:3152 copy 0
G1 X114.79 Y128.21 Z14.64 F18000
G1 E2.5 F6000
M204 P1000
;TYPE:Outer wall
;WIDTH:0.42
G1 F1200
G1 X114.79 Y129.79 E.04805
G1 X105.21 Y129.79 E.29136
G1 X105.21 Y128.21 E.04805
G1 X114.73 Y128.21 E.28954
G1 X114.398 Y128.602 F18000
M204 P1500
;TYPE:Inner wall
;WIDTH:0.45
G1 F1200
G1 X114.398 Y129.398 E.02613
G1 X105.602 Y129.398 E.2888
G1 X105.602 Y128.602 E.02613
G1 X114.338 Y128.602 E.28683
G1 E-1.75 F6000
;WIPE_START
G1 X114.398 Y129.398 E-.59858
G1 X114.196 Y129.398 E-.15142
;WIPE_END
G1 X114.194 Y129 F18000
G1 E2.5 F6000
M204 P2000
;TYPE:Gap infill
;WIDTH:0.431694
G1 F1200
G1 X105.806 Y129 E.26305
G1 E-1.75 F6000
;WIPE_START
G1 X106.806 Y129 E-.75
;WIPE_END
G1 X113.76 Y90.79 F18000
G1 E2.5 F6000
M204 P1000
;TYPE:Outer wall
;WIDTH:0.42
G1 F1200
G1 X110.71 Y90.79 E.09276
G1 X110.71 Y90.21 E.01764
G1 X114.79 Y90.21 E.12409
G1 X114.79 Y91.79 E.04805
G1 X113.76 Y91.79 E.03133
G1 X113.76 Y90.85 E.02859
G1 X114.152 Y90.602 F18000
M204 P1500
;TYPE:Inner wall
;WIDTH:0.45
G1 F1200
G1 X114.398 Y90.602 E.00807
G1 X114.398 Y91.398 E.02613
G1 X114.152 Y91.398 E.00807
G1 X114.152 Y90.662 E.02416
G1 X113.956 Y90.5 F18000
M204 P2000
;TYPE:Gap infill
;WIDTH:0.230842
G1 F1200
G1 X110.906 Y90.5 E.04623
G1 E-1.75 F6000
;WIPE_START
G1 X111.906 Y90.5 E-.75
;WIPE_END
G1 X106.24 Y90.79 F18000
G1 E2.5 F6000
M204 P1000
;TYPE:Outer wall
;WIDTH:0.42
G1 F1200
G1 X106.24 Y91.79 E.03041
G1 X105.21 Y91.79 E.03133
G1 X105.21 Y90.21 E.04805
G1 X109.29 Y90.21 E.12409
G1 X109.29 Y90.79 E.01764
G1 X106.3 Y90.79 E.09094
G1 X105.848 Y90.602 F18000
M204 P1500
;TYPE:Inner wall
;WIDTH:0.45
G1 F1200
G1 X105.848 Y91.398 E.02613
G1 X105.602 Y91.398 E.00807
G1 X105.602 Y90.602 E.02613
G1 X105.788 Y90.602 E.0061
G1 X106.044 Y90.5 F18000
M204 P2000
;TYPE:Gap infill
;WIDTH:0.230842
G1 F1200
G1 X109.094 Y90.5 E.04623
; stop printing object SG90Adapter id:3152 copy 0
;LAYER_CHANGE
;Z:14.84
;HEIGHT:0.2
G92 E0 ; zero the extruded length again
; BEFORE_LAYER_CHANGE 73 @ 14.84mm
G1 E-1.75 F6000
;WIPE_START
G1 X108.094 Y90.5 E-.75
;WIPE_END
; AFTER_LAYER_CHANGE 73 @ 14.84mm
;_SET_FAN_SPEED_CHANGING_LAYER
; printing object SG90Adapter id:3152 copy 0
G1 X114.79 Y128.21 Z14.84 F18000
G1 E2.5 F6000
M204 P1000
;TYPE:Outer wall
;WIDTH:0.42
G1 F1200
G1 X114.79 Y129.79 E.04805
G1 X105.21 Y129.79 E.29136
G1 X105.21 Y128.21 E.04805
G1 X114.73 Y128.21 E.28954
G1 X114.398 Y128.602 F18000
M204 P1500
;TYPE:Inner wall
;WIDTH:0.45
G1 F1200
G1 X114.398 Y129.398 E.02613
G1 X105.602 Y129.398 E.2888
G1 X105.602 Y128.602 E.02613
G1 X114.338 Y128.602 E.28683
G1 E-1.75 F6000
;WIPE_START
G1 X114.398 Y129.398 E-.59858
G1 X114.196 Y129.398 E-.15142
;WIPE_END
G1 X114.194 Y129 F18000
G1 E2.5 F6000
M204 P2000
;TYPE:Gap infill
;WIDTH:0.431694
G1 F1200
G1 X105.806 Y129 E.26305
G1 E-1.75 F6000
;WIPE_START
G1 X106.806 Y129 E-.75
;WIPE_END
G1 X113.76 Y90.79 F18000
G1 E2.5 F6000
M204 P1000
;TYPE:Outer wall
;WIDTH:0.42
G1 F1200
G1 X110.71 Y90.79 E.09276
G1 X110.71 Y90.21 E.01764
G1 X114.79 Y90.21 E.12409
G1 X114.79 Y91.79 E.04805
G1 X113.76 Y91.79 E.03133
G1 X113.76 Y90.85 E.02859
G1 X114.152 Y90.602 F18000
M204 P1500
;TYPE:Inner wall
;WIDTH:0.45
G1 F1200
G1 X114.398 Y90.602 E.00807
G1 X114.398 Y91.398 E.02613
G1 X114.152 Y91.398 E.00807
G1 X114.152 Y90.662 E.02416
G1 X113.956 Y90.5 F18000
M204 P2000
;TYPE:Gap infill
;WIDTH:0.230842
G1 F1200
G1 X110.906 Y90.5 E.04623
G1 E-1.75 F6000
;WIPE_START
G1 X111.906 Y90.5 E-.75
;WIPE_END
G1 X106.24 Y90.79 F18000
G1 E2.5 F6000
M204 P1000
;TYPE:Outer wall
;WIDTH:0.42
G1 F1200
G1 X106.24 Y91.79 E.03041
G1 X105.21 Y91.79 E.03133
G1 X105.21 Y90.21 E.04805
G1 X109.29 Y90.21 E.12409
G1 X109.29 Y90.79 E.01764
G1 X106.3 Y90.79 E.09094
G1 X105.848 Y90.602 F18000
M204 P1500
;TYPE:Inner wall
;WIDTH:0.45
G1 F1200
G1 X105.848 Y91.398 E.02613
G1 X105.602 Y91.398 E.00807
G1 X105.602 Y90.602 E.02613
G1 X105.788 Y90.602 E.0061
G1 X106.044 Y90.5 F18000
M204 P2000
;TYPE:Gap infill
;WIDTH:0.230842
G1 F1200
G1 X109.094 Y90.5 E.04623
; stop printing object SG90Adapter id:3152 copy 0
;LAYER_CHANGE
;Z:15.04
;HEIGHT:0.2
G92 E0 ; zero the extruded length again
; BEFORE_LAYER_CHANGE 74 @ 15.04mm
G1 E-1.75 F6000
;WIPE_START
G1 X108.094 Y90.5 E-.75
;WIPE_END
; AFTER_LAYER_CHANGE 74 @ 15.04mm
;_SET_FAN_SPEED_CHANGING_LAYER
; printing object SG90Adapter id:3152 copy 0
G1 X114.79 Y128.21 Z15.04 F18000
G1 E2.5 F6000
M204 P1000
;TYPE:Outer wall
;WIDTH:0.42
G1 F1200
G1 X114.79 Y129.79 E.04805
G1 X105.21 Y129.79 E.29136
G1 X105.21 Y128.21 E.04805
G1 X114.73 Y128.21 E.28954
G1 X114.398 Y128.602 F18000
M204 P1500
;TYPE:Inner wall
;WIDTH:0.45
G1 F1200
G1 X114.398 Y129.398 E.02613
G1 X105.602 Y129.398 E.2888
G1 X105.602 Y128.602 E.02613
G1 X114.338 Y128.602 E.28683
G1 E-1.75 F6000
;WIPE_START
G1 X114.398 Y129.398 E-.59858
G1 X114.196 Y129.398 E-.15142
;WIPE_END
G1 X114.194 Y129 F18000
G1 E2.5 F6000
M204 P2000
;TYPE:Gap infill
;WIDTH:0.431694
G1 F1200
G1 X105.806 Y129 E.26305
G1 E-1.75 F6000
;WIPE_START
G1 X106.806 Y129 E-.75
;WIPE_END
G1 X113.76 Y90.79 F18000
G1 E2.5 F6000
M204 P1000
;TYPE:Outer wall
;WIDTH:0.42
G1 F1200
G1 X110.71 Y90.79 E.09276
G1 X110.71 Y90.21 E.01764
G1 X114.79 Y90.21 E.12409
G1 X114.79 Y91.79 E.04805
G1 X113.76 Y91.79 E.03133
G1 X113.76 Y90.85 E.02859
G1 X114.152 Y90.602 F18000
M204 P1500
;TYPE:Inner wall
;WIDTH:0.45
G1 F1200
G1 X114.398 Y90.602 E.00807
G1 X114.398 Y91.398 E.02613
G1 X114.152 Y91.398 E.00807
G1 X114.152 Y90.662 E.02416
G1 X113.956 Y90.5 F18000
M204 P2000
;TYPE:Gap infill
;WIDTH:0.230842
G1 F1200
G1 X110.906 Y90.5 E.04623
G1 E-1.75 F6000
;WIPE_START
G1 X111.906 Y90.5 E-.75
;WIPE_END
G1 X106.24 Y90.79 F18000
G1 E2.5 F6000
M204 P1000
;TYPE:Outer wall
;WIDTH:0.42
G1 F1200
G1 X106.24 Y91.79 E.03041
G1 X105.21 Y91.79 E.03133
G1 X105.21 Y90.21 E.04805
G1 X109.29 Y90.21 E.12409
G1 X109.29 Y90.79 E.01764
G1 X106.3 Y90.79 E.09094
G1 X105.848 Y90.602 F18000
M204 P1500
;TYPE:Inner wall
;WIDTH:0.45
G1 F1200
G1 X105.848 Y91.398 E.02613
G1 X105.602 Y91.398 E.00807
G1 X105.602 Y90.602 E.02613
G1 X105.788 Y90.602 E.0061
G1 X106.044 Y90.5 F18000
M204 P2000
;TYPE:Gap infill
;WIDTH:0.230842
G1 F1200
G1 X109.094 Y90.5 E.04623
; stop printing object SG90Adapter id:3152 copy 0
;LAYER_CHANGE
;Z:15.24
;HEIGHT:0.2
G92 E0 ; zero the extruded length again
; BEFORE_LAYER_CHANGE 75 @ 15.24mm
G1 E-1.75 F6000
;WIPE_START
G1 X108.094 Y90.5 E-.75
;WIPE_END
; AFTER_LAYER_CHANGE 75 @ 15.24mm
;_SET_FAN_SPEED_CHANGING_LAYER
; printing object SG90Adapter id:3152 copy 0
G1 X114.79 Y128.21 Z15.24 F18000
G1 E2.5 F6000
M204 P1000
;TYPE:Outer wall
;WIDTH:0.42
G1 F1200
G1 X114.79 Y129.79 E.04805
G1 X105.21 Y129.79 E.29136
G1 X105.21 Y128.21 E.04805
G1 X114.73 Y128.21 E.28954
G1 X114.398 Y128.602 F18000
M204 P1500
;TYPE:Inner wall
;WIDTH:0.45
G1 F1200
G1 X114.398 Y129.398 E.02613
G1 X105.602 Y129.398 E.2888
G1 X105.602 Y128.602 E.02613
G1 X114.338 Y128.602 E.28683
G1 E-1.75 F6000
;WIPE_START
G1 X114.398 Y129.398 E-.59858
G1 X114.196 Y129.398 E-.15142
;WIPE_END
G1 X114.194 Y129 F18000
G1 E2.5 F6000
M204 P2000
;TYPE:Gap infill
;WIDTH:0.431694
G1 F1200
G1 X105.806 Y129 E.26305
G1 E-1.75 F6000
;WIPE_START
G1 X106.806 Y129 E-.75
;WIPE_END
G1 X113.76 Y90.79 F18000
G1 E2.5 F6000
M204 P1000
;TYPE:Outer wall
;WIDTH:0.42
G1 F1200
G1 X110.71 Y90.79 E.09276
G1 X110.71 Y90.21 E.01764
G1 X114.79 Y90.21 E.12409
G1 X114.79 Y91.79 E.04805
G1 X113.76 Y91.79 E.03133
G1 X113.76 Y90.85 E.02859
G1 X114.152 Y90.602 F18000
M204 P1500
;TYPE:Inner wall
;WIDTH:0.45
G1 F1200
G1 X114.398 Y90.602 E.00807
G1 X114.398 Y91.398 E.02613
G1 X114.152 Y91.398 E.00807
G1 X114.152 Y90.662 E.02416
G1 X113.956 Y90.5 F18000
M204 P2000
;TYPE:Gap infill
;WIDTH:0.230842
G1 F1200
G1 X110.906 Y90.5 E.04623
G1 E-1.75 F6000
;WIPE_START
G1 X111.906 Y90.5 E-.75
;WIPE_END
G1 X106.24 Y90.79 F18000
G1 E2.5 F6000
M204 P1000
;TYPE:Outer wall
;WIDTH:0.42
G1 F1200
G1 X106.24 Y91.79 E.03041
G1 X105.21 Y91.79 E.03133
G1 X105.21 Y90.21 E.04805
G1 X109.29 Y90.21 E.12409
G1 X109.29 Y90.79 E.01764
G1 X106.3 Y90.79 E.09094
G1 X105.848 Y90.602 F18000
M204 P1500
;TYPE:Inner wall
;WIDTH:0.45
G1 F1200
G1 X105.848 Y91.398 E.02613
G1 X105.602 Y91.398 E.00807
G1 X105.602 Y90.602 E.02613
G1 X105.788 Y90.602 E.0061
G1 X106.044 Y90.5 F18000
M204 P2000
;TYPE:Gap infill
;WIDTH:0.230842
G1 F1200
G1 X109.094 Y90.5 E.04623
; stop printing object SG90Adapter id:3152 copy 0
;LAYER_CHANGE
;Z:15.44
;HEIGHT:0.2
G92 E0 ; zero the extruded length again
; BEFORE_LAYER_CHANGE 76 @ 15.44mm
G1 E-1.75 F6000
;WIPE_START
G1 X108.094 Y90.5 E-.75
;WIPE_END
; AFTER_LAYER_CHANGE 76 @ 15.44mm
;_SET_FAN_SPEED_CHANGING_LAYER
; printing object SG90Adapter id:3152 copy 0
G1 X114.79 Y128.21 Z15.44 F18000
G1 E2.5 F6000
M204 P1000
;TYPE:Outer wall
;WIDTH:0.42
G1 F1200
G1 X114.79 Y129.79 E.04805
G1 X105.21 Y129.79 E.29136
G1 X105.21 Y128.21 E.04805
G1 X114.73 Y128.21 E.28954
G1 X114.398 Y128.602 F18000
M204 P1500
;TYPE:Inner wall
;WIDTH:0.45
G1 F1200
G1 X114.398 Y129.398 E.02613
G1 X105.602 Y129.398 E.2888
G1 X105.602 Y128.602 E.02613
G1 X114.338 Y128.602 E.28683
G1 E-1.75 F6000
;WIPE_START
G1 X114.398 Y129.398 E-.59858
G1 X114.196 Y129.398 E-.15142
;WIPE_END
G1 X114.194 Y129 F18000
G1 E2.5 F6000
M204 P2000
;TYPE:Gap infill
;WIDTH:0.431694
G1 F1200
G1 X105.806 Y129 E.26305
G1 E-1.75 F6000
;WIPE_START
G1 X106.806 Y129 E-.75
;WIPE_END
G1 X113.76 Y90.79 F18000
G1 E2.5 F6000
M204 P1000
;TYPE:Outer wall
;WIDTH:0.42
G1 F1200
G1 X110.71 Y90.79 E.09276
G1 X110.71 Y90.21 E.01764
G1 X114.79 Y90.21 E.12409
G1 X114.79 Y91.79 E.04805
G1 X113.76 Y91.79 E.03133
G1 X113.76 Y90.85 E.02859
G1 X114.152 Y90.602 F18000
M204 P1500
;TYPE:Inner wall
;WIDTH:0.45
G1 F1200
G1 X114.398 Y90.602 E.00807
G1 X114.398 Y91.398 E.02613
G1 X114.152 Y91.398 E.00807
G1 X114.152 Y90.662 E.02416
G1 X113.956 Y90.5 F18000
M204 P2000
;TYPE:Gap infill
;WIDTH:0.230842
G1 F1200
G1 X110.906 Y90.5 E.04623
G1 E-1.75 F6000
;WIPE_START
G1 X111.906 Y90.5 E-.75
;WIPE_END
G1 X106.24 Y90.79 F18000
G1 E2.5 F6000
M204 P1000
;TYPE:Outer wall
;WIDTH:0.42
G1 F1200
G1 X106.24 Y91.79 E.03041
G1 X105.21 Y91.79 E.03133
G1 X105.21 Y90.21 E.04805
G1 X109.29 Y90.21 E.12409
G1 X109.29 Y90.79 E.01764
G1 X106.3 Y90.79 E.09094
G1 X105.848 Y90.602 F18000
M204 P1500
;TYPE:Inner wall
;WIDTH:0.45
G1 F1200
G1 X105.848 Y91.398 E.02613
G1 X105.602 Y91.398 E.00807
G1 X105.602 Y90.602 E.02613
G1 X105.788 Y90.602 E.0061
G1 X106.044 Y90.5 F18000
M204 P2000
;TYPE:Gap infill
;WIDTH:0.230842
G1 F1200
G1 X109.094 Y90.5 E.04623
; stop printing object SG90Adapter id:3152 copy 0
;LAYER_CHANGE
;Z:15.64
;HEIGHT:0.200001
G92 E0 ; zero the extruded length again
; BEFORE_LAYER_CHANGE 77 @ 15.64mm
G1 E-1.75 F6000
;WIPE_START
G1 X108.094 Y90.5 E-.75
;WIPE_END
; AFTER_LAYER_CHANGE 77 @ 15.64mm
;_SET_FAN_SPEED_CHANGING_LAYER
; printing object SG90Adapter id:3152 copy 0
G1 X114.79 Y128.21 Z15.64 F18000
G1 E2.5 F6000
M204 P1000
;TYPE:Outer wall
;WIDTH:0.42
G1 F1200
G1 X114.79 Y129.79 E.04805
G1 X105.21 Y129.79 E.29136
G1 X105.21 Y128.21 E.04805
G1 X114.73 Y128.21 E.28954
G1 X114.398 Y128.602 F18000
M204 P1500
;TYPE:Inner wall
;WIDTH:0.45
G1 F1200
G1 X114.398 Y129.398 E.02613
G1 X105.602 Y129.398 E.2888
G1 X105.602 Y128.602 E.02613
G1 X114.338 Y128.602 E.28683
G1 E-1.75 F6000
;WIPE_START
G1 X114.398 Y129.398 E-.59858
G1 X114.196 Y129.398 E-.15142
;WIPE_END
G1 X114.194 Y129 F18000
G1 E2.5 F6000
M204 P2000
;TYPE:Gap infill
;WIDTH:0.431694
G1 F1200
G1 X105.806 Y129 E.26305
G1 E-1.75 F6000
;WIPE_START
G1 X106.806 Y129 E-.75
;WIPE_END
G1 X113.76 Y90.79 F18000
G1 E2.5 F6000
M204 P1000
;TYPE:Outer wall
;WIDTH:0.42
G1 F1200
G1 X110.71 Y90.79 E.09276
G1 X110.71 Y90.21 E.01764
G1 X114.79 Y90.21 E.12409
G1 X114.79 Y91.79 E.04805
G1 X113.76 Y91.79 E.03133
G1 X113.76 Y90.85 E.02859
G1 X114.152 Y90.602 F18000
M204 P1500
;TYPE:Inner wall
;WIDTH:0.45
G1 F1200
G1 X114.398 Y90.602 E.00807
G1 X114.398 Y91.398 E.02613
G1 X114.152 Y91.398 E.00807
G1 X114.152 Y90.662 E.02416
G1 X113.956 Y90.5 F18000
M204 P2000
;TYPE:Gap infill
;WIDTH:0.230842
G1 F1200
G1 X110.906 Y90.5 E.04623
G1 E-1.75 F6000
;WIPE_START
G1 X111.906 Y90.5 E-.75
;WIPE_END
G1 X106.24 Y90.79 F18000
G1 E2.5 F6000
M204 P1000
;TYPE:Outer wall
;WIDTH:0.42
G1 F1200
G1 X106.24 Y91.79 E.03041
G1 X105.21 Y91.79 E.03133
G1 X105.21 Y90.21 E.04805
G1 X109.29 Y90.21 E.12409
G1 X109.29 Y90.79 E.01764
G1 X106.3 Y90.79 E.09094
G1 X105.848 Y90.602 F18000
M204 P1500
;TYPE:Inner wall
;WIDTH:0.45
G1 F1200
G1 X105.848 Y91.398 E.02613
G1 X105.602 Y91.398 E.00807
G1 X105.602 Y90.602 E.02613
G1 X105.788 Y90.602 E.0061
G1 X106.044 Y90.5 F18000
M204 P2000
;TYPE:Gap infill
;WIDTH:0.230842
G1 F1200
G1 X109.094 Y90.5 E.04623
; stop printing object SG90Adapter id:3152 copy 0
;LAYER_CHANGE
;Z:15.84
;HEIGHT:0.2
G92 E0 ; zero the extruded length again
; BEFORE_LAYER_CHANGE 78 @ 15.84mm
G1 E-1.75 F6000
;WIPE_START
G1 X108.094 Y90.5 E-.75
;WIPE_END
; AFTER_LAYER_CHANGE 78 @ 15.84mm
;_SET_FAN_SPEED_CHANGING_LAYER
; printing object SG90Adapter id:3152 copy 0
G1 X114.79 Y128.21 Z15.84 F18000
G1 E2.5 F6000
M204 P1000
;TYPE:Outer wall
;WIDTH:0.42
G1 F1200
G1 X114.79 Y129.79 E.04805
G1 X105.21 Y129.79 E.29136
G1 X105.21 Y128.21 E.04805
G1 X114.73 Y128.21 E.28954
G1 X114.398 Y128.602 F18000
M204 P1500
;TYPE:Inner wall
;WIDTH:0.45
G1 F1200
G1 X114.398 Y129.398 E.02613
G1 X105.602 Y129.398 E.2888
G1 X105.602 Y128.602 E.02613
G1 X114.338 Y128.602 E.28683
G1 E-1.75 F6000
;WIPE_START
G1 X114.398 Y129.398 E-.59858
G1 X114.196 Y129.398 E-.15142
;WIPE_END
G1 X114.194 Y129 F18000
G1 E2.5 F6000
M204 P2000
;TYPE:Gap infill
;WIDTH:0.431694
G1 F1200
G1 X105.806 Y129 E.26305
G1 E-1.75 F6000
;WIPE_START
G1 X106.806 Y129 E-.75
;WIPE_END
G1 X113.76 Y90.79 F18000
G1 E2.5 F6000
M204 P1000
;TYPE:Outer wall
;WIDTH:0.42
G1 F1200
G1 X110.71 Y90.79 E.09276
G1 X110.71 Y90.21 E.01764
G1 X114.79 Y90.21 E.12409
G1 X114.79 Y91.79 E.04805
G1 X113.76 Y91.79 E.03133
G1 X113.76 Y90.85 E.02859
G1 X114.152 Y90.602 F18000
M204 P1500
;TYPE:Inner wall
;WIDTH:0.45
G1 F1200
G1 X114.398 Y90.602 E.00807
G1 X114.398 Y91.398 E.02613
G1 X114.152 Y91.398 E.00807
G1 X114.152 Y90.662 E.02416
G1 X113.956 Y90.5 F18000
M204 P2000
;TYPE:Gap infill
;WIDTH:0.230842
G1 F1200
G1 X110.906 Y90.5 E.04623
G1 E-1.75 F6000
;WIPE_START
G1 X111.906 Y90.5 E-.75
;WIPE_END
G1 X106.24 Y90.79 F18000
G1 E2.5 F6000
M204 P1000
;TYPE:Outer wall
;WIDTH:0.42
G1 F1200
G1 X106.24 Y91.79 E.03041
G1 X105.21 Y91.79 E.03133
G1 X105.21 Y90.21 E.04805
G1 X109.29 Y90.21 E.12409
G1 X109.29 Y90.79 E.01764
G1 X106.3 Y90.79 E.09094
G1 X105.848 Y90.602 F18000
M204 P1500
;TYPE:Inner wall
;WIDTH:0.45
G1 F1200
G1 X105.848 Y91.398 E.02613
G1 X105.602 Y91.398 E.00807
G1 X105.602 Y90.602 E.02613
G1 X105.788 Y90.602 E.0061
G1 X106.044 Y90.5 F18000
M204 P2000
;TYPE:Gap infill
;WIDTH:0.230842
G1 F1200
G1 X109.094 Y90.5 E.04623
; stop printing object SG90Adapter id:3152 copy 0
;LAYER_CHANGE
;Z:16.04
;HEIGHT:0.200001
G92 E0 ; zero the extruded length again
; BEFORE_LAYER_CHANGE 79 @ 16.04mm
G1 E-1.75 F6000
;WIPE_START
G1 X108.094 Y90.5 E-.75
;WIPE_END
; AFTER_LAYER_CHANGE 79 @ 16.04mm
;_SET_FAN_SPEED_CHANGING_LAYER
; printing object SG90Adapter id:3152 copy 0
G1 X114.79 Y128.21 Z16.04 F18000
G1 E2.5 F6000
M204 P1000
;TYPE:Outer wall
;WIDTH:0.42
G1 F1200
G1 X114.79 Y129.79 E.04805
G1 X105.21 Y129.79 E.29136
G1 X105.21 Y128.21 E.04805
G1 X114.73 Y128.21 E.28954
G1 X114.398 Y128.602 F18000
M204 P1500
;TYPE:Inner wall
;WIDTH:0.45
G1 F1200
G1 X114.398 Y129.398 E.02613
G1 X105.602 Y129.398 E.2888
G1 X105.602 Y128.602 E.02613
G1 X114.338 Y128.602 E.28683
G1 E-1.75 F6000
;WIPE_START
G1 X114.398 Y129.398 E-.59858
G1 X114.196 Y129.398 E-.15142
;WIPE_END
G1 X114.194 Y129 F18000
G1 E2.5 F6000
M204 P2000
;TYPE:Gap infill
;WIDTH:0.431694
G1 F1200
G1 X105.806 Y129 E.26305
G1 E-1.75 F6000
;WIPE_START
G1 X106.806 Y129 E-.75
;WIPE_END
G1 X113.76 Y90.79 F18000
G1 E2.5 F6000
M204 P1000
;TYPE:Outer wall
;WIDTH:0.42
G1 F1200
G1 X110.71 Y90.79 E.09276
G1 X110.71 Y90.21 E.01764
G1 X114.79 Y90.21 E.12409
G1 X114.79 Y91.79 E.04805
G1 X113.76 Y91.79 E.03133
G1 X113.76 Y90.85 E.02859
G1 X114.152 Y90.602 F18000
M204 P1500
;TYPE:Inner wall
;WIDTH:0.45
G1 F1200
G1 X114.398 Y90.602 E.00807
G1 X114.398 Y91.398 E.02613
G1 X114.152 Y91.398 E.00807
G1 X114.152 Y90.662 E.02416
G1 X113.956 Y90.5 F18000
M204 P2000
;TYPE:Gap infill
;WIDTH:0.230842
G1 F1200
G1 X110.906 Y90.5 E.04623
G1 E-1.75 F6000
;WIPE_START
G1 X111.906 Y90.5 E-.75
;WIPE_END
G1 X106.24 Y90.79 F18000
G1 E2.5 F6000
M204 P1000
;TYPE:Outer wall
;WIDTH:0.42
G1 F1200
G1 X106.24 Y91.79 E.03041
G1 X105.21 Y91.79 E.03133
G1 X105.21 Y90.21 E.04805
G1 X109.29 Y90.21 E.12409
G1 X109.29 Y90.79 E.01764
G1 X106.3 Y90.79 E.09094
G1 X105.848 Y90.602 F18000
M204 P1500
;TYPE:Inner wall
;WIDTH:0.45
G1 F1200
G1 X105.848 Y91.398 E.02613
G1 X105.602 Y91.398 E.00807
G1 X105.602 Y90.602 E.02613
G1 X105.788 Y90.602 E.0061
G1 X106.044 Y90.5 F18000
M204 P2000
;TYPE:Gap infill
;WIDTH:0.230842
G1 F1200
G1 X109.094 Y90.5 E.04623
; stop printing object SG90Adapter id:3152 copy 0
;LAYER_CHANGE
;Z:16.24
;HEIGHT:0.199999
G92 E0 ; zero the extruded length again
; BEFORE_LAYER_CHANGE 80 @ 16.24mm
G1 E-1.75 F6000
;WIPE_START
G1 X108.094 Y90.5 E-.75
;WIPE_END
; AFTER_LAYER_CHANGE 80 @ 16.24mm
;_SET_FAN_SPEED_CHANGING_LAYER
; printing object SG90Adapter id:3152 copy 0
G1 X114.79 Y128.21 Z16.24 F18000
G1 E2.5 F6000
M204 P1000
;TYPE:Outer wall
;WIDTH:0.42
G1 F1200
G1 X114.79 Y129.79 E.04805
G1 X105.21 Y129.79 E.29136
G1 X105.21 Y128.21 E.04805
G1 X114.73 Y128.21 E.28954
G1 X114.398 Y128.602 F18000
M204 P1500
;TYPE:Inner wall
;WIDTH:0.45
G1 F1200
G1 X114.398 Y129.398 E.02613
G1 X105.602 Y129.398 E.2888
G1 X105.602 Y128.602 E.02613
G1 X114.338 Y128.602 E.28683
G1 E-1.75 F6000
;WIPE_START
G1 X114.398 Y129.398 E-.59858
G1 X114.196 Y129.398 E-.15142
;WIPE_END
G1 X114.194 Y129 F18000
G1 E2.5 F6000
M204 P2000
;TYPE:Gap infill
;WIDTH:0.431694
G1 F1200
G1 X105.806 Y129 E.26305
G1 E-1.75 F6000
;WIPE_START
G1 X106.806 Y129 E-.75
;WIPE_END
G1 X113.76 Y90.79 F18000
G1 E2.5 F6000
M204 P1000
;TYPE:Outer wall
;WIDTH:0.42
G1 F1200
G1 X110.689 Y90.79 E.09339
G1 X110.689 Y90.21 E.01764
G1 X114.79 Y90.21 E.12472
G1 X114.79 Y91.79 E.04805
G1 X113.76 Y91.79 E.03133
G1 X113.76 Y90.85 E.02859
G1 X114.152 Y90.602 F18000
M204 P1500
;TYPE:Inner wall
;WIDTH:0.45
G1 F1200
G1 X114.398 Y90.602 E.00807
G1 X114.398 Y91.398 E.02613
G1 X114.152 Y91.398 E.00807
G1 X114.152 Y90.662 E.02416
G1 X113.956 Y90.5 F18000
M204 P2000
;TYPE:Gap infill
;WIDTH:0.230842
G1 F1200
G1 X110.885 Y90.5 E.04654
G1 E-1.75 F6000
;WIPE_START
G1 X111.885 Y90.5 E-.75
;WIPE_END
G1 X106.24 Y90.79 F18000
G1 E2.5 F6000
M204 P1000
;TYPE:Outer wall
;WIDTH:0.42
G1 F1200
G1 X106.24 Y91.79 E.03041
G1 X105.21 Y91.79 E.03133
G1 X105.21 Y90.21 E.04805
G1 X109.311 Y90.21 E.12472
G1 X109.311 Y90.79 E.01764
G1 X106.3 Y90.79 E.09157
G1 X105.848 Y90.602 F18000
M204 P1500
;TYPE:Inner wall
;WIDTH:0.45
G1 F1200
G1 X105.848 Y91.398 E.02613
G1 X105.602 Y91.398 E.00807
G1 X105.602 Y90.602 E.02613
G1 X105.788 Y90.602 E.0061
G1 X106.044 Y90.5 F18000
M204 P2000
;TYPE:Gap infill
;WIDTH:0.230842
G1 F1200
G1 X109.115 Y90.5 E.04654
; stop printing object SG90Adapter id:3152 copy 0
;LAYER_CHANGE
;Z:16.44
;HEIGHT:0.200001
G92 E0 ; zero the extruded length again
; BEFORE_LAYER_CHANGE 81 @ 16.44mm
G1 E-1.75 F6000
;WIPE_START
G1 X108.115 Y90.5 E-.75
;WIPE_END
; AFTER_LAYER_CHANGE 81 @ 16.44mm
;_SET_FAN_SPEED_CHANGING_LAYER
; printing object SG90Adapter id:3152 copy 0
G1 X114.79 Y128.21 Z16.44 F18000
G1 E2.5 F6000
M204 P1000
;TYPE:Outer wall
;WIDTH:0.42
G1 F1200
G1 X114.79 Y129.79 E.04805
G1 X105.21 Y129.79 E.29136
G1 X105.21 Y128.21 E.04805
G1 X114.73 Y128.21 E.28954
G1 X114.398 Y128.602 F18000
M204 P1500
;TYPE:Inner wall
;WIDTH:0.45
G1 F1200
G1 X114.398 Y129.398 E.02613
G1 X105.602 Y129.398 E.2888
G1 X105.602 Y128.602 E.02613
G1 X114.338 Y128.602 E.28683
G1 E-1.75 F6000
;WIPE_START
G1 X114.398 Y129.398 E-.59858
G1 X114.196 Y129.398 E-.15142
;WIPE_END
G1 X114.194 Y129 F18000
G1 E2.5 F6000
M204 P2000
;TYPE:Gap infill
;WIDTH:0.431694
G1 F1200
G1 X105.806 Y129 E.26305
G1 E-1.75 F6000
;WIPE_START
G1 X106.806 Y129 E-.75
;WIPE_END
G1 X113.76 Y90.79 F18000
G1 E2.5 F6000
M204 P1000
;TYPE:Outer wall
;WIDTH:0.42
G1 F1200
G1 X110.576 Y90.79 E.09683
G1 X110.576 Y90.21 E.01764
G1 X114.79 Y90.21 E.12816
G1 X114.79 Y91.79 E.04805
G1 X113.76 Y91.79 E.03133
G1 X113.76 Y90.85 E.02859
G1 X114.152 Y90.602 F18000
M204 P1500
;TYPE:Inner wall
;WIDTH:0.45
G1 F1200
G1 X114.398 Y90.602 E.00807
G1 X114.398 Y91.398 E.02613
G1 X114.152 Y91.398 E.00807
G1 X114.152 Y90.662 E.02416
G1 X113.956 Y90.5 F18000
M204 P2000
;TYPE:Gap infill
;WIDTH:0.230842
G1 F1200
G1 X110.772 Y90.5 E.04826
G1 E-1.75 F6000
;WIPE_START
G1 X111.772 Y90.5 E-.75
;WIPE_END
G1 X106.24 Y90.79 F18000
G1 E2.5 F6000
M204 P1000
;TYPE:Outer wall
;WIDTH:0.42
G1 F1200
G1 X106.24 Y91.79 E.03041
G1 X105.21 Y91.79 E.03133
G1 X105.21 Y90.21 E.04805
G1 X109.424 Y90.21 E.12816
G1 X109.424 Y90.79 E.01764
G1 X106.3 Y90.79 E.095
G1 X105.848 Y90.602 F18000
M204 P1500
;TYPE:Inner wall
;WIDTH:0.45
G1 F1200
G1 X105.848 Y91.398 E.02613
G1 X105.602 Y91.398 E.00807
G1 X105.602 Y90.602 E.02613
G1 X105.788 Y90.602 E.0061
G1 X106.044 Y90.5 F18000
M204 P2000
;TYPE:Gap infill
;WIDTH:0.230842
G1 F1200
G1 X109.228 Y90.5 E.04826
; stop printing object SG90Adapter id:3152 copy 0
;LAYER_CHANGE
;Z:16.64
;HEIGHT:0.199999
G92 E0 ; zero the extruded length again
; BEFORE_LAYER_CHANGE 82 @ 16.64mm
G1 E-1.75 F6000
;WIPE_START
G1 X108.228 Y90.5 E-.75
;WIPE_END
; AFTER_LAYER_CHANGE 82 @ 16.64mm
;_SET_FAN_SPEED_CHANGING_LAYER
; printing object SG90Adapter id:3152 copy 0
G1 X114.79 Y128.21 Z16.64 F18000
G1 E2.5 F6000
M204 P1000
;TYPE:Outer wall
;WIDTH:0.42
G1 F1200
G1 X114.79 Y129.79 E.04805
G1 X105.21 Y129.79 E.29136
G1 X105.21 Y128.21 E.04805
G1 X114.73 Y128.21 E.28954
G1 X114.398 Y128.602 F18000
M204 P1500
;TYPE:Inner wall
;WIDTH:0.45
G1 F1200
G1 X114.398 Y129.398 E.02613
G1 X105.602 Y129.398 E.2888
G1 X105.602 Y128.602 E.02613
G1 X114.338 Y128.602 E.28683
G1 E-1.75 F6000
;WIPE_START
G1 X114.398 Y129.398 E-.59858
G1 X114.196 Y129.398 E-.15142
;WIPE_END
G1 X114.194 Y129 F18000
G1 E2.5 F6000
M204 P2000
;TYPE:Gap infill
;WIDTH:0.431694
G1 F1200
G1 X105.806 Y129 E.26305
G1 E-1.75 F6000
;WIPE_START
G1 X106.806 Y129 E-.75
;WIPE_END
G1 X106.24 Y90.79 F18000
G1 E2.5 F6000
M204 P1000
;TYPE:Outer wall
;WIDTH:0.42
G1 F1200
G1 X106.24 Y91.79 E.03041
G1 X105.21 Y91.79 E.03133
G1 X105.21 Y90.21 E.04805
G1 X105.84 Y90.21 E.01916
G1 X108.794 Y90.21 E.08984
G1 X109.634 Y90.21 E.02555
G1 X109.834 Y90.21 E.00608
M204 P500
;TYPE:Overhang wall
;WIDTH:0.409292
G1 X110.166 Y90.21 E.00981
M204 P1000
;TYPE:Outer wall
;WIDTH:0.42
G1 X110.366 Y90.21 E.00608
M106 S255
G1 X111.206 Y90.21 E.02555
G1 X114.16 Y90.21 E.08984
G1 X114.79 Y90.21 E.01916
G1 X114.79 Y91.79 E.04805
G1 X113.76 Y91.79 E.03133
G1 X113.76 Y90.79 E.03041
G1 X113.217 Y90.79 E.01651
G1 X111.206 Y90.79 E.06116
G1 X110.366 Y90.79 E.02555
G1 X110.166 Y90.79 E.00608
M204 P500
;TYPE:Overhang wall
;WIDTH:0.409292
G1 X109.834 Y90.79 E.00981
M204 P1000
;TYPE:Outer wall
;WIDTH:0.42
G1 X109.634 Y90.79 E.00608
M106 S255
G1 X108.794 Y90.79 E.02555
G1 X106.882 Y90.79 E.05815
G1 X106.3 Y90.79 E.0177
G1 E-1.75 F6000
;WIPE_START
G1 F3600
G1 X106.24 Y91.788 E-.75
;WIPE_END
G1 X114.152 Y90.602 F18000
G1 E2.5 F6000
M204 P1500
;TYPE:Inner wall
;WIDTH:0.45
G1 F1200
G1 X114.398 Y90.602 E.00807
G1 X114.398 Y91.398 E.02613
G1 X114.152 Y91.398 E.00807
G1 X114.152 Y90.662 E.02416
G1 E-1.75 F6000
;WIPE_START
G1 X114.398 Y90.602 E-.18979
G1 X114.398 Y91.349 E-.56021
;WIPE_END
G1 X105.848 Y90.602 F18000
G1 E2.5 F6000
G1 F1200
G1 X105.848 Y91.398 E.02613
G1 X105.602 Y91.398 E.00807
G1 X105.602 Y90.602 E.02613
G1 X105.788 Y90.602 E.0061
G1 X106.044 Y90.5 F18000
M204 P2000
;TYPE:Gap infill
;WIDTH:0.230842
G1 F1200
G1 X113.956 Y90.5 E.11992
; stop printing object SG90Adapter id:3152 copy 0
;LAYER_CHANGE
;Z:16.84
;HEIGHT:0.200001
G92 E0 ; zero the extruded length again
; BEFORE_LAYER_CHANGE 83 @ 16.84mm
G1 E-1.75 F6000
;WIPE_START
G1 X112.956 Y90.5 E-.75
;WIPE_END
; AFTER_LAYER_CHANGE 83 @ 16.84mm
;_SET_FAN_SPEED_CHANGING_LAYER
; printing object SG90Adapter id:3152 copy 0
G1 X114.79 Y128.21 Z16.84 F18000
G1 E2.5 F6000
M204 P1000
;TYPE:Outer wall
;WIDTH:0.42
G1 F1200
G1 X114.79 Y129.79 E.04805
G1 X105.21 Y129.79 E.29136
G1 X105.21 Y128.21 E.04805
G1 X114.73 Y128.21 E.28954
G1 X114.398 Y128.602 F18000
M204 P1500
;TYPE:Inner wall
;WIDTH:0.45
G1 F1200
G1 X114.398 Y129.398 E.02613
G1 X105.602 Y129.398 E.2888
G1 X105.602 Y128.602 E.02613
G1 X114.338 Y128.602 E.28683
G1 E-1.75 F6000
;WIPE_START
G1 X114.398 Y129.398 E-.59858
G1 X114.196 Y129.398 E-.15142
;WIPE_END
G1 X114.194 Y129 F18000
G1 E2.5 F6000
M204 P2000
;TYPE:Gap infill
;WIDTH:0.431694
G1 F1200
G1 X105.806 Y129 E.26305
G1 E-1.75 F6000
;WIPE_START
G1 X106.806 Y129 E-.75
;WIPE_END
G1 X106.24 Y90.79 F18000
G1 E2.5 F6000
M204 P1000
;TYPE:Outer wall
;WIDTH:0.42
G1 F1200
G1 X106.24 Y91.79 E.03041
G1 X105.21 Y91.79 E.03133
G1 X105.21 Y90.21 E.04805
G1 X114.79 Y90.21 E.29136
G1 X114.79 Y91.79 E.04805
G1 X113.76 Y91.79 E.03133
G1 X113.76 Y90.79 E.03041
G1 X106.3 Y90.79 E.22689
G1 E-1.75 F6000
;WIPE_START
G1 F3600
G1 X106.24 Y91.788 E-.75
;WIPE_END
G1 X114.152 Y90.602 F18000
G1 E2.5 F6000
M204 P1500
;TYPE:Inner wall
;WIDTH:0.45
G1 F1200
G1 X114.398 Y90.602 E.00807
G1 X114.398 Y91.398 E.02613
G1 X114.152 Y91.398 E.00807
G1 X114.152 Y90.662 E.02416
G1 E-1.75 F6000
;WIPE_START
G1 X114.398 Y90.602 E-.18979
G1 X114.398 Y91.349 E-.56021
;WIPE_END
G1 X105.848 Y90.602 F18000
G1 E2.5 F6000
G1 F1200
G1 X105.848 Y91.398 E.02613
G1 X105.602 Y91.398 E.00807
G1 X105.602 Y90.602 E.02613
G1 X105.788 Y90.602 E.0061
G1 X106.044 Y90.5 F18000
M204 P2000
;TYPE:Gap infill
;WIDTH:0.230842
G1 F1200
G1 X113.956 Y90.5 E.11992
; stop printing object SG90Adapter id:3152 copy 0
;LAYER_CHANGE
;Z:17.04
;HEIGHT:0.200001
G92 E0 ; zero the extruded length again
; BEFORE_LAYER_CHANGE 84 @ 17.04mm
G1 E-1.75 F6000
;WIPE_START
G1 X112.956 Y90.5 E-.75
;WIPE_END
; AFTER_LAYER_CHANGE 84 @ 17.04mm
;_SET_FAN_SPEED_CHANGING_LAYER
; printing object SG90Adapter id:3152 copy 0
G1 X114.79 Y128.21 Z17.04 F18000
G1 E2.5 F6000
M204 P1000
;TYPE:Outer wall
;WIDTH:0.42
G1 F1200
G1 X114.79 Y129.79 E.04805
G1 X105.21 Y129.79 E.29136
G1 X105.21 Y128.21 E.04805
G1 X114.73 Y128.21 E.28954
G1 X114.398 Y128.602 F18000
M204 P1500
;TYPE:Inner wall
;WIDTH:0.45
G1 F1200
G1 X114.398 Y129.398 E.02613
G1 X105.602 Y129.398 E.2888
G1 X105.602 Y128.602 E.02613
G1 X114.338 Y128.602 E.28683
G1 E-1.75 F6000
;WIPE_START
G1 X114.398 Y129.398 E-.59858
G1 X114.196 Y129.398 E-.15142
;WIPE_END
G1 X114.194 Y129 F18000
G1 E2.5 F6000
M204 P2000
;TYPE:Gap infill
;WIDTH:0.431694
G1 F1200
G1 X105.806 Y129 E.26305
G1 E-1.75 F6000
;WIPE_START
G1 X106.806 Y129 E-.75
;WIPE_END
G1 X106.24 Y90.79 F18000
G1 E2.5 F6000
M204 P1000
;TYPE:Outer wall
;WIDTH:0.42
G1 F1200
G1 X106.24 Y91.79 E.03041
G1 X105.21 Y91.79 E.03133
G1 X105.21 Y90.21 E.04805
G1 X114.79 Y90.21 E.29136
G1 X114.79 Y91.79 E.04805
G1 X113.76 Y91.79 E.03133
G1 X113.76 Y90.79 E.03041
G1 X106.3 Y90.79 E.22689
G1 E-1.75 F6000
;WIPE_START
G1 F3600
G1 X106.24 Y91.788 E-.75
;WIPE_END
G1 X114.152 Y90.602 F18000
G1 E2.5 F6000
M204 P1500
;TYPE:Inner wall
;WIDTH:0.45
G1 F1200
G1 X114.398 Y90.602 E.00807
G1 X114.398 Y91.398 E.02613
G1 X114.152 Y91.398 E.00807
G1 X114.152 Y90.662 E.02416
G1 E-1.75 F6000
;WIPE_START
G1 X114.398 Y90.602 E-.18979
G1 X114.398 Y91.349 E-.56021
;WIPE_END
G1 X105.848 Y90.602 F18000
G1 E2.5 F6000
G1 F1200
G1 X105.848 Y91.398 E.02613
G1 X105.602 Y91.398 E.00807
G1 X105.602 Y90.602 E.02613
G1 X105.788 Y90.602 E.0061
G1 X106.044 Y90.5 F18000
M204 P2000
;TYPE:Gap infill
;WIDTH:0.230842
G1 F1200
G1 X113.956 Y90.5 E.11992
; stop printing object SG90Adapter id:3152 copy 0
;LAYER_CHANGE
;Z:17.24
;HEIGHT:0.199999
G92 E0 ; zero the extruded length again
; BEFORE_LAYER_CHANGE 85 @ 17.24mm
G1 E-1.75 F6000
;WIPE_START
G1 X112.956 Y90.5 E-.75
;WIPE_END
; AFTER_LAYER_CHANGE 85 @ 17.24mm
;_SET_FAN_SPEED_CHANGING_LAYER
; printing object SG90Adapter id:3152 copy 0
G1 X110.687 Y128.21 Z17.24 F18000
G1 E2.5 F6000
M204 P1000
;TYPE:Outer wall
;WIDTH:0.42
G1 F1200
G1 X114.79 Y128.21 E.12479
G1 X114.79 Y129.79 E.04805
G1 X105.21 Y129.79 E.29136
G1 X105.21 Y128.21 E.04805
G1 X109.313 Y128.21 E.12479
G1 X109.313 Y128 E.00639
G1 X109.313 Y127.8 E.00608
M204 P500
;TYPE:Overhang wall
;WIDTH:0.409292
G1 X109.313 Y127.21 E.01743
G1 X110.687 Y127.21 E.0406
G1 X110.687 Y127.8 E.01743
M204 P1000
;TYPE:Outer wall
;WIDTH:0.42
G1 X110.687 Y128 E.00608
M106 S255
G1 X110.687 Y128.15 E.00456
G1 X110.294 Y128.602 F18000
M204 P1500
;TYPE:Inner wall
;WIDTH:0.45
G1 F1200
G1 X114.398 Y128.602 E.13475
G1 X114.398 Y129.398 E.02614
G1 X105.602 Y129.398 E.2888
G1 X105.602 Y128.602 E.02614
G1 X109.706 Y128.602 E.13475
G1 X109.706 Y128 E.01977
G1 X109.706 Y127.8 E.00657
M204 P500
;TYPE:Overhang wall
;WIDTH:0.409292
G1 X109.706 Y127.602 E.00585
G1 X110.294 Y127.602 E.01738
G1 X110.294 Y127.8 E.00585
M204 P1500
;TYPE:Inner wall
;WIDTH:0.45
G1 X110.294 Y128 E.00657
M106 S255
G1 X110.294 Y128.542 E.0178
G1 E-1.75 F6000
;WIPE_START
G1 F3000
G1 X111.294 Y128.557 E-.75
;WIPE_END
G1 X110 Y128.842 F18000
G1 E2.5 F6000
M204 P2000
;TYPE:Gap infill
;WIDTH:0.22637
G1 F1200
G1 X110 Y127.806 E.01534
G1 E-1.75 F6000
;WIPE_START
G1 X110 Y128.806 E-.75
;WIPE_END
G1 X110 Y128.842 F18000
G1 E2.5 F6000
;WIDTH:0.293214
G1 F1200
G1 X110 Y128.879 E.00074
;WIDTH:0.338854
G1 X110 Y128.916 E.00088
;WIDTH:0.384495
G1 X110 Y128.953 E.00101
;WIDTH:0.430136
G1 X110 Y128.989 E.00115
G1 X105.806 Y129 F18000
;WIDTH:0.432158
G1 F1200
G1 X110 Y128.989 E.13168
;WIDTH:0.431926
G1 X114.194 Y129 E.1316
G1 E-1.75 F6000
;WIPE_START
G1 X113.194 Y128.997 E-.75
;WIPE_END
G1 X106.24 Y90.79 F18000
G1 E2.5 F6000
M204 P1000
;TYPE:Outer wall
;WIDTH:0.42
G1 F1200
G1 X106.24 Y91.79 E.03041
G1 X105.21 Y91.79 E.03133
G1 X105.21 Y90.21 E.04805
G1 X114.79 Y90.21 E.29136
G1 X114.79 Y91.79 E.04805
G1 X113.76 Y91.79 E.03133
G1 X113.76 Y90.79 E.03041
G1 X106.3 Y90.79 E.22689
G1 E-1.75 F6000
;WIPE_START
G1 F3600
G1 X106.24 Y91.788 E-.75
;WIPE_END
G1 X114.152 Y90.602 F18000
G1 E2.5 F6000
M204 P1500
;TYPE:Inner wall
;WIDTH:0.45
G1 F1200
G1 X114.398 Y90.602 E.00807
G1 X114.398 Y91.398 E.02613
G1 X114.152 Y91.398 E.00807
G1 X114.152 Y90.662 E.02416
G1 E-1.75 F6000
;WIPE_START
G1 X114.398 Y90.602 E-.18979
G1 X114.398 Y91.349 E-.56021
;WIPE_END
G1 X105.848 Y90.602 F18000
G1 E2.5 F6000
G1 F1200
G1 X105.848 Y91.398 E.02613
G1 X105.602 Y91.398 E.00807
G1 X105.602 Y90.602 E.02613
G1 X105.788 Y90.602 E.0061
G1 X106.044 Y90.5 F18000
M204 P2000
;TYPE:Gap infill
;WIDTH:0.230842
G1 F1200
G1 X113.956 Y90.5 E.11992
; stop printing object SG90Adapter id:3152 copy 0
;LAYER_CHANGE
;Z:17.44
;HEIGHT:0.200001
G92 E0 ; zero the extruded length again
; BEFORE_LAYER_CHANGE 86 @ 17.44mm
G1 E-1.75 F6000
;WIPE_START
G1 X112.956 Y90.5 E-.75
;WIPE_END
; AFTER_LAYER_CHANGE 86 @ 17.44mm
;_SET_FAN_SPEED_CHANGING_LAYER
; printing object SG90Adapter id:3152 copy 0
G1 X111.168 Y128.21 Z17.44 F18000
G1 E2.5 F6000
M204 P1000
;TYPE:Outer wall
;WIDTH:0.42
G1 F1200
G1 X114.79 Y128.21 E.11016
G1 X114.79 Y129.79 E.04805
G1 X105.21 Y129.79 E.29136
G1 X105.21 Y128.21 E.04805
G1 X108.832 Y128.21 E.11016
G1 X108.832 Y128 E.00639
G1 X108.832 Y127.8 E.00608
M204 P500
;TYPE:Overhang wall
;WIDTH:0.409292
G1 X108.832 Y127.21 E.01743
G1 X108.903 Y127.21 E.0021
M204 P1000
;TYPE:Outer wall
;WIDTH:0.42
M106 S255
G1 X109.943 Y127.21 E.03163
G1 X110.057 Y127.21 E.00347
G1 X111.097 Y127.21 E.03163
M204 P500
;TYPE:Overhang wall
;WIDTH:0.409292
G1 X111.168 Y127.21 E.0021
G1 X111.168 Y127.8 E.01743
M204 P1000
;TYPE:Outer wall
;WIDTH:0.42
G1 X111.168 Y128 E.00608
M106 S255
G1 X111.168 Y128.15 E.00456
G1 X110.776 Y128.602 F18000
M204 P1500
;TYPE:Inner wall
;WIDTH:0.45
G1 F1200
G1 X114.398 Y128.602 E.11892
G1 X114.398 Y129.398 E.02614
G1 X105.602 Y129.398 E.2888
G1 X105.602 Y128.602 E.02614
G1 X109.224 Y128.602 E.11892
G1 X109.224 Y127.602 E.03283
G1 X110.776 Y127.602 E.05096
G1 X110.776 Y128.542 E.03086
G1 X110.369 Y128.991 F18000
G1 F1200
G1 X109.631 Y128.991 E.02422
G1 X109.631 Y128.009 E.03223
G1 X110.369 Y128.009 E.02422
G1 X110.369 Y128.931 E.03026
G1 E-1.75 F6000
;WIPE_START
G1 X109.631 Y128.991 E-.55507
G1 X109.631 Y128.731 E-.19493
;WIPE_END
G1 X109.428 Y129 F18000
G1 E2.5 F6000
M204 P2000
;TYPE:Gap infill
;WIDTH:0.431694
G1 F1200
G1 X105.806 Y129 E.11357
G1 X110.572 Y129 F18000
G1 F1200
G1 X114.194 Y129 E.11357
G1 E-1.75 F6000
;WIPE_START
G1 X113.194 Y129 E-.75
;WIPE_END
G1 X106.24 Y90.79 F18000
G1 E2.5 F6000
M204 P1000
;TYPE:Outer wall
;WIDTH:0.42
G1 F1200
G1 X106.24 Y91.79 E.03041
G1 X105.21 Y91.79 E.03133
G1 X105.21 Y90.21 E.04805
G1 X114.79 Y90.21 E.29136
G1 X114.79 Y91.79 E.04805
G1 X113.76 Y91.79 E.03133
G1 X113.76 Y90.79 E.03041
G1 X106.3 Y90.79 E.22689
G1 E-1.75 F6000
;WIPE_START
G1 F3600
G1 X106.24 Y91.788 E-.75
;WIPE_END
G1 X114.152 Y90.602 F18000
G1 E2.5 F6000
M204 P1500
;TYPE:Inner wall
;WIDTH:0.45
G1 F1200
G1 X114.398 Y90.602 E.00807
G1 X114.398 Y91.398 E.02613
G1 X114.152 Y91.398 E.00807
G1 X114.152 Y90.662 E.02416
G1 E-1.75 F6000
;WIPE_START
G1 X114.398 Y90.602 E-.18979
G1 X114.398 Y91.349 E-.56021
;WIPE_END
G1 X105.848 Y90.602 F18000
G1 E2.5 F6000
G1 F1200
G1 X105.848 Y91.398 E.02613
G1 X105.602 Y91.398 E.00807
G1 X105.602 Y90.602 E.02613
G1 X105.788 Y90.602 E.0061
G1 X106.044 Y90.5 F18000
M204 P2000
;TYPE:Gap infill
;WIDTH:0.230842
G1 F1200
G1 X113.956 Y90.5 E.11992
; stop printing object SG90Adapter id:3152 copy 0
;LAYER_CHANGE
;Z:17.64
;HEIGHT:0.199999
G92 E0 ; zero the extruded length again
; BEFORE_LAYER_CHANGE 87 @ 17.64mm
G1 E-1.75 F6000
;WIPE_START
G1 X112.956 Y90.5 E-.75
;WIPE_END
; AFTER_LAYER_CHANGE 87 @ 17.64mm
;_SET_FAN_SPEED_CHANGING_LAYER
; printing object SG90Adapter id:3152 copy 0
G1 X111.5 Y128.21 Z17.64 F18000
G1 E2.5 F6000
M204 P1000
;TYPE:Outer wall
;WIDTH:0.42
G1 F1200
G1 X114.79 Y128.21 E.10006
G1 X114.79 Y129.79 E.04805
G1 X105.21 Y129.79 E.29136
G1 X105.21 Y128.21 E.04805
G1 X108.5 Y128.21 E.10006
G1 X108.5 Y128 E.00639
G1 X108.5 Y127.21 E.02403
M106 S255
G1 X109.462 Y127.21 E.02926
G1 X110.538 Y127.21 E.03273
G1 X111.5 Y127.21 E.02926
G1 X111.5 Y128 E.02403
M106 S255
G1 X111.5 Y128.15 E.00456
G1 X111.108 Y128.21 F18000
M204 P1500
;TYPE:Inner wall
;WIDTH:0.45
G1 F1200
G1 X111.108 Y128.602 E.01287
G1 X114.398 Y128.602 E.10803
G1 X114.398 Y129.398 E.02613
G1 X105.602 Y129.398 E.2888
G1 X105.602 Y128.602 E.02613
G1 X108.892 Y128.602 E.10803
G1 X108.892 Y127.602 E.03283
G1 X111.108 Y127.602 E.07274
G1 X111.108 Y128.15 E.01799
G1 X110.701 Y128.21 F18000
G1 F1200
G1 X110.701 Y128.991 E.02564
G1 X109.299 Y128.991 E.04601
G1 X109.299 Y128.009 E.03223
G1 X110.701 Y128.009 E.04601
G1 X110.701 Y128.15 E.00462
G1 E-1.75 F6000
;WIPE_START
G1 X110.701 Y128.991 E-.63064
G1 X110.541 Y128.991 E-.11936
;WIPE_END
G1 X110.904 Y129 F18000
G1 E2.5 F6000
M204 P2000
;TYPE:Gap infill
;WIDTH:0.431694
G1 F1200
G1 X114.194 Y129 E.10317
G1 X109.096 Y129 F18000
G1 F1200
G1 X105.806 Y129 E.10317
G1 E-1.75 F6000
;WIPE_START
G1 X106.806 Y129 E-.75
;WIPE_END
G1 X106.24 Y90.79 F18000
G1 E2.5 F6000
M204 P1000
;TYPE:Outer wall
;WIDTH:0.42
G1 F1200
G1 X106.24 Y91.79 E.03041
G1 X105.21 Y91.79 E.03133
G1 X105.21 Y90.21 E.04805
G1 X114.79 Y90.21 E.29136
G1 X114.79 Y91.79 E.04805
G1 X113.76 Y91.79 E.03133
G1 X113.76 Y90.79 E.03041
G1 X106.3 Y90.79 E.22689
G1 E-1.75 F6000
;WIPE_START
G1 F3600
G1 X106.24 Y91.788 E-.75
;WIPE_END
G1 X114.152 Y90.602 F18000
G1 E2.5 F6000
M204 P1500
;TYPE:Inner wall
;WIDTH:0.45
G1 F1200
G1 X114.398 Y90.602 E.00807
G1 X114.398 Y91.398 E.02613
G1 X114.152 Y91.398 E.00807
G1 X114.152 Y90.662 E.02416
G1 E-1.75 F6000
;WIPE_START
G1 X114.398 Y90.602 E-.18979
G1 X114.398 Y91.349 E-.56021
;WIPE_END
G1 X105.848 Y90.602 F18000
G1 E2.5 F6000
G1 F1200
G1 X105.848 Y91.398 E.02613
G1 X105.602 Y91.398 E.00807
G1 X105.602 Y90.602 E.02613
G1 X105.788 Y90.602 E.0061
G1 X106.044 Y90.5 F18000
M204 P2000
;TYPE:Gap infill
;WIDTH:0.230842
G1 F1200
G1 X113.956 Y90.5 E.11992
; stop printing object SG90Adapter id:3152 copy 0
;LAYER_CHANGE
;Z:17.84
;HEIGHT:0.200001
G92 E0 ; zero the extruded length again
; BEFORE_LAYER_CHANGE 88 @ 17.84mm
G1 E-1.75 F6000
;WIPE_START
G1 X112.956 Y90.5 E-.75
;WIPE_END
; AFTER_LAYER_CHANGE 88 @ 17.84mm
;_SET_FAN_SPEED_CHANGING_LAYER
; printing object SG90Adapter id:3152 copy 0
G1 X111.757 Y128.21 Z17.84 F18000
G1 E2.5 F6000
M204 P1000
;TYPE:Outer wall
;WIDTH:0.42
G1 F1200
G1 X114.79 Y128.21 E.09224
G1 X114.79 Y129.79 E.04805
G1 X105.21 Y129.79 E.29136
G1 X105.21 Y128.21 E.04805
G1 X108.243 Y128.21 E.09224
G1 X108.243 Y128 E.00639
G1 X108.243 Y127.21 E.02403
M106 S255
G1 X109.13 Y127.21 E.02698
G1 X110.87 Y127.21 E.05292
G1 X111.757 Y127.21 E.02698
G1 X111.757 Y128 E.02403
M106 S255
G1 X111.757 Y128.15 E.00456
G1 X111.364 Y128.21 F18000
M204 P1500
;TYPE:Inner wall
;WIDTH:0.45
G1 F1200
G1 X111.364 Y128.602 E.01287
G1 X114.398 Y128.602 E.0996
G1 X114.398 Y129.398 E.02613
G1 X105.602 Y129.398 E.2888
G1 X105.602 Y128.602 E.02613
G1 X108.636 Y128.602 E.0996
G1 X108.636 Y127.602 E.03283
G1 X111.364 Y127.602 E.0896
G1 X111.364 Y128.15 E.01799
G1 X110.957 Y128.21 F18000
G1 F1200
G1 X110.957 Y128.991 E.02564
G1 X109.043 Y128.991 E.06287
G1 X109.043 Y128.009 E.03223
G1 X110.957 Y128.009 E.06287
G1 X110.957 Y128.15 E.00462
G1 E-1.75 F6000
;WIPE_START
G1 X110.957 Y128.991 E-.63064
G1 X110.798 Y128.991 E-.11936
;WIPE_END
G1 X111.161 Y129 F18000
G1 E2.5 F6000
M204 P2000
;TYPE:Gap infill
;WIDTH:0.431694
G1 F1200
G1 X114.194 Y129 E.09512
G1 X110.754 Y128.5 F18000
;WIDTH:0.617526
G1 F1200
G1 X109.246 Y128.5 E.06987
G1 X108.839 Y129 F18000
;WIDTH:0.431694
G1 F1200
G1 X105.806 Y129 E.09512
G1 E-1.75 F6000
;WIPE_START
G1 X106.806 Y129 E-.75
;WIPE_END
G1 X106.24 Y90.79 F18000
G1 E2.5 F6000
M204 P1000
;TYPE:Outer wall
;WIDTH:0.42
G1 F1200
G1 X106.24 Y91.79 E.03041
G1 X105.21 Y91.79 E.03133
G1 X105.21 Y90.21 E.04805
G1 X114.79 Y90.21 E.29136
G1 X114.79 Y91.79 E.04805
G1 X113.76 Y91.79 E.03133
G1 X113.76 Y90.79 E.03041
G1 X106.3 Y90.79 E.22689
G1 E-1.75 F6000
;WIPE_START
G1 F3600
G1 X106.24 Y91.788 E-.75
;WIPE_END
G1 X114.152 Y90.602 F18000
G1 E2.5 F6000
M204 P1500
;TYPE:Inner wall
;WIDTH:0.45
G1 F1200
G1 X114.398 Y90.602 E.00807
G1 X114.398 Y91.398 E.02613
G1 X114.152 Y91.398 E.00807
G1 X114.152 Y90.662 E.02416
G1 E-1.75 F6000
;WIPE_START
G1 X114.398 Y90.602 E-.18979
G1 X114.398 Y91.349 E-.56021
;WIPE_END
G1 X105.848 Y90.602 F18000
G1 E2.5 F6000
G1 F1200
G1 X105.848 Y91.398 E.02613
G1 X105.602 Y91.398 E.00807
G1 X105.602 Y90.602 E.02613
G1 X105.788 Y90.602 E.0061
G1 X106.044 Y90.5 F18000
M204 P2000
;TYPE:Gap infill
;WIDTH:0.230842
G1 F1200
G1 X113.956 Y90.5 E.11992
; stop printing object SG90Adapter id:3152 copy 0
;LAYER_CHANGE
;Z:18.04
;HEIGHT:0.200001
G92 E0 ; zero the extruded length again
; BEFORE_LAYER_CHANGE 89 @ 18.04mm
G1 E-1.75 F6000
;WIPE_START
G1 X112.956 Y90.5 E-.75
;WIPE_END
; AFTER_LAYER_CHANGE 89 @ 18.04mm
;_SET_FAN_SPEED_CHANGING_LAYER
; printing object SG90Adapter id:3152 copy 0
G1 X111.965 Y128.21 Z18.04 F18000
G1 E2.5 F6000
M204 P1000
;TYPE:Outer wall
;WIDTH:0.42
G1 F1200
G1 X114.79 Y128.21 E.08592
G1 X114.79 Y129.79 E.04805
G1 X105.21 Y129.79 E.29136
G1 X105.21 Y128.21 E.04805
G1 X108.035 Y128.21 E.08592
G1 X108.035 Y127.21 E.03041
G1 X108.873 Y127.21 E.02549
G1 X111.127 Y127.21 E.06855
G1 X111.965 Y127.21 E.02549
G1 X111.965 Y128.15 E.02859
G1 X111.573 Y128.21 F18000
M204 P1500
;TYPE:Inner wall
;WIDTH:0.45
G1 F1200
G1 X111.573 Y128.602 E.01287
G1 X114.398 Y128.602 E.09276
G1 X114.398 Y129.398 E.02613
G1 X105.602 Y129.398 E.2888
G1 X105.602 Y128.602 E.02613
G1 X108.427 Y128.602 E.09276
G1 X108.427 Y127.602 E.03283
G1 X111.573 Y127.602 E.10328
G1 X111.573 Y128.15 E.01799
G1 X111.166 Y128.21 F18000
G1 F1200
G1 X111.166 Y128.991 E.02564
G1 X108.834 Y128.991 E.07655
G1 X108.834 Y128.009 E.03223
G1 X111.166 Y128.009 E.07655
G1 X111.166 Y128.15 E.00462
G1 E-1.75 F6000
;WIPE_START
G1 X111.166 Y128.991 E-.63064
G1 X111.007 Y128.991 E-.11936
;WIPE_END
G1 X111.369 Y129 F18000
G1 E2.5 F6000
M204 P2000
;TYPE:Gap infill
;WIDTH:0.431694
G1 F1200
G1 X114.194 Y129 E.08859
G1 X110.962 Y128.5 F18000
;WIDTH:0.617526
G1 F1200
G1 X109.038 Y128.5 E.08918
G1 X108.631 Y129 F18000
;WIDTH:0.431694
G1 F1200
G1 X105.806 Y129 E.08859
G1 E-1.75 F6000
;WIPE_START
G1 X106.806 Y129 E-.75
;WIPE_END
G1 X106.24 Y90.79 F18000
G1 E2.5 F6000
M204 P1000
;TYPE:Outer wall
;WIDTH:0.42
G1 F1200
G1 X106.24 Y91.79 E.03041
G1 X105.21 Y91.79 E.03133
G1 X105.21 Y90.21 E.04805
G1 X114.79 Y90.21 E.29136
G1 X114.79 Y91.79 E.04805
G1 X113.76 Y91.79 E.03133
G1 X113.76 Y90.79 E.03041
G1 X106.3 Y90.79 E.22689
G1 E-1.75 F6000
;WIPE_START
G1 F3600
G1 X106.24 Y91.788 E-.75
;WIPE_END
G1 X114.152 Y90.602 F18000
G1 E2.5 F6000
M204 P1500
;TYPE:Inner wall
;WIDTH:0.45
G1 F1200
G1 X114.398 Y90.602 E.00807
G1 X114.398 Y91.398 E.02613
G1 X114.152 Y91.398 E.00807
G1 X114.152 Y90.662 E.02416
G1 E-1.75 F6000
;WIPE_START
G1 X114.398 Y90.602 E-.18979
G1 X114.398 Y91.349 E-.56021
;WIPE_END
G1 X105.848 Y90.602 F18000
G1 E2.5 F6000
G1 F1200
G1 X105.848 Y91.398 E.02613
G1 X105.602 Y91.398 E.00807
G1 X105.602 Y90.602 E.02613
G1 X105.788 Y90.602 E.0061
G1 X106.044 Y90.5 F18000
M204 P2000
;TYPE:Gap infill
;WIDTH:0.230842
G1 F1200
G1 X113.956 Y90.5 E.11992
; stop printing object SG90Adapter id:3152 copy 0
;LAYER_CHANGE
;Z:18.24
;HEIGHT:0.199999
G92 E0 ; zero the extruded length again
; BEFORE_LAYER_CHANGE 90 @ 18.24mm
G1 E-1.75 F6000
;WIPE_START
G1 X112.956 Y90.5 E-.75
;WIPE_END
; AFTER_LAYER_CHANGE 90 @ 18.24mm
;_SET_FAN_SPEED_CHANGING_LAYER
; printing object SG90Adapter id:3152 copy 0
G1 X112.139 Y128.21 Z18.24 F18000
G1 E2.5 F6000
M204 P1000
;TYPE:Outer wall
;WIDTH:0.42
G1 F1200
G1 X114.79 Y128.21 E.08063
G1 X114.79 Y129.79 E.04805
G1 X105.21 Y129.79 E.29136
G1 X105.21 Y128.21 E.04805
G1 X107.861 Y128.21 E.08063
G1 X107.861 Y127.21 E.03041
G1 X108.665 Y127.21 E.02445
G1 X111.335 Y127.21 E.0812
G1 X112.139 Y127.21 E.02445
G1 X112.139 Y128.15 E.02859
G1 X111.747 Y128.21 F18000
M204 P1500
;TYPE:Inner wall
;WIDTH:0.45
G1 F1200
G1 X111.747 Y128.602 E.01287
G1 X114.398 Y128.602 E.08704
G1 X114.398 Y129.398 E.02613
G1 X105.602 Y129.398 E.2888
G1 X105.602 Y128.602 E.02613
G1 X108.253 Y128.602 E.08704
G1 X108.253 Y127.602 E.03283
G1 X111.747 Y127.602 E.11471
G1 X111.747 Y128.15 E.01799
G1 X111.34 Y128.21 F18000
G1 F1200
G1 X111.34 Y128.991 E.02564
G1 X108.66 Y128.991 E.08798
G1 X108.66 Y128.009 E.03223
G1 X111.34 Y128.009 E.08798
G1 X111.34 Y128.15 E.00462
G1 E-1.75 F6000
;WIPE_START
G1 X111.34 Y128.991 E-.63064
G1 X111.181 Y128.991 E-.11936
;WIPE_END
G1 X111.543 Y129 F18000
G1 E2.5 F6000
M204 P2000
;TYPE:Gap infill
;WIDTH:0.431694
G1 F1200
G1 X114.194 Y129 E.08313
G1 X111.136 Y128.5 F18000
;WIDTH:0.617526
G1 F1200
G1 X108.864 Y128.5 E.10532
G1 X108.457 Y129 F18000
;WIDTH:0.431694
G1 F1200
G1 X105.806 Y129 E.08313
G1 E-1.75 F6000
;WIPE_START
G1 X106.806 Y129 E-.75
;WIPE_END
G1 X106.24 Y90.79 F18000
G1 E2.5 F6000
M204 P1000
;TYPE:Outer wall
;WIDTH:0.42
G1 F1200
G1 X106.24 Y91.79 E.03041
G1 X105.21 Y91.79 E.03133
G1 X105.21 Y90.21 E.04805
G1 X114.79 Y90.21 E.29136
G1 X114.79 Y91.79 E.04805
G1 X113.76 Y91.79 E.03133
G1 X113.76 Y90.79 E.03041
G1 X106.3 Y90.79 E.22689
G1 E-1.75 F6000
;WIPE_START
G1 F3600
G1 X106.24 Y91.788 E-.75
;WIPE_END
G1 X114.152 Y90.602 F18000
G1 E2.5 F6000
M204 P1500
;TYPE:Inner wall
;WIDTH:0.45
G1 F1200
G1 X114.398 Y90.602 E.00807
G1 X114.398 Y91.398 E.02613
G1 X114.152 Y91.398 E.00807
G1 X114.152 Y90.662 E.02416
G1 E-1.75 F6000
;WIPE_START
G1 X114.398 Y90.602 E-.18979
G1 X114.398 Y91.349 E-.56021
;WIPE_END
G1 X105.848 Y90.602 F18000
G1 E2.5 F6000
G1 F1200
G1 X105.848 Y91.398 E.02613
G1 X105.602 Y91.398 E.00807
G1 X105.602 Y90.602 E.02613
G1 X105.788 Y90.602 E.0061
G1 X106.044 Y90.5 F18000
M204 P2000
;TYPE:Gap infill
;WIDTH:0.230842
G1 F1200
G1 X113.956 Y90.5 E.11992
; stop printing object SG90Adapter id:3152 copy 0
;LAYER_CHANGE
;Z:18.44
;HEIGHT:0.200001
G92 E0 ; zero the extruded length again
; BEFORE_LAYER_CHANGE 91 @ 18.44mm
G1 E-1.75 F6000
;WIPE_START
G1 X112.956 Y90.5 E-.75
;WIPE_END
; AFTER_LAYER_CHANGE 91 @ 18.44mm
;_SET_FAN_SPEED_CHANGING_LAYER
; printing object SG90Adapter id:3152 copy 0
G1 X112.287 Y128.21 Z18.44 F18000
G1 E2.5 F6000
M204 P1000
;TYPE:Outer wall
;WIDTH:0.42
G1 F1200
G1 X114.79 Y128.21 E.07613
G1 X114.79 Y129.79 E.04805
G1 X105.21 Y129.79 E.29136
G1 X105.21 Y128.21 E.04805
G1 X107.713 Y128.21 E.07613
G1 X107.713 Y127.21 E.03041
G1 X108.491 Y127.21 E.02366
G1 X111.509 Y127.21 E.09179
G1 X112.287 Y127.21 E.02366
G1 X112.287 Y128.15 E.02859
G1 X111.895 Y128.21 F18000
M204 P1500
;TYPE:Inner wall
;WIDTH:0.45
G1 F1200
G1 X111.895 Y128.602 E.01287
G1 X114.398 Y128.602 E.08217
G1 X114.398 Y129.398 E.02613
G1 X105.602 Y129.398 E.2888
G1 X105.602 Y128.602 E.02613
G1 X108.105 Y128.602 E.08217
G1 X108.105 Y127.602 E.03283
G1 X111.895 Y127.602 E.12445
G1 X111.895 Y128.15 E.01799
G1 X111.488 Y128.21 F18000
G1 F1200
G1 X111.488 Y128.991 E.02564
G1 X108.512 Y128.991 E.09772
G1 X108.512 Y128.009 E.03223
G1 X111.488 Y128.009 E.09772
G1 X111.488 Y128.15 E.00462
G1 E-1.75 F6000
;WIPE_START
G1 X111.488 Y128.991 E-.63064
G1 X111.329 Y128.991 E-.11936
;WIPE_END
G1 X111.692 Y129 F18000
G1 E2.5 F6000
M204 P2000
;TYPE:Gap infill
;WIDTH:0.431694
G1 F1200
G1 X114.194 Y129 E.07848
G1 X111.285 Y128.5 F18000
;WIDTH:0.617526
G1 F1200
G1 X108.715 Y128.5 E.11907
G1 X108.308 Y129 F18000
;WIDTH:0.431694
G1 F1200
G1 X105.806 Y129 E.07848
G1 E-1.75 F6000
;WIPE_START
G1 X106.806 Y129 E-.75
;WIPE_END
G1 X106.24 Y90.79 F18000
G1 E2.5 F6000
M204 P1000
;TYPE:Outer wall
;WIDTH:0.42
G1 F1200
G1 X106.24 Y91.79 E.03041
G1 X105.21 Y91.79 E.03133
G1 X105.21 Y90.21 E.04805
G1 X114.79 Y90.21 E.29136
G1 X114.79 Y91.79 E.04805
G1 X113.76 Y91.79 E.03133
G1 X113.76 Y90.79 E.03041
G1 X106.3 Y90.79 E.22689
G1 E-1.75 F6000
;WIPE_START
G1 F3600
G1 X106.24 Y91.788 E-.75
;WIPE_END
G1 X114.152 Y90.602 F18000
G1 E2.5 F6000
M204 P1500
;TYPE:Inner wall
;WIDTH:0.45
G1 F1200
G1 X114.398 Y90.602 E.00807
G1 X114.398 Y91.398 E.02613
G1 X114.152 Y91.398 E.00807
G1 X114.152 Y90.662 E.02416
G1 E-1.75 F6000
;WIPE_START
G1 X114.398 Y90.602 E-.18979
G1 X114.398 Y91.349 E-.56021
;WIPE_END
G1 X105.848 Y90.602 F18000
G1 E2.5 F6000
G1 F1200
G1 X105.848 Y91.398 E.02613
G1 X105.602 Y91.398 E.00807
G1 X105.602 Y90.602 E.02613
G1 X105.788 Y90.602 E.0061
G1 X106.044 Y90.5 F18000
M204 P2000
;TYPE:Gap infill
;WIDTH:0.230842
G1 F1200
G1 X113.956 Y90.5 E.11992
; stop printing object SG90Adapter id:3152 copy 0
;LAYER_CHANGE
;Z:18.64
;HEIGHT:0.199999
G92 E0 ; zero the extruded length again
; BEFORE_LAYER_CHANGE 92 @ 18.64mm
G1 E-1.75 F6000
;WIPE_START
G1 X112.956 Y90.5 E-.75
;WIPE_END
; AFTER_LAYER_CHANGE 92 @ 18.64mm
;_SET_FAN_SPEED_CHANGING_LAYER
; printing object SG90Adapter id:3152 copy 0
G1 X112.408 Y128.21 Z18.64 F18000
G1 E2.5 F6000
M204 P1000
;TYPE:Outer wall
;WIDTH:0.42
G1 F1200
G1 X114.79 Y128.21 E.07246
G1 X114.79 Y129.79 E.04805
G1 X105.21 Y129.79 E.29136
G1 X105.21 Y128.21 E.04805
G1 X107.592 Y128.21 E.07246
G1 X107.592 Y127.21 E.03041
G1 X109.273 Y127.21 E.05111
G1 X109.273 Y129.21 E.06083
G1 X110.727 Y129.21 E.04423
G1 X110.727 Y127.21 E.06083
G1 X112.408 Y127.21 E.05111
G1 X112.408 Y128.15 E.02859
G1 E-1.75 F6000
;WIPE_START
G1 F3600
G1 X113.407 Y128.175 E-.75
;WIPE_END
G1 X108.881 Y129.398 F18000
G1 E2.5 F6000
M204 P1500
;TYPE:Inner wall
;WIDTH:0.45
G1 F1200
G1 X105.602 Y129.398 E.10765
G1 X105.602 Y128.602 E.02613
G1 X107.985 Y128.602 E.07822
G1 X107.985 Y127.602 E.03283
G1 X108.881 Y127.602 E.02943
G1 X108.881 Y129.338 E.05699
G1 E-1.75 F6000
;WIPE_START
G1 X107.881 Y129.356 E-.75
;WIPE_END
G1 X112.016 Y128.602 F18000
G1 E2.5 F6000
G1 F1200
G1 X114.398 Y128.602 E.07822
G1 X114.398 Y129.398 E.02613
G1 X111.119 Y129.398 E.10765
G1 X111.119 Y127.602 E.05896
G1 X112.016 Y127.602 E.02943
G1 X112.016 Y128.542 E.03086
G1 E-1.75 F6000
;WIPE_START
G1 X113.015 Y128.567 E-.75
;WIPE_END
G1 X114.194 Y129 F18000
G1 E2.5 F6000
M204 P2000
;TYPE:Gap infill
;WIDTH:0.431694
G1 F1200
G1 X111.812 Y129 E.07471
;WIDTH:0.45397
G1 X111.736 Y128.978 E.00263
;WIDTH:0.498522
G1 X111.66 Y128.955 E.00291
;WIDTH:0.534889
G1 X111.584 Y128.933 E.00314
G1 X111.567 Y128.806 E.0051
G1 X111.567 Y127.806 E.03968
G1 X110.923 Y129.5 F18000
;WIDTH:0.230842
G1 F1200
G1 X109.077 Y129.5 E.02799
G1 X108.433 Y127.806 F18000
;WIDTH:0.533982
G1 F1200
G1 X108.433 Y128.806 E.03961
G1 X108.416 Y128.933 E.00509
;WIDTH:0.543074
G1 X108.34 Y128.955 E.00319
;WIDTH:0.498522
G1 X108.264 Y128.978 E.00291
;WIDTH:0.433127
G1 X108.188 Y129 E.00249
G1 X105.806 Y129 E.07498
G1 E-1.75 F6000
;WIPE_START
G1 X106.806 Y129 E-.75
;WIPE_END
G1 X106.24 Y90.79 F18000
G1 E2.5 F6000
M204 P1000
;TYPE:Outer wall
;WIDTH:0.42
G1 F1200
G1 X106.24 Y91.79 E.03041
G1 X105.21 Y91.79 E.03133
G1 X105.21 Y90.21 E.04805
G1 X114.79 Y90.21 E.29136
G1 X114.79 Y91.79 E.04805
G1 X113.76 Y91.79 E.03133
G1 X113.76 Y90.79 E.03041
G1 X106.3 Y90.79 E.22689
G1 E-1.75 F6000
;WIPE_START
G1 F3600
G1 X106.24 Y91.788 E-.75
;WIPE_END
G1 X114.152 Y90.602 F18000
G1 E2.5 F6000
M204 P1500
;TYPE:Inner wall
;WIDTH:0.45
G1 F1200
G1 X114.398 Y90.602 E.00807
G1 X114.398 Y91.398 E.02613
G1 X114.152 Y91.398 E.00807
G1 X114.152 Y90.662 E.02416
G1 E-1.75 F6000
;WIPE_START
G1 X114.398 Y90.602 E-.18979
G1 X114.398 Y91.349 E-.56021
;WIPE_END
G1 X105.848 Y90.602 F18000
G1 E2.5 F6000
G1 F1200
G1 X105.848 Y91.398 E.02613
G1 X105.602 Y91.398 E.00807
G1 X105.602 Y90.602 E.02613
G1 X105.788 Y90.602 E.0061
G1 X106.044 Y90.5 F18000
M204 P2000
;TYPE:Gap infill
;WIDTH:0.230842
G1 F1200
G1 X113.956 Y90.5 E.11992
; stop printing object SG90Adapter id:3152 copy 0
;LAYER_CHANGE
;Z:18.84
;HEIGHT:0.200001
G92 E0 ; zero the extruded length again
; BEFORE_LAYER_CHANGE 93 @ 18.84mm
G1 E-1.75 F6000
;WIPE_START
G1 X112.956 Y90.5 E-.75
;WIPE_END
; AFTER_LAYER_CHANGE 93 @ 18.84mm
;_SET_FAN_SPEED_CHANGING_LAYER
; printing object SG90Adapter id:3152 copy 0
G1 X112.508 Y128.21 Z18.84 F18000
G1 E2.5 F6000
M204 P1000
;TYPE:Outer wall
;WIDTH:0.42
G1 F1200
G1 X114.79 Y128.21 E.06941
G1 X114.79 Y129.79 E.04805
G1 X105.21 Y129.79 E.29136
G1 X105.21 Y128.21 E.04805
G1 X107.492 Y128.21 E.06941
G1 X107.492 Y127.21 E.03041
G1 X108.89 Y127.21 E.04252
G1 X108.89 Y129.21 E.06083
G1 X111.11 Y129.21 E.06749
G1 X111.11 Y127.21 E.06083
G1 X112.508 Y127.21 E.04252
G1 X112.508 Y128.15 E.02859
G1 E-1.75 F6000
;WIPE_START
G1 F3600
G1 X113.507 Y128.176 E-.75
;WIPE_END
G1 X108.498 Y129.398 F18000
G1 E2.5 F6000
M204 P1500
;TYPE:Inner wall
;WIDTH:0.45
G1 F1200
G1 X105.602 Y129.398 E.09509
G1 X105.602 Y128.602 E.02613
G1 X107.884 Y128.602 E.07493
G1 X107.884 Y127.602 E.03283
G1 X108.498 Y127.602 E.02016
G1 X108.498 Y129.338 E.05699
G1 E-1.75 F6000
;WIPE_START
G1 X107.499 Y129.359 E-.75
;WIPE_END
G1 X112.116 Y128.602 F18000
G1 E2.5 F6000
G1 F1200
G1 X114.398 Y128.602 E.07493
G1 X114.398 Y129.398 E.02613
G1 X111.502 Y129.398 E.09509
G1 X111.502 Y127.602 E.05896
G1 X112.116 Y127.602 E.02016
G1 X112.116 Y128.542 E.03086
G1 E-1.75 F6000
;WIPE_START
G1 X113.115 Y128.568 E-.75
;WIPE_END
G1 X114.194 Y129 F18000
G1 E2.5 F6000
M204 P2000
;TYPE:Gap infill
;WIDTH:0.431695
G1 F1200
G3 X111.9 Y129 I-1.141 J-72.421 E.07195
;WIDTH:0.4093
G1 X111.877 Y128.951 E.00158
;WIDTH:0.363732
G1 X111.854 Y128.903 E.00139
;WIDTH:0.318163
G1 X111.831 Y128.854 E.00119
;WIDTH:0.252132
G1 X111.809 Y128.806 E.0009
G1 X111.809 Y127.806 E.01687
G1 X111.306 Y129.5 F18000
;WIDTH:0.230842
G1 F1200
G1 X108.694 Y129.5 E.03958
G1 X108.191 Y127.806 F18000
;WIDTH:0.249811
G1 F1200
G1 X108.191 Y128.806 E.01669
;WIDTH:0.272596
G1 X108.169 Y128.854 E.00099
;WIDTH:0.318164
G1 X108.146 Y128.903 E.00119
;WIDTH:0.363732
G1 X108.123 Y128.951 E.00139
;WIDTH:0.430665
G1 X108.1 Y129 E.00168
G3 X105.806 Y129 I-1.153 J-72.421 E.07176
G1 E-1.75 F6000
;WIPE_START
G1 X106.806 Y129 E-.75
;WIPE_END
G1 X106.24 Y90.79 F18000
G1 E2.5 F6000
M204 P1000
;TYPE:Outer wall
;WIDTH:0.42
G1 F1200
G1 X106.24 Y91.79 E.03041
G1 X105.21 Y91.79 E.03133
G1 X105.21 Y90.21 E.04805
G1 X114.79 Y90.21 E.29136
G1 X114.79 Y91.79 E.04805
G1 X113.76 Y91.79 E.03133
G1 X113.76 Y90.79 E.03041
G1 X106.3 Y90.79 E.22689
G1 E-1.75 F6000
;WIPE_START
G1 F3600
G1 X106.24 Y91.788 E-.75
;WIPE_END
G1 X114.152 Y90.602 F18000
G1 E2.5 F6000
M204 P1500
;TYPE:Inner wall
;WIDTH:0.45
G1 F1200
G1 X114.398 Y90.602 E.00807
G1 X114.398 Y91.398 E.02613
G1 X114.152 Y91.398 E.00807
G1 X114.152 Y90.662 E.02416
G1 E-1.75 F6000
;WIPE_START
G1 X114.398 Y90.602 E-.18979
G1 X114.398 Y91.349 E-.56021
;WIPE_END
G1 X105.848 Y90.602 F18000
G1 E2.5 F6000
G1 F1200
G1 X105.848 Y91.398 E.02613
G1 X105.602 Y91.398 E.00807
G1 X105.602 Y90.602 E.02613
G1 X105.788 Y90.602 E.0061
G1 X106.044 Y90.5 F18000
M204 P2000
;TYPE:Gap infill
;WIDTH:0.230842
G1 F1200
G1 X113.956 Y90.5 E.11992
; stop printing object SG90Adapter id:3152 copy 0
;LAYER_CHANGE
;Z:19.04
;HEIGHT:0.200001
G92 E0 ; zero the extruded length again
; BEFORE_LAYER_CHANGE 94 @ 19.04mm
G1 E-1.75 F6000
;WIPE_START
G1 X112.956 Y90.5 E-.75
;WIPE_END
; AFTER_LAYER_CHANGE 94 @ 19.04mm
;_SET_FAN_SPEED_CHANGING_LAYER
; printing object SG90Adapter id:3152 copy 0
G1 X112.594 Y128.21 Z19.04 F18000
G1 E2.5 F6000
M204 P1000
;TYPE:Outer wall
;WIDTH:0.42
G1 F1200
G1 X114.79 Y128.21 E.06679
G1 X114.79 Y129.79 E.04805
G1 X105.21 Y129.79 E.29136
G1 X105.21 Y128.21 E.04805
G1 X107.406 Y128.21 E.06679
G1 X107.406 Y127.21 E.03041
G1 X108.662 Y127.21 E.0382
G1 X108.662 Y129.21 E.06083
G1 X111.338 Y129.21 E.08137
G1 X111.338 Y127.21 E.06083
G1 X112.594 Y127.21 E.0382
G1 X112.594 Y128.15 E.02859
G1 E-1.75 F6000
;WIPE_START
G1 F3600
G1 X113.594 Y128.177 E-.75
;WIPE_END
G1 X108.27 Y129.398 F18000
G1 E2.5 F6000
M204 P1500
;TYPE:Inner wall
;WIDTH:0.45
G1 F1200
G1 X105.602 Y129.398 E.0876
G1 X105.602 Y128.602 E.02613
G1 X107.798 Y128.602 E.0721
G1 X107.798 Y127.602 E.03283
G1 X108.27 Y127.602 E.0155
G1 X108.27 Y129.338 E.05699
G1 E-1.75 F6000
;WIPE_START
G1 X107.27 Y129.36 E-.75
;WIPE_END
G1 X112.202 Y128.602 F18000
G1 E2.5 F6000
G1 F1200
G1 X114.398 Y128.602 E.0721
G1 X114.398 Y129.398 E.02613
G1 X111.73 Y129.398 E.0876
G1 X111.73 Y127.602 E.05896
G1 X112.202 Y127.602 E.0155
G1 X112.202 Y128.542 E.03086
G1 E-1.75 F6000
;WIPE_START
G1 X113.201 Y128.569 E-.75
;WIPE_END
G1 X114.194 Y129 F18000
G1 E2.5 F6000
M204 P2000
;TYPE:Gap infill
;WIDTH:0.431694
G1 F1200
G1 X111.933 Y129 E.0709
G1 X112.16 Y129.194 F18000
;WIDTH:0.15649
G1 F1200
G1 X112.063 Y129 E.00199
;WIDTH:0.113611
G1 X111.966 Y128.806 E.00124
G1 X111.966 Y127.806 E.0057
G1 X111.534 Y129.5 F18000
;WIDTH:0.230842
G1 F1200
G1 X108.466 Y129.5 E.0465
G1 X108.034 Y127.806 F18000
;WIDTH:0.11361
G1 F1200
G1 X108.034 Y128.806 E.0057
G1 X107.937 Y129 E.00124
;WIDTH:0.15649
G1 X107.84 Y129.194 E.00199
G1 X108.067 Y129 F18000
;WIDTH:0.431694
G1 F1200
G1 X105.806 Y129 E.0709
G1 E-1.75 F6000
;WIPE_START
G1 X106.806 Y129 E-.75
;WIPE_END
G1 X106.24 Y90.79 F18000
G1 E2.5 F6000
M204 P1000
;TYPE:Outer wall
;WIDTH:0.42
G1 F1200
G1 X106.24 Y91.79 E.03041
G1 X105.21 Y91.79 E.03133
G1 X105.21 Y90.21 E.04805
G1 X114.79 Y90.21 E.29136
G1 X114.79 Y91.79 E.04805
G1 X113.76 Y91.79 E.03133
G1 X113.76 Y90.79 E.03041
G1 X106.3 Y90.79 E.22689
G1 E-1.75 F6000
;WIPE_START
G1 F3600
G1 X106.24 Y91.788 E-.75
;WIPE_END
G1 X114.152 Y90.602 F18000
G1 E2.5 F6000
M204 P1500
;TYPE:Inner wall
;WIDTH:0.45
G1 F1200
G1 X114.398 Y90.602 E.00807
G1 X114.398 Y91.398 E.02613
G1 X114.152 Y91.398 E.00807
G1 X114.152 Y90.662 E.02416
G1 E-1.75 F6000
;WIPE_START
G1 X114.398 Y90.602 E-.18979
G1 X114.398 Y91.349 E-.56021
;WIPE_END
G1 X105.848 Y90.602 F18000
G1 E2.5 F6000
G1 F1200
G1 X105.848 Y91.398 E.02613
G1 X105.602 Y91.398 E.00807
G1 X105.602 Y90.602 E.02613
G1 X105.788 Y90.602 E.0061
G1 X106.044 Y90.5 F18000
M204 P2000
;TYPE:Gap infill
;WIDTH:0.230842
G1 F1200
G1 X113.956 Y90.5 E.11992
; stop printing object SG90Adapter id:3152 copy 0
;LAYER_CHANGE
;Z:19.24
;HEIGHT:0.199999
G92 E0 ; zero the extruded length again
; BEFORE_LAYER_CHANGE 95 @ 19.24mm
G1 E-1.75 F6000
;WIPE_START
G1 X112.956 Y90.5 E-.75
;WIPE_END
; AFTER_LAYER_CHANGE 95 @ 19.24mm
;_SET_FAN_SPEED_CHANGING_LAYER
; printing object SG90Adapter id:3152 copy 0
G1 X112.661 Y128.21 Z19.24 F18000
G1 E2.5 F6000
M204 P1000
;TYPE:Outer wall
;WIDTH:0.42
G1 F1200
G1 X114.79 Y128.21 E.06474
G1 X114.79 Y129.79 E.04805
G1 X105.21 Y129.79 E.29136
G1 X105.21 Y128.21 E.04805
G1 X107.339 Y128.21 E.06474
G1 X107.339 Y127.21 E.03041
G1 X108.501 Y127.21 E.03535
G1 X108.501 Y129.21 E.06083
G1 X111.499 Y129.21 E.09117
G1 X111.499 Y127.21 E.06083
G1 X112.661 Y127.21 E.03535
G1 X112.661 Y128.15 E.02859
G1 E-1.75 F6000
;WIPE_START
G1 F3600
G1 X113.661 Y128.178 E-.75
;WIPE_END
G1 X108.109 Y129.398 F18000
G1 E2.5 F6000
M204 P1500
;TYPE:Inner wall
;WIDTH:0.45
G1 F1200
G1 X105.602 Y129.398 E.08231
G1 X105.602 Y128.602 E.02613
G1 X107.731 Y128.602 E.06989
G1 X107.731 Y127.602 E.03283
G1 X108.109 Y127.602 E.01242
G1 X108.109 Y129.338 E.05699
G1 E-1.75 F6000
;WIPE_START
G1 X107.109 Y129.362 E-.75
;WIPE_END
G1 X112.269 Y128.602 F18000
G1 E2.5 F6000
G1 F1200
G1 X114.398 Y128.602 E.06989
G1 X114.398 Y129.398 E.02613
G1 X111.891 Y129.398 E.08231
G1 X111.891 Y127.602 E.05896
G1 X112.269 Y127.602 E.01242
G1 X112.269 Y128.542 E.03086
G1 E-1.75 F6000
;WIPE_START
G1 X113.269 Y128.57 E-.75
;WIPE_END
G1 X114.194 Y129 F18000
G1 E2.5 F6000
M204 P2000
;TYPE:Gap infill
;WIDTH:0.431694
G1 F1200
G1 X112.094 Y129 E.06585
G1 X111.695 Y129.5 F18000
;WIDTH:0.230842
G1 F1200
G1 X108.305 Y129.5 E.05138
G1 X107.906 Y129 F18000
;WIDTH:0.431694
G1 F1200
G1 X105.806 Y129 E.06585
G1 E-1.75 F6000
;WIPE_START
G1 X106.806 Y129 E-.75
;WIPE_END
G1 X113.76 Y90.79 F18000
G1 E2.5 F6000
M204 P1000
;TYPE:Outer wall
;WIDTH:0.42
G1 F1200
G1 X110.717 Y90.79 E.09253
G1 X110.717 Y90.21 E.01764
G1 X114.79 Y90.21 E.12386
G1 X114.79 Y91.79 E.04805
G1 X113.76 Y91.79 E.03133
G1 X113.76 Y90.85 E.02859
G1 X114.152 Y90.602 F18000
M204 P1500
;TYPE:Inner wall
;WIDTH:0.45
G1 F1200
G1 X114.398 Y90.602 E.00807
G1 X114.398 Y91.398 E.02613
G1 X114.152 Y91.398 E.00807
G1 X114.152 Y90.662 E.02416
G1 X113.956 Y90.5 F18000
M204 P2000
;TYPE:Gap infill
;WIDTH:0.230842
G1 F1200
G1 X110.914 Y90.5 E.04612
G1 E-1.75 F6000
;WIPE_START
G1 X111.914 Y90.5 E-.75
;WIPE_END
G1 X106.24 Y90.79 F18000
G1 E2.5 F6000
M204 P1000
;TYPE:Outer wall
;WIDTH:0.42
G1 F1200
G1 X106.24 Y91.79 E.03041
G1 X105.21 Y91.79 E.03133
G1 X105.21 Y90.21 E.04805
G1 X109.283 Y90.21 E.12386
G1 X109.283 Y90.79 E.01764
G1 X106.3 Y90.79 E.09071
G1 X105.848 Y90.602 F18000
M204 P1500
;TYPE:Inner wall
;WIDTH:0.45
G1 F1200
G1 X105.848 Y91.398 E.02613
G1 X105.602 Y91.398 E.00807
G1 X105.602 Y90.602 E.02613
G1 X105.788 Y90.602 E.0061
G1 X106.044 Y90.5 F18000
M204 P2000
;TYPE:Gap infill
;WIDTH:0.230842
G1 F1200
G1 X109.086 Y90.5 E.04612
; stop printing object SG90Adapter id:3152 copy 0
;LAYER_CHANGE
;Z:19.44
;HEIGHT:0.200001
G92 E0 ; zero the extruded length again
; BEFORE_LAYER_CHANGE 96 @ 19.44mm
G1 E-1.75 F6000
;WIPE_START
G1 X108.086 Y90.5 E-.75
;WIPE_END
; AFTER_LAYER_CHANGE 96 @ 19.44mm
;_SET_FAN_SPEED_CHANGING_LAYER
; printing object SG90Adapter id:3152 copy 0
G1 X112.712 Y128.21 Z19.44 F18000
G1 E2.5 F6000
M204 P1000
;TYPE:Outer wall
;WIDTH:0.42
G1 F1200
G1 X114.79 Y128.21 E.0632
G1 X114.79 Y129.79 E.04805
G1 X105.21 Y129.79 E.29136
G1 X105.21 Y128.21 E.04805
G1 X107.288 Y128.21 E.0632
G1 X107.288 Y127.21 E.03041
G1 X108.39 Y127.21 E.03352
G1 X108.39 Y129.21 E.06083
G1 X111.61 Y129.21 E.09793
G1 X111.61 Y127.21 E.06083
G1 X112.712 Y127.21 E.03352
G1 X112.712 Y128.15 E.02859
G1 E-1.75 F6000
;WIPE_START
G1 F3600
G1 X113.712 Y128.179 E-.75
;WIPE_END
G1 X107.998 Y129.398 F18000
G1 E2.5 F6000
M204 P1500
;TYPE:Inner wall
;WIDTH:0.45
G1 F1200
G1 X105.602 Y129.398 E.07866
G1 X105.602 Y128.602 E.02613
G1 X107.68 Y128.602 E.06823
G1 X107.68 Y127.602 E.03283
G1 X107.998 Y127.602 E.01044
G1 X107.998 Y129.338 E.05699
G1 E-1.75 F6000
;WIPE_START
G1 X106.998 Y129.363 E-.75
;WIPE_END
G1 X112.32 Y128.602 F18000
G1 E2.5 F6000
G1 F1200
G1 X114.398 Y128.602 E.06823
G1 X114.398 Y129.398 E.02613
G1 X112.002 Y129.398 E.07866
G1 X112.002 Y127.602 E.05896
G1 X112.32 Y127.602 E.01044
G1 X112.32 Y128.542 E.03086
G1 E-1.75 F6000
;WIPE_START
G1 X113.32 Y128.571 E-.75
;WIPE_END
G1 X114.194 Y129 F18000
G1 E2.5 F6000
M204 P2000
;TYPE:Gap infill
;WIDTH:0.431694
G1 F1200
G1 X112.206 Y129 E.06236
G1 X111.806 Y129.5 F18000
;WIDTH:0.230842
G1 F1200
G1 X108.194 Y129.5 E.05475
G1 X107.794 Y129 F18000
;WIDTH:0.431694
G1 F1200
G1 X105.806 Y129 E.06236
G1 E-1.75 F6000
;WIPE_START
G1 X106.806 Y129 E-.75
;WIPE_END
G1 X113.76 Y90.79 F18000
G1 E2.5 F6000
M204 P1000
;TYPE:Outer wall
;WIDTH:0.42
G1 F1200
G1 X110.96 Y90.79 E.08517
G1 X110.96 Y90.21 E.01764
G1 X114.79 Y90.21 E.1165
G1 X114.79 Y91.79 E.04805
G1 X113.76 Y91.79 E.03133
G1 X113.76 Y90.85 E.02859
G1 X114.152 Y90.602 F18000
M204 P1500
;TYPE:Inner wall
;WIDTH:0.45
G1 F1200
G1 X114.398 Y90.602 E.00807
G1 X114.398 Y91.398 E.02613
G1 X114.152 Y91.398 E.00807
G1 X114.152 Y90.662 E.02416
G1 X113.956 Y90.5 F18000
M204 P2000
;TYPE:Gap infill
;WIDTH:0.230842
G1 F1200
G1 X111.156 Y90.5 E.04245
G1 E-1.75 F6000
;WIPE_START
G1 X112.156 Y90.5 E-.75
;WIPE_END
G1 X106.24 Y90.79 F18000
G1 E2.5 F6000
M204 P1000
;TYPE:Outer wall
;WIDTH:0.42
G1 F1200
G1 X106.24 Y91.79 E.03041
G1 X105.21 Y91.79 E.03133
G1 X105.21 Y90.21 E.04805
G1 X109.04 Y90.21 E.1165
G1 X109.04 Y90.79 E.01764
G1 X106.3 Y90.79 E.08335
G1 X105.848 Y90.602 F18000
M204 P1500
;TYPE:Inner wall
;WIDTH:0.45
G1 F1200
G1 X105.848 Y91.398 E.02613
G1 X105.602 Y91.398 E.00807
G1 X105.602 Y90.602 E.02613
G1 X105.788 Y90.602 E.0061
G1 X106.044 Y90.5 F18000
M204 P2000
;TYPE:Gap infill
;WIDTH:0.230842
G1 F1200
G1 X108.844 Y90.5 E.04245
; stop printing object SG90Adapter id:3152 copy 0
;LAYER_CHANGE
;Z:19.64
;HEIGHT:0.199999
G92 E0 ; zero the extruded length again
; BEFORE_LAYER_CHANGE 97 @ 19.64mm
G1 E-1.75 F6000
;WIPE_START
G1 X107.844 Y90.5 E-.75
;WIPE_END
; AFTER_LAYER_CHANGE 97 @ 19.64mm
;_SET_FAN_SPEED_CHANGING_LAYER
; printing object SG90Adapter id:3152 copy 0
G1 X112.753 Y128.21 Z19.64 F18000
G1 E2.5 F6000
M204 P1000
;TYPE:Outer wall
;WIDTH:0.42
G1 F1200
G1 X114.79 Y128.21 E.06195
G1 X114.79 Y129.79 E.04805
G1 X105.21 Y129.79 E.29136
G1 X105.21 Y128.21 E.04805
G1 X107.247 Y128.21 E.06195
G1 X107.247 Y127.21 E.03041
G1 X108.312 Y127.21 E.03239
G1 X108.312 Y129.21 E.06083
G1 X111.688 Y129.21 E.10269
G1 X111.688 Y127.21 E.06083
G1 X112.753 Y127.21 E.03239
G1 X112.753 Y128.15 E.02859
G1 E-1.75 F6000
;WIPE_START
G1 F3600
G1 X113.753 Y128.179 E-.75
;WIPE_END
G1 X107.92 Y129.398 F18000
G1 E2.5 F6000
M204 P1500
;TYPE:Inner wall
;WIDTH:0.45
G1 F1200
G1 X105.602 Y129.398 E.0761
G1 X105.602 Y128.602 E.02613
G1 X107.639 Y128.602 E.06687
G1 X107.639 Y127.602 E.03283
G1 X107.92 Y127.602 E.00922
G1 X107.92 Y129.338 E.05699
G1 E-1.75 F6000
;WIPE_START
G1 X106.92 Y129.364 E-.75
;WIPE_END
G1 X112.361 Y128.602 F18000
G1 E2.5 F6000
G1 F1200
G1 X114.398 Y128.602 E.06687
G1 X114.398 Y129.398 E.02613
G1 X112.08 Y129.398 E.0761
G1 X112.08 Y127.602 E.05896
G1 X112.361 Y127.602 E.00922
G1 X112.361 Y128.542 E.03086
G1 E-1.75 F6000
;WIPE_START
G1 X113.361 Y128.572 E-.75
;WIPE_END
G1 X114.194 Y129 F18000
G1 E2.5 F6000
M204 P2000
;TYPE:Gap infill
;WIDTH:0.431694
G1 F1200
G1 X112.284 Y129 E.05991
G1 X111.884 Y129.5 F18000
;WIDTH:0.230842
G1 F1200
G1 X108.116 Y129.5 E.05712
G1 X107.716 Y129 F18000
;WIDTH:0.431694
G1 F1200
G1 X105.806 Y129 E.05991
G1 E-1.75 F6000
;WIPE_START
G1 X106.806 Y129 E-.75
;WIPE_END
G1 X113.76 Y90.79 F18000
G1 E2.5 F6000
M204 P1000
;TYPE:Outer wall
;WIDTH:0.42
G1 F1200
G1 X111.096 Y90.79 E.08101
G1 X111.096 Y90.21 E.01764
G1 X114.79 Y90.21 E.11234
G1 X114.79 Y91.79 E.04805
G1 X113.76 Y91.79 E.03133
G1 X113.76 Y90.85 E.02859
G1 X114.152 Y90.602 F18000
M204 P1500
;TYPE:Inner wall
;WIDTH:0.45
G1 F1200
G1 X114.398 Y90.602 E.00807
G1 X114.398 Y91.398 E.02613
G1 X114.152 Y91.398 E.00807
G1 X114.152 Y90.662 E.02416
G1 X113.956 Y90.5 F18000
M204 P2000
;TYPE:Gap infill
;WIDTH:0.230842
G1 F1200
G1 X111.292 Y90.5 E.04037
G1 E-1.75 F6000
;WIPE_START
G1 X112.292 Y90.5 E-.75
;WIPE_END
G1 X106.24 Y90.79 F18000
G1 E2.5 F6000
M204 P1000
;TYPE:Outer wall
;WIDTH:0.42
G1 F1200
G1 X106.24 Y91.79 E.03041
G1 X105.21 Y91.79 E.03133
G1 X105.21 Y90.21 E.04805
G1 X108.904 Y90.21 E.11234
G1 X108.904 Y90.79 E.01764
G1 X106.3 Y90.79 E.07919
G1 X105.848 Y90.602 F18000
M204 P1500
;TYPE:Inner wall
;WIDTH:0.45
G1 F1200
G1 X105.848 Y91.398 E.02613
G1 X105.602 Y91.398 E.00807
G1 X105.602 Y90.602 E.02613
G1 X105.788 Y90.602 E.0061
G1 X106.044 Y90.5 F18000
M204 P2000
;TYPE:Gap infill
;WIDTH:0.230842
G1 F1200
G1 X108.708 Y90.5 E.04037
; stop printing object SG90Adapter id:3152 copy 0
;LAYER_CHANGE
;Z:19.84
;HEIGHT:0.200001
G92 E0 ; zero the extruded length again
; BEFORE_LAYER_CHANGE 98 @ 19.84mm
G1 E-1.75 F6000
;WIPE_START
G1 X107.708 Y90.5 E-.75
;WIPE_END
; AFTER_LAYER_CHANGE 98 @ 19.84mm
;_SET_FAN_SPEED_CHANGING_LAYER
; printing object SG90Adapter id:3152 copy 0
G1 X112.775 Y128.21 Z19.84 F18000
G1 E2.5 F6000
M204 P1000
;TYPE:Outer wall
;WIDTH:0.42
G1 F1200
G1 X114.79 Y128.21 E.06128
G1 X114.79 Y129.79 E.04805
G1 X105.21 Y129.79 E.29136
G1 X105.21 Y128.21 E.04805
G1 X107.225 Y128.21 E.06128
G1 X107.225 Y127.21 E.03041
G1 X108.262 Y127.21 E.03155
G1 X108.262 Y129.21 E.06083
G1 X111.738 Y129.21 E.10569
G1 X111.738 Y127.21 E.06083
G1 X112.775 Y127.21 E.03155
G1 X112.775 Y128.15 E.02859
G1 E-1.75 F6000
;WIPE_START
G1 F3600
G1 X113.775 Y128.18 E-.75
;WIPE_END
G1 X107.87 Y129.398 F18000
G1 E2.5 F6000
M204 P1500
;TYPE:Inner wall
;WIDTH:0.45
G1 F1200
G1 X105.602 Y129.398 E.07448
G1 X105.602 Y128.602 E.02613
G1 X107.617 Y128.602 E.06616
G1 X107.617 Y127.602 E.03283
G1 X107.87 Y127.602 E.00832
G1 X107.87 Y129.338 E.05699
G1 E-1.75 F6000
;WIPE_START
G1 X106.871 Y129.364 E-.75
;WIPE_END
G1 X112.383 Y128.602 F18000
G1 E2.5 F6000
G1 F1200
G1 X114.398 Y128.602 E.06616
G1 X114.398 Y129.398 E.02613
G1 X112.13 Y129.398 E.07448
G1 X112.13 Y127.602 E.05896
G1 X112.383 Y127.602 E.00832
G1 X112.383 Y128.542 E.03086
G1 E-1.75 F6000
;WIPE_START
G1 X113.382 Y128.572 E-.75
;WIPE_END
G1 X114.194 Y129 F18000
G1 E2.5 F6000
M204 P2000
;TYPE:Gap infill
;WIDTH:0.431694
G1 F1200
G1 X112.333 Y129 E.05836
G1 X111.934 Y129.5 F18000
;WIDTH:0.230842
G1 F1200
G1 X108.066 Y129.5 E.05861
G1 X107.667 Y129 F18000
;WIDTH:0.431694
G1 F1200
G1 X105.806 Y129 E.05836
G1 E-1.75 F6000
;WIPE_START
G1 X106.806 Y129 E-.75
;WIPE_END
G1 X113.76 Y90.79 F18000
G1 E2.5 F6000
M204 P1000
;TYPE:Outer wall
;WIDTH:0.42
G1 F1200
G1 X111.174 Y90.79 E.07865
G1 X111.174 Y90.21 E.01764
G1 X114.79 Y90.21 E.10997
G1 X114.79 Y91.79 E.04805
G1 X113.76 Y91.79 E.03133
G1 X113.76 Y90.85 E.02859
G1 X114.152 Y90.602 F18000
M204 P1500
;TYPE:Inner wall
;WIDTH:0.45
G1 F1200
G1 X114.398 Y90.602 E.00807
G1 X114.398 Y91.398 E.02613
G1 X114.152 Y91.398 E.00807
G1 X114.152 Y90.662 E.02416
G1 X113.956 Y90.5 F18000
M204 P2000
;TYPE:Gap infill
;WIDTH:0.230842
G1 F1200
G1 X111.37 Y90.5 E.03919
G1 E-1.75 F6000
;WIPE_START
G1 X112.37 Y90.5 E-.75
;WIPE_END
G1 X106.24 Y90.79 F18000
G1 E2.5 F6000
M204 P1000
;TYPE:Outer wall
;WIDTH:0.42
G1 F1200
G1 X106.24 Y91.79 E.03041
G1 X105.21 Y91.79 E.03133
G1 X105.21 Y90.21 E.04805
G1 X108.826 Y90.21 E.10997
G1 X108.826 Y90.79 E.01764
G1 X106.3 Y90.79 E.07682
G1 X105.848 Y90.602 F18000
M204 P1500
;TYPE:Inner wall
;WIDTH:0.45
G1 F1200
G1 X105.848 Y91.398 E.02613
G1 X105.602 Y91.398 E.00807
G1 X105.602 Y90.602 E.02613
G1 X105.788 Y90.602 E.0061
G1 X106.044 Y90.5 F18000
M204 P2000
;TYPE:Gap infill
;WIDTH:0.230842
G1 F1200
G1 X108.63 Y90.5 E.03919
; stop printing object SG90Adapter id:3152 copy 0
;LAYER_CHANGE
;Z:20.04
;HEIGHT:0.200001
G92 E0 ; zero the extruded length again
; BEFORE_LAYER_CHANGE 99 @ 20.04mm
G1 E-1.75 F6000
;WIPE_START
G1 X107.63 Y90.5 E-.75
;WIPE_END
; AFTER_LAYER_CHANGE 99 @ 20.04mm
;_SET_FAN_SPEED_CHANGING_LAYER
; printing object SG90Adapter id:3152 copy 0
G1 X112.786 Y128.21 Z20.04 F18000
G1 E2.5 F6000
M204 P1000
;TYPE:Outer wall
;WIDTH:0.42
G1 F1200
G1 X114.79 Y128.21 E.06096
G1 X114.79 Y129.79 E.04805
G1 X105.21 Y129.79 E.29136
G1 X105.21 Y128.21 E.04805
G1 X107.214 Y128.21 E.06096
G1 X107.214 Y127.21 E.03041
G1 X108.242 Y127.21 E.03126
G1 X108.242 Y129.21 E.06083
G1 X111.758 Y129.21 E.10692
G1 X111.758 Y127.21 E.06083
G1 X112.786 Y127.21 E.03126
G1 X112.786 Y128.15 E.02859
G1 X112.394 Y128.602 F18000
M204 P1500
;TYPE:Inner wall
;WIDTH:0.45
G1 F1200
G1 X114.398 Y128.602 E.06581
G1 X114.398 Y129.398 E.02613
G1 X112.15 Y129.398 E.07381
G1 X112.15 Y128.602 E.02613
G1 X112.334 Y128.602 E.00603
G1 E-1.75 F6000
;WIPE_START
G1 X113.334 Y128.602 E-.75
;WIPE_END
G1 X107.835 Y129.398 F18000
G1 E2.5 F6000
G1 F1200
G1 X105.602 Y129.398 E.0733
G1 X105.602 Y128.602 E.02613
G1 X107.85 Y128.602 E.07381
G1 X107.85 Y129.353 E.02467
G1 E-1.75 F6000
;WIPE_START
G1 X106.85 Y129.373 E-.75
;WIPE_END
G1 X107.647 Y129 F18000
G1 E2.5 F6000
M204 P2000
;TYPE:Gap infill
;WIDTH:0.431694
G1 F1200
G1 X105.806 Y129 E.05773
G1 X108.046 Y129.5 F18000
;WIDTH:0.230842
G1 F1200
G1 X111.954 Y129.5 E.05923
G1 X112.353 Y129 F18000
;WIDTH:0.431694
G1 F1200
G1 X114.194 Y129 E.05773
G1 E-1.75 F6000
;WIPE_START
G1 X113.194 Y129 E-.75
;WIPE_END
G1 X113.76 Y90.79 F18000
G1 E2.5 F6000
M204 P1000
;TYPE:Outer wall
;WIDTH:0.42
G1 F1200
G1 X111.207 Y90.79 E.07765
G1 X111.207 Y90.21 E.01764
G1 X114.79 Y90.21 E.10898
G1 X114.79 Y91.79 E.04805
G1 X113.76 Y91.79 E.03133
G1 X113.76 Y90.85 E.02859
G1 X114.152 Y90.602 F18000
M204 P1500
;TYPE:Inner wall
;WIDTH:0.45
G1 F1200
G1 X114.398 Y90.602 E.00807
G1 X114.398 Y91.398 E.02613
G1 X114.152 Y91.398 E.00807
G1 X114.152 Y90.662 E.02416
G1 X113.956 Y90.5 F18000
M204 P2000
;TYPE:Gap infill
;WIDTH:0.230842
G1 F1200
G1 X111.403 Y90.5 E.0387
G1 E-1.75 F6000
;WIPE_START
G1 X112.403 Y90.5 E-.75
;WIPE_END
G1 X106.24 Y90.79 F18000
G1 E2.5 F6000
M204 P1000
;TYPE:Outer wall
;WIDTH:0.42
G1 F1200
G1 X106.24 Y91.79 E.03041
G1 X105.21 Y91.79 E.03133
G1 X105.21 Y90.21 E.04805
G1 X108.793 Y90.21 E.10898
G1 X108.793 Y90.79 E.01764
G1 X106.3 Y90.79 E.07583
G1 X105.848 Y90.602 F18000
M204 P1500
;TYPE:Inner wall
;WIDTH:0.45
G1 F1200
G1 X105.848 Y91.398 E.02613
G1 X105.602 Y91.398 E.00807
G1 X105.602 Y90.602 E.02613
G1 X105.788 Y90.602 E.0061
G1 X106.044 Y90.5 F18000
M204 P2000
;TYPE:Gap infill
;WIDTH:0.230842
G1 F1200
G1 X108.597 Y90.5 E.0387
; stop printing object SG90Adapter id:3152 copy 0
;LAYER_CHANGE
;Z:20.24
;HEIGHT:0.199999
G92 E0 ; zero the extruded length again
; BEFORE_LAYER_CHANGE 100 @ 20.24mm
G1 E-1.75 F6000
;WIPE_START
G1 X107.597 Y90.5 E-.75
;WIPE_END
; AFTER_LAYER_CHANGE 100 @ 20.24mm
;_SET_FAN_SPEED_CHANGING_LAYER
; printing object SG90Adapter id:3152 copy 0
G1 X112.786 Y128.21 Z20.24 F18000
G1 E2.5 F6000
M204 P1000
;TYPE:Outer wall
;WIDTH:0.42
G1 F1200
G1 X114.781 Y128.21 E.06069
G1 X114.781 Y129.79 E.04805
G1 X105.219 Y129.79 E.29083
G1 X105.219 Y128.21 E.04805
G1 X107.214 Y128.21 E.06069
G1 X107.214 Y127.21 E.03041
G1 X108.248 Y127.21 E.03145
G1 X108.248 Y129.21 E.06083
G1 X111.752 Y129.21 E.10655
G1 X111.752 Y127.21 E.06083
G1 X112.786 Y127.21 E.03145
G1 X112.786 Y128.15 E.02859
G1 E-1.75 F6000
;WIPE_START
G1 F3600
G1 X113.785 Y128.18 E-.75
;WIPE_END
G1 X107.856 Y129.398 F18000
G1 E2.5 F6000
M204 P1500
;TYPE:Inner wall
;WIDTH:0.45
G1 F1200
G1 X105.611 Y129.398 E.07373
G1 X105.611 Y128.602 E.02613
G1 X107.606 Y128.602 E.06552
G1 X107.606 Y127.602 E.03283
G1 X107.856 Y127.602 E.0082
G1 X107.856 Y129.338 E.05699
G1 E-1.75 F6000
;WIPE_START
G1 X106.857 Y129.365 E-.75
;WIPE_END
G1 X112.394 Y128.602 F18000
G1 E2.5 F6000
G1 F1200
G1 X114.389 Y128.602 E.06552
G1 X114.389 Y129.398 E.02613
G1 X112.144 Y129.398 E.07373
G1 X112.144 Y127.602 E.05896
G1 X112.394 Y127.602 E.0082
G1 X112.394 Y128.542 E.03086
G1 E-1.75 F6000
;WIPE_START
G1 X113.393 Y128.572 E-.75
;WIPE_END
G1 X114.186 Y129 F18000
G1 E2.5 F6000
M204 P2000
;TYPE:Gap infill
;WIDTH:0.431694
G1 F1200
G1 X112.347 Y129 E.05765
G1 X111.948 Y129.5 F18000
;WIDTH:0.230842
G1 F1200
G1 X108.052 Y129.5 E.05904
G1 X107.653 Y129 F18000
;WIDTH:0.431694
G1 F1200
G1 X105.814 Y129 E.05765
G1 E-1.75 F6000
;WIPE_START
G1 X106.814 Y129 E-.75
;WIPE_END
G1 X113.752 Y90.79 F18000
G1 E2.5 F6000
M204 P1000
;TYPE:Outer wall
;WIDTH:0.42
G1 F1200
G1 X111.199 Y90.79 E.07766
G1 X111.199 Y90.21 E.01764
G1 X114.782 Y90.21 E.10899
G1 X114.782 Y91.79 E.04805
G1 X113.752 Y91.79 E.03133
G1 X113.752 Y90.85 E.02859
G1 X114.144 Y90.602 F18000
M204 P1500
;TYPE:Inner wall
;WIDTH:0.45
G1 F1200
G1 X114.39 Y90.602 E.00807
G1 X114.39 Y91.398 E.02613
G1 X114.144 Y91.398 E.00807
G1 X114.144 Y90.662 E.02416
G1 X113.948 Y90.5 F18000
M204 P2000
;TYPE:Gap infill
;WIDTH:0.230842
G1 F1200
G1 X111.395 Y90.5 E.0387
G1 E-1.75 F6000
;WIPE_START
G1 X112.395 Y90.5 E-.75
;WIPE_END
G1 X106.248 Y90.79 F18000
G1 E2.5 F6000
M204 P1000
;TYPE:Outer wall
;WIDTH:0.42
G1 F1200
G1 X106.248 Y91.79 E.03041
G1 X105.218 Y91.79 E.03133
G1 X105.218 Y90.21 E.04805
G1 X108.801 Y90.21 E.10899
G1 X108.801 Y90.79 E.01764
G1 X106.308 Y90.79 E.07584
G1 X105.856 Y90.602 F18000
M204 P1500
;TYPE:Inner wall
;WIDTH:0.45
G1 F1200
G1 X105.856 Y91.398 E.02613
G1 X105.61 Y91.398 E.00807
G1 X105.61 Y90.602 E.02613
G1 X105.796 Y90.602 E.0061
G1 X106.052 Y90.5 F18000
M204 P2000
;TYPE:Gap infill
;WIDTH:0.230842
G1 F1200
G1 X108.605 Y90.5 E.0387
; stop printing object SG90Adapter id:3152 copy 0
;LAYER_CHANGE
;Z:20.44
;HEIGHT:0.200001
G92 E0 ; zero the extruded length again
; BEFORE_LAYER_CHANGE 101 @ 20.44mm
G1 E-1.75 F6000
;WIPE_START
G1 X107.605 Y90.5 E-.75
;WIPE_END
; AFTER_LAYER_CHANGE 101 @ 20.44mm
;_SET_FAN_SPEED_CHANGING_LAYER
; printing object SG90Adapter id:3152 copy 0
G1 X111.72 Y129.21 Z20.44 F18000
G1 E2.5 F6000
M204 P1000
;TYPE:Outer wall
;WIDTH:0.42
G1 F1200
G1 X111.72 Y127.21 E.06083
G1 X112.766 Y127.21 E.03182
G1 X112.766 Y128.21 E.03041
G1 X114.769 Y128.21 E.0609
G1 X114.769 Y129.79 E.04805
G1 X105.231 Y129.79 E.29007
G1 X105.231 Y128.21 E.04805
G1 X107.234 Y128.21 E.0609
G1 X107.234 Y127.21 E.03041
G1 X108.28 Y127.21 E.03182
G1 X108.28 Y129.21 E.06083
G1 X111.66 Y129.21 E.10279
G1 E-1.75 F6000
;WIPE_START
G1 F3600
G1 X111.69 Y128.21 E-.75
;WIPE_END
G1 X107.888 Y129.398 F18000
G1 E2.5 F6000
M204 P1500
;TYPE:Inner wall
;WIDTH:0.45
G1 F1200
G1 X105.623 Y129.398 E.07435
G1 X105.623 Y128.602 E.02613
G1 X107.626 Y128.602 E.06574
G1 X107.626 Y127.602 E.03283
G1 X107.888 Y127.602 E.00861
G1 X107.888 Y129.338 E.05699
G1 E-1.75 F6000
;WIPE_START
G1 X106.888 Y129.364 E-.75
;WIPE_END
G1 X112.112 Y129.398 F18000
G1 E2.5 F6000
G1 F1200
G1 X112.112 Y127.602 E.05896
G1 X112.374 Y127.602 E.00861
G1 X112.374 Y128.602 E.03283
G1 X114.377 Y128.602 E.06574
G1 X114.377 Y129.398 E.02613
G1 X112.172 Y129.398 E.07238
G1 E-1.75 F6000
;WIPE_START
G1 X112.139 Y128.398 E-.75
;WIPE_END
G1 X112.316 Y129 F18000
G1 E2.5 F6000
M204 P2000
;TYPE:Gap infill
;WIDTH:0.431694
G1 F1200
G1 X114.173 Y129 E.05825
G1 X111.916 Y129.5 F18000
;WIDTH:0.230842
G1 F1200
G1 X108.084 Y129.5 E.05808
G1 X107.684 Y129 F18000
;WIDTH:0.431694
G1 F1200
G1 X105.827 Y129 E.05825
G1 E-1.75 F6000
;WIPE_START
G1 X106.827 Y129 E-.75
;WIPE_END
G1 X113.742 Y90.79 F18000
G1 E2.5 F6000
M204 P1000
;TYPE:Outer wall
;WIDTH:0.42
G1 F1200
G1 X111.149 Y90.79 E.07884
G1 X111.149 Y90.21 E.01764
G1 X114.772 Y90.21 E.11016
G1 X114.772 Y91.79 E.04805
G1 X113.742 Y91.79 E.03133
G1 X113.742 Y90.85 E.02859
G1 X114.134 Y90.602 F18000
M204 P1500
;TYPE:Inner wall
;WIDTH:0.45
G1 F1200
G1 X114.379 Y90.602 E.00807
G1 X114.379 Y91.398 E.02613
G1 X114.134 Y91.398 E.00807
G1 X114.134 Y90.662 E.02416
G1 X113.938 Y90.5 F18000
M204 P2000
;TYPE:Gap infill
;WIDTH:0.230842
G1 F1200
G1 X111.345 Y90.5 E.03929
G1 E-1.75 F6000
;WIPE_START
G1 X112.345 Y90.5 E-.75
;WIPE_END
G1 X106.258 Y90.79 F18000
G1 E2.5 F6000
M204 P1000
;TYPE:Outer wall
;WIDTH:0.42
G1 F1200
G1 X106.258 Y91.79 E.03041
G1 X105.228 Y91.79 E.03133
G1 X105.228 Y90.21 E.04805
G1 X108.851 Y90.21 E.11016
G1 X108.851 Y90.79 E.01764
G1 X106.318 Y90.79 E.07701
G1 X105.866 Y90.602 F18000
M204 P1500
;TYPE:Inner wall
;WIDTH:0.45
G1 F1200
G1 X105.866 Y91.398 E.02613
G1 X105.621 Y91.398 E.00807
G1 X105.621 Y90.602 E.02613
G1 X105.806 Y90.602 E.0061
G1 X106.062 Y90.5 F18000
M204 P2000
;TYPE:Gap infill
;WIDTH:0.230842
G1 F1200
G1 X108.655 Y90.5 E.03929
; stop printing object SG90Adapter id:3152 copy 0
;LAYER_CHANGE
;Z:20.64
;HEIGHT:0.199999
G92 E0 ; zero the extruded length again
; BEFORE_LAYER_CHANGE 102 @ 20.64mm
G1 E-1.75 F6000
;WIPE_START
G1 X107.655 Y90.5 E-.75
;WIPE_END
; AFTER_LAYER_CHANGE 102 @ 20.64mm
;_SET_FAN_SPEED_CHANGING_LAYER
; printing object SG90Adapter id:3152 copy 0
G1 X111.661 Y129.21 Z20.64 F18000
G1 E2.5 F6000
M204 P1000
;TYPE:Outer wall
;WIDTH:0.42
G1 F1200
G1 X111.661 Y127.21 E.06083
G1 X112.738 Y127.21 E.03276
G1 X112.738 Y128.21 E.03041
G1 X114.756 Y128.21 E.06136
G1 X114.756 Y129.79 E.04805
G1 X105.244 Y129.79 E.28928
G1 X105.244 Y128.21 E.04805
G1 X107.262 Y128.21 E.06136
G1 X107.262 Y127.21 E.03041
G1 X108.339 Y127.21 E.03276
G1 X108.339 Y129.21 E.06083
G1 X111.601 Y129.21 E.09923
G1 E-1.75 F6000
;WIPE_START
G1 F3600
G1 X111.631 Y128.21 E-.75
;WIPE_END
G1 X107.947 Y129.398 F18000
G1 E2.5 F6000
M204 P1500
;TYPE:Inner wall
;WIDTH:0.45
G1 F1200
G1 X105.636 Y129.398 E.07586
G1 X105.636 Y128.602 E.02613
G1 X107.654 Y128.602 E.06624
G1 X107.654 Y127.602 E.03283
G1 X107.947 Y127.602 E.00962
G1 X107.947 Y129.338 E.05699
G1 E-1.75 F6000
;WIPE_START
G1 X106.947 Y129.364 E-.75
;WIPE_END
G1 X112.053 Y129.398 F18000
G1 E2.5 F6000
G1 F1200
G1 X112.053 Y127.602 E.05896
G1 X112.346 Y127.602 E.00962
G1 X112.346 Y128.602 E.03283
G1 X114.364 Y128.602 E.06624
G1 X114.364 Y129.398 E.02613
G1 X112.113 Y129.398 E.07389
G1 E-1.75 F6000
;WIPE_START
G1 X112.08 Y128.398 E-.75
;WIPE_END
G1 X112.257 Y129 F18000
G1 E2.5 F6000
M204 P2000
;TYPE:Gap infill
;WIDTH:0.431694
G1 F1200
G1 X114.16 Y129 E.05968
G1 X111.857 Y129.5 F18000
;WIDTH:0.230842
G1 F1200
G1 X108.143 Y129.5 E.0563
G1 X107.743 Y129 F18000
;WIDTH:0.431694
G1 F1200
G1 X105.84 Y129 E.05968
G1 E-1.75 F6000
;WIPE_START
G1 X106.84 Y129 E-.75
;WIPE_END
G1 X113.714 Y90.79 F18000
G1 E2.5 F6000
M204 P1000
;TYPE:Outer wall
;WIDTH:0.42
G1 F1200
G1 X111.05 Y90.79 E.081
G1 X111.05 Y90.21 E.01764
G1 X114.761 Y90.21 E.11285
G1 X114.761 Y91.79 E.04805
G1 X113.714 Y91.79 E.03185
G1 X113.714 Y90.85 E.02859
G1 X114.106 Y90.602 F18000
M204 P1500
;TYPE:Inner wall
;WIDTH:0.45
G1 F1200
G1 X114.369 Y90.602 E.00863
G1 X114.369 Y91.398 E.02613
G1 X114.106 Y91.398 E.00863
G1 X114.106 Y90.662 E.02416
G1 X113.91 Y90.5 F18000
M204 P2000
;TYPE:Gap infill
;WIDTH:0.230842
G1 F1200
G1 X111.246 Y90.5 E.04037
G1 E-1.75 F6000
;WIPE_START
G1 X112.246 Y90.5 E-.75
;WIPE_END
G1 X106.286 Y90.79 F18000
G1 E2.5 F6000
M204 P1000
;TYPE:Outer wall
;WIDTH:0.42
G1 F1200
G1 X106.286 Y91.79 E.03041
G1 X105.239 Y91.79 E.03185
G1 X105.239 Y90.21 E.04805
G1 X108.95 Y90.21 E.11285
G1 X108.95 Y90.79 E.01764
G1 X106.346 Y90.79 E.07918
G1 X105.894 Y90.602 F18000
M204 P1500
;TYPE:Inner wall
;WIDTH:0.45
G1 F1200
G1 X105.894 Y91.398 E.02613
G1 X105.631 Y91.398 E.00863
G1 X105.631 Y90.602 E.02613
G1 X105.834 Y90.602 E.00666
G1 X106.09 Y90.5 F18000
M204 P2000
;TYPE:Gap infill
;WIDTH:0.230842
G1 F1200
G1 X108.754 Y90.5 E.04037
; stop printing object SG90Adapter id:3152 copy 0
;LAYER_CHANGE
;Z:20.84
;HEIGHT:0.200001
G92 E0 ; zero the extruded length again
; BEFORE_LAYER_CHANGE 103 @ 20.84mm
G1 E-1.75 F6000
;WIPE_START
G1 X107.754 Y90.5 E-.75
;WIPE_END
; AFTER_LAYER_CHANGE 103 @ 20.84mm
;_SET_FAN_SPEED_CHANGING_LAYER
; printing object SG90Adapter id:3152 copy 0
G1 X111.571 Y129.21 Z20.84 F18000
G1 E2.5 F6000
M204 P1000
;TYPE:Outer wall
;WIDTH:0.42
G1 F1200
G1 X111.571 Y127.21 E.06083
G1 X112.694 Y127.21 E.03417
G1 X112.694 Y128.21 E.03041
G1 X114.721 Y128.21 E.06165
G1 X114.721 Y129.79 E.04805
G1 X105.279 Y129.79 E.28719
G1 X105.279 Y128.21 E.04805
G1 X107.306 Y128.21 E.06165
G1 X107.306 Y127.21 E.03041
G1 X108.429 Y127.21 E.03417
G1 X108.429 Y129.21 E.06083
G1 X111.511 Y129.21 E.09374
G1 E-1.75 F6000
;WIPE_START
G1 F3600
G1 X111.541 Y128.21 E-.75
;WIPE_END
G1 X108.037 Y129.398 F18000
G1 E2.5 F6000
M204 P1500
;TYPE:Inner wall
;WIDTH:0.45
G1 F1200
G1 X105.671 Y129.398 E.07769
G1 X105.671 Y128.602 E.02613
G1 X107.698 Y128.602 E.06655
G1 X107.698 Y127.602 E.03283
G1 X108.037 Y127.602 E.01114
G1 X108.037 Y129.338 E.05699
G1 E-1.75 F6000
;WIPE_START
G1 X107.037 Y129.363 E-.75
;WIPE_END
G1 X111.963 Y129.398 F18000
G1 E2.5 F6000
G1 F1200
G1 X111.963 Y127.602 E.05896
G1 X112.302 Y127.602 E.01114
G1 X112.302 Y128.602 E.03283
G1 X114.329 Y128.602 E.06655
G1 X114.329 Y129.398 E.02613
G1 X112.023 Y129.398 E.07572
G1 E-1.75 F6000
;WIPE_START
G1 X111.99 Y128.398 E-.75
;WIPE_END
G1 X112.167 Y129 F18000
G1 E2.5 F6000
M204 P2000
;TYPE:Gap infill
;WIDTH:0.431694
G1 F1200
G1 X114.126 Y129 E.06143
G1 X111.767 Y129.5 F18000
;WIDTH:0.230842
G1 F1200
G1 X108.233 Y129.5 E.05357
G1 X107.833 Y129 F18000
;WIDTH:0.431694
G1 F1200
G1 X105.874 Y129 E.06143
G1 E-1.75 F6000
;WIPE_START
G1 X106.874 Y129 E-.75
;WIPE_END
G1 X113.681 Y90.79 F18000
G1 E2.5 F6000
M204 P1000
;TYPE:Outer wall
;WIDTH:0.42
G1 F1200
G1 X113.116 Y90.79 E.01718
G1 X111.68 Y90.79 E.04367
G1 X110.881 Y90.79 E.0243
G1 X110.881 Y90.21 E.01764
G1 X111.68 Y90.21 E.0243
G1 X114.098 Y90.21 E.07354
G1 X114.728 Y90.21 E.01916
G1 X114.728 Y91.79 E.04805
G1 X113.681 Y91.79 E.03184
G1 X113.681 Y90.85 E.02859
G1 X114.073 Y90.602 F18000
M204 P1500
;TYPE:Inner wall
;WIDTH:0.45
G1 F1200
G1 X114.336 Y90.602 E.00864
G1 X114.336 Y91.398 E.02613
G1 X114.073 Y91.398 E.00864
G1 X114.073 Y90.662 E.02416
G1 X113.877 Y90.5 F18000
M204 P2000
;TYPE:Gap infill
;WIDTH:0.230842
G1 F1200
G1 X111.077 Y90.5 E.04244
G1 E-1.75 F6000
;WIPE_START
G1 X112.077 Y90.5 E-.75
;WIPE_END
G1 X106.319 Y90.79 F18000
G1 E2.5 F6000
M204 P1000
;TYPE:Outer wall
;WIDTH:0.42
G1 F1200
G1 X106.319 Y91.79 E.03041
G1 X105.272 Y91.79 E.03184
G1 X105.272 Y90.21 E.04805
G1 X105.902 Y90.21 E.01916
G1 X108.32 Y90.21 E.07354
G1 X109.119 Y90.21 E.0243
G1 X109.119 Y90.79 E.01764
G1 X108.32 Y90.79 E.0243
G1 X106.979 Y90.79 E.04078
G1 X106.379 Y90.79 E.01825
G1 X105.927 Y90.602 F18000
M204 P1500
;TYPE:Inner wall
;WIDTH:0.45
G1 F1200
G1 X105.927 Y91.398 E.02613
G1 X105.664 Y91.398 E.00864
G1 X105.664 Y90.602 E.02613
G1 X105.867 Y90.602 E.00667
G1 X106.123 Y90.5 F18000
M204 P2000
;TYPE:Gap infill
;WIDTH:0.230842
G1 F1200
G1 X108.923 Y90.5 E.04244
; stop printing object SG90Adapter id:3152 copy 0
;LAYER_CHANGE
;Z:21.04
;HEIGHT:0.200001
G92 E0 ; zero the extruded length again
; BEFORE_LAYER_CHANGE 104 @ 21.04mm
G1 E-1.75 F6000
;WIPE_START
G1 X107.923 Y90.5 E-.75
;WIPE_END
; AFTER_LAYER_CHANGE 104 @ 21.04mm
;_SET_FAN_SPEED_CHANGING_LAYER
; printing object SG90Adapter id:3152 copy 0
G1 X111.44 Y129.21 Z21.04 F18000
G1 E2.5 F6000
M204 P1000
;TYPE:Outer wall
;WIDTH:0.42
G1 F1200
G1 X111.44 Y128.594 E.01873
G1 X111.44 Y127.971 E.01895
G1 X111.44 Y127.21 E.02314
G1 X112.634 Y127.21 E.03631
G1 X112.634 Y128.21 E.03041
G1 X113.132 Y128.21 E.01515
G1 X114.057 Y128.21 E.02813
G1 X114.687 Y128.21 E.01916
G1 X114.687 Y129.79 E.04805
G1 X105.313 Y129.79 E.2851
G1 X105.313 Y128.21 E.04805
G1 X105.943 Y128.21 E.01916
G1 X106.868 Y128.21 E.02813
G1 X107.366 Y128.21 E.01515
G1 X107.366 Y127.21 E.03041
G1 X108.56 Y127.21 E.03631
G1 X108.56 Y127.971 E.02314
G1 X108.56 Y128.594 E.01895
G1 X108.56 Y129.21 E.01873
G1 X111.38 Y129.21 E.08577
G1 E-1.75 F6000
;WIPE_START
G1 F3600
G1 X111.41 Y128.21 E-.75
;WIPE_END
G1 X108.168 Y129.398 F18000
G1 E2.5 F6000
M204 P1500
;TYPE:Inner wall
;WIDTH:0.45
G1 F1200
G1 X105.705 Y129.398 E.08088
G1 X105.705 Y128.602 E.02613
G1 X107.758 Y128.602 E.0674
G1 X107.758 Y127.602 E.03283
G1 X108.168 Y127.602 E.01348
G1 X108.168 Y129.338 E.05699
G1 E-1.75 F6000
;WIPE_START
G1 X107.169 Y129.362 E-.75
;WIPE_END
G1 X111.832 Y129.398 F18000
G1 E2.5 F6000
G1 F1200
G1 X111.832 Y127.602 E.05896
G1 X112.242 Y127.602 E.01348
G1 X112.242 Y128.602 E.03283
G1 X114.295 Y128.602 E.0674
G1 X114.295 Y129.398 E.02613
G1 X111.892 Y129.398 E.07891
G1 E-1.75 F6000
;WIPE_START
G1 X111.858 Y128.398 E-.75
;WIPE_END
G1 X112.035 Y129 F18000
G1 E2.5 F6000
M204 P2000
;TYPE:Gap infill
;WIDTH:0.431694
G1 F1200
G1 X114.091 Y129 E.06448
G1 X111.636 Y129.5 F18000
;WIDTH:0.230842
G1 F1200
G1 X108.364 Y129.5 E.04958
G1 X107.965 Y129 F18000
;WIDTH:0.431694
G1 F1200
G1 X105.909 Y129 E.06448
G1 E-1.75 F6000
;WIPE_START
G1 X106.909 Y129 E-.75
;WIPE_END
G1 X113.628 Y90.79 F18000
G1 E2.5 F6000
M204 P1000
;TYPE:Outer wall
;WIDTH:0.42
G1 F1200
G1 X113.05 Y90.79 E.01758
G1 X111.511 Y90.79 E.04681
G1 X110.671 Y90.79 E.02555
G1 X110.547 Y90.79 E.00377
G1 X110.547 Y90.21 E.01764
G1 X110.671 Y90.21 E.00377
M106 S255
G1 X111.511 Y90.21 E.02555
G1 X114.065 Y90.21 E.07768
G1 X114.695 Y90.21 E.01916
G1 X114.695 Y91.79 E.04805
G1 X113.628 Y91.79 E.03245
G1 X113.628 Y90.85 E.02859
G1 X114.02 Y90.602 F18000
M204 P1500
;TYPE:Inner wall
;WIDTH:0.45
G1 F1200
G1 X114.303 Y90.602 E.0093
G1 X114.303 Y91.398 E.02613
G1 X114.02 Y91.398 E.0093
G1 X114.02 Y90.662 E.02416
G1 X113.824 Y90.5 F18000
M204 P2000
;TYPE:Gap infill
;WIDTH:0.230842
G1 F1200
G1 X110.743 Y90.5 E.04669
G1 E-1.75 F6000
;WIPE_START
G1 X111.743 Y90.5 E-.75
;WIPE_END
G1 X106.372 Y90.79 F18000
G1 E2.5 F6000
M204 P1000
;TYPE:Outer wall
;WIDTH:0.42
G1 F1200
G1 X106.372 Y91.79 E.03041
G1 X105.305 Y91.79 E.03245
G1 X105.305 Y90.21 E.04805
G1 X105.935 Y90.21 E.01916
G1 X108.489 Y90.21 E.07768
G1 X109.329 Y90.21 E.02555
G1 X109.453 Y90.21 E.00377
G1 X109.453 Y90.79 E.01764
G1 X109.329 Y90.79 E.00377
M106 S255
G1 X108.489 Y90.79 E.02555
G1 X107.041 Y90.79 E.04404
G1 X106.432 Y90.79 E.01852
G1 X105.98 Y90.602 F18000
M204 P1500
;TYPE:Inner wall
;WIDTH:0.45
G1 F1200
G1 X105.98 Y91.398 E.02613
G1 X105.697 Y91.398 E.0093
G1 X105.697 Y90.602 E.02613
G1 X105.92 Y90.602 E.00733
G1 X106.176 Y90.5 F18000
M204 P2000
;TYPE:Gap infill
;WIDTH:0.230842
G1 F1200
G1 X109.257 Y90.5 E.04669
; stop printing object SG90Adapter id:3152 copy 0
;LAYER_CHANGE
;Z:21.24
;HEIGHT:0.199999
G92 E0 ; zero the extruded length again
; BEFORE_LAYER_CHANGE 105 @ 21.24mm
G1 E-1.75 F6000
;WIPE_START
G1 X108.257 Y90.5 E-.75
;WIPE_END
; AFTER_LAYER_CHANGE 105 @ 21.24mm
;_SET_FAN_SPEED_CHANGING_LAYER
; printing object SG90Adapter id:3152 copy 0
G1 X111.259 Y129.21 Z21.24 F18000
G1 E2.5 F6000
M204 P1000
;TYPE:Outer wall
;WIDTH:0.42
G1 F1200
G1 X111.259 Y127.21 E.06083
G1 X112.563 Y127.21 E.03966
G1 X112.563 Y128.21 E.03041
G1 X113.052 Y128.21 E.01487
G1 X114.014 Y128.21 E.02926
G1 X114.644 Y128.21 E.01916
G1 X114.644 Y129.79 E.04805
G1 X105.356 Y129.79 E.28248
G1 X105.356 Y128.21 E.04805
G1 X105.986 Y128.21 E.01916
G1 X106.948 Y128.21 E.02926
G1 X107.437 Y128.21 E.01487
G1 X107.437 Y127.21 E.03041
G1 X108.741 Y127.21 E.03966
G1 X108.741 Y129.21 E.06083
G1 X111.199 Y129.21 E.07476
G1 E-1.75 F6000
;WIPE_START
G1 F3600
G1 X111.229 Y128.21 E-.75
;WIPE_END
G1 X108.349 Y129.398 F18000
G1 E2.5 F6000
M204 P1500
;TYPE:Inner wall
;WIDTH:0.45
G1 F1200
G1 X105.748 Y129.398 E.08542
G1 X105.748 Y128.602 E.02613
G1 X107.829 Y128.602 E.06833
G1 X107.829 Y127.602 E.03283
G1 X108.349 Y127.602 E.01709
G1 X108.349 Y129.338 E.05699
G1 E-1.75 F6000
;WIPE_START
G1 X107.35 Y129.361 E-.75
;WIPE_END
G1 X111.651 Y129.398 F18000
G1 E2.5 F6000
G1 F1200
G1 X111.651 Y127.602 E.05896
G1 X112.171 Y127.602 E.01709
G1 X112.171 Y128.602 E.03283
G1 X114.252 Y128.602 E.06833
G1 X114.252 Y129.398 E.02613
G1 X111.711 Y129.398 E.08345
G1 E-1.75 F6000
;WIPE_START
G1 X111.677 Y128.398 E-.75
;WIPE_END
G1 X111.976 Y128.935 F18000
G1 E2.5 F6000
M204 P2000
;TYPE:Gap infill
;WIDTH:0.161095
G1 F1200
G1 X111.911 Y128.806 E.00138
G1 X111.911 Y127.806 E.00953
G1 X114.049 Y129 F18000
;WIDTH:0.431694
G1 F1200
G1 X111.854 Y129 E.06881
G1 X111.976 Y128.935 F18000
;WIDTH:0.213006
G1 F1200
G1 X112.041 Y129.065 E.00199
;WIDTH:0.250804
G1 X112.105 Y129.194 E.00243
G1 X111.455 Y129.5 F18000
;WIDTH:0.230842
G1 F1200
G1 X108.545 Y129.5 E.0441
G1 X108.089 Y127.806 F18000
;WIDTH:0.161094
G1 F1200
G1 X108.089 Y128.806 E.00953
G1 X108.024 Y128.935 E.00138
;WIDTH:0.213007
G1 X107.959 Y129.065 E.00199
;WIDTH:0.250804
G1 X107.895 Y129.194 E.00243
G1 X108.146 Y129 F18000
;WIDTH:0.431694
G1 F1200
G1 X105.951 Y129 E.06881
G1 E-1.75 F6000
;WIPE_START
G1 X106.951 Y129 E-.75
;WIPE_END
G1 X106.428 Y90.79 F18000
G1 E2.5 F6000
M204 P1000
;TYPE:Outer wall
;WIDTH:0.42
G1 F1200
G1 X106.428 Y91.79 E.03041
G1 X105.345 Y91.79 E.03294
G1 X105.345 Y90.21 E.04805
G1 X105.975 Y90.21 E.01916
G1 X108.823 Y90.21 E.08662
G1 X109.663 Y90.21 E.02555
G1 X109.863 Y90.21 E.00608
M204 P500
;TYPE:Overhang wall
;WIDTH:0.409292
G1 X110.137 Y90.21 E.0081
M204 P1000
;TYPE:Outer wall
;WIDTH:0.42
G1 X110.337 Y90.21 E.00608
M106 S255
G1 X111.177 Y90.21 E.02555
G1 X114.025 Y90.21 E.08662
G1 X114.655 Y90.21 E.01916
G1 X114.655 Y91.79 E.04805
G1 X113.572 Y91.79 E.03294
G1 X113.572 Y90.79 E.03041
G1 X112.992 Y90.79 E.01764
G1 X111.177 Y90.79 E.0552
G1 X110.337 Y90.79 E.02555
G1 X110.137 Y90.79 E.00608
M204 P500
;TYPE:Overhang wall
;WIDTH:0.409292
G1 X109.863 Y90.79 E.0081
M204 P1000
;TYPE:Outer wall
;WIDTH:0.42
G1 X109.663 Y90.79 E.00608
M106 S255
G1 X108.823 Y90.79 E.02555
G1 X107.098 Y90.79 E.05246
G1 X106.488 Y90.79 E.01855
G1 E-1.75 F6000
;WIPE_START
G1 F3600
G1 X106.429 Y91.788 E-.75
;WIPE_END
G1 X113.964 Y90.602 F18000
G1 E2.5 F6000
M204 P1500
;TYPE:Inner wall
;WIDTH:0.45
G1 F1200
G1 X114.263 Y90.602 E.00983
G1 X114.263 Y91.398 E.02613
G1 X113.964 Y91.398 E.00983
G1 X113.964 Y90.662 E.02416
G1 E-1.75 F6000
;WIPE_START
G1 X114.263 Y90.602 E-.22892
G1 X114.263 Y91.297 E-.52108
;WIPE_END
G1 X106.036 Y90.602 F18000
G1 E2.5 F6000
G1 F1200
G1 X106.036 Y91.398 E.02613
G1 X105.737 Y91.398 E.00983
G1 X105.737 Y90.602 E.02613
G1 X105.976 Y90.602 E.00786
G1 X106.232 Y90.5 F18000
M204 P2000
;TYPE:Gap infill
;WIDTH:0.230842
G1 F1200
G1 X113.768 Y90.5 E.11421
; stop printing object SG90Adapter id:3152 copy 0
;LAYER_CHANGE
;Z:21.44
;HEIGHT:0.200001
G92 E0 ; zero the extruded length again
; BEFORE_LAYER_CHANGE 106 @ 21.44mm
G1 E-1.75 F6000
;WIPE_START
G1 X112.768 Y90.5 E-.75
;WIPE_END
; AFTER_LAYER_CHANGE 106 @ 21.44mm
;_SET_FAN_SPEED_CHANGING_LAYER
; printing object SG90Adapter id:3152 copy 0
G1 X110.987 Y129.21 Z21.44 F18000
G1 E2.5 F6000
M204 P1000
;TYPE:Outer wall
;WIDTH:0.42
G1 F1200
G1 X110.987 Y129 E.00639
G1 X110.987 Y127.21 E.05444
M106 S255
G1 X112.471 Y127.21 E.04513
G1 X112.471 Y128.21 E.03041
G1 X112.942 Y128.21 E.01432
G1 X113.957 Y128.21 E.03087
G1 X114.587 Y128.21 E.01916
G1 X114.587 Y129.79 E.04805
G1 X105.413 Y129.79 E.27901
G1 X105.413 Y128.21 E.04805
G1 X106.043 Y128.21 E.01916
G1 X107.058 Y128.21 E.03087
G1 X107.529 Y128.21 E.01432
G1 X107.529 Y127.21 E.03041
G1 X109.013 Y127.21 E.04513
G1 X109.013 Y129 E.05444
M106 S255
G1 X109.013 Y129.21 E.00639
G1 X110.927 Y129.21 E.05821
G1 E-1.75 F6000
;WIPE_START
G1 F3600
G1 X110.957 Y128.21 E-.75
;WIPE_END
G1 X108.621 Y129.398 F18000
G1 E2.5 F6000
M204 P1500
;TYPE:Inner wall
;WIDTH:0.45
G1 F1200
G1 X105.805 Y129.398 E.09247
G1 X105.805 Y128.602 E.02613
G1 X107.921 Y128.602 E.06949
G1 X107.921 Y127.602 E.03283
G1 X108.621 Y127.602 E.02298
G1 X108.621 Y129.338 E.05699
G1 E-1.75 F6000
;WIPE_START
G1 X107.621 Y129.359 E-.75
;WIPE_END
G1 X111.379 Y129.398 F18000
G1 E2.5 F6000
G1 F1200
G1 X111.379 Y127.602 E.05896
G1 X112.079 Y127.602 E.02298
G1 X112.079 Y128.602 E.03283
G1 X114.195 Y128.602 E.06949
G1 X114.195 Y129.398 E.02613
G1 X111.439 Y129.398 E.0905
G1 E-1.75 F6000
;WIPE_START
G1 X111.405 Y128.398 E-.75
;WIPE_END
G1 X111.748 Y128.867 F18000
G1 E2.5 F6000
M204 P2000
;TYPE:Gap infill
;WIDTH:0.33802
G1 F1200
G1 X111.729 Y128.806 E.00153
G1 X111.729 Y127.806 E.0238
G1 X113.992 Y129 F18000
;WIDTH:0.432099
G1 F1200
G1 X111.787 Y128.99 E.06921
;WIDTH:0.432418
G1 X111.767 Y128.929 E.00202
;WIDTH:0.393722
G1 X111.748 Y128.867 E.00182
G1 X111.183 Y129.5 F18000
;WIDTH:0.230842
G1 F1200
G1 X108.817 Y129.5 E.03585
G1 X108.271 Y127.806 F18000
;WIDTH:0.335678
G1 F1200
G1 X108.271 Y128.806 E.02361
;WIDTH:0.355026
G1 X108.252 Y128.867 E.00162
;WIDTH:0.393721
G1 X108.233 Y128.929 E.00182
;WIDTH:0.431952
G1 X108.213 Y128.99 E.00202
G1 X108.125 Y129 E.00279
G1 X106.008 Y129 E.06641
G1 E-1.75 F6000
;WIPE_START
G1 X107.008 Y129 E-.75
;WIPE_END
G1 X106.508 Y90.79 F18000
G1 E2.5 F6000
M204 P1000
;TYPE:Outer wall
;WIDTH:0.42
G1 F1200
G1 X106.508 Y91.79 E.03041
G1 X105.401 Y91.79 E.03369
G1 X105.401 Y90.21 E.04805
G1 X114.599 Y90.21 E.27977
G1 X114.599 Y91.79 E.04805
G1 X113.492 Y91.79 E.03369
G1 X113.492 Y90.79 E.03041
G1 X106.568 Y90.79 E.21058
G1 E-1.75 F6000
;WIPE_START
G1 F3600
G1 X106.508 Y91.788 E-.75
;WIPE_END
G1 X113.884 Y90.602 F18000
G1 E2.5 F6000
M204 P1500
;TYPE:Inner wall
;WIDTH:0.45
G1 F1200
G1 X114.207 Y90.602 E.01062
G1 X114.207 Y91.398 E.02613
G1 X113.884 Y91.398 E.01062
G1 X113.884 Y90.662 E.02416
G1 E-1.75 F6000
;WIPE_START
G1 X114.207 Y90.602 E-.24671
G1 X114.207 Y91.273 E-.50329
;WIPE_END
G1 X106.116 Y90.602 F18000
G1 E2.5 F6000
G1 F1200
G1 X106.116 Y91.398 E.02613
G1 X105.793 Y91.398 E.01062
G1 X105.793 Y90.602 E.02613
G1 X106.056 Y90.602 E.00865
G1 X106.312 Y90.5 F18000
M204 P2000
;TYPE:Gap infill
;WIDTH:0.230842
G1 F1200
G1 X113.688 Y90.5 E.1118
; stop printing object SG90Adapter id:3152 copy 0
;LAYER_CHANGE
;Z:21.64
;HEIGHT:0.199999
G92 E0 ; zero the extruded length again
; BEFORE_LAYER_CHANGE 107 @ 21.64mm
G1 E-1.75 F6000
;WIPE_START
G1 X112.688 Y90.5 E-.75
;WIPE_END
; AFTER_LAYER_CHANGE 107 @ 21.64mm
;_SET_FAN_SPEED_CHANGING_LAYER
; printing object SG90Adapter id:3152 copy 0
G1 X110.383 Y129.21 Z21.64 F18000
G1 E2.5 F6000
M204 P1000
;TYPE:Outer wall
;WIDTH:0.42
G1 F1200
G1 X110.383 Y129 E.00639
G1 X110.383 Y128.8 E.00608
M204 P500
;TYPE:Overhang wall
;WIDTH:0.409292
G1 X110.383 Y127.21 E.04698
G1 X110.577 Y127.21 E.00573
M204 P1000
;TYPE:Outer wall
;WIDTH:0.42
G1 X110.777 Y127.21 E.00608
M106 S255
G1 X112.359 Y127.21 E.04811
G1 X112.359 Y128.21 E.03041
G1 X112.816 Y128.21 E.0139
G1 X113.9 Y128.21 E.03297
G1 X114.53 Y128.21 E.01916
G1 X114.53 Y129.79 E.04805
G1 X105.47 Y129.79 E.27555
G1 X105.47 Y128.21 E.04805
G1 X106.1 Y128.21 E.01916
G1 X107.184 Y128.21 E.03297
G1 X107.641 Y128.21 E.0139
G1 X107.641 Y127.21 E.03041
G1 X109.223 Y127.21 E.04811
G1 X109.423 Y127.21 E.00608
M204 P500
;TYPE:Overhang wall
;WIDTH:0.409292
G1 X109.617 Y127.21 E.00573
G1 X109.617 Y128.8 E.04698
M204 P1000
;TYPE:Outer wall
;WIDTH:0.42
G1 X109.617 Y129 E.00608
M106 S255
G1 X109.617 Y129.21 E.00639
G1 X110.323 Y129.21 E.02147
G1 E-1.75 F6000
;WIPE_START
G1 F3600
G1 X110.383 Y128.8 E-.31078
G1 X110.383 Y128.214 E-.43923
;WIPE_END
G1 X109.225 Y129.398 F18000
G1 E2.5 F6000
M204 P1500
;TYPE:Inner wall
;WIDTH:0.45
G1 F1200
G1 X108.723 Y129.398 E.01648
G1 X106.16 Y129.398 E.08415
G1 X105.862 Y129.398 E.00978
G1 X105.862 Y128.602 E.02614
G1 X108.033 Y128.602 E.07128
G1 X108.033 Y127.602 E.03283
G1 X109.225 Y127.602 E.03914
G1 X109.225 Y129 E.0459
M106 S255
G1 X109.225 Y129.338 E.0111
G1 X108.818 Y128.991 F18000
G1 F1200
G1 X108.44 Y128.991 E.01241
G1 X108.44 Y128.009 E.03223
G1 X108.818 Y128.009 E.01241
G1 X108.818 Y128.931 E.03026
G1 E-1.75 F6000
;WIPE_START
G1 X108.44 Y128.991 E-.28704
G1 X108.44 Y128.374 E-.46296
;WIPE_END
G1 X110.775 Y129.398 F18000
G1 E2.5 F6000
G1 F1200
G1 X110.775 Y129 E.01307
G1 X110.775 Y127.602 E.0459
M106 S255
G1 X111.967 Y127.602 E.03914
G1 X111.967 Y128.602 E.03283
G1 X114.138 Y128.602 E.07128
G1 X114.138 Y129.398 E.02614
G1 X113.84 Y129.398 E.00978
G1 X111.333 Y129.398 E.08231
G1 X110.835 Y129.398 E.01635
G1 X111.212 Y128.991 F18000
G1 F1200
G1 X111.182 Y128.991 E.00097
G1 X111.182 Y128.009 E.03223
G1 X111.56 Y128.009 E.01241
G1 X111.56 Y128.991 E.03223
G1 X111.272 Y128.991 E.00947
G1 E-1.75 F6000
;WIPE_START
G1 X111.182 Y128.991 E-.06712
G1 X111.182 Y128.08 E-.68288
;WIPE_END
G1 X111.764 Y129 F18000
G1 E2.5 F6000
M204 P2000
;TYPE:Gap infill
;WIDTH:0.431694
G1 F1200
G1 X113.935 Y129 E.06807
G1 X110.579 Y129.5 F18000
;WIDTH:0.230842
G1 F1200
G1 X109.421 Y129.5 E.01756
G1 X108.236 Y129 F18000
;WIDTH:0.431694
G1 F1200
G1 X106.065 Y129 E.06807
G1 E-1.75 F6000
;WIPE_START
G1 X107.065 Y129 E-.75
;WIPE_END
G1 X106.594 Y90.79 F18000
G1 E2.5 F6000
M204 P1000
;TYPE:Outer wall
;WIDTH:0.42
G1 F1200
G1 X106.594 Y91.79 E.03041
G1 X105.456 Y91.79 E.03462
G1 X105.456 Y90.21 E.04805
G1 X114.544 Y90.21 E.2764
G1 X114.544 Y91.79 E.04805
G1 X113.406 Y91.79 E.03462
G1 X113.406 Y90.79 E.03041
G1 X106.654 Y90.79 E.20533
G1 E-1.75 F6000
;WIPE_START
G1 F3600
G1 X106.594 Y91.788 E-.75
;WIPE_END
G1 X113.798 Y90.602 F18000
G1 E2.5 F6000
M204 P1500
;TYPE:Inner wall
;WIDTH:0.45
G1 F1200
G1 X114.152 Y90.602 E.01163
G1 X114.152 Y91.398 E.02613
G1 X113.798 Y91.398 E.01163
G1 X113.798 Y90.662 E.02416
G1 E-1.75 F6000
;WIPE_START
G1 X114.152 Y90.602 E-.26935
G1 X114.152 Y91.243 E-.48065
;WIPE_END
G1 X106.202 Y90.602 F18000
G1 E2.5 F6000
G1 F1200
G1 X106.202 Y91.398 E.02613
G1 X105.848 Y91.398 E.01163
G1 X105.848 Y90.602 E.02613
G1 X106.142 Y90.602 E.00966
G1 X106.398 Y90.5 F18000
M204 P2000
;TYPE:Gap infill
;WIDTH:0.230842
G1 F1200
G1 X113.602 Y90.5 E.10918
; stop printing object SG90Adapter id:3152 copy 0
;LAYER_CHANGE
;Z:21.84
;HEIGHT:0.200001
G92 E0 ; zero the extruded length again
; BEFORE_LAYER_CHANGE 108 @ 21.84mm
G1 E-1.75 F6000
;WIPE_START
G1 X112.602 Y90.5 E-.75
;WIPE_END
; AFTER_LAYER_CHANGE 108 @ 21.84mm
;_SET_FAN_SPEED_CHANGING_LAYER
; printing object SG90Adapter id:3152 copy 0
G1 X112.23 Y128.21 Z21.84 F18000
G1 E2.5 F6000
M204 P1000
;TYPE:Outer wall
;WIDTH:0.42
G1 F1200
G1 X114.454 Y128.21 E.06765
G1 X114.454 Y129.79 E.04805
G1 X105.546 Y129.79 E.27095
G1 X105.546 Y128.21 E.04805
G1 X107.77 Y128.21 E.06765
G1 X107.77 Y127.21 E.03041
G1 X112.23 Y127.21 E.13565
G1 X112.23 Y128.15 E.02859
G1 X111.838 Y128.21 F18000
M204 P1500
;TYPE:Inner wall
;WIDTH:0.45
G1 F1200
G1 X111.838 Y128.602 E.01287
G1 X114.062 Y128.602 E.07303
G1 X114.062 Y129.398 E.02613
G1 X105.938 Y129.398 E.26676
G1 X105.938 Y128.602 E.02613
G1 X108.162 Y128.602 E.07303
G1 X108.162 Y127.602 E.03283
G1 X111.838 Y127.602 E.1207
G1 X111.838 Y128.15 E.01799
G1 X111.431 Y128.21 F18000
G1 F1200
G1 X111.431 Y128.991 E.02564
G1 X108.569 Y128.991 E.09397
G1 X108.569 Y128.009 E.03223
G1 X111.431 Y128.009 E.09397
G1 X111.431 Y128.15 E.00462
G1 E-1.75 F6000
;WIPE_START
G1 X111.431 Y128.991 E-.63064
G1 X111.272 Y128.991 E-.11936
;WIPE_END
G1 X111.635 Y129 F18000
G1 E2.5 F6000
M204 P2000
;TYPE:Gap infill
;WIDTH:0.431694
G1 F1200
G1 X113.859 Y129 E.06975
G1 X111.227 Y128.5 F18000
;WIDTH:0.617526
G1 F1200
G1 X108.773 Y128.5 E.11377
G1 X108.365 Y129 F18000
;WIDTH:0.431694
G1 F1200
G1 X106.141 Y129 E.06975
G1 E-1.75 F6000
;WIPE_START
G1 X107.141 Y129 E-.75
;WIPE_END
G1 X106.7 Y90.79 F18000
G1 E2.5 F6000
M204 P1000
;TYPE:Outer wall
;WIDTH:0.42
G1 F1200
G1 X106.7 Y91.79 E.03041
G1 X105.529 Y91.79 E.03563
G1 X105.529 Y90.21 E.04805
G1 X114.471 Y90.21 E.27196
G1 X114.471 Y91.79 E.04805
G1 X113.3 Y91.79 E.03563
G1 X113.3 Y90.79 E.03041
G1 X106.76 Y90.79 E.19889
G1 E-1.75 F6000
;WIPE_START
G1 F3600
G1 X106.7 Y91.788 E-.75
;WIPE_END
G1 X113.692 Y90.602 F18000
G1 E2.5 F6000
M204 P1500
;TYPE:Inner wall
;WIDTH:0.45
G1 F1200
G1 X114.079 Y90.602 E.01272
G1 X114.079 Y91.398 E.02613
G1 X113.692 Y91.398 E.01272
G1 X113.692 Y90.662 E.02416
G1 E-1.75 F6000
;WIPE_START
G1 X114.079 Y90.602 E-.29391
G1 X114.079 Y91.21 E-.45609
;WIPE_END
G1 X106.308 Y90.602 F18000
G1 E2.5 F6000
G1 F1200
G1 X106.308 Y91.398 E.02613
G1 X105.921 Y91.398 E.01272
G1 X105.921 Y90.602 E.02613
G1 X106.248 Y90.602 E.01075
G1 X106.504 Y90.5 F18000
M204 P2000
;TYPE:Gap infill
;WIDTH:0.230842
G1 F1200
G1 X113.496 Y90.5 E.10597
; stop printing object SG90Adapter id:3152 copy 0
;LAYER_CHANGE
;Z:22.04
;HEIGHT:0.200001
G92 E0 ; zero the extruded length again
; BEFORE_LAYER_CHANGE 109 @ 22.04mm
G1 E-1.75 F6000
;WIPE_START
G1 X112.496 Y90.5 E-.75
;WIPE_END
; AFTER_LAYER_CHANGE 109 @ 22.04mm
;_SET_FAN_SPEED_CHANGING_LAYER
; printing object SG90Adapter id:3152 copy 0
G1 X112.078 Y128.21 Z22.04 F18000
G1 E2.5 F6000
M204 P1000
;TYPE:Outer wall
;WIDTH:0.42
G1 F1200
G1 X114.373 Y128.21 E.0698
G1 X114.373 Y129.79 E.04805
G1 X105.627 Y129.79 E.26601
G1 X105.627 Y128.21 E.04805
G1 X107.922 Y128.21 E.0698
G1 X107.922 Y127.21 E.03041
G1 X112.078 Y127.21 E.12641
G1 X112.078 Y128.15 E.02859
G1 X111.686 Y128.21 F18000
M204 P1500
;TYPE:Inner wall
;WIDTH:0.45
G1 F1200
G1 X111.686 Y128.602 E.01287
G1 X113.981 Y128.602 E.07536
G1 X113.981 Y129.398 E.02613
G1 X106.019 Y129.398 E.26143
G1 X106.019 Y128.602 E.02613
G1 X108.314 Y128.602 E.07536
G1 X108.314 Y127.602 E.03283
G1 X111.686 Y127.602 E.11072
G1 X111.686 Y128.15 E.01799
G1 X111.279 Y128.21 F18000
G1 F1200
G1 X111.279 Y128.991 E.02564
G1 X108.721 Y128.991 E.08399
G1 X108.721 Y128.009 E.03223
G1 X111.279 Y128.009 E.08399
G1 X111.279 Y128.15 E.00462
G1 E-1.75 F6000
;WIPE_START
G1 X111.279 Y128.991 E-.63064
G1 X111.12 Y128.991 E-.11936
;WIPE_END
G1 X111.483 Y129 F18000
G1 E2.5 F6000
M204 P2000
;TYPE:Gap infill
;WIDTH:0.431694
G1 F1200
G1 X113.778 Y129 E.07197
G1 X111.075 Y128.5 F18000
;WIDTH:0.617526
G1 F1200
G1 X108.925 Y128.5 E.09968
G1 X108.517 Y129 F18000
;WIDTH:0.431694
G1 F1200
G1 X106.222 Y129 E.07197
G1 E-1.75 F6000
;WIPE_START
G1 X107.222 Y129 E-.75
;WIPE_END
G1 X106.823 Y90.79 F18000
G1 E2.5 F6000
M204 P1000
;TYPE:Outer wall
;WIDTH:0.42
G1 F1200
G1 X106.823 Y91.79 E.03041
G1 X105.609 Y91.79 E.03692
G1 X105.609 Y90.21 E.04805
G1 X114.391 Y90.21 E.26709
G1 X114.391 Y91.79 E.04805
G1 X113.177 Y91.79 E.03692
G1 X113.177 Y90.79 E.03041
G1 X106.883 Y90.79 E.19142
G1 E-1.75 F6000
;WIPE_START
G1 F3600
G1 X106.823 Y91.788 E-.75
;WIPE_END
G1 X113.569 Y90.602 F18000
G1 E2.5 F6000
M204 P1500
;TYPE:Inner wall
;WIDTH:0.45
G1 F1200
G1 X113.999 Y90.602 E.01411
G1 X113.999 Y91.398 E.02613
G1 X113.569 Y91.398 E.01411
G1 X113.569 Y90.662 E.02416
G1 E-1.75 F6000
;WIPE_START
G1 X113.999 Y90.602 E-.3255
G1 X113.999 Y91.168 E-.4245
;WIPE_END
G1 X106.431 Y90.602 F18000
G1 E2.5 F6000
G1 F1200
G1 X106.431 Y91.398 E.02613
G1 X106.001 Y91.398 E.01411
G1 X106.001 Y90.602 E.02613
G1 X106.371 Y90.602 E.01214
G1 X106.627 Y90.5 F18000
M204 P2000
;TYPE:Gap infill
;WIDTH:0.230842
G1 F1200
G1 X113.373 Y90.5 E.10226
; stop printing object SG90Adapter id:3152 copy 0
;LAYER_CHANGE
;Z:22.24
;HEIGHT:0.199999
G92 E0 ; zero the extruded length again
; BEFORE_LAYER_CHANGE 110 @ 22.24mm
G1 E-1.75 F6000
;WIPE_START
G1 X112.373 Y90.5 E-.75
;WIPE_END
; AFTER_LAYER_CHANGE 110 @ 22.24mm
;_SET_FAN_SPEED_CHANGING_LAYER
; printing object SG90Adapter id:3152 copy 0
G1 X111.889 Y128.21 Z22.24 F18000
G1 E2.5 F6000
M204 P1000
;TYPE:Outer wall
;WIDTH:0.42
G1 F1200
G1 X114.285 Y128.21 E.07286
G1 X114.285 Y129.79 E.04805
G1 X105.715 Y129.79 E.26062
G1 X105.715 Y128.21 E.04805
G1 X108.111 Y128.21 E.07286
G1 X108.111 Y127.21 E.03041
G1 X111.889 Y127.21 E.11491
G1 X111.889 Y128.15 E.02859
G1 X111.497 Y128.21 F18000
M204 P1500
;TYPE:Inner wall
;WIDTH:0.45
G1 F1200
G1 X111.497 Y128.602 E.01287
G1 X113.893 Y128.602 E.07866
G1 X113.893 Y129.398 E.02613
G1 X106.107 Y129.398 E.25561
G1 X106.107 Y128.602 E.02613
G1 X108.503 Y128.602 E.07866
G1 X108.503 Y127.602 E.03283
G1 X111.497 Y127.602 E.0983
G1 X111.497 Y128.15 E.01799
G1 X111.09 Y128.21 F18000
G1 F1200
G1 X111.09 Y128.991 E.02564
G1 X108.91 Y128.991 E.07157
G1 X108.91 Y128.009 E.03223
G1 X111.09 Y128.009 E.07157
G1 X111.09 Y128.15 E.00462
G1 E-1.75 F6000
;WIPE_START
G1 X111.09 Y128.991 E-.63064
G1 X110.931 Y128.991 E-.11936
;WIPE_END
G1 X111.293 Y129 F18000
G1 E2.5 F6000
M204 P2000
;TYPE:Gap infill
;WIDTH:0.431694
G1 F1200
G1 X113.689 Y129 E.07512
G1 X110.886 Y128.5 F18000
;WIDTH:0.617526
G1 F1200
G1 X109.114 Y128.5 E.08216
G1 X108.707 Y129 F18000
;WIDTH:0.431694
G1 F1200
G1 X106.311 Y129 E.07512
G1 E-1.75 F6000
;WIPE_START
G1 X107.311 Y129 E-.75
;WIPE_END
G1 X106.958 Y90.79 F18000
G1 E2.5 F6000
M204 P1000
;TYPE:Outer wall
;WIDTH:0.42
G1 F1200
G1 X106.958 Y91.79 E.03041
G1 X105.694 Y91.79 E.03844
G1 X105.694 Y90.21 E.04805
G1 X114.306 Y90.21 E.26192
G1 X114.306 Y91.79 E.04805
G1 X113.042 Y91.79 E.03844
G1 X113.042 Y90.79 E.03041
G1 X107.018 Y90.79 E.18321
G1 E-1.75 F6000
;WIPE_START
G1 F3600
G1 X106.958 Y91.788 E-.75
;WIPE_END
G1 X113.434 Y90.602 F18000
G1 E2.5 F6000
M204 P1500
;TYPE:Inner wall
;WIDTH:0.45
G1 F1200
G1 X113.914 Y90.602 E.01577
G1 X113.914 Y91.398 E.02613
G1 X113.434 Y91.398 E.01577
G1 X113.434 Y90.662 E.02416
G1 E-1.75 F6000
;WIPE_START
G1 X113.914 Y90.602 E-.3631
G1 X113.914 Y91.118 E-.3869
;WIPE_END
G1 X106.566 Y90.602 F18000
G1 E2.5 F6000
G1 F1200
G1 X106.566 Y91.398 E.02613
G1 X106.086 Y91.398 E.01577
G1 X106.086 Y90.602 E.02613
G1 X106.506 Y90.602 E.0138
G1 X106.326 Y90.806 F18000
M204 P2000
;TYPE:Gap infill
;WIDTH:0.116246
G1 F1200
G1 X106.326 Y91.194 E.0023
G1 X106.762 Y90.5 F18000
;WIDTH:0.230842
G1 F1200
G1 X113.238 Y90.5 E.09815
G1 X113.674 Y90.806 F18000
;WIDTH:0.116246
G1 F1200
G1 X113.674 Y91.194 E.0023
; stop printing object SG90Adapter id:3152 copy 0
;LAYER_CHANGE
;Z:22.44
;HEIGHT:0.200001
G92 E0 ; zero the extruded length again
; BEFORE_LAYER_CHANGE 111 @ 22.44mm
G1 E-2.11123 F6000
;WIPE_START
G1 X113.674 Y90.806 E-.38877
;WIPE_END
; AFTER_LAYER_CHANGE 111 @ 22.44mm
;_SET_FAN_SPEED_CHANGING_LAYER
; printing object SG90Adapter id:3152 copy 0
G1 X111.662 Y128.21 Z22.44 F18000
G1 E2.5 F6000
M204 P1000
;TYPE:Outer wall
;WIDTH:0.42
G1 F1200
G1 X114.177 Y128.21 E.07648
G1 X114.177 Y129.79 E.04805
G1 X105.823 Y129.79 E.25408
G1 X105.823 Y128.21 E.04805
G1 X108.338 Y128.21 E.07648
G1 X108.338 Y127.21 E.03041
G1 X111.662 Y127.21 E.10112
G1 X111.662 Y128.15 E.02859
G1 X111.27 Y128.21 F18000
M204 P1500
;TYPE:Inner wall
;WIDTH:0.45
G1 F1200
G1 X111.27 Y128.602 E.01287
G1 X113.785 Y128.602 E.08257
G1 X113.785 Y129.398 E.02613
G1 X106.215 Y129.398 E.24855
G1 X106.215 Y128.602 E.02613
G1 X108.73 Y128.602 E.08257
G1 X108.73 Y127.602 E.03283
G1 X111.27 Y127.602 E.08341
G1 X111.27 Y128.15 E.01799
G1 X110.863 Y128.21 F18000
G1 F1200
G1 X110.863 Y128.991 E.02564
G1 X109.137 Y128.991 E.05668
G1 X109.137 Y128.009 E.03223
G1 X110.863 Y128.009 E.05668
G1 X110.863 Y128.15 E.00462
G1 E-1.75 F6000
;WIPE_START
G1 X110.863 Y128.991 E-.63064
G1 X110.704 Y128.991 E-.11936
;WIPE_END
G1 X111.067 Y129 F18000
G1 E2.5 F6000
M204 P2000
;TYPE:Gap infill
;WIDTH:0.431694
G1 F1200
G1 X113.581 Y129 E.07885
G1 X110.66 Y128.5 F18000
;WIDTH:0.617526
G1 F1200
G1 X109.34 Y128.5 E.06114
G1 X108.933 Y129 F18000
;WIDTH:0.431694
G1 F1200
G1 X106.419 Y129 E.07885
G1 E-1.75 F6000
;WIPE_START
G1 X107.419 Y129 E-.75
;WIPE_END
G1 X107.127 Y90.79 F18000
G1 E2.5 F6000
M204 P1000
;TYPE:Outer wall
;WIDTH:0.42
G1 F1200
G1 X107.127 Y91.79 E.03041
G1 X105.8 Y91.79 E.04036
G1 X105.8 Y90.21 E.04805
G1 X114.2 Y90.21 E.25547
G1 X114.2 Y91.79 E.04805
G1 X112.873 Y91.79 E.04036
G1 X112.873 Y90.79 E.03041
G1 X107.187 Y90.79 E.17293
G1 E-1.75 F6000
;WIPE_START
G1 F3600
G1 X107.127 Y91.788 E-.75
;WIPE_END
G1 X113.265 Y90.602 F18000
G1 E2.5 F6000
M204 P1500
;TYPE:Inner wall
;WIDTH:0.45
G1 F1200
G1 X113.808 Y90.602 E.01782
G1 X113.808 Y91.398 E.02613
G1 X113.265 Y91.398 E.01782
G1 X113.265 Y90.662 E.02416
G1 E-1.75 F6000
;WIPE_START
G1 X113.808 Y90.602 E-.4096
G1 X113.808 Y91.056 E-.3404
;WIPE_END
G1 X106.735 Y90.602 F18000
G1 E2.5 F6000
G1 F1200
G1 X106.735 Y91.398 E.02613
G1 X106.192 Y91.398 E.01782
G1 X106.192 Y90.602 E.02613
G1 X106.675 Y90.602 E.01585
G1 X106.931 Y90.5 F18000
M204 P2000
;TYPE:Gap infill
;WIDTH:0.230842
G1 F1200
G1 X113.069 Y90.5 E.09305
G1 X113.537 Y90.806 F18000
;WIDTH:0.178668
G1 F1200
G1 X113.537 Y91.194 E.00426
G1 E-2.11123 F6000
;WIPE_START
G1 X113.537 Y90.806 E-.38877
;WIPE_END
G1 X106.463 Y91.194 F18000
G1 E2.5 F6000
;WIDTH:0.178666
G1 F1200
G1 X106.463 Y90.806 E.00426
; stop printing object SG90Adapter id:3152 copy 0
;LAYER_CHANGE
;Z:22.64
;HEIGHT:0.199999
G92 E0 ; zero the extruded length again
; BEFORE_LAYER_CHANGE 112 @ 22.64mm
G1 E-2.11123 F6000
;WIPE_START
G1 X106.463 Y91.194 E-.38877
;WIPE_END
; AFTER_LAYER_CHANGE 112 @ 22.64mm
;_SET_FAN_SPEED_CHANGING_LAYER
; printing object SG90Adapter id:3152 copy 0
G1 X111.382 Y128.21 Z22.64 F18000
G1 E2.5 F6000
M204 P1000
;TYPE:Outer wall
;WIDTH:0.42
G1 F1200
G1 X114.069 Y128.21 E.08174
G1 X114.069 Y129.79 E.04805
G1 X105.931 Y129.79 E.24754
G1 X105.931 Y128.21 E.04805
G1 X108.618 Y128.21 E.08174
G1 X108.618 Y127.21 E.03041
G1 X111.382 Y127.21 E.08405
G1 X111.382 Y128.15 E.02859
G1 X110.99 Y128.21 F18000
M204 P1500
;TYPE:Inner wall
;WIDTH:0.45
G1 F1200
G1 X110.99 Y128.602 E.01287
G1 X113.677 Y128.602 E.08825
G1 X113.677 Y129.398 E.02613
G1 X106.323 Y129.398 E.24148
G1 X106.323 Y128.602 E.02613
G1 X109.01 Y128.602 E.08825
G1 X109.01 Y127.602 E.03283
G1 X110.99 Y127.602 E.06499
G1 X110.99 Y128.15 E.01799
G1 X110.583 Y128.21 F18000
G1 F1200
G1 X110.583 Y128.991 E.02564
G1 X109.417 Y128.991 E.03826
G1 X109.417 Y128.009 E.03223
G1 X110.583 Y128.009 E.03826
G1 X110.583 Y128.15 E.00462
G1 E-1.75 F6000
;WIPE_START
G1 X110.583 Y128.991 E-.63064
G1 X110.423 Y128.991 E-.11936
;WIPE_END
G1 X110.786 Y129 F18000
G1 E2.5 F6000
M204 P2000
;TYPE:Gap infill
;WIDTH:0.431694
G1 F1200
G1 X113.474 Y129 E.08428
G1 X109.214 Y129 F18000
G1 F1200
G1 X106.526 Y129 E.08428
G1 E-1.75 F6000
;WIPE_START
G1 X107.526 Y129 E-.75
;WIPE_END
G1 X107.317 Y90.79 F18000
G1 E2.5 F6000
M204 P1000
;TYPE:Outer wall
;WIDTH:0.42
G1 F1200
G1 X107.317 Y91.79 E.03041
G1 X105.906 Y91.79 E.04291
G1 X105.906 Y90.21 E.04805
G1 X114.094 Y90.21 E.24903
G1 X114.094 Y91.79 E.04805
G1 X112.683 Y91.79 E.04291
G1 X112.683 Y90.79 E.03041
G1 X107.377 Y90.79 E.16137
G1 E-1.75 F6000
;WIPE_START
G1 F3600
G1 X107.317 Y91.788 E-.75
;WIPE_END
G1 X113.075 Y90.602 F18000
G1 E2.5 F6000
M204 P1500
;TYPE:Inner wall
;WIDTH:0.45
G1 F1200
G1 X113.702 Y90.602 E.02059
G1 X113.702 Y91.398 E.02613
G1 X113.075 Y91.398 E.02059
G1 X113.075 Y90.662 E.02416
G1 E-1.75 F6000
;WIPE_START
G1 X113.702 Y90.602 E-.47242
G1 X113.702 Y90.972 E-.27758
;WIPE_END
G1 X106.925 Y90.602 F18000
G1 E2.5 F6000
G1 F1200
G1 X106.925 Y91.398 E.02613
G1 X106.298 Y91.398 E.02059
G1 X106.298 Y90.602 E.02613
G1 X106.865 Y90.602 E.01862
G1 X107.121 Y90.5 F18000
M204 P2000
;TYPE:Gap infill
;WIDTH:0.230842
G1 F1200
G1 X112.879 Y90.5 E.08728
; stop printing object SG90Adapter id:3152 copy 0
;LAYER_CHANGE
;Z:22.84
;HEIGHT:0.200001
G92 E0 ; zero the extruded length again
; BEFORE_LAYER_CHANGE 113 @ 22.84mm
G1 E-1.75 F6000
;WIPE_START
G1 X111.879 Y90.5 E-.75
;WIPE_END
; AFTER_LAYER_CHANGE 113 @ 22.84mm
;_SET_FAN_SPEED_CHANGING_LAYER
; printing object SG90Adapter id:3152 copy 0
G1 X111.006 Y128.21 Z22.84 F18000
G1 E2.5 F6000
M204 P1000
;TYPE:Outer wall
;WIDTH:0.42
G1 F1200
G1 X113.935 Y128.21 E.08907
G1 X113.935 Y129.79 E.04805
G1 X106.065 Y129.79 E.23936
G1 X106.065 Y128.21 E.04805
G1 X108.994 Y128.21 E.08907
G1 X108.994 Y127.21 E.03041
G1 X111.006 Y127.21 E.06121
G1 X111.006 Y128.15 E.02859
G1 X110.614 Y128.21 F18000
M204 P1500
;TYPE:Inner wall
;WIDTH:0.45
G1 F1200
G1 X110.614 Y128.602 E.01287
G1 X113.543 Y128.602 E.09616
G1 X113.543 Y129.398 E.02613
G1 X106.457 Y129.398 E.23265
G1 X106.457 Y128.602 E.02613
G1 X109.386 Y128.602 E.09616
G1 X109.386 Y127.602 E.03283
G1 X110.614 Y127.602 E.04033
G1 X110.614 Y128.15 E.01799
G1 X110.207 Y128.21 F18000
G1 F1200
G1 X110.207 Y128.991 E.02564
G1 X109.793 Y128.991 E.0136
G1 X109.793 Y128.009 E.03223
G1 X110.207 Y128.009 E.0136
G1 X110.207 Y128.15 E.00462
G1 E-1.75 F6000
;WIPE_START
G1 X110.207 Y128.991 E-.63064
G1 X110.048 Y128.991 E-.11936
;WIPE_END
G1 X110.411 Y129 F18000
G1 E2.5 F6000
M204 P2000
;TYPE:Gap infill
;WIDTH:0.431694
G1 F1200
G1 X113.339 Y129 E.09184
G1 X109.589 Y129 F18000
G1 F1200
G1 X106.661 Y129 E.09184
G1 E-1.75 F6000
;WIPE_START
G1 X107.661 Y129 E-.75
;WIPE_END
G1 X107.537 Y90.79 F18000
G1 E2.5 F6000
M204 P1000
;TYPE:Outer wall
;WIDTH:0.42
G1 F1200
G1 X107.537 Y91 E.00639
G1 X107.537 Y91.79 E.02403
M106 S255
G1 X106.036 Y91.79 E.04565
G1 X106.036 Y90.21 E.04805
G1 X113.964 Y90.21 E.24112
G1 X113.964 Y91.79 E.04805
G1 X112.463 Y91.79 E.04565
G1 X112.463 Y91 E.02403
M106 S255
G1 X112.463 Y90.79 E.00639
G1 X107.597 Y90.79 E.14799
G1 E-1.75 F6000
;WIPE_START
G1 F3600
G1 X107.537 Y91.788 E-.75
;WIPE_END
G1 X112.855 Y90.602 F18000
G1 E2.5 F6000
M204 P1500
;TYPE:Inner wall
;WIDTH:0.45
G1 F1200
G1 X113.572 Y90.602 E.02354
G1 X113.572 Y91.398 E.02613
G1 X112.855 Y91.398 E.02354
G1 X112.855 Y90.662 E.02416
G1 E-1.75 F6000
;WIPE_START
G1 X113.572 Y90.602 E-.53968
G1 X113.572 Y90.883 E-.21032
;WIPE_END
G1 X107.145 Y90.602 F18000
G1 E2.5 F6000
G1 F1200
G1 X107.145 Y91.398 E.02613
G1 X106.428 Y91.398 E.02354
G1 X106.428 Y90.602 E.02613
G1 X107.085 Y90.602 E.02157
G1 X107.341 Y90.5 F18000
M204 P2000
;TYPE:Gap infill
;WIDTH:0.230842
G1 F1200
G1 X112.659 Y90.5 E.08061
; stop printing object SG90Adapter id:3152 copy 0
;LAYER_CHANGE
;Z:23.04
;HEIGHT:0.200001
G92 E0 ; zero the extruded length again
; BEFORE_LAYER_CHANGE 114 @ 23.04mm
G1 E-1.75 F6000
;WIPE_START
G1 X111.659 Y90.5 E-.75
;WIPE_END
; AFTER_LAYER_CHANGE 114 @ 23.04mm
;_SET_FAN_SPEED_CHANGING_LAYER
; printing object SG90Adapter id:3152 copy 0
G1 X110.373 Y128.21 Z23.04 F18000
G1 E2.5 F6000
M204 P1000
;TYPE:Outer wall
;WIDTH:0.42
G1 F1200
G1 X113.798 Y128.21 E.10416
G1 X113.798 Y129.79 E.04805
G1 X106.202 Y129.79 E.23101
G1 X106.202 Y128.21 E.04805
G1 X109.627 Y128.21 E.10416
G1 X109.627 Y127.21 E.03041
G1 X110.373 Y127.21 E.02269
G1 X110.373 Y128.15 E.02859
G1 X109.981 Y128.602 F18000
M204 P1500
;TYPE:Inner wall
;WIDTH:0.45
G1 F1200
G1 X113.406 Y128.602 E.11245
G1 X113.406 Y129.398 E.02613
G1 X106.594 Y129.398 E.22364
G1 X106.594 Y128.602 E.02613
G1 X109.921 Y128.602 E.10923
G1 E-1.75 F6000
;WIPE_START
G1 X110.921 Y128.602 E-.75
;WIPE_END
G1 X110 Y128.406 F18000
G1 E2.5 F6000
M204 P2000
;TYPE:Gap infill
;WIDTH:0.396954
G1 F1200
G1 X110 Y127.406 E.02855
G1 E-1.75 F6000
;WIPE_START
G1 X110 Y128.406 E-.75
;WIPE_END
G1 X106.798 Y129 F18000
G1 E2.5 F6000
;WIDTH:0.431694
G1 F1200
G1 X113.202 Y129 E.20082
G1 E-1.75 F6000
;WIPE_START
G1 X112.202 Y129 E-.75
;WIPE_END
G1 X107.801 Y90.79 F18000
G1 E2.5 F6000
M204 P1000
;TYPE:Outer wall
;WIDTH:0.42
G1 F1200
G1 X107.801 Y91 E.00639
G1 X107.801 Y91.79 E.02403
M106 S255
G1 X106.171 Y91.79 E.04957
G1 X106.171 Y90.21 E.04805
G1 X113.829 Y90.21 E.23291
G1 X113.829 Y91.79 E.04805
G1 X112.199 Y91.79 E.04957
G1 X112.199 Y91 E.02403
M106 S255
G1 X112.199 Y90.79 E.00639
G1 X107.861 Y90.79 E.13193
G1 E-1.75 F6000
;WIPE_START
G1 F3600
G1 X107.801 Y91.788 E-.75
;WIPE_END
G1 X112.591 Y90.602 F18000
G1 E2.5 F6000
M204 P1500
;TYPE:Inner wall
;WIDTH:0.45
G1 F1200
G1 X113.437 Y90.602 E.02775
G1 X113.437 Y91.398 E.02613
G1 X112.591 Y91.398 E.02775
G1 X112.591 Y90.662 E.02416
G1 E-1.75 F6000
;WIPE_START
G1 X113.437 Y90.602 E-.63546
G1 X113.437 Y90.755 E-.11454
;WIPE_END
G1 X107.409 Y90.602 F18000
G1 E2.5 F6000
G1 F1200
G1 X107.409 Y91.398 E.02613
G1 X106.563 Y91.398 E.02775
G1 X106.563 Y90.602 E.02613
G1 X107.349 Y90.602 E.02578
G1 X107.605 Y90.5 F18000
M204 P2000
;TYPE:Gap infill
;WIDTH:0.230842
G1 F1200
G1 X112.395 Y90.5 E.07261
; stop printing object SG90Adapter id:3152 copy 0
;LAYER_CHANGE
;Z:23.24
;HEIGHT:0.199999
G92 E0 ; zero the extruded length again
; BEFORE_LAYER_CHANGE 115 @ 23.24mm
G1 E-1.75 F6000
;WIPE_START
G1 X111.395 Y90.5 E-.75
;WIPE_END
; AFTER_LAYER_CHANGE 115 @ 23.24mm
;_SET_FAN_SPEED_CHANGING_LAYER
; printing object SG90Adapter id:3152 copy 0
G1 X113.637 Y128.21 Z23.24 F18000
G1 E2.5 F6000
M204 P1000
;TYPE:Outer wall
;WIDTH:0.42
G1 F1200
G1 X113.637 Y129.79 E.04805
G1 X106.363 Y129.79 E.22123
G1 X106.363 Y128.21 E.04805
G1 X113.577 Y128.21 E.2194
G1 X113.245 Y128.602 F18000
M204 P1500
;TYPE:Inner wall
;WIDTH:0.45
G1 F1200
G1 X113.245 Y129.398 E.02613
G1 X106.755 Y129.398 E.21308
G1 X106.755 Y128.602 E.02613
G1 X113.185 Y128.602 E.21111
G1 E-1.75 F6000
;WIPE_START
G1 X113.245 Y129.398 E-.59858
G1 X113.043 Y129.398 E-.15142
;WIPE_END
G1 X113.041 Y129 F18000
G1 E2.5 F6000
M204 P2000
;TYPE:Gap infill
;WIDTH:0.431694
G1 F1200
G1 X106.959 Y129 E.19074
G1 E-1.75 F6000
;WIPE_START
G1 X107.959 Y129 E-.75
;WIPE_END
G1 X108.135 Y90.79 F18000
G1 E2.5 F6000
M204 P1000
;TYPE:Outer wall
;WIDTH:0.42
G1 F1200
G1 X108.135 Y91 E.00639
G1 X108.135 Y91.79 E.02403
G1 X108.011 Y91.79 E.00377
M106 S255
G1 X106.326 Y91.79 E.05125
G1 X106.326 Y90.21 E.04805
G1 X113.674 Y90.21 E.22348
G1 X113.674 Y91.79 E.04805
G1 X111.989 Y91.79 E.05125
G1 X111.865 Y91.79 E.00377
G1 X111.865 Y91 E.02403
M106 S255
G1 X111.865 Y90.79 E.00639
G1 X108.195 Y90.79 E.11162
G1 E-1.75 F6000
;WIPE_START
G1 F3600
G1 X108.135 Y91.788 E-.75
;WIPE_END
G1 X112.257 Y90.602 F18000
G1 E2.5 F6000
M204 P1500
;TYPE:Inner wall
;WIDTH:0.45
G1 F1200
G1 X113.281 Y90.602 E.03363
G1 X113.281 Y91.398 E.02613
G1 X112.257 Y91.398 E.03363
G1 X112.257 Y90.662 E.02416
G1 E-1.75 F6000
;WIPE_START
G1 X113.256 Y90.604 E-.75
;WIPE_END
G1 X107.743 Y90.602 F18000
G1 E2.5 F6000
G1 F1200
G1 X107.743 Y91.398 E.02613
G1 X106.719 Y91.398 E.03363
G1 X106.719 Y90.602 E.02613
G1 X107.683 Y90.602 E.03166
G1 X107.939 Y90.5 F18000
M204 P2000
;TYPE:Gap infill
;WIDTH:0.230842
G1 F1200
G1 X112.061 Y90.5 E.06248
; stop printing object SG90Adapter id:3152 copy 0
;LAYER_CHANGE
;Z:23.44
;HEIGHT:0.200001
G92 E0 ; zero the extruded length again
; BEFORE_LAYER_CHANGE 116 @ 23.44mm
G1 E-1.75 F6000
;WIPE_START
G1 X111.061 Y90.5 E-.75
;WIPE_END
; AFTER_LAYER_CHANGE 116 @ 23.44mm
;_SET_FAN_SPEED_CHANGING_LAYER
; printing object SG90Adapter id:3152 copy 0
G1 X113.465 Y128.21 Z23.44 F18000
G1 E2.5 F6000
M204 P1000
;TYPE:Outer wall
;WIDTH:0.42
G1 F1200
G1 X113.465 Y129.79 E.04805
G1 X106.535 Y129.79 E.21079
G1 X106.535 Y128.21 E.04805
G1 X113.405 Y128.21 E.20897
G1 X113.073 Y128.602 F18000
M204 P1500
;TYPE:Inner wall
;WIDTH:0.45
G1 F1200
G1 X113.073 Y129.398 E.02613
G1 X106.927 Y129.398 E.20182
G1 X106.927 Y128.602 E.02613
G1 X113.013 Y128.602 E.19985
G1 E-1.75 F6000
;WIPE_START
G1 X113.073 Y129.398 E-.59858
G1 X112.871 Y129.398 E-.15142
;WIPE_END
G1 X112.87 Y129 F18000
G1 E2.5 F6000
M204 P2000
;TYPE:Gap infill
;WIDTH:0.431694
G1 F1200
G1 X107.13 Y129 E.17998
G1 E-1.75 F6000
;WIPE_START
G1 X108.13 Y129 E-.75
;WIPE_END
G1 X108.601 Y90.79 F18000
G1 E2.5 F6000
M204 P1000
;TYPE:Outer wall
;WIDTH:0.42
G1 F1200
G1 X108.601 Y91 E.00639
G1 X108.601 Y91.2 E.00608
M204 P500
;TYPE:Overhang wall
;WIDTH:0.409292
G1 X108.601 Y91.79 E.01743
G1 X108.545 Y91.79 E.00165
M204 P1000
;TYPE:Outer wall
;WIDTH:0.42
G1 X108.345 Y91.79 E.00608
M106 S255
G1 X106.496 Y91.79 E.05623
G1 X106.496 Y90.21 E.04805
G1 X113.504 Y90.21 E.21314
G1 X113.504 Y91.79 E.04805
G1 X111.655 Y91.79 E.05623
G1 X111.455 Y91.79 E.00608
M204 P500
;TYPE:Overhang wall
;WIDTH:0.409292
G1 X111.399 Y91.79 E.00165
G1 X111.399 Y91.2 E.01743
M204 P1000
;TYPE:Outer wall
;WIDTH:0.42
G1 X111.399 Y91 E.00608
M106 S255
G1 X111.399 Y90.79 E.00639
G1 X108.661 Y90.79 E.08327
G1 E-1.75 F6000
;WIPE_START
G1 F3600
G1 X108.601 Y91.2 E-.31077
G1 X108.601 Y91.786 E-.43923
;WIPE_END
G1 X111.791 Y90.602 F18000
G1 E2.5 F6000
M204 P1500
;TYPE:Inner wall
;WIDTH:0.45
G1 F1200
G1 X113.112 Y90.602 E.04337
G1 X113.112 Y91.398 E.02614
G1 X111.791 Y91.398 E.04337
G1 X111.791 Y90.662 E.02417
G1 E-1.75 F6000
;WIPE_START
G1 F4440
G1 X112.79 Y90.617 E-.75
;WIPE_END
G1 X108.209 Y90.602 F18000
G1 E2.5 F6000
G1 F1200
G1 X108.209 Y91.398 E.02614
G1 X106.888 Y91.398 E.04337
G1 X106.888 Y90.602 E.02614
G1 X108.149 Y90.602 E.0414
G1 X108.405 Y90.5 F18000
M204 P2000
;TYPE:Gap infill
;WIDTH:0.230842
G1 F1200
G1 X111.595 Y90.5 E.04835
G1 X111.995 Y91 F18000
;WIDTH:0.431694
G1 F1200
G1 X112.908 Y91 E.02864
G1 E-1.75 F6000
;WIPE_START
G1 X111.995 Y91 E-.75
;WIPE_END
G1 X108.005 Y91 F18000
G1 E2.5 F6000
G1 F1200
G1 X107.092 Y91 E.02864
; stop printing object SG90Adapter id:3152 copy 0
;LAYER_CHANGE
;Z:23.64
;HEIGHT:0.199999
G92 E0 ; zero the extruded length again
; BEFORE_LAYER_CHANGE 117 @ 23.64mm
G1 E-1.75 F6000
;WIPE_START
G1 X108.005 Y91 E-.75
;WIPE_END
; AFTER_LAYER_CHANGE 117 @ 23.64mm
;_SET_FAN_SPEED_CHANGING_LAYER
; printing object SG90Adapter id:3152 copy 0
G1 X113.267 Y128.21 Z23.64 F18000
G1 E2.5 F6000
M204 P1000
;TYPE:Outer wall
;WIDTH:0.42
G1 F1200
G1 X113.267 Y129.79 E.04805
G1 X106.733 Y129.79 E.19873
G1 X106.733 Y128.21 E.04805
G1 X113.207 Y128.21 E.19691
G1 X112.875 Y128.602 F18000
M204 P1500
;TYPE:Inner wall
;WIDTH:0.45
G1 F1200
G1 X112.875 Y129.398 E.02613
G1 X107.125 Y129.398 E.1888
G1 X107.125 Y128.602 E.02613
G1 X112.815 Y128.602 E.18683
G1 E-1.75 F6000
;WIPE_START
G1 X112.875 Y129.398 E-.59858
G1 X112.673 Y129.398 E-.15142
;WIPE_END
G1 X112.672 Y129 F18000
G1 E2.5 F6000
M204 P2000
;TYPE:Gap infill
;WIDTH:0.431694
G1 F1200
G1 X107.328 Y129 E.16754
G1 E-1.75 F6000
;WIPE_START
G1 X108.328 Y129 E-.75
;WIPE_END
G1 X109.554 Y90.79 F18000
G1 E2.5 F6000
M204 P1000
;TYPE:Outer wall
;WIDTH:0.42
G1 F1200
G1 X109.554 Y91 E.00639
G1 X109.554 Y91.2 E.00608
M204 P500
;TYPE:Overhang wall
;WIDTH:0.409292
G1 X109.554 Y91.79 E.01743
G1 X109.011 Y91.79 E.01605
M204 P1000
;TYPE:Outer wall
;WIDTH:0.42
G1 X108.811 Y91.79 E.00608
M106 S255
G1 X107.971 Y91.79 E.02555
G1 X107.317 Y91.79 E.01989
G1 X106.687 Y91.79 E.01916
G1 X106.687 Y90.21 E.04805
G1 X113.313 Y90.21 E.20152
G1 X113.313 Y91.79 E.04805
G1 X112.683 Y91.79 E.01916
G1 X112.029 Y91.79 E.01989
G1 X111.189 Y91.79 E.02555
G1 X110.989 Y91.79 E.00608
M204 P500
;TYPE:Overhang wall
;WIDTH:0.409292
G1 X110.446 Y91.79 E.01605
G1 X110.446 Y91.2 E.01743
M204 P1000
;TYPE:Outer wall
;WIDTH:0.42
G1 X110.446 Y91 E.00608
M106 S255
G1 X110.446 Y90.79 E.00639
G1 X109.614 Y90.79 E.0253
G1 E-1.75 F6000
;WIPE_START
G1 F3600
G1 X109.554 Y91.2 E-.31077
G1 X109.554 Y91.786 E-.43923
;WIPE_END
G1 X110.838 Y90.602 F18000
G1 E2.5 F6000
M204 P1500
;TYPE:Inner wall
;WIDTH:0.45
G1 F1200
G1 X111.34 Y90.602 E.01648
G1 X112.623 Y90.602 E.04213
G1 X112.921 Y90.602 E.00978
G1 X112.921 Y91.398 E.02614
G1 X111.189 Y91.398 E.05687
G1 X110.989 Y91.398 E.00657
M204 P500
;TYPE:Overhang wall
;WIDTH:0.409292
G1 X110.838 Y91.398 E.00446
G1 X110.838 Y91.2 E.00585
M204 P1500
;TYPE:Inner wall
;WIDTH:0.45
G1 X110.838 Y91 E.00657
M106 S255
G1 X110.838 Y90.662 E.0111
G1 E-1.75 F6000
;WIPE_START
G1 F3000
G1 X111.838 Y90.633 E-.75
;WIPE_END
G1 X109.162 Y90.602 F18000
G1 E2.5 F6000
G1 F1200
G1 X109.162 Y91 E.01307
G1 X109.162 Y91.2 E.00657
M204 P500
;TYPE:Overhang wall
;WIDTH:0.409292
G1 X109.162 Y91.398 E.00585
G1 X109.011 Y91.398 E.00446
M204 P1500
;TYPE:Inner wall
;WIDTH:0.45
G1 X108.811 Y91.398 E.00657
M106 S255
G1 X107.079 Y91.398 E.05687
G1 X107.079 Y90.602 E.02614
G1 X107.377 Y90.602 E.00978
G1 X108.6 Y90.602 E.04016
G1 X109.102 Y90.602 E.01648
G1 X109.358 Y90.5 F18000
M204 P2000
;TYPE:Gap infill
;WIDTH:0.230842
G1 F1200
G1 X110.642 Y90.5 E.01947
G1 X111.042 Y91 F18000
;WIDTH:0.431694
G1 F1200
G1 X112.717 Y91 E.05253
G1 E-1.75 F6000
;WIPE_START
G1 X111.717 Y91 E-.75
;WIPE_END
G1 X108.958 Y91 F18000
G1 E2.5 F6000
G1 F1200
G1 X107.283 Y91 E.05253
; stop printing object SG90Adapter id:3152 copy 0
;LAYER_CHANGE
;Z:23.84
;HEIGHT:0.200001
G92 E0 ; zero the extruded length again
; BEFORE_LAYER_CHANGE 118 @ 23.84mm
G1 E-1.75 F6000
;WIPE_START
G1 X108.283 Y91 E-.75
;WIPE_END
; AFTER_LAYER_CHANGE 118 @ 23.84mm
;_SET_FAN_SPEED_CHANGING_LAYER
; printing object SG90Adapter id:3152 copy 0
G1 X113.054 Y128.21 Z23.84 F18000
G1 E2.5 F6000
M204 P1000
;TYPE:Outer wall
;WIDTH:0.42
G1 F1200
G1 X113.054 Y129.79 E.04805
G1 X106.946 Y129.79 E.18578
G1 X106.946 Y128.21 E.04805
G1 X112.994 Y128.21 E.18396
G1 X112.662 Y128.602 F18000
M204 P1500
;TYPE:Inner wall
;WIDTH:0.45
G1 F1200
G1 X112.662 Y129.398 E.02613
G1 X107.338 Y129.398 E.17482
G1 X107.338 Y128.602 E.02613
G1 X112.602 Y128.602 E.17285
G1 E-1.75 F6000
;WIPE_START
G1 X112.662 Y129.398 E-.59858
G1 X112.46 Y129.398 E-.15142
;WIPE_END
G1 X112.459 Y129 F18000
G1 E2.5 F6000
M204 P2000
;TYPE:Gap infill
;WIDTH:0.431694
G1 F1200
G1 X107.541 Y129 E.15419
G1 E-1.75 F6000
;WIPE_START
G1 X108.541 Y129 E-.75
;WIPE_END
G1 X113.102 Y91.79 F18000
G1 E2.5 F6000
M204 P1000
;TYPE:Outer wall
;WIDTH:0.42
G1 F1200
G1 X112.472 Y91.79 E.01916
G1 X111.076 Y91.79 E.04246
G1 X110.236 Y91.79 E.02555
G1 X110.036 Y91.79 E.00608
M204 P500
;TYPE:Overhang wall
;WIDTH:0.409292
G1 X109.964 Y91.79 E.00213
M204 P1000
;TYPE:Outer wall
;WIDTH:0.42
G1 X109.764 Y91.79 E.00608
M106 S255
G1 X108.924 Y91.79 E.02555
G1 X107.528 Y91.79 E.04246
G1 X106.898 Y91.79 E.01916
G1 X106.898 Y90.21 E.04805
G1 X113.102 Y90.21 E.18869
G1 X113.102 Y91.73 E.04623
G1 X112.71 Y91.398 F18000
M204 P1500
;TYPE:Inner wall
;WIDTH:0.45
G1 F1200
G1 X112.412 Y91.398 E.00978
G1 X111.136 Y91.398 E.0419
G1 X110.236 Y91.398 E.02955
G1 X110.036 Y91.398 E.00657
M204 P500
;TYPE:Overhang wall
;WIDTH:0.409292
G1 X109.964 Y91.398 E.00213
M204 P1500
;TYPE:Inner wall
;WIDTH:0.45
G1 X109.764 Y91.398 E.00657
M106 S255
G1 X108.864 Y91.398 E.02955
G1 X107.588 Y91.398 E.0419
G1 X107.29 Y91.398 E.00978
G1 X107.29 Y90.602 E.02614
G1 X112.71 Y90.602 E.17796
G1 X112.71 Y91.338 E.02417
G1 X112.506 Y91 F18000
M204 P2000
;TYPE:Gap infill
;WIDTH:0.431694
G1 F1200
G1 X107.494 Y91 E.15716
; stop printing object SG90Adapter id:3152 copy 0
;LAYER_CHANGE
;Z:24.04
;HEIGHT:0.200001
G92 E0 ; zero the extruded length again
; BEFORE_LAYER_CHANGE 119 @ 24.04mm
G1 E-1.75 F6000
;WIPE_START
G1 X108.494 Y91 E-.75
;WIPE_END
; AFTER_LAYER_CHANGE 119 @ 24.04mm
;_SET_FAN_SPEED_CHANGING_LAYER
; printing object SG90Adapter id:3152 copy 0
G1 X112.8 Y128.21 Z24.04 F18000
G1 E2.5 F6000
M204 P1000
;TYPE:Outer wall
;WIDTH:0.42
G1 F1200
G1 X112.8 Y129.79 E.04805
G1 X107.2 Y129.79 E.17029
G1 X107.2 Y128.21 E.04805
G1 X112.74 Y128.21 E.16846
G1 X112.407 Y128.602 F18000
M204 P1500
;TYPE:Inner wall
;WIDTH:0.45
G1 F1200
G1 X112.407 Y129.398 E.02613
G1 X107.593 Y129.398 E.15809
G1 X107.593 Y128.602 E.02613
G1 X112.347 Y128.602 E.15612
G1 E-1.75 F6000
;WIPE_START
G1 X112.407 Y129.398 E-.59858
G1 X112.206 Y129.398 E-.15142
;WIPE_END
G1 X112.204 Y129 F18000
G1 E2.5 F6000
M204 P2000
;TYPE:Gap infill
;WIDTH:0.431694
G1 F1200
G1 X107.796 Y129 E.13821
G1 E-1.75 F6000
;WIPE_START
G1 X108.796 Y129 E-.75
;WIPE_END
G1 X112.857 Y91.79 F18000
G1 E2.5 F6000
M204 P1000
;TYPE:Outer wall
;WIDTH:0.42
G1 F1200
G1 X107.143 Y91.79 E.17378
G1 X107.143 Y90.21 E.04805
G1 X112.857 Y90.21 E.17378
G1 X112.857 Y91.73 E.04623
G1 X112.465 Y91.398 F18000
M204 P1500
;TYPE:Inner wall
;WIDTH:0.45
G1 F1200
G1 X107.535 Y91.398 E.16186
G1 X107.535 Y90.602 E.02613
G1 X112.465 Y90.602 E.16186
G1 X112.465 Y91.338 E.02416
G1 X112.261 Y91 F18000
M204 P2000
;TYPE:Gap infill
;WIDTH:0.431694
G1 F1200
G1 X107.739 Y91 E.14182
; stop printing object SG90Adapter id:3152 copy 0
;LAYER_CHANGE
;Z:24.24
;HEIGHT:0.199999
G92 E0 ; zero the extruded length again
; BEFORE_LAYER_CHANGE 120 @ 24.24mm
G1 E-1.75 F6000
;WIPE_START
G1 X108.739 Y91 E-.75
;WIPE_END
; AFTER_LAYER_CHANGE 120 @ 24.24mm
;_SET_FAN_SPEED_CHANGING_LAYER
; printing object SG90Adapter id:3152 copy 0
G1 X112.522 Y128.21 Z24.24 F18000
G1 E2.5 F6000
M204 P1000
;TYPE:Outer wall
;WIDTH:0.42
G1 F1200
G1 X112.522 Y129.79 E.04805
G1 X107.478 Y129.79 E.1534
G1 X107.478 Y128.21 E.04805
G1 X112.462 Y128.21 E.15157
G1 X112.13 Y128.602 F18000
M204 P1500
;TYPE:Inner wall
;WIDTH:0.45
G1 F1200
G1 X112.13 Y129.398 E.02613
G1 X107.87 Y129.398 E.13986
G1 X107.87 Y128.602 E.02613
G1 X112.07 Y128.602 E.13789
G1 E-1.75 F6000
;WIPE_START
G1 X112.13 Y129.398 E-.59858
G1 X111.928 Y129.398 E-.15142
;WIPE_END
G1 X111.926 Y129 F18000
G1 E2.5 F6000
M204 P2000
;TYPE:Gap infill
;WIDTH:0.431694
G1 F1200
G1 X108.074 Y129 E.1208
G1 E-1.75 F6000
;WIPE_START
G1 X109.074 Y129 E-.75
;WIPE_END
G1 X112.593 Y91.79 F18000
G1 E2.5 F6000
M204 P1000
;TYPE:Outer wall
;WIDTH:0.42
G1 F1200
G1 X107.407 Y91.79 E.15775
G1 X107.407 Y90.21 E.04805
G1 X112.593 Y90.21 E.15775
G1 X112.593 Y91.73 E.04623
G1 X112.201 Y91.398 F18000
M204 P1500
;TYPE:Inner wall
;WIDTH:0.45
G1 F1200
G1 X107.799 Y91.398 E.14455
G1 X107.799 Y90.602 E.02613
G1 X112.201 Y90.602 E.14455
G1 X112.201 Y91.338 E.02416
G1 X111.998 Y91 F18000
M204 P2000
;TYPE:Gap infill
;WIDTH:0.431694
G1 F1200
G1 X108.002 Y91 E.12528
; stop printing object SG90Adapter id:3152 copy 0
;LAYER_CHANGE
;Z:24.44
;HEIGHT:0.200001
G92 E0 ; zero the extruded length again
; BEFORE_LAYER_CHANGE 121 @ 24.44mm
G1 E-1.75 F6000
;WIPE_START
G1 X109.002 Y91 E-.75
;WIPE_END
; AFTER_LAYER_CHANGE 121 @ 24.44mm
;_SET_FAN_SPEED_CHANGING_LAYER
; printing object SG90Adapter id:3152 copy 0
G1 X112.187 Y128.21 Z24.44 F18000
G1 E2.5 F6000
M204 P1000
;TYPE:Outer wall
;WIDTH:0.42
G1 F1200
G1 X112.187 Y129.79 E.04805
G1 X107.813 Y129.79 E.13304
G1 X107.813 Y128.21 E.04805
G1 X112.127 Y128.21 E.13121
G1 X111.795 Y128.602 F18000
M204 P1500
;TYPE:Inner wall
;WIDTH:0.45
G1 F1200
G1 X111.795 Y129.398 E.02613
G1 X108.205 Y129.398 E.11788
G1 X108.205 Y128.602 E.02613
G1 X111.735 Y128.602 E.11591
G1 E-1.75 F6000
;WIPE_START
G1 X111.795 Y129.398 E-.59858
G1 X111.593 Y129.398 E-.15142
;WIPE_END
G1 X111.592 Y129 F18000
G1 E2.5 F6000
M204 P2000
;TYPE:Gap infill
;WIDTH:0.431694
G1 F1200
G1 X108.408 Y129 E.09981
G1 E-1.75 F6000
;WIPE_START
G1 X109.408 Y129 E-.75
;WIPE_END
G1 X112.261 Y91.79 F18000
G1 E2.5 F6000
M204 P1000
;TYPE:Outer wall
;WIDTH:0.42
G1 F1200
G1 X107.739 Y91.79 E.13753
G1 X107.739 Y90.21 E.04805
G1 X112.261 Y90.21 E.13753
G1 X112.261 Y91.73 E.04623
G1 X111.869 Y91.398 F18000
M204 P1500
;TYPE:Inner wall
;WIDTH:0.45
G1 F1200
G1 X108.131 Y91.398 E.12272
G1 X108.131 Y90.602 E.02613
G1 X111.869 Y90.602 E.12272
G1 X111.869 Y91.338 E.02416
G1 X111.665 Y91 F18000
M204 P2000
;TYPE:Gap infill
;WIDTH:0.431694
G1 F1200
G1 X108.335 Y91 E.10444
; stop printing object SG90Adapter id:3152 copy 0
;LAYER_CHANGE
;Z:24.64
;HEIGHT:0.199999
G92 E0 ; zero the extruded length again
; BEFORE_LAYER_CHANGE 122 @ 24.64mm
G1 E-1.75 F6000
;WIPE_START
G1 X109.335 Y91 E-.75
;WIPE_END
; AFTER_LAYER_CHANGE 122 @ 24.64mm
;_SET_FAN_SPEED_CHANGING_LAYER
; printing object SG90Adapter id:3152 copy 0
G1 X111.772 Y128.21 Z24.64 F18000
G1 E2.5 F6000
M204 P1000
;TYPE:Outer wall
;WIDTH:0.42
G1 F1200
G1 X111.772 Y129.79 E.04805
G1 X108.228 Y129.79 E.1078
G1 X108.228 Y128.21 E.04805
G1 X111.712 Y128.21 E.10597
G1 X111.38 Y128.602 F18000
M204 P1500
;TYPE:Inner wall
;WIDTH:0.45
G1 F1200
G1 X111.38 Y129.398 E.02613
G1 X108.62 Y129.398 E.09063
G1 X108.62 Y128.602 E.02613
G1 X111.32 Y128.602 E.08866
G1 E-1.75 F6000
;WIPE_START
G1 X111.38 Y129.398 E-.59858
G1 X111.178 Y129.398 E-.15142
;WIPE_END
G1 X111.177 Y129 F18000
G1 E2.5 F6000
M204 P2000
;TYPE:Gap infill
;WIDTH:0.431694
G1 F1200
G1 X108.823 Y129 E.07379
G1 E-1.75 F6000
;WIPE_START
G1 X109.823 Y129 E-.75
;WIPE_END
G1 X111.867 Y91.79 F18000
G1 E2.5 F6000
M204 P1000
;TYPE:Outer wall
;WIDTH:0.42
G1 F1200
G1 X108.133 Y91.79 E.11359
G1 X108.133 Y90.21 E.04805
G1 X111.867 Y90.21 E.11359
G1 X111.867 Y91.73 E.04623
G1 X111.475 Y91.398 F18000
M204 P1500
;TYPE:Inner wall
;WIDTH:0.45
G1 F1200
G1 X108.525 Y91.398 E.09688
G1 X108.525 Y90.602 E.02613
G1 X111.475 Y90.602 E.09688
G1 X111.475 Y91.338 E.02416
G1 X111.272 Y91 F18000
M204 P2000
;TYPE:Gap infill
;WIDTH:0.431694
G1 F1200
G1 X108.728 Y91 E.07976
; stop printing object SG90Adapter id:3152 copy 0
;LAYER_CHANGE
;Z:24.84
;HEIGHT:0.200001
G92 E0 ; zero the extruded length again
; BEFORE_LAYER_CHANGE 123 @ 24.84mm
G1 E-1.75 F6000
;WIPE_START
G1 X109.728 Y91 E-.75
;WIPE_END
; AFTER_LAYER_CHANGE 123 @ 24.84mm
;_SET_FAN_SPEED_CHANGING_LAYER
; printing object SG90Adapter id:3152 copy 0
G1 X111.228 Y128.21 Z24.84 F18000
G1 E2.5 F6000
M204 P1000
;TYPE:Outer wall
;WIDTH:0.42
G1 F1200
G1 X111.228 Y129.79 E.04805
G1 X108.772 Y129.79 E.07468
G1 X108.772 Y128.21 E.04805
G1 X111.168 Y128.21 E.07285
G1 X110.836 Y128.602 F18000
M204 P1500
;TYPE:Inner wall
;WIDTH:0.45
G1 F1200
G1 X110.836 Y129.398 E.02613
G1 X109.164 Y129.398 E.05487
G1 X109.164 Y128.602 E.02613
G1 X110.776 Y128.602 E.0529
G1 E-1.75 F6000
;WIPE_START
G1 X110.836 Y129.398 E-.59858
G1 X110.634 Y129.398 E-.15142
;WIPE_END
G1 X110.632 Y129 F18000
G1 E2.5 F6000
M204 P2000
;TYPE:Gap infill
;WIDTH:0.431694
G1 F1200
G1 X109.368 Y129 E.03964
G1 E-1.75 F6000
;WIPE_START
G1 X110.368 Y129 E-.75
;WIPE_END
G1 X111.358 Y91.79 F18000
G1 E2.5 F6000
M204 P1000
;TYPE:Outer wall
;WIDTH:0.42
G1 F1200
G1 X108.642 Y91.79 E.08263
G1 X108.642 Y90.21 E.04805
G1 X111.358 Y90.21 E.08263
G1 X111.358 Y91.73 E.04623
G1 X110.966 Y91.398 F18000
M204 P1500
;TYPE:Inner wall
;WIDTH:0.45
G1 F1200
G1 X109.034 Y91.398 E.06345
G1 X109.034 Y90.602 E.02613
G1 X110.966 Y90.602 E.06345
G1 X110.966 Y91.338 E.02416
G1 X110.763 Y91 F18000
M204 P2000
;TYPE:Gap infill
;WIDTH:0.431694
G1 F1200
G1 X109.237 Y91 E.04784
; stop printing object SG90Adapter id:3152 copy 0
;LAYER_CHANGE
;Z:25.04
;HEIGHT:0.200001
G92 E0 ; zero the extruded length again
; BEFORE_LAYER_CHANGE 124 @ 25.04mm
G1 E-1.75 F6000
;WIPE_START
G1 X110.237 Y91 E-.75
;WIPE_END
; AFTER_LAYER_CHANGE 124 @ 25.04mm
;_SET_FAN_SPEED_CHANGING_LAYER
; printing object SG90Adapter id:3152 copy 0
G1 X110.163 Y128.189 Z25.04 F18000
G1 E2.5 F6000
M204 P1000
;TYPE:Outer wall
;WIDTH:0.37852
G1 F1200
G1 X110.163 Y129.811 E.04389
G1 X109.837 Y129.811 E.0088
G1 X109.837 Y128.189 E.04389
G1 X110.103 Y128.189 E.00717
G1 E-1.75 F6000
;WIPE_START
G1 F3600
G1 X110.139 Y129.189 E-.75
;WIPE_END
G1 X110.545 Y91.79 F18000
G1 E2.5 F6000
;WIDTH:0.42
G1 F1200
G1 X109.455 Y91.79 E.03315
G1 X109.455 Y90.21 E.04805
G1 X110.545 Y90.21 E.03315
G1 X110.545 Y91.73 E.04623
G1 E-1.75 F6000
;WIPE_START
G1 F3600
G1 X109.546 Y91.785 E-.75
;WIPE_END
G1 X109.644 Y91.545 F18000
G1 E2.5 F6000
M204 P2000
;TYPE:Gap infill
;WIDTH:0.0995244
G1 F1200
G1 X109.748 Y91.57 E.00049
G1 X109.922 Y91.58 E.00079
G1 X110.069 Y91.601 F18000
;WIDTH:0.222134
G1 F1200
G1 X110.265 Y91.51 E.00313
G1 X110.272 Y91 E.00738
G1 X110.197 Y90.85 E.00243
;WIDTH:0.273695
G1 X110.122 Y90.699 E.00313
;WIDTH:0.315654
G1 X110.047 Y90.549 E.0037
;WIDTH:0.357613
G1 X109.972 Y90.399 E.00427
G1 X109.738 Y90.549 F18000
M204 P1000
;TYPE:Top surface
;WIDTH:0.42
G1 F1200
G1 X109.808 Y90.493 E.00272
G1 X109.825 Y90.399 F18000
M204 P2000
;TYPE:Gap infill
;WIDTH:0.384853
G1 F1200
G1 X109.93 Y90.471 E.00352
;WIDTH:0.407396
G1 X110.035 Y90.543 E.00375
;WIDTH:0.452483
G1 X110.14 Y90.615 E.00421
;WIDTH:0.494096
G1 X110.123 Y90.766 E.00555
G1 X109.883 Y90.874 E.00955
;WIDTH:0.463349
G1 X109.644 Y90.981 E.0089
G1 X109.738 Y91.311 F18000
M204 P1000
;TYPE:Top surface
;WIDTH:0.42
G1 F1200
G1 X109.803 Y91.356 E.0024
G1 X110 Y91.377 E.00604
G1 X110 Y91 E.01147
; stop printing object SG90Adapter id:3152 copy 0
G1 E-1.75 F6000
;WIPE_START
G1 F3600
G1 X110 Y91.377 E-.43207
G1 X109.803 Y91.356 E-.22748
G1 X109.738 Y91.311 E-.09045
;WIPE_END
M106 S0
;TYPE:Custom
; filament end gcode 
M140 S0; Heatbed off
M107; Fan off 
G91; relative positioning 
M83 ; extruder relative mode
G1 E-3 F3000 ;retract the filament a bit before lifting the nozzle, to release some of the pressure
G1 Z+0.5 F3000 ;move Z up a bit and retract filament even more
M104 S0; Extruder off
G28 X Y;move X/Y to min endstops, so the head is out of the way
G90; absolute positioning 
G1 Y220 F3000
M84 ;steppers off
M300 S1318 P266
; EXECUTABLE_BLOCK_END

; filament used [mm] = 769.26
; filament used [cm3] = 1.85
; filament used [g] = 2.29
; filament cost = 0.05
; total filament used [g] = 2.29
; total filament cost = 0.05
; total layers count = 125
; estimated printing time (normal mode) = 15m 26s
; estimated first layer printing time (normal mode) = 9s

; CONFIG_BLOCK_START
; accel_to_decel_enable = 1
; accel_to_decel_factor = 50%
; activate_air_filtration = 0
; activate_chamber_temp_control = 0
; adaptive_bed_mesh_margin = 0
; adaptive_pressure_advance = 0
; adaptive_pressure_advance_bridges = 0
; adaptive_pressure_advance_model = "0,0,0\n0,0,0"
; adaptive_pressure_advance_overhangs = 0
; additional_cooling_fan_speed = 70
; align_infill_direction_to_model = 0
; alternate_extra_wall = 0
; auxiliary_fan = 0
; bbl_calib_mark_logo = 1
; bbl_use_printhost = 0
; bed_custom_model = 
; bed_custom_texture = 
; bed_exclude_area = 0x0
; bed_mesh_max = 0,0
; bed_mesh_min = 0,0
; bed_mesh_probe_distance = 0,0
; before_layer_change_gcode = G92 E0 ; zero the extruded length again\n; BEFORE_LAYER_CHANGE [layer_num] @ [layer_z]mm
; best_object_pos = 0.5,0.5
; bottom_shell_layers = 5
; bottom_shell_thickness = 0.6
; bottom_solid_infill_flow_ratio = 1
; bottom_surface_density = 100%
; bottom_surface_pattern = archimedeanchords
; bridge_acceleration = 50%
; bridge_angle = 0
; bridge_density = 100%
; bridge_flow = 0.9
; bridge_no_support = 1
; bridge_speed = 30
; brim_ears_detection_length = 1
; brim_ears_max_angle = 125
; brim_object_gap = 0.15
; brim_type = outer_only
; brim_width = 5
; calib_flowrate_topinfill_special_order = 0
; chamber_temperature = 0
; change_extrusion_role_gcode = 
; change_filament_gcode = 
; close_fan_the_first_x_layers = 1
; complete_print_exhaust_fan_speed = 80
; cool_plate_temp = 35
; cool_plate_temp_initial_layer = 35
; cooling_tube_length = 0
; cooling_tube_retraction = 0
; counterbore_hole_bridging = none
; curr_bed_type = High Temp Plate
; default_acceleration = 2000
; default_bed_type = 
; default_filament_colour = ""
; default_filament_profile = "Anycubic PLA @Anycubic Kobra 2 Neo 0.4 nozzle"
; default_jerk = 0
; default_junction_deviation = 0
; default_print_profile = 0.20mm Standard @Anycubic Kobra 2 Neo 0.4 nozzle
; deretraction_speed = 0
; detect_narrow_internal_solid_infill = 1
; detect_overhang_wall = 1
; detect_thin_wall = 0
; different_settings_to_system = bottom_shell_layers;bottom_surface_pattern;enable_support;sparse_infill_pattern;support_type;top_shell_layers;top_surface_pattern;wall_loops;;
; disable_m73 = 1
; dont_filter_internal_bridges = disabled
; dont_slow_down_outer_wall = 0
; draft_shield = disabled
; during_print_exhaust_fan_speed = 60
; elefant_foot_compensation = 0.075
; elefant_foot_compensation_layers = 1
; emit_machine_limits_to_gcode = 1
; enable_arc_fitting = 1
; enable_extra_bridge_layer = disabled
; enable_filament_ramming = 0
; enable_long_retraction_when_cut = 0
; enable_overhang_bridge_fan = 1
; enable_overhang_speed = 1
; enable_pressure_advance = 0
; enable_prime_tower = 0
; enable_support = 1
; enforce_support_layers = 0
; eng_plate_temp = 0
; eng_plate_temp_initial_layer = 0
; ensure_vertical_shell_thickness = ensure_all
; exclude_object = 0
; extra_loading_move = 0
; extra_perimeters_on_overhangs = 1
; extra_solid_infills = 
; extruder_clearance_height_to_lid = 20
; extruder_clearance_height_to_rod = 20
; extruder_clearance_radius = 20
; extruder_colour = #69A4FF
; extruder_offset = 0x0
; extrusion_rate_smoothing_external_perimeter_only = 0
; fan_cooling_layer_time = 100
; fan_kickstart = 0
; fan_max_speed = 100
; fan_min_speed = 80
; fan_speedup_overhangs = 1
; fan_speedup_time = 0
; filament_colour = #69A4FF
; filament_cooling_final_speed = 0
; filament_cooling_initial_speed = 0
; filament_cooling_moves = 0
; filament_cost = 20
; filament_density = 1.24
; filament_diameter = 1.75
; filament_end_gcode = "; filament end gcode \n"
; filament_flow_ratio = 0.97
; filament_ids = GFL99
; filament_is_support = 0
; filament_loading_speed = 0
; filament_loading_speed_start = 0
; filament_max_volumetric_speed = 12
; filament_minimal_purge_on_wipe_tower = 15
; filament_multitool_ramming = 0
; filament_multitool_ramming_flow = 10
; filament_multitool_ramming_volume = 10
; filament_notes = ""
; filament_ramming_parameters = "120 100 6.6 6.8 7.2 7.6 7.9 8.2 8.7 9.4 9.9 10.0| 0.05 6.6 0.45 6.8 0.95 7.8 1.45 8.3 1.95 9.7 2.45 10 2.95 7.6 3.45 7.6 3.95 7.6 4.45 7.6 4.95 7.6"
; filament_settings_id = "Anycubic PLA @Anycubic Kobra 2 Neo 0.4 nozzle"
; filament_shrink = 100%
; filament_shrinkage_compensation_z = 100%
; filament_soluble = 0
; filament_stamping_distance = 0
; filament_stamping_loading_speed = 0
; filament_start_gcode = "; filament start gcode\n"
; filament_toolchange_delay = 0
; filament_type = PLA
; filament_unloading_speed = 0
; filament_unloading_speed_start = 0
; filament_vendor = Anycubic
; filename_format = {input_filename_base}_{filament_type[0]}_{layer_height}_{print_time}.gcode
; fill_multiline = 1
; filter_out_gap_fill = 0
; first_layer_print_sequence = 0
; flush_into_infill = 0
; flush_into_objects = 0
; flush_into_support = 0
; flush_multiplier = 1
; flush_volumes_matrix = 0
; flush_volumes_vector = 140,140
; full_fan_speed_layer = 3
; fuzzy_skin = none
; fuzzy_skin_first_layer = 0
; fuzzy_skin_mode = displacement
; fuzzy_skin_noise_type = classic
; fuzzy_skin_octaves = 4
; fuzzy_skin_persistence = 0.5
; fuzzy_skin_point_distance = 0.8
; fuzzy_skin_scale = 1
; fuzzy_skin_thickness = 0.3
; gap_fill_target = topbottom
; gap_infill_speed = 100
; gcode_add_line_number = 0
; gcode_comments = 0
; gcode_flavor = marlin2
; gcode_label_objects = 1
; has_scarf_joint_seam = 0
; head_wrap_detect_zone = 
; high_current_on_filament_swap = 0
; hole_to_polyhole = 0
; hole_to_polyhole_threshold = 0.01
; hole_to_polyhole_twisted = 1
; host_type = octoprint
; hot_plate_temp = 60
; hot_plate_temp_initial_layer = 60
; idle_temperature = 0
; independent_support_layer_height = 1
; infill_anchor = 400
; infill_anchor_max = 10
; infill_combination = 0
; infill_combination_max_layer_height = 100%
; infill_direction = 45
; infill_jerk = 9
; infill_lock_depth = 1
; infill_overhang_angle = 60
; infill_shift_step = 0.4
; infill_wall_overlap = 15%
; inherits_group = "0.20mm Standard @Anycubic Kobra 2 Neo 0.4 nozzle";;
; initial_layer_acceleration = 500
; initial_layer_infill_speed = 50
; initial_layer_jerk = 9
; initial_layer_line_width = 0.5
; initial_layer_min_bead_width = 85%
; initial_layer_print_height = 0.24
; initial_layer_speed = 50
; initial_layer_travel_speed = 100%
; inner_wall_acceleration = 1500
; inner_wall_jerk = 10
; inner_wall_line_width = 0.45
; inner_wall_speed = 100
; interface_shells = 0
; interlocking_beam = 0
; interlocking_beam_layer_count = 2
; interlocking_beam_width = 0.8
; interlocking_boundary_avoidance = 2
; interlocking_depth = 2
; interlocking_orientation = 22.5
; internal_bridge_angle = 0
; internal_bridge_density = 100%
; internal_bridge_fan_speed = -1
; internal_bridge_flow = 1
; internal_bridge_speed = 150%
; internal_solid_infill_acceleration = 100%
; internal_solid_infill_line_width = 0.42
; internal_solid_infill_pattern = rectilinear
; internal_solid_infill_speed = 100
; ironing_angle = -1
; ironing_fan_speed = -1
; ironing_flow = 15%
; ironing_inset = 0
; ironing_pattern = rectilinear
; ironing_spacing = 0.1
; ironing_speed = 15
; ironing_type = no ironing
; is_infill_first = 0
; lateral_lattice_angle_1 = -45
; lateral_lattice_angle_2 = 45
; layer_change_gcode = ; AFTER_LAYER_CHANGE [layer_num] @ [layer_z]mm
; layer_height = 0.2
; line_width = 0.42
; long_retractions_when_cut = 0
; machine_end_gcode = M140 S0; Heatbed off\nM107; Fan off \nG91; relative positioning \nM83 ; extruder relative mode\nG1 E-3 F3000 ;retract the filament a bit before lifting the nozzle, to release some of the pressure\nG1 Z+0.5 F3000 ;move Z up a bit and retract filament even more\nM104 S0; Extruder off\nG28 X Y;move X/Y to min endstops, so the head is out of the way\nG90; absolute positioning \nG1 Y220 F3000\nM84 ;steppers off\nM300 S1318 P266
; machine_load_filament_time = 42
; machine_max_acceleration_e = 2000,2000
; machine_max_acceleration_extruding = 2000,2000
; machine_max_acceleration_retracting = 2000,2000
; machine_max_acceleration_travel = 20000,20000
; machine_max_acceleration_x = 2000,2000
; machine_max_acceleration_y = 2000,2000
; machine_max_acceleration_z = 800,800
; machine_max_jerk_e = 5,5
; machine_max_jerk_x = 10,10
; machine_max_jerk_y = 10,10
; machine_max_jerk_z = 2,2
; machine_max_junction_deviation = 0,0
; machine_max_speed_e = 100,100
; machine_max_speed_x = 300,300
; machine_max_speed_y = 300,300
; machine_max_speed_z = 8,8
; machine_min_extruding_rate = 0,0
; machine_min_travel_rate = 0,0
; machine_pause_gcode = M601
; machine_start_gcode = G21 ; metric values\nG90 ; use absolute coordinates\nM83 ; extruder relative mode\nM104 S[first_layer_temperature] ; set extruder temp\nM140 S[first_layer_bed_temperature] ; set bed temp\nG28; move X/Y/Z to min endstops\nM420 S1\nM300 S1318 P266\nG1 Z5 F5000 ; lift nozzle\nG1 X0 Y0  F3000\nG1 Z0.3; lift nozzle a bit\nG92 E0 ; zero after lift\nG1 X10 Y5 F1800 ; move to purge line start position\nM190 S[first_layer_bed_temperature] ; wait for bed temp\nM109 S[first_layer_temperature] ; wait for extruder temp\nG1 X60 Y5 E20 F500 ; Extrude 20mm of filament in a 5cm line. \nG92 E0 ; zero the extruded length again \nG1 E-4.5 F4000 ; Retract a little \nG92 E0 ; zero the extruded length again\nG1 X120 F4000 ; Quickly wipe away from the filament line\nM117 Printing... ; Display status message
; machine_tool_change_time = 0
; machine_unload_filament_time = 0
; make_overhang_printable = 0
; make_overhang_printable_angle = 55
; make_overhang_printable_hole_size = 0
; manual_filament_change = 0
; max_bridge_length = 10
; max_layer_height = 0.28
; max_resonance_avoidance_speed = 120
; max_travel_detour_distance = 0
; max_volumetric_extrusion_rate_slope = 0
; max_volumetric_extrusion_rate_slope_segment_length = 5
; min_bead_width = 85%
; min_feature_size = 25%
; min_layer_height = 0.08
; min_length_factor = 0.5
; min_resonance_avoidance_speed = 70
; min_skirt_length = 0
; min_width_top_surface = 300%
; minimum_sparse_infill_area = 15
; mmu_segmented_region_interlocking_depth = 0
; mmu_segmented_region_max_width = 0
; notes = 
; nozzle_diameter = 0.4
; nozzle_height = 4
; nozzle_hrc = 0
; nozzle_temperature = 190
; nozzle_temperature_initial_layer = 220
; nozzle_temperature_range_high = 230
; nozzle_temperature_range_low = 190
; nozzle_type = brass
; nozzle_volume = 0
; only_one_wall_first_layer = 0
; only_one_wall_top = 1
; ooze_prevention = 0
; other_layers_print_sequence = 0
; other_layers_print_sequence_nums = 0
; outer_wall_acceleration = 1000
; outer_wall_jerk = 10
; outer_wall_line_width = 0.42
; outer_wall_speed = 60
; overhang_1_4_speed = 60
; overhang_2_4_speed = 50
; overhang_3_4_speed = 30
; overhang_4_4_speed = 10
; overhang_fan_speed = 100
; overhang_fan_threshold = 50%
; overhang_reverse = 0
; overhang_reverse_internal_only = 0
; overhang_reverse_threshold = 50%
; parking_pos_retraction = 0
; pellet_flow_coefficient = 0.4157
; pellet_modded_printer = 0
; post_process = 
; precise_outer_wall = 0
; precise_z_height = 0
; preferred_orientation = 0
; preheat_steps = 1
; preheat_time = 30
; pressure_advance = 0.04
; prime_tower_brim_width = 5
; prime_tower_width = 45
; prime_volume = 45
; print_compatible_printers = "Anycubic Kobra 2 Neo 0.4 nozzle"
; print_flow_ratio = 1
; print_order = default
; print_sequence = by layer
; print_settings_id = 0.20mm Philip @Anycubic Kobra 2 Neo 0.4 nozzle
; printable_area = 0x0,220x0,220x220,0x220
; printable_height = 250
; printer_model = Anycubic Kobra 2 Neo
; printer_notes = 
; printer_settings_id = Anycubic Kobra 2 Neo 0.4 nozzle
; printer_structure = i3
; printer_technology = FFF
; printer_variant = 0.4
; printhost_authorization_type = key
; printhost_ssl_ignore_revoke = 0
; printing_by_object_gcode = 
; purge_in_prime_tower = 0
; raft_contact_distance = 0.1
; raft_expansion = 1.5
; raft_first_layer_density = 90%
; raft_first_layer_expansion = 2
; raft_layers = 0
; reduce_crossing_wall = 0
; reduce_fan_stop_start_freq = 1
; reduce_infill_retraction = 1
; required_nozzle_HRC = 0
; resolution = 0.012
; resonance_avoidance = 0
; retract_before_wipe = 70%
; retract_length_toolchange = 0
; retract_lift_above = 0.3
; retract_lift_below = 258
; retract_lift_enforce = All Surfaces
; retract_restart_extra = 0
; retract_restart_extra_toolchange = 0
; retract_when_changing_layer = 1
; retraction_distances_when_cut = 18
; retraction_length = 2.5
; retraction_minimum_travel = 1
; retraction_speed = 100
; role_based_wipe_speed = 1
; scan_first_layer = 0
; scarf_angle_threshold = 155
; scarf_joint_flow_ratio = 1
; scarf_joint_speed = 100%
; scarf_overhang_threshold = 40%
; seam_gap = 15%
; seam_position = aligned
; seam_slope_conditional = 0
; seam_slope_entire_loop = 0
; seam_slope_inner_walls = 0
; seam_slope_min_length = 20
; seam_slope_start_height = 0
; seam_slope_steps = 10
; seam_slope_type = none
; silent_mode = 0
; single_extruder_multi_material = 1
; single_extruder_multi_material_priming = 0
; single_loop_draft_shield = 0
; skeleton_infill_density = 25%
; skeleton_infill_line_width = 100%
; skin_infill_density = 25%
; skin_infill_depth = 2
; skin_infill_line_width = 100%
; skirt_distance = 2
; skirt_height = 1
; skirt_loops = 0
; skirt_speed = 50
; skirt_start_angle = -135
; skirt_type = combined
; slice_closing_radius = 0.049
; slicing_mode = regular
; slow_down_for_layer_cooling = 1
; slow_down_layer_time = 9
; slow_down_layers = 1
; slow_down_min_speed = 20
; slowdown_for_curled_perimeters = 0
; small_area_infill_flow_compensation = 0
; small_area_infill_flow_compensation_model = 0,0;"\n0.2,0.4444";"\n0.4,0.6145";"\n0.6,0.7059";"\n0.8,0.7619";"\n1.5,0.8571";"\n2,0.8889";"\n3,0.9231";"\n5,0.9520";"\n10,1"
; small_perimeter_speed = 50%
; small_perimeter_threshold = 0
; solid_infill_direction = 45
; solid_infill_filament = 1
; solid_infill_rotate_template = 0,90
; sparse_infill_acceleration = 100%
; sparse_infill_density = 15%
; sparse_infill_filament = 1
; sparse_infill_line_width = 0.45
; sparse_infill_pattern = gyroid
; sparse_infill_rotate_template = 
; sparse_infill_speed = 150
; spiral_finishing_flow_ratio = 0
; spiral_mode = 0
; spiral_mode_max_xy_smoothing = 200%
; spiral_mode_smooth = 0
; spiral_starting_flow_ratio = 0
; staggered_inner_seams = 0
; standby_temperature_delta = -5
; start_end_points = 30x-3,54x245
; supertack_plate_temp = 35
; supertack_plate_temp_initial_layer = 35
; support_air_filtration = 1
; support_angle = 0
; support_base_pattern = rectilinear
; support_base_pattern_spacing = 0.2
; support_bottom_interface_spacing = 0.5
; support_bottom_z_distance = 0.1
; support_chamber_temp_control = 1
; support_critical_regions_only = 0
; support_expansion = 0
; support_filament = 0
; support_interface_bottom_layers = -1
; support_interface_filament = 0
; support_interface_loop_pattern = 0
; support_interface_not_for_body = 1
; support_interface_pattern = auto
; support_interface_spacing = 0.5
; support_interface_speed = 80
; support_interface_top_layers = 2
; support_ironing = 0
; support_ironing_flow = 10%
; support_ironing_pattern = rectilinear
; support_ironing_spacing = 0.1
; support_line_width = 0.4
; support_material_interface_fan_speed = -1
; support_multi_bed_types = 0
; support_object_first_layer_gap = 0.2
; support_object_xy_distance = 0.35
; support_on_build_plate_only = 1
; support_remove_small_overhang = 1
; support_speed = 100
; support_style = default
; support_threshold_angle = 40
; support_threshold_overlap = 50%
; support_top_z_distance = 0.1
; support_type = normal(auto)
; symmetric_infill_y_axis = 0
; temperature_vitrification = 60
; template_custom_gcode = 
; textured_cool_plate_temp = 40
; textured_cool_plate_temp_initial_layer = 40
; textured_plate_temp = 45
; textured_plate_temp_initial_layer = 45
; thick_bridges = 0
; thick_internal_bridges = 1
; thumbnails = 230x110/PNG
; thumbnails_format = PNG
; time_cost = 0
; time_lapse_gcode = 
; timelapse_type = 0
; top_bottom_infill_wall_overlap = 25%
; top_shell_layers = 5
; top_shell_thickness = 1
; top_solid_infill_flow_ratio = 1
; top_surface_acceleration = 1000
; top_surface_density = 100%
; top_surface_jerk = 9
; top_surface_line_width = 0.42
; top_surface_pattern = archimedeanchords
; top_surface_speed = 60
; travel_acceleration = 2000
; travel_jerk = 10
; travel_slope = 3
; travel_speed = 300
; travel_speed_z = 0
; tree_support_adaptive_layer_height = 1
; tree_support_angle_slow = 25
; tree_support_auto_brim = 1
; tree_support_branch_angle = 40
; tree_support_branch_angle_organic = 40
; tree_support_branch_diameter = 5
; tree_support_branch_diameter_angle = 5
; tree_support_branch_diameter_organic = 2
; tree_support_branch_distance = 5
; tree_support_branch_distance_organic = 1
; tree_support_brim_width = 3
; tree_support_tip_diameter = 0.8
; tree_support_top_rate = 30%
; tree_support_wall_count = 0
; upward_compatible_machine = 
; use_firmware_retraction = 0
; use_relative_e_distances = 1
; wall_direction = auto
; wall_distribution_count = 1
; wall_filament = 1
; wall_generator = classic
; wall_loops = 5
; wall_sequence = outer wall/inner wall
; wall_transition_angle = 10
; wall_transition_filter_deviation = 25%
; wall_transition_length = 100%
; wipe = 1
; wipe_before_external_loop = 0
; wipe_distance = 1
; wipe_on_loops = 0
; wipe_speed = 80%
; wipe_tower_bridging = 10
; wipe_tower_cone_angle = 15
; wipe_tower_extra_flow = 100%
; wipe_tower_extra_rib_length = 0
; wipe_tower_extra_spacing = 100%
; wipe_tower_filament = 0
; wipe_tower_fillet_wall = 1
; wipe_tower_max_purge_speed = 90
; wipe_tower_no_sparse_layers = 0
; wipe_tower_rib_width = 8
; wipe_tower_rotation_angle = 0
; wipe_tower_wall_type = rectangle
; wipe_tower_x = 0.000
; wipe_tower_x = 0
; wipe_tower_y = 250.000
; wipe_tower_y = 250
; wiping_volumes_extruders = 70,70,70,70,70,70,70,70,70,70
; xy_contour_compensation = 0
; xy_hole_compensation = 0.1
; z_hop = 0
; z_hop_types = Auto Lift
; z_offset = 0
; first_layer_bed_temperature = 60
; bed_shape = 0x0,220x0,220x220,0x220
; first_layer_temperature = 220
; first_layer_height = 0.240
; CONFIG_BLOCK_END


