; HEADER_BLOCK_START
; generated by OrcaSlicer 2.3.1 on 2026-04-12 at 17:41:14
; total layer number: 70
; filament_density: 1.24
; filament_diameter: 1.75
; max_z_height: 14.04
; HEADER_BLOCK_END

; THUMBNAIL_BLOCK_START

;
; thumbnail begin 230x110 3652
; iVBORw0KGgoAAAANSUhEUgAAAOYAAABuCAYAAAAziW8OAAAKeklEQVR4Ae2d+XMVVR7F+4cpp2a0Rh
; zLcYZSh5lhHHV0BrU0QiA+2QImwZiYBLKRWCggCoiyuIIIorJEQIJVLhGN+wLuu6jlUloKruUu7gta
; xZ9w7dPJjU2nX7++t2/36/fe+VR9iy1JVag++d4+33PvtSxCCCGEEEIIIYQQQgghhBBCCCGEEEIIIY
; SQwubPhxw9YvjIqR37/GH/IRYhJP8cNXbm/M7NPwvU5PO3bd/vwEOHWYSQ/IDuOG7WbVulKGW1rPts
; D8RqEUKS5a+Hl2cgQK8o3YXuyaUtIQlR1rCiK0iQ3u552P8n11qEkHiAwdOwYseusKJ0F8TM7kmIYU
; ZULVyqI0h3nXbJ9p0Qt0UIiQYcVggqqihR01Z/LI48+cweixCiD+aSJgSJOvXCR8XIqdeI4WWNFCYh
; uoxp39hjqktmZtzoiJLCJESTKAbP4HfKFwYESWESoonKGCSo2jd+Jyace/cgUVKYhCiALmnK4Gla9a
; 4ob+3yFSWFSYgCDSt3GjV4gorCJCQkY2feKqoXPSGmX/+9tsFT0bEppygpTEIUgDBRE8+7RzRd/X5k
; g4fCJEQRGDzeBI4UJmr8OXeI05e+krN7wuAZN2uLkigpTEI8eMcgcmsW8qtuYco69YJH7I/53FeUdU
; tfVRYkhUmIB/dGZm9haxaWsH7iRPesX/7GXh8/af6D2qKkMAmx+jYyQ3i53hOxbJ1y0bO+4pTds9F2
; bsMaPBQmIVnQyblibIIu6SfO0e0bIotSV5jcz0mKgig5V7xXYnQSlzCPyszYGnZfpvu9GN8T93OSgs
; RUzhVL2/Gze2MRJt5Rw+zL9Nv/ic9j9yQFhYmNzHIMAvFAiHEJ0+sKu7+PXPHAbJ9HSKowmXN1J3ji
; FqbbFZbHXQa5x35uMo/JJKlE5UHOVd6ca1LClF3Q7xjM3O/DPCaTpIyyhpU9prqkeyOzrDHTr09MmF
; GLx2SS1HDiGct31l76onbwHBWU4MHYpHrRkwUhTNk9aQyRvANhQjB40LNF53S7Japy7v2iZe1nBSNM
; WTwmk+QVKcxs0bmwBRcW75fezc0QkDM2OafXqDDRpeMUJorHZJK84RamOzrXtv5rrYcZJw+4I3djz+
; 4R1YufMtYxIfwzrnwzdlG6l7Ycq5DE8ROm7J66JxLIGaZpVxbbw/C1kxKluzhWIYmSTZiyEErXNYaw
; 3Jww505HpFGFiY3U+RCkt3siO2wREje5hCmNoWmrP9J+oCFsOL86woSp1Nq1K++idBfztiR2wgjTbQ
; xFGatA3BWd3aFFCTMpTYJ0F/O2JFbCCtOEMYT3wzB7MWHwYASTVlHKojFEYkNVmCaMoaDjKeOeT8ZR
; NIaIcXSEKSvKUZV+BzonMZuMu3v6/R9jyUvhEiWiCBOlc1Slu3viCoQ0GjxRuqd7aSs3m9PRJUq4hY
; nAObpYtmNBgpa2YY6qLJWS3dNvszkdXRIKtzAzM24SkxZsE3XLXhXVi59U7p5BR1Wyfis6uiQnbmFO
; mHOXberscMTVtuEb5c7pHqsUklDyUXR0SSDed0wsSTu6fxIdm3eLqoWPab97RhmrlFLR0SW++Jk/9V
; e8LhpWvCXGz7kzq/AqOjeLk5pWibLGlWJU8xoxxp5PnnLWLYO6p64xVErFExTIIHRcWbyLnlB/hSPK
; kzDqaF4tRrWshbEhTjn7lkEfH3UjdikUssD7DhnKLWakDx1hlrddZ4tylRg57VqnW5a3ruvvmDf3v5
; dusQXas9fnRNmIXczlvjWbwiQDaAnTFuLIaXaXbF4rRretFyefeUOfeWQ/YJPO34b3JlF14WODzCMT
; edtiKm/IgsIkA+gIEztEylvWOUtXhAPGze4VE+feZxs+DztjlimXPI/3JqdD+jm7NIb8b82mMMkAOs
; Ks6Oh2zB8sV50uaS9T8aDVLHlGnHbpC6LOdnaRpYW7iw6Zbaxi6mr4QqqgW7MPGHpExiIE6AgTBs+4
; 2bc7XXLygodE1aInxJSLnxO1l70k6pe95hz90bjqHdF63ZfOwyj3YvpVlI3YhVa5bs22f4gxtkf60M
; rKztoiKuc94HTJ6iVPI8nizD/rl7/uBBSarn5PTL32Q+d0vI5NP/YfxpU9rICOW8xjlbC3Zsutbozt
; Ee0QOzpljd3tai97UdTJLnnVO6Lpmg+cBwzvmAimt2/4RnR27866pC12Y0jl1mwpTJhCfx9RtdQipc
; uxNUu26whz4nn3itMvf7k/jLDDeZjQJZvXfNIX6bOXsRAluoXsmtlunC5WY0j11mwIU5pChxw9nsIs
; dY7MzOjRESeMnsar3naWoTg2pGXtp06XbFv/lS3Kbx0xQpQddsfEg4rlbpivW+h52yCDJ9fJDfL3FC
; ZxOGjYcbUVnd17VIRZOe9+2+R5d6BLtjpd8munS07f9IMtyr7MrXxg8TEqXx/ds9CWtjWLn1YWpF9R
; mGSA/Q48bMQxlXO3qogHbmxr1xf9XdJeurq65G+i/MX5FX8Os5z1ds9CMIaCrolQrYP+cXyHRYiXf4
; 9q7grbPXFjNALv7RuxdO3vkt27Bz24+LvptmCrFj6uvGRGpTlvm2sMErb+O3bmdoYMSCDonqOa1+wK
; 19V6neWs3C62lyDtP+PvIVq8d2JuqSNMVNrytu6cq4miKElowhpDWKJ6ReMsZ+0uieUtnFb8u/seE5
; 1Ky1gFS1fvYWJR6+B/lfFUAxKeIUOPyIRZ2sr3wYEuaRtAWOJidNJsO7YIHgTt8VQ1hvI1Vgk6fjNK
; IfnDfZlECSxtw3ZPZGYhmjbboYUxhFEKcrE1EZax2X4QJJm3NWnw+JUMGPBma6LMocdMnB+ue/Y6XQ
; 1xPdTkBduMitJdSeRtTRk8YYSJ4s3WRBkVYyipiitvGzbnalqYso6rWdJlEaICxippEqdpY0gl5xqH
; MNGl/1c5b6dFiCronqqJobjLhDGkmnM1KUz3GIbCJJHQzdvG3T11DB6dnKspYXqPG6EwSWR08rZJdM
; +wS1tTOVfd8gsr/O3w0RyfkOjo5G2T6J5BxlDcYxCdOqFu2Z4//eWfGYsQk6TNGEL55W2TGIOoFjKz
; FiFxkdaxCqKBMFjyYfDkKu4sIYmRRmMIZ+GmSZDcWULyQtqMIZwgnxZRclM0ySsqedtSECYNHpIqwu
; Zti1mY/xndvtUiJG3k2xjKpzDZJUnqiXOsghvIMJ9MizBh8Px+3wOGWYQUAnHlbXFdINI0uOwo38Jk
; gocUJL/b549DTBtDmFPi2obmNR8POtIkKWEi68oxCCl4TI5VcFcnDqDG6XzeM22TEObwssYei5BiwW
; TeFqfF41Aw3KWSlDA5BiFFjSljCJ3TewhYXMJkzpWUBHGNVeIQJnOupOQwbQyZFCZzrqSkMWkMmRLm
; sGNreFgWIaaMoajCpMFDiA8qFx+ZFiYNHkICiGIM6QqTXZKQkOgYQ6rCZM6VEA3CXnykI0xuZCYkAi
; obscMIkwYPIQYJsxE7lzCZcyUkBnIZQ0HCZJckJGay5W39hEmDh5AE8duI7RUmNzITkifcxpAUJnOu
; hKQAmbeFMJlzJSRFYGm7/8HDMxYhhBBCSNHxK5/OCxxMuQzAAAAAAElFTkSuQmCC
; thumbnail end
; THUMBNAIL_BLOCK_END

; external perimeters extrusion width = 0.42mm
; perimeters extrusion width = 0.45mm
; infill extrusion width = 0.45mm
; solid infill extrusion width = 0.42mm
; top infill extrusion width = 0.42mm
; support material extrusion width = 0.40mm
; first layer extrusion width = 0.50mm

; EXECUTABLE_BLOCK_START
M201 X2000 Y2000 Z800 E2000
M203 X300 Y300 Z8 E100
M204 P2000 R2000 T20000 ; sets acceleration (P, T) and retract acceleration (R), mm/sec^2
M205 X10.00 Y10.00 Z2.00 E5.00 ; sets the jerk limits, mm/sec
;TYPE:Custom
G21 ; metric values
G90 ; use absolute coordinates
M83 ; extruder relative mode
M104 S220 ; set extruder temp
M140 S60 ; set bed temp
G28; move X/Y/Z to min endstops
M420 S1
M300 S1318 P266
G1 Z5 F5000 ; lift nozzle
G1 X0 Y0  F3000
G1 Z0.3; lift nozzle a bit
G92 E0 ; zero after lift
G1 X10 Y5 F1800 ; move to purge line start position
M190 S60 ; wait for bed temp
M109 S220 ; wait for extruder temp
G1 X60 Y5 E20 F500 ; Extrude 20mm of filament in a 5cm line. 
G92 E0 ; zero the extruded length again 
G1 E-4.5 F4000 ; Retract a little 
G92 E0 ; zero the extruded length again
G1 X120 F4000 ; Quickly wipe away from the filament line
M117 Printing... ; Display status message
G90
G21
M83 ; use relative distances for extrusion
; filament start gcode
M106 S0
;LAYER_CHANGE
;Z:0.24
;HEIGHT:0.24
G92 E0 ; zero the extruded length again
; BEFORE_LAYER_CHANGE 0 @ 0.24mm
G1 E-2.5 F6000
; AFTER_LAYER_CHANGE 0 @ 0.24mm
;_SET_FAN_SPEED_CHANGING_LAYER
M204 P500
; printing object SG9 Holder id:3152 copy 0
M204 T500
G1 X93.417 Y90.614 F18000
G1 Z.24
G1 Z.24
G1 E2.5 F6000
;TYPE:Brim
;WIDTH:0.5
G1 F3000
G1 X93.866 Y90.164 E.02759
G1 X94.374 Y89.788 E.02745
G1 X95.193 Y89.385 E.03964
G1 X95.8 Y89.197 E.02755
G1 X96.433 Y89.101 E.02777
G1 X119.492 Y89.089 E1.00096
G1 X120.134 Y89.137 E.02796
G1 X120.756 Y89.279 E.02768
G1 X121.202 Y89.444 E.02066
G1 X121.876 Y89.79 E.03288
G1 X122.386 Y90.167 E.02754
G1 X122.836 Y90.616 E.02759
G1 X123.212 Y91.124 E.02745
G1 X123.615 Y91.943 E.03964
G1 X123.803 Y92.55 E.02755
G1 X123.898 Y93.18 E.02767
G1 X123.911 Y93.968 E.03421
G1 X123.962 Y94.107 E.00641
G1 X124.085 Y94.183 E.00631
G1 X124.505 Y94.279 E.01867
G1 X125.06 Y94.491 E.0258
G1 X125.625 Y94.79 E.02774
G1 X126.136 Y95.167 E.02759
G1 X126.586 Y95.616 E.02759
G1 X126.963 Y96.125 E.0275
G1 X127.326 Y96.844 E.03495
G1 X127.553 Y97.551 E.03225
G1 X127.649 Y98.183 E.02772
G1 X127.661 Y98.504 E.01398
G1 X127.661 Y121.492 E.99785
G1 X127.613 Y122.134 E.02796
G1 X127.471 Y122.755 E.02763
G1 X127.259 Y123.31 E.0258
G1 X126.96 Y123.875 E.02774
G1 X126.583 Y124.386 E.02759
G1 X126.134 Y124.836 E.02759
G1 X125.625 Y125.213 E.0275
G1 X124.906 Y125.576 E.03495
G1 X124.199 Y125.803 E.03225
G1 X124.101 Y125.818 E.00428
G1 X123.971 Y125.887 E.00641
G1 X123.911 Y126.039 E.00713
G1 X123.911 Y126.492 E.01963
G1 X123.863 Y127.134 E.02796
G1 X123.721 Y127.755 E.02763
G1 X123.509 Y128.31 E.0258
G1 X123.21 Y128.875 E.02774
G1 X122.833 Y129.386 E.02759
G1 X122.384 Y129.836 E.02759
G1 X121.875 Y130.213 E.0275
G1 X121.156 Y130.576 E.03495
G1 X120.449 Y130.803 E.03225
G1 X119.817 Y130.899 E.02772
G1 X119.496 Y130.911 E.01398
G1 X96.758 Y130.911 E.98699
G1 X96.116 Y130.863 E.02796
G1 X95.495 Y130.721 E.02763
G1 X94.94 Y130.509 E.0258
G1 X94.375 Y130.21 E.02774
G1 X93.864 Y129.833 E.02759
G1 X93.414 Y129.384 E.02759
G1 X93.037 Y128.875 E.0275
G1 X92.674 Y128.156 E.03495
G1 X92.447 Y127.449 E.03225
G1 X92.351 Y126.817 E.02772
G1 X92.339 Y126.496 E.01397
G1 X92.339 Y93.508 E1.43193
G1 X92.387 Y92.866 E.02796
G1 X92.529 Y92.245 E.02763
G1 X92.741 Y91.69 E.0258
G1 X93.04 Y91.125 E.02774
G1 X93.393 Y90.646 E.02586
G1 X93.755 Y90.913 F18000
G1 F3000
G1 X93.765 Y90.9 E.00071
G1 X94.168 Y90.498 E.02468
G1 X94.619 Y90.167 E.02432
G1 X95.37 Y89.799 E.03628
G1 X95.91 Y89.634 E.02453
G1 X96.477 Y89.55 E.02485
G1 X119.48 Y89.538 E.99855
G1 X120.077 Y89.584 E.02598
G1 X120.619 Y89.708 E.02413
G1 X121.028 Y89.859 E.01894
G1 X121.647 Y90.179 E.03026
G1 X122.1 Y90.515 E.02448
G1 X122.488 Y90.903 E.02381
G1 X122.833 Y91.369 E.02519
G1 X123.201 Y92.12 E.03628
G1 X123.366 Y92.66 E.02453
G1 X123.449 Y93.208 E.02407
G1 X123.462 Y93.964 E.0328
G1 X123.494 Y94.133 E.00747
G1 X123.536 Y94.248 E.00531
G1 X123.641 Y94.417 E.00865
G1 X123.844 Y94.56 E.01077
G1 X123.996 Y94.623 E.00716
G1 X124.383 Y94.712 E.01722
G1 X124.881 Y94.904 E.02318
G1 X125.394 Y95.177 E.02519
G1 X125.85 Y95.515 E.02468
G1 X126.252 Y95.918 E.02468
G1 X126.585 Y96.372 E.02445
G1 X126.905 Y97.005 E.0308
G1 X127.117 Y97.664 E.03007
G1 X127.2 Y98.217 E.02427
G1 X127.212 Y98.515 E.01295
G1 X127.212 Y121.47 E.99642
G1 X127.169 Y122.057 E.02556
G1 X127.043 Y122.615 E.02481
G1 X126.846 Y123.131 E.02401
G1 X126.584 Y123.627 E.02432
G1 X126.235 Y124.1 E.02554
G1 X125.847 Y124.488 E.02381
G1 X125.398 Y124.823 E.02434
G1 X124.725 Y125.164 E.03274
G1 X123.881 Y125.427 E.03836
G1 X123.774 Y125.483 E.00527
G1 X123.622 Y125.609 E.00855
G1 X123.497 Y125.869 E.0125
G1 X123.462 Y126.052 E.00811
G1 X123.462 Y126.48 E.01857
G1 X123.419 Y127.057 E.02512
G1 X123.293 Y127.615 E.02481
G1 X123.096 Y128.131 E.02401
G1 X122.823 Y128.644 E.02519
G1 X122.485 Y129.1 E.02468
G1 X122.097 Y129.488 E.02381
G1 X121.648 Y129.823 E.02434
G1 X120.995 Y130.155 E.03178
G1 X120.336 Y130.367 E.03007
G1 X119.783 Y130.45 E.02427
G1 X119.485 Y130.462 E.01295
G1 X96.78 Y130.462 E.98557
G1 X96.193 Y130.419 E.02556
G1 X95.635 Y130.293 E.02481
G1 X95.119 Y130.096 E.02401
G1 X94.623 Y129.834 E.02432
G1 X94.15 Y129.485 E.02554
G1 X93.748 Y129.082 E.02468
G1 X93.415 Y128.628 E.02445
G1 X93.095 Y127.995 E.0308
G1 X92.888 Y127.357 E.02914
G1 X92.8 Y126.783 E.0252
G1 X92.788 Y126.49 E.01273
G1 X92.788 Y93.53 E1.43073
G1 X92.831 Y92.943 E.02556
G1 X92.957 Y92.385 E.02481
G1 X93.154 Y91.869 E.02401
G1 X93.416 Y91.373 E.02432
G1 X93.732 Y90.945 E.0231
G1 X94.094 Y91.212 F18000
G1 F3000
G1 X94.113 Y91.186 E.00141
G1 X94.469 Y90.834 E.02172
G1 X94.863 Y90.547 E.02119
G1 X95.545 Y90.215 E.03293
G1 X96.019 Y90.071 E.02149
G1 X96.52 Y89.998 E.02195
G1 X119.468 Y89.987 E.99615
G1 X120.019 Y90.031 E.02399
G1 X120.482 Y90.137 E.02062
G1 X120.854 Y90.274 E.01721
G1 X121.418 Y90.568 E.0276
G1 X121.799 Y90.85 E.02058
G1 X122.14 Y91.189 E.02089
G1 X122.453 Y91.614 E.02291
G1 X122.785 Y92.295 E.0329
G1 X122.924 Y92.75 E.02066
G1 X123 Y93.237 E.02138
G1 X123.014 Y93.963 E.03149
G1 X123.052 Y94.208 E.01079
G1 X123.112 Y94.394 E.00847
G1 X123.256 Y94.645 E.01257
G1 X123.391 Y94.789 E.00855
G1 X123.684 Y94.979 E.01516
G1 X123.904 Y95.062 E.01021
G1 X124.26 Y95.146 E.01587
G1 X124.702 Y95.317 E.02058
G1 X125.162 Y95.563 E.02263
G1 X125.563 Y95.863 E.02176
G1 X125.916 Y96.219 E.02175
G1 X126.207 Y96.617 E.02141
G1 X126.492 Y97.186 E.02762
G1 X126.68 Y97.778 E.02696
G1 X126.752 Y98.253 E.02085
G1 X126.764 Y98.527 E.01192
G1 X126.764 Y121.448 E.99497
G1 X126.725 Y121.981 E.02318
G1 X126.615 Y122.475 E.02198
G1 X126.439 Y122.938 E.02149
G1 X126.208 Y123.379 E.0216
G1 X125.887 Y123.814 E.0235
G1 X125.545 Y124.154 E.02091
G1 X125.17 Y124.433 E.0203
G1 X124.546 Y124.749 E.03037
G1 X123.665 Y125.035 E.04021
G1 X123.479 Y125.145 E.00938
G1 X123.347 Y125.255 E.00747
G1 X123.212 Y125.427 E.00948
G1 X123.055 Y125.791 E.01722
G1 X123.014 Y126.062 E.01188
G1 X123.013 Y126.468 E.01762
G1 X122.975 Y126.981 E.02233
G1 X122.865 Y127.475 E.02198
G1 X122.683 Y127.952 E.02218
G1 X122.437 Y128.412 E.0226
G1 X122.137 Y128.814 E.02178
G1 X121.795 Y129.154 E.02094
G1 X121.42 Y129.434 E.02034
G1 X120.834 Y129.734 E.02858
G1 X120.222 Y129.93 E.02786
G1 X119.747 Y130.002 E.02085
G1 X119.473 Y130.014 E.01192
G1 X96.802 Y130.014 E.98412
G1 X96.269 Y129.975 E.02318
G1 X95.775 Y129.865 E.02198
G1 X95.312 Y129.689 E.02149
G1 X94.871 Y129.458 E.0216
G1 X94.436 Y129.137 E.02348
G1 X94.084 Y128.781 E.02172
G1 X93.793 Y128.383 E.02141
G1 X93.516 Y127.833 E.02673
G1 X93.329 Y127.263 E.02605
G1 X93.248 Y126.747 E.02268
G1 X93.236 Y126.483 E.01144
G1 X93.236 Y93.552 E1.42952
G1 X93.275 Y93.019 E.02318
G1 X93.385 Y92.525 E.02198
G1 X93.561 Y92.062 E.02149
G1 X93.792 Y91.621 E.0216
G1 X94.07 Y91.244 E.02033
G1 X94.431 Y91.513 F18000
G1 F3000
G1 X94.461 Y91.473 E.00215
G1 X94.768 Y91.171 E.01871
G1 X95.106 Y90.928 E.01806
G1 X95.72 Y90.631 E.02961
G1 X96.127 Y90.509 E.01845
G1 X96.562 Y90.447 E.01907
G1 X119.456 Y90.436 E.99378
G1 X119.96 Y90.478 E.02199
G1 X120.345 Y90.566 E.01714
G1 X120.679 Y90.689 E.01546
G1 X121.188 Y90.955 E.02493
G1 X121.513 Y91.198 E.01759
G1 X121.792 Y91.475 E.01711
G1 X122.073 Y91.858 E.0206
G1 X122.37 Y92.47 E.02953
G1 X122.488 Y92.86 E.01769
G1 X122.55 Y93.267 E.01786
G1 X122.565 Y93.963 E.03023
G1 X122.607 Y94.269 E.0134
G1 X122.683 Y94.523 E.01149
G1 X122.862 Y94.859 E.01652
G1 X123.058 Y95.088 E.01312
G1 X123.431 Y95.349 E.01976
G1 X123.741 Y95.48 E.01461
G1 X124.136 Y95.578 E.01765
G1 X124.522 Y95.729 E.01799
G1 X124.928 Y95.949 E.02007
G1 X125.275 Y96.209 E.01884
G1 X125.58 Y96.518 E.01882
G1 X125.827 Y96.861 E.01837
G1 X126.079 Y97.365 E.02445
G1 X126.243 Y97.89 E.02388
G1 X126.304 Y98.289 E.0175
G1 X126.315 Y98.54 E.0109
G1 X126.315 Y121.427 E.9935
G1 X126.28 Y121.906 E.02084
G1 X126.186 Y122.337 E.01916
G1 X126.026 Y122.761 E.01967
G1 X125.821 Y123.148 E.01902
G1 X125.539 Y123.528 E.02053
G1 X125.259 Y123.807 E.01715
G1 X124.942 Y124.044 E.01715
G1 X124.365 Y124.337 E.02813
G1 X123.43 Y124.653 E.04282
G1 X123.188 Y124.804 E.01239
G1 X122.989 Y124.985 E.01168
G1 X122.795 Y125.263 E.0147
G1 X122.649 Y125.601 E.016
G1 X122.572 Y125.987 E.0171
G1 X122.565 Y126.448 E.01998
G1 X122.53 Y126.905 E.01992
G1 X122.436 Y127.336 E.01915
G1 X122.27 Y127.774 E.02031
G1 X122.051 Y128.179 E.01997
G1 X121.79 Y128.526 E.01887
G1 X121.509 Y128.807 E.01726
G1 X121.191 Y129.045 E.01725
G1 X120.672 Y129.313 E.02537
G1 X120.109 Y129.494 E.02564
G1 X119.711 Y129.554 E.01746
G1 X119.46 Y129.565 E.0109
G1 X96.823 Y129.565 E.98265
G1 X96.344 Y129.53 E.02084
G1 X95.913 Y129.436 E.01916
G1 X95.489 Y129.276 E.01967
G1 X95.102 Y129.071 E.01902
G1 X94.723 Y128.789 E.02049
G1 X94.42 Y128.482 E.01872
G1 X94.172 Y128.138 E.01839
G1 X93.936 Y127.671 E.02274
G1 X93.77 Y127.168 E.02298
G1 X93.696 Y126.709 E.02016
G1 X93.685 Y126.477 E.01012
G1 X93.685 Y93.573 E1.42829
G1 X93.72 Y93.094 E.02084
G1 X93.814 Y92.663 E.01916
G1 X93.974 Y92.239 E.01967
G1 X94.179 Y91.852 E.01902
G1 X94.408 Y91.545 E.01661
G1 X94.768 Y91.814 F18000
G1 F3000
G1 X94.808 Y91.761 E.0029
G1 X95.066 Y91.509 E.01569
G1 X95.347 Y91.309 E.01492
G1 X95.893 Y91.047 E.02632
G1 X96.233 Y90.947 E.0154
G1 X96.603 Y90.895 E.01622
G1 X119.443 Y90.885 E.99142
G1 X119.901 Y90.924 E.01997
G1 X120.209 Y90.994 E.0137
G1 X120.489 Y91.097 E.01294
G1 X120.957 Y91.343 E.02295
G1 X121.212 Y91.533 E.0138
G1 X121.444 Y91.762 E.01417
G1 X121.693 Y92.101 E.01828
G1 X121.954 Y92.644 E.02613
G1 X122.051 Y92.969 E.01473
G1 X122.101 Y93.297 E.01441
G1 X122.122 Y94.031 E.03186
G1 X122.18 Y94.403 E.01634
G1 X122.292 Y94.742 E.0155
G1 X122.528 Y95.158 E.02074
G1 X122.813 Y95.464 E.01816
G1 X123.164 Y95.71 E.0186
G1 X123.561 Y95.89 E.01894
G1 X123.993 Y96.005 E.0194
G1 X124.325 Y96.134 E.01549
G1 X124.677 Y96.323 E.01733
G1 X124.971 Y96.542 E.01591
G1 X125.229 Y96.801 E.01588
G1 X125.447 Y97.104 E.01621
G1 X125.665 Y97.544 E.0213
G1 X125.807 Y98.002 E.02081
G1 X125.856 Y98.326 E.01422
G1 X125.867 Y98.553 E.00987
G1 X125.867 Y121.406 E.99201
G1 X125.836 Y121.832 E.01854
G1 X125.757 Y122.199 E.01633
G1 X125.619 Y122.568 E.01708
G1 X125.434 Y122.916 E.01712
G1 X125.191 Y123.241 E.01759
G1 X124.971 Y123.46 E.01349
G1 X124.714 Y123.654 E.01399
G1 X124.181 Y123.925 E.02595
G1 X123.186 Y124.276 E.0458
G1 X122.881 Y124.478 E.0159
G1 X122.616 Y124.737 E.01607
G1 X122.379 Y125.095 E.01864
G1 X122.207 Y125.524 E.02007
G1 X122.123 Y125.993 E.02068
G1 X122.087 Y126.827 E.03623
G1 X122.007 Y127.198 E.01648
G1 X121.864 Y127.578 E.01763
G1 X121.677 Y127.927 E.01718
G1 X121.444 Y128.238 E.01686
G1 X121.221 Y128.46 E.01366
G1 X120.961 Y128.657 E.01418
G1 X120.488 Y128.901 E.02308
G1 X119.996 Y129.057 E.02243
G1 X119.674 Y129.106 E.01411
G1 X119.447 Y129.117 E.00987
G1 X96.844 Y129.117 E.98115
G1 X96.418 Y129.086 E.01854
G1 X96.051 Y129.007 E.01633
G1 X95.682 Y128.869 E.01708
G1 X95.334 Y128.684 E.01712
G1 X95.011 Y128.442 E.01751
G1 X94.758 Y128.183 E.01572
G1 X94.552 Y127.895 E.01539
G1 X94.348 Y127.489 E.01972
G1 X94.211 Y127.071 E.01907
G1 X94.144 Y126.67 E.01765
G1 X94.134 Y126.463 E.00902
G1 X94.133 Y93.594 E1.42677
G1 X94.164 Y93.168 E.01854
G1 X94.243 Y92.801 E.01633
G1 X94.381 Y92.432 E.01708
G1 X94.566 Y92.084 E.01712
G1 X94.744 Y91.846 E.01288
G1 E-1.75 F6000
;WIPE_START
G1 F3000
G1 X94.808 Y91.761 E-.08005
G1 X95.066 Y91.509 E-.27111
G1 X95.347 Y91.309 E-.25783
G1 X95.516 Y91.228 E-.14101
;WIPE_END
G1 X122.159 Y124.147 F18000
G1 E2.5 F6000
G1 F3000
G1 X122.28 Y124.115 E.0054
G1 X122.383 Y124.163 E.00492
G1 X122.413 Y124.272 E.00492
G1 X122.34 Y124.38 E.00568
G1 X122.233 Y124.418 E.00492
G1 X122.135 Y124.36 E.00492
G1 X122.111 Y124.249 E.00494
G1 X122.142 Y124.183 E.00318
G1 E-1.75 F6000
;WIPE_START
G1 F3000
G1 X122.28 Y124.115 E-.12437
G1 X122.383 Y124.163 E-.09193
G1 X122.413 Y124.272 E-.09193
G1 X122.34 Y124.38 E-.10613
G1 X122.233 Y124.418 E-.09193
G1 X122.135 Y124.36 E-.09193
G1 X122.111 Y124.249 E-.09231
G1 X122.142 Y124.183 E-.05947
;WIPE_END
G1 X122.251 Y95.883 F18000
G1 E2.5 F6000
G1 F3000
G1 X122.149 Y95.836 E.00492
G1 X122.117 Y95.716 E.00535
G1 X122.164 Y95.614 E.00492
G1 X122.274 Y95.584 E.00492
G1 X122.35 Y95.625 E.00376
G1 X122.38 Y95.657 E.00191
G1 X122.415 Y95.765 E.00492
G1 X122.355 Y95.861 E.00492
G1 X122.29 Y95.875 E.00288
G1 X122.29 Y96.332 F18000
G1 F3000
G1 X123.211 Y96.332 E.03996
G1 X123.762 Y96.414 E.02419
G1 X124.172 Y96.566 E.01895
G1 X124.522 Y96.775 E.01773
G1 X124.811 Y97.027 E.01661
G1 X125.056 Y97.339 E.01725
G1 X125.181 Y97.559 E.01099
G1 X125.296 Y97.861 E.01402
G1 X125.418 Y98.548 E.03028
G1 X125.4 Y121.659 E1.00323
G1 X125.385 Y121.784 E.00546
G1 X125.284 Y122.187 E.01802
G1 X125.233 Y122.313 E.00592
G1 X124.908 Y122.864 E.02777
G1 X124.735 Y123.052 E.01107
G1 X124.578 Y123.187 E.00902
G1 X124.117 Y123.46 E.02325
G1 X123.718 Y123.6 E.01833
G1 X123.287 Y123.664 E.01894
G1 X121.799 Y123.668 E.06457
G1 X121.697 Y123.716 E.00492
G1 X121.665 Y123.802 E.00397
G1 X121.65 Y126.655 E.12383
G1 X121.573 Y127.059 E.01786
G1 X121.386 Y127.513 E.02133
G1 X121.327 Y127.615 E.00512
G1 X120.974 Y128.06 E.02465
G1 X120.661 Y128.306 E.0173
G1 X120.441 Y128.431 E.01099
G1 X120.139 Y128.546 E.01402
G1 X119.453 Y128.668 E.03026
G1 X96.794 Y128.668 E.98358
G1 X96.211 Y128.576 E.02562
G1 X95.742 Y128.388 E.02194
G1 X95.279 Y128.06 E.02462
G1 X95.19 Y127.974 E.00537
G1 X94.944 Y127.661 E.0173
G1 X94.819 Y127.441 E.01099
G1 X94.704 Y127.139 E.01402
G1 X94.582 Y126.453 E.03026
G1 X94.582 Y93.536 E1.42887
G1 X94.635 Y93.104 E.0189
G1 X94.761 Y92.702 E.01828
G1 X94.966 Y92.317 E.01895
G1 X95.199 Y92.017 E.01647
G1 X95.517 Y91.744 E.01821
G1 X95.917 Y91.521 E.01987
G1 X96.216 Y91.424 E.01363
G1 X96.795 Y91.332 E.02546
G1 X119.465 Y91.332 E.98409
G1 X119.805 Y91.368 E.0148
G1 X120.426 Y91.566 E.02833
G1 X120.594 Y91.658 E.00828
G1 X120.916 Y91.887 E.01717
G1 X121.06 Y92.026 E.00869
G1 X121.306 Y92.339 E.0173
G1 X121.513 Y92.752 E.02005
G1 X121.668 Y93.547 E.03519
G1 X121.668 Y96.197 E.11502
G1 X121.716 Y96.3 E.00492
G1 X121.803 Y96.332 E.00402
G1 X122.25 Y96.332 E.01943
G1 X122.25 Y96.78 F18000
G1 F3000
G1 X123.221 Y96.78 E.04213
G1 X123.605 Y96.834 E.01684
G1 X123.941 Y96.95 E.01541
G1 X124.231 Y97.116 E.01453
G1 X124.456 Y97.301 E.01264
G1 X124.666 Y97.559 E.01441
G1 X124.767 Y97.732 E.0087
G1 X124.854 Y97.935 E.00961
G1 X124.97 Y98.536 E.02655
G1 X124.952 Y121.667 E1.0041
G1 X124.847 Y122.087 E.01877
G1 X124.581 Y122.558 E.0235
G1 X124.45 Y122.706 E.00857
G1 X124.277 Y122.854 E.00987
G1 X123.886 Y123.076 E.01953
G1 X123.574 Y123.175 E.01421
G1 X123.224 Y123.22 E.01534
G1 X121.353 Y123.22 E.08118
G1 X121.251 Y123.267 E.00492
G1 X121.219 Y123.354 E.00399
G1 X121.202 Y126.665 E.14374
G1 X121.134 Y126.971 E.0136
G1 X120.973 Y127.34 E.01749
G1 X120.697 Y127.708 E.01993
G1 X120.441 Y127.916 E.01432
G1 X120.268 Y128.017 E.0087
G1 X120.065 Y128.104 E.00961
G1 X119.464 Y128.22 E.02655
G1 X96.783 Y128.22 E.98455
G1 X96.275 Y128.132 E.02241
G1 X95.91 Y127.973 E.01727
G1 X95.542 Y127.697 E.01993
G1 X95.334 Y127.441 E.01432
G1 X95.233 Y127.268 E.0087
G1 X95.146 Y127.065 E.0096
G1 X95.03 Y126.464 E.02655
G1 X95.03 Y93.528 E1.42974
G1 X95.065 Y93.232 E.01291
G1 X95.151 Y92.924 E.0139
G1 X95.367 Y92.517 E.02
G1 X95.551 Y92.294 E.01255
G1 X95.808 Y92.085 E.01435
G1 X96.057 Y91.947 E.01237
G1 X96.283 Y91.867 E.01043
G1 X96.784 Y91.78 E.02207
G1 X119.472 Y91.78 E.98486
G1 X119.765 Y91.814 E.01278
G1 X120.213 Y91.961 E.02047
G1 X120.333 Y92.022 E.00584
G1 X120.611 Y92.216 E.01472
G1 X120.708 Y92.303 E.00563
G1 X120.916 Y92.559 E.01432
G1 X121.017 Y92.732 E.0087
G1 X121.104 Y92.935 E.00961
G1 X121.22 Y93.536 E.02655
G1 X121.22 Y96.646 E.135
G1 X121.267 Y96.748 E.00492
G1 X121.354 Y96.78 E.00402
G1 X122.21 Y96.78 E.03716
G1 X122.21 Y97.229 F18000
G1 F3000
G1 X123.23 Y97.229 E.04427
G1 X123.467 Y97.26 E.01038
G1 X123.707 Y97.333 E.01088
G1 X124.019 Y97.511 E.01557
G1 X124.109 Y97.585 E.00508
G1 X124.273 Y97.777 E.01096
G1 X124.384 Y97.966 E.00951
G1 X124.441 Y98.11 E.00673
G1 X124.521 Y98.523 E.01825
G1 X124.514 Y121.57 E1.00044
G1 X124.469 Y121.803 E.0103
G1 X124.418 Y121.955 E.00699
G1 X124.239 Y122.269 E.01565
G1 X124.165 Y122.359 E.00508
G1 X123.975 Y122.522 E.01083
G1 X123.667 Y122.685 E.01515
G1 X123.448 Y122.745 E.00985
G1 X123.232 Y122.771 E.00946
G1 X120.906 Y122.771 E.10098
G1 X120.803 Y122.819 E.00492
G1 X120.771 Y122.906 E.004
G1 X120.764 Y126.57 E.15906
G1 X120.719 Y126.799 E.01015
G1 X120.612 Y127.073 E.01279
G1 X120.411 Y127.363 E.01528
G1 X120.223 Y127.523 E.01073
G1 X120.034 Y127.634 E.00951
G1 X119.89 Y127.691 E.00673
G1 X119.477 Y127.771 E.01825
G1 X96.772 Y127.771 E.98561
G1 X96.449 Y127.719 E.0142
G1 X96.177 Y127.612 E.0127
G1 X95.887 Y127.411 E.01528
G1 X95.727 Y127.223 E.01073
G1 X95.616 Y127.034 E.00951
G1 X95.559 Y126.89 E.00673
G1 X95.479 Y126.477 E.01825
G1 X95.479 Y93.52 E1.43064
G1 X95.51 Y93.283 E.01038
G1 X95.583 Y93.043 E.01088
G1 X95.761 Y92.731 E.01557
G1 X95.835 Y92.641 E.00508
G1 X96.027 Y92.477 E.01096
G1 X96.216 Y92.366 E.00951
G1 X96.36 Y92.309 E.00673
G1 X96.773 Y92.229 E.01825
G1 X119.48 Y92.229 E.9857
G1 X119.717 Y92.26 E.01038
G1 X120.07 Y92.386 E.01624
G1 X120.363 Y92.589 E.01548
G1 X120.523 Y92.777 E.01073
G1 X120.634 Y92.966 E.00951
G1 X120.691 Y93.11 E.00673
G1 X120.771 Y93.523 E.01825
G1 X120.771 Y97.094 E.15503
G1 X120.819 Y97.197 E.00492
G1 X120.906 Y97.229 E.00402
G1 X122.17 Y97.229 E.05489
G1 X122.17 Y97.677 F18000
G1 F3000
G1 X123.239 Y97.677 E.04639
G1 X123.402 Y97.704 E.00718
G1 X123.576 Y97.762 E.00795
G1 X123.784 Y97.893 E.01066
G1 X123.88 Y97.993 E.00605
G1 X124.003 Y98.202 E.01048
G1 X124.073 Y98.51 E.01373
G1 X124.073 Y121.489 E.9975
G1 X124.046 Y121.652 E.00718
G1 X123.988 Y121.826 E.00795
G1 X123.857 Y122.034 E.01066
G1 X123.757 Y122.13 E.00605
G1 X123.548 Y122.253 E.01048
G1 X123.389 Y122.301 E.00722
G1 X123.24 Y122.323 E.00654
G1 X120.457 Y122.323 E.1208
G1 X120.355 Y122.37 E.00492
G1 X120.323 Y122.457 E.00402
G1 X120.323 Y126.489 E.17502
G1 X120.296 Y126.652 E.00718
G1 X120.238 Y126.826 E.00795
G1 X120.107 Y127.034 E.01066
G1 X120.007 Y127.13 E.00605
G1 X119.798 Y127.253 E.01048
G1 X119.49 Y127.323 E.01373
G1 X96.761 Y127.323 E.98664
G1 X96.598 Y127.296 E.00718
G1 X96.424 Y127.238 E.00795
G1 X96.216 Y127.107 E.01066
G1 X96.12 Y127.007 E.00605
G1 X95.997 Y126.798 E.01048
G1 X95.927 Y126.49 E.01373
G1 X95.927 Y93.511 E1.43158
G1 X95.954 Y93.348 E.00718
G1 X96.012 Y93.174 E.00795
G1 X96.143 Y92.966 E.01066
G1 X96.243 Y92.87 E.00605
G1 X96.452 Y92.747 E.01048
G1 X96.76 Y92.677 E.01373
G1 X119.489 Y92.677 E.98664
G1 X119.652 Y92.704 E.00718
G1 X119.826 Y92.762 E.00795
G1 X120.034 Y92.893 E.01066
G1 X120.13 Y92.993 E.00605
G1 X120.253 Y93.202 E.01048
G1 X120.323 Y93.51 E.01373
G1 X120.323 Y97.543 E.17506
G1 X120.37 Y97.645 E.00492
G1 X120.457 Y97.677 E.00402
G1 X122.13 Y97.677 E.07263
G1 X122.13 Y98.126 F18000
G1 F3000
G1 X123.25 Y98.126 E.0486
G1 X123.45 Y98.192 E.00913
G1 X123.569 Y98.316 E.00745
G1 X123.624 Y98.5 E.00835
G1 X123.624 Y121.5 E.9984
G1 X123.558 Y121.7 E.00913
G1 X123.434 Y121.819 E.00745
G1 X123.25 Y121.874 E.00835
G1 X119.874 Y121.874 E.14654
G1 X119.874 Y126.5 E.2008
G1 X119.808 Y126.7 E.00913
G1 X119.684 Y126.819 E.00745
G1 X119.5 Y126.874 E.00835
G1 X96.75 Y126.874 E.98754
G1 X96.55 Y126.808 E.00913
G1 X96.431 Y126.684 E.00745
G1 X96.376 Y126.5 E.00835
G1 X96.376 Y93.5 E1.43248
G1 X96.442 Y93.3 E.00913
G1 X96.566 Y93.181 E.00745
G1 X96.75 Y93.126 E.00835
G1 X119.5 Y93.126 E.98754
G1 X119.7 Y93.192 E.00913
G1 X119.819 Y93.316 E.00745
G1 X119.874 Y93.5 E.00835
G1 X119.874 Y98.126 E.2008
G1 X122.09 Y98.126 E.0962
G1 E-1.75 F6000
;WIPE_START
G1 F3000
G1 X123.09 Y98.126 E-.75
;WIPE_END
G1 X119.175 Y98.825 F18000
G1 E2.5 F6000
;TYPE:Outer wall
G1 F3000
G1 X122.925 Y98.825 E.16278
G1 X122.925 Y121.175 E.97018
G1 X119.175 Y121.175 E.16278
G1 X119.175 Y126.175 E.21704
G1 X97.075 Y126.175 E.95933
G1 X97.075 Y93.825 E1.40427
G1 X119.175 Y93.825 E.95933
G1 X119.175 Y98.765 E.21444
G1 X118.727 Y98.825 F18000
;TYPE:Inner wall
G1 F3000
G1 X118.727 Y99.273 E.01947
G1 X122.477 Y99.273 E.16278
G1 X122.477 Y120.727 E.93124
G1 X118.727 Y120.727 E.16278
G1 X118.727 Y125.727 E.21704
G1 X97.523 Y125.727 E.92039
G1 X97.523 Y94.273 E1.36533
G1 X118.727 Y94.273 E.92039
G1 X118.727 Y98.765 E.19497
G1 X118.278 Y98.825 F18000
G1 F3000
G1 X118.278 Y99.722 E.03894
G1 X122.028 Y99.722 E.16278
G1 X122.028 Y120.278 E.89231
G1 X118.278 Y120.278 E.16278
G1 X118.278 Y125.278 E.21704
G1 X97.972 Y125.278 E.88145
G1 X97.972 Y94.722 E1.32639
G1 X118.278 Y94.722 E.88145
G1 X118.278 Y98.765 E.1755
G1 X117.83 Y98.825 F18000
G1 F3000
G1 X117.83 Y100.17 E.05841
G1 X121.58 Y100.17 E.16278
G1 X121.58 Y119.83 E.85337
G1 X117.83 Y119.83 E.16278
G1 X117.83 Y124.83 E.21704
G1 X98.42 Y124.83 E.84252
G1 X98.42 Y95.17 E1.28746
G1 X117.83 Y95.17 E.84252
G1 X117.83 Y98.765 E.15603
G1 X117.381 Y98.825 F18000
G1 F3000
G1 X117.381 Y100.619 E.07787
G1 X121.131 Y100.619 E.16278
G1 X121.131 Y119.381 E.81443
G1 X117.381 Y119.381 E.16278
G1 X117.381 Y124.381 E.21704
G1 X98.869 Y124.381 E.80358
G1 X98.869 Y95.619 E1.24852
G1 X117.381 Y95.619 E.80358
G1 X117.381 Y98.765 E.13656
G1 E-1.75 F6000
;WIPE_START
G1 F3000
G1 X117.381 Y99.765 E-.75
;WIPE_END
G1 X117.045 Y99.837 F18000
G1 E2.5 F6000
;TYPE:Bottom surface
G1 F3000
G1 X116.693 Y99.592 E.01861
G1 X115.749 Y99.049 E.0473
G1 X114.76 Y98.591 E.04729
G1 X113.735 Y98.223 E.04728
G1 X112.682 Y97.946 E.04727
G1 X111.609 Y97.762 E.04725
G1 X110.524 Y97.674 E.04724
G1 X109.436 Y97.683 E.04723
G1 X108.354 Y97.786 E.04722
G1 X107.284 Y97.985 E.04721
G1 X106.237 Y98.278 E.04719
G1 X105.22 Y98.661 E.04718
G1 X104.241 Y99.133 E.04717
G1 X103.308 Y99.689 E.04716
G1 X102.428 Y100.325 E.04714
G1 X101.607 Y101.036 E.04713
G1 X100.853 Y101.816 E.04712
G1 X100.171 Y102.66 E.04711
G1 X99.566 Y103.561 E.0471
G1 X99.205 Y104.217 E.03247
G1 X99.093 Y103.497 F18000
;TYPE:Gap infill
;WIDTH:0.117081
G1 F3000
G1 X99.388 Y103.42 E.00194
G1 X99.205 Y103.312 F18000
;TYPE:Bottom surface
;WIDTH:0.5
G1 F3000
G1 X99.397 Y102.988 E.01633
G1 X100.041 Y102.09 E.04795
G1 X100.76 Y101.252 E.04797
G1 X101.55 Y100.478 E.04798
G1 X102.404 Y99.776 E.04799
G1 X103.316 Y99.151 E.048
G1 X104.279 Y98.607 E.04801
G1 X105.286 Y98.148 E.04802
G1 X106.329 Y97.778 E.04804
G1 X107.4 Y97.5 E.04805
G1 X108.492 Y97.316 E.04806
G1 X109.596 Y97.227 E.04807
G1 X110.703 Y97.233 E.04808
G1 X111.806 Y97.336 E.04809
G1 X112.897 Y97.534 E.04811
G1 X113.966 Y97.825 E.04812
G1 X115.007 Y98.208 E.04813
G1 X116.011 Y98.68 E.04814
G1 X117.045 Y99.289 E.0521
G1 X117.157 Y99.09 F18000
;TYPE:Gap infill
;WIDTH:0.140735
G1 F3000
G1 X117.006 Y98.815 E.00271
G1 X117.045 Y98.757 F18000
;TYPE:Bottom surface
;WIDTH:0.5
G1 F3000
G1 X116.003 Y98.172 E.05187
G1 X114.973 Y97.71 E.04897
G1 X113.909 Y97.338 E.04896
G1 X112.816 Y97.057 E.04895
G1 X111.704 Y96.87 E.04894
G1 X110.581 Y96.779 E.04893
G1 X109.454 Y96.784 E.04892
G1 X108.332 Y96.884 E.04891
G1 X107.223 Y97.08 E.04889
G1 X106.134 Y97.369 E.04888
G1 X105.075 Y97.75 E.04887
G1 X104.052 Y98.219 E.04886
G1 X103.073 Y98.774 E.04885
G1 X102.145 Y99.41 E.04884
G1 X101.275 Y100.123 E.04883
G1 X100.469 Y100.907 E.04882
G1 X99.733 Y101.757 E.0488
G1 X99.205 Y102.483 E.03894
G1 X99.251 Y102.516 F18000
;TYPE:Gap infill
;WIDTH:0.182699
G1 F3000
G1 X99.11 Y102.988 E.00626
G1 E-1.75 F6000
;WIPE_START
G1 F3000
G1 X99.251 Y102.516 E-.75
;WIPE_END
G1 X99.205 Y101.71 F18000
G1 E2.5 F6000
;TYPE:Bottom surface
;WIDTH:0.5
G1 F3000
G1 X99.981 Y100.774 E.05275
G1 X100.786 Y99.962 E.04964
G1 X101.656 Y99.22 E.04965
G1 X102.586 Y98.553 E.04966
G1 X103.568 Y97.967 E.04967
G1 X104.597 Y97.465 E.04968
G1 X105.664 Y97.051 E.04969
G1 X106.762 Y96.727 E.0497
G1 X107.884 Y96.497 E.04971
G1 X109.022 Y96.361 E.04972
G1 X110.167 Y96.321 E.04974
G1 X111.311 Y96.377 E.04975
G1 X112.448 Y96.529 E.04976
G1 X113.567 Y96.775 E.04977
G1 X114.663 Y97.114 E.04978
G1 X115.726 Y97.543 E.04979
G1 X116.751 Y98.06 E.0498
G1 X117.045 Y98.241 E.01499
G1 X117.01 Y98.298 F18000
;TYPE:Gap infill
;WIDTH:0.121787
G1 F3000
G1 X117.157 Y98.559 E.00204
G1 E-1.90076 F6000
;WIPE_START
G1 F3000
G1 X117.01 Y98.298 E-.59924
;WIPE_END
G1 X116.567 Y95.955 F18000
G1 E2.5 F6000
;TYPE:Bottom surface
;WIDTH:0.5
G1 F3000
G3 X117.045 Y96.199 I-1.307 J3.151 E.0233
G1 X117.045 Y96.703 F18000
G1 F3000
G1 X116.659 Y96.495 E.01899
G1 X115.559 Y96.012 E.05218
G1 X115.394 Y95.955 E.00756
G1 X115.375 Y96.011 F18000
;TYPE:Gap infill
;WIDTH:0.314488
G1 F3000
G1 X115.205 Y95.982 E.00438
;WIDTH:0.268007
G1 X115.035 Y95.953 E.00361
;WIDTH:0.221526
G1 X114.865 Y95.924 E.00283
;WIDTH:0.175046
G1 X114.696 Y95.895 E.00206
;WIDTH:0.151805
G1 X114.526 Y95.866 E.00167
G1 E-2.15545 F6000
;WIPE_START
G1 F3000
G1 X114.696 Y95.895 E-.34455
;WIPE_END
G1 X112.659 Y95.868 F18000
G1 E2.5 F6000
;WIDTH:0.131641
G1 F3000
G1 X112.832 Y95.882 E.00134
;WIDTH:0.144785
G1 X113.004 Y95.896 E.00156
;WIDTH:0.181862
G1 X113.236 Y95.925 E.00294
;WIDTH:0.229287
G1 X113.463 Y95.953 E.00394
;WIDTH:0.276264
G1 X113.69 Y95.981 E.00498
;WIDTH:0.323241
G1 X113.917 Y96.009 E.00602
G1 X113.931 Y95.955 F18000
;TYPE:Bottom surface
;WIDTH:0.5
G1 F3000
G1 X114.357 Y96.068 E.01912
G1 X115.473 Y96.461 E.05139
G1 X116.554 Y96.944 E.0514
G1 X117.045 Y97.212 E.02426
G1 X117.045 Y97.721 F18000
G1 F3000
G1 X116.248 Y97.293 E.03928
G1 X115.179 Y96.827 E.0506
G1 X114.076 Y96.451 E.05059
G1 X112.946 Y96.168 E.05058
G1 X111.796 Y95.978 E.05057
G1 X111.519 Y95.955 E.01206
G1 X111.515 Y96.01 F18000
;TYPE:Gap infill
;WIDTH:0.363505
G1 F3000
G1 X111.335 Y95.998 E.00545
;WIDTH:0.347577
G1 X110.752 Y95.984 E.01669
;WIDTH:0.323321
G2 X108.992 Y95.991 I-.728 J41.538 E.04631
;WIDTH:0.346374
G1 X108.637 Y96.012 E.01014
G1 X108.633 Y95.955 F18000
;TYPE:Bottom surface
;WIDTH:0.5
G1 F3000
G1 X108.311 Y95.982 E.01403
G1 X107.163 Y96.175 E.05053
G1 X106.035 Y96.461 E.05052
G1 X104.934 Y96.84 E.05051
G1 X103.869 Y97.308 E.0505
G1 X102.847 Y97.861 E.05049
G1 X101.873 Y98.497 E.05047
G1 X100.956 Y99.212 E.05046
G1 X100.101 Y99.999 E.05045
G1 X99.314 Y100.854 E.05044
G1 X99.205 Y100.993 E.00766
G1 X99.093 Y100.765 F18000
;TYPE:Gap infill
;WIDTH:0.111825
G1 F3000
G1 X99.254 Y100.339 E.00266
G1 X99.205 Y100.298 F18000
;TYPE:Bottom surface
;WIDTH:0.5
G1 F3000
G1 X100.072 Y99.401 E.05416
G1 X100.962 Y98.625 E.05125
G1 X101.913 Y97.924 E.05126
G1 X102.917 Y97.302 E.05127
G1 X103.969 Y96.764 E.05129
G1 X105.061 Y96.313 E.0513
G1 X106.174 Y95.955 E.05073
G1 X106.192 Y96.014 F18000
;TYPE:Gap infill
;WIDTH:0.307629
G1 F3000
G1 X106.419 Y95.986 E.00566
;WIDTH:0.284114
G1 X106.645 Y95.957 E.00514
;WIDTH:0.237083
G1 X106.871 Y95.929 E.0041
;WIDTH:0.190052
G1 X107.098 Y95.901 E.00306
;WIDTH:0.150877
G1 X107.296 Y95.884 E.00191
;WIDTH:0.120405
G1 X107.489 Y95.868 E.00129
G1 E-2.1126 F6000
;WIPE_START
G1 F3000
G1 X107.296 Y95.884 E-.3874
;WIPE_END
G1 X99.754 Y95.859 F18000
G1 E2.5 F6000
;WIDTH:0.209088
G1 F3000
G1 X99.332 Y95.999 E.00678
G1 X99.299 Y95.955 F18000
;TYPE:Bottom surface
;WIDTH:0.5
G1 F3000
G1 X99.205 Y96.027 E.0051
G1 X99.205 Y96.6 F18000
G1 F3000
G3 X100.048 Y95.955 I4.733 J5.308 E.0461
G1 X100.079 Y96 F18000
;TYPE:Gap infill
;WIDTH:0.11613
G1 F3000
G3 X100.525 Y95.863 I4.335 J13.29 E.00292
G1 X101.353 Y95.861 F18000
;WIDTH:0.150228
G1 F3000
G1 X100.865 Y96.002 E.00485
G1 X100.836 Y95.955 F18000
;TYPE:Bottom surface
;WIDTH:0.5
G1 F3000
G1 X100.626 Y96.087 E.01077
G1 X99.605 Y96.84 E.05508
G1 X99.205 Y97.183 E.02286
G1 X99.205 Y97.772 F18000
G1 F3000
G1 X99.379 Y97.61 E.01031
G1 X100.356 Y96.828 E.05433
G1 X101.391 Y96.123 E.05434
G1 X101.683 Y95.955 E.01462
G1 X101.712 Y96.005 F18000
;TYPE:Gap infill
;WIDTH:0.294349
G1 F3000
G3 X102.251 Y95.856 I4.267 J14.394 E.01316
G1 X102.6 Y95.955 F18000
;TYPE:Bottom surface
;WIDTH:0.5
G1 F3000
G1 X102.02 Y96.266 E.02856
G1 X100.98 Y96.932 E.05359
G1 X99.996 Y97.677 E.05358
G1 X99.205 Y98.377 E.04585
G1 X99.205 Y99.008 F18000
G1 F3000
G1 X99.552 Y98.659 E.02133
G1 X100.475 Y97.867 E.05281
G1 X101.457 Y97.149 E.05282
G1 X102.494 Y96.511 E.05283
G1 X103.58 Y95.955 E.05296
G1 X103.68 Y96.156 F18000
;TYPE:Gap infill
;WIDTH:0.289714
G1 F3000
G1 X103.742 Y95.979 E.00432
G1 X103.859 Y95.956 E.00274
;WIDTH:0.257915
G1 X103.975 Y95.933 E.00238
;WIDTH:0.214317
G1 X104.092 Y95.911 E.00188
;WIDTH:0.17072
G1 X104.209 Y95.888 E.00137
;WIDTH:0.127123
G1 X104.326 Y95.865 E.00087
G1 E-2.26194 F6000
;WIPE_START
G1 F3000
G1 X104.209 Y95.888 E-.23806
;WIPE_END
G1 X105.644 Y95.866 F18000
G1 E2.5 F6000
;WIDTH:0.126289
G1 F3000
G1 X105.505 Y95.888 E.00102
;WIDTH:0.16822
G1 X105.365 Y95.91 E.00159
;WIDTH:0.210151
G1 X105.226 Y95.931 E.00216
;WIDTH:0.252082
G1 X105.087 Y95.953 E.00274
;WIDTH:0.295613
G1 X104.937 Y95.977 E.00358
;WIDTH:0.318681
G1 X104.778 Y96.008 E.00418
G1 X104.757 Y95.955 F18000
;TYPE:Bottom surface
;WIDTH:0.5
G1 F3000
G1 X103.869 Y96.316 E.04163
G1 X102.797 Y96.855 E.05207
G1 X101.772 Y97.478 E.05206
G1 X100.8 Y98.181 E.05205
G1 X99.888 Y98.959 E.05204
G1 X99.205 Y99.643 E.04196
G1 E-1.75 F6000
;WIPE_START
G1 F3000
G1 X99.888 Y98.959 E-.725
G1 X99.914 Y98.937 E-.025
;WIPE_END
G1 X99.205 Y117.372 F18000
G1 E2.5 F6000
G1 F3000
G1 X99.942 Y118.345 E.05295
G1 X100.698 Y119.171 E.04861
G1 X101.521 Y119.929 E.0486
G1 X102.407 Y120.614 E.04859
G1 X103.347 Y121.221 E.04858
G1 X104.336 Y121.744 E.04857
G1 X105.366 Y122.181 E.04855
G1 X106.429 Y122.527 E.04854
G1 X107.518 Y122.781 E.04853
G1 X108.624 Y122.941 E.04852
G1 X109.74 Y123.005 E.04851
G1 X110.857 Y122.973 E.0485
G1 X111.966 Y122.846 E.04849
G1 X113.061 Y122.624 E.04847
G1 X114.132 Y122.308 E.04846
G1 X115.171 Y121.902 E.04845
G1 X116.172 Y121.408 E.04844
G1 X117.045 Y120.88 E.04429
G1 X117.045 Y121.416 F18000
G1 F3000
G1 X116.033 Y121.989 E.0505
G1 X115 Y122.462 E.04927
G1 X113.932 Y122.845 E.04929
G1 X112.834 Y123.137 E.0493
G1 X111.716 Y123.336 E.04931
G1 X110.585 Y123.439 E.04932
G1 X109.448 Y123.446 E.04933
G1 X108.315 Y123.358 E.04934
G1 X107.193 Y123.174 E.04935
G1 X106.09 Y122.896 E.04936
G1 X105.015 Y122.526 E.04937
G1 X103.974 Y122.067 E.04938
G1 X102.975 Y121.521 E.0494
G1 X102.026 Y120.893 E.04941
G1 X101.133 Y120.188 E.04942
G1 X100.302 Y119.409 E.04943
G1 X99.54 Y118.563 E.04944
G1 X99.205 Y118.122 E.02401
G1 E-1.75 F6000
;WIPE_START
G1 F3000
G1 X99.54 Y118.563 E-.41481
G1 X99.839 Y118.895 E-.33519
;WIPE_END
G1 X99.205 Y122.656 F18000
G1 E2.5 F6000
G1 F3000
G1 X99.883 Y123.213 E.03808
G1 X100.918 Y123.938 E.05486
G1 X101.098 Y124.045 E.00908
G1 X100.29 Y124.045 F18000
G1 F3000
G3 X99.205 Y123.238 I4.829 J-7.621 E.05872
G1 X99.205 Y123.812 F18000
G1 F3000
G1 X99.518 Y124.045 E.0169
G1 E-1.75 F6000
;WIPE_START
G1 F3000
G1 X99.205 Y123.812 E-.75
;WIPE_END
G1 X102.577 Y124.144 F18000
G1 E2.5 F6000
;TYPE:Gap infill
;WIDTH:0.304284
G1 F3000
G1 X102.129 Y124.029 E.01131
G1 X102.086 Y123.853 E.00442
G1 X101.97 Y124.045 F18000
;TYPE:Bottom surface
;WIDTH:0.5
G1 F3000
G1 X101.018 Y123.467 E.04831
G1 X100.005 Y122.741 E.05411
G1 X99.205 Y122.068 E.04537
G1 X99.246 Y122.02 F18000
;TYPE:Gap infill
;WIDTH:0.138362
G1 F3000
G1 X99.093 Y121.673 E.00319
G1 X99.205 Y121.463 F18000
;TYPE:Bottom surface
;WIDTH:0.5
G1 F3000
G1 X100.258 Y122.369 E.0603
G1 X101.256 Y123.087 E.05336
G1 X102.307 Y123.725 E.05335
G1 X102.941 Y124.045 E.03082
G1 E-1.75 F6000
;WIPE_START
G1 F3000
G1 X102.307 Y123.725 E-.53258
G1 X102.059 Y123.574 E-.21742
;WIPE_END
G1 X104.802 Y124.135 F18000
G1 E2.5 F6000
;TYPE:Gap infill
;WIDTH:0.126079
G1 F3000
G1 X104.679 Y124.113 E.0009
;WIDTH:0.167556
G1 X104.556 Y124.091 E.0014
;WIDTH:0.209033
G1 X104.433 Y124.07 E.00191
;WIDTH:0.25051
G1 X104.31 Y124.048 E.00241
;WIDTH:0.293788
G1 X104.176 Y124.024 E.00318
;WIDTH:0.316864
G1 X104.028 Y123.992 E.00389
G1 X104.007 Y124.045 F18000
;TYPE:Bottom surface
;WIDTH:0.5
G1 F3000
G1 X103.774 Y123.953 E.01088
G1 X102.686 Y123.421 E.05257
G1 X101.643 Y122.804 E.05258
G1 X100.653 Y122.107 E.05259
G1 X99.72 Y121.334 E.0526
G1 X99.205 Y120.833 E.03116
G1 X99.246 Y120.791 F18000
;TYPE:Gap infill
;WIDTH:0.212688
G1 F3000
G1 X99.093 Y120.419 E.00628
G1 X99.205 Y120.198 F18000
;TYPE:Bottom surface
;WIDTH:0.5
G1 F3000
G1 X99.391 Y120.402 E.01198
G1 X100.265 Y121.216 E.05183
G1 X101.201 Y121.957 E.05182
G1 X102.193 Y122.62 E.05181
G1 X103.235 Y123.202 E.0518
G1 X104.32 Y123.698 E.05179
G1 X105.277 Y124.045 E.04418
G1 X105.298 Y123.988 F18000
;TYPE:Gap infill
;WIDTH:0.303023
G1 F3000
G1 X105.459 Y124.013 E.00397
;WIDTH:0.28278
G1 X105.62 Y124.038 E.00365
;WIDTH:0.242294
G1 X105.781 Y124.062 E.00301
;WIDTH:0.201809
G1 X105.942 Y124.087 E.00237
;WIDTH:0.161323
G1 X106.103 Y124.112 E.00173
;WIDTH:0.123103
G1 X106.287 Y124.133 E.00128
G1 E-2.12986 F6000
;WIPE_START
G1 F3000
G1 X106.103 Y124.112 E-.37014
;WIPE_END
G1 X109.24 Y124.131 F18000
G1 E2.5 F6000
;WIDTH:0.124442
G1 F3000
G1 X108.738 Y124.111 E.00355
;WIDTH:0.162864
G1 X108.231 Y124.091 E.00547
;WIDTH:0.20355
G1 X107.931 Y124.067 E.00443
;WIDTH:0.245828
G1 X107.631 Y124.043 E.00566
;WIDTH:0.288106
G1 X107.331 Y124.019 E.00689
;WIDTH:0.309245
G1 X107.031 Y123.995 E.00751
G1 X107.02 Y124.045 F18000
;TYPE:Bottom surface
;WIDTH:0.5
G1 F3000
G1 X106.18 Y123.854 E.03739
G1 X105.059 Y123.501 E.05099
G1 X103.971 Y123.058 E.051
G1 X102.923 Y122.528 E.05101
G1 X101.921 Y121.913 E.05102
G1 X100.972 Y121.219 E.05103
G1 X100.083 Y120.45 E.05104
G1 X99.205 Y119.544 E.05473
G1 X99.254 Y119.504 F18000
;TYPE:Gap infill
;WIDTH:0.11031
G1 F3000
G1 X99.093 Y119.08 E.00258
G1 X99.205 Y118.853 F18000
;TYPE:Bottom surface
;WIDTH:0.5
G1 F3000
G1 X99.312 Y118.989 E.00753
G1 X100.098 Y119.84 E.05025
G1 X100.951 Y120.622 E.05024
G1 X101.866 Y121.33 E.05023
G1 X102.836 Y121.96 E.05022
G1 X103.855 Y122.508 E.05021
G1 X104.915 Y122.969 E.0502
G1 X106.01 Y123.34 E.05019
G1 X107.132 Y123.619 E.05018
G1 X108.273 Y123.805 E.05017
G1 X109.425 Y123.894 E.05016
G1 X110.58 Y123.888 E.05015
G1 X111.73 Y123.786 E.05013
G1 X112.868 Y123.589 E.05012
G1 X113.985 Y123.298 E.05011
G1 X115.074 Y122.916 E.0501
G1 X116.127 Y122.444 E.05009
G1 X117.045 Y121.938 E.04548
G1 X117.045 Y122.448 F18000
G1 F3000
G1 X116.45 Y122.783 E.02961
G1 X115.385 Y123.273 E.05089
G1 X114.284 Y123.675 E.0509
G1 X113.152 Y123.985 E.05091
G1 X112.836 Y124.045 E.01399
G1 X112.826 Y123.992 F18000
;TYPE:Gap infill
;WIDTH:0.336169
G1 F3000
G1 X112.561 Y124.014 E.00732
;WIDTH:0.297291
G1 X112.297 Y124.037 E.00632
;WIDTH:0.258412
G1 X112.032 Y124.06 E.00532
;WIDTH:0.219085
G1 X111.761 Y124.083 E.00441
;WIDTH:0.175805
G1 X111.217 Y124.107 E.00656
;WIDTH:0.152311
G1 X110.672 Y124.131 E.00532
G1 E-1.75 F6000
;WIPE_START
G1 F3000
G1 X111.217 Y124.107 E-.75
;WIPE_END
G1 X113.548 Y124.133 F18000
G1 E2.5 F6000
;WIDTH:0.14887
G1 F3000
G1 X113.715 Y124.111 E.00159
;WIDTH:0.170644
G1 X113.882 Y124.088 E.00194
;WIDTH:0.21419
G1 X114.049 Y124.066 E.00265
;WIDTH:0.257737
G1 X114.216 Y124.043 E.00337
;WIDTH:0.301283
G1 X114.383 Y124.021 E.00408
;WIDTH:0.329735
G1 X114.555 Y123.991 E.00469
G1 X114.571 Y124.045 F18000
;TYPE:Bottom surface
;WIDTH:0.5
G1 F3000
G1 X114.814 Y123.971 E.01101
G1 X115.921 Y123.532 E.05169
G1 X117.045 Y122.973 E.05448
G1 X117.157 Y123.171 F18000
;TYPE:Gap infill
;WIDTH:0.140918
G1 F3000
G1 X117.012 Y123.413 E.00244
G1 X117.045 Y123.473 F18000
;TYPE:Bottom surface
;WIDTH:0.5
G1 F3000
G1 X116.663 Y123.68 E.01884
G1 X115.843 Y124.045 E.03898
G1 X115.819 Y123.991 F18000
;TYPE:Gap infill
;WIDTH:0.306381
G1 F3000
G1 X115.669 Y124.02 E.00378
;WIDTH:0.261701
G1 X115.518 Y124.049 E.00311
;WIDTH:0.217022
G1 X115.368 Y124.078 E.00245
;WIDTH:0.172342
G1 X115.218 Y124.106 E.00179
;WIDTH:0.150002
G1 X115.067 Y124.135 E.00146
G1 E-2.19385 F6000
;WIPE_START
G1 F3000
G1 X115.218 Y124.106 E-.30615
;WIPE_END
G1 X116.715 Y124.157 F18000
G1 E2.5 F6000
;WIDTH:0.185506
G1 F3000
G1 X116.816 Y123.855 E.00412
G1 X116.912 Y124.045 F18000
;TYPE:Bottom surface
;WIDTH:0.5
G1 F3000
G1 X117.045 Y123.977 E.00646
G1 E-2.20235 F6000
;WIPE_START
G1 F3000
G1 X116.912 Y124.045 E-.29765
;WIPE_END
G1 X117.045 Y120.33 F18000
G1 E2.5 F6000
G1 F3000
G1 X116.54 Y120.674 E.0265
G1 X115.585 Y121.211 E.04759
G1 X114.585 Y121.662 E.0476
G1 X113.55 Y122.024 E.04761
G1 X112.487 Y122.295 E.04762
G1 X111.403 Y122.471 E.04764
G1 X110.309 Y122.552 E.04765
G1 X109.211 Y122.538 E.04766
G1 X108.118 Y122.427 E.04767
G1 X107.039 Y122.221 E.04768
G1 X105.982 Y121.922 E.0477
G1 X104.955 Y121.532 E.04771
G1 X103.965 Y121.053 E.04772
G1 X103.021 Y120.49 E.04773
G1 X102.129 Y119.847 E.04774
G1 X101.296 Y119.128 E.04775
G1 X100.529 Y118.338 E.04777
G1 X99.834 Y117.485 E.04778
G1 X99.205 Y116.557 E.04865
G1 X99.254 Y116.53 F18000
;TYPE:Gap infill
;WIDTH:0.137822
G1 F3000
G1 X99.112 Y115.994 E.00464
G1 X99.205 Y115.634 F18000
;TYPE:Bottom surface
;WIDTH:0.5
G1 F3000
G1 X99.37 Y115.957 E.01575
G1 X99.946 Y116.873 E.04694
G1 X100.6 Y117.733 E.04693
G1 X101.328 Y118.532 E.04691
G1 X102.123 Y119.263 E.0469
G1 X102.98 Y119.921 E.04689
G1 X103.892 Y120.5 E.04688
G1 X104.851 Y120.995 E.04686
G1 X105.851 Y121.403 E.04685
G1 X106.882 Y121.72 E.04684
G1 X107.937 Y121.945 E.04683
G1 X109.008 Y122.075 E.04682
G1 X110.085 Y122.109 E.0468
G1 X111.161 Y122.047 E.04679
G1 X112.228 Y121.889 E.04678
G1 X113.275 Y121.638 E.04677
G1 X114.296 Y121.294 E.04675
G1 X115.282 Y120.861 E.04674
G1 X116.225 Y120.342 E.04673
G1 X117.045 Y119.79 E.0429
G1 E-1.75 F6000
;WIPE_START
G1 F3000
G1 X116.225 Y120.342 E-.74117
G1 X116.214 Y120.348 E-.00883
;WIPE_END
G1 X117.972 Y119.045 F18000
G1 E2.5 F6000
G1 F3000
G1 X118.725 Y118.314 E.04554
G1 X119.426 Y117.499 E.04668
G1 X120.052 Y116.625 E.04667
G1 X120.598 Y115.698 E.04666
G1 X120.795 Y115.283 E.01997
G1 X120.889 Y115.664 F18000
;TYPE:Gap infill
;WIDTH:0.173346
G1 F3000
G1 X120.75 Y116.222 E.00678
G1 X120.795 Y116.248 F18000
;TYPE:Bottom surface
;WIDTH:0.5
G1 F3000
G1 X120.426 Y116.873 E.03151
G1 X119.789 Y117.764 E.04753
G1 X119.076 Y118.595 E.04754
G1 X118.616 Y119.045 E.0279
G1 X119.251 Y119.045 F18000
G1 F3000
G1 X119.643 Y118.639 E.02449
G1 X120.345 Y117.773 E.04838
G1 X120.795 Y117.111 E.03477
G1 X120.795 Y117.899 F18000
G1 F3000
G3 X119.868 Y119.045 I-7.21 J-4.886 E.06403
G1 X120.469 Y119.045 F18000
G1 F3000
G2 X120.795 Y118.646 I-2.226 J-2.151 E.02238
G1 E-1.75 F6000
;WIPE_START
G1 F3000
G1 X120.469 Y119.045 E-.75
;WIPE_END
G1 X120.883 Y113.264 F18000
G1 E2.5 F6000
;TYPE:Gap infill
;WIDTH:0.146783
G1 F3000
G1 X120.858 Y113.454 E.00178
;WIDTH:0.172423
G1 X120.828 Y113.629 E.00208
;WIDTH:0.221123
G1 X120.797 Y113.804 E.00292
;WIDTH:0.269823
G1 X120.766 Y113.979 E.00375
;WIDTH:0.318523
G1 X120.736 Y114.154 E.00459
G1 X120.795 Y114.174 F18000
;TYPE:Bottom surface
;WIDTH:0.5
G1 F3000
G1 X120.362 Y115.174 E.04731
G1 X119.854 Y116.098 E.04577
G1 X119.264 Y116.973 E.04579
G1 X118.597 Y117.79 E.0458
G1 X117.858 Y118.544 E.04581
G1 X117.268 Y119.045 E.03358
G1 X117.331 Y119.119 F18000
;TYPE:Gap infill
;WIDTH:0.256939
G1 F3000
G1 X117.218 Y119.081 E.00237
;WIDTH:0.288153
G1 X117.105 Y119.044 E.00273
G1 X117.076 Y119.065 E.00083
;WIDTH:0.272322
G1 X117.084 Y119.183 E.00252
;WIDTH:0.248514
G1 X117.092 Y119.301 E.00225
G1 X117.045 Y119.233 F18000
;TYPE:Bottom surface
;WIDTH:0.5
G1 F3000
G1 X116.19 Y119.835 E.04537
G1 X115.275 Y120.362 E.04585
G1 X114.315 Y120.804 E.04586
G1 X113.319 Y121.157 E.04588
G1 X112.294 Y121.419 E.04589
G1 X111.25 Y121.586 E.0459
G1 X110.195 Y121.658 E.04591
G1 X109.137 Y121.634 E.04593
G1 X108.086 Y121.515 E.04594
G1 X107.049 Y121.3 E.04595
G1 X106.036 Y120.993 E.04597
G1 X105.054 Y120.595 E.04598
G1 X104.113 Y120.109 E.04599
G1 X103.218 Y119.54 E.046
G1 X102.379 Y118.893 E.04602
G1 X101.602 Y118.172 E.04603
G1 X100.892 Y117.383 E.04604
G1 X100.257 Y116.533 E.04605
G1 X99.701 Y115.629 E.04607
G1 X99.205 Y114.619 E.04885
G1 X99.262 Y114.597 F18000
;TYPE:Gap infill
;WIDTH:0.311626
G1 F3000
G1 X99.233 Y114.447 E.00386
;WIDTH:0.265781
G1 X99.203 Y114.296 E.00318
;WIDTH:0.219936
G1 X99.174 Y114.146 E.0025
;WIDTH:0.174091
G1 X99.144 Y113.996 E.00182
;WIDTH:0.151168
G1 X99.115 Y113.845 E.00148
G1 E-2.1936 F6000
;WIPE_START
G1 F3000
G1 X99.144 Y113.996 E-.3064
;WIPE_END
G1 X99.117 Y112.221 F18000
G1 E2.5 F6000
;WIDTH:0.151058
G1 F3000
G1 X99.144 Y112.436 E.00209
;WIDTH:0.173924
G1 X99.171 Y112.652 E.00258
;WIDTH:0.219657
G1 X99.198 Y112.868 E.00354
;WIDTH:0.265391
G1 X99.225 Y113.083 E.0045
;WIDTH:0.311124
G1 X99.252 Y113.299 E.00546
G1 X99.205 Y113.313 F18000
;TYPE:Bottom surface
;WIDTH:0.5
G1 F3000
G1 X99.328 Y113.716 E.01826
G1 X99.721 Y114.68 E.0452
G1 X100.202 Y115.603 E.04519
G1 X100.765 Y116.478 E.04518
G1 X101.406 Y117.298 E.04516
G1 X102.12 Y118.054 E.04515
G1 X102.901 Y118.741 E.04514
G1 X103.741 Y119.353 E.04512
G1 X104.633 Y119.885 E.04511
G1 X105.571 Y120.332 E.0451
G1 X106.546 Y120.691 E.04508
G1 X107.549 Y120.957 E.04507
G1 X108.573 Y121.13 E.04506
G1 X109.608 Y121.208 E.04504
G1 X110.645 Y121.19 E.04503
G1 X111.676 Y121.076 E.04502
G1 X112.691 Y120.867 E.045
G1 X113.683 Y120.565 E.04499
G1 X114.642 Y120.173 E.04498
G1 X115.56 Y119.694 E.04496
G1 X116.43 Y119.132 E.04495
G1 X117.244 Y118.492 E.04494
G1 X117.995 Y117.78 E.04492
G1 X118.676 Y117.002 E.04491
G1 X119.282 Y116.164 E.0449
G1 X119.808 Y115.273 E.04488
G1 X120.249 Y114.338 E.04487
G1 X120.6 Y113.367 E.04486
G1 X120.795 Y112.621 E.03346
G1 X120.739 Y112.606 F18000
;TYPE:Gap infill
;WIDTH:0.337988
G1 F3000
G1 X120.761 Y112.427 E.005
;WIDTH:0.311536
G1 X120.784 Y112.237 E.00483
;WIDTH:0.277871
G1 X120.803 Y111.981 E.00562
;WIDTH:0.239054
G1 X120.823 Y111.725 E.00465
;WIDTH:0.200237
G1 X120.842 Y111.47 E.00369
;WIDTH:0.1611
G1 X120.862 Y111.21 E.00276
;WIDTH:0.141569
G1 X120.881 Y110.553 E.00573
G1 X120.88 Y109.595 F18000
;WIDTH:0.11398
G1 F3000
G1 X120.871 Y109.13 E.00281
;WIDTH:0.145493
G1 X120.848 Y108.789 E.0031
;WIDTH:0.190939
G1 X120.826 Y108.449 E.0046
;WIDTH:0.237046
G1 X120.802 Y108.098 E.0063
;WIDTH:0.284289
G1 X120.77 Y107.818 E.00636
;WIDTH:0.307696
G1 X120.738 Y107.537 E.007
G1 X120.795 Y107.525 F18000
;TYPE:Bottom surface
;WIDTH:0.5
G1 F3000
G1 X120.736 Y107.252 E.01212
G1 X120.428 Y106.268 E.04476
G1 X120.03 Y105.317 E.04475
G1 X119.545 Y104.408 E.04474
G1 X118.978 Y103.548 E.04472
G1 X118.333 Y102.745 E.04471
G1 X117.617 Y102.005 E.0447
G1 X116.835 Y101.335 E.04468
G1 X115.994 Y100.742 E.04467
G1 X115.102 Y100.23 E.04466
G1 X114.167 Y99.803 E.04464
G1 X113.196 Y99.465 E.04463
G1 X112.198 Y99.219 E.04461
G1 X111.181 Y99.068 E.0446
G1 X110.156 Y99.012 E.04459
G1 X109.13 Y99.052 E.04457
G1 X108.112 Y99.188 E.04456
G1 X107.112 Y99.418 E.04455
G1 X106.138 Y99.74 E.04453
G1 X105.199 Y100.152 E.04452
G1 X104.303 Y100.65 E.04451
G1 X103.457 Y101.229 E.04449
G1 X102.669 Y101.885 E.04448
G1 X101.947 Y102.611 E.04447
G1 X101.296 Y103.402 E.04445
G1 X100.722 Y104.249 E.04444
G1 X100.23 Y105.147 E.04442
G1 X99.825 Y106.086 E.04441
G1 X99.509 Y107.059 E.0444
G1 X99.286 Y108.057 E.04438
G1 X99.205 Y108.694 E.02787
G1 X99.259 Y108.701 F18000
;TYPE:Gap infill
;WIDTH:0.358783
G1 F3000
G1 X99.245 Y108.901 E.00597
;WIDTH:0.330693
G2 X99.245 Y110.96 I31.903 J1.027 E.05566
;WIDTH:0.355802
G1 X99.263 Y111.211 E.0074
G1 X99.205 Y111.22 F18000
;TYPE:Bottom surface
;WIDTH:0.5
G1 F3000
G1 X99.347 Y112.121 E.03957
G1 X99.6 Y113.11 E.04432
G1 X99.944 Y114.07 E.0443
G1 X100.377 Y114.994 E.04429
G1 X100.895 Y115.873 E.04427
G1 X101.492 Y116.699 E.04426
G1 X102.165 Y117.465 E.04425
G1 X102.907 Y118.164 E.04423
G1 X103.71 Y118.79 E.04422
G1 X104.569 Y119.337 E.04421
G1 X105.475 Y119.801 E.04419
G1 X106.421 Y120.177 E.04418
G1 X107.398 Y120.462 E.04416
G1 X108.396 Y120.655 E.04415
G1 X109.409 Y120.752 E.04414
G1 X110.425 Y120.753 E.04412
G1 X111.437 Y120.658 E.04411
G1 X112.435 Y120.468 E.0441
G1 X113.41 Y120.185 E.04408
G1 X114.354 Y119.811 E.04407
G1 X115.258 Y119.35 E.04405
G1 X116.114 Y118.806 E.04404
G1 X116.915 Y118.184 E.04403
G1 X117.653 Y117.488 E.04401
G1 X118.321 Y116.727 E.044
G1 X118.915 Y115.906 E.04398
G1 X119.428 Y115.032 E.04397
G1 X119.856 Y114.114 E.04396
G1 X120.195 Y113.16 E.04394
G1 X120.442 Y112.179 E.04393
G1 X120.594 Y111.179 E.04391
G1 X120.652 Y110.169 E.0439
G1 X120.613 Y109.159 E.04389
G1 X120.479 Y108.157 E.04387
G1 X120.25 Y107.173 E.04386
G1 X119.929 Y106.215 E.04384
G1 X119.519 Y105.293 E.04383
G1 X119.023 Y104.414 E.04382
G1 X118.446 Y103.586 E.0438
G1 X117.793 Y102.817 E.04379
G1 X117.07 Y102.113 E.04377
G1 X116.284 Y101.482 E.04376
G1 X115.442 Y100.929 E.04375
G1 X114.551 Y100.458 E.04373
G1 X113.62 Y100.075 E.04372
G1 X112.656 Y99.782 E.0437
G1 X111.67 Y99.582 E.04369
G1 X110.669 Y99.477 E.04368
G1 X109.664 Y99.468 E.04366
G1 X108.662 Y99.555 E.04365
G1 X107.673 Y99.737 E.04363
G1 X106.707 Y100.012 E.04362
G1 X105.771 Y100.378 E.04361
G1 X104.875 Y100.832 E.04359
G1 X104.027 Y101.369 E.04358
G1 X103.234 Y101.984 E.04356
G1 X102.504 Y102.672 E.04355
G1 X101.843 Y103.426 E.04353
G1 X101.258 Y104.24 E.04352
G1 X100.753 Y105.106 E.04351
G1 X100.333 Y106.016 E.04349
G1 X100.003 Y106.961 E.04348
G1 X99.765 Y107.934 E.04346
G1 X99.621 Y108.924 E.04345
G1 X99.572 Y109.924 E.04344
G1 X99.62 Y110.923 E.04342
G1 X99.763 Y111.913 E.04341
G1 X100 Y112.884 E.04339
G1 X100.329 Y113.827 E.04338
G1 X100.747 Y114.734 E.04336
G1 X101.25 Y115.597 E.04335
G1 X101.834 Y116.407 E.04333
G1 X102.492 Y117.157 E.04332
G1 X103.219 Y117.841 E.04331
G1 X104.008 Y118.451 E.04329
G1 X104.852 Y118.982 E.04328
G1 X105.742 Y119.429 E.04326
G1 X106.671 Y119.788 E.04325
G1 X107.631 Y120.057 E.04323
G1 X108.611 Y120.231 E.04322
G1 X109.603 Y120.311 E.04321
G1 X110.598 Y120.294 E.04319
G1 X111.586 Y120.182 E.04318
G1 X112.559 Y119.975 E.04316
G1 X113.506 Y119.675 E.04315
G1 X114.421 Y119.285 E.04313
G1 X115.292 Y118.809 E.04312
G1 X116.114 Y118.252 E.0431
G1 X116.878 Y117.617 E.04309
G1 X117.576 Y116.913 E.04308
G1 X118.203 Y116.144 E.04306
G1 X118.753 Y115.319 E.04305
G1 X119.22 Y114.444 E.04303
G1 X119.6 Y113.529 E.04302
G1 X119.89 Y112.582 E.043
G1 X120.087 Y111.611 E.04299
G1 X120.188 Y110.626 E.04297
G1 X120.194 Y109.637 E.04296
G1 X120.104 Y108.652 E.04294
G1 X119.919 Y107.68 E.04293
G1 X119.641 Y106.731 E.04292
G1 X119.272 Y105.814 E.0429
G1 X118.816 Y104.938 E.04289
G1 X118.278 Y104.11 E.04287
G1 X117.661 Y103.339 E.04286
G1 X116.973 Y102.631 E.04284
G1 X116.22 Y101.994 E.04283
G1 X115.409 Y101.433 E.04281
G1 X114.547 Y100.954 E.0428
G1 X113.643 Y100.561 E.04278
G1 X112.706 Y100.258 E.04277
G1 X111.743 Y100.048 E.04275
G1 X110.765 Y99.932 E.04274
G1 X109.781 Y99.913 E.04272
G1 X108.8 Y99.989 E.04271
G1 X107.832 Y100.16 E.0427
G1 X106.885 Y100.425 E.04268
G1 X105.969 Y100.781 E.04267
G1 X105.092 Y101.224 E.04265
G1 X104.263 Y101.751 E.04264
G1 X103.49 Y102.356 E.04262
G1 X102.779 Y103.033 E.04261
G1 X102.138 Y103.776 E.04259
G1 X101.574 Y104.578 E.04258
G1 X101.09 Y105.431 E.04256
G1 X100.693 Y106.327 E.04255
G1 X100.385 Y107.257 E.04253
G1 X100.169 Y108.213 E.04252
G1 X100.048 Y109.185 E.0425
G1 X100.023 Y110.163 E.04249
G1 X100.094 Y111.139 E.04247
G1 X100.261 Y112.103 E.04246
G1 X100.52 Y113.045 E.04244
G1 X100.871 Y113.958 E.04243
G1 X101.31 Y114.831 E.04241
G1 X101.831 Y115.656 E.0424
G1 X102.432 Y116.427 E.04238
G1 X103.104 Y117.134 E.04237
G1 X103.843 Y117.771 E.04235
G1 X104.64 Y118.333 E.04234
G1 X105.489 Y118.813 E.04232
G1 X106.38 Y119.208 E.04231
G1 X107.305 Y119.512 E.04229
G1 X108.256 Y119.724 E.04228
G1 X109.223 Y119.842 E.04226
G1 X110.196 Y119.864 E.04225
G1 X111.166 Y119.789 E.04223
G1 X112.123 Y119.62 E.04222
G1 X113.059 Y119.357 E.0422
G1 X113.965 Y119.003 E.04219
G1 X114.83 Y118.562 E.04217
G1 X115.648 Y118.037 E.04216
G1 X116.409 Y117.435 E.04214
G1 X117.107 Y116.761 E.04213
G1 X117.735 Y116.021 E.04211
G1 X118.286 Y115.223 E.0421
G1 X118.756 Y114.375 E.04208
G1 X119.139 Y113.485 E.04207
G1 X119.432 Y112.562 E.04205
G1 X119.632 Y111.615 E.04204
G1 X119.738 Y110.652 E.04202
G1 X119.747 Y109.685 E.04201
G1 X119.661 Y108.721 E.04199
G1 X119.48 Y107.771 E.04197
G1 X119.205 Y106.844 E.04196
G1 X118.84 Y105.95 E.04194
G1 X118.389 Y105.096 E.04193
G1 X117.855 Y104.292 E.04191
G1 X117.244 Y103.544 E.0419
G1 X116.562 Y102.862 E.04188
G1 X115.815 Y102.251 E.04187
G1 X115.012 Y101.717 E.04185
G1 X114.161 Y101.266 E.04184
G1 X113.269 Y100.902 E.04182
G1 X112.345 Y100.629 E.04181
G1 X111.399 Y100.449 E.04179
G1 X110.441 Y100.364 E.04178
G1 X109.479 Y100.375 E.04176
G1 X108.523 Y100.482 E.04174
G1 X107.583 Y100.684 E.04173
G1 X106.668 Y100.978 E.04171
G1 X105.788 Y101.362 E.0417
G1 X104.95 Y101.832 E.04168
G1 X104.164 Y102.382 E.04167
G1 X103.437 Y103.009 E.04165
G1 X102.777 Y103.704 E.04164
G1 X102.189 Y104.462 E.04162
G1 X101.681 Y105.275 E.04161
G1 X101.256 Y106.134 E.04159
G1 X100.92 Y107.03 E.04157
G1 X100.675 Y107.956 E.04156
G1 X100.525 Y108.901 E.04154
G1 X100.469 Y109.856 E.04153
G1 X100.51 Y110.811 E.04151
G1 X100.646 Y111.758 E.0415
G1 X100.877 Y112.685 E.04148
G1 X101.199 Y113.584 E.04146
G1 X101.61 Y114.446 E.04145
G1 X102.105 Y115.263 E.04143
G1 X102.679 Y116.025 E.04142
G1 X103.326 Y116.725 E.0414
G1 X104.041 Y117.356 E.04139
G1 X104.815 Y117.912 E.04137
G1 X105.641 Y118.387 E.04135
G1 X106.51 Y118.777 E.04134
G1 X107.413 Y119.077 E.04132
G1 X108.342 Y119.284 E.04131
G1 X109.286 Y119.397 E.04129
G1 X110.237 Y119.414 E.04128
G1 X111.184 Y119.335 E.04126
G1 X112.118 Y119.16 E.04124
G1 X113.03 Y118.893 E.04123
G1 X113.909 Y118.535 E.04121
G1 X114.747 Y118.09 E.0412
G1 X115.536 Y117.564 E.04118
G1 X116.268 Y116.96 E.04117
G1 X116.934 Y116.286 E.04115
G1 X117.528 Y115.548 E.04113
G1 X118.045 Y114.754 E.04112
G1 X118.478 Y113.912 E.0411
G1 X118.824 Y113.031 E.04109
G1 X119.079 Y112.119 E.04107
G1 X119.239 Y111.187 E.04105
G1 X119.305 Y110.244 E.04104
G1 X119.275 Y109.3 E.04102
G1 X119.148 Y108.364 E.04101
G1 X118.928 Y107.445 E.04099
G1 X118.616 Y106.555 E.04097
G1 X118.215 Y105.701 E.04096
G1 X117.729 Y104.892 E.04094
G1 X117.164 Y104.137 E.04093
G1 X116.526 Y103.444 E.04091
G1 X115.82 Y102.82 E.04089
G1 X115.055 Y102.271 E.04088
G1 X114.238 Y101.803 E.04086
G1 X113.379 Y101.42 E.04085
G1 X112.485 Y101.128 E.04083
G1 X111.566 Y100.928 E.04081
G1 X110.632 Y100.823 E.0408
G1 X109.693 Y100.813 E.04078
G1 X108.758 Y100.9 E.04076
G1 X107.837 Y101.081 E.04075
G1 X106.939 Y101.356 E.04073
G1 X106.075 Y101.721 E.04072
G1 X105.253 Y102.172 E.0407
G1 X104.482 Y102.704 E.04068
G1 X103.769 Y103.312 E.04067
G1 X103.123 Y103.99 E.04065
G1 X102.55 Y104.73 E.04063
G1 X102.055 Y105.524 E.04062
G1 X101.645 Y106.365 E.0406
G1 X101.324 Y107.243 E.04059
G1 X101.094 Y108.149 E.04057
G1 X100.958 Y109.073 E.04055
G1 X100.918 Y110.006 E.04054
G1 X100.974 Y110.938 E.04052
G1 X101.125 Y111.859 E.0405
G1 X101.37 Y112.759 E.04049
G1 X101.706 Y113.628 E.04047
G1 X102.13 Y114.458 E.04045
G1 X102.636 Y115.24 E.04044
G1 X103.22 Y115.965 E.04042
G1 X103.876 Y116.627 E.04041
G1 X104.595 Y117.216 E.04039
G1 X105.372 Y117.729 E.04037
G1 X106.196 Y118.158 E.04036
G1 X107.06 Y118.5 E.04034
G1 X107.955 Y118.75 E.04032
G1 X108.87 Y118.908 E.04031
G1 X109.796 Y118.969 E.04029
G1 X110.723 Y118.935 E.04027
G1 X111.641 Y118.805 E.04026
G1 X112.541 Y118.581 E.04024
G1 X113.412 Y118.265 E.04022
G1 X114.246 Y117.861 E.04021
G1 X115.032 Y117.374 E.04019
G1 X115.764 Y116.807 E.04017
G1 X116.433 Y116.168 E.04016
G1 X117.032 Y115.463 E.04014
G1 X117.554 Y114.701 E.04012
G1 X117.995 Y113.889 E.04011
G1 X118.348 Y113.035 E.04009
G1 X118.611 Y112.15 E.04007
G1 X118.78 Y111.243 E.04006
G1 X118.854 Y110.324 E.04004
G1 X118.833 Y109.402 E.04002
G1 X118.715 Y108.488 E.04001
G1 X118.504 Y107.591 E.03999
G1 X118.2 Y106.722 E.03997
G1 X117.807 Y105.89 E.03996
G1 X117.33 Y105.103 E.03994
G1 X116.774 Y104.37 E.03992
G1 X116.145 Y103.7 E.0399
G1 X115.45 Y103.099 E.03989
G1 X114.696 Y102.574 E.03987
G1 X113.892 Y102.131 E.03985
G1 X113.046 Y101.775 E.03984
G1 X112.168 Y101.509 E.03982
G1 X111.268 Y101.336 E.0398
G1 X110.355 Y101.259 E.03979
G1 X109.439 Y101.277 E.03977
G1 X108.53 Y101.391 E.03975
G1 X107.639 Y101.599 E.03973
G1 X106.774 Y101.9 E.03972
G1 X105.947 Y102.289 E.0397
G1 X105.165 Y102.763 E.03968
G1 X104.437 Y103.316 E.03967
G1 X103.772 Y103.942 E.03965
G1 X103.176 Y104.634 E.03963
G1 X102.657 Y105.384 E.03962
G1 X102.219 Y106.184 E.0396
G1 X101.868 Y107.026 E.03958
G1 X101.608 Y107.899 E.03956
G1 X101.441 Y108.795 E.03955
G1 X101.369 Y109.703 E.03953
G1 X101.393 Y110.613 E.03951
G1 X101.513 Y111.515 E.03949
G1 X101.727 Y112.398 E.03948
G1 X102.033 Y113.254 E.03946
G1 X102.428 Y114.073 E.03944
G1 X102.906 Y114.845 E.03943
G1 X103.463 Y115.562 E.03941
G1 X104.092 Y116.216 E.03939
G1 X104.787 Y116.799 E.03937
G1 X105.538 Y117.306 E.03936
G1 X106.339 Y117.73 E.03934
G1 X107.18 Y118.067 E.03932
G1 X108.052 Y118.313 E.0393
G1 X108.944 Y118.465 E.03929
G1 X109.847 Y118.521 E.03927
G1 X110.75 Y118.482 E.03925
G1 X111.644 Y118.347 E.03923
G1 X112.518 Y118.118 E.03922
G1 X113.362 Y117.798 E.0392
G1 X114.168 Y117.391 E.03918
G1 X114.925 Y116.9 E.03916
G1 X115.625 Y116.332 E.03915
G1 X116.261 Y115.693 E.03913
G1 X116.825 Y114.99 E.03911
G1 X117.31 Y114.232 E.03909
G1 X117.712 Y113.426 E.03908
G1 X118.026 Y112.583 E.03906
G1 X118.248 Y111.711 E.03904
G1 X118.376 Y110.821 E.03902
G1 X118.408 Y109.923 E.03901
G1 X118.345 Y109.027 E.03899
G1 X118.186 Y108.144 E.03897
G1 X117.933 Y107.283 E.03895
G1 X117.591 Y106.454 E.03894
G1 X117.161 Y105.667 E.03892
G1 X116.651 Y104.93 E.0389
G1 X116.065 Y104.253 E.03888
G1 X115.41 Y103.643 E.03886
G1 X114.693 Y103.106 E.03885
G1 X113.924 Y102.65 E.03883
G1 X113.111 Y102.279 E.03881
G1 X112.263 Y101.997 E.03879
G1 X111.39 Y101.808 E.03877
G1 X110.502 Y101.714 E.03876
G1 X109.609 Y101.715 E.03874
G1 X108.723 Y101.813 E.03872
G1 X107.852 Y102.005 E.0387
G1 X107.007 Y102.29 E.03869
G1 X106.199 Y102.663 E.03867
G1 X105.435 Y103.121 E.03865
G1 X104.726 Y103.659 E.03863
G1 X104.079 Y104.269 E.03861
G1 X103.502 Y104.946 E.03859
G1 X103.001 Y105.68 E.03858
G1 X102.583 Y106.464 E.03856
G1 X102.252 Y107.287 E.03854
G1 X102.012 Y108.142 E.03852
G1 X101.866 Y109.017 E.0385
G1 X101.815 Y109.902 E.03849
G1 X101.86 Y110.787 E.03847
G1 X102 Y111.661 E.03845
G1 X102.234 Y112.515 E.03843
G1 X102.56 Y113.338 E.03841
G1 X102.972 Y114.121 E.0384
G1 X103.466 Y114.854 E.03838
G1 X104.037 Y115.529 E.03836
G1 X104.677 Y116.137 E.03834
G1 X105.379 Y116.672 E.03832
G1 X106.135 Y117.128 E.0383
G1 X106.935 Y117.498 E.03829
G1 X107.771 Y117.78 E.03827
G1 X108.631 Y117.968 E.03825
G1 X109.507 Y118.062 E.03823
G1 X110.387 Y118.06 E.03821
G1 X111.262 Y117.962 E.03819
G1 X112.12 Y117.77 E.03818
G1 X112.951 Y117.485 E.03816
G1 X113.747 Y117.112 E.03814
G1 X114.496 Y116.654 E.03812
G1 X115.191 Y116.117 E.0381
G1 X115.822 Y115.508 E.03808
G1 X116.383 Y114.834 E.03806
G1 X116.867 Y114.103 E.03805
G1 X117.267 Y113.324 E.03803
G1 X117.58 Y112.506 E.03801
G1 X117.801 Y111.66 E.03799
G1 X117.928 Y110.794 E.03797
G1 X117.96 Y109.92 E.03795
G1 X117.895 Y109.049 E.03793
G1 X117.736 Y108.19 E.03791
G1 X117.483 Y107.355 E.0379
G1 X117.14 Y106.552 E.03788
G1 X116.711 Y105.793 E.03786
G1 X116.202 Y105.085 E.03784
G1 X115.618 Y104.439 E.03782
G1 X114.967 Y103.86 E.0378
G1 X114.256 Y103.357 E.03778
G1 X113.495 Y102.936 E.03776
G1 X112.693 Y102.601 E.03775
G1 X111.859 Y102.357 E.03773
G1 X111.003 Y102.206 E.03771
G1 X110.137 Y102.151 E.03769
G1 X109.27 Y102.192 E.03767
G1 X108.413 Y102.328 E.03765
G1 X107.577 Y102.558 E.03763
G1 X106.772 Y102.879 E.03761
G1 X106.008 Y103.287 E.03759
G1 X105.294 Y103.776 E.03757
G1 X104.639 Y104.341 E.03756
G1 X104.051 Y104.975 E.03754
G1 X103.538 Y105.67 E.03752
G1 X103.104 Y106.418 E.0375
G1 X102.757 Y107.208 E.03748
G1 X102.499 Y108.032 E.03746
G1 X102.335 Y108.878 E.03744
G1 X102.265 Y109.738 E.03742
G1 X102.292 Y110.599 E.0374
G1 X102.415 Y111.451 E.03738
G1 X102.631 Y112.285 E.03736
G1 X102.939 Y113.088 E.03734
G1 X103.334 Y113.852 E.03733
G1 X103.811 Y114.566 E.03731
G1 X104.365 Y115.223 E.03729
G1 X104.988 Y115.813 E.03727
G1 X105.673 Y116.33 E.03725
G1 X106.412 Y116.767 E.03723
G1 X107.193 Y117.118 E.03721
G1 X108.009 Y117.379 E.03719
G1 X108.849 Y117.548 E.03717
G1 X109.702 Y117.621 E.03715
G1 X110.557 Y117.599 E.03713
G1 X111.403 Y117.481 E.03711
G1 X112.231 Y117.268 E.03709
G1 X113.029 Y116.965 E.03707
G1 X113.788 Y116.574 E.03705
G1 X114.498 Y116.1 E.03703
G1 X115.149 Y115.55 E.03701
G1 X115.735 Y114.931 E.03699
G1 X116.246 Y114.25 E.03697
G1 X116.678 Y113.516 E.03695
G1 X117.024 Y112.739 E.03694
G1 X117.28 Y111.928 E.03692
G1 X117.443 Y111.093 E.0369
G1 X117.511 Y110.247 E.03688
G1 X117.482 Y109.398 E.03686
G1 X117.359 Y108.559 E.03684
G1 X117.141 Y107.739 E.03682
G1 X116.832 Y106.949 E.0368
G1 X116.436 Y106.2 E.03678
G1 X115.959 Y105.501 E.03676
G1 X115.405 Y104.861 E.03674
G1 X114.783 Y104.288 E.03672
G1 X114.1 Y103.789 E.0367
G1 X113.366 Y103.372 E.03668
G1 X112.589 Y103.04 E.03666
G1 X111.78 Y102.799 E.03664
G1 X110.95 Y102.652 E.03662
G1 X110.108 Y102.6 E.0366
G1 X109.267 Y102.643 E.03658
G1 X108.436 Y102.783 E.03656
G1 X107.627 Y103.015 E.03654
G1 X106.85 Y103.338 E.03652
G1 X106.116 Y103.748 E.0365
G1 X105.433 Y104.238 E.03648
G1 X104.812 Y104.802 E.03646
G1 X104.258 Y105.434 E.03644
G1 X103.781 Y106.124 E.03642
G1 X103.387 Y106.863 E.03639
G1 X103.079 Y107.643 E.03637
G1 X102.863 Y108.452 E.03635
G1 X102.741 Y109.28 E.03633
G1 X102.714 Y110.116 E.03631
G1 X102.783 Y110.949 E.03629
G1 X102.948 Y111.768 E.03627
G1 X103.205 Y112.563 E.03625
G1 X103.551 Y113.322 E.03623
G1 X103.983 Y114.037 E.03621
G1 X104.493 Y114.696 E.03619
G1 X105.075 Y115.292 E.03617
G1 X105.721 Y115.817 E.03615
G1 X106.424 Y116.264 E.03613
G1 X107.172 Y116.627 E.03611
G1 X107.957 Y116.9 E.03609
G1 X108.768 Y117.082 E.03607
G1 X109.594 Y117.168 E.03605
G1 X110.424 Y117.159 E.03603
G1 X111.246 Y117.054 E.036
G1 X112.051 Y116.855 E.03598
G1 X112.827 Y116.564 E.03596
G1 X113.563 Y116.186 E.03594
G1 X114.251 Y115.725 E.03592
G1 X114.88 Y115.188 E.0359
G1 X115.442 Y114.582 E.03588
G1 X115.93 Y113.915 E.03586
G1 X116.336 Y113.197 E.03584
G1 X116.657 Y112.436 E.03582
G1 X116.887 Y111.644 E.0358
G1 X117.023 Y110.832 E.03578
G1 X117.064 Y110.009 E.03575
G1 X117.009 Y109.188 E.03573
G1 X116.858 Y108.379 E.03571
G1 X116.615 Y107.594 E.03569
G1 X116.282 Y106.842 E.03567
G1 X115.863 Y106.136 E.03565
G1 X115.366 Y105.483 E.03563
G1 X114.796 Y104.893 E.03561
G1 X114.161 Y104.374 E.03558
G1 X113.47 Y103.934 E.03556
G1 X112.733 Y103.577 E.03554
G1 X111.96 Y103.309 E.03552
G1 X111.161 Y103.134 E.0355
G1 X110.348 Y103.053 E.03548
G1 X109.531 Y103.069 E.03546
G1 X108.722 Y103.18 E.03544
G1 X107.933 Y103.385 E.03541
G1 X107.173 Y103.682 E.03539
G1 X106.454 Y104.065 E.03537
G1 X105.786 Y104.53 E.03535
G1 X105.177 Y105.071 E.03533
G1 X104.637 Y105.678 E.03531
G1 X104.172 Y106.345 E.03529
G1 X103.789 Y107.062 E.03526
G1 X103.494 Y107.818 E.03524
G1 X103.29 Y108.603 E.03522
G1 X103.18 Y109.407 E.0352
G1 X103.166 Y110.217 E.03518
G1 X103.248 Y111.023 E.03515
G1 X103.425 Y111.812 E.03513
G1 X103.694 Y112.575 E.03511
G1 X104.051 Y113.3 E.03509
G1 X104.491 Y113.978 E.03507
G1 X105.008 Y114.598 E.03505
G1 X105.595 Y115.151 E.03502
G1 X106.243 Y115.631 E.035
G1 X106.943 Y116.03 E.03498
G1 X107.685 Y116.343 E.03496
G1 X108.459 Y116.565 E.03494
G1 X109.253 Y116.694 E.03491
G1 X110.056 Y116.727 E.03489
G1 X110.857 Y116.663 E.03487
G1 X111.644 Y116.505 E.03485
G1 X112.406 Y116.254 E.03483
G1 X113.132 Y115.915 E.0348
G1 X113.812 Y115.491 E.03478
G1 X114.436 Y114.989 E.03476
G1 X114.995 Y114.416 E.03474
G1 X115.481 Y113.781 E.03471
G1 X115.887 Y113.093 E.03469
G1 X116.207 Y112.361 E.03467
G1 X116.438 Y111.597 E.03465
G1 X116.574 Y110.811 E.03462
G1 X116.615 Y110.015 E.0346
G1 X116.561 Y109.22 E.03458
G1 X116.411 Y108.438 E.03456
G1 X116.168 Y107.681 E.03453
G1 X115.836 Y106.958 E.03451
G1 X115.42 Y106.282 E.03449
G1 X114.925 Y105.661 E.03447
G1 X114.359 Y105.104 E.03444
G1 X113.731 Y104.621 E.03442
G1 X113.049 Y104.217 E.0344
G1 X112.324 Y103.898 E.03438
G1 X111.566 Y103.67 E.03435
G1 X110.787 Y103.536 E.03433
G1 X109.997 Y103.497 E.03431
G1 X109.21 Y103.554 E.03428
G1 X108.435 Y103.706 E.03426
G1 X107.685 Y103.951 E.03424
G1 X106.971 Y104.284 E.03422
G1 X106.304 Y104.702 E.03419
G1 X105.692 Y105.198 E.03417
G1 X105.146 Y105.764 E.03415
G1 X104.673 Y106.392 E.03412
G1 X104.281 Y107.073 E.0341
G1 X103.974 Y107.796 E.03408
G1 X103.759 Y108.55 E.03405
G1 X103.637 Y109.324 E.03403
G1 X103.611 Y110.107 E.03401
G1 X103.681 Y110.887 E.03398
G1 X103.846 Y111.652 E.03396
G1 X104.102 Y112.39 E.03394
G1 X104.448 Y113.091 E.03391
G1 X104.876 Y113.744 E.03389
G1 X105.381 Y114.339 E.03387
G1 X105.955 Y114.867 E.03384
G1 X106.589 Y115.32 E.03382
G1 X107.273 Y115.691 E.0338
G1 X107.997 Y115.975 E.03377
G1 X108.75 Y116.168 E.03375
G1 X109.521 Y116.266 E.03373
G1 X110.298 Y116.268 E.0337
G1 X111.068 Y116.175 E.03368
G1 X111.82 Y115.987 E.03366
G1 X112.543 Y115.708 E.03363
G1 X113.225 Y115.342 E.03361
G1 X113.856 Y114.895 E.03358
G1 X114.427 Y114.373 E.03356
G1 X114.928 Y113.785 E.03354
G1 X115.352 Y113.14 E.03351
G1 X115.692 Y112.447 E.03349
G1 X115.943 Y111.719 E.03346
G1 X116.102 Y110.965 E.03344
G1 X116.166 Y110.198 E.03342
G1 X116.134 Y109.429 E.03339
G1 X116.006 Y108.671 E.03337
G1 X115.785 Y107.935 E.03334
G1 X115.474 Y107.234 E.03332
G1 X115.078 Y106.577 E.03329
G1 X114.604 Y105.975 E.03327
G1 X114.058 Y105.437 E.03325
G1 X113.45 Y104.972 E.03322
G1 X112.789 Y104.588 E.0332
G1 X112.086 Y104.289 E.03317
G1 X111.351 Y104.082 E.03315
G1 X110.596 Y103.968 E.03312
G1 X109.834 Y103.95 E.0331
G1 X109.076 Y104.027 E.03308
G1 X108.335 Y104.2 E.03305
G1 X107.621 Y104.464 E.03303
G1 X106.947 Y104.815 E.033
G1 X106.323 Y105.249 E.03298
G1 X105.759 Y105.757 E.03295
G1 X105.265 Y106.332 E.03293
G1 X104.847 Y106.965 E.0329
G1 X104.513 Y107.644 E.03288
G1 X104.267 Y108.36 E.03285
G1 X104.115 Y109.101 E.03283
G1 X104.057 Y109.855 E.0328
G1 X104.096 Y110.609 E.03278
G1 X104.23 Y111.351 E.03275
G1 X104.457 Y112.07 E.03273
G1 X104.773 Y112.754 E.0327
G1 X105.174 Y113.391 E.03268
G1 X105.651 Y113.972 E.03265
G1 X106.199 Y114.487 E.03263
G1 X106.807 Y114.928 E.0326
G1 X107.466 Y115.287 E.03258
G1 X108.165 Y115.558 E.03255
G1 X108.893 Y115.738 E.03252
G1 X109.636 Y115.824 E.0325
G1 X110.384 Y115.813 E.03247
G1 X111.124 Y115.707 E.03245
G1 X111.844 Y115.507 E.03242
G1 X112.531 Y115.216 E.0324
G1 X113.175 Y114.84 E.03237
G1 X113.765 Y114.385 E.03235
G1 X114.291 Y113.858 E.03232
G1 X114.745 Y113.268 E.03229
G1 X115.118 Y112.625 E.03227
G1 X115.405 Y111.94 E.03224
G1 X115.601 Y111.225 E.03222
G1 X115.703 Y110.49 E.03219
G1 X115.71 Y109.749 E.03216
G1 X115.62 Y109.014 E.03214
G1 X115.436 Y108.298 E.03211
G1 X115.161 Y107.611 E.03209
G1 X114.8 Y106.967 E.03206
G1 X114.359 Y106.376 E.03203
G1 X113.845 Y105.847 E.03201
G1 X113.267 Y105.39 E.03198
G1 X112.635 Y105.012 E.03196
G1 X111.96 Y104.72 E.03193
G1 X111.253 Y104.519 E.0319
G1 X110.527 Y104.412 E.03188
G1 X109.793 Y104.4 E.03185
G1 X109.065 Y104.485 E.03182
G1 X108.354 Y104.663 E.0318
G1 X107.674 Y104.933 E.03177
G1 X107.035 Y105.289 E.03174
G1 X106.449 Y105.726 E.03172
G1 X105.926 Y106.235 E.03169
G1 X105.475 Y106.808 E.03166
G1 X105.103 Y107.434 E.03164
G1 X104.817 Y108.104 E.03161
G1 X104.621 Y108.805 E.03158
G1 X104.52 Y109.525 E.03156
G1 X104.515 Y110.251 E.03153
G1 X104.605 Y110.971 E.0315
G1 X104.79 Y111.672 E.03147
G1 X105.065 Y112.342 E.03145
G1 X105.427 Y112.97 E.03142
G1 X105.867 Y113.543 E.03139
G1 X106.38 Y114.052 E.03137
G1 X106.955 Y114.489 E.03134
G1 X107.582 Y114.845 E.03131
G1 X108.25 Y115.114 E.03128
G1 X108.948 Y115.292 E.03126
G1 X109.663 Y115.376 E.03123
G1 X110.381 Y115.363 E.0312
G1 X111.091 Y115.255 E.03117
G1 X111.78 Y115.054 E.03114
G1 X112.435 Y114.762 E.03112
G1 X113.044 Y114.386 E.03109
G1 X113.597 Y113.932 E.03106
G1 X114.084 Y113.408 E.03103
G1 X114.496 Y112.825 E.03101
G1 X114.826 Y112.192 E.03098
G1 X115.067 Y111.521 E.03095
G1 X115.216 Y110.825 E.03092
G1 X115.27 Y110.115 E.03089
G1 X115.228 Y109.405 E.03086
G1 X115.091 Y108.708 E.03084
G1 X114.861 Y108.037 E.03081
G1 X114.543 Y107.403 E.03078
G1 X114.142 Y106.819 E.03075
G1 X113.667 Y106.294 E.03072
G1 X113.125 Y105.839 E.03069
G1 X112.528 Y105.463 E.03067
G1 X111.885 Y105.171 E.03064
G1 X111.21 Y104.969 E.03061
G1 X110.514 Y104.861 E.03058
G1 X109.81 Y104.848 E.03055
G1 X109.112 Y104.932 E.03052
G1 X108.432 Y105.11 E.03049
G1 X107.784 Y105.378 E.03046
G1 X107.179 Y105.732 E.03044
G1 X106.628 Y106.165 E.03041
G1 X106.143 Y106.669 E.03038
G1 X105.731 Y107.234 E.03035
G1 X105.401 Y107.85 E.03032
G1 X105.159 Y108.504 E.03029
G1 X105.009 Y109.185 E.03026
G1 X104.954 Y109.88 E.03023
G1 X104.995 Y110.574 E.0302
G1 X105.132 Y111.256 E.03017
G1 X105.361 Y111.911 E.03014
G1 X105.677 Y112.528 E.03011
G1 X106.076 Y113.095 E.03008
G1 X106.549 Y113.601 E.03005
G1 X107.086 Y114.036 E.03002
G1 X107.678 Y114.392 E.02999
G1 X108.314 Y114.663 E.02996
G1 X108.979 Y114.842 E.02993
G1 X109.663 Y114.927 E.0299
G1 X110.351 Y114.916 E.02987
G1 X111.03 Y114.809 E.02984
G1 X111.687 Y114.609 E.02981
G1 X112.309 Y114.32 E.02978
G1 X112.884 Y113.947 E.02975
G1 X113.401 Y113.497 E.02972
G1 X113.849 Y112.981 E.02969
G1 X114.22 Y112.407 E.02966
G1 X114.507 Y111.787 E.02963
G1 X114.703 Y111.134 E.0296
G1 X114.806 Y110.461 E.02957
G1 X114.813 Y109.781 E.02954
G1 X114.724 Y109.107 E.02951
G1 X114.542 Y108.453 E.02948
G1 X114.269 Y107.832 E.02945
G1 X113.911 Y107.256 E.02941
G1 X113.476 Y106.737 E.02938
G1 X112.973 Y106.286 E.02935
G1 X112.411 Y105.911 E.02932
G1 X111.803 Y105.619 E.02929
G1 X111.16 Y105.418 E.02926
G1 X110.495 Y105.309 E.02923
G1 X109.823 Y105.297 E.02919
G1 X109.156 Y105.38 E.02916
G1 X108.509 Y105.558 E.02913
G1 X107.894 Y105.825 E.0291
G1 X107.325 Y106.178 E.02907
G1 X106.812 Y106.607 E.02904
G1 X106.367 Y107.106 E.029
G1 X105.998 Y107.662 E.02897
G1 X105.713 Y108.265 E.02894
G1 X105.518 Y108.901 E.02891
G1 X105.417 Y109.559 E.02888
G1 X105.412 Y110.223 E.02884
G1 X105.502 Y110.881 E.02881
G1 X105.686 Y111.518 E.02878
G1 X105.96 Y112.121 E.02875
G1 X106.318 Y112.677 E.02871
G1 X106.752 Y113.175 E.02868
G1 X107.254 Y113.604 E.02865
G1 X107.811 Y113.956 E.02862
G1 X108.413 Y114.222 E.02858
G1 X109.047 Y114.398 E.02855
G1 X109.699 Y114.48 E.02852
G1 X110.355 Y114.465 E.02848
G1 X111.001 Y114.355 E.02845
G1 X111.623 Y114.152 E.02842
G1 X112.209 Y113.861 E.02838
G1 X112.744 Y113.487 E.02835
G1 X113.219 Y113.039 E.02832
G1 X113.622 Y112.527 E.02828
G1 X113.945 Y111.962 E.02825
G1 X114.181 Y111.357 E.02822
G1 X114.325 Y110.724 E.02818
G1 X114.373 Y110.077 E.02815
G1 X114.326 Y109.431 E.02811
G1 X114.184 Y108.8 E.02808
G1 X113.951 Y108.198 E.02805
G1 X113.631 Y107.637 E.02801
G1 X113.231 Y107.131 E.02798
G1 X112.762 Y106.691 E.02794
G1 X112.233 Y106.326 E.02791
G1 X111.656 Y106.044 E.02787
G1 X111.044 Y105.851 E.02784
G1 X110.412 Y105.752 E.0278
G1 X109.772 Y105.749 E.02777
G1 X109.14 Y105.842 E.02773
G1 X108.529 Y106.028 E.0277
G1 X107.955 Y106.303 E.02766
G1 X107.429 Y106.662 E.02763
G1 X106.963 Y107.094 E.02759
G1 X106.568 Y107.592 E.02756
G1 X106.254 Y108.142 E.02752
G1 X106.026 Y108.733 E.02749
G1 X105.891 Y109.351 E.02745
G1 X105.851 Y109.981 E.02742
G1 X105.907 Y110.61 E.02738
G1 X106.058 Y111.221 E.02734
G1 X106.299 Y111.802 E.02731
G1 X106.626 Y112.339 E.02727
G1 X107.03 Y112.819 E.02724
G1 X107.502 Y113.23 E.0272
G1 X108.031 Y113.565 E.02716
G1 X108.604 Y113.814 E.02713
G1 X109.208 Y113.972 E.02709
G1 X109.828 Y114.036 E.02705
G1 X110.449 Y114.003 E.02702
G1 X111.058 Y113.876 E.02698
G1 X111.638 Y113.656 E.02694
G1 X112.177 Y113.35 E.0269
G1 X112.662 Y112.965 E.02687
G1 X113.08 Y112.51 E.02683
G1 X113.422 Y111.996 E.02679
G1 X113.68 Y111.437 E.02676
G1 X113.848 Y110.844 E.02672
G1 X113.922 Y110.234 E.02668
G1 X113.899 Y109.621 E.02664
G1 X113.781 Y109.019 E.0266
G1 X113.571 Y108.445 E.02657
G1 X113.274 Y107.911 E.02653
G1 X112.897 Y107.43 E.02649
G1 X112.451 Y107.016 E.02645
G1 X111.945 Y106.677 E.02641
G1 X111.393 Y106.423 E.02637
G1 X110.809 Y106.259 E.02634
G1 X110.207 Y106.19 E.0263
G1 X109.603 Y106.216 E.02626
G1 X109.011 Y106.338 E.02622
G1 X108.447 Y106.551 E.02618
G1 X107.925 Y106.851 E.02614
G1 X107.458 Y107.23 E.0261
G1 X107.058 Y107.678 E.02606
G1 X106.735 Y108.183 E.02602
G1 X106.498 Y108.732 E.02598
G1 X106.351 Y109.312 E.02594
G1 X106.299 Y109.906 E.0259
G1 X106.344 Y110.5 E.02586
G1 X106.483 Y111.078 E.02582
G1 X106.713 Y111.626 E.02578
G1 X107.028 Y112.128 E.02574
G1 X107.419 Y112.573 E.0257
G1 X107.876 Y112.947 E.02566
G1 X108.388 Y113.242 E.02562
G1 X108.939 Y113.45 E.02558
G1 X109.516 Y113.565 E.02554
G1 X110.103 Y113.584 E.02549
G1 X110.684 Y113.508 E.02545
G1 X111.244 Y113.338 E.02541
G1 X111.768 Y113.079 E.02537
G1 X112.242 Y112.738 E.02533
G1 X112.652 Y112.325 E.02529
G1 X112.989 Y111.851 E.02524
G1 X113.242 Y111.328 E.0252
G1 X113.405 Y110.772 E.02516
G1 X113.474 Y110.198 E.02512
G1 X113.447 Y109.621 E.02507
G1 X113.325 Y109.057 E.02503
G1 X113.111 Y108.523 E.02499
G1 X112.812 Y108.032 E.02494
G1 X112.436 Y107.599 E.0249
G1 X111.994 Y107.236 E.02486
G1 X111.497 Y106.952 E.02481
G1 X110.962 Y106.755 E.02477
G1 X110.402 Y106.652 E.02473
G1 X109.833 Y106.644 E.02468
G1 X109.272 Y106.732 E.02464
G1 X108.735 Y106.913 E.02459
G1 X108.238 Y107.182 E.02455
G1 X107.794 Y107.53 E.0245
G1 X107.416 Y107.948 E.02446
G1 X107.115 Y108.424 E.02441
G1 X106.9 Y108.942 E.02437
G1 X106.777 Y109.489 E.02432
G1 X106.75 Y110.048 E.02428
G1 X106.818 Y110.602 E.02423
G1 X106.98 Y111.135 E.02419
G1 X107.231 Y111.631 E.02414
G1 X107.563 Y112.076 E.02409
G1 X107.966 Y112.456 E.02405
G1 X108.428 Y112.76 E.024
G1 X108.934 Y112.979 E.02395
G1 X109.47 Y113.107 E.02391
G1 X110.019 Y113.139 E.02386
G1 X110.564 Y113.075 E.02381
G1 X111.088 Y112.918 E.02376
G1 X111.576 Y112.671 E.02372
G1 X112.012 Y112.344 E.02367
G1 X112.383 Y111.946 E.02362
G1 X112.677 Y111.49 E.02357
G1 X112.886 Y110.99 E.02352
G1 X113.003 Y110.462 E.02348
G1 X113.025 Y109.922 E.02343
G1 X112.95 Y109.389 E.02338
G1 X112.782 Y108.878 E.02333
G1 X112.527 Y108.407 E.02328
G1 X112.192 Y107.99 E.02323
G1 X111.789 Y107.64 E.02318
G1 X111.33 Y107.368 E.02313
G1 X110.831 Y107.184 E.02308
G1 X110.309 Y107.094 E.02303
G1 X109.779 Y107.099 E.02298
G1 X109.261 Y107.199 E.02293
G1 X108.77 Y107.392 E.02287
G1 X108.324 Y107.669 E.02282
G1 X107.936 Y108.023 E.02277
G1 X107.621 Y108.441 E.02272
G1 X107.388 Y108.908 E.02267
G1 X107.245 Y109.409 E.02261
G1 X107.196 Y109.926 E.02256
G1 X107.244 Y110.443 E.02251
G1 X107.385 Y110.94 E.02246
G1 X107.616 Y111.402 E.0224
G1 X107.928 Y111.811 E.02235
G1 X108.31 Y112.155 E.02229
G1 X108.748 Y112.42 E.02224
G1 X109.227 Y112.599 E.02219
G1 X109.73 Y112.685 E.02213
G1 X110.238 Y112.674 E.02208
G1 X110.734 Y112.568 E.02202
G1 X111.2 Y112.371 E.02196
G1 X111.619 Y112.09 E.02191
G1 X111.977 Y111.735 E.02185
G1 X112.259 Y111.32 E.0218
G1 X112.457 Y110.86 E.02174
G1 X112.562 Y110.372 E.02168
G1 X112.572 Y109.874 E.02162
G1 X112.486 Y109.384 E.02157
G1 X112.308 Y108.922 E.02151
G1 X112.045 Y108.504 E.02145
G1 X111.706 Y108.146 E.02139
G1 X111.306 Y107.861 E.02133
G1 X110.859 Y107.661 E.02127
G1 X110.382 Y107.552 E.02121
G1 X109.895 Y107.539 E.02115
G1 X109.416 Y107.621 E.02109
G1 X108.964 Y107.796 E.02103
G1 X108.557 Y108.056 E.02097
G1 X108.21 Y108.39 E.02091
G1 X107.938 Y108.786 E.02085
G1 X107.751 Y109.227 E.02079
G1 X107.656 Y109.695 E.02072
G1 X107.657 Y110.171 E.02066
G1 X107.753 Y110.635 E.0206
G1 X107.941 Y111.07 E.02053
G1 X108.212 Y111.456 E.02047
G1 X108.554 Y111.778 E.02041
G1 X108.954 Y112.022 E.02034
G1 X109.394 Y112.179 E.02028
G1 X109.855 Y112.242 E.02021
G1 X110.318 Y112.209 E.02014
G1 X110.763 Y112.082 E.02008
G1 X111.17 Y111.866 E.02001
G1 X111.522 Y111.571 E.01994
G1 X111.804 Y111.21 E.01988
G1 X112.004 Y110.8 E.01981
G1 X112.112 Y110.358 E.01974
G1 X112.125 Y109.905 E.01967
G1 X112.042 Y109.462 E.0196
G1 X111.868 Y109.047 E.01953
G1 X111.61 Y108.68 E.01946
G1 X111.28 Y108.379 E.01939
G1 X110.895 Y108.155 E.01932
G1 X110.473 Y108.021 E.01924
G1 X110.033 Y107.981 E.01917
G1 X109.597 Y108.037 E.0191
G1 X109.185 Y108.187 E.01902
G1 X108.817 Y108.422 E.01895
G1 X108.511 Y108.731 E.01887
G1 X108.282 Y109.098 E.0188
G1 X108.14 Y109.505 E.01872
G1 X108.093 Y109.932 E.01864
G1 X108.141 Y110.357 E.01856
G1 X108.284 Y110.758 E.01849
G1 X108.512 Y111.116 E.01841
G1 X108.813 Y111.411 E.01833
G1 X109.173 Y111.629 E.01825
G1 X109.57 Y111.759 E.01817
G1 X109.985 Y111.795 E.01808
G1 X110.396 Y111.733 E.018
G1 X110.779 Y111.58 E.01792
G1 X111.114 Y111.342 E.01783
G1 X111.383 Y111.035 E.01775
G1 X111.572 Y110.674 E.01766
G1 X111.67 Y110.282 E.01758
G1 X111.672 Y109.879 E.01749
G1 X111.579 Y109.489 E.0174
G1 X111.396 Y109.135 E.01731
G1 X111.134 Y108.836 E.01722
G1 X110.81 Y108.612 E.01713
G1 X110.443 Y108.473 E.01704
G1 X110.055 Y108.429 E.01694
G1 X109.67 Y108.481 E.01685
G1 X109.312 Y108.626 E.01675
G1 X109.004 Y108.854 E.01666
G1 X108.763 Y109.15 E.01656
G1 X108.606 Y109.495 E.01646
G1 X108.542 Y109.866 E.01636
G1 X108.574 Y110.24 E.01626
G1 X108.7 Y110.59 E.01616
G1 X108.911 Y110.894 E.01605
G1 X109.192 Y111.131 E.01595
G1 X109.523 Y111.285 E.01584
G1 X109.88 Y111.346 E.01573
G1 X110.238 Y111.311 E.01562
G1 X110.572 Y111.182 E.01551
G1 X110.856 Y110.97 E.0154
G1 X111.071 Y110.691 E.01529
G1 X111.2 Y110.366 E.01517
G1 X111.234 Y110.021 E.01505
G1 X111.172 Y109.683 E.01493
G1 X111.02 Y109.378 E.01481
G1 X110.789 Y109.131 E.01469
G1 X110.5 Y108.961 E.01456
G1 X110.177 Y108.881 E.01443
G1 X109.848 Y108.899 E.0143
G1 X109.541 Y109.011 E.01417
G1 X109.284 Y109.207 E.01403
G1 X109.098 Y109.468 E.0139
G1 X109.001 Y109.769 E.01376
G1 X109 Y110.083 E.01361
G1 X109.095 Y110.378 E.01346
G1 X109.275 Y110.627 E.01331
G1 X109.521 Y110.804 E.01316
G1 X109.808 Y110.892 E.013
G1 X110.103 Y110.883 E.01284
G1 X110.376 Y110.779 E.01268
G1 X110.596 Y110.593 E.01251
G1 X110.739 Y110.347 E.01233
G1 X110.788 Y110.071 E.01215
G1 X110.739 Y109.8 E.01197
G1 X110.6 Y109.567 E.01178
G1 X110.391 Y109.402 E.01158
G1 X110.14 Y109.327 E.01137
G1 X109.884 Y109.35 E.01116
G1 X109.66 Y109.467 E.01094
G1 X109.503 Y109.657 E.01071
G1 X109.436 Y109.889 E.01047
G1 X109.469 Y110.122 E.01022
G1 X109.594 Y110.315 E.00996
G1 X109.785 Y110.431 E.00968
G1 X110 Y110.449 E.00938
G1 X110 Y110 E.01947
G1 X109.696 Y109.797 F18000
;TYPE:Gap infill
;WIDTH:0.488966
G1 F3000
G1 X110.094 Y109.779 E.01686
G1 X110.188 Y109.792 E.00403
;WIDTH:0.45423
G1 X110.224 Y109.805 E.00149
;WIDTH:0.424
G1 X110.294 Y109.837 E.00276
;WIDTH:0.376112
G3 X110.391 Y110.071 I-.193 J.217 E.00826
G1 X110.352 Y110.505 E.01368
G1 E-1.75 F6000
;WIPE_START
G1 F3000
G1 X110.391 Y110.071 E-.4675
G1 X110.373 Y109.937 E-.14556
G1 X110.294 Y109.837 E-.13694
;WIPE_END
G1 X120.884 Y106.897 F18000
G1 E2.5 F6000
;WIDTH:0.127187
G1 F3000
G1 X120.861 Y106.749 E.0011
;WIDTH:0.170913
G1 X120.839 Y106.6 E.00173
;WIDTH:0.214638
G1 X120.816 Y106.452 E.00237
;WIDTH:0.258364
G1 X120.793 Y106.304 E.003
;WIDTH:0.303942
G1 X120.768 Y106.143 E.00397
;WIDTH:0.328298
G1 X120.738 Y105.992 E.00413
G1 X120.795 Y105.968 F18000
;TYPE:Bottom surface
;WIDTH:0.5
G1 F3000
G1 X120.376 Y105.003 E.04563
G1 X119.872 Y104.081 E.04563
G1 X119.285 Y103.209 E.04562
G1 X118.622 Y102.394 E.04561
G1 X117.887 Y101.644 E.04559
G1 X117.075 Y100.955 E.0462
G1 X117.045 Y100.934 F18000
G1 F3000
G1 X116.229 Y100.359 E.04331
G1 X115.319 Y99.837 E.04555
G1 X114.365 Y99.399 E.04554
G1 X113.376 Y99.051 E.04553
G1 X112.359 Y98.794 E.04552
G1 X111.324 Y98.632 E.0455
G1 X110.278 Y98.565 E.04549
G1 X109.231 Y98.594 E.04548
G1 X108.191 Y98.719 E.04546
G1 X107.167 Y98.938 E.04545
G1 X106.168 Y99.25 E.04544
G1 X105.202 Y99.653 E.04542
G1 X104.277 Y100.142 E.04541
G1 X103.401 Y100.713 E.0454
G1 X102.582 Y101.362 E.04539
G1 X101.825 Y102.084 E.04537
G1 X101.138 Y102.872 E.04536
G1 X100.527 Y103.719 E.04535
G1 X99.996 Y104.618 E.04533
G1 X99.55 Y105.562 E.04532
G1 X99.205 Y106.509 E.04374
G1 X99.265 Y106.53 F18000
;TYPE:Gap infill
;WIDTH:0.324061
G1 F3000
G1 X99.23 Y106.752 E.00592
;WIDTH:0.276638
G1 X99.193 Y106.983 E.0051
;WIDTH:0.227471
G1 X99.168 Y107.213 E.00395
;WIDTH:0.178613
G1 X99.143 Y107.444 E.00285
;WIDTH:0.154183
G1 X99.117 Y107.674 E.0023
G1 E-2.03663 F6000
;WIPE_START
G1 F3000
G1 X99.143 Y107.444 E-.46337
;WIPE_END
G1 X99.115 Y106.035 F18000
G1 E2.5 F6000
;WIDTH:0.145717
G1 F3000
G1 X99.137 Y105.915 E.00111
;WIDTH:0.165914
G1 X99.158 Y105.796 E.00135
;WIDTH:0.206307
G1 X99.179 Y105.676 E.00182
;WIDTH:0.2467
G1 X99.2 Y105.556 E.0023
;WIDTH:0.287093
G1 X99.221 Y105.436 E.00277
;WIDTH:0.316519
G1 X99.259 Y105.266 E.00447
G1 X99.205 Y105.241 F18000
;TYPE:Bottom surface
;WIDTH:0.5
G1 F3000
G1 X99.6 Y104.408 E.04
G1 X100.14 Y103.491 E.04622
G1 X100.761 Y102.626 E.04623
G1 X101.458 Y101.82 E.04624
G1 X102.224 Y101.079 E.04626
G1 X103.054 Y100.411 E.04627
G1 X103.942 Y99.819 E.04628
G1 X104.879 Y99.31 E.04629
G1 X105.858 Y98.887 E.04631
G1 X106.872 Y98.554 E.04632
G1 X107.911 Y98.313 E.04633
G1 X108.969 Y98.166 E.04634
G1 X110.036 Y98.115 E.04636
G1 X111.103 Y98.159 E.04637
G1 X112.162 Y98.3 E.04638
G1 X113.205 Y98.535 E.04639
G1 X114.222 Y98.863 E.04641
G1 X115.207 Y99.28 E.04642
G1 X116.15 Y99.785 E.04643
G1 X117.045 Y100.372 E.04645
G1 X117.78 Y100.955 F18000
G1 F3000
G1 X118.659 Y101.774 E.05213
G1 X119.366 Y102.579 E.04648
G1 X119.998 Y103.443 E.04649
G1 X120.55 Y104.361 E.04651
G1 X120.795 Y104.865 E.02432
G1 X120.892 Y104.491 F18000
;TYPE:Gap infill
;WIDTH:0.222204
G1 F3000
G1 X120.749 Y103.93 E.00956
G1 X120.795 Y103.904 F18000
;TYPE:Bottom surface
;WIDTH:0.5
G1 F3000
G1 X120.517 Y103.42 E.02423
G1 X119.893 Y102.525 E.04736
G1 X119.193 Y101.688 E.04735
G1 X118.461 Y100.955 E.04497
G1 X119.095 Y100.955 F18000
G1 F3000
G1 X119.512 Y101.373 E.02565
G1 X120.227 Y102.223 E.0482
G1 X120.795 Y103.031 E.04287
G1 X120.744 Y103.067 F18000
;TYPE:Gap infill
;WIDTH:0.26518
G1 F3000
G3 X120.894 Y103.572 I-11.838 J3.799 E.01089
G1 E-1.75 F6000
;WIPE_START
G1 F3000
G1 X120.744 Y103.067 E-.75
;WIPE_END
G1 X120.795 Y102.253 F18000
G1 E2.5 F6000
;TYPE:Bottom surface
;WIDTH:0.5
G1 F3000
G2 X119.729 Y100.955 I-8.146 J5.608 E.07297
G1 X120.341 Y100.955 F18000
G1 F3000
G1 X120.795 Y101.511 E.03113
; stop printing object SG9 Holder id:3152 copy 0
M106 S122
;LAYER_CHANGE
;Z:0.44
;HEIGHT:0.2
G92 E0 ; zero the extruded length again
; BEFORE_LAYER_CHANGE 1 @ 0.44mm
G1 E-1.75 F6000
;WIPE_START
G1 F3000
G1 X120.341 Y100.955 E-.75
;WIPE_END
; AFTER_LAYER_CHANGE 1 @ 0.44mm
;_SET_FAN_SPEED_CHANGING_LAYER
M204 P2000
M104 S190 ; set nozzle temperature
; printing object SG9 Holder id:3152 copy 0
M204 T2000
G1 X119.29 Y98.71 Z.44 F18000
G1 E2.5 F6000
M204 P1000
;TYPE:Outer wall
;WIDTH:0.42
G1 F3600
G1 X123.04 Y98.71 E.11405
G1 X123.04 Y121.29 E.68674
G1 X119.29 Y121.29 E.11405
G1 X119.29 Y126.29 E.15207
G1 X96.96 Y126.29 E.67914
G1 X96.96 Y93.71 E.99088
G1 X119.29 Y93.71 E.67914
G1 X119.29 Y98.65 E.15024
G1 X118.898 Y98.71 F18000
M204 P1500
;TYPE:Inner wall
;WIDTH:0.45
G1 F6000
G1 X118.898 Y99.102 E.01287
G1 X122.648 Y99.102 E.12313
G1 X122.648 Y120.898 E.71563
G1 X118.898 Y120.898 E.12313
G1 X118.898 Y125.898 E.16417
G1 X97.352 Y125.898 E.70742
G1 X97.352 Y94.102 E1.04396
G1 X118.898 Y94.102 E.70742
G1 X118.898 Y98.65 E.14932
G1 X118.491 Y98.71 F18000
G1 F6000
G1 X118.491 Y99.509 E.02624
G1 X122.241 Y99.509 E.12313
G1 X122.241 Y120.491 E.6889
G1 X118.491 Y120.491 E.12313
G1 X118.491 Y125.491 E.16417
G1 X97.759 Y125.491 E.68069
G1 X97.759 Y94.509 E1.01723
G1 X118.491 Y94.509 E.68069
G1 X118.491 Y98.65 E.13596
G1 X118.084 Y98.71 F18000
G1 F6000
G1 X118.084 Y99.916 E.0396
G1 X121.834 Y99.916 E.12313
G1 X121.834 Y120.084 E.66217
G1 X118.084 Y120.084 E.12313
G1 X118.084 Y125.084 E.16417
G1 X98.166 Y125.084 E.65396
G1 X98.166 Y94.916 E.9905
G1 X118.084 Y94.916 E.65396
G1 X118.084 Y98.65 E.12259
G1 X117.677 Y98.71 F18000
G1 F6000
G1 X117.677 Y100.323 E.05297
G1 X121.427 Y100.323 E.12313
G1 X121.427 Y119.677 E.63544
G1 X117.677 Y119.677 E.12313
G1 X117.677 Y124.677 E.16417
G1 X98.573 Y124.677 E.62723
G1 X98.573 Y95.323 E.96377
G1 X117.677 Y95.323 E.62723
G1 X117.677 Y98.65 E.10923
G1 E-1.75
;WIPE_START
G1 X117.677 Y99.65 E-.75
;WIPE_END
G1 X98.909 Y95.487 F18000
G1 E2.5 F6000
M204 P2000
;TYPE:Internal solid infill
;WIDTH:0.425359
G1 X98.909 Y124.343 E.89011
G1 X99.292 Y124.343 E.0118
G1 X99.292 Y95.657 E.88487
G1 X99.674 Y95.657 E.0118
G1 X99.674 Y124.343 E.88487
G1 X100.057 Y124.343 E.0118
G1 X100.057 Y95.657 E.88487
G1 X100.439 Y95.657 E.0118
G1 X100.439 Y124.343 E.88487
G1 X100.821 Y124.343 E.0118
G1 X100.821 Y95.657 E.88487
G1 X101.204 Y95.657 E.0118
G1 X101.204 Y124.343 E.88487
G1 X101.586 Y124.343 E.0118
G1 X101.586 Y95.657 E.88487
G1 X101.969 Y95.657 E.0118
G1 X101.969 Y124.343 E.88487
G1 X102.351 Y124.343 E.0118
G1 X102.351 Y95.657 E.88487
G1 X102.734 Y95.657 E.0118
G1 X102.734 Y124.343 E.88487
G1 X103.116 Y124.343 E.0118
G1 X103.116 Y95.657 E.88487
G1 X103.499 Y95.657 E.0118
G1 X103.498 Y124.343 E.88487
G1 X103.881 Y124.343 E.0118
G1 X103.881 Y95.657 E.88487
G1 X104.263 Y95.657 E.0118
G1 X104.263 Y124.343 E.88487
G1 X104.646 Y124.343 E.0118
G1 X104.646 Y95.657 E.88487
G1 X105.028 Y95.657 E.0118
G1 X105.028 Y124.343 E.88487
G1 X105.411 Y124.343 E.0118
G1 X105.411 Y95.657 E.88487
G1 X105.793 Y95.657 E.0118
G1 X105.793 Y124.343 E.88487
G1 X106.176 Y124.343 E.0118
G1 X106.176 Y95.657 E.88487
G1 X106.558 Y95.657 E.0118
G1 X106.558 Y124.343 E.88487
G1 X106.94 Y124.343 E.0118
G1 X106.94 Y95.657 E.88487
G1 X107.323 Y95.657 E.0118
G1 X107.323 Y124.343 E.88487
G1 X107.705 Y124.343 E.0118
G1 X107.705 Y95.657 E.88487
G1 X108.088 Y95.657 E.0118
G1 X108.088 Y124.343 E.88487
G1 X108.47 Y124.343 E.0118
G1 X108.47 Y95.657 E.88487
G1 X108.853 Y95.657 E.0118
G1 X108.853 Y124.343 E.88487
G1 X109.235 Y124.343 E.0118
G1 X109.235 Y95.657 E.88487
G1 X109.618 Y95.657 E.0118
G1 X109.618 Y124.343 E.88487
G1 X110 Y124.343 E.0118
G1 X110 Y95.657 E.88487
G1 X110.382 Y95.657 E.0118
G1 X110.382 Y124.343 E.88487
G1 X110.765 Y124.343 E.0118
G1 X110.765 Y95.657 E.88487
G1 X111.147 Y95.657 E.0118
G1 X111.147 Y124.343 E.88487
G1 X111.53 Y124.343 E.0118
G1 X111.53 Y95.657 E.88487
G1 X111.912 Y95.657 E.0118
G1 X111.912 Y124.343 E.88487
G1 X112.295 Y124.343 E.0118
G1 X112.295 Y95.657 E.88487
G1 X112.677 Y95.657 E.0118
G1 X112.677 Y124.343 E.88487
G1 X113.059 Y124.343 E.0118
G1 X113.059 Y95.657 E.88487
G1 X113.442 Y95.657 E.0118
G1 X113.442 Y124.343 E.88487
G1 X113.824 Y124.343 E.0118
G1 X113.824 Y95.657 E.88487
G1 X114.207 Y95.657 E.0118
G1 X114.207 Y124.343 E.88487
G1 X114.589 Y124.343 E.0118
G1 X114.589 Y95.657 E.88487
G1 X114.972 Y95.657 E.0118
G1 X114.972 Y124.343 E.88487
G1 X115.354 Y124.343 E.0118
G1 X115.354 Y95.657 E.88487
G1 X115.737 Y95.657 E.0118
G1 X115.737 Y124.343 E.88487
G1 X116.119 Y124.343 E.0118
G1 X116.119 Y95.657 E.88487
G1 X116.501 Y95.657 E.0118
G1 X116.501 Y124.343 E.88487
G1 X116.884 Y124.343 E.0118
G1 X116.884 Y95.657 E.88487
G1 X117.266 Y95.657 E.0118
G1 X117.266 Y124.343 E.88487
G1 X117.343 Y124.343 E.00238
G1 X117.343 Y119.343 E.15423
G1 X117.649 Y119.343 E.00942
G1 X117.649 Y100.657 E.57641
G1 X118.031 Y100.657 E.0118
G1 X118.031 Y119.343 E.57641
G1 X118.414 Y119.343 E.0118
G1 X118.414 Y100.657 E.57641
G1 X118.796 Y100.657 E.0118
G1 X118.796 Y119.343 E.57641
G1 X119.178 Y119.343 E.0118
G1 X119.179 Y100.657 E.57641
G1 X119.561 Y100.657 E.0118
G1 X119.561 Y119.343 E.57641
G1 X119.943 Y119.343 E.0118
G1 X119.943 Y100.657 E.57641
G1 X120.326 Y100.657 E.0118
G1 X120.326 Y119.343 E.57641
G1 X120.708 Y119.343 E.0118
G1 X120.708 Y100.657 E.57641
G1 X121.091 Y100.657 E.0118
G1 X121.091 Y119.513 E.58165
; stop printing object SG9 Holder id:3152 copy 0
M106 S245
;LAYER_CHANGE
;Z:0.64
;HEIGHT:0.2
G92 E0 ; zero the extruded length again
; BEFORE_LAYER_CHANGE 2 @ 0.64mm
G1 E-1.75 F6000
;WIPE_START
G1 X121.091 Y118.513 E-.75
;WIPE_END
; AFTER_LAYER_CHANGE 2 @ 0.64mm
;_SET_FAN_SPEED_CHANGING_LAYER
; printing object SG9 Holder id:3152 copy 0
G1 X119.29 Y98.71 Z.64 F18000
G1 E2.5 F6000
M204 P1000
;TYPE:Outer wall
;WIDTH:0.42
G1 F3600
G1 X123.04 Y98.71 E.11405
G1 X123.04 Y121.29 E.68674
G1 X119.29 Y121.29 E.11405
G1 X119.29 Y126.29 E.15207
G1 X96.96 Y126.29 E.67914
G1 X96.96 Y93.71 E.99088
G1 X119.29 Y93.71 E.67914
G1 X119.29 Y98.65 E.15024
G1 X118.898 Y98.71 F18000
M204 P1500
;TYPE:Inner wall
;WIDTH:0.45
G1 F6000
G1 X118.898 Y99.102 E.01287
G1 X122.648 Y99.102 E.12313
G1 X122.648 Y120.898 E.71563
G1 X118.898 Y120.898 E.12313
G1 X118.898 Y125.898 E.16417
G1 X97.352 Y125.898 E.70742
G1 X97.352 Y94.102 E1.04396
G1 X118.898 Y94.102 E.70742
G1 X118.898 Y98.65 E.14932
G1 X118.491 Y98.71 F18000
G1 F6000
G1 X118.491 Y99.509 E.02624
G1 X122.241 Y99.509 E.12313
G1 X122.241 Y120.491 E.6889
G1 X118.491 Y120.491 E.12313
G1 X118.491 Y125.491 E.16417
G1 X97.759 Y125.491 E.68069
G1 X97.759 Y94.509 E1.01723
G1 X118.491 Y94.509 E.68069
G1 X118.491 Y98.65 E.13596
G1 X118.084 Y98.71 F18000
G1 F6000
G1 X118.084 Y99.916 E.0396
G1 X121.834 Y99.916 E.12313
G1 X121.834 Y120.084 E.66217
G1 X118.084 Y120.084 E.12313
G1 X118.084 Y125.084 E.16417
G1 X98.166 Y125.084 E.65396
G1 X98.166 Y94.916 E.9905
G1 X118.084 Y94.916 E.65396
G1 X118.084 Y98.65 E.12259
G1 X117.677 Y98.71 F18000
G1 F6000
G1 X117.677 Y100.323 E.05297
G1 X121.427 Y100.323 E.12313
G1 X121.427 Y119.677 E.63544
G1 X117.677 Y119.677 E.12313
G1 X117.677 Y124.677 E.16417
G1 X98.573 Y124.677 E.62723
G1 X98.573 Y95.323 E.96377
G1 X117.677 Y95.323 E.62723
G1 X117.677 Y98.65 E.10923
G1 E-1.75
;WIPE_START
G1 X117.677 Y99.65 E-.75
;WIPE_END
G1 X117.513 Y95.657 F18000
G1 E2.5 F6000
M204 P2000
;TYPE:Internal solid infill
;WIDTH:0.420373
G1 X98.907 Y95.657 E.56645
G1 X98.907 Y96.034 E.01149
G1 X117.343 Y96.034 E.56129
G1 X117.343 Y96.412 E.01149
G1 X98.907 Y96.412 E.56129
G1 X98.907 Y96.789 E.01149
G1 X117.343 Y96.789 E.56129
G1 X117.343 Y97.167 E.01149
G1 X98.907 Y97.167 E.56129
G1 X98.907 Y97.544 E.01149
G1 X117.343 Y97.544 E.56129
G1 X117.343 Y97.922 E.01149
G1 X98.907 Y97.922 E.56129
G1 X98.907 Y98.299 E.01149
G1 X117.343 Y98.299 E.56129
G1 X117.343 Y98.676 E.01149
G1 X98.907 Y98.676 E.56129
G1 X98.907 Y99.054 E.01149
G1 X117.343 Y99.054 E.56129
G1 X117.343 Y99.431 E.01149
G1 X98.907 Y99.431 E.56129
G1 X98.907 Y99.809 E.01149
G1 X117.343 Y99.809 E.56129
G1 X117.343 Y100.186 E.01149
G1 X98.907 Y100.186 E.56129
G1 X98.907 Y100.564 E.01149
G1 X117.343 Y100.564 E.56129
G1 X117.343 Y100.657 E.00283
G1 X121.093 Y100.657 E.11416
G1 X121.093 Y100.941 E.00866
G1 X98.907 Y100.941 E.67545
G1 X98.907 Y101.319 E.01149
G1 X121.093 Y101.319 E.67545
G1 X121.093 Y101.696 E.01149
G1 X98.907 Y101.696 E.67545
G1 X98.907 Y102.074 E.01149
G1 X121.093 Y102.074 E.67545
G1 X121.093 Y102.451 E.01149
G1 X98.907 Y102.451 E.67545
G1 X98.907 Y102.828 E.01149
G1 X121.093 Y102.828 E.67545
G1 X121.093 Y103.206 E.01149
G1 X98.907 Y103.206 E.67545
G1 X98.907 Y103.583 E.01149
G1 X121.093 Y103.583 E.67545
G1 X121.093 Y103.961 E.01149
G1 X98.907 Y103.961 E.67545
G1 X98.907 Y104.338 E.01149
G1 X121.093 Y104.338 E.67545
G1 X121.093 Y104.716 E.01149
G1 X98.907 Y104.716 E.67545
G1 X98.907 Y105.093 E.01149
G1 X121.093 Y105.093 E.67545
G1 X121.093 Y105.471 E.01149
G1 X98.907 Y105.471 E.67545
G1 X98.907 Y105.848 E.01149
G1 X121.093 Y105.848 E.67545
G1 X121.093 Y106.226 E.01149
G1 X98.907 Y106.226 E.67545
G1 X98.907 Y106.603 E.01149
G1 X121.093 Y106.603 E.67545
G1 X121.093 Y106.98 E.01149
G1 X98.907 Y106.98 E.67545
G1 X98.907 Y107.358 E.01149
G1 X121.093 Y107.358 E.67545
G1 X121.093 Y107.735 E.01149
G1 X98.907 Y107.735 E.67545
G1 X98.907 Y108.113 E.01149
G1 X121.093 Y108.113 E.67545
G1 X121.093 Y108.49 E.01149
G1 X98.907 Y108.49 E.67545
G1 X98.907 Y108.868 E.01149
G1 X121.093 Y108.868 E.67545
G1 X121.093 Y109.245 E.01149
G1 X98.907 Y109.245 E.67545
G1 X98.907 Y109.623 E.01149
G1 X121.093 Y109.623 E.67545
G1 X121.093 Y110 E.01149
G1 X98.907 Y110 E.67545
G1 X98.907 Y110.377 E.01149
G1 X121.093 Y110.377 E.67545
G1 X121.093 Y110.755 E.01149
G1 X98.907 Y110.755 E.67545
G1 X98.907 Y111.132 E.01149
G1 X121.093 Y111.132 E.67545
G1 X121.093 Y111.51 E.01149
G1 X98.907 Y111.51 E.67545
G1 X98.907 Y111.887 E.01149
G1 X121.093 Y111.887 E.67545
G1 X121.093 Y112.265 E.01149
G1 X98.907 Y112.265 E.67545
G1 X98.907 Y112.642 E.01149
G1 X121.093 Y112.642 E.67545
G1 X121.093 Y113.02 E.01149
G1 X98.907 Y113.02 E.67545
G1 X98.907 Y113.397 E.01149
G1 X121.093 Y113.397 E.67545
G1 X121.093 Y113.775 E.01149
G1 X98.907 Y113.775 E.67545
G1 X98.907 Y114.152 E.01149
G1 X121.093 Y114.152 E.67545
G1 X121.093 Y114.529 E.01149
G1 X98.907 Y114.529 E.67545
G1 X98.907 Y114.907 E.01149
G1 X121.093 Y114.907 E.67545
G1 X121.093 Y115.284 E.01149
G1 X98.907 Y115.284 E.67545
G1 X98.907 Y115.662 E.01149
G1 X121.093 Y115.662 E.67545
G1 X121.093 Y116.039 E.01149
G1 X98.907 Y116.039 E.67545
G1 X98.907 Y116.417 E.01149
G1 X121.093 Y116.417 E.67545
G1 X121.093 Y116.794 E.01149
G1 X98.907 Y116.794 E.67545
G1 X98.907 Y117.172 E.01149
G1 X121.093 Y117.172 E.67545
G1 X121.093 Y117.549 E.01149
G1 X98.907 Y117.549 E.67545
G1 X98.907 Y117.927 E.01149
G1 X121.093 Y117.927 E.67545
G1 X121.093 Y118.304 E.01149
G1 X98.907 Y118.304 E.67545
G1 X98.907 Y118.681 E.01149
G1 X121.093 Y118.681 E.67545
G1 X121.093 Y119.059 E.01149
G1 X98.907 Y119.059 E.67545
G1 X98.907 Y119.436 E.01149
G1 X117.343 Y119.436 E.56129
G1 X117.343 Y119.814 E.01149
G1 X98.907 Y119.814 E.56129
G1 X98.907 Y120.191 E.01149
G1 X117.343 Y120.191 E.56129
G1 X117.343 Y120.569 E.01149
G1 X98.907 Y120.569 E.56129
G1 X98.907 Y120.946 E.01149
G1 X117.343 Y120.946 E.56129
G1 X117.343 Y121.324 E.01149
G1 X98.907 Y121.324 E.56129
G1 X98.907 Y121.701 E.01149
G1 X117.343 Y121.701 E.56129
G1 X117.343 Y122.079 E.01149
G1 X98.907 Y122.079 E.56129
G1 X98.907 Y122.456 E.01149
G1 X117.343 Y122.456 E.56129
G1 X117.343 Y122.833 E.01149
G1 X98.907 Y122.833 E.56129
G1 X98.907 Y123.211 E.01149
G1 X117.343 Y123.211 E.56129
G1 X117.343 Y123.588 E.01149
G1 X98.907 Y123.588 E.56129
G1 X98.907 Y123.966 E.01149
G1 X117.343 Y123.966 E.56129
G1 X117.343 Y124.343 E.01149
G1 X98.737 Y124.343 E.56645
; stop printing object SG9 Holder id:3152 copy 0
;LAYER_CHANGE
;Z:0.84
;HEIGHT:0.2
G92 E0 ; zero the extruded length again
; BEFORE_LAYER_CHANGE 3 @ 0.84mm
G1 E-1.75 F6000
;WIPE_START
G1 X99.737 Y124.343 E-.75
;WIPE_END
; AFTER_LAYER_CHANGE 3 @ 0.84mm
;_SET_FAN_SPEED_CHANGING_LAYER
; printing object SG9 Holder id:3152 copy 0
G1 X119.29 Y98.71 Z.84 F18000
G1 E2.5 F6000
M204 P1000
;TYPE:Outer wall
;WIDTH:0.42
G1 F3600
G1 X123.04 Y98.71 E.11405
G1 X123.04 Y121.29 E.68674
G1 X119.29 Y121.29 E.11405
G1 X119.29 Y126.29 E.15207
G1 X96.96 Y126.29 E.67914
G1 X96.96 Y93.71 E.99088
G1 X119.29 Y93.71 E.67914
G1 X119.29 Y98.65 E.15024
G1 X118.898 Y98.71 F18000
M204 P1500
;TYPE:Inner wall
;WIDTH:0.45
G1 F6000
G1 X118.898 Y99.102 E.01287
G1 X122.648 Y99.102 E.12313
G1 X122.648 Y120.898 E.71563
G1 X118.898 Y120.898 E.12313
G1 X118.898 Y125.898 E.16417
G1 X97.352 Y125.898 E.70742
G1 X97.352 Y94.102 E1.04396
G1 X118.898 Y94.102 E.70742
G1 X118.898 Y98.65 E.14932
G1 X118.491 Y98.71 F18000
G1 F6000
G1 X118.491 Y99.509 E.02624
G1 X122.241 Y99.509 E.12313
G1 X122.241 Y120.491 E.6889
G1 X118.491 Y120.491 E.12313
G1 X118.491 Y125.491 E.16417
G1 X97.759 Y125.491 E.68069
G1 X97.759 Y94.509 E1.01723
G1 X118.491 Y94.509 E.68069
G1 X118.491 Y98.65 E.13596
G1 X118.084 Y98.71 F18000
G1 F6000
G1 X118.084 Y99.916 E.0396
G1 X121.834 Y99.916 E.12313
G1 X121.834 Y120.084 E.66217
G1 X118.084 Y120.084 E.12313
G1 X118.084 Y125.084 E.16417
G1 X98.166 Y125.084 E.65396
G1 X98.166 Y94.916 E.9905
G1 X118.084 Y94.916 E.65396
G1 X118.084 Y98.65 E.12259
G1 X117.677 Y98.71 F18000
G1 F6000
G1 X117.677 Y100.323 E.05297
G1 X121.427 Y100.323 E.12313
G1 X121.427 Y119.677 E.63544
G1 X117.677 Y119.677 E.12313
G1 X117.677 Y124.677 E.16417
G1 X98.573 Y124.677 E.62723
G1 X98.573 Y95.323 E.96377
G1 X117.677 Y95.323 E.62723
G1 X117.677 Y98.65 E.10923
G1 E-1.75
;WIPE_START
G1 X117.677 Y99.65 E-.75
;WIPE_END
G1 X98.909 Y95.487 F18000
G1 E2.5 F6000
M204 P2000
;TYPE:Internal solid infill
;WIDTH:0.425359
G1 X98.909 Y124.343 E.89011
G1 X99.292 Y124.343 E.0118
G1 X99.292 Y95.657 E.88487
G1 X99.674 Y95.657 E.0118
G1 X99.674 Y124.343 E.88487
G1 X100.057 Y124.343 E.0118
G1 X100.057 Y95.657 E.88487
G1 X100.439 Y95.657 E.0118
G1 X100.439 Y124.343 E.88487
G1 X100.821 Y124.343 E.0118
G1 X100.821 Y95.657 E.88487
G1 X101.204 Y95.657 E.0118
G1 X101.204 Y124.343 E.88487
G1 X101.586 Y124.343 E.0118
G1 X101.586 Y95.657 E.88487
G1 X101.969 Y95.657 E.0118
G1 X101.969 Y124.343 E.88487
G1 X102.351 Y124.343 E.0118
G1 X102.351 Y95.657 E.88487
G1 X102.734 Y95.657 E.0118
G1 X102.734 Y124.343 E.88487
G1 X103.116 Y124.343 E.0118
G1 X103.116 Y95.657 E.88487
G1 X103.499 Y95.657 E.0118
G1 X103.498 Y124.343 E.88487
G1 X103.881 Y124.343 E.0118
G1 X103.881 Y95.657 E.88487
G1 X104.263 Y95.657 E.0118
G1 X104.263 Y124.343 E.88487
G1 X104.646 Y124.343 E.0118
G1 X104.646 Y95.657 E.88487
G1 X105.028 Y95.657 E.0118
G1 X105.028 Y124.343 E.88487
G1 X105.411 Y124.343 E.0118
G1 X105.411 Y95.657 E.88487
G1 X105.793 Y95.657 E.0118
G1 X105.793 Y124.343 E.88487
G1 X106.176 Y124.343 E.0118
G1 X106.176 Y95.657 E.88487
G1 X106.558 Y95.657 E.0118
G1 X106.558 Y124.343 E.88487
G1 X106.94 Y124.343 E.0118
G1 X106.94 Y95.657 E.88487
G1 X107.323 Y95.657 E.0118
G1 X107.323 Y124.343 E.88487
G1 X107.705 Y124.343 E.0118
G1 X107.705 Y95.657 E.88487
G1 X108.088 Y95.657 E.0118
G1 X108.088 Y124.343 E.88487
G1 X108.47 Y124.343 E.0118
G1 X108.47 Y95.657 E.88487
G1 X108.853 Y95.657 E.0118
G1 X108.853 Y124.343 E.88487
G1 X109.235 Y124.343 E.0118
G1 X109.235 Y95.657 E.88487
G1 X109.618 Y95.657 E.0118
G1 X109.618 Y124.343 E.88487
G1 X110 Y124.343 E.0118
G1 X110 Y95.657 E.88487
G1 X110.382 Y95.657 E.0118
G1 X110.382 Y124.343 E.88487
G1 X110.765 Y124.343 E.0118
G1 X110.765 Y95.657 E.88487
G1 X111.147 Y95.657 E.0118
G1 X111.147 Y124.343 E.88487
G1 X111.53 Y124.343 E.0118
G1 X111.53 Y95.657 E.88487
G1 X111.912 Y95.657 E.0118
G1 X111.912 Y124.343 E.88487
G1 X112.295 Y124.343 E.0118
G1 X112.295 Y95.657 E.88487
G1 X112.677 Y95.657 E.0118
G1 X112.677 Y124.343 E.88487
G1 X113.059 Y124.343 E.0118
G1 X113.059 Y95.657 E.88487
G1 X113.442 Y95.657 E.0118
G1 X113.442 Y124.343 E.88487
G1 X113.824 Y124.343 E.0118
G1 X113.824 Y95.657 E.88487
G1 X114.207 Y95.657 E.0118
G1 X114.207 Y124.343 E.88487
G1 X114.589 Y124.343 E.0118
G1 X114.589 Y95.657 E.88487
G1 X114.972 Y95.657 E.0118
G1 X114.972 Y124.343 E.88487
G1 X115.354 Y124.343 E.0118
G1 X115.354 Y95.657 E.88487
G1 X115.737 Y95.657 E.0118
G1 X115.737 Y124.343 E.88487
G1 X116.119 Y124.343 E.0118
G1 X116.119 Y95.657 E.88487
G1 X116.501 Y95.657 E.0118
G1 X116.501 Y124.343 E.88487
G1 X116.884 Y124.343 E.0118
G1 X116.884 Y95.657 E.88487
G1 X117.266 Y95.657 E.0118
G1 X117.266 Y124.343 E.88487
G1 X117.343 Y124.343 E.00238
G1 X117.343 Y119.343 E.15423
G1 X117.649 Y119.343 E.00942
G1 X117.649 Y100.657 E.57641
G1 X118.031 Y100.657 E.0118
G1 X118.031 Y119.343 E.57641
G1 X118.414 Y119.343 E.0118
G1 X118.414 Y100.657 E.57641
G1 X118.796 Y100.657 E.0118
G1 X118.796 Y119.343 E.57641
G1 X119.178 Y119.343 E.0118
G1 X119.179 Y100.657 E.57641
G1 X119.561 Y100.657 E.0118
G1 X119.561 Y119.343 E.57641
G1 X119.943 Y119.343 E.0118
G1 X119.943 Y100.657 E.57641
G1 X120.326 Y100.657 E.0118
G1 X120.326 Y119.343 E.57641
G1 X120.708 Y119.343 E.0118
G1 X120.708 Y100.657 E.57641
G1 X121.091 Y100.657 E.0118
G1 X121.091 Y119.513 E.58165
; stop printing object SG9 Holder id:3152 copy 0
;LAYER_CHANGE
;Z:1.04
;HEIGHT:0.2
G92 E0 ; zero the extruded length again
; BEFORE_LAYER_CHANGE 4 @ 1.04mm
G1 E-1.75 F6000
;WIPE_START
G1 X121.091 Y118.513 E-.75
;WIPE_END
; AFTER_LAYER_CHANGE 4 @ 1.04mm
;_SET_FAN_SPEED_CHANGING_LAYER
; printing object SG9 Holder id:3152 copy 0
G1 X119.29 Y98.71 Z1.04 F18000
G1 E2.5 F6000
M204 P1000
;TYPE:Outer wall
;WIDTH:0.42
G1 F3600
G1 X123.04 Y98.71 E.11405
G1 X123.04 Y121.29 E.68674
G1 X119.29 Y121.29 E.11405
G1 X119.29 Y126.29 E.15207
G1 X96.96 Y126.29 E.67914
G1 X96.96 Y93.71 E.99088
G1 X119.29 Y93.71 E.67914
G1 X119.29 Y98.65 E.15024
G1 X118.898 Y98.71 F18000
M204 P1500
;TYPE:Inner wall
;WIDTH:0.45
G1 F6000
G1 X118.898 Y99.102 E.01287
G1 X122.648 Y99.102 E.12313
G1 X122.648 Y120.898 E.71563
G1 X118.898 Y120.898 E.12313
G1 X118.898 Y125.898 E.16417
G1 X97.352 Y125.898 E.70742
G1 X97.352 Y94.102 E1.04396
G1 X118.898 Y94.102 E.70742
G1 X118.898 Y98.65 E.14932
G1 X118.491 Y98.71 F18000
G1 F6000
G1 X118.491 Y99.509 E.02624
G1 X122.241 Y99.509 E.12313
G1 X122.241 Y120.491 E.6889
G1 X118.491 Y120.491 E.12313
G1 X118.491 Y125.491 E.16417
G1 X97.759 Y125.491 E.68069
G1 X97.759 Y94.509 E1.01723
G1 X118.491 Y94.509 E.68069
G1 X118.491 Y98.65 E.13596
G1 X118.084 Y98.71 F18000
G1 F6000
G1 X118.084 Y99.916 E.0396
G1 X121.834 Y99.916 E.12313
G1 X121.834 Y120.084 E.66217
G1 X118.084 Y120.084 E.12313
G1 X118.084 Y125.084 E.16417
G1 X98.166 Y125.084 E.65396
G1 X98.166 Y94.916 E.9905
G1 X118.084 Y94.916 E.65396
G1 X118.084 Y98.65 E.12259
G1 X117.677 Y98.71 F18000
G1 F6000
G1 X117.677 Y100.323 E.05297
G1 X121.427 Y100.323 E.12313
G1 X121.427 Y119.677 E.63544
G1 X117.677 Y119.677 E.12313
G1 X117.677 Y124.677 E.16417
G1 X98.573 Y124.677 E.62723
G1 X98.573 Y95.323 E.96377
G1 X117.677 Y95.323 E.62723
G1 X117.677 Y98.65 E.10923
G1 E-1.75
;WIPE_START
G1 X117.677 Y99.65 E-.75
;WIPE_END
G1 X117.513 Y95.657 F18000
G1 E2.5 F6000
M204 P2000
;TYPE:Internal solid infill
;WIDTH:0.420373
G1 X98.907 Y95.657 E.56645
G1 X98.907 Y96.034 E.01149
G1 X117.343 Y96.034 E.56129
G1 X117.343 Y96.412 E.01149
G1 X98.907 Y96.412 E.56129
G1 X98.907 Y96.789 E.01149
G1 X117.343 Y96.789 E.56129
G1 X117.343 Y97.167 E.01149
G1 X98.907 Y97.167 E.56129
G1 X98.907 Y97.544 E.01149
G1 X117.343 Y97.544 E.56129
G1 X117.343 Y97.922 E.01149
G1 X98.907 Y97.922 E.56129
G1 X98.907 Y98.299 E.01149
G1 X117.343 Y98.299 E.56129
G1 X117.343 Y98.676 E.01149
G1 X98.907 Y98.676 E.56129
G1 X98.907 Y99.054 E.01149
G1 X117.343 Y99.054 E.56129
G1 X117.343 Y99.431 E.01149
G1 X98.907 Y99.431 E.56129
G1 X98.907 Y99.809 E.01149
G1 X117.343 Y99.809 E.56129
G1 X117.343 Y100.186 E.01149
G1 X98.907 Y100.186 E.56129
G1 X98.907 Y100.564 E.01149
G1 X117.343 Y100.564 E.56129
G1 X117.343 Y100.657 E.00283
G1 X121.093 Y100.657 E.11416
G1 X121.093 Y100.941 E.00866
G1 X98.907 Y100.941 E.67545
G1 X98.907 Y101.319 E.01149
G1 X121.093 Y101.319 E.67545
G1 X121.093 Y101.696 E.01149
G1 X98.907 Y101.696 E.67545
G1 X98.907 Y102.074 E.01149
G1 X121.093 Y102.074 E.67545
G1 X121.093 Y102.451 E.01149
G1 X98.907 Y102.451 E.67545
G1 X98.907 Y102.828 E.01149
G1 X121.093 Y102.828 E.67545
G1 X121.093 Y103.206 E.01149
G1 X98.907 Y103.206 E.67545
G1 X98.907 Y103.583 E.01149
G1 X121.093 Y103.583 E.67545
G1 X121.093 Y103.961 E.01149
G1 X98.907 Y103.961 E.67545
G1 X98.907 Y104.338 E.01149
G1 X121.093 Y104.338 E.67545
G1 X121.093 Y104.716 E.01149
G1 X98.907 Y104.716 E.67545
G1 X98.907 Y105.093 E.01149
G1 X121.093 Y105.093 E.67545
G1 X121.093 Y105.471 E.01149
G1 X98.907 Y105.471 E.67545
G1 X98.907 Y105.848 E.01149
G1 X121.093 Y105.848 E.67545
G1 X121.093 Y106.226 E.01149
G1 X98.907 Y106.226 E.67545
G1 X98.907 Y106.603 E.01149
G1 X121.093 Y106.603 E.67545
G1 X121.093 Y106.98 E.01149
G1 X98.907 Y106.98 E.67545
G1 X98.907 Y107.358 E.01149
G1 X121.093 Y107.358 E.67545
G1 X121.093 Y107.735 E.01149
G1 X98.907 Y107.735 E.67545
G1 X98.907 Y108.113 E.01149
G1 X121.093 Y108.113 E.67545
G1 X121.093 Y108.49 E.01149
G1 X98.907 Y108.49 E.67545
G1 X98.907 Y108.868 E.01149
G1 X121.093 Y108.868 E.67545
G1 X121.093 Y109.245 E.01149
G1 X98.907 Y109.245 E.67545
G1 X98.907 Y109.623 E.01149
G1 X121.093 Y109.623 E.67545
G1 X121.093 Y110 E.01149
G1 X98.907 Y110 E.67545
G1 X98.907 Y110.377 E.01149
G1 X121.093 Y110.377 E.67545
G1 X121.093 Y110.755 E.01149
G1 X98.907 Y110.755 E.67545
G1 X98.907 Y111.132 E.01149
G1 X121.093 Y111.132 E.67545
G1 X121.093 Y111.51 E.01149
G1 X98.907 Y111.51 E.67545
G1 X98.907 Y111.887 E.01149
G1 X121.093 Y111.887 E.67545
G1 X121.093 Y112.265 E.01149
G1 X98.907 Y112.265 E.67545
G1 X98.907 Y112.642 E.01149
G1 X121.093 Y112.642 E.67545
G1 X121.093 Y113.02 E.01149
G1 X98.907 Y113.02 E.67545
G1 X98.907 Y113.397 E.01149
G1 X121.093 Y113.397 E.67545
G1 X121.093 Y113.775 E.01149
G1 X98.907 Y113.775 E.67545
G1 X98.907 Y114.152 E.01149
G1 X121.093 Y114.152 E.67545
G1 X121.093 Y114.529 E.01149
G1 X98.907 Y114.529 E.67545
G1 X98.907 Y114.907 E.01149
G1 X121.093 Y114.907 E.67545
G1 X121.093 Y115.284 E.01149
G1 X98.907 Y115.284 E.67545
G1 X98.907 Y115.662 E.01149
G1 X121.093 Y115.662 E.67545
G1 X121.093 Y116.039 E.01149
G1 X98.907 Y116.039 E.67545
G1 X98.907 Y116.417 E.01149
G1 X121.093 Y116.417 E.67545
G1 X121.093 Y116.794 E.01149
G1 X98.907 Y116.794 E.67545
G1 X98.907 Y117.172 E.01149
G1 X121.093 Y117.172 E.67545
G1 X121.093 Y117.549 E.01149
G1 X98.907 Y117.549 E.67545
G1 X98.907 Y117.927 E.01149
G1 X121.093 Y117.927 E.67545
G1 X121.093 Y118.304 E.01149
G1 X98.907 Y118.304 E.67545
G1 X98.907 Y118.681 E.01149
G1 X121.093 Y118.681 E.67545
G1 X121.093 Y119.059 E.01149
G1 X98.907 Y119.059 E.67545
G1 X98.907 Y119.436 E.01149
G1 X117.343 Y119.436 E.56129
G1 X117.343 Y119.814 E.01149
G1 X98.907 Y119.814 E.56129
G1 X98.907 Y120.191 E.01149
G1 X117.343 Y120.191 E.56129
G1 X117.343 Y120.569 E.01149
G1 X98.907 Y120.569 E.56129
G1 X98.907 Y120.946 E.01149
G1 X117.343 Y120.946 E.56129
G1 X117.343 Y121.324 E.01149
G1 X98.907 Y121.324 E.56129
G1 X98.907 Y121.701 E.01149
G1 X117.343 Y121.701 E.56129
G1 X117.343 Y122.079 E.01149
G1 X98.907 Y122.079 E.56129
G1 X98.907 Y122.456 E.01149
G1 X117.343 Y122.456 E.56129
G1 X117.343 Y122.833 E.01149
G1 X98.907 Y122.833 E.56129
G1 X98.907 Y123.211 E.01149
G1 X117.343 Y123.211 E.56129
G1 X117.343 Y123.588 E.01149
G1 X98.907 Y123.588 E.56129
G1 X98.907 Y123.966 E.01149
G1 X117.343 Y123.966 E.56129
G1 X117.343 Y124.343 E.01149
G1 X98.737 Y124.343 E.56645
; stop printing object SG9 Holder id:3152 copy 0
M106 S247
;LAYER_CHANGE
;Z:1.24
;HEIGHT:0.2
G92 E0 ; zero the extruded length again
; BEFORE_LAYER_CHANGE 5 @ 1.24mm
G1 E-1.75 F6000
;WIPE_START
G1 X99.737 Y124.343 E-.75
;WIPE_END
; AFTER_LAYER_CHANGE 5 @ 1.24mm
;_SET_FAN_SPEED_CHANGING_LAYER
; printing object SG9 Holder id:3152 copy 0
G1 X119.29 Y98.71 Z1.24 F18000
G1 E2.5 F6000
M204 P1000
;TYPE:Outer wall
;WIDTH:0.42
G1 F3600
G1 X123.04 Y98.71 E.11405
G1 X123.04 Y121.29 E.68674
G1 X119.29 Y121.29 E.11405
G1 X119.29 Y126.29 E.15207
G1 X96.96 Y126.29 E.67914
G1 X96.96 Y93.71 E.99088
G1 X119.29 Y93.71 E.67914
G1 X119.29 Y98.65 E.15024
G1 X118.898 Y98.71 F18000
M204 P1500
;TYPE:Inner wall
;WIDTH:0.45
G1 F6000
G1 X118.898 Y99.102 E.01287
G1 X122.648 Y99.102 E.12313
G1 X122.648 Y120.898 E.71563
G1 X118.898 Y120.898 E.12313
G1 X118.898 Y125.898 E.16417
G1 X97.352 Y125.898 E.70742
G1 X97.352 Y94.102 E1.04396
G1 X118.898 Y94.102 E.70742
G1 X118.898 Y98.65 E.14932
G1 X118.491 Y98.71 F18000
G1 F6000
G1 X118.491 Y99.509 E.02624
G1 X122.241 Y99.509 E.12313
G1 X122.241 Y120.491 E.6889
G1 X118.491 Y120.491 E.12313
G1 X118.491 Y125.491 E.16417
G1 X97.759 Y125.491 E.68069
G1 X97.759 Y94.509 E1.01723
G1 X118.491 Y94.509 E.68069
G1 X118.491 Y98.65 E.13596
G1 X118.084 Y98.71 F18000
G1 F6000
G1 X118.084 Y99.916 E.0396
G1 X121.834 Y99.916 E.12313
G1 X121.834 Y120.084 E.66217
G1 X118.084 Y120.084 E.12313
G1 X118.084 Y125.084 E.16417
G1 X98.166 Y125.084 E.65396
G1 X98.166 Y94.916 E.9905
G1 X118.084 Y94.916 E.65396
G1 X118.084 Y98.65 E.12259
G1 X117.677 Y98.71 F18000
G1 F6000
G1 X117.677 Y100.323 E.05297
G1 X121.427 Y100.323 E.12313
G1 X121.427 Y119.677 E.63544
G1 X117.677 Y119.677 E.12313
G1 X117.677 Y124.677 E.16417
G1 X98.573 Y124.677 E.62723
G1 X98.573 Y95.323 E.96377
G1 X117.677 Y95.323 E.62723
G1 X117.677 Y98.65 E.10923
G1 E-1.75
;WIPE_START
G1 X117.677 Y99.65 E-.75
;WIPE_END
G1 X109.693 Y95.672 F18000
G1 E2.5 F6000
M204 P2000
;TYPE:Sparse infill
G1 F9000
G1 X114.27 Y95.672 E.15028
G1 X114.27 Y96.27 E.01964
G1 X109.445 Y96.27 E.15841
G1 X108.55 Y96.145 E.02968
G1 X108.11 Y96.27 E.01501
G1 X102.457 Y96.27 E.18562
G1 X101.561 Y96.145 E.02968
G1 X101.122 Y96.27 E.01501
G1 X98.922 Y96.27 E.07224
G1 X98.922 Y95.672 E.01964
G1 X106.123 Y95.672 E.23645
G1 X98.909 Y96.492 F18000
;TYPE:Internal solid infill
;WIDTH:0.425359
G1 F6000
G1 X98.909 Y123.338 E.82809
G1 X99.292 Y123.338 E.0118
G1 X99.292 Y96.662 E.82286
G1 X99.674 Y96.662 E.0118
G1 X99.674 Y123.338 E.82286
G1 X100.057 Y123.338 E.0118
G1 X100.057 Y96.662 E.82286
G1 X100.439 Y96.662 E.0118
G1 X100.439 Y123.338 E.82286
G1 X100.821 Y123.338 E.0118
G1 X100.821 Y96.662 E.82286
G1 X101.204 Y96.662 E.0118
G1 X101.204 Y123.338 E.82286
G1 X101.586 Y123.338 E.0118
G1 X101.586 Y96.662 E.82286
G1 X101.969 Y96.662 E.0118
G1 X101.969 Y123.338 E.82286
G1 X102.351 Y123.338 E.0118
G1 X102.351 Y96.662 E.82286
G1 X102.734 Y96.662 E.0118
G1 X102.734 Y123.338 E.82286
G1 X103.116 Y123.338 E.0118
G1 X103.116 Y96.662 E.82286
G1 X103.499 Y96.662 E.0118
G1 X103.498 Y123.338 E.82286
G1 X103.881 Y123.338 E.0118
G1 X103.881 Y96.662 E.82286
G1 X104.263 Y96.662 E.0118
G1 X104.263 Y123.338 E.82286
G1 X104.646 Y123.338 E.0118
G1 X104.646 Y96.662 E.82286
G1 X105.028 Y96.662 E.0118
G1 X105.028 Y123.338 E.82286
G1 X105.411 Y123.338 E.0118
G1 X105.411 Y96.662 E.82286
G1 X105.793 Y96.662 E.0118
G1 X105.793 Y123.338 E.82286
G1 X106.176 Y123.338 E.0118
G1 X106.176 Y96.662 E.82286
G1 X106.558 Y96.662 E.0118
G1 X106.558 Y123.338 E.82286
G1 X106.94 Y123.338 E.0118
G1 X106.94 Y96.662 E.82286
G1 X107.323 Y96.662 E.0118
G1 X107.323 Y123.338 E.82286
G1 X107.705 Y123.338 E.0118
G1 X107.705 Y96.662 E.82286
G1 X108.088 Y96.662 E.0118
G1 X108.088 Y123.338 E.82286
G1 X108.47 Y123.338 E.0118
G1 X108.47 Y96.662 E.82286
G1 X108.853 Y96.662 E.0118
G1 X108.853 Y123.338 E.82286
G1 X109.235 Y123.338 E.0118
G1 X109.235 Y96.662 E.82286
G1 X109.618 Y96.662 E.0118
G1 X109.618 Y123.338 E.82286
G1 X110 Y123.338 E.0118
G1 X110 Y96.662 E.82286
G1 X110.382 Y96.662 E.0118
G1 X110.382 Y123.338 E.82286
G1 X110.765 Y123.338 E.0118
G1 X110.765 Y96.662 E.82286
G1 X111.147 Y96.662 E.0118
G1 X111.147 Y123.338 E.82286
G1 X111.53 Y123.338 E.0118
G1 X111.53 Y96.662 E.82286
G1 X111.912 Y96.662 E.0118
G1 X111.912 Y123.338 E.82286
G1 X112.295 Y123.338 E.0118
G1 X112.295 Y96.662 E.82286
G1 X112.677 Y96.662 E.0118
G1 X112.677 Y123.338 E.82286
G1 X113.059 Y123.338 E.0118
G1 X113.059 Y96.662 E.82286
G1 X113.442 Y96.662 E.0118
G1 X113.442 Y123.338 E.82286
G1 X113.824 Y123.338 E.0118
G1 X113.824 Y96.662 E.82286
G1 X114.207 Y96.662 E.0118
G1 X114.207 Y123.338 E.82286
G1 X114.459 Y123.338 E.00777
G1 X114.589 Y123.469 E.0057
G1 X114.589 Y96.531 E.83091
G1 X114.662 Y96.459 E.00317
G1 X114.662 Y95.657 E.02474
G1 X114.972 Y95.657 E.00956
G1 X114.972 Y123.787 E.8677
G1 X115.354 Y123.787 E.0118
G1 X115.354 Y95.657 E.8677
G1 X115.737 Y95.657 E.0118
G1 X115.737 Y123.787 E.8677
G1 X116.119 Y123.787 E.0118
G1 X116.119 Y95.657 E.8677
G1 X116.501 Y95.657 E.0118
G1 X116.501 Y123.787 E.8677
G1 X116.884 Y123.787 E.0118
G1 X116.884 Y95.657 E.8677
G1 X117.266 Y95.657 E.0118
G1 X117.266 Y123.787 E.8677
G1 X117.343 Y123.787 E.00238
G1 X117.343 Y119.343 E.13706
G1 X117.649 Y119.343 E.00942
G1 X117.649 Y100.657 E.57641
G1 X118.031 Y100.657 E.0118
G1 X118.031 Y119.343 E.57641
G1 X118.414 Y119.343 E.0118
G1 X118.414 Y100.657 E.57641
G1 X118.796 Y100.657 E.0118
G1 X118.796 Y119.343 E.57641
G1 X119.178 Y119.343 E.0118
G1 X119.179 Y100.657 E.57641
G1 X119.561 Y100.657 E.0118
G1 X119.561 Y119.343 E.57641
G1 X119.943 Y119.343 E.0118
G1 X119.943 Y100.657 E.57641
G1 X120.326 Y100.657 E.0118
G1 X120.326 Y119.343 E.57641
G1 X120.708 Y119.343 E.0118
G1 X120.708 Y100.657 E.57641
G1 X121.091 Y100.657 E.0118
G1 X121.091 Y119.513 E.58165
G1 X114.741 Y124.205 F18000
;WIDTH:0.578556
G1 F6000
G1 X117.145 Y124.205 E.10387
G1 X109.451 Y123.73 F18000
;TYPE:Sparse infill
;WIDTH:0.45
G1 F9000
G1 X114.27 Y123.73 E.15822
G1 X114.27 Y124.328 E.01964
G1 X109.687 Y124.328 E.15047
G1 X109.423 Y124.214 E.00943
G1 X108.55 Y124.098 E.02893
G2 X107.981 Y124.328 I-.02 J.768 E.02071
G1 X102.698 Y124.328 E.17346
G1 X102.435 Y124.214 E.00943
G1 X101.561 Y124.098 E.02893
G2 X100.993 Y124.328 I-.02 J.768 E.02071
G1 X98.922 Y124.328 E.06801
G1 X98.922 Y123.73 E.01964
G1 X106.252 Y123.73 E.24068
; stop printing object SG9 Holder id:3152 copy 0
;LAYER_CHANGE
;Z:1.44
;HEIGHT:0.2
G92 E0 ; zero the extruded length again
; BEFORE_LAYER_CHANGE 6 @ 1.44mm
G1 E-1.83333 F6000
;WIPE_START
G1 F9000
G1 X105.252 Y123.73 E-.66667
;WIPE_END
; AFTER_LAYER_CHANGE 6 @ 1.44mm
;_SET_FAN_SPEED_CHANGING_LAYER
; printing object SG9 Holder id:3152 copy 0
G1 X119.29 Y98.71 Z1.44 F18000
G1 E2.5 F6000
M204 P1000
;TYPE:Outer wall
;WIDTH:0.42
G1 F3600
G1 X123.04 Y98.71 E.11405
G1 X123.04 Y121.29 E.68674
G1 X119.29 Y121.29 E.11405
G1 X119.29 Y126.29 E.15207
G1 X96.96 Y126.29 E.67914
G1 X96.96 Y93.71 E.99088
G1 X119.29 Y93.71 E.67914
G1 X119.29 Y98.65 E.15024
G1 X118.898 Y98.71 F18000
M204 P1500
;TYPE:Inner wall
;WIDTH:0.45
G1 F6000
G1 X118.898 Y99.102 E.01287
G1 X122.648 Y99.102 E.12313
G1 X122.648 Y120.898 E.71563
G1 X118.898 Y120.898 E.12313
G1 X118.898 Y125.898 E.16417
G1 X97.352 Y125.898 E.70742
G1 X97.352 Y94.102 E1.04396
G1 X118.898 Y94.102 E.70742
G1 X118.898 Y98.65 E.14932
G1 X118.491 Y98.71 F18000
G1 F6000
G1 X118.491 Y99.509 E.02624
G1 X122.241 Y99.509 E.12313
G1 X122.241 Y120.491 E.6889
G1 X118.491 Y120.491 E.12313
G1 X118.491 Y125.491 E.16417
G1 X97.759 Y125.491 E.68069
G1 X97.759 Y94.509 E1.01723
G1 X118.491 Y94.509 E.68069
G1 X118.491 Y98.65 E.13596
G1 X118.084 Y98.71 F18000
G1 F6000
G1 X118.084 Y99.916 E.0396
G1 X121.834 Y99.916 E.12313
G1 X121.834 Y120.084 E.66217
G1 X118.084 Y120.084 E.12313
G1 X118.084 Y125.084 E.16417
G1 X98.166 Y125.084 E.65396
G1 X98.166 Y94.916 E.9905
G1 X118.084 Y94.916 E.65396
G1 X118.084 Y98.65 E.12259
G1 X117.677 Y98.71 F18000
G1 F6000
G1 X117.677 Y100.323 E.05297
G1 X121.427 Y100.323 E.12313
G1 X121.427 Y119.677 E.63544
G1 X117.677 Y119.677 E.12313
G1 X117.677 Y124.677 E.16417
G1 X98.573 Y124.677 E.62723
G1 X98.573 Y95.323 E.96377
G1 X117.677 Y95.323 E.62723
G1 X117.677 Y98.65 E.10923
G1 E-1.75
;WIPE_START
G1 X117.677 Y99.65 E-.75
;WIPE_END
G1 X117.513 Y96.215 F18000
G1 E2.5 F6000
M204 P2000
;TYPE:Internal solid infill
;WIDTH:0.423015
G1 X114.641 Y96.215 E.08804
G1 X114.641 Y96.438 E.00684
G1 X114.484 Y96.595 E.0068
G1 X117.343 Y96.595 E.08765
G1 X117.343 Y96.975 E.01165
G1 X98.907 Y96.975 E.56522
G1 X98.907 Y97.355 E.01165
G1 X117.343 Y97.355 E.56522
G1 X117.343 Y97.735 E.01165
G1 X98.907 Y97.735 E.56522
G1 X98.907 Y98.115 E.01165
G1 X117.343 Y98.115 E.56522
G1 X117.343 Y98.495 E.01165
G1 X98.907 Y98.495 E.56522
G1 X98.907 Y98.876 E.01165
G1 X117.343 Y98.876 E.56522
G1 X117.343 Y99.256 E.01165
G1 X98.907 Y99.256 E.56522
G1 X98.907 Y99.636 E.01165
G1 X117.343 Y99.636 E.56522
G1 X117.343 Y100.016 E.01165
G1 X98.907 Y100.016 E.56522
G1 X98.907 Y100.396 E.01165
G1 X117.343 Y100.396 E.56522
G1 X117.343 Y100.657 E.00799
G1 X121.093 Y100.657 E.11496
G1 X121.093 Y100.776 E.00366
G1 X98.907 Y100.776 E.68018
G1 X98.907 Y101.156 E.01165
G1 X121.093 Y101.156 E.68018
G1 X121.093 Y101.536 E.01165
G1 X98.907 Y101.536 E.68018
G1 X98.907 Y101.916 E.01165
G1 X121.093 Y101.916 E.68018
G1 X121.093 Y102.296 E.01165
G1 X98.907 Y102.296 E.68018
G1 X98.907 Y102.676 E.01165
G1 X121.093 Y102.676 E.68018
G1 X121.093 Y103.057 E.01165
G1 X98.907 Y103.057 E.68018
G1 X98.907 Y103.437 E.01165
G1 X121.093 Y103.437 E.68018
G1 X121.093 Y103.817 E.01165
G1 X98.907 Y103.817 E.68018
G1 X98.907 Y104.197 E.01165
G1 X121.093 Y104.197 E.68018
G1 X121.093 Y104.577 E.01165
G1 X98.907 Y104.577 E.68018
G1 X98.907 Y104.957 E.01165
G1 X121.093 Y104.957 E.68018
G1 X121.093 Y105.337 E.01165
G1 X98.907 Y105.337 E.68018
G1 X98.907 Y105.717 E.01165
G1 X121.093 Y105.717 E.68018
G1 X121.093 Y106.097 E.01165
G1 X98.907 Y106.097 E.68018
G1 X98.907 Y106.477 E.01165
G1 X121.093 Y106.477 E.68018
G1 X121.093 Y106.858 E.01165
G1 X98.907 Y106.858 E.68018
G1 X98.907 Y107.238 E.01165
G1 X121.093 Y107.238 E.68018
G1 X121.093 Y107.618 E.01165
G1 X98.907 Y107.618 E.68018
G1 X98.907 Y107.998 E.01165
G1 X121.093 Y107.998 E.68018
G1 X121.093 Y108.378 E.01165
G1 X98.907 Y108.378 E.68018
G1 X98.907 Y108.758 E.01165
G1 X121.093 Y108.758 E.68018
G1 X121.093 Y109.138 E.01165
G1 X98.907 Y109.138 E.68018
G1 X98.907 Y109.518 E.01165
G1 X121.093 Y109.518 E.68018
G1 X121.093 Y109.898 E.01165
G1 X98.907 Y109.898 E.68018
G1 X98.907 Y110.278 E.01165
G1 X121.093 Y110.278 E.68018
G1 X121.093 Y110.658 E.01165
G1 X98.907 Y110.658 E.68018
G1 X98.907 Y111.039 E.01165
G1 X121.093 Y111.039 E.68018
G1 X121.093 Y111.419 E.01165
G1 X98.907 Y111.419 E.68018
G1 X98.907 Y111.799 E.01165
G1 X121.093 Y111.799 E.68018
G1 X121.093 Y112.179 E.01165
G1 X98.907 Y112.179 E.68018
G1 X98.907 Y112.559 E.01165
G1 X121.093 Y112.559 E.68018
G1 X121.093 Y112.939 E.01165
G1 X98.907 Y112.939 E.68018
G1 X98.907 Y113.319 E.01165
G1 X121.093 Y113.319 E.68018
G1 X121.093 Y113.699 E.01165
G1 X98.907 Y113.699 E.68018
G1 X98.907 Y114.079 E.01165
G1 X121.093 Y114.079 E.68018
G1 X121.093 Y114.459 E.01165
G1 X98.907 Y114.459 E.68018
G1 X98.907 Y114.84 E.01165
G1 X121.093 Y114.84 E.68018
G1 X121.093 Y115.22 E.01165
G1 X98.907 Y115.22 E.68018
G1 X98.907 Y115.6 E.01165
G1 X121.093 Y115.6 E.68018
G1 X121.093 Y115.98 E.01165
G1 X98.907 Y115.98 E.68018
G1 X98.907 Y116.36 E.01165
G1 X121.093 Y116.36 E.68018
G1 X121.093 Y116.74 E.01165
G1 X98.907 Y116.74 E.68018
G1 X98.907 Y117.12 E.01165
G1 X121.093 Y117.12 E.68018
G1 X121.093 Y117.5 E.01165
G1 X98.907 Y117.5 E.68018
G1 X98.907 Y117.88 E.01165
G1 X121.093 Y117.88 E.68018
G1 X121.093 Y118.26 E.01165
G1 X98.907 Y118.26 E.68018
G1 X98.907 Y118.64 E.01165
G1 X121.093 Y118.64 E.68018
G1 X121.093 Y119.021 E.01165
G1 X98.907 Y119.021 E.68018
G1 X98.907 Y119.401 E.01165
G1 X117.343 Y119.401 E.56522
G1 X117.343 Y119.781 E.01165
G1 X98.907 Y119.781 E.56522
G1 X98.907 Y120.161 E.01165
G1 X117.343 Y120.161 E.56522
G1 X117.343 Y120.541 E.01165
G1 X98.907 Y120.541 E.56522
G1 X98.907 Y120.921 E.01165
G1 X117.343 Y120.921 E.56522
G1 X117.343 Y121.301 E.01165
G1 X98.907 Y121.301 E.56522
G1 X98.907 Y121.681 E.01165
G1 X117.343 Y121.681 E.56522
G1 X117.343 Y122.061 E.01165
G1 X98.907 Y122.061 E.56522
G1 X98.907 Y122.441 E.01165
G1 X117.343 Y122.441 E.56522
G1 X117.343 Y122.822 E.01165
G1 X98.907 Y122.822 E.56522
G1 X98.907 Y123.202 E.01165
G1 X117.343 Y123.202 E.56522
G1 X117.343 Y123.582 E.01165
G1 X114.641 Y123.582 E.08284
G1 X114.641 Y123.962 E.01165
G1 X117.343 Y123.962 E.08284
G1 X117.343 Y124.342 E.01165
G1 X114.472 Y124.342 E.08804
G1 X109.399 Y123.751 F18000
;TYPE:Sparse infill
;WIDTH:0.45
G1 F9000
G1 X114.249 Y123.751 E.15925
G1 X114.249 Y124.328 E.01897
G1 X109.677 Y124.328 E.15012
G2 X108.398 Y124.328 I-.64 J1.67 E.04295
G1 X102.689 Y124.328 E.18746
G2 X101.41 Y124.328 I-.64 J1.67 E.04295
G1 X98.922 Y124.328 E.08169
G1 X98.922 Y123.751 E.01897
G1 X105.856 Y123.751 E.22768
G1 X114.721 Y95.795 F18000
;TYPE:Internal solid infill
;WIDTH:0.578558
G1 F6000
G1 X117.145 Y95.795 E.10476
; stop printing object SG9 Holder id:3152 copy 0
;LAYER_CHANGE
;Z:1.64
;HEIGHT:0.2
G92 E0 ; zero the extruded length again
; BEFORE_LAYER_CHANGE 7 @ 1.64mm
G1 E-1.75 F6000
;WIPE_START
G1 X116.145 Y95.795 E-.75
;WIPE_END
; AFTER_LAYER_CHANGE 7 @ 1.64mm
;_SET_FAN_SPEED_CHANGING_LAYER
; printing object SG9 Holder id:3152 copy 0
G1 X119.29 Y98.71 Z1.64 F18000
G1 E2.5 F6000
M204 P1000
;TYPE:Outer wall
;WIDTH:0.42
G1 F3600
G1 X123.04 Y98.71 E.11405
G1 X123.04 Y121.29 E.68674
G1 X119.29 Y121.29 E.11405
G1 X119.29 Y126.29 E.15207
G1 X96.96 Y126.29 E.67914
G1 X96.96 Y93.71 E.99088
G1 X119.29 Y93.71 E.67914
G1 X119.29 Y98.65 E.15024
G1 X118.898 Y98.71 F18000
M204 P1500
;TYPE:Inner wall
;WIDTH:0.45
G1 F6000
G1 X118.898 Y99.102 E.01287
G1 X122.648 Y99.102 E.12313
G1 X122.648 Y120.898 E.71563
G1 X118.898 Y120.898 E.12313
G1 X118.898 Y125.898 E.16417
G1 X97.352 Y125.898 E.70742
G1 X97.352 Y94.102 E1.04396
G1 X118.898 Y94.102 E.70742
G1 X118.898 Y98.65 E.14932
G1 X118.491 Y98.71 F18000
G1 F6000
G1 X118.491 Y99.509 E.02624
G1 X122.241 Y99.509 E.12313
G1 X122.241 Y120.491 E.6889
G1 X118.491 Y120.491 E.12313
G1 X118.491 Y125.491 E.16417
G1 X97.759 Y125.491 E.68069
G1 X97.759 Y94.509 E1.01723
G1 X118.491 Y94.509 E.68069
G1 X118.491 Y98.65 E.13596
G1 X118.084 Y98.71 F18000
G1 F6000
G1 X118.084 Y99.916 E.0396
G1 X121.834 Y99.916 E.12313
G1 X121.834 Y120.084 E.66217
G1 X118.084 Y120.084 E.12313
G1 X118.084 Y125.084 E.16417
G1 X98.166 Y125.084 E.65396
G1 X98.166 Y94.916 E.9905
G1 X118.084 Y94.916 E.65396
G1 X118.084 Y98.65 E.12259
G1 X117.677 Y98.71 F18000
G1 F6000
G1 X117.677 Y100.323 E.05297
G1 X121.427 Y100.323 E.12313
G1 X121.427 Y119.677 E.63544
G1 X117.677 Y119.677 E.12313
G1 X117.677 Y124.677 E.16417
G1 X98.573 Y124.677 E.62723
G1 X98.573 Y95.323 E.96377
G1 X117.677 Y95.323 E.62723
G1 X117.677 Y98.65 E.10923
G1 E-1.75
;WIPE_START
G1 X117.677 Y99.65 E-.75
;WIPE_END
G1 X98.909 Y96.472 F18000
G1 E2.5 F6000
M204 P2000
;TYPE:Internal solid infill
;WIDTH:0.425359
G1 X98.909 Y123.359 E.82936
G1 X99.292 Y123.359 E.0118
G1 X99.292 Y96.641 E.82412
G1 X99.674 Y96.641 E.0118
G1 X99.674 Y123.359 E.82412
G1 X100.057 Y123.359 E.0118
G1 X100.057 Y96.641 E.82412
G1 X100.439 Y96.641 E.0118
G1 X100.439 Y123.359 E.82412
G1 X100.821 Y123.359 E.0118
G1 X100.821 Y96.641 E.82412
G1 X101.204 Y96.641 E.0118
G1 X101.204 Y123.359 E.82412
G1 X101.586 Y123.359 E.0118
G1 X101.586 Y96.641 E.82412
G1 X101.969 Y96.641 E.0118
G1 X101.969 Y123.359 E.82412
G1 X102.351 Y123.359 E.0118
G1 X102.351 Y96.641 E.82412
G1 X102.734 Y96.641 E.0118
G1 X102.734 Y123.359 E.82412
G1 X103.116 Y123.359 E.0118
G1 X103.116 Y96.641 E.82412
G1 X103.499 Y96.641 E.0118
G1 X103.498 Y123.359 E.82412
G1 X103.881 Y123.359 E.0118
G1 X103.881 Y96.641 E.82412
G1 X104.263 Y96.641 E.0118
G1 X104.263 Y123.359 E.82412
G1 X104.646 Y123.359 E.0118
G1 X104.646 Y96.641 E.82412
G1 X105.028 Y96.641 E.0118
G1 X105.028 Y123.359 E.82412
G1 X105.411 Y123.359 E.0118
G1 X105.411 Y96.641 E.82412
G1 X105.793 Y96.641 E.0118
G1 X105.793 Y123.359 E.82412
G1 X106.176 Y123.359 E.0118
G1 X106.176 Y96.641 E.82412
G1 X106.558 Y96.641 E.0118
G1 X106.558 Y123.359 E.82412
G1 X106.94 Y123.359 E.0118
G1 X106.94 Y96.641 E.82412
G1 X107.323 Y96.641 E.0118
G1 X107.323 Y123.359 E.82412
G1 X107.705 Y123.359 E.0118
G1 X107.705 Y96.641 E.82412
G1 X108.088 Y96.641 E.0118
G1 X108.088 Y123.359 E.82412
G1 X108.47 Y123.359 E.0118
G1 X108.47 Y96.641 E.82412
G1 X108.853 Y96.641 E.0118
G1 X108.853 Y123.359 E.82412
G1 X109.235 Y123.359 E.0118
G1 X109.235 Y96.641 E.82412
G1 X109.618 Y96.641 E.0118
G1 X109.618 Y123.359 E.82412
G1 X110 Y123.359 E.0118
G1 X110 Y96.641 E.82412
G1 X110.382 Y96.641 E.0118
G1 X110.382 Y123.359 E.82412
G1 X110.765 Y123.359 E.0118
G1 X110.765 Y96.641 E.82412
G1 X111.147 Y96.641 E.0118
G1 X111.147 Y123.359 E.82412
G1 X111.53 Y123.359 E.0118
G1 X111.53 Y96.641 E.82412
G1 X111.912 Y96.641 E.0118
G1 X111.912 Y123.359 E.82412
G1 X112.295 Y123.359 E.0118
G1 X112.295 Y96.641 E.82412
G1 X112.677 Y96.641 E.0118
G1 X112.677 Y123.359 E.82412
G1 X113.059 Y123.359 E.0118
G1 X113.059 Y96.641 E.82412
G1 X113.442 Y96.641 E.0118
G1 X113.442 Y123.359 E.82412
G1 X113.824 Y123.359 E.0118
G1 X113.824 Y96.641 E.82412
G1 X114.207 Y96.641 E.0118
G1 X114.207 Y123.359 E.82412
G1 X114.438 Y123.359 E.00713
G1 X114.589 Y123.51 E.00659
G1 X114.589 Y96.49 E.83345
G1 X114.641 Y96.438 E.00227
G1 X114.641 Y95.657 E.02411
G1 X114.972 Y95.657 E.01019
G1 X114.972 Y123.787 E.8677
G1 X115.354 Y123.787 E.0118
G1 X115.354 Y95.657 E.8677
G1 X115.737 Y95.657 E.0118
G1 X115.737 Y123.787 E.8677
G1 X116.119 Y123.787 E.0118
G1 X116.119 Y95.657 E.8677
G1 X116.501 Y95.657 E.0118
G1 X116.501 Y123.787 E.8677
G1 X116.884 Y123.787 E.0118
G1 X116.884 Y95.657 E.8677
G1 X117.266 Y95.657 E.0118
G1 X117.266 Y123.787 E.8677
G1 X117.343 Y123.787 E.00238
G1 X117.343 Y119.343 E.13706
G1 X117.649 Y119.343 E.00942
G1 X117.649 Y100.657 E.57641
G1 X118.031 Y100.657 E.0118
G1 X118.031 Y119.343 E.57641
G1 X118.414 Y119.343 E.0118
G1 X118.414 Y100.657 E.57641
G1 X118.796 Y100.657 E.0118
G1 X118.796 Y119.343 E.57641
G1 X119.178 Y119.343 E.0118
G1 X119.179 Y100.657 E.57641
G1 X119.561 Y100.657 E.0118
G1 X119.561 Y119.343 E.57641
G1 X119.943 Y119.343 E.0118
G1 X119.943 Y100.657 E.57641
G1 X120.326 Y100.657 E.0118
G1 X120.326 Y119.343 E.57641
G1 X120.708 Y119.343 E.0118
G1 X120.708 Y100.657 E.57641
G1 X121.091 Y100.657 E.0118
G1 X121.091 Y119.513 E.58165
G1 X114.721 Y124.205 F18000
;WIDTH:0.578556
G1 F6000
G1 X117.145 Y124.205 E.10475
G1 X109.315 Y123.751 F18000
;TYPE:Sparse infill
;WIDTH:0.45
G1 F9000
G1 X114.249 Y123.751 E.16199
G1 X114.249 Y124.328 E.01897
G1 X109.761 Y124.328 E.14737
G2 X108.819 Y124.328 I-.471 J2.104 E.03115
G1 X102.772 Y124.328 E.19855
G2 X101.831 Y124.328 I-.471 J2.104 E.03115
G1 X98.922 Y124.328 E.09553
G1 X98.922 Y123.751 E.01897
G1 X105.435 Y123.751 E.21384
; stop printing object SG9 Holder id:3152 copy 0
;LAYER_CHANGE
;Z:1.84
;HEIGHT:0.2
G92 E0 ; zero the extruded length again
; BEFORE_LAYER_CHANGE 8 @ 1.84mm
G1 E-1.83333 F6000
;WIPE_START
G1 F9000
G1 X104.435 Y123.751 E-.66667
;WIPE_END
; AFTER_LAYER_CHANGE 8 @ 1.84mm
;_SET_FAN_SPEED_CHANGING_LAYER
; printing object SG9 Holder id:3152 copy 0
G1 X119.29 Y98.71 Z1.84 F18000
G1 E2.5 F6000
M204 P1000
;TYPE:Outer wall
;WIDTH:0.42
G1 F3600
G1 X123.04 Y98.71 E.11405
G1 X123.04 Y121.29 E.68674
G1 X119.29 Y121.29 E.11405
G1 X119.29 Y126.29 E.15207
G1 X96.96 Y126.29 E.67914
G1 X96.96 Y93.71 E.99088
G1 X119.29 Y93.71 E.67914
G1 X119.29 Y98.65 E.15024
G1 X118.898 Y98.71 F18000
M204 P1500
;TYPE:Inner wall
;WIDTH:0.45
G1 F6000
G1 X118.898 Y99.102 E.01287
G1 X122.648 Y99.102 E.12313
G1 X122.648 Y120.898 E.71563
G1 X118.898 Y120.898 E.12313
G1 X118.898 Y125.898 E.16417
G1 X97.352 Y125.898 E.70742
G1 X97.352 Y94.102 E1.04396
G1 X118.898 Y94.102 E.70742
G1 X118.898 Y98.65 E.14932
G1 X118.491 Y98.71 F18000
G1 F6000
G1 X118.491 Y99.509 E.02624
G1 X122.241 Y99.509 E.12313
G1 X122.241 Y120.491 E.6889
G1 X118.491 Y120.491 E.12313
G1 X118.491 Y125.491 E.16417
G1 X97.759 Y125.491 E.68069
G1 X97.759 Y94.509 E1.01723
G1 X118.491 Y94.509 E.68069
G1 X118.491 Y98.65 E.13596
G1 X118.084 Y98.71 F18000
G1 F6000
G1 X118.084 Y99.916 E.0396
G1 X121.834 Y99.916 E.12313
G1 X121.834 Y120.084 E.66217
G1 X118.084 Y120.084 E.12313
G1 X118.084 Y125.084 E.16417
G1 X98.166 Y125.084 E.65396
G1 X98.166 Y94.916 E.9905
G1 X118.084 Y94.916 E.65396
G1 X118.084 Y98.65 E.12259
G1 X117.677 Y98.71 F18000
G1 F6000
G1 X117.677 Y100.323 E.05297
G1 X121.427 Y100.323 E.12313
G1 X121.427 Y119.677 E.63544
G1 X117.677 Y119.677 E.12313
G1 X117.677 Y124.677 E.16417
G1 X98.573 Y124.677 E.62723
G1 X98.573 Y95.323 E.96377
G1 X117.677 Y95.323 E.62723
G1 X117.677 Y98.65 E.10923
G1 E-1.75
;WIPE_START
G1 X117.677 Y99.65 E-.75
;WIPE_END
G1 X117.513 Y96.215 F18000
G1 E2.5 F6000
M204 P2000
;TYPE:Internal solid infill
;WIDTH:0.423015
G1 X114.641 Y96.215 E.08804
G1 X114.641 Y96.438 E.00684
G1 X114.484 Y96.595 E.0068
G1 X117.343 Y96.595 E.08765
G1 X117.343 Y96.975 E.01165
G1 X98.907 Y96.975 E.56522
G1 X98.907 Y97.355 E.01165
G1 X117.343 Y97.355 E.56522
G1 X117.343 Y97.735 E.01165
G1 X98.907 Y97.735 E.56522
G1 X98.907 Y98.115 E.01165
G1 X117.343 Y98.115 E.56522
G1 X117.343 Y98.495 E.01165
G1 X98.907 Y98.495 E.56522
G1 X98.907 Y98.876 E.01165
G1 X117.343 Y98.876 E.56522
G1 X117.343 Y99.256 E.01165
G1 X98.907 Y99.256 E.56522
G1 X98.907 Y99.636 E.01165
G1 X117.343 Y99.636 E.56522
G1 X117.343 Y100.016 E.01165
G1 X98.907 Y100.016 E.56522
G1 X98.907 Y100.396 E.01165
G1 X117.343 Y100.396 E.56522
G1 X117.343 Y100.657 E.00799
G1 X121.093 Y100.657 E.11496
G1 X121.093 Y100.776 E.00366
G1 X98.907 Y100.776 E.68018
G1 X98.907 Y101.156 E.01165
G1 X121.093 Y101.156 E.68018
G1 X121.093 Y101.536 E.01165
G1 X98.907 Y101.536 E.68018
G1 X98.907 Y101.916 E.01165
G1 X121.093 Y101.916 E.68018
G1 X121.093 Y102.296 E.01165
G1 X98.907 Y102.296 E.68018
G1 X98.907 Y102.676 E.01165
G1 X121.093 Y102.676 E.68018
G1 X121.093 Y103.057 E.01165
G1 X98.907 Y103.057 E.68018
G1 X98.907 Y103.437 E.01165
G1 X121.093 Y103.437 E.68018
G1 X121.093 Y103.817 E.01165
G1 X98.907 Y103.817 E.68018
G1 X98.907 Y104.197 E.01165
G1 X121.093 Y104.197 E.68018
G1 X121.093 Y104.577 E.01165
G1 X98.907 Y104.577 E.68018
G1 X98.907 Y104.957 E.01165
G1 X121.093 Y104.957 E.68018
G1 X121.093 Y105.337 E.01165
G1 X98.907 Y105.337 E.68018
G1 X98.907 Y105.717 E.01165
G1 X121.093 Y105.717 E.68018
G1 X121.093 Y106.097 E.01165
G1 X98.907 Y106.097 E.68018
G1 X98.907 Y106.477 E.01165
G1 X121.093 Y106.477 E.68018
G1 X121.093 Y106.858 E.01165
G1 X98.907 Y106.858 E.68018
G1 X98.907 Y107.238 E.01165
G1 X121.093 Y107.238 E.68018
G1 X121.093 Y107.618 E.01165
G1 X98.907 Y107.618 E.68018
G1 X98.907 Y107.998 E.01165
G1 X121.093 Y107.998 E.68018
G1 X121.093 Y108.378 E.01165
G1 X98.907 Y108.378 E.68018
G1 X98.907 Y108.758 E.01165
G1 X121.093 Y108.758 E.68018
G1 X121.093 Y109.138 E.01165
G1 X98.907 Y109.138 E.68018
G1 X98.907 Y109.518 E.01165
G1 X121.093 Y109.518 E.68018
G1 X121.093 Y109.898 E.01165
G1 X98.907 Y109.898 E.68018
G1 X98.907 Y110.278 E.01165
G1 X121.093 Y110.278 E.68018
G1 X121.093 Y110.658 E.01165
G1 X98.907 Y110.658 E.68018
G1 X98.907 Y111.039 E.01165
G1 X121.093 Y111.039 E.68018
G1 X121.093 Y111.419 E.01165
G1 X98.907 Y111.419 E.68018
G1 X98.907 Y111.799 E.01165
G1 X121.093 Y111.799 E.68018
G1 X121.093 Y112.179 E.01165
G1 X98.907 Y112.179 E.68018
G1 X98.907 Y112.559 E.01165
G1 X121.093 Y112.559 E.68018
G1 X121.093 Y112.939 E.01165
G1 X98.907 Y112.939 E.68018
G1 X98.907 Y113.319 E.01165
G1 X121.093 Y113.319 E.68018
G1 X121.093 Y113.699 E.01165
G1 X98.907 Y113.699 E.68018
G1 X98.907 Y114.079 E.01165
G1 X121.093 Y114.079 E.68018
G1 X121.093 Y114.459 E.01165
G1 X98.907 Y114.459 E.68018
G1 X98.907 Y114.84 E.01165
G1 X121.093 Y114.84 E.68018
G1 X121.093 Y115.22 E.01165
G1 X98.907 Y115.22 E.68018
G1 X98.907 Y115.6 E.01165
G1 X121.093 Y115.6 E.68018
G1 X121.093 Y115.98 E.01165
G1 X98.907 Y115.98 E.68018
G1 X98.907 Y116.36 E.01165
G1 X121.093 Y116.36 E.68018
G1 X121.093 Y116.74 E.01165
G1 X98.907 Y116.74 E.68018
G1 X98.907 Y117.12 E.01165
G1 X121.093 Y117.12 E.68018
G1 X121.093 Y117.5 E.01165
G1 X98.907 Y117.5 E.68018
G1 X98.907 Y117.88 E.01165
G1 X121.093 Y117.88 E.68018
G1 X121.093 Y118.26 E.01165
G1 X98.907 Y118.26 E.68018
G1 X98.907 Y118.64 E.01165
G1 X121.093 Y118.64 E.68018
G1 X121.093 Y119.021 E.01165
G1 X98.907 Y119.021 E.68018
G1 X98.907 Y119.401 E.01165
G1 X117.343 Y119.401 E.56522
G1 X117.343 Y119.781 E.01165
G1 X98.907 Y119.781 E.56522
G1 X98.907 Y120.161 E.01165
G1 X117.343 Y120.161 E.56522
G1 X117.343 Y120.541 E.01165
G1 X98.907 Y120.541 E.56522
G1 X98.907 Y120.921 E.01165
G1 X117.343 Y120.921 E.56522
G1 X117.343 Y121.301 E.01165
G1 X98.907 Y121.301 E.56522
G1 X98.907 Y121.681 E.01165
G1 X117.343 Y121.681 E.56522
G1 X117.343 Y122.061 E.01165
G1 X98.907 Y122.061 E.56522
G1 X98.907 Y122.441 E.01165
G1 X117.343 Y122.441 E.56522
G1 X117.343 Y122.822 E.01165
G1 X98.907 Y122.822 E.56522
G1 X98.907 Y123.202 E.01165
G1 X117.343 Y123.202 E.56522
G1 X117.343 Y123.582 E.01165
G1 X114.641 Y123.582 E.08284
G1 X114.641 Y123.962 E.01165
G1 X117.343 Y123.962 E.08284
G1 X117.343 Y124.342 E.01165
G1 X114.472 Y124.342 E.08804
G1 X109.072 Y123.751 F18000
;TYPE:Sparse infill
;WIDTH:0.45
G1 F9000
G1 X114.249 Y123.751 E.16999
G1 X114.249 Y124.328 E.01897
G1 X110.004 Y124.328 E.13938
G2 X109.071 Y124.328 I-.467 J2.146 E.03088
G1 X103.016 Y124.328 E.19881
G2 X102.082 Y124.328 I-.467 J2.146 E.03088
G1 X98.922 Y124.328 E.10378
G1 X98.922 Y123.751 E.01897
G1 X105.183 Y123.751 E.20558
G1 X114.721 Y95.795 F18000
;TYPE:Internal solid infill
;WIDTH:0.578558
G1 F6000
G1 X117.145 Y95.795 E.10476
; stop printing object SG9 Holder id:3152 copy 0
M106 S240
;LAYER_CHANGE
;Z:2.04
;HEIGHT:0.2
G92 E0 ; zero the extruded length again
; BEFORE_LAYER_CHANGE 9 @ 2.04mm
G1 E-1.75 F6000
;WIPE_START
G1 X116.145 Y95.795 E-.75
;WIPE_END
; AFTER_LAYER_CHANGE 9 @ 2.04mm
;_SET_FAN_SPEED_CHANGING_LAYER
; printing object SG9 Holder id:3152 copy 0
G1 X119.29 Y98.71 Z2.04 F18000
G1 E2.5 F6000
M204 P1000
;TYPE:Outer wall
;WIDTH:0.42
G1 F3600
G1 X123.04 Y98.71 E.11405
G1 X123.04 Y121.29 E.68674
G1 X119.29 Y121.29 E.11405
G1 X119.29 Y126.29 E.15207
G1 X96.96 Y126.29 E.67914
G1 X96.96 Y93.71 E.99088
G1 X119.29 Y93.71 E.67914
G1 X119.29 Y98.65 E.15024
G1 E-1.75 F6000
;WIPE_START
G1 F3600
G1 X120.29 Y98.666 E-.75
;WIPE_END
G1 X115.827 Y97.918 F18000
G1 E2.5 F6000
M204 P1500
;TYPE:Inner wall
;WIDTH:0.45
G1 X100.168 Y97.918 E.51412
G1 X100.168 Y122.082 E.79335
G1 X115.918 Y122.082 E.51712
G1 X115.918 Y125.898 E.1253
G1 X97.352 Y125.898 E.6096
G1 X97.352 Y94.102 E1.04396
G1 X115.918 Y94.102 E.6096
G1 X115.918 Y97.918 E.1253
G1 X115.887 Y97.918 E.00104
G1 X115.326 Y97.511 F18000
G1 F6000
G1 X99.761 Y97.511 E.51103
G1 X99.761 Y122.489 E.82009
G1 X115.511 Y122.489 E.51712
G1 X115.511 Y125.491 E.09857
G1 X97.759 Y125.491 E.58286
G1 X97.759 Y94.509 E1.01723
G1 X115.511 Y94.509 E.58286
G1 X115.511 Y97.511 E.09857
G1 X115.386 Y97.511 E.00412
G1 X114.807 Y97.104 F18000
G1 F6000
G1 X99.354 Y97.104 E.50736
G1 X99.354 Y122.896 E.84682
G1 X115.104 Y122.896 E.51712
G1 X115.104 Y125.084 E.07184
G1 X98.166 Y125.084 E.55613
G1 X98.166 Y94.916 E.9905
G1 X115.104 Y94.916 E.55613
G1 X115.104 Y97.104 E.07184
G1 X114.867 Y97.104 E.00779
G1 X114.276 Y96.697 F18000
G1 F6000
G1 X98.947 Y96.697 E.50328
G1 X98.947 Y123.303 E.87355
G1 X114.697 Y123.303 E.51712
G1 X114.697 Y124.677 E.04511
G1 X98.573 Y124.677 E.5294
G1 X98.573 Y95.323 E.96377
G1 X114.697 Y95.323 E.5294
G1 X114.697 Y96.697 E.04511
G1 X114.336 Y96.697 E.01187
G1 E-1.75
;WIPE_START
G1 X113.336 Y96.697 E-.75
;WIPE_END
G1 X113.395 Y98.143 F18000
G1 E2.5 F6000
M204 P2000
;TYPE:Gap infill
;WIDTH:0.132539
G1 X113.7 Y98.166 E.00222
;WIDTH:0.154716
G1 X114.006 Y98.189 E.00276
;WIDTH:0.196735
G1 X114.213 Y98.214 E.00259
;WIDTH:0.235782
G1 X114.414 Y98.238 E.00315
;WIDTH:0.274253
G1 X114.615 Y98.262 E.00378
G1 X114.627 Y98.213 F18000
M204 P1000
;TYPE:Top surface
;WIDTH:0.42
G1 F3600
G1 X114.885 Y98.271 E.00805
G1 X115.914 Y98.603 E.03288
G1 X116.91 Y99.024 E.03289
G1 X117.865 Y99.532 E.0329
G1 X118.771 Y100.123 E.0329
G1 X119.621 Y100.792 E.03291
G1 X120.409 Y101.535 E.03292
G1 X121.129 Y102.344 E.03293
G1 X121.774 Y103.213 E.03293
G1 X122.339 Y104.137 E.03294
G1 X122.761 Y104.987 E.02885
G1 X122.721 Y105.006 F18000
M204 P2000
;TYPE:Gap infill
;WIDTH:0.0983631
G1 F6000
G3 X122.833 Y105.578 I-13.654 J2.957 E.0026
G1 E-1.91779
;WIPE_START
G1 X122.721 Y105.006 E-.58221
;WIPE_END
G1 X122.832 Y106.741 F18000
G1 E2.5 F6000
;WIDTH:0.111634
G1 X122.803 Y106.559 E.00102
;WIDTH:0.158563
G1 X122.774 Y106.377 E.00172
;WIDTH:0.205491
G1 X122.745 Y106.195 E.00242
;WIDTH:0.228956
G1 X122.716 Y106.013 E.00277
G1 X122.761 Y105.997 F18000
M204 P1000
;TYPE:Top surface
;WIDTH:0.42
G1 F3600
G1 X122.623 Y105.608 E.01255
G1 X122.179 Y104.639 E.03244
G1 X121.65 Y103.713 E.03243
G1 X121.039 Y102.839 E.03242
G1 X120.353 Y102.024 E.03242
G1 X119.596 Y101.273 E.03241
G1 X118.775 Y100.594 E.0324
G1 X117.897 Y99.992 E.03239
G1 X116.968 Y99.472 E.03239
G1 X115.996 Y99.037 E.03238
G1 X114.989 Y98.692 E.03237
G1 X113.955 Y98.439 E.03236
G1 X112.903 Y98.281 E.03236
G1 X111.841 Y98.217 E.03235
G1 X110.779 Y98.25 E.03234
G1 X109.723 Y98.378 E.03233
G1 X108.684 Y98.601 E.03233
G1 X107.669 Y98.917 E.03232
G1 X106.687 Y99.323 E.03231
G1 X105.747 Y99.816 E.0323
G1 X104.854 Y100.391 E.0323
G1 X104.018 Y101.045 E.03229
G1 X103.244 Y101.771 E.03228
G1 X102.539 Y102.565 E.03227
G1 X101.908 Y103.418 E.03227
G1 X101.358 Y104.325 E.03226
G1 X100.892 Y105.277 E.03225
G1 X100.514 Y106.268 E.03224
G1 X100.463 Y106.449 E.00574
G1 X100.507 Y106.462 F18000
M204 P2000
;TYPE:Gap infill
;WIDTH:0.257301
G1 F6000
G1 X100.478 Y106.685 E.00389
;WIDTH:0.208978
G1 X100.449 Y106.908 E.00301
;WIDTH:0.160655
G1 X100.42 Y107.131 E.00214
;WIDTH:0.136493
G1 X100.392 Y107.354 E.0017
G1 X100.391 Y106.009 F18000
;WIDTH:0.134718
G1 F6000
G1 X100.42 Y105.849 E.00121
;WIDTH:0.157992
G1 X100.45 Y105.688 E.00152
;WIDTH:0.204539
G1 X100.479 Y105.527 E.00213
;WIDTH:0.251087
G1 X100.509 Y105.366 E.00274
G1 X100.463 Y105.348 F18000
M204 P1000
;TYPE:Top surface
;WIDTH:0.42
G1 F3600
G1 X100.569 Y105.075 E.00892
G1 X101.046 Y104.109 E.03277
G1 X101.608 Y103.189 E.03277
G1 X102.249 Y102.323 E.03278
G1 X102.965 Y101.517 E.03279
G1 X103.75 Y100.778 E.0328
G1 X104.598 Y100.111 E.0328
G1 X105.502 Y99.522 E.03281
G1 X106.455 Y99.016 E.03282
G1 X107.449 Y98.596 E.03283
G1 X108.477 Y98.266 E.03283
G1 X108.716 Y98.213 E.00745
G1 X108.727 Y98.259 F18000
M204 P2000
;TYPE:Gap infill
;WIDTH:0.246838
G1 F6000
G1 X108.965 Y98.234 E.00394
;WIDTH:0.224839
G1 X109.203 Y98.209 E.00352
;WIDTH:0.18084
G1 X109.442 Y98.183 E.00267
;WIDTH:0.136842
G1 X109.68 Y98.158 E.00182
;WIDTH:0.101437
G1 X109.919 Y98.143 E.00113
G1 X108.188 Y98.141 F18000
;WIDTH:0.111773
G1 F6000
G1 X108.002 Y98.17 E.00104
;WIDTH:0.158981
G1 X107.816 Y98.199 E.00176
;WIDTH:0.206188
G1 X107.63 Y98.228 E.00248
;WIDTH:0.229791
G1 X107.444 Y98.257 E.00283
G1 X107.429 Y98.213 F18000
M204 P1000
;TYPE:Top surface
;WIDTH:0.42
G1 F3600
G1 X107.127 Y98.315 E.00972
G1 X106.124 Y98.757 E.03333
G1 X105.164 Y99.285 E.03332
G1 X104.254 Y99.895 E.03332
G1 X103.401 Y100.582 E.03331
G1 X102.611 Y101.341 E.0333
G1 X101.892 Y102.166 E.0333
G1 X101.247 Y103.05 E.03329
G1 X100.683 Y103.988 E.03328
G1 X100.463 Y104.438 E.01525
G1 X100.384 Y104.117 F18000
M204 P2000
;TYPE:Gap infill
;WIDTH:0.196782
G1 F6000
G1 X100.502 Y103.652 E.00595
G1 X100.463 Y103.629 F18000
M204 P1000
;TYPE:Top surface
;WIDTH:0.42
G1 F3600
G1 X100.835 Y102.991 E.02247
G1 X101.476 Y102.084 E.03379
G1 X102.194 Y101.235 E.03379
G1 X102.982 Y100.451 E.0338
G1 X103.834 Y99.738 E.03381
G1 X104.746 Y99.101 E.03381
G1 X105.708 Y98.545 E.03382
G1 X106.42 Y98.213 E.02389
G1 X104.897 Y95.672 F18000
M204 P2000
;TYPE:Sparse infill
;WIDTH:0.45
G1 F9000
G1 X98.922 Y95.672 E.19619
G1 X98.922 Y96.349 E.02224
G1 X102.269 Y96.349 E.1099
G3 X103.376 Y96.349 I.554 J1.594 E.03703
G1 X109.257 Y96.349 E.1931
G3 X110.364 Y96.349 I.554 J1.594 E.03703
G1 X114.349 Y96.349 E.13083
G1 X114.349 Y95.672 E.02224
G1 X109.011 Y95.672 E.17526
G1 X115.159 Y98.141 F18000
;TYPE:Gap infill
;WIDTH:0.135717
G1 F6000
G1 X115.346 Y98.17 E.00141
;WIDTH:0.15949
G1 X115.532 Y98.2 E.00178
;WIDTH:0.207036
G1 X115.719 Y98.229 E.0025
;WIDTH:0.254582
G1 X115.906 Y98.258 E.00323
G1 X115.924 Y98.213 F18000
M204 P1000
;TYPE:Top surface
;WIDTH:0.42
G1 F3600
G1 X116.747 Y98.534 E.02689
G1 X117.731 Y99.022 E.0334
G1 X118.669 Y99.594 E.03341
G1 X119.554 Y100.245 E.03341
G1 X120.378 Y100.972 E.03342
G1 X121.136 Y101.768 E.03343
G1 X121.822 Y102.627 E.03343
G1 X122.431 Y103.542 E.03344
G1 X122.761 Y104.148 E.02096
G1 X122.761 Y103.383 F18000
G1 F3600
G1 X122.453 Y102.873 E.01812
G1 X121.796 Y101.97 E.03394
G1 X121.065 Y101.128 E.03393
G1 X120.264 Y100.352 E.03392
G1 X119.399 Y99.648 E.03391
G1 X118.477 Y99.021 E.03391
G1 X117.505 Y98.476 E.0339
G1 X116.489 Y98.016 E.03389
G1 X116.213 Y97.919 E.00893
G1 X116.141 Y98.066 F18000
M204 P2000
;TYPE:Gap infill
;WIDTH:0.133605
G1 F6000
G1 X116.171 Y97.887 E.00132
;WIDTH:0.156322
G1 X116.202 Y97.709 E.00165
G1 X116.14 Y97.639 F18000
;WIDTH:0.133719
G1 F6000
G1 X116.172 Y97.478 E.00121
;WIDTH:0.156493
G1 X116.203 Y97.316 E.00151
G1 X116.141 Y97.264 F18000
;WIDTH:0.134247
G1 F6000
G1 X116.172 Y97.086 E.00133
;WIDTH:0.157285
G1 X116.203 Y96.908 E.00167
G1 X116.141 Y96.879 F18000
;WIDTH:0.130008
G1 F6000
G1 X116.169 Y96.697 E.0013
;WIDTH:0.150927
G1 X116.196 Y96.514 E.00161
G1 X116.141 Y96.468 F18000
;WIDTH:0.132891
G1 F6000
G1 X116.171 Y96.292 E.0013
;WIDTH:0.155251
G1 X116.201 Y96.116 E.00162
G1 X116.141 Y96.092 F18000
;WIDTH:0.130135
G1 F6000
G1 X116.169 Y95.906 E.00133
;WIDTH:0.151117
G1 X116.196 Y95.719 E.00165
G1 X116.141 Y95.677 F18000
;WIDTH:0.13154
G1 F6000
G1 X116.201 Y95.312 E.00265
;WIDTH:0.153225
G1 X116.262 Y94.946 E.0033
G1 X116.197 Y94.924 F18000
;WIDTH:0.151975
G1 F6000
G1 X116.169 Y95.116 E.0017
;WIDTH:0.130707
G1 X116.141 Y95.307 E.00137
G1 X116.213 Y95.134 F18000
M204 P1000
;TYPE:Top surface
;WIDTH:0.42
G1 F3600
G1 X116.645 Y95.261 E.01371
G1 X117.787 Y95.697 E.03719
G1 X119.011 Y96.29 E.04134
G1 X119.011 Y95.872 F18000
G1 F3600
G1 X118.487 Y95.599 E.01796
G1 X117.349 Y95.114 E.03764
G1 X116.213 Y94.73 E.03647
G1 X116.141 Y94.883 F18000
M204 P2000
;TYPE:Gap infill
;WIDTH:0.130247
G1 F6000
G1 X116.169 Y94.712 E.00122
;WIDTH:0.151285
G1 X116.197 Y94.54 E.00152
G1 X116.141 Y94.518 F18000
;WIDTH:0.122272
G1 F6000
G1 X116.159 Y94.394 E.0008
;WIDTH:0.139323
G1 X116.178 Y94.27 E.00098
;WIDTH:0.173425
G1 X116.196 Y94.146 E.00132
;WIDTH:0.213699
G1 X116.219 Y94.083 E.00093
G1 X116.344 Y93.989 F18000
M204 P1000
;TYPE:Top surface
;WIDTH:0.42
G1 F3600
G1 X116.573 Y94.05 E.0072
G1 X117.768 Y94.467 E.03851
G1 X119.011 Y95.017 E.04133
G1 X119.011 Y94.606 F18000
G1 F3600
G1 X118.678 Y94.441 E.0113
G1 X117.564 Y93.989 E.03657
G1 X117.543 Y94.04 F18000
M204 P2000
;TYPE:Gap infill
;WIDTH:0.259282
G1 F6000
G1 X117.363 Y94.009 E.00319
;WIDTH:0.210393
G1 X117.183 Y93.978 E.00247
;WIDTH:0.161504
G1 X117.003 Y93.948 E.00175
;WIDTH:0.137059
G1 X116.823 Y93.917 E.00139
G1 X116.213 Y94.348 F18000
M204 P1000
;TYPE:Top surface
;WIDTH:0.42
G1 F3600
G1 X116.938 Y94.564 E.02302
G1 X118.106 Y95.014 E.03808
G1 X119.011 Y95.443 E.03046
G1 E-1.75 F6000
;WIPE_START
G1 F3600
G1 X118.108 Y95.014 E-.75
;WIPE_END
G1 X119.011 Y94.192 F18000
G1 E2.5 F6000
G1 F3600
G1 X118.58 Y93.989 E.01448
G1 X118.557 Y94.038 F18000
M204 P2000
;TYPE:Gap infill
;WIDTH:0.252364
G1 F6000
G1 X118.402 Y94.008 E.00267
;WIDTH:0.205452
G1 X118.246 Y93.977 E.00207
;WIDTH:0.158539
G1 X118.091 Y93.947 E.00148
;WIDTH:0.135083
G1 X117.936 Y93.917 E.00118
G1 E-2.34181
;WIPE_START
G1 X118.091 Y93.947 E-.15819
;WIPE_END
G1 X119.011 Y96.724 F18000
G1 E2.5 F6000
M204 P1000
;TYPE:Top surface
;WIDTH:0.42
G1 F3600
G1 X118.236 Y96.315 E.02665
G1 X117.127 Y95.836 E.03674
G1 X116.213 Y95.525 E.02938
G1 X116.213 Y95.922 F18000
G1 F3600
G1 X116.494 Y96.007 E.00893
G1 X117.605 Y96.44 E.03628
G1 X118.678 Y96.962 E.03628
G1 X119.011 Y97.158 E.01175
G1 X119.011 Y97.586 F18000
G1 F3600
G1 X118.062 Y97.069 E.03286
G1 X116.986 Y96.591 E.03582
G1 X116.213 Y96.32 E.02492
G1 X116.213 Y96.714 F18000
G1 F3600
G1 X117.444 Y97.194 E.04021
G1 X118.483 Y97.714 E.03535
G1 X119.011 Y98.036 E.01878
G1 X119.011 Y98.474 F18000
G1 F3600
G1 X118.854 Y98.368 E.00575
G1 X117.854 Y97.808 E.03487
G1 X116.81 Y97.333 E.03487
G1 X116.213 Y97.119 E.01931
G1 X116.213 Y97.51 F18000
G1 F3600
G1 X117.194 Y97.908 E.03222
G1 X118.202 Y98.421 E.03439
G1 X119.011 Y98.923 E.02896
G1 X119.117 Y98.989 F18000
G1 F3600
G1 X120.07 Y99.693 E.03602
G1 X120.917 Y100.443 E.03441
G1 X121.697 Y101.263 E.03441
G1 X122.405 Y102.146 E.03442
G1 X122.761 Y102.676 E.01942
G1 X122.761 Y102.011 F18000
G1 F3600
G1 X122.289 Y101.38 E.02396
G1 X121.528 Y100.522 E.0349
G1 X120.698 Y99.73 E.03489
G1 X119.773 Y98.989 E.03603
G1 X120.396 Y98.989 F18000
G1 F3600
G1 X121.296 Y99.764 E.03612
G1 X122.111 Y100.594 E.03537
G1 X122.761 Y101.375 E.03092
G1 X122.761 Y100.774 F18000
G1 F3600
G1 X121.878 Y99.801 E.03997
G1 X120.992 Y98.989 E.03655
G1 X121.565 Y98.989 F18000
G1 F3600
G1 X122.453 Y99.852 E.03766
G1 X122.761 Y100.206 E.01427
G1 X122.761 Y99.645 F18000
G1 F3600
G1 X122.119 Y98.989 E.02792
G1 X122.656 Y98.989 F18000
G1 F3600
G1 X122.761 Y99.089 E.00441
G1 E-2.25828 F6000
;WIPE_START
G1 F3600
G1 X122.656 Y98.989 E-.24172
;WIPE_END
G1 X100.463 Y98.697 F18000
G1 E2.5 F6000
G1 F3600
G1 X100.971 Y98.213 E.02136
G1 X101.539 Y98.213 F18000
G1 F3600
G1 X100.8 Y98.881 E.03031
G1 X100.463 Y99.24 E.01498
G1 X100.463 Y99.781 F18000
G1 F3600
G1 X101.378 Y98.852 E.03966
G1 X102.127 Y98.213 E.02995
G1 X102.737 Y98.213 F18000
G1 F3600
G1 X101.971 Y98.826 E.02985
G1 X101.106 Y99.643 E.03619
G1 X100.463 Y100.356 E.02921
G1 X100.463 Y100.953 F18000
G1 F3600
G1 X100.877 Y100.443 E.02
G1 X101.69 Y99.595 E.03572
G1 X102.569 Y98.816 E.03573
G1 X103.374 Y98.213 E.03058
G1 X104.042 Y98.213 F18000
G1 F3600
G1 X103.16 Y98.83 E.03276
G1 X102.268 Y99.571 E.03526
G1 X101.441 Y100.383 E.03525
G1 X100.684 Y101.261 E.03525
G1 X100.463 Y101.565 E.01145
G1 X100.463 Y102.199 F18000
G1 F3600
G1 X101.217 Y101.204 E.03799
G1 X101.988 Y100.359 E.03477
G1 X102.827 Y99.582 E.03478
G1 X103.729 Y98.878 E.03479
G1 X104.76 Y98.213 E.03734
G1 X104.783 Y98.255 F18000
M204 P2000
;TYPE:Gap infill
;WIDTH:0.141078
G1 F6000
G1 X105.239 Y98.137 E.00373
G1 X105.554 Y98.213 F18000
M204 P1000
;TYPE:Top surface
;WIDTH:0.42
G1 F3600
G1 X105.224 Y98.378 E.01122
G1 X104.262 Y98.967 E.03431
G1 X103.354 Y99.636 E.0343
G1 X102.506 Y100.379 E.0343
G1 X101.725 Y101.192 E.03429
G1 X101.015 Y102.068 E.03428
G1 X100.463 Y102.884 E.02997
G1 X100.463 Y115.455 F18000
G1 F3600
G1 X101.04 Y116.501 E.03634
G1 X101.656 Y117.401 E.03319
G1 X102.349 Y118.244 E.03318
G1 X103.113 Y119.023 E.03318
G1 X103.943 Y119.731 E.03317
G1 X104.831 Y120.363 E.03316
G1 X105.771 Y120.915 E.03315
G1 X106.756 Y121.381 E.03315
G1 X107.882 Y121.787 E.03639
G1 X107.895 Y121.739 F18000
M204 P2000
;TYPE:Gap infill
;WIDTH:0.27033
G1 F6000
G1 X108.048 Y121.764 E.00285
;WIDTH:0.246216
G1 X108.247 Y121.789 E.00328
;WIDTH:0.200197
G1 X108.435 Y121.812 E.0024
;WIDTH:0.155391
G1 X108.623 Y121.835 E.00172
;WIDTH:0.110585
G1 X108.811 Y121.858 E.00103
G1 X107.452 Y121.859 F18000
;WIDTH:0.111332
G1 F6000
G1 X107.288 Y121.83 E.00092
;WIDTH:0.157656
G1 X107.124 Y121.801 E.00154
;WIDTH:0.20398
G1 X106.96 Y121.771 E.00216
;WIDTH:0.227142
G1 X106.797 Y121.742 E.00247
G1 X106.779 Y121.787 F18000
M204 P1000
;TYPE:Top surface
;WIDTH:0.42
G1 F3600
G1 X106.467 Y121.667 E.01018
G1 X105.472 Y121.182 E.03365
G1 X104.524 Y120.612 E.03366
G1 X103.628 Y119.963 E.03366
G1 X102.791 Y119.237 E.03367
G1 X102.021 Y118.442 E.03368
G1 X101.322 Y117.583 E.03368
G1 X100.699 Y116.667 E.03369
G1 X100.463 Y116.243 E.01476
G1 X100.383 Y116.534 F18000
M204 P2000
;TYPE:Gap infill
;WIDTH:0.22305
G1 F6000
G1 X100.505 Y116.963 E.00647
G1 X100.463 Y116.991 F18000
M204 P1000
;TYPE:Top surface
;WIDTH:0.42
G1 F3600
G1 X101.033 Y117.827 E.03076
G1 X101.743 Y118.697 E.03418
G1 X102.525 Y119.504 E.03417
G1 X103.372 Y120.241 E.03416
G1 X104.28 Y120.903 E.03416
G1 X105.24 Y121.485 E.03415
G1 X105.852 Y121.787 E.02076
G1 X105.176 Y121.878 F18000
M204 P2000
;TYPE:Gap infill
;WIDTH:0.134438
G1 F6000
G1 X105.109 Y121.628 E.00191
G1 X105.013 Y121.787 F18000
M204 P1000
;TYPE:Top surface
;WIDTH:0.42
G1 F3600
G1 X104.087 Y121.228 E.03289
G1 X103.166 Y120.559 E.03464
G1 X102.303 Y119.814 E.03465
G1 X101.507 Y118.999 E.03466
G1 X100.781 Y118.12 E.03466
G1 X100.463 Y117.659 E.01704
G1 X100.463 Y119.507 F18000
G1 F3600
G1 X100.955 Y120.069 E.02271
G1 X101.808 Y120.894 E.03607
G1 X102.724 Y121.647 E.03607
G1 X102.926 Y121.787 E.00749
G1 X102.674 Y121.864 F18000
M204 P2000
;TYPE:Gap infill
;WIDTH:0.134198
G1 F6000
G1 X102.335 Y121.75 E.00263
G1 X102.305 Y121.787 F18000
M204 P1000
;TYPE:Top surface
;WIDTH:0.42
G1 F3600
G1 X101.663 Y121.269 E.02511
G1 X100.791 Y120.442 E.03653
G1 X100.463 Y120.076 E.01496
G1 X100.463 Y121.693 F18000
G1 F3600
G1 X100.566 Y121.787 E.00427
G1 X101.468 Y121.865 F18000
M204 P2000
;TYPE:Gap infill
;WIDTH:0.158784
G1 F6000
G1 X101.158 Y121.75 E.00309
G1 X101.123 Y121.787 F18000
M204 P1000
;TYPE:Top surface
;WIDTH:0.42
G1 F3600
G1 X100.463 Y121.179 E.02732
G1 X100.501 Y121.137 F18000
M204 P2000
;TYPE:Gap infill
;WIDTH:0.174268
G1 F6000
G1 X100.372 Y120.823 E.0036
G1 X100.463 Y120.634 F18000
M204 P1000
;TYPE:Top surface
;WIDTH:0.42
G1 F3600
G1 X100.619 Y120.805 E.00706
G1 X101.508 Y121.634 E.03699
G1 X101.701 Y121.787 E.00748
G1 X104.006 Y121.866 F18000
M204 P2000
;TYPE:Gap infill
;WIDTH:0.19795
G1 F6000
G1 X103.611 Y121.748 E.00515
G1 X103.583 Y121.787 F18000
M204 P1000
;TYPE:Top surface
;WIDTH:0.42
G1 F3600
G1 X102.853 Y121.271 E.02721
G1 X101.955 Y120.519 E.0356
G1 X101.123 Y119.696 E.03561
G1 X100.463 Y118.927 E.03082
G1 X100.504 Y118.892 F18000
M204 P2000
;TYPE:Gap infill
;WIDTH:0.0893173
G1 F6000
G1 X100.387 Y118.561 E.00131
G1 X100.463 Y118.313 F18000
M204 P1000
;TYPE:Top surface
;WIDTH:0.42
G1 F3600
G1 X100.56 Y118.451 E.00513
G1 X101.303 Y119.336 E.03514
G1 X102.117 Y120.156 E.03514
G1 X102.996 Y120.905 E.03513
G1 X103.934 Y121.579 E.03512
G1 X104.283 Y121.787 E.01236
G1 X104.986 Y123.651 F18000
M204 P2000
;TYPE:Sparse infill
;WIDTH:0.45
G1 F9000
G1 X98.922 Y123.651 E.19911
G1 X98.922 Y124.328 E.02224
G1 X102.18 Y124.328 E.10698
G3 X103.434 Y124.328 I.627 J1.68 E.04205
G1 X109.168 Y124.328 E.18829
G3 X110.422 Y124.328 I.627 J1.68 E.04205
G1 X114.349 Y124.328 E.12893
G1 X114.349 Y123.651 E.02224
G1 X108.953 Y123.651 E.17716
G1 X114.303 Y121.858 F18000
;TYPE:Gap infill
;WIDTH:0.136404
G1 F6000
G1 X114.559 Y121.831 E.00194
;WIDTH:0.15633
G1 X114.725 Y121.807 E.00154
;WIDTH:0.195585
G1 X114.888 Y121.783 E.00202
;WIDTH:0.234345
G1 X115.05 Y121.759 E.00253
;WIDTH:0.273106
G1 X115.212 Y121.735 E.00304
G1 X115.226 Y121.787 F18000
M204 P1000
;TYPE:Top surface
;WIDTH:0.42
G1 F3600
G1 X116.303 Y121.398 E.03482
G1 X117.287 Y120.936 E.03308
G1 X118.226 Y120.388 E.03307
G1 X119.114 Y119.76 E.03306
G1 X119.942 Y119.056 E.03305
G1 X120.704 Y118.282 E.03305
G1 X121.396 Y117.444 E.03304
G1 X122.01 Y116.549 E.03303
G1 X122.543 Y115.603 E.03303
G1 X122.761 Y115.121 E.01608
G1 X122.72 Y115.102 F18000
M204 P2000
;TYPE:Gap infill
;WIDTH:0.240727
G1 F6000
G1 X122.749 Y114.956 E.00238
;WIDTH:0.197139
G1 X122.777 Y114.809 E.00186
;WIDTH:0.153552
G1 X122.805 Y114.662 E.00133
;WIDTH:0.131758
G1 X122.833 Y114.516 E.00107
G1 X122.839 Y115.462 F18000
;WIDTH:0.190609
G1 F6000
G1 X122.719 Y115.966 E.00616
G1 X122.761 Y115.986 F18000
M204 P1000
;TYPE:Top surface
;WIDTH:0.42
G1 F3600
G1 X122.674 Y116.162 E.00596
G1 X122.1 Y117.104 E.03353
G1 X121.447 Y117.992 E.03354
G1 X120.719 Y118.82 E.03355
G1 X119.921 Y119.583 E.03355
G1 X119.06 Y120.273 E.03356
G1 X118.142 Y120.885 E.03357
G1 X117.174 Y121.416 E.03357
G1 X116.213 Y121.839 E.03196
G1 X116.18 Y121.765 F18000
M204 P2000
;TYPE:Gap infill
;WIDTH:0.210349
G1 F6000
G1 X116.002 Y121.796 E.00244
;WIDTH:0.161478
G1 X115.824 Y121.828 E.00172
;WIDTH:0.137042
G1 X115.647 Y121.859 E.00137
G1 X116.04 Y121.696 F18000
;WIDTH:0.145626
G1 F6000
G1 X116.271 Y122.012 E.00325
G1 X116.213 Y122.241 F18000
M204 P1000
;TYPE:Top surface
;WIDTH:0.42
G1 F3600
G1 X117.124 Y121.859 E.03006
G1 X118.116 Y121.339 E.03407
G1 X119.06 Y120.736 E.03406
G1 X119.949 Y120.055 E.03406
G1 X120.776 Y119.3 E.03405
G1 X121.535 Y118.478 E.03404
G1 X122.221 Y117.593 E.03404
G1 X122.761 Y116.758 E.03027
G1 E-1.75 F6000
;WIPE_START
G1 F3600
G1 X122.221 Y117.593 E-.74638
G1 X122.218 Y117.597 E-.00362
;WIPE_END
G1 X122.832 Y113.389 F18000
G1 E2.5 F6000
M204 P2000
;TYPE:Gap infill
;WIDTH:0.136159
G1 X122.803 Y113.572 E.00139
;WIDTH:0.160154
G1 X122.773 Y113.754 E.00175
;WIDTH:0.208143
G1 X122.743 Y113.937 E.00246
;WIDTH:0.256132
G1 X122.713 Y114.119 E.00318
G1 X122.761 Y114.138 F18000
M204 P1000
;TYPE:Top surface
;WIDTH:0.42
G1 F3600
G1 X122.433 Y114.959 E.02688
G1 X121.95 Y115.913 E.03251
G1 X121.382 Y116.819 E.03252
G1 X120.736 Y117.671 E.03253
G1 X120.015 Y118.461 E.03253
G1 X119.227 Y119.185 E.03254
G1 X118.376 Y119.834 E.03255
G1 X117.471 Y120.405 E.03256
G1 X116.518 Y120.893 E.03256
G1 X115.524 Y121.294 E.03257
G1 X114.499 Y121.604 E.03258
G1 X113.612 Y121.787 E.02756
G1 X113.601 Y121.737 F18000
M204 P2000
;TYPE:Gap infill
;WIDTH:0.279554
G1 F6000
G1 X113.213 Y121.767 E.00744
;WIDTH:0.230207
G1 X112.824 Y121.797 E.00589
;WIDTH:0.205139
G1 X112.817 Y121.797 E.0001
;WIDTH:0.188215
G1 X112.281 Y121.814 E.00628
;WIDTH:0.154601
G1 X111.745 Y121.83 E.00483
G3 X110.663 Y121.814 I18.176 J-1272.351 E.00975
;WIDTH:0.19082
G1 X110.282 Y121.791 E.00455
;WIDTH:0.231511
G1 X109.902 Y121.769 E.0058
;WIDTH:0.251856
G1 X109.521 Y121.746 E.00642
G1 X109.515 Y121.787 F18000
M204 P1000
;TYPE:Top surface
;WIDTH:0.42
G1 F3600
G1 X109.184 Y121.736 E.01017
G1 X108.143 Y121.477 E.03262
G1 X107.13 Y121.126 E.03263
G1 X106.151 Y120.686 E.03264
G1 X105.215 Y120.16 E.03264
G1 X104.33 Y119.553 E.03265
G1 X103.503 Y118.868 E.03266
G1 X102.739 Y118.113 E.03267
G1 X102.047 Y117.292 E.03267
G1 X101.43 Y116.412 E.03268
G1 X100.893 Y115.48 E.03269
G1 X100.463 Y114.548 E.03123
G1 X100.511 Y114.526 F18000
M204 P2000
;TYPE:Gap infill
;WIDTH:0.253907
G1 F6000
G1 X100.481 Y114.361 E.00286
;WIDTH:0.206554
G1 X100.451 Y114.195 E.00222
;WIDTH:0.1592
G1 X100.421 Y114.03 E.00158
;WIDTH:0.135523
G1 X100.391 Y113.865 E.00125
G1 X100.392 Y112.519 F18000
;WIDTH:0.114459
G1 F6000
G1 X100.407 Y112.658 E.00081
;WIDTH:0.127602
G1 X100.421 Y112.797 E.00096
;WIDTH:0.141314
G1 X100.421 Y112.802 E.00004
;WIDTH:0.166543
G1 X100.452 Y113.008 E.00208
;WIDTH:0.215867
G1 X100.483 Y113.214 E.00291
;WIDTH:0.26519
G1 X100.514 Y113.421 E.00374
G1 X100.463 Y113.435 F18000
M204 P1000
;TYPE:Top surface
;WIDTH:0.42
G1 F3600
G1 X100.871 Y114.551 E.03615
G1 X101.332 Y115.503 E.03218
G1 X101.878 Y116.409 E.03217
G1 X102.503 Y117.262 E.03216
G1 X103.203 Y118.054 E.03215
G1 X103.972 Y118.78 E.03215
G1 X104.803 Y119.432 E.03214
G1 X105.69 Y120.006 E.03213
G1 X106.625 Y120.498 E.03212
G1 X107.601 Y120.902 E.03212
G1 X108.609 Y121.216 E.03211
G1 X109.641 Y121.437 E.0321
G1 X110.689 Y121.563 E.03209
G1 X111.743 Y121.594 E.03209
G1 X112.796 Y121.528 E.03208
G1 X113.838 Y121.368 E.03207
G1 X114.861 Y121.113 E.03206
G1 X115.856 Y120.766 E.03206
G1 X116.816 Y120.33 E.03205
G1 X117.732 Y119.809 E.03204
G1 X118.596 Y119.207 E.03203
G1 X119.401 Y118.529 E.03203
G1 X120.142 Y117.78 E.03202
G1 X120.81 Y116.968 E.03201
G1 X121.402 Y116.098 E.032
G1 X121.913 Y115.178 E.032
G1 X122.337 Y114.215 E.03199
G1 X122.671 Y113.218 E.03198
G1 X122.761 Y112.838 E.0119
G1 X122.712 Y112.826 F18000
M204 P2000
;TYPE:Gap infill
;WIDTH:0.270821
G1 F6000
G1 X122.739 Y112.617 E.00388
;WIDTH:0.232584
G1 X122.766 Y112.4 E.00335
;WIDTH:0.192106
G1 X122.788 Y112.135 E.0032
;WIDTH:0.150532
G1 X122.809 Y111.87 E.00231
;WIDTH:0.129745
G1 X122.831 Y111.604 E.00186
G1 E-2.23389
;WIPE_START
G1 X122.809 Y111.87 E-.26611
;WIPE_END
G1 X122.83 Y108.519 F18000
G1 E2.5 F6000
;WIDTH:0.105937
G1 X122.811 Y108.198 E.00163
;WIDTH:0.144672
G1 X122.787 Y107.971 E.00188
;WIDTH:0.186269
G1 X122.763 Y107.743 E.00265
;WIDTH:0.227866
G1 X122.739 Y107.515 E.00341
;WIDTH:0.248665
G1 X122.715 Y107.288 E.0038
G1 X122.761 Y107.277 F18000
M204 P1000
;TYPE:Top surface
;WIDTH:0.42
G1 F3600
G1 X122.696 Y106.991 E.00893
G1 X122.369 Y105.993 E.03193
G1 X121.953 Y105.03 E.03192
G1 X121.451 Y104.108 E.03191
G1 X120.867 Y103.237 E.0319
G1 X120.206 Y102.423 E.0319
G1 X119.473 Y101.673 E.03189
G1 X118.675 Y100.993 E.03188
G1 X117.819 Y100.389 E.03187
G1 X116.911 Y99.866 E.03187
G1 X115.959 Y99.429 E.03186
G1 X114.971 Y99.081 E.03185
G1 X113.956 Y98.824 E.03184
G1 X112.922 Y98.662 E.03184
G1 X111.878 Y98.595 E.03183
G1 X110.832 Y98.624 E.03182
G1 X109.793 Y98.749 E.03181
G1 X108.771 Y98.968 E.0318
G1 X107.773 Y99.281 E.0318
G1 X106.808 Y99.683 E.03179
G1 X105.885 Y100.172 E.03178
G1 X105.01 Y100.743 E.03177
G1 X104.192 Y101.392 E.03177
G1 X103.437 Y102.114 E.03176
G1 X102.752 Y102.901 E.03175
G1 X102.142 Y103.748 E.03174
G1 X101.612 Y104.647 E.03174
G1 X101.168 Y105.591 E.03173
G1 X100.812 Y106.572 E.03172
G1 X100.548 Y107.58 E.03171
G1 X100.463 Y108.097 E.01592
G1 X100.508 Y108.104 F18000
M204 P2000
;TYPE:Gap infill
;WIDTH:0.281839
G1 F6000
G1 X100.489 Y108.402 E.00576
;WIDTH:0.248441
G1 X100.469 Y108.7 E.00495
;WIDTH:0.21464
G1 X100.449 Y109.006 E.00424
;WIDTH:0.178328
G2 X100.43 Y110.044 I22.286 J.933 E.01135
;WIDTH:0.173754
G1 X100.445 Y110.565 E.0055
;WIDTH:0.203151
G2 X100.46 Y111.095 I11.305 J-.056 E.00684
;WIDTH:0.240474
G1 X100.487 Y111.456 E.00578
;WIDTH:0.262606
G1 X100.514 Y111.818 E.00643
G1 X100.463 Y111.829 F18000
M204 P1000
;TYPE:Top surface
;WIDTH:0.42
G1 F3600
G1 X100.653 Y112.745 E.02844
G1 X100.957 Y113.74 E.03167
G1 X101.352 Y114.703 E.03166
G1 X101.834 Y115.626 E.03165
G1 X102.398 Y116.5 E.03164
G1 X103.041 Y117.318 E.03163
G1 X103.756 Y118.073 E.03163
G1 X104.537 Y118.759 E.03162
G1 X105.378 Y119.369 E.03161
G1 X106.272 Y119.899 E.0316
G1 X107.21 Y120.345 E.0316
G1 X108.186 Y120.702 E.03159
G1 X109.19 Y120.967 E.03158
G1 X110.214 Y121.138 E.03157
G1 X111.249 Y121.214 E.03156
G1 X112.286 Y121.194 E.03156
G1 X113.317 Y121.078 E.03155
G1 X114.332 Y120.868 E.03154
G1 X115.324 Y120.565 E.03153
G1 X116.283 Y120.171 E.03153
G1 X117.201 Y119.69 E.03152
G1 X118.07 Y119.127 E.03151
G1 X118.884 Y118.486 E.0315
G1 X119.634 Y117.772 E.03149
G1 X120.315 Y116.993 E.03149
G1 X120.921 Y116.153 E.03148
G1 X121.446 Y115.262 E.03147
G1 X121.886 Y114.325 E.03146
G1 X122.238 Y113.353 E.03145
G1 X122.497 Y112.352 E.03145
G1 X122.663 Y111.332 E.03144
G1 X122.733 Y110.3 E.03143
G1 X122.707 Y109.268 E.03142
G1 X122.586 Y108.242 E.03142
G1 X122.37 Y107.232 E.03141
G1 X122.061 Y106.247 E.0314
G1 X121.662 Y105.295 E.03139
G1 X121.177 Y104.384 E.03138
G1 X120.609 Y103.523 E.03138
G1 X119.964 Y102.718 E.03137
G1 X119.247 Y101.977 E.03136
G1 X118.464 Y101.306 E.03135
G1 X117.623 Y100.711 E.03134
G1 X116.73 Y100.197 E.03134
G1 X115.793 Y99.769 E.03133
G1 X114.821 Y99.429 E.03132
G1 X113.822 Y99.182 E.03131
G1 X112.804 Y99.028 E.0313
G1 X111.776 Y98.971 E.0313
G1 X110.748 Y99.009 E.03129
G1 X109.729 Y99.143 E.03128
G1 X108.726 Y99.371 E.03127
G1 X107.749 Y99.692 E.03127
G1 X106.807 Y100.102 E.03126
G1 X105.907 Y100.598 E.03125
G1 X105.058 Y101.176 E.03124
G1 X104.267 Y101.831 E.03123
G1 X103.54 Y102.556 E.03123
G1 X102.885 Y103.346 E.03122
G1 X102.306 Y104.193 E.03121
G1 X101.809 Y105.091 E.0312
G1 X101.398 Y106.031 E.03119
G1 X101.077 Y107.005 E.03119
G1 X100.849 Y108.004 E.03118
G1 X100.715 Y109.02 E.03117
G1 X100.677 Y110.044 E.03116
G1 X100.734 Y111.067 E.03115
G1 X100.888 Y112.079 E.03115
G1 X101.135 Y113.073 E.03114
G1 X101.474 Y114.038 E.03113
G1 X101.902 Y114.968 E.03112
G1 X102.415 Y115.853 E.03111
G1 X103.008 Y116.686 E.03111
G1 X103.677 Y117.459 E.0311
G1 X104.416 Y118.166 E.03109
G1 X105.217 Y118.801 E.03108
G1 X106.074 Y119.357 E.03107
G1 X106.979 Y119.83 E.03106
G1 X107.924 Y120.217 E.03106
G1 X108.901 Y120.512 E.03105
G1 X109.901 Y120.715 E.03104
G1 X110.916 Y120.823 E.03103
G1 X111.936 Y120.834 E.03102
G1 X112.952 Y120.75 E.03102
G1 X113.956 Y120.571 E.03101
G1 X114.938 Y120.298 E.031
G1 X115.89 Y119.935 E.03099
G1 X116.803 Y119.483 E.03098
G1 X117.669 Y118.948 E.03098
G1 X118.481 Y118.333 E.03097
G1 X119.232 Y117.645 E.03096
G1 X119.914 Y116.89 E.03095
G1 X120.521 Y116.074 E.03094
G1 X121.049 Y115.204 E.03094
G1 X121.492 Y114.289 E.03093
G1 X121.847 Y113.336 E.03092
G1 X122.111 Y112.355 E.03091
G1 X122.281 Y111.353 E.0309
G1 X122.355 Y110.34 E.03089
G1 X122.333 Y109.325 E.03089
G1 X122.216 Y108.316 E.03088
G1 X122.004 Y107.323 E.03087
G1 X121.7 Y106.356 E.03086
G1 X121.305 Y105.421 E.03085
G1 X120.824 Y104.528 E.03085
G1 X120.261 Y103.685 E.03084
G1 X119.62 Y102.899 E.03083
G1 X118.909 Y102.178 E.03082
G1 X118.132 Y101.527 E.03081
G1 X117.298 Y100.952 E.0308
G1 X116.413 Y100.46 E.0308
G1 X115.486 Y100.053 E.03079
G1 X114.525 Y99.736 E.03078
G1 X113.539 Y99.512 E.03077
G1 X112.535 Y99.382 E.03076
G1 X111.525 Y99.348 E.03076
G1 X110.516 Y99.41 E.03075
G1 X109.517 Y99.568 E.03074
G1 X108.539 Y99.819 E.03073
G1 X107.588 Y100.162 E.03072
G1 X106.675 Y100.593 E.03071
G1 X105.808 Y101.109 E.03071
G1 X104.993 Y101.705 E.0307
G1 X104.239 Y102.375 E.03069
G1 X103.552 Y103.114 E.03068
G1 X102.939 Y103.915 E.03067
G1 X102.404 Y104.77 E.03066
G1 X101.954 Y105.672 E.03066
G1 X101.591 Y106.612 E.03065
G1 X101.32 Y107.582 E.03064
G1 X101.142 Y108.573 E.03063
G1 X101.06 Y109.577 E.03062
G1 X101.073 Y110.583 E.03061
G1 X101.182 Y111.584 E.03061
G1 X101.386 Y112.569 E.0306
G1 X101.683 Y113.53 E.03059
G1 X102.07 Y114.458 E.03058
G1 X102.543 Y115.345 E.03057
G1 X103.099 Y116.182 E.03057
G1 X103.732 Y116.962 E.03056
G1 X104.437 Y117.678 E.03055
G1 X105.206 Y118.324 E.03054
G1 X106.033 Y118.893 E.03053
G1 X106.911 Y119.38 E.03052
G1 X107.83 Y119.781 E.03051
G1 X108.784 Y120.092 E.03051
G1 X109.763 Y120.31 E.0305
G1 X110.757 Y120.434 E.03049
G1 X111.759 Y120.462 E.03048
G1 X112.759 Y120.394 E.03047
G1 X113.747 Y120.231 E.03046
G1 X114.715 Y119.974 E.03046
G1 X115.654 Y119.626 E.03045
G1 X116.554 Y119.189 E.03044
G1 X117.409 Y118.669 E.03043
G1 X118.209 Y118.069 E.03042
G1 X118.948 Y117.395 E.03041
G1 X119.619 Y116.654 E.03041
G1 X120.216 Y115.852 E.0304
G1 X120.732 Y114.997 E.03039
G1 X121.165 Y114.096 E.03038
G1 X121.508 Y113.159 E.03037
G1 X121.76 Y112.193 E.03036
G1 X121.918 Y111.207 E.03036
G1 X121.98 Y110.211 E.03035
G1 X121.947 Y109.214 E.03034
G1 X121.818 Y108.225 E.03033
G1 X121.594 Y107.254 E.03032
G1 X121.279 Y106.308 E.03031
G1 X120.873 Y105.398 E.0303
G1 X120.383 Y104.531 E.0303
G1 X119.811 Y103.716 E.03029
G1 X119.164 Y102.96 E.03028
G1 X118.447 Y102.269 E.03027
G1 X117.667 Y101.651 E.03026
G1 X116.831 Y101.112 E.03025
G1 X115.947 Y100.655 E.03025
G1 X115.024 Y100.286 E.03024
G1 X114.07 Y100.008 E.03023
G1 X113.094 Y99.823 E.03022
G1 X112.104 Y99.734 E.03021
G1 X111.111 Y99.74 E.0302
G1 X110.124 Y99.842 E.03019
G1 X109.151 Y100.039 E.03019
G1 X108.202 Y100.328 E.03018
G1 X107.286 Y100.708 E.03017
G1 X106.411 Y101.175 E.03016
G1 X105.585 Y101.724 E.03015
G1 X104.817 Y102.35 E.03014
G1 X104.113 Y103.047 E.03013
G1 X103.48 Y103.809 E.03013
G1 X102.924 Y104.628 E.03012
G1 X102.45 Y105.497 E.03011
G1 X102.062 Y106.408 E.0301
G1 X101.765 Y107.352 E.03009
G1 X101.56 Y108.319 E.03008
G1 X101.45 Y109.302 E.03007
G1 X101.436 Y110.291 E.03007
G1 X101.518 Y111.276 E.03006
G1 X101.695 Y112.248 E.03005
G1 X101.966 Y113.197 E.03004
G1 X102.327 Y114.116 E.03003
G1 X102.776 Y114.996 E.03002
G1 X103.308 Y115.827 E.03001
G1 X103.918 Y116.602 E.03001
G1 X104.6 Y117.315 E.03
G1 X105.348 Y117.957 E.02999
G1 X106.154 Y118.524 E.02998
G1 X107.012 Y119.009 E.02997
G1 X107.913 Y119.408 E.02996
G1 X108.848 Y119.718 E.02995
G1 X109.808 Y119.935 E.02994
G1 X110.785 Y120.058 E.02994
G1 X111.768 Y120.085 E.02993
G1 X112.749 Y120.016 E.02992
G1 X113.719 Y119.851 E.02991
G1 X114.668 Y119.593 E.0299
G1 X115.587 Y119.244 E.02989
G1 X116.467 Y118.807 E.02988
G1 X117.3 Y118.287 E.02988
G1 X118.078 Y117.687 E.02987
G1 X118.793 Y117.015 E.02986
G1 X119.439 Y116.276 E.02985
G1 X120.01 Y115.478 E.02984
G1 X120.5 Y114.629 E.02983
G1 X120.905 Y113.736 E.02982
G1 X121.22 Y112.807 E.02981
G1 X121.442 Y111.853 E.02981
G1 X121.571 Y110.882 E.0298
G1 X121.603 Y109.903 E.02979
G1 X121.54 Y108.926 E.02978
G1 X121.381 Y107.96 E.02977
G1 X121.129 Y107.014 E.02976
G1 X120.785 Y106.099 E.02975
G1 X120.353 Y105.221 E.02974
G1 X119.838 Y104.39 E.02973
G1 X119.243 Y103.614 E.02973
G1 X118.576 Y102.901 E.02972
G1 X117.842 Y102.256 E.02971
G1 X117.049 Y101.687 E.0297
G1 X116.203 Y101.198 E.02969
G1 X115.314 Y100.796 E.02968
G1 X114.391 Y100.482 E.02967
G1 X113.441 Y100.261 E.02966
G1 X112.474 Y100.134 E.02966
G1 X111.499 Y100.103 E.02965
G1 X110.527 Y100.168 E.02964
G1 X109.566 Y100.328 E.02963
G1 X108.626 Y100.582 E.02962
G1 X107.716 Y100.927 E.02961
G1 X106.844 Y101.36 E.0296
G1 X106.019 Y101.877 E.02959
G1 X105.25 Y102.472 E.02958
G1 X104.543 Y103.14 E.02958
G1 X103.906 Y103.874 E.02957
G1 X103.344 Y104.667 E.02956
G1 X102.864 Y105.511 E.02955
G1 X102.469 Y106.399 E.02954
G1 X102.164 Y107.321 E.02953
G1 X101.951 Y108.268 E.02952
G1 X101.833 Y109.231 E.02951
G1 X101.811 Y110.201 E.0295
G1 X101.885 Y111.168 E.0295
G1 X102.054 Y112.123 E.02949
G1 X102.316 Y113.056 E.02948
G1 X102.669 Y113.958 E.02947
G1 X103.11 Y114.82 E.02946
G1 X103.634 Y115.635 E.02945
G1 X104.235 Y116.393 E.02944
G1 X104.909 Y117.088 E.02943
G1 X105.648 Y117.712 E.02942
G1 X106.445 Y118.261 E.02941
G1 X107.292 Y118.727 E.02941
G1 X108.181 Y119.107 E.0294
G1 X109.103 Y119.396 E.02939
G1 X110.048 Y119.593 E.02938
G1 X111.009 Y119.695 E.02937
G1 X111.974 Y119.701 E.02936
G1 X112.935 Y119.611 E.02935
G1 X113.882 Y119.426 E.02934
G1 X114.805 Y119.148 E.02933
G1 X115.696 Y118.78 E.02932
G1 X116.546 Y118.325 E.02932
G1 X117.346 Y117.788 E.02931
G1 X118.089 Y117.174 E.0293
G1 X118.766 Y116.49 E.02929
G1 X119.372 Y115.742 E.02928
G1 X119.9 Y114.937 E.02927
G1 X120.346 Y114.085 E.02926
G1 X120.704 Y113.192 E.02925
G1 X120.971 Y112.268 E.02924
G1 X121.144 Y111.323 E.02923
G1 X121.223 Y110.365 E.02922
G1 X121.205 Y109.405 E.02922
G1 X121.092 Y108.451 E.02921
G1 X120.884 Y107.514 E.0292
G1 X120.584 Y106.602 E.02919
G1 X120.194 Y105.726 E.02918
G1 X119.719 Y104.892 E.02917
G1 X119.163 Y104.111 E.02916
G1 X118.532 Y103.39 E.02915
G1 X117.832 Y102.735 E.02914
G1 X117.07 Y102.154 E.02913
G1 X116.255 Y101.653 E.02912
G1 X115.393 Y101.235 E.02912
G1 X114.494 Y100.906 E.02911
G1 X113.568 Y100.669 E.0291
G1 X112.622 Y100.526 E.02909
G1 X111.667 Y100.479 E.02908
G1 X110.712 Y100.527 E.02907
G1 X109.768 Y100.671 E.02906
G1 X108.843 Y100.909 E.02905
G1 X107.947 Y101.238 E.02904
G1 X107.088 Y101.656 E.02903
G1 X106.276 Y102.157 E.02902
G1 X105.519 Y102.738 E.02901
G1 X104.824 Y103.391 E.029
G1 X104.199 Y104.111 E.029
G1 X103.65 Y104.889 E.02899
G1 X103.181 Y105.719 E.02898
G1 X102.799 Y106.591 E.02897
G1 X102.506 Y107.497 E.02896
G1 X102.307 Y108.428 E.02895
G1 X102.202 Y109.374 E.02894
G1 X102.192 Y110.325 E.02893
G1 X102.279 Y111.272 E.02892
G1 X102.461 Y112.205 E.02891
G1 X102.736 Y113.115 E.0289
G1 X103.101 Y113.992 E.02889
G1 X103.552 Y114.827 E.02888
G1 X104.086 Y115.613 E.02887
G1 X104.695 Y116.34 E.02887
G1 X105.375 Y117.002 E.02886
G1 X106.118 Y117.591 E.02885
G1 X106.917 Y118.102 E.02884
G1 X107.763 Y118.53 E.02883
G1 X108.647 Y118.87 E.02882
G1 X109.561 Y119.118 E.02881
G1 X110.496 Y119.273 E.0288
G1 X111.44 Y119.332 E.02879
G1 X112.386 Y119.296 E.02878
G1 X113.323 Y119.163 E.02877
G1 X114.241 Y118.937 E.02876
G1 X115.131 Y118.619 E.02875
G1 X115.984 Y118.212 E.02874
G1 X116.791 Y117.721 E.02873
G1 X117.544 Y117.151 E.02872
G1 X118.235 Y116.507 E.02871
G1 X118.857 Y115.797 E.02871
G1 X119.403 Y115.028 E.0287
G1 X119.868 Y114.207 E.02869
G1 X120.248 Y113.344 E.02868
G1 X120.537 Y112.447 E.02867
G1 X120.733 Y111.525 E.02866
G1 X120.835 Y110.589 E.02865
G1 X120.841 Y109.647 E.02864
G1 X120.751 Y108.71 E.02863
G1 X120.566 Y107.787 E.02862
G1 X120.289 Y106.889 E.02861
G1 X119.921 Y106.023 E.0286
G1 X119.467 Y105.2 E.02859
G1 X118.931 Y104.428 E.02858
G1 X118.32 Y103.714 E.02857
G1 X117.64 Y103.067 E.02856
G1 X116.897 Y102.493 E.02855
G1 X116.1 Y101.998 E.02854
G1 X115.256 Y101.587 E.02853
G1 X114.375 Y101.264 E.02852
G1 X113.467 Y101.033 E.02852
G1 X112.539 Y100.897 E.02851
G1 X111.603 Y100.856 E.0285
G1 X110.668 Y100.911 E.02849
G1 X109.744 Y101.061 E.02848
G1 X108.84 Y101.305 E.02847
G1 X107.967 Y101.641 E.02846
G1 X107.133 Y102.063 E.02845
G1 X106.346 Y102.569 E.02844
G1 X105.616 Y103.153 E.02843
G1 X104.95 Y103.808 E.02842
G1 X104.355 Y104.528 E.02841
G1 X103.837 Y105.305 E.0284
G1 X103.401 Y106.131 E.02839
G1 X103.053 Y106.997 E.02838
G1 X102.796 Y107.893 E.02837
G1 X102.632 Y108.811 E.02836
G1 X102.564 Y109.741 E.02835
G1 X102.591 Y110.673 E.02834
G1 X102.714 Y111.596 E.02833
G1 X102.932 Y112.501 E.02832
G1 X103.241 Y113.38 E.02831
G1 X103.639 Y114.221 E.0283
G1 X104.122 Y115.016 E.02829
G1 X104.683 Y115.757 E.02828
G1 X105.318 Y116.437 E.02827
G1 X106.019 Y117.046 E.02826
G1 X106.78 Y117.581 E.02825
G1 X107.59 Y118.033 E.02825
G1 X108.443 Y118.4 E.02824
G1 X109.329 Y118.676 E.02823
G1 X110.239 Y118.859 E.02822
G1 X111.162 Y118.947 E.02821
G1 X112.089 Y118.94 E.0282
G1 X113.01 Y118.836 E.02819
G1 X113.915 Y118.638 E.02818
G1 X114.795 Y118.348 E.02817
G1 X115.639 Y117.968 E.02816
G1 X116.439 Y117.503 E.02815
G1 X117.186 Y116.957 E.02814
G1 X117.873 Y116.338 E.02813
G1 X118.491 Y115.651 E.02812
G1 X119.035 Y114.903 E.02811
G1 X119.498 Y114.104 E.0281
G1 X119.876 Y113.261 E.02809
G1 X120.163 Y112.384 E.02808
G1 X120.359 Y111.482 E.02807
G1 X120.459 Y110.565 E.02806
G1 X120.463 Y109.642 E.02805
G1 X120.372 Y108.725 E.02804
G1 X120.186 Y107.822 E.02803
G1 X119.907 Y106.944 E.02802
G1 X119.538 Y106.1 E.02801
G1 X119.084 Y105.3 E.028
G1 X118.549 Y104.551 E.02799
G1 X117.939 Y103.862 E.02798
G1 X117.261 Y103.241 E.02797
G1 X116.522 Y102.694 E.02796
G1 X115.73 Y102.227 E.02795
G1 X114.895 Y101.846 E.02794
G1 X114.024 Y101.554 E.02793
G1 X113.128 Y101.354 E.02792
G1 X112.216 Y101.25 E.02791
G1 X111.299 Y101.241 E.0279
G1 X110.386 Y101.327 E.02789
G1 X109.488 Y101.509 E.02788
G1 X108.613 Y101.784 E.02787
G1 X107.773 Y102.148 E.02786
G1 X106.976 Y102.599 E.02785
G1 X106.23 Y103.13 E.02784
G1 X105.545 Y103.736 E.02783
G1 X104.926 Y104.41 E.02782
G1 X104.383 Y105.145 E.02781
G1 X103.919 Y105.932 E.0278
G1 X103.54 Y106.764 E.02779
G1 X103.252 Y107.631 E.02778
G1 X103.055 Y108.522 E.02777
G1 X102.954 Y109.429 E.02776
G1 X102.948 Y110.342 E.02775
G1 X103.038 Y111.249 E.02774
G1 X103.223 Y112.142 E.02773
G1 X103.501 Y113.01 E.02772
G1 X103.868 Y113.844 E.02771
G1 X104.321 Y114.634 E.0277
G1 X104.854 Y115.372 E.02769
G1 X105.462 Y116.049 E.02768
G1 X106.138 Y116.658 E.02767
G1 X106.873 Y117.193 E.02766
G1 X107.661 Y117.647 E.02765
G1 X108.492 Y118.015 E.02764
G1 X109.356 Y118.293 E.02763
G1 X110.245 Y118.479 E.02762
G1 X111.148 Y118.569 E.02761
G1 X112.056 Y118.564 E.0276
G1 X112.957 Y118.463 E.02759
G1 X113.842 Y118.267 E.02758
G1 X114.702 Y117.979 E.02757
G1 X115.526 Y117.602 E.02756
G1 X116.304 Y117.139 E.02755
G1 X117.03 Y116.598 E.02753
G1 X117.693 Y115.982 E.02752
G1 X118.288 Y115.301 E.02751
G1 X118.807 Y114.56 E.0275
G1 X119.244 Y113.768 E.02749
G1 X119.595 Y112.936 E.02748
G1 X119.855 Y112.071 E.02747
G1 X120.022 Y111.183 E.02746
G1 X120.093 Y110.283 E.02745
G1 X120.069 Y109.381 E.02744
G1 X119.949 Y108.487 E.02743
G1 X119.735 Y107.612 E.02742
G1 X119.429 Y106.764 E.02741
G1 X119.035 Y105.954 E.0274
G1 X118.557 Y105.19 E.02739
G1 X118.001 Y104.483 E.02738
G1 X117.372 Y103.838 E.02737
G1 X116.679 Y103.265 E.02736
G1 X115.929 Y102.769 E.02735
G1 X115.131 Y102.355 E.02734
G1 X114.294 Y102.03 E.02733
G1 X113.427 Y101.795 E.02732
G1 X112.54 Y101.655 E.02731
G1 X111.643 Y101.61 E.0273
G1 X110.748 Y101.661 E.02729
G1 X109.863 Y101.807 E.02728
G1 X108.999 Y102.047 E.02727
G1 X108.166 Y102.378 E.02726
G1 X107.374 Y102.796 E.02724
G1 X106.631 Y103.296 E.02723
G1 X105.946 Y103.873 E.02722
G1 X105.327 Y104.519 E.02721
G1 X104.782 Y105.227 E.0272
G1 X104.315 Y105.99 E.02719
G1 X103.933 Y106.798 E.02718
G1 X103.64 Y107.642 E.02717
G1 X103.44 Y108.512 E.02716
G1 X103.333 Y109.399 E.02715
G1 X103.323 Y110.291 E.02714
G1 X103.409 Y111.179 E.02713
G1 X103.589 Y112.052 E.02712
G1 X103.862 Y112.9 E.02711
G1 X104.225 Y113.714 E.0271
G1 X104.673 Y114.484 E.02709
G1 X105.201 Y115.201 E.02708
G1 X105.803 Y115.856 E.02707
G1 X106.472 Y116.443 E.02705
G1 X107.199 Y116.954 E.02704
G1 X107.978 Y117.383 E.02703
G1 X108.797 Y117.726 E.02702
G1 X109.649 Y117.978 E.02701
G1 X110.523 Y118.137 E.027
G1 X111.408 Y118.2 E.02699
G1 X112.294 Y118.168 E.02698
G1 X113.172 Y118.04 E.02697
G1 X114.03 Y117.818 E.02696
G1 X114.859 Y117.505 E.02695
G1 X115.648 Y117.104 E.02694
G1 X116.39 Y116.62 E.02693
G1 X117.074 Y116.059 E.02692
G1 X117.693 Y115.427 E.02691
G1 X118.24 Y114.732 E.02689
G1 X118.709 Y113.982 E.02688
G1 X119.093 Y113.187 E.02687
G1 X119.388 Y112.354 E.02686
G1 X119.591 Y111.495 E.02685
G1 X119.7 Y110.619 E.02684
G1 X119.713 Y109.737 E.02683
G1 X119.63 Y108.859 E.02682
G1 X119.452 Y107.996 E.02681
G1 X119.181 Y107.158 E.0268
G1 X118.821 Y106.354 E.02679
G1 X118.376 Y105.594 E.02678
G1 X117.851 Y104.888 E.02676
G1 X117.252 Y104.243 E.02675
G1 X116.587 Y103.668 E.02674
G1 X115.864 Y103.169 E.02673
G1 X115.091 Y102.752 E.02672
G1 X114.277 Y102.422 E.02671
G1 X113.432 Y102.183 E.0267
G1 X112.567 Y102.037 E.02669
G1 X111.691 Y101.987 E.02668
G1 X110.816 Y102.033 E.02667
G1 X109.951 Y102.174 E.02666
G1 X109.107 Y102.409 E.02664
G1 X108.294 Y102.735 E.02663
G1 X107.522 Y103.147 E.02662
G1 X106.8 Y103.642 E.02661
G1 X106.137 Y104.212 E.0266
G1 X105.54 Y104.851 E.02659
G1 X105.018 Y105.552 E.02658
G1 X104.575 Y106.305 E.02657
G1 X104.218 Y107.102 E.02656
G1 X103.951 Y107.933 E.02655
G1 X103.777 Y108.788 E.02653
G1 X103.698 Y109.656 E.02652
G1 X103.715 Y110.528 E.02651
G1 X103.827 Y111.392 E.0265
G1 X104.034 Y112.238 E.02649
G1 X104.332 Y113.056 E.02648
G1 X104.719 Y113.835 E.02647
G1 X105.189 Y114.568 E.02646
G1 X105.736 Y115.243 E.02645
G1 X106.354 Y115.854 E.02643
G1 X107.036 Y116.393 E.02642
G1 X107.772 Y116.853 E.02641
G1 X108.555 Y117.229 E.0264
G1 X109.374 Y117.516 E.02639
G1 X110.219 Y117.71 E.02638
G1 X111.08 Y117.81 E.02637
G1 X111.947 Y117.815 E.02636
G1 X112.808 Y117.723 E.02635
G1 X113.654 Y117.537 E.02633
G1 X114.473 Y117.258 E.02632
G1 X115.256 Y116.891 E.02631
G1 X115.994 Y116.439 E.0263
G1 X116.676 Y115.908 E.02629
G1 X117.295 Y115.306 E.02628
G1 X117.844 Y114.638 E.02627
G1 X118.314 Y113.915 E.02626
G1 X118.701 Y113.143 E.02624
G1 X119 Y112.334 E.02623
G1 X119.207 Y111.498 E.02622
G1 X119.32 Y110.643 E.02621
G1 X119.337 Y109.782 E.0262
G1 X119.258 Y108.924 E.02619
G1 X119.084 Y108.082 E.02618
G1 X118.818 Y107.264 E.02616
G1 X118.462 Y106.481 E.02615
G1 X118.022 Y105.743 E.02614
G1 X117.502 Y105.059 E.02613
G1 X116.909 Y104.437 E.02612
G1 X116.251 Y103.886 E.02611
G1 X115.536 Y103.412 E.0261
G1 X114.772 Y103.021 E.02609
G1 X113.97 Y102.718 E.02607
G1 X113.14 Y102.506 E.02606
G1 X112.291 Y102.389 E.02605
G1 X111.436 Y102.368 E.02604
G1 X110.583 Y102.442 E.02603
G1 X109.745 Y102.611 E.02602
G1 X108.931 Y102.873 E.026
G1 X108.152 Y103.225 E.02599
G1 X107.417 Y103.661 E.02598
G1 X106.737 Y104.177 E.02597
G1 X106.119 Y104.766 E.02596
G1 X105.571 Y105.42 E.02595
G1 X105.101 Y106.131 E.02594
G1 X104.713 Y106.891 E.02592
G1 X104.414 Y107.688 E.02591
G1 X104.206 Y108.514 E.0259
G1 X104.092 Y109.358 E.02589
G1 X104.075 Y110.208 E.02588
G1 X104.153 Y111.055 E.02587
G1 X104.326 Y111.887 E.02585
G1 X104.592 Y112.695 E.02584
G1 X104.946 Y113.466 E.02583
G1 X105.386 Y114.193 E.02582
G1 X105.904 Y114.864 E.02581
G1 X106.495 Y115.473 E.0258
G1 X107.15 Y116.011 E.02578
G1 X107.862 Y116.471 E.02577
G1 X108.621 Y116.847 E.02576
G1 X109.417 Y117.135 E.02575
G1 X110.24 Y117.331 E.02574
G1 X111.08 Y117.433 E.02573
G1 X111.925 Y117.438 E.02571
G1 X112.766 Y117.348 E.0257
G1 X113.59 Y117.163 E.02569
G1 X114.387 Y116.886 E.02568
G1 X115.148 Y116.52 E.02567
G1 X115.862 Y116.071 E.02565
G1 X116.52 Y115.543 E.02564
G1 X117.113 Y114.945 E.02563
G1 X117.634 Y114.283 E.02562
G1 X118.076 Y113.567 E.02561
G1 X118.434 Y112.805 E.0256
G1 X118.703 Y112.008 E.02558
G1 X118.878 Y111.186 E.02557
G1 X118.959 Y110.349 E.02556
G1 X118.944 Y109.509 E.02555
G1 X118.834 Y108.677 E.02554
G1 X118.629 Y107.863 E.02552
G1 X118.333 Y107.078 E.02551
G1 X117.949 Y106.333 E.0255
G1 X117.482 Y105.636 E.02549
G1 X116.94 Y104.998 E.02548
G1 X116.328 Y104.427 E.02546
G1 X115.655 Y103.929 E.02545
G1 X114.93 Y103.512 E.02544
G1 X114.162 Y103.181 E.02543
G1 X113.362 Y102.94 E.02542
G1 X112.54 Y102.793 E.0254
G1 X111.706 Y102.741 E.02539
G1 X110.873 Y102.785 E.02538
G1 X110.051 Y102.924 E.02537
G1 X109.25 Y103.157 E.02536
G1 X108.482 Y103.48 E.02534
G1 X107.757 Y103.89 E.02533
G1 X107.083 Y104.379 E.02532
G1 X106.471 Y104.943 E.02531
G1 X105.928 Y105.573 E.0253
G1 X105.462 Y106.261 E.02528
G1 X105.078 Y106.998 E.02527
G1 X104.782 Y107.774 E.02526
G1 X104.577 Y108.578 E.02525
G1 X104.467 Y109.401 E.02523
G1 X104.453 Y110.23 E.02522
G1 X104.534 Y111.055 E.02521
G1 X104.71 Y111.864 E.0252
G1 X104.979 Y112.648 E.02519
G1 X105.336 Y113.394 E.02517
G1 X105.777 Y114.094 E.02516
G1 X106.296 Y114.738 E.02515
G1 X106.886 Y115.317 E.02514
G1 X107.538 Y115.824 E.02512
G1 X108.245 Y116.251 E.02511
G1 X108.996 Y116.593 E.0251
G1 X109.781 Y116.845 E.02509
G1 X110.59 Y117.005 E.02507
G1 X111.412 Y117.069 E.02506
G1 X112.235 Y117.037 E.02505
G1 X113.048 Y116.91 E.02504
G1 X113.841 Y116.689 E.02503
G1 X114.602 Y116.378 E.02501
G1 X115.321 Y115.98 E.025
G1 X115.989 Y115.501 E.02499
G1 X116.596 Y114.948 E.02498
G1 X117.134 Y114.328 E.02496
G1 X117.595 Y113.65 E.02495
G1 X117.974 Y112.923 E.02494
G1 X118.266 Y112.157 E.02493
G1 X118.465 Y111.362 E.02491
G1 X118.571 Y110.55 E.0249
G1 X118.58 Y109.732 E.02489
G1 X118.494 Y108.919 E.02488
G1 X118.313 Y108.122 E.02486
G1 X118.04 Y107.352 E.02485
G1 X117.679 Y106.619 E.02484
G1 X117.234 Y105.935 E.02482
G1 X116.713 Y105.307 E.02481
G1 X116.121 Y104.746 E.0248
G1 X115.469 Y104.258 E.02479
G1 X114.763 Y103.85 E.02477
G1 X114.015 Y103.529 E.02476
G1 X113.235 Y103.298 E.02475
G1 X112.433 Y103.16 E.02474
G1 X111.622 Y103.118 E.02472
G1 X110.811 Y103.172 E.02471
G1 X110.013 Y103.321 E.0247
G1 X109.238 Y103.563 E.02469
G1 X108.498 Y103.895 E.02467
G1 X107.802 Y104.312 E.02466
G1 X107.161 Y104.807 E.02465
G1 X106.583 Y105.375 E.02463
G1 X106.077 Y106.007 E.02462
G1 X105.649 Y106.694 E.02461
G1 X105.306 Y107.426 E.0246
G1 X105.052 Y108.193 E.02458
G1 X104.892 Y108.985 E.02457
G1 X104.826 Y109.79 E.02456
G1 X104.856 Y110.596 E.02454
G1 X104.981 Y111.393 E.02453
G1 X105.201 Y112.169 E.02452
G1 X105.51 Y112.912 E.0245
G1 X105.906 Y113.614 E.02449
G1 X106.382 Y114.262 E.02448
G1 X106.932 Y114.85 E.02447
G1 X107.548 Y115.367 E.02445
G1 X108.22 Y115.807 E.02444
G1 X108.94 Y116.164 E.02443
G1 X109.697 Y116.431 E.02441
G1 X110.479 Y116.607 E.0244
G1 X111.277 Y116.688 E.02439
G1 X112.079 Y116.673 E.02437
G1 X112.872 Y116.562 E.02436
G1 X113.646 Y116.357 E.02435
G1 X114.389 Y116.061 E.02434
G1 X115.092 Y115.679 E.02432
G1 X115.743 Y115.215 E.02431
G1 X116.333 Y114.677 E.0243
G1 X116.854 Y114.072 E.02428
G1 X117.299 Y113.41 E.02427
G1 X117.661 Y112.699 E.02426
G1 X117.935 Y111.95 E.02424
G1 X118.116 Y111.175 E.02423
G1 X118.203 Y110.383 E.02422
G1 X118.194 Y109.587 E.0242
G1 X118.089 Y108.799 E.02419
G1 X117.89 Y108.029 E.02418
G1 X117.6 Y107.29 E.02416
G1 X117.223 Y106.591 E.02415
G1 X116.765 Y105.943 E.02414
G1 X116.232 Y105.355 E.02412
G1 X115.633 Y104.837 E.02411
G1 X114.975 Y104.395 E.0241
G1 X114.269 Y104.036 E.02408
G1 X113.526 Y103.765 E.02407
G1 X112.755 Y103.586 E.02406
G1 X111.969 Y103.502 E.02404
G1 X111.179 Y103.514 E.02403
G1 X110.397 Y103.621 E.02402
G1 X109.634 Y103.823 E.024
G1 X108.901 Y104.115 E.02399
G1 X108.21 Y104.495 E.02398
G1 X107.571 Y104.955 E.02396
G1 X106.992 Y105.489 E.02395
G1 X106.483 Y106.089 E.02393
G1 X106.052 Y106.747 E.02392
G1 X105.703 Y107.451 E.02391
G1 X105.444 Y108.193 E.02389
G1 X105.276 Y108.96 E.02388
G1 X105.204 Y109.741 E.02387
G1 X105.228 Y110.525 E.02385
G1 X105.347 Y111.3 E.02384
G1 X105.56 Y112.054 E.02383
G1 X105.863 Y112.776 E.02381
G1 X106.253 Y113.454 E.0238
G1 X106.722 Y114.08 E.02378
G1 X107.264 Y114.643 E.02377
G1 X107.87 Y115.135 E.02376
G1 X108.532 Y115.549 E.02374
G1 X109.24 Y115.879 E.02373
G1 X109.982 Y116.118 E.02372
G1 X110.747 Y116.265 E.0237
G1 X111.524 Y116.316 E.02369
G1 X112.301 Y116.272 E.02367
G1 X113.066 Y116.132 E.02366
G1 X113.808 Y115.899 E.02365
G1 X114.515 Y115.577 E.02363
G1 X115.177 Y115.17 E.02362
G1 X115.783 Y114.685 E.0236
G1 X116.324 Y114.129 E.02359
G1 X116.792 Y113.511 E.02358
G1 X117.179 Y112.84 E.02356
G1 X117.481 Y112.127 E.02355
G1 X117.692 Y111.383 E.02353
G1 X117.809 Y110.618 E.02352
G1 X117.83 Y109.846 E.02351
G1 X117.756 Y109.077 E.02349
G1 X117.586 Y108.324 E.02348
G1 X117.325 Y107.598 E.02346
G1 X116.976 Y106.91 E.02345
G1 X116.544 Y106.272 E.02344
G1 X116.037 Y105.693 E.02342
G1 X115.462 Y105.181 E.02341
G1 X114.828 Y104.746 E.02339
G1 X114.145 Y104.393 E.02338
G1 X113.424 Y104.128 E.02336
G1 X112.676 Y103.955 E.02335
G1 X111.913 Y103.877 E.02334
G1 X111.146 Y103.895 E.02332
G1 X110.388 Y104.008 E.02331
G1 X109.651 Y104.215 E.02329
G1 X108.946 Y104.513 E.02328
G1 X108.284 Y104.896 E.02326
G1 X107.675 Y105.359 E.02325
G1 X107.13 Y105.895 E.02324
G1 X106.657 Y106.494 E.02322
G1 X106.262 Y107.147 E.02321
G1 X105.953 Y107.844 E.02319
G1 X105.735 Y108.574 E.02318
G1 X105.61 Y109.325 E.02316
G1 X105.58 Y110.086 E.02315
G1 X105.646 Y110.844 E.02313
G1 X105.807 Y111.587 E.02312
G1 X106.061 Y112.303 E.02311
G1 X106.402 Y112.981 E.02309
G1 X106.826 Y113.61 E.02308
G1 X107.326 Y114.18 E.02306
G1 X107.893 Y114.683 E.02305
G1 X108.519 Y115.109 E.02303
G1 X109.194 Y115.452 E.02302
G1 X109.906 Y115.707 E.023
G1 X110.644 Y115.87 E.02299
G1 X111.396 Y115.937 E.02297
G1 X112.151 Y115.909 E.02296
G1 X112.895 Y115.785 E.02294
G1 X113.617 Y115.568 E.02293
G1 X114.305 Y115.261 E.02291
G1 X114.948 Y114.87 E.0229
G1 X115.536 Y114.4 E.02288
G1 X116.058 Y113.859 E.02287
G1 X116.507 Y113.257 E.02285
G1 X116.876 Y112.602 E.02284
G1 X117.158 Y111.907 E.02282
G1 X117.348 Y111.181 E.02281
G1 X117.445 Y110.438 E.02279
G1 X117.445 Y109.689 E.02278
G1 X117.35 Y108.947 E.02277
G1 X117.16 Y108.223 E.02275
G1 X116.88 Y107.53 E.02273
G1 X116.513 Y106.879 E.02272
G1 X116.066 Y106.281 E.0227
G1 X115.547 Y105.746 E.02269
G1 X114.963 Y105.282 E.02267
G1 X114.325 Y104.897 E.02266
G1 X113.644 Y104.597 E.02264
G1 X112.93 Y104.388 E.02263
G1 X112.195 Y104.273 E.02261
G1 X111.452 Y104.253 E.0226
G1 X110.714 Y104.33 E.02258
G1 X109.992 Y104.5 E.02257
G1 X109.298 Y104.763 E.02255
G1 X108.645 Y105.112 E.02254
G1 X108.042 Y105.543 E.02252
G1 X107.501 Y106.048 E.02251
G1 X107.03 Y106.618 E.02249
G1 X106.638 Y107.244 E.02248
G1 X106.329 Y107.915 E.02246
G1 X106.111 Y108.62 E.02245
G1 X105.986 Y109.347 E.02243
G1 X105.957 Y110.084 E.02241
G1 X106.024 Y110.817 E.0224
G1 X106.185 Y111.535 E.02238
G1 X106.438 Y112.226 E.02237
G1 X106.779 Y112.877 E.02235
G1 X107.202 Y113.477 E.02234
G1 X107.699 Y114.018 E.02232
G1 X108.261 Y114.488 E.02231
G1 X108.88 Y114.88 E.02229
G1 X109.545 Y115.188 E.02227
G1 X110.243 Y115.406 E.02226
G1 X110.964 Y115.531 E.02224
G1 X111.694 Y115.56 E.02223
G1 X112.422 Y115.494 E.02221
G1 X113.133 Y115.332 E.0222
G1 X113.817 Y115.079 E.02218
G1 X114.461 Y114.739 E.02216
G1 X115.055 Y114.316 E.02215
G1 X115.587 Y113.82 E.02213
G1 X116.049 Y113.259 E.02212
G1 X116.433 Y112.642 E.0221
G1 X116.732 Y111.98 E.02208
G1 X116.941 Y111.285 E.02207
G1 X117.056 Y110.569 E.02205
G1 X117.075 Y109.845 E.02204
G1 X116.999 Y109.125 E.02202
G1 X116.828 Y108.422 E.022
G1 X116.566 Y107.748 E.02199
G1 X116.217 Y107.116 E.02197
G1 X115.788 Y106.535 E.02196
G1 X115.285 Y106.018 E.02194
G1 X114.719 Y105.571 E.02192
G1 X114.099 Y105.205 E.02191
G1 X113.436 Y104.924 E.02189
G1 X112.743 Y104.734 E.02188
G1 X112.03 Y104.638 E.02186
G1 X111.312 Y104.638 E.02184
G1 X110.601 Y104.734 E.02183
G1 X109.909 Y104.924 E.02181
G1 X109.25 Y105.204 E.02179
G1 X108.634 Y105.57 E.02178
G1 X108.074 Y106.014 E.02176
G1 X107.578 Y106.529 E.02174
G1 X107.156 Y107.105 E.02173
G1 X106.815 Y107.733 E.02171
G1 X106.562 Y108.4 E.02169
G1 X106.4 Y109.094 E.02168
G1 X106.334 Y109.803 E.02166
G1 X106.364 Y110.514 E.02165
G1 X106.489 Y111.214 E.02163
G1 X106.706 Y111.891 E.02161
G1 X107.013 Y112.531 E.0216
G1 X107.403 Y113.124 E.02158
G1 X107.87 Y113.658 E.02156
G1 X108.403 Y114.123 E.02154
G1 X108.995 Y114.512 E.02153
G1 X109.633 Y114.818 E.02151
G1 X110.306 Y115.033 E.02149
G1 X111.001 Y115.156 E.02148
G1 X111.706 Y115.183 E.02146
G1 X112.408 Y115.114 E.02144
G1 X113.093 Y114.95 E.02143
G1 X113.75 Y114.695 E.02141
G1 X114.364 Y114.354 E.02139
G1 X114.927 Y113.932 E.02138
G1 X115.426 Y113.438 E.02136
G1 X115.852 Y112.881 E.02134
G1 X116.198 Y112.271 E.02132
G1 X116.458 Y111.62 E.02131
G1 X116.626 Y110.941 E.02129
G1 X116.699 Y110.245 E.02127
G1 X116.677 Y109.547 E.02126
G1 X116.559 Y108.858 E.02124
G1 X116.347 Y108.193 E.02122
G1 X116.047 Y107.564 E.0212
G1 X115.664 Y106.982 E.02119
G1 X115.204 Y106.46 E.02117
G1 X114.678 Y106.005 E.02115
G1 X114.094 Y105.628 E.02113
G1 X113.464 Y105.335 E.02112
G1 X112.801 Y105.132 E.0211
G1 X112.116 Y105.023 E.02108
G1 X111.424 Y105.009 E.02107
G1 X110.737 Y105.092 E.02105
G1 X110.068 Y105.268 E.02103
G1 X109.431 Y105.535 E.02101
G1 X108.837 Y105.888 E.02099
G1 X108.299 Y106.319 E.02098
G1 X107.826 Y106.82 E.02096
G1 X107.428 Y107.382 E.02094
G1 X107.112 Y107.993 E.02092
G1 X106.884 Y108.641 E.02091
G1 X106.749 Y109.315 E.02089
G1 X106.71 Y110 E.02087
G1 X106.766 Y110.683 E.02085
G1 X106.917 Y111.351 E.02083
G1 X107.16 Y111.991 E.02082
G1 X107.49 Y112.59 E.0208
G1 X107.9 Y113.137 E.02078
G1 X108.382 Y113.62 E.02076
G1 X108.927 Y114.031 E.02074
G1 X109.523 Y114.36 E.02073
G1 X110.16 Y114.602 E.02071
G1 X110.823 Y114.753 E.02069
G1 X111.501 Y114.808 E.02067
G1 X112.178 Y114.767 E.02065
G1 X112.843 Y114.631 E.02064
G1 X113.482 Y114.403 E.02062
G1 X114.081 Y114.087 E.0206
G1 X114.629 Y113.69 E.02058
G1 X115.115 Y113.22 E.02056
G1 X115.529 Y112.686 E.02054
G1 X115.862 Y112.1 E.02053
G1 X116.109 Y111.472 E.02051
G1 X116.264 Y110.817 E.02049
G1 X116.325 Y110.147 E.02047
G1 X116.289 Y109.475 E.02045
G1 X116.158 Y108.816 E.02043
G1 X115.935 Y108.183 E.02041
G1 X115.624 Y107.589 E.0204
G1 X115.232 Y107.046 E.02038
G1 X114.766 Y106.565 E.02036
G1 X114.237 Y106.156 E.02034
G1 X113.656 Y105.827 E.02032
G1 X113.033 Y105.585 E.0203
G1 X112.384 Y105.436 E.02028
G1 X111.72 Y105.381 E.02026
G1 X111.055 Y105.422 E.02024
G1 X110.404 Y105.558 E.02023
G1 X109.78 Y105.786 E.02021
G1 X109.196 Y106.102 E.02019
G1 X108.665 Y106.498 E.02017
G1 X108.196 Y106.966 E.02015
G1 X107.8 Y107.497 E.02013
G1 X107.486 Y108.079 E.02011
G1 X107.26 Y108.699 E.02009
G1 X107.126 Y109.345 E.02007
G1 X107.087 Y110.004 E.02005
G1 X107.144 Y110.66 E.02003
G1 X107.296 Y111.3 E.02001
G1 X107.539 Y111.911 E.01999
G1 X107.868 Y112.479 E.01998
G1 X108.277 Y112.993 E.01996
G1 X108.755 Y113.441 E.01994
G1 X109.293 Y113.814 E.01992
G1 X109.88 Y114.104 E.0199
G1 X110.502 Y114.305 E.01988
G1 X111.146 Y114.412 E.01986
G1 X111.798 Y114.424 E.01984
G1 X112.444 Y114.34 E.01982
G1 X113.07 Y114.162 E.0198
G1 X113.663 Y113.895 E.01978
G1 X114.209 Y113.543 E.01976
G1 X114.697 Y113.115 E.01974
G1 X115.116 Y112.62 E.01972
G1 X115.456 Y112.069 E.0197
G1 X115.712 Y111.475 E.01968
G1 X115.876 Y110.849 E.01966
G1 X115.946 Y110.207 E.01964
G1 X115.92 Y109.563 E.01962
G1 X115.799 Y108.93 E.0196
G1 X115.585 Y108.323 E.01958
G1 X115.283 Y107.755 E.01956
G1 X114.901 Y107.239 E.01954
G1 X114.446 Y106.786 E.01952
G1 X113.93 Y106.406 E.0195
G1 X113.363 Y106.108 E.01948
G1 X112.759 Y105.899 E.01945
G1 X112.13 Y105.782 E.01943
G1 X111.492 Y105.761 E.01941
G1 X110.859 Y105.836 E.01939
G1 X110.245 Y106.005 E.01937
G1 X109.664 Y106.264 E.01935
G1 X109.129 Y106.607 E.01933
G1 X108.652 Y107.027 E.01931
G1 X108.245 Y107.513 E.01929
G1 X107.916 Y108.054 E.01927
G1 X107.673 Y108.638 E.01925
G1 X107.521 Y109.252 E.01923
G1 X107.464 Y109.881 E.01921
G1 X107.503 Y110.51 E.01918
G1 X107.637 Y111.126 E.01916
G1 X107.863 Y111.714 E.01914
G1 X108.175 Y112.259 E.01912
G1 X108.566 Y112.751 E.0191
G1 X109.027 Y113.176 E.01908
G1 X109.547 Y113.525 E.01906
G1 X110.114 Y113.791 E.01903
G1 X110.714 Y113.967 E.01901
G1 X111.333 Y114.048 E.01899
G1 X111.957 Y114.034 E.01897
G1 X112.57 Y113.924 E.01895
G1 X113.158 Y113.721 E.01893
G1 X113.708 Y113.431 E.01891
G1 X114.206 Y113.06 E.01888
G1 X114.64 Y112.617 E.01886
G1 X115 Y112.113 E.01884
G1 X115.277 Y111.56 E.01882
G1 X115.465 Y110.971 E.0188
G1 X115.56 Y110.361 E.01877
G1 X115.559 Y109.745 E.01875
G1 X115.462 Y109.137 E.01873
G1 X115.272 Y108.552 E.01871
G1 X114.994 Y108.004 E.01868
G1 X114.634 Y107.507 E.01866
G1 X114.202 Y107.073 E.01864
G1 X113.707 Y106.712 E.01862
G1 X113.163 Y106.433 E.0186
G1 X112.582 Y106.243 E.01857
G1 X111.98 Y106.147 E.01855
G1 X111.371 Y106.146 E.01853
G1 X110.77 Y106.241 E.0185
G1 X110.192 Y106.429 E.01848
G1 X109.652 Y106.706 E.01846
G1 X109.163 Y107.064 E.01844
G1 X108.737 Y107.494 E.01841
G1 X108.384 Y107.986 E.01839
G1 X108.115 Y108.526 E.01837
G1 X107.935 Y109.102 E.01834
G1 X107.848 Y109.698 E.01832
G1 X107.858 Y110.299 E.0183
G1 X107.963 Y110.891 E.01827
G1 X108.16 Y111.458 E.01825
G1 X108.445 Y111.985 E.01823
G1 X108.81 Y112.459 E.0182
G1 X109.246 Y112.868 E.01818
G1 X109.741 Y113.202 E.01816
G1 X110.283 Y113.452 E.01813
G1 X110.857 Y113.611 E.01811
G1 X111.448 Y113.676 E.01809
G1 X112.041 Y113.644 E.01806
G1 X112.62 Y113.518 E.01804
G1 X113.171 Y113.3 E.01801
G1 X113.679 Y112.996 E.01799
G1 X114.13 Y112.615 E.01797
G1 X114.513 Y112.166 E.01794
G1 X114.817 Y111.662 E.01792
G1 X115.036 Y111.116 E.01789
G1 X115.162 Y110.542 E.01787
G1 X115.193 Y109.956 E.01785
G1 X115.128 Y109.373 E.01782
G1 X114.969 Y108.81 E.0178
G1 X114.72 Y108.282 E.01777
G1 X114.389 Y107.801 E.01775
G1 X113.984 Y107.383 E.01772
G1 X113.516 Y107.037 E.0177
G1 X112.998 Y106.773 E.01767
G1 X112.445 Y106.598 E.01765
G1 X111.871 Y106.517 E.01762
G1 X111.292 Y106.532 E.0176
G1 X110.725 Y106.643 E.01757
G1 X110.185 Y106.845 E.01755
G1 X109.687 Y107.134 E.01752
G1 X109.244 Y107.501 E.0175
G1 X108.869 Y107.937 E.01747
G1 X108.572 Y108.427 E.01745
G1 X108.362 Y108.96 E.01742
G1 X108.244 Y109.52 E.01739
G1 X108.221 Y110.09 E.01737
G1 X108.294 Y110.656 E.01734
G1 X108.461 Y111.2 E.01732
G1 X108.716 Y111.708 E.01729
G1 X109.053 Y112.165 E.01726
G1 X109.462 Y112.558 E.01724
G1 X109.93 Y112.876 E.01721
G1 X110.445 Y113.109 E.01719
G1 X110.991 Y113.252 E.01716
G1 X111.552 Y113.3 E.01713
G1 X112.112 Y113.252 E.01711
G1 X112.656 Y113.11 E.01708
G1 X113.166 Y112.877 E.01705
G1 X113.628 Y112.561 E.01703
G1 X114.029 Y112.171 E.017
G1 X114.356 Y111.72 E.01697
G1 X114.601 Y111.219 E.01695
G1 X114.756 Y110.685 E.01692
G1 X114.817 Y110.133 E.01689
G1 X114.781 Y109.579 E.01686
G1 X114.651 Y109.041 E.01684
G1 X114.43 Y108.535 E.01681
G1 X114.125 Y108.075 E.01678
G1 X113.746 Y107.675 E.01675
G1 X113.303 Y107.349 E.01673
G1 X112.812 Y107.104 E.0167
G1 X112.286 Y106.95 E.01667
G1 X111.742 Y106.889 E.01664
G1 X111.197 Y106.925 E.01661
G1 X110.667 Y107.055 E.01659
G1 X110.17 Y107.277 E.01656
G1 X109.72 Y107.581 E.01653
G1 X109.331 Y107.959 E.0165
G1 X109.015 Y108.4 E.01647
G1 X108.783 Y108.888 E.01644
G1 X108.642 Y109.409 E.01641
G1 X108.595 Y109.946 E.01639
G1 X108.643 Y110.481 E.01636
G1 X108.787 Y110.999 E.01633
G1 X109.02 Y111.481 E.0163
G1 X109.334 Y111.914 E.01627
G1 X109.721 Y112.282 E.01624
G1 X110.166 Y112.575 E.01621
G1 X110.656 Y112.783 E.01618
G1 X111.174 Y112.899 E.01615
G1 X111.704 Y112.919 E.01612
G1 X112.227 Y112.844 E.01609
G1 X112.728 Y112.675 E.01606
G1 X113.189 Y112.419 E.01603
G1 X113.594 Y112.084 E.016
G1 X113.932 Y111.682 E.01597
G1 X114.19 Y111.226 E.01594
G1 X114.36 Y110.731 E.01591
G1 X114.436 Y110.215 E.01588
G1 X114.417 Y109.694 E.01585
G1 X114.302 Y109.187 E.01582
G1 X114.096 Y108.71 E.01578
G1 X113.807 Y108.281 E.01575
G1 X113.444 Y107.913 E.01572
G1 X113.02 Y107.619 E.01569
G1 X112.549 Y107.41 E.01566
G1 X112.049 Y107.292 E.01563
G1 X111.537 Y107.269 E.01559
G1 X111.031 Y107.342 E.01556
G1 X110.548 Y107.508 E.01553
G1 X110.105 Y107.761 E.0155
G1 X109.72 Y108.092 E.01547
G1 X109.403 Y108.489 E.01543
G1 X109.168 Y108.938 E.0154
G1 X109.023 Y109.422 E.01537
G1 X108.972 Y109.923 E.01533
G1 X109.016 Y110.424 E.0153
G1 X109.155 Y110.907 E.01527
G1 X109.383 Y111.353 E.01523
G1 X109.692 Y111.746 E.0152
G1 X110.069 Y112.072 E.01517
G1 X110.501 Y112.32 E.01513
G1 X110.971 Y112.479 E.0151
G1 X111.462 Y112.544 E.01507
G1 X111.955 Y112.514 E.01503
G1 X112.432 Y112.388 E.015
G1 X112.875 Y112.173 E.01496
G1 X113.266 Y111.877 E.01493
G1 X113.591 Y111.511 E.01489
G1 X113.838 Y111.09 E.01486
G1 X113.997 Y110.629 E.01482
G1 X114.062 Y110.147 E.01479
G1 X114.031 Y109.663 E.01475
G1 X113.906 Y109.196 E.01471
G1 X113.691 Y108.764 E.01468
G1 X113.395 Y108.384 E.01464
G1 X113.031 Y108.071 E.01461
G1 X112.612 Y107.838 E.01457
G1 X112.157 Y107.693 E.01453
G1 X111.683 Y107.643 E.0145
G1 X111.21 Y107.688 E.01446
G1 X110.757 Y107.828 E.01442
G1 X110.342 Y108.056 E.01438
G1 X109.983 Y108.362 E.01435
G1 X109.695 Y108.733 E.01431
G1 X109.489 Y109.155 E.01427
G1 X109.373 Y109.608 E.01423
G1 X109.352 Y110.074 E.01419
G1 X109.428 Y110.534 E.01415
G1 X109.596 Y110.966 E.01412
G1 X109.848 Y111.354 E.01408
G1 X110.175 Y111.68 E.01404
G1 X110.561 Y111.931 E.014
G1 X110.989 Y112.095 E.01396
G1 X111.441 Y112.166 E.01392
G1 X111.897 Y112.141 E.01388
G1 X112.336 Y112.022 E.01384
G1 X112.739 Y111.813 E.0138
G1 X113.087 Y111.525 E.01375
G1 X113.366 Y111.171 E.01371
G1 X113.563 Y110.767 E.01367
G1 X113.669 Y110.331 E.01363
G1 X113.679 Y109.884 E.01359
G1 X113.594 Y109.447 E.01355
G1 X113.417 Y109.04 E.0135
G1 X113.157 Y108.682 E.01346
G1 X112.827 Y108.389 E.01342
G1 X112.443 Y108.175 E.01337
G1 X112.023 Y108.051 E.01333
G1 X111.587 Y108.021 E.01329
G1 X111.157 Y108.088 E.01324
G1 X110.753 Y108.247 E.0132
G1 X110.395 Y108.49 E.01315
G1 X110.102 Y108.805 E.01311
G1 X109.886 Y109.177 E.01306
G1 X109.759 Y109.586 E.01302
G1 X109.727 Y110.011 E.01297
G1 X109.791 Y110.431 E.01292
G1 X109.947 Y110.824 E.01288
G1 X110.187 Y111.171 E.01283
G1 X110.499 Y111.453 E.01278
G1 X110.865 Y111.656 E.01273
G1 X111.266 Y111.769 E.01269
G1 X111.682 Y111.787 E.01264
G1 X112.088 Y111.71 E.01259
G1 X112.464 Y111.541 E.01254
G1 X112.79 Y111.29 E.01249
G1 X113.046 Y110.972 E.01244
G1 X113.221 Y110.603 E.01239
G1 X113.303 Y110.206 E.01234
G1 X113.29 Y109.802 E.01229
G1 X113.182 Y109.415 E.01224
G1 X112.985 Y109.066 E.01218
G1 X112.712 Y108.775 E.01213
G1 X112.379 Y108.559 E.01208
G1 X112.005 Y108.431 E.01202
G1 X111.613 Y108.397 E.01197
G1 X111.226 Y108.46 E.01192
G1 X110.868 Y108.614 E.01186
G1 X110.56 Y108.851 E.0118
G1 X110.321 Y109.154 E.01175
G1 X110.166 Y109.506 E.01169
G1 X110.103 Y109.883 E.01163
G1 X110.137 Y110.262 E.01158
G1 X110.265 Y110.619 E.01152
G1 X110.477 Y110.93 E.01146
G1 X110.76 Y111.176 E.0114
G1 X111.095 Y111.34 E.01134
G1 X111.459 Y111.412 E.01128
G1 X111.827 Y111.388 E.01122
G1 X112.174 Y111.27 E.01116
G1 X112.477 Y111.067 E.01109
G1 X112.714 Y110.792 E.01103
G1 X112.869 Y110.467 E.01096
G1 X112.932 Y110.114 E.0109
G1 X112.898 Y109.759 E.01083
G1 X112.771 Y109.429 E.01077
G1 X112.561 Y109.147 E.0107
G1 X112.283 Y108.935 E.01063
G1 X111.96 Y108.807 E.01056
G1 X111.617 Y108.774 E.01049
G1 X111.28 Y108.838 E.01042
G1 X110.977 Y108.992 E.01035
G1 X110.731 Y109.223 E.01027
G1 X110.562 Y109.513 E.0102
G1 X110.484 Y109.837 E.01012
G1 X110.502 Y110.166 E.01005
G1 X110.614 Y110.474 E.00997
G1 X110.81 Y110.734 E.00989
G1 X111.072 Y110.922 E.00981
G1 X111.376 Y111.024 E.00973
G1 X111.693 Y111.029 E.00965
G1 X111.994 Y110.939 E.00956
G1 X112.251 Y110.763 E.00948
G1 X112.439 Y110.518 E.00939
G1 X112.541 Y110.23 E.0093
G1 X112.547 Y109.927 E.00921
G1 X112.457 Y109.641 E.00912
G1 X112.282 Y109.401 E.00902
G1 X112.042 Y109.233 E.00892
G1 X111.763 Y109.154 E.00883
G1 X111.476 Y109.172 E.00872
G1 X111.216 Y109.284 E.00862
G1 X111.011 Y109.475 E.00851
G1 X110.887 Y109.722 E.00841
G1 X110.857 Y109.993 E.00829
G1 X110.924 Y110.254 E.00818
G1 X111.078 Y110.469 E.00806
G1 X111.297 Y110.612 E.00794
G1 X111.549 Y110.663 E.00781
G1 X111.797 Y110.615 E.00768
G1 X112.004 Y110.478 E.00755
G1 X112.139 Y110.275 E.00741
G1 X112.18 Y110.04 E.00727
G1 X112.123 Y109.813 E.00712
G1 X111.98 Y109.635 E.00696
G1 X111.779 Y109.537 E.00679
G1 X111.561 Y109.538 E.00662
G1 X111.373 Y109.634 E.00644
G1 X111.255 Y109.803 E.00624
G1 X111.235 Y110 E.00604
G1 X111.612 Y110 E.01147
G1 X111.906 Y109.844 F18000
M204 P2000
;TYPE:Gap infill
;WIDTH:0.358382
G1 F6000
G1 X111.758 Y110.232 E.01057
;WIDTH:0.322108
G3 X111.55 Y110.328 I-.194 J-.146 E.00538
;WIDTH:0.322179
G1 X111.183 Y110.292 E.00831
G1 E-2.13093
;WIPE_START
G1 X111.55 Y110.328 E-.36907
;WIPE_END
G1 X122.851 Y120.931 F18000
G1 E2.5 F6000
;WIDTH:0.23073
G1 X122.443 Y121.101 E.00671
G1 X122.251 Y121.011 F18000
M204 P1000
;TYPE:Top surface
;WIDTH:0.42
G1 F3600
G2 X122.761 Y120.486 I-3.051 J-3.477 E.02228
G1 X122.761 Y119.925 F18000
G1 F3600
G3 X121.701 Y121.011 I-7.291 J-6.054 E.04621
G1 X121.666 Y120.975 F18000
M204 P2000
;TYPE:Gap infill
;WIDTH:0.127754
G1 F6000
G1 X121.335 Y121.101 E.00242
G1 X121.142 Y121.011 F18000
M204 P1000
;TYPE:Top surface
;WIDTH:0.42
G1 F3600
G1 X121.288 Y120.891 E.00574
G1 X122.136 Y120.067 E.03596
G1 X122.761 Y119.352 E.02889
G1 X122.761 Y118.758 F18000
G1 F3600
G1 X121.964 Y119.698 E.03747
G1 X121.136 Y120.52 E.03549
G1 X120.551 Y121.011 E.02322
G1 X120.52 Y120.974 F18000
M204 P2000
;TYPE:Gap infill
;WIDTH:0.119732
G1 F6000
G1 X120.195 Y121.087 E.00213
G1 X119.95 Y121.011 F18000
M204 P1000
;TYPE:Top surface
;WIDTH:0.42
G1 F3600
G1 X120.119 Y120.888 E.00637
G1 X120.993 Y120.138 E.03502
G1 X121.801 Y119.318 E.03502
G1 X122.538 Y118.434 E.03501
G1 X122.761 Y118.116 E.01181
G1 X122.761 Y117.452 F18000
G1 F3600
G1 X122.369 Y118.032 E.02131
G1 X121.655 Y118.916 E.03453
G1 X120.87 Y119.736 E.03453
G1 X120.018 Y120.487 E.03454
G1 X119.311 Y121.011 E.02678
G1 X119.245 Y120.922 F18000
M204 P2000
;TYPE:Gap infill
;WIDTH:0.201412
G1 F6000
G1 X119.022 Y121.082 E.00351
G1 X119.072 Y121.314 E.00303
G1 X119.011 Y121.221 F18000
M204 P1000
;TYPE:Top surface
;WIDTH:0.42
G1 F3600
G1 X118.139 Y121.76 E.03117
G1 X117.126 Y122.274 E.03456
G1 X116.213 Y122.643 E.02995
G1 X116.14 Y122.513 F18000
M204 P2000
;TYPE:Gap infill
;WIDTH:0.134982
G1 F6000
G1 X116.173 Y122.679 E.00126
;WIDTH:0.158388
G1 X116.205 Y122.845 E.00158
G1 X116.14 Y122.913 F18000
;WIDTH:0.134617
G1 F6000
G1 X116.172 Y123.08 E.00126
;WIDTH:0.157839
G1 X116.204 Y123.248 E.00158
G1 X116.14 Y123.312 F18000
;WIDTH:0.134317
G1 F6000
G1 X116.172 Y123.481 E.00127
;WIDTH:0.157389
G1 X116.204 Y123.65 E.00159
G1 X116.213 Y123.447 F18000
M204 P1000
;TYPE:Top surface
;WIDTH:0.42
G1 F3600
G1 X117.235 Y123.051 E.03334
G1 X118.285 Y122.54 E.03552
G1 X119.011 Y122.111 E.02565
G1 X119.011 Y122.55 F18000
G1 F3600
G1 X118.383 Y122.915 E.0221
G1 X117.316 Y123.426 E.03598
G1 X116.213 Y123.848 E.03593
G1 X116.122 Y123.929 F18000
M204 P2000
;TYPE:Gap infill
;WIDTH:0.129569
G1 F6000
G1 X116.159 Y124.188 E.00183
;WIDTH:0.150296
G1 X116.195 Y124.446 E.00226
G1 X116.213 Y124.243 F18000
M204 P1000
;TYPE:Top surface
;WIDTH:0.42
G1 F3600
G1 X117.397 Y123.802 E.03844
G1 X118.481 Y123.29 E.03645
G1 X119.011 Y122.986 E.01859
G1 E-1.75 F6000
;WIPE_START
G1 F3600
G1 X118.481 Y123.29 E-.45853
G1 X118.129 Y123.456 E-.29147
;WIPE_END
G1 X119.011 Y121.669 F18000
G1 E2.5 F6000
G1 F3600
G1 X118.199 Y122.158 E.02882
G1 X117.167 Y122.669 E.03504
G1 X116.213 Y123.045 E.0312
G1 X116.278 Y124.02 F18000
M204 P2000
;TYPE:Gap infill
;WIDTH:0.0934674
G1 F6000
G1 X116.142 Y124.462 E.00189
;WIDTH:0.104693
G1 X116.168 Y124.651 E.00096
;WIDTH:0.126684
G1 X116.195 Y124.841 E.0013
G1 X116.194 Y125.237 F18000
;WIDTH:0.127002
G1 F6000
G1 X116.168 Y125.046 E.0013
;WIDTH:0.105389
G1 X116.142 Y124.856 E.00097
;WIDTH:0.0950012
G1 X116.212 Y124.634 E.00098
G1 X116.213 Y124.637 F18000
M204 P1000
;TYPE:Top surface
;WIDTH:0.42
G1 F3600
G1 X117.463 Y124.183 E.04048
G1 X118.564 Y123.672 E.0369
G1 X119.011 Y123.419 E.01561
G1 X119.011 Y123.85 F18000
G1 F3600
G1 X118.619 Y124.067 E.01363
G1 X117.501 Y124.575 E.03736
G1 X116.213 Y125.032 E.04157
G1 X116.213 Y125.032 F18000
M204 P2000
;TYPE:Gap infill
;WIDTH:0.0972208
G1 F6000
G1 X116.143 Y125.251 E.001
;WIDTH:0.106273
G1 X116.168 Y125.442 E.00098
;WIDTH:0.127226
G1 X116.193 Y125.632 E.00131
G1 X116.213 Y125.824 F18000
M204 P1000
;TYPE:Top surface
;WIDTH:0.42
G1 F3600
G1 X117.429 Y125.414 E.03904
G1 X118.586 Y124.922 E.03824
G1 X119.011 Y124.701 E.01457
G1 X119.011 Y124.277 F18000
G1 F3600
G1 X118.631 Y124.482 E.01312
G1 X117.494 Y124.984 E.0378
G1 X116.213 Y125.427 E.04125
G1 X116.212 Y125.424 F18000
M204 P2000
;TYPE:Gap infill
;WIDTH:0.0987574
G1 F6000
G1 X116.144 Y125.647 E.00105
;WIDTH:0.111168
G1 X116.168 Y125.835 E.00105
;WIDTH:0.15812
G1 X116.193 Y126.031 E.00183
G2 X116.312 Y126.048 I.084 J-.162 E.00114
;WIDTH:0.171745
G1 X116.484 Y126.02 E.00181
;WIDTH:0.215421
G1 X116.656 Y125.991 E.00243
;WIDTH:0.237259
G1 X116.829 Y125.963 E.00274
G1 X116.844 Y126.011 F18000
M204 P1000
;TYPE:Top surface
;WIDTH:0.42
G1 F3600
G1 X117.289 Y125.869 E.01421
G1 X118.468 Y125.391 E.03868
G1 X119.011 Y125.122 E.01844
G1 X119.011 Y125.542 F18000
G1 F3600
G3 X117.949 Y126.011 I-3.663 J-6.863 E.03533
G1 X117.931 Y125.962 F18000
M204 P2000
;TYPE:Gap infill
;WIDTH:0.254207
G1 F6000
G1 X117.79 Y125.99 E.00244
;WIDTH:0.210637
G1 X117.649 Y126.017 E.00194
;WIDTH:0.167066
G1 X117.508 Y126.045 E.00144
;WIDTH:0.123176
G1 X117.365 Y126.072 E.00094
;WIDTH:0.100978
G1 X117.303 Y126.082 E.0003
G1 E-2.43668
;WIPE_START
G1 X117.365 Y126.072 E-.06332
;WIPE_END
G1 X118.909 Y126.011 F18000
G1 E2.5 F6000
M204 P1000
;TYPE:Top surface
;WIDTH:0.42
G1 F3600
G1 X119.011 Y125.967 E.00339
; stop printing object SG9 Holder id:3152 copy 0
M106 S252
;LAYER_CHANGE
;Z:2.24
;HEIGHT:0.2
G92 E0 ; zero the extruded length again
; BEFORE_LAYER_CHANGE 10 @ 2.24mm
G1 E-2.31424 F6000
;WIPE_START
G1 F3600
G1 X118.909 Y126.011 E-.18576
;WIPE_END
; AFTER_LAYER_CHANGE 10 @ 2.24mm
;_SET_FAN_SPEED_CHANGING_LAYER
; printing object SG9 Holder id:3152 copy 0
G1 X100.54 Y98.29 Z2.24 F18000
G1 E2.5 F6000
;TYPE:Outer wall
G1 F3600
G1 X100.54 Y121.71 E.71229
G1 X116.29 Y121.71 E.47901
G1 X116.29 Y126.29 E.13929
G1 X96.96 Y126.29 E.5879
G1 X96.96 Y93.71 E.99088
G1 X116.29 Y93.71 E.5879
G1 X116.29 Y98.29 E.13929
G1 X100.6 Y98.29 E.47719
G1 X100.148 Y97.898 F18000
M204 P1500
;TYPE:Inner wall
;WIDTH:0.45
G1 F5327
G1 X100.148 Y122.102 E.7947
G1 X115.898 Y122.102 E.51712
G1 X115.898 Y125.898 E.12463
G1 X97.352 Y125.898 E.60892
G1 X97.352 Y94.102 E1.04396
G1 X115.898 Y94.102 E.60892
G1 X115.898 Y97.898 E.12463
G1 X100.208 Y97.898 E.51515
G1 X99.741 Y97.491 F18000
G1 F5327
G1 X99.741 Y122.509 E.82143
G1 X115.491 Y122.509 E.51712
G1 X115.491 Y125.491 E.0979
G1 X97.759 Y125.491 E.58219
G1 X97.759 Y94.509 E1.01723
G1 X115.491 Y94.509 E.58219
G1 X115.491 Y97.491 E.0979
G1 X99.801 Y97.491 E.51515
G1 X99.334 Y97.084 F18000
G1 F5327
G1 X99.334 Y122.916 E.84817
G1 X115.084 Y122.916 E.51712
G1 X115.084 Y125.084 E.07117
G1 X98.166 Y125.084 E.55546
G1 X98.166 Y94.916 E.9905
G1 X115.084 Y94.916 E.55546
G1 X115.084 Y97.084 E.07117
G1 X99.394 Y97.084 E.51515
G1 X98.927 Y96.677 F18000
G1 F5327
G1 X98.927 Y123.323 E.8749
G1 X114.677 Y123.323 E.51712
G1 X114.677 Y124.677 E.04444
G1 X98.573 Y124.677 E.52873
G1 X98.573 Y95.323 E.96377
G1 X114.677 Y95.323 E.52873
G1 X114.677 Y96.677 E.04444
G1 X98.987 Y96.677 E.51515
G1 E-1.75 F6000
;WIPE_START
G1 X98.984 Y97.677 E-.75
;WIPE_END
G1 X104.904 Y95.672 F18000
G1 E2.5 F6000
M204 P2000
;TYPE:Sparse infill
G1 F5327
G1 X98.922 Y95.672 E.19641
G1 X98.922 Y96.328 E.02157
G1 X102.283 Y96.328 E.11036
G1 X103.309 Y96.158 E.03414
G1 X103.797 Y96.328 E.017
G1 X109.271 Y96.328 E.17972
G1 X110.297 Y96.158 E.03414
G1 X110.786 Y96.328 E.017
G1 X114.328 Y96.328 E.11632
G1 X114.328 Y95.672 E.02157
G1 X108.528 Y95.672 E.19045
G1 E-1.83333 F6000
;WIPE_START
G1 F9000
G1 X109.528 Y95.672 E-.66667
;WIPE_END
G1 X108.471 Y123.672 F18000
G1 E2.5 F6000
G1 F5327
G1 X114.328 Y123.672 E.19231
G1 X114.328 Y124.328 E.02157
G1 X110.842 Y124.328 E.11446
G2 X110.297 Y124.111 I-.529 J.535 E.0198
G1 X109.423 Y124.217 E.02889
G1 X109.162 Y124.328 E.00933
G1 X103.854 Y124.328 E.17428
G2 X103.309 Y124.111 I-.529 J.535 E.0198
G1 X102.435 Y124.217 E.02889
G1 X102.174 Y124.328 E.00933
G1 X98.922 Y124.328 E.10677
G1 X98.922 Y123.672 E.02157
G1 X105.013 Y123.672 E.19999
; stop printing object SG9 Holder id:3152 copy 0
;LAYER_CHANGE
;Z:2.44
;HEIGHT:0.2
G92 E0 ; zero the extruded length again
; BEFORE_LAYER_CHANGE 11 @ 2.44mm
G1 E-1.83333 F6000
;WIPE_START
G1 F9000
G1 X104.013 Y123.672 E-.66667
;WIPE_END
; AFTER_LAYER_CHANGE 11 @ 2.44mm
;_SET_FAN_SPEED_CHANGING_LAYER
; printing object SG9 Holder id:3152 copy 0
G1 X100.54 Y98.29 Z2.44 F18000
G1 E2.5 F6000
M204 P1000
;TYPE:Outer wall
;WIDTH:0.42
G1 F3600
G1 X100.54 Y121.71 E.71229
G1 X116.29 Y121.71 E.47901
G1 X116.29 Y126.29 E.13929
G1 X96.96 Y126.29 E.5879
G1 X96.96 Y93.71 E.99088
G1 X116.29 Y93.71 E.5879
G1 X116.29 Y98.29 E.13929
G1 X100.6 Y98.29 E.47719
G1 X100.148 Y97.898 F18000
M204 P1500
;TYPE:Inner wall
;WIDTH:0.45
G1 F5250
G1 X100.148 Y122.102 E.7947
G1 X115.898 Y122.102 E.51712
G1 X115.898 Y125.898 E.12463
G1 X97.352 Y125.898 E.60892
G1 X97.352 Y94.102 E1.04396
G1 X115.898 Y94.102 E.60892
G1 X115.898 Y97.898 E.12463
G1 X100.208 Y97.898 E.51515
G1 X99.741 Y97.491 F18000
G1 F5250
G1 X99.741 Y122.509 E.82143
G1 X115.491 Y122.509 E.51712
G1 X115.491 Y125.491 E.0979
G1 X97.759 Y125.491 E.58219
G1 X97.759 Y94.509 E1.01723
G1 X115.491 Y94.509 E.58219
G1 X115.491 Y97.491 E.0979
G1 X99.801 Y97.491 E.51515
G1 X99.334 Y97.084 F18000
G1 F5250
G1 X99.334 Y122.916 E.84817
G1 X115.084 Y122.916 E.51712
G1 X115.084 Y125.084 E.07117
G1 X98.166 Y125.084 E.55546
G1 X98.166 Y94.916 E.9905
G1 X115.084 Y94.916 E.55546
G1 X115.084 Y97.084 E.07117
G1 X99.394 Y97.084 E.51515
G1 X98.927 Y96.677 F18000
G1 F5250
G1 X98.927 Y123.323 E.8749
G1 X114.677 Y123.323 E.51712
G1 X114.677 Y124.677 E.04444
G1 X98.573 Y124.677 E.52873
G1 X98.573 Y95.323 E.96377
G1 X114.677 Y95.323 E.52873
G1 X114.677 Y96.677 E.04444
G1 X98.987 Y96.677 E.51515
G1 E-1.75 F6000
;WIPE_START
G1 X98.984 Y97.677 E-.75
;WIPE_END
G1 X103.13 Y95.672 F18000
G1 E2.5 F6000
M204 P2000
;TYPE:Sparse infill
G1 F5250
G1 X98.922 Y95.672 E.13817
G1 X98.922 Y96.328 E.02157
G1 X102.217 Y96.328 E.10819
G1 X102.435 Y96.205 E.00823
G1 X103.309 Y95.96 E.02979
G1 X103.745 Y95.988 E.01437
G1 X104.2 Y96.328 E.01867
G1 X109.205 Y96.328 E.16432
G1 X109.423 Y96.205 E.00823
G1 X110.297 Y95.96 E.02979
G1 X110.734 Y95.988 E.01437
G1 X111.189 Y96.328 E.01867
G1 X114.328 Y96.328 E.10308
G1 X114.328 Y95.672 E.02157
G1 X110.717 Y95.672 E.11857
G1 E-1.83333 F6000
;WIPE_START
G1 F9000
G1 X111.717 Y95.672 E-.66667
;WIPE_END
G1 X110.857 Y123.672 F18000
G1 E2.5 F6000
G1 F5250
G1 X114.328 Y123.672 E.11397
G1 X114.328 Y124.328 E.02157
G1 X111.221 Y124.328 E.10202
G2 X110.297 Y123.913 I-.774 J.486 E.03526
G2 X109.123 Y124.328 I.263 J2.611 E.04128
G1 X104.233 Y124.328 E.16056
G2 X103.309 Y123.913 I-.774 J.486 E.03526
G2 X102.134 Y124.328 I.263 J2.611 E.04128
G1 X98.922 Y124.328 E.10549
G1 X98.922 Y123.672 E.02157
G1 X102.965 Y123.672 E.13276
; stop printing object SG9 Holder id:3152 copy 0
;LAYER_CHANGE
;Z:2.64
;HEIGHT:0.2
G92 E0 ; zero the extruded length again
; BEFORE_LAYER_CHANGE 12 @ 2.64mm
G1 E-1.83333 F6000
;WIPE_START
G1 F9000
G1 X101.965 Y123.672 E-.66667
;WIPE_END
; AFTER_LAYER_CHANGE 12 @ 2.64mm
;_SET_FAN_SPEED_CHANGING_LAYER
; printing object SG9 Holder id:3152 copy 0
G1 X100.54 Y98.29 Z2.64 F18000
G1 E2.5 F6000
M204 P1000
;TYPE:Outer wall
;WIDTH:0.42
G1 F3600
G1 X100.54 Y121.71 E.71229
G1 X116.29 Y121.71 E.47901
G1 X116.29 Y126.29 E.13929
G1 X96.96 Y126.29 E.5879
G1 X96.96 Y93.71 E.99088
G1 X116.29 Y93.71 E.5879
G1 X116.29 Y98.29 E.13929
G1 X100.6 Y98.29 E.47719
G1 X100.148 Y97.898 F18000
M204 P1500
;TYPE:Inner wall
;WIDTH:0.45
G1 F5249
G1 X100.148 Y122.102 E.7947
G1 X115.898 Y122.102 E.51712
G1 X115.898 Y125.898 E.12463
G1 X97.352 Y125.898 E.60892
G1 X97.352 Y94.102 E1.04396
G1 X115.898 Y94.102 E.60892
G1 X115.898 Y97.898 E.12463
G1 X100.208 Y97.898 E.51515
G1 X99.741 Y97.491 F18000
G1 F5249
G1 X99.741 Y122.509 E.82143
G1 X115.491 Y122.509 E.51712
G1 X115.491 Y125.491 E.0979
G1 X97.759 Y125.491 E.58219
G1 X97.759 Y94.509 E1.01723
G1 X115.491 Y94.509 E.58219
G1 X115.491 Y97.491 E.0979
G1 X99.801 Y97.491 E.51515
G1 X99.334 Y97.084 F18000
G1 F5249
G1 X99.334 Y122.916 E.84817
G1 X115.084 Y122.916 E.51712
G1 X115.084 Y125.084 E.07117
G1 X98.166 Y125.084 E.55546
G1 X98.166 Y94.916 E.9905
G1 X115.084 Y94.916 E.55546
G1 X115.084 Y97.084 E.07117
G1 X99.394 Y97.084 E.51515
G1 X98.927 Y96.677 F18000
G1 F5249
G1 X98.927 Y123.323 E.8749
G1 X114.677 Y123.323 E.51712
G1 X114.677 Y124.677 E.04444
G1 X98.573 Y124.677 E.52873
G1 X98.573 Y95.323 E.96377
G1 X114.677 Y95.323 E.52873
G1 X114.677 Y96.677 E.04444
G1 X98.987 Y96.677 E.51515
G1 E-1.75 F6000
;WIPE_START
G1 X98.984 Y97.677 E-.75
;WIPE_END
G1 X102.617 Y95.672 F18000
G1 E2.5 F6000
M204 P2000
;TYPE:Sparse infill
G1 F5249
G1 X98.922 Y95.672 E.12132
G1 X98.922 Y96.328 E.02157
G1 X102.128 Y96.328 E.10528
G3 X103.38 Y95.672 I5.824 J9.582 E.04646
G1 X104.424 Y95.672 E.03426
G2 X104.503 Y96.328 I1.346 J.171 E.02194
G1 X109.116 Y96.328 E.15148
G3 X110.369 Y95.672 I5.824 J9.582 E.04646
G1 X111.412 Y95.672 E.03426
G2 X111.491 Y96.328 I1.346 J.171 E.02194
G1 X114.328 Y96.328 E.09315
G1 X114.328 Y95.672 E.02157
G1 X111.616 Y95.672 E.08907
G1 E-1.83333 F6000
;WIPE_START
G1 F9000
G1 X112.616 Y95.672 E-.66667
;WIPE_END
G1 X111.605 Y123.672 F18000
G1 E2.5 F6000
G1 F5249
G1 X114.328 Y123.672 E.08941
G1 X114.328 Y124.328 E.02157
G1 X111.511 Y124.328 E.09249
G3 X111.402 Y123.672 I1.3 J-.555 E.02207
G1 X110.264 Y123.672 E.03737
G2 X109.068 Y124.328 I3.168 J7.184 E.04485
G1 X104.523 Y124.328 E.14922
G3 X104.413 Y123.672 I1.3 J-.555 E.02207
G1 X103.275 Y123.672 E.03737
G2 X102.079 Y124.328 I3.168 J7.184 E.04485
G1 X98.922 Y124.328 E.10368
G1 X98.922 Y123.672 E.02157
G1 X103.072 Y123.672 E.13626
; stop printing object SG9 Holder id:3152 copy 0
;LAYER_CHANGE
;Z:2.84
;HEIGHT:0.2
G92 E0 ; zero the extruded length again
; BEFORE_LAYER_CHANGE 13 @ 2.84mm
G1 E-1.83333 F6000
;WIPE_START
G1 F9000
G1 X102.072 Y123.672 E-.66667
;WIPE_END
; AFTER_LAYER_CHANGE 13 @ 2.84mm
;_SET_FAN_SPEED_CHANGING_LAYER
; printing object SG9 Holder id:3152 copy 0
G1 X100.54 Y98.29 Z2.84 F18000
G1 E2.5 F6000
M204 P1000
;TYPE:Outer wall
;WIDTH:0.42
G1 F3600
G1 X100.54 Y121.71 E.71229
G1 X116.29 Y121.71 E.47901
G1 X116.29 Y126.29 E.13929
G1 X96.96 Y126.29 E.5879
G1 X96.96 Y93.71 E.99088
G1 X116.29 Y93.71 E.5879
G1 X116.29 Y98.29 E.13929
G1 X100.6 Y98.29 E.47719
G1 X100.148 Y97.898 F18000
M204 P1500
;TYPE:Inner wall
;WIDTH:0.45
G1 F5251
G1 X100.148 Y122.102 E.7947
G1 X115.898 Y122.102 E.51712
G1 X115.898 Y125.898 E.12463
G1 X97.352 Y125.898 E.60892
G1 X97.352 Y94.102 E1.04396
G1 X115.898 Y94.102 E.60892
G1 X115.898 Y97.898 E.12463
G1 X100.208 Y97.898 E.51515
G1 X99.741 Y97.491 F18000
G1 F5251
G1 X99.741 Y122.509 E.82143
G1 X115.491 Y122.509 E.51712
G1 X115.491 Y125.491 E.0979
G1 X97.759 Y125.491 E.58219
G1 X97.759 Y94.509 E1.01723
G1 X115.491 Y94.509 E.58219
G1 X115.491 Y97.491 E.0979
G1 X99.801 Y97.491 E.51515
G1 X99.334 Y97.084 F18000
G1 F5251
G1 X99.334 Y122.916 E.84817
G1 X115.084 Y122.916 E.51712
G1 X115.084 Y125.084 E.07117
G1 X98.166 Y125.084 E.55546
G1 X98.166 Y94.916 E.9905
G1 X115.084 Y94.916 E.55546
G1 X115.084 Y97.084 E.07117
G1 X99.394 Y97.084 E.51515
G1 X98.927 Y96.677 F18000
G1 F5251
G1 X98.927 Y123.323 E.8749
G1 X114.677 Y123.323 E.51712
G1 X114.677 Y124.677 E.04444
G1 X98.573 Y124.677 E.52873
G1 X98.573 Y95.323 E.96377
G1 X114.677 Y95.323 E.52873
G1 X114.677 Y96.677 E.04444
G1 X98.987 Y96.677 E.51515
G1 E-1.75 F6000
;WIPE_START
G1 X98.984 Y97.677 E-.75
;WIPE_END
G1 X102.738 Y95.672 F18000
G1 E2.5 F6000
M204 P2000
;TYPE:Sparse infill
G1 F5251
G1 X98.922 Y95.672 E.1253
G1 X98.922 Y96.328 E.02157
G1 X102.053 Y96.328 E.10283
G1 X102.941 Y95.672 E.03627
G1 X104.948 Y95.672 E.06589
G2 X104.739 Y96.328 I.952 J.665 E.02298
G1 X109.042 Y96.328 E.14128
G1 X109.93 Y95.672 E.03627
G1 X111.936 Y95.672 E.06589
G2 X111.727 Y96.328 I.952 J.665 E.02298
G1 X114.328 Y96.328 E.0854
G1 X114.328 Y95.672 E.02157
G1 X112.14 Y95.672 E.07185
G1 E-1.83333 F6000
;WIPE_START
G1 F9000
G1 X113.14 Y95.672 E-.66667
;WIPE_END
G1 X112.105 Y123.672 F18000
G1 E2.5 F6000
G1 F5251
G1 X114.328 Y123.672 E.073
G1 X114.328 Y124.328 E.02157
G1 X111.739 Y124.328 E.08502
G3 X111.902 Y123.672 I1.047 J-.089 E.02262
G1 X109.867 Y123.672 E.06681
G1 X109.003 Y124.328 E.03563
G1 X104.75 Y124.328 E.13962
G3 X104.913 Y123.672 I1.047 J-.089 E.02262
G1 X102.878 Y123.672 E.06681
G1 X102.014 Y124.328 E.03563
G1 X98.922 Y124.328 E.10155
G1 X98.922 Y123.672 E.02157
G1 X102.675 Y123.672 E.12323
; stop printing object SG9 Holder id:3152 copy 0
;LAYER_CHANGE
;Z:3.04
;HEIGHT:0.2
G92 E0 ; zero the extruded length again
; BEFORE_LAYER_CHANGE 14 @ 3.04mm
G1 E-1.83333 F6000
;WIPE_START
G1 F9000
G1 X101.675 Y123.672 E-.66667
;WIPE_END
; AFTER_LAYER_CHANGE 14 @ 3.04mm
;_SET_FAN_SPEED_CHANGING_LAYER
; printing object SG9 Holder id:3152 copy 0
G1 X100.54 Y98.29 Z3.04 F18000
G1 E2.5 F6000
M204 P1000
;TYPE:Outer wall
;WIDTH:0.42
G1 F3600
G1 X100.54 Y121.71 E.71229
G1 X116.29 Y121.71 E.47901
G1 X116.29 Y126.29 E.13929
G1 X96.96 Y126.29 E.5879
G1 X96.96 Y93.71 E.99088
G1 X116.29 Y93.71 E.5879
G1 X116.29 Y98.29 E.13929
G1 X100.6 Y98.29 E.47719
G1 X100.148 Y97.898 F18000
M204 P1500
;TYPE:Inner wall
;WIDTH:0.45
G1 F5247
G1 X100.148 Y122.102 E.7947
G1 X115.898 Y122.102 E.51712
G1 X115.898 Y125.898 E.12463
G1 X97.352 Y125.898 E.60892
G1 X97.352 Y94.102 E1.04396
G1 X115.898 Y94.102 E.60892
G1 X115.898 Y97.898 E.12463
G1 X100.208 Y97.898 E.51515
G1 X99.741 Y97.491 F18000
G1 F5247
G1 X99.741 Y122.509 E.82143
G1 X115.491 Y122.509 E.51712
G1 X115.491 Y125.491 E.0979
G1 X97.759 Y125.491 E.58219
G1 X97.759 Y94.509 E1.01723
G1 X115.491 Y94.509 E.58219
G1 X115.491 Y97.491 E.0979
G1 X99.801 Y97.491 E.51515
G1 X99.334 Y97.084 F18000
G1 F5247
G1 X99.334 Y122.916 E.84817
G1 X115.084 Y122.916 E.51712
G1 X115.084 Y125.084 E.07117
G1 X98.166 Y125.084 E.55546
G1 X98.166 Y94.916 E.9905
G1 X115.084 Y94.916 E.55546
G1 X115.084 Y97.084 E.07117
G1 X99.394 Y97.084 E.51515
G1 X98.927 Y96.677 F18000
G1 F5247
G1 X98.927 Y123.323 E.8749
G1 X114.677 Y123.323 E.51712
G1 X114.677 Y124.677 E.04444
G1 X98.573 Y124.677 E.52873
G1 X98.573 Y95.323 E.96377
G1 X114.677 Y95.323 E.52873
G1 X114.677 Y96.677 E.04444
G1 X98.987 Y96.677 E.51515
G1 E-1.75 F6000
;WIPE_START
G1 X98.984 Y97.677 E-.75
;WIPE_END
G1 X102.483 Y95.672 F18000
G1 E2.5 F6000
M204 P2000
;TYPE:Sparse infill
G1 F5247
G1 X98.922 Y95.672 E.11694
G1 X98.922 Y96.328 E.02157
G1 X101.972 Y96.328 E.10014
G1 X102.687 Y95.672 E.03188
G1 X105.245 Y95.672 E.084
G2 X104.927 Y96.32 I.662 J.727 E.02429
G1 X108.96 Y96.328 E.13243
G1 X109.675 Y95.672 E.03188
G1 X112.233 Y95.672 E.084
G2 X111.915 Y96.32 I.662 J.727 E.02429
G1 X114.328 Y96.328 E.07924
G1 X114.328 Y95.672 E.02157
G1 X112.437 Y95.672 E.0621
G1 E-1.83333 F6000
;WIPE_START
G1 F9000
G1 X113.437 Y95.672 E-.66667
;WIPE_END
G1 X112.399 Y123.672 F18000
G1 E2.5 F6000
G1 F5247
G1 X114.328 Y123.672 E.06336
G1 X114.328 Y124.328 E.02157
G1 X111.92 Y124.328 E.07907
G1 X111.915 Y124.274 E.0018
G3 X112.195 Y123.672 I.902 J.053 E.02233
G1 X109.624 Y123.672 E.08441
G1 X108.929 Y124.328 E.0314
G1 X104.932 Y124.328 E.13125
G1 X104.927 Y124.274 E.0018
G3 X105.207 Y123.672 I.902 J.053 E.02233
G1 X102.636 Y123.672 E.08441
G1 X101.941 Y124.328 E.0314
G1 X98.922 Y124.328 E.09914
G1 X98.922 Y123.672 E.02157
G1 X102.432 Y123.672 E.11527
; stop printing object SG9 Holder id:3152 copy 0
;LAYER_CHANGE
;Z:3.24
;HEIGHT:0.2
G92 E0 ; zero the extruded length again
; BEFORE_LAYER_CHANGE 15 @ 3.24mm
G1 E-1.83333 F6000
;WIPE_START
G1 F9000
G1 X101.432 Y123.672 E-.66667
;WIPE_END
; AFTER_LAYER_CHANGE 15 @ 3.24mm
;_SET_FAN_SPEED_CHANGING_LAYER
; printing object SG9 Holder id:3152 copy 0
G1 X100.54 Y98.29 Z3.24 F18000
G1 E2.5 F6000
M204 P1000
;TYPE:Outer wall
;WIDTH:0.42
G1 F3600
G1 X100.54 Y121.71 E.71229
G1 X116.29 Y121.71 E.47901
G1 X116.29 Y126.29 E.13929
G1 X96.96 Y126.29 E.5879
G1 X96.96 Y93.71 E.99088
G1 X116.29 Y93.71 E.5879
G1 X116.29 Y98.29 E.13929
G1 X100.6 Y98.29 E.47719
G1 X100.148 Y97.898 F18000
M204 P1500
;TYPE:Inner wall
;WIDTH:0.45
G1 F5244
G1 X100.148 Y122.102 E.7947
G1 X115.898 Y122.102 E.51712
G1 X115.898 Y125.898 E.12463
G1 X97.352 Y125.898 E.60892
G1 X97.352 Y94.102 E1.04396
G1 X115.898 Y94.102 E.60892
G1 X115.898 Y97.898 E.12463
G1 X100.208 Y97.898 E.51515
G1 X99.741 Y97.491 F18000
G1 F5244
G1 X99.741 Y122.509 E.82143
G1 X115.491 Y122.509 E.51712
G1 X115.491 Y125.491 E.0979
G1 X97.759 Y125.491 E.58219
G1 X97.759 Y94.509 E1.01723
G1 X115.491 Y94.509 E.58219
G1 X115.491 Y97.491 E.0979
G1 X99.801 Y97.491 E.51515
G1 X99.334 Y97.084 F18000
G1 F5244
G1 X99.334 Y122.916 E.84817
G1 X115.084 Y122.916 E.51712
G1 X115.084 Y125.084 E.07117
G1 X98.166 Y125.084 E.55546
G1 X98.166 Y94.916 E.9905
G1 X115.084 Y94.916 E.55546
G1 X115.084 Y97.084 E.07117
G1 X99.394 Y97.084 E.51515
G1 X98.927 Y96.677 F18000
G1 F5244
G1 X98.927 Y123.323 E.8749
G1 X114.677 Y123.323 E.51712
G1 X114.677 Y124.677 E.04444
G1 X98.573 Y124.677 E.52873
G1 X98.573 Y95.323 E.96377
G1 X114.677 Y95.323 E.52873
G1 X114.677 Y96.677 E.04444
G1 X98.987 Y96.677 E.51515
G1 E-1.75 F6000
;WIPE_START
G1 X98.984 Y97.677 E-.75
;WIPE_END
G1 X102.259 Y95.672 F18000
G1 E2.5 F6000
M204 P2000
;TYPE:Sparse infill
G1 F5244
G1 X98.922 Y95.672 E.10958
G1 X98.922 Y96.328 E.02157
G1 X101.881 Y96.328 E.09716
G3 X102.463 Y95.672 I5.096 J3.926 E.02883
G1 X105.473 Y95.672 E.09884
G2 X105.081 Y96.328 I1.888 J1.571 E.02521
G1 X108.869 Y96.328 E.12438
G3 X109.451 Y95.672 I5.096 J3.926 E.02883
G1 X112.461 Y95.672 E.09884
G2 X112.069 Y96.328 I1.888 J1.571 E.02521
G1 X114.328 Y96.328 E.07417
G1 X114.328 Y95.672 E.02157
G1 X112.665 Y95.672 E.05463
G1 E-1.83333 F6000
;WIPE_START
G1 F9000
G1 X113.665 Y95.672 E-.66667
;WIPE_END
G1 X112.624 Y123.672 F18000
G1 E2.5 F6000
G1 F5244
G1 X114.328 Y123.672 E.05595
G1 X114.328 Y124.328 E.02157
G1 X112.062 Y124.328 E.07441
G3 X112.421 Y123.672 I1.958 J.643 E.02471
G1 X109.403 Y123.672 E.09909
G2 X108.846 Y124.328 I3.266 J3.335 E.02832
G1 X105.074 Y124.328 E.12385
G3 X105.432 Y123.672 I1.958 J.643 E.02471
G1 X102.414 Y123.672 E.09909
G2 X101.857 Y124.328 I3.266 J3.335 E.02832
G1 X98.922 Y124.328 E.09639
G1 X98.922 Y123.672 E.02157
G1 X102.211 Y123.672 E.108
; stop printing object SG9 Holder id:3152 copy 0
;LAYER_CHANGE
;Z:3.44
;HEIGHT:0.2
G92 E0 ; zero the extruded length again
; BEFORE_LAYER_CHANGE 16 @ 3.44mm
G1 E-1.83333 F6000
;WIPE_START
G1 F9000
G1 X101.211 Y123.672 E-.66667
;WIPE_END
; AFTER_LAYER_CHANGE 16 @ 3.44mm
;_SET_FAN_SPEED_CHANGING_LAYER
; printing object SG9 Holder id:3152 copy 0
G1 X100.54 Y98.29 Z3.44 F18000
G1 E2.5 F6000
M204 P1000
;TYPE:Outer wall
;WIDTH:0.42
G1 F3600
G1 X100.54 Y121.71 E.71229
G1 X116.29 Y121.71 E.47901
G1 X116.29 Y126.29 E.13929
G1 X96.96 Y126.29 E.5879
G1 X96.96 Y93.71 E.99088
G1 X116.29 Y93.71 E.5879
G1 X116.29 Y98.29 E.13929
G1 X100.6 Y98.29 E.47719
G1 X100.148 Y97.898 F18000
M204 P1500
;TYPE:Inner wall
;WIDTH:0.45
G1 F5241
G1 X100.148 Y122.102 E.7947
G1 X115.898 Y122.102 E.51712
G1 X115.898 Y125.898 E.12463
G1 X97.352 Y125.898 E.60892
G1 X97.352 Y94.102 E1.04396
G1 X115.898 Y94.102 E.60892
G1 X115.898 Y97.898 E.12463
G1 X100.208 Y97.898 E.51515
G1 X99.741 Y97.491 F18000
G1 F5241
G1 X99.741 Y122.509 E.82143
G1 X115.491 Y122.509 E.51712
G1 X115.491 Y125.491 E.0979
G1 X97.759 Y125.491 E.58219
G1 X97.759 Y94.509 E1.01723
G1 X115.491 Y94.509 E.58219
G1 X115.491 Y97.491 E.0979
G1 X99.801 Y97.491 E.51515
G1 X99.334 Y97.084 F18000
G1 F5241
G1 X99.334 Y122.916 E.84817
G1 X115.084 Y122.916 E.51712
G1 X115.084 Y125.084 E.07117
G1 X98.166 Y125.084 E.55546
G1 X98.166 Y94.916 E.9905
G1 X115.084 Y94.916 E.55546
G1 X115.084 Y97.084 E.07117
G1 X99.394 Y97.084 E.51515
G1 X98.927 Y96.677 F18000
G1 F5241
G1 X98.927 Y123.323 E.8749
G1 X114.677 Y123.323 E.51712
G1 X114.677 Y124.677 E.04444
G1 X98.573 Y124.677 E.52873
G1 X98.573 Y95.323 E.96377
G1 X114.677 Y95.323 E.52873
G1 X114.677 Y96.677 E.04444
G1 X98.987 Y96.677 E.51515
G1 E-1.75 F6000
;WIPE_START
G1 X98.984 Y97.677 E-.75
;WIPE_END
G1 X102.072 Y95.672 F18000
G1 E2.5 F6000
M204 P2000
;TYPE:Sparse infill
G1 F5241
G1 X98.922 Y95.672 E.10345
G1 X98.922 Y96.328 E.02157
G1 X101.778 Y96.328 E.09379
G3 X102.276 Y95.672 I3.675 J2.268 E.0271
G1 X105.669 Y95.672 E.11141
G2 X105.21 Y96.328 I2.643 J2.335 E.02637
G1 X108.766 Y96.328 E.11676
G3 X109.264 Y95.672 I3.675 J2.268 E.0271
G1 X112.658 Y95.672 E.11141
G2 X112.199 Y96.328 I2.643 J2.335 E.02637
G1 X114.328 Y96.328 E.06993
G1 X114.328 Y95.672 E.02157
G1 X112.861 Y95.672 E.04818
G1 E-1.83333 F6000
;WIPE_START
G1 F9000
G1 X113.861 Y95.672 E-.66667
;WIPE_END
G1 X112.819 Y123.672 F18000
G1 E2.5 F6000
G1 F5241
G1 X114.328 Y123.672 E.04957
G1 X114.328 Y124.328 E.02157
G1 X112.185 Y124.328 E.07038
G3 X112.615 Y123.672 I2.554 J1.203 E.02586
G1 X109.22 Y123.672 E.11147
G2 X108.749 Y124.328 I2.475 J2.271 E.0266
G1 X105.197 Y124.328 E.11665
G3 X105.627 Y123.672 I2.554 J1.203 E.02586
G1 X102.232 Y123.672 E.11147
G2 X101.761 Y124.328 I2.475 J2.271 E.0266
G1 X98.922 Y124.328 E.09323
G1 X98.922 Y123.672 E.02157
G1 X102.028 Y123.672 E.102
; stop printing object SG9 Holder id:3152 copy 0
;LAYER_CHANGE
;Z:3.64
;HEIGHT:0.2
G92 E0 ; zero the extruded length again
; BEFORE_LAYER_CHANGE 17 @ 3.64mm
G1 E-1.83333 F6000
;WIPE_START
G1 F9000
G1 X101.028 Y123.672 E-.66667
;WIPE_END
; AFTER_LAYER_CHANGE 17 @ 3.64mm
;_SET_FAN_SPEED_CHANGING_LAYER
; printing object SG9 Holder id:3152 copy 0
G1 X100.54 Y98.29 Z3.64 F18000
G1 E2.5 F6000
M204 P1000
;TYPE:Outer wall
;WIDTH:0.42
G1 F3600
G1 X100.54 Y121.71 E.71229
G1 X116.29 Y121.71 E.47901
G1 X116.29 Y126.29 E.13929
G1 X96.96 Y126.29 E.5879
G1 X96.96 Y93.71 E.99088
G1 X116.29 Y93.71 E.5879
G1 X116.29 Y98.29 E.13929
G1 X100.6 Y98.29 E.47719
G1 X100.148 Y97.898 F18000
M204 P1500
;TYPE:Inner wall
;WIDTH:0.45
G1 F5232
G1 X100.148 Y122.102 E.7947
G1 X115.898 Y122.102 E.51712
G1 X115.898 Y125.898 E.12463
G1 X97.352 Y125.898 E.60892
G1 X97.352 Y94.102 E1.04396
G1 X115.898 Y94.102 E.60892
G1 X115.898 Y97.898 E.12463
G1 X100.208 Y97.898 E.51515
G1 X99.741 Y97.491 F18000
G1 F5232
G1 X99.741 Y122.509 E.82143
G1 X115.491 Y122.509 E.51712
G1 X115.491 Y125.491 E.0979
G1 X97.759 Y125.491 E.58219
G1 X97.759 Y94.509 E1.01723
G1 X115.491 Y94.509 E.58219
G1 X115.491 Y97.491 E.0979
G1 X99.801 Y97.491 E.51515
G1 X99.334 Y97.084 F18000
G1 F5232
G1 X99.334 Y122.916 E.84817
G1 X115.084 Y122.916 E.51712
G1 X115.084 Y125.084 E.07117
G1 X98.166 Y125.084 E.55546
G1 X98.166 Y94.916 E.9905
G1 X115.084 Y94.916 E.55546
G1 X115.084 Y97.084 E.07117
G1 X99.394 Y97.084 E.51515
G1 X98.927 Y96.677 F18000
G1 F5232
G1 X98.927 Y123.323 E.8749
G1 X114.677 Y123.323 E.51712
G1 X114.677 Y124.677 E.04444
G1 X98.573 Y124.677 E.52873
G1 X98.573 Y95.323 E.96377
G1 X114.677 Y95.323 E.52873
G1 X114.677 Y96.677 E.04444
G1 X98.987 Y96.677 E.51515
G1 E-1.75 F6000
;WIPE_START
G1 X98.984 Y97.677 E-.75
;WIPE_END
G1 X101.456 Y96.328 F18000
G1 E2.5 F6000
M204 P2000
;TYPE:Sparse infill
G1 F5232
G1 X98.922 Y96.328 E.08321
G1 X98.922 Y95.672 E.02157
G1 X102.087 Y95.672 E.10394
G2 X101.659 Y96.328 I2.265 J1.944 E.02581
G1 X105.321 Y96.328 E.12022
G3 X105.855 Y95.672 I4.258 J2.914 E.02782
G1 X109.076 Y95.672 E.10576
G2 X108.648 Y96.328 I2.265 J1.944 E.02581
G1 X112.309 Y96.328 E.12022
G3 X112.843 Y95.672 I4.258 J2.914 E.02782
G1 X114.328 Y95.672 E.04877
G1 X114.328 Y96.328 E.02157
G1 X112.513 Y96.328 E.05961
G1 E-1.83333 F6000
;WIPE_START
G1 F9000
G1 X113.513 Y96.328 E-.66667
;WIPE_END
G1 X112.493 Y124.328 F18000
G1 E2.5 F6000
G1 F5232
G1 X114.328 Y124.328 E.06026
G1 X114.328 Y123.672 E.02157
G1 X112.797 Y123.672 E.05027
G2 X112.289 Y124.328 I2.813 J2.701 E.02732
G1 X108.637 Y124.328 E.11992
G3 X109.034 Y123.672 I2.263 J.92 E.02531
G1 X105.809 Y123.672 E.1059
G2 X105.301 Y124.328 I2.813 J2.701 E.02732
G1 X101.649 Y124.328 E.11992
G3 X102.046 Y123.672 I2.263 J.92 E.02531
G1 X98.922 Y123.672 E.10259
G1 X98.922 Y124.328 E.02157
G1 X101.445 Y124.328 E.08286
; stop printing object SG9 Holder id:3152 copy 0
;LAYER_CHANGE
;Z:3.84
;HEIGHT:0.2
G92 E0 ; zero the extruded length again
; BEFORE_LAYER_CHANGE 18 @ 3.84mm
G1 E-1.83333 F6000
;WIPE_START
G1 F9000
G1 X100.445 Y124.328 E-.66667
;WIPE_END
; AFTER_LAYER_CHANGE 18 @ 3.84mm
;_SET_FAN_SPEED_CHANGING_LAYER
; printing object SG9 Holder id:3152 copy 0
G1 X100.54 Y98.29 Z3.84 F18000
G1 E2.5 F6000
M204 P1000
;TYPE:Outer wall
;WIDTH:0.42
G1 F3600
G1 X100.54 Y121.71 E.71229
G1 X116.29 Y121.71 E.47901
G1 X116.29 Y126.29 E.13929
G1 X96.96 Y126.29 E.5879
G1 X96.96 Y93.71 E.99088
G1 X116.29 Y93.71 E.5879
G1 X116.29 Y98.29 E.13929
G1 X100.6 Y98.29 E.47719
G1 X100.148 Y97.898 F18000
M204 P1500
;TYPE:Inner wall
;WIDTH:0.45
G1 F5228
G1 X100.148 Y122.102 E.7947
G1 X115.898 Y122.102 E.51712
G1 X115.898 Y125.898 E.12463
G1 X97.352 Y125.898 E.60892
G1 X97.352 Y94.102 E1.04396
G1 X115.898 Y94.102 E.60892
G1 X115.898 Y97.898 E.12463
G1 X100.208 Y97.898 E.51515
G1 X99.741 Y97.491 F18000
G1 F5228
G1 X99.741 Y122.509 E.82143
G1 X115.491 Y122.509 E.51712
G1 X115.491 Y125.491 E.0979
G1 X97.759 Y125.491 E.58219
G1 X97.759 Y94.509 E1.01723
G1 X115.491 Y94.509 E.58219
G1 X115.491 Y97.491 E.0979
G1 X99.801 Y97.491 E.51515
G1 X99.334 Y97.084 F18000
G1 F5228
G1 X99.334 Y122.916 E.84817
G1 X115.084 Y122.916 E.51712
G1 X115.084 Y125.084 E.07117
G1 X98.166 Y125.084 E.55546
G1 X98.166 Y94.916 E.9905
G1 X115.084 Y94.916 E.55546
G1 X115.084 Y97.084 E.07117
G1 X99.394 Y97.084 E.51515
G1 X98.927 Y96.677 F18000
G1 F5228
G1 X98.927 Y123.323 E.8749
G1 X114.677 Y123.323 E.51712
G1 X114.677 Y124.677 E.04444
G1 X98.573 Y124.677 E.52873
G1 X98.573 Y95.323 E.96377
G1 X114.677 Y95.323 E.52873
G1 X114.677 Y96.677 E.04444
G1 X98.987 Y96.677 E.51515
G1 E-1.75 F6000
;WIPE_START
G1 X98.984 Y97.677 E-.75
;WIPE_END
G1 X101.316 Y96.328 F18000
G1 E2.5 F6000
M204 P2000
;TYPE:Sparse infill
G1 F5228
G1 X98.922 Y96.328 E.07862
G1 X98.922 Y95.672 E.02157
G1 X101.88 Y95.672 E.09713
G2 X101.52 Y96.328 I1.615 J1.313 E.02473
G1 X105.418 Y96.328 E.12799
G1 X106.069 Y95.672 E.03036
G1 X108.868 Y95.672 E.09191
G2 X108.508 Y96.328 I1.615 J1.313 E.02473
G1 X112.406 Y96.328 E.12799
G1 X113.057 Y95.672 E.03036
G1 X109.072 Y95.672 E.13086
G1 E-1.83333 F6000
;WIPE_START
G1 F9000
G1 X110.072 Y95.672 E-.66667
;WIPE_END
G1 X109.032 Y123.672 F18000
G1 E2.5 F6000
G1 F5228
G1 X113.011 Y123.672 E.13064
G1 X112.38 Y124.328 E.02992
G1 X108.504 Y124.328 E.12725
G3 X108.829 Y123.672 I1.728 J.446 E.02423
G1 X106.023 Y123.672 E.09213
G1 X105.391 Y124.328 E.02992
G1 X101.515 Y124.328 E.12725
G3 X101.84 Y123.672 I1.728 J.446 E.02423
G1 X98.922 Y123.672 E.09583
G1 X98.922 Y124.328 E.02157
G1 X101.312 Y124.328 E.07848
; stop printing object SG9 Holder id:3152 copy 0
;LAYER_CHANGE
;Z:4.04
;HEIGHT:0.2
G92 E0 ; zero the extruded length again
; BEFORE_LAYER_CHANGE 19 @ 4.04mm
G1 E-1.83333 F6000
;WIPE_START
G1 F9000
G1 X100.312 Y124.328 E-.66667
;WIPE_END
; AFTER_LAYER_CHANGE 19 @ 4.04mm
;_SET_FAN_SPEED_CHANGING_LAYER
; printing object SG9 Holder id:3152 copy 0
G1 X100.54 Y98.29 Z4.04 F18000
G1 E2.5 F6000
M204 P1000
;TYPE:Outer wall
;WIDTH:0.42
G1 F3600
G1 X100.54 Y121.71 E.71229
G1 X116.29 Y121.71 E.47901
G1 X116.29 Y126.29 E.13929
G1 X96.96 Y126.29 E.5879
G1 X96.96 Y93.71 E.99088
G1 X116.29 Y93.71 E.5879
G1 X116.29 Y98.29 E.13929
G1 X100.6 Y98.29 E.47719
G1 X100.148 Y97.898 F18000
M204 P1500
;TYPE:Inner wall
;WIDTH:0.45
G1 F5228
G1 X100.148 Y122.102 E.7947
G1 X115.898 Y122.102 E.51712
G1 X115.898 Y125.898 E.12463
G1 X97.352 Y125.898 E.60892
G1 X97.352 Y94.102 E1.04396
G1 X115.898 Y94.102 E.60892
G1 X115.898 Y97.898 E.12463
G1 X100.208 Y97.898 E.51515
G1 X99.741 Y97.491 F18000
G1 F5228
G1 X99.741 Y122.509 E.82143
G1 X115.491 Y122.509 E.51712
G1 X115.491 Y125.491 E.0979
G1 X97.759 Y125.491 E.58219
G1 X97.759 Y94.509 E1.01723
G1 X115.491 Y94.509 E.58219
G1 X115.491 Y97.491 E.0979
G1 X99.801 Y97.491 E.51515
G1 X99.334 Y97.084 F18000
G1 F5228
G1 X99.334 Y122.916 E.84817
G1 X115.084 Y122.916 E.51712
G1 X115.084 Y125.084 E.07117
G1 X98.166 Y125.084 E.55546
G1 X98.166 Y94.916 E.9905
G1 X115.084 Y94.916 E.55546
G1 X115.084 Y97.084 E.07117
G1 X99.394 Y97.084 E.51515
G1 X98.927 Y96.677 F18000
G1 F5228
G1 X98.927 Y123.323 E.8749
G1 X114.677 Y123.323 E.51712
G1 X114.677 Y124.677 E.04444
G1 X98.573 Y124.677 E.52873
G1 X98.573 Y95.323 E.96377
G1 X114.677 Y95.323 E.52873
G1 X114.677 Y96.677 E.04444
G1 X98.987 Y96.677 E.51515
G1 E-1.75 F6000
;WIPE_START
G1 X98.984 Y97.677 E-.75
;WIPE_END
G1 X101.148 Y96.328 F18000
G1 E2.5 F6000
M204 P2000
;TYPE:Sparse infill
G1 F5228
G1 X98.922 Y96.328 E.07311
G1 X98.922 Y95.986 E.01123
G1 X99.298 Y95.672 E.01612
G1 X101.627 Y95.672 E.07646
G2 X101.351 Y96.32 I.554 J.62 E.02391
G1 X105.504 Y96.328 E.13638
G1 X106.287 Y95.672 E.03355
G1 X108.616 Y95.672 E.07646
G2 X108.339 Y96.32 I.554 J.62 E.02391
G1 X112.493 Y96.328 E.13638
G1 X113.275 Y95.672 E.03355
G1 X108.819 Y95.672 E.14631
G1 E-1.83333 F6000
;WIPE_START
G1 F9000
G1 X109.819 Y95.672 E-.66667
;WIPE_END
G1 X108.782 Y123.672 F18000
G1 E2.5 F6000
G1 F5228
G1 X113.22 Y123.672 E.14571
G1 X112.458 Y124.328 E.03302
G1 X108.348 Y124.328 E.13496
G1 X108.339 Y124.274 E.00182
G3 X108.578 Y123.672 I.762 J-.046 E.02197
G1 X106.231 Y123.672 E.07706
G1 X105.47 Y124.328 E.03302
G1 X101.359 Y124.328 E.13496
G1 X101.351 Y124.274 E.00182
G3 X101.59 Y123.672 I.762 J-.046 E.02197
G1 X99.243 Y123.672 E.07706
G1 X98.922 Y123.94 E.01375
G1 X98.922 Y124.328 E.01275
G1 X101.156 Y124.328 E.07336
; stop printing object SG9 Holder id:3152 copy 0
;LAYER_CHANGE
;Z:4.24
;HEIGHT:0.2
G92 E0 ; zero the extruded length again
; BEFORE_LAYER_CHANGE 20 @ 4.24mm
G1 E-1.83333 F6000
;WIPE_START
G1 F9000
G1 X100.156 Y124.328 E-.66667
;WIPE_END
; AFTER_LAYER_CHANGE 20 @ 4.24mm
;_SET_FAN_SPEED_CHANGING_LAYER
; printing object SG9 Holder id:3152 copy 0
G1 X100.54 Y121.71 Z4.24 F18000
G1 E2.5 F6000
M204 P1000
;TYPE:Outer wall
;WIDTH:0.42
G1 F3600
G1 X116.29 Y121.71 E.47901
G1 X116.29 Y126.29 E.13929
G1 X96.96 Y126.29 E.5879
G1 X96.96 Y116.935 E.28451
G1 X100.54 Y116.935 E.10888
G1 X100.54 Y121.65 E.14339
G1 X100.148 Y121.71 F18000
M204 P1500
;TYPE:Inner wall
;WIDTH:0.45
G1 F5027
G1 X100.148 Y122.102 E.01287
G1 X115.898 Y122.102 E.51712
G1 X115.898 Y125.898 E.12463
G1 X97.352 Y125.898 E.60892
G1 X97.352 Y117.327 E.2814
G1 X100.148 Y117.327 E.0918
G1 X100.148 Y121.65 E.14192
G1 X99.741 Y121.71 F18000
G1 F5027
G1 X99.741 Y122.509 E.02624
G1 X115.491 Y122.509 E.51712
G1 X115.491 Y125.491 E.0979
G1 X97.759 Y125.491 E.58219
G1 X97.759 Y117.735 E.25467
G1 X99.741 Y117.735 E.06507
G1 X99.741 Y121.65 E.12856
G1 X99.334 Y121.71 F18000
G1 F5027
G1 X99.334 Y122.916 E.0396
G1 X115.084 Y122.916 E.51712
G1 X115.084 Y125.084 E.07117
G1 X98.166 Y125.084 E.55546
G1 X98.166 Y118.142 E.22793
G1 X99.334 Y118.142 E.03833
G1 X99.334 Y121.65 E.11519
G1 X98.927 Y121.71 F18000
G1 F5027
G1 X98.927 Y123.323 E.05297
G1 X114.677 Y123.323 E.51712
G1 X114.677 Y124.677 E.04444
G1 X98.573 Y124.677 E.52873
G1 X98.573 Y118.549 E.2012
G1 X98.927 Y118.549 E.0116
G1 X98.927 Y121.65 E.10183
G1 E-1.75 F6000
;WIPE_START
G1 X98.927 Y122.65 E-.75
;WIPE_END
G1 X100.955 Y124.328 F18000
G1 E2.5 F6000
M204 P2000
;TYPE:Sparse infill
G1 F5027
G1 X98.922 Y124.328 E.06677
G1 X98.922 Y124.053 E.00904
G3 X99.509 Y123.672 I3.388 J4.575 E.02302
G1 X101.239 Y123.672 E.05678
G2 X101.159 Y124.328 I.594 J.406 E.02257
G1 X105.539 Y124.328 E.14383
G3 X106.498 Y123.672 I5.665 J7.238 E.03817
G1 X108.227 Y123.672 E.05678
G2 X108.147 Y124.328 I.594 J.406 E.02257
G1 X112.528 Y124.328 E.14383
G3 X113.486 Y123.672 I5.665 J7.238 E.03817
G1 X108.431 Y123.672 E.16599
G1 E-1.83333 F6000
;WIPE_START
G1 F9000
G1 X109.431 Y123.672 E-.66667
;WIPE_END
G1 X100.54 Y98.29 F18000
G1 E2.5 F6000
M204 P1000
;TYPE:Outer wall
;WIDTH:0.42
G1 F3600
G1 X100.54 Y114.065 E.47976
G1 X96.96 Y114.065 E.10888
G1 X96.96 Y93.71 E.61906
G1 X116.29 Y93.71 E.5879
G1 X116.29 Y98.29 E.13929
G1 X100.6 Y98.29 E.47719
G1 X100.148 Y97.898 F18000
M204 P1500
;TYPE:Inner wall
;WIDTH:0.45
G1 F5027
G1 X100.148 Y113.673 E.51793
G1 X97.352 Y113.673 E.0918
G1 X97.352 Y94.102 E.64256
G1 X115.898 Y94.102 E.60892
G1 X115.898 Y97.898 E.12463
G1 X100.208 Y97.898 E.51515
G1 X99.741 Y97.491 F18000
G1 F5027
G1 X99.741 Y113.265 E.51793
G1 X97.759 Y113.265 E.06507
G1 X97.759 Y94.509 E.61583
G1 X115.491 Y94.509 E.58219
G1 X115.491 Y97.491 E.0979
G1 X99.801 Y97.491 E.51515
G1 X99.334 Y97.084 F18000
G1 F5027
G1 X99.334 Y112.858 E.51793
G1 X98.166 Y112.858 E.03833
G1 X98.166 Y94.916 E.5891
G1 X115.084 Y94.916 E.55546
G1 X115.084 Y97.084 E.07117
G1 X99.394 Y97.084 E.51515
G1 X98.927 Y96.677 F18000
G1 F5027
G1 X98.927 Y112.451 E.51793
G1 X98.573 Y112.451 E.0116
G1 X98.573 Y95.323 E.56237
G1 X114.677 Y95.323 E.52873
G1 X114.677 Y96.677 E.04444
G1 X98.987 Y96.677 E.51515
G1 X100.94 Y96.328 F18000
M204 P2000
;TYPE:Sparse infill
G1 F5027
G1 X98.922 Y96.328 E.06627
G1 X98.922 Y96.1 E.00752
G3 X99.586 Y95.672 I3.803 J5.176 E.02597
G1 X101.269 Y95.672 E.05525
G2 X101.144 Y96.328 I.522 J.44 E.02295
G1 X105.583 Y96.328 E.14575
G3 X106.575 Y95.672 I9.143 J12.732 E.03908
G1 X108.257 Y95.672 E.05525
G2 X108.132 Y96.328 I.522 J.44 E.02295
G1 X112.571 Y96.328 E.14575
G3 X113.563 Y95.672 I9.143 J12.732 E.03908
G1 X108.461 Y95.672 E.16752
; stop printing object SG9 Holder id:3152 copy 0
;LAYER_CHANGE
;Z:4.44
;HEIGHT:0.2
G92 E0 ; zero the extruded length again
; BEFORE_LAYER_CHANGE 21 @ 4.44mm
G1 E-1.83333 F6000
;WIPE_START
G1 F9000
G1 X109.461 Y95.672 E-.66667
;WIPE_END
; AFTER_LAYER_CHANGE 21 @ 4.44mm
;_SET_FAN_SPEED_CHANGING_LAYER
; printing object SG9 Holder id:3152 copy 0
G1 X100.54 Y121.71 Z4.44 F18000
G1 E2.5 F6000
M204 P1000
;TYPE:Outer wall
;WIDTH:0.42
G1 F3600
G1 X116.29 Y121.71 E.47901
G1 X116.29 Y126.29 E.13929
G1 X96.96 Y126.29 E.5879
G1 X96.96 Y117.443 E.26907
G1 X100.54 Y117.443 E.10888
G1 X100.54 Y121.65 E.12795
G1 X100.148 Y121.71 F18000
M204 P1500
;TYPE:Inner wall
;WIDTH:0.45
G1 F4847
G1 X100.148 Y122.102 E.01287
G1 X115.898 Y122.102 E.51712
G1 X115.898 Y125.898 E.12463
G1 X97.352 Y125.898 E.60892
G1 X97.352 Y117.835 E.26473
G1 X100.148 Y117.835 E.0918
G1 X100.148 Y121.65 E.12526
G1 X99.741 Y121.71 F18000
G1 F4847
G1 X99.741 Y122.509 E.02624
G1 X115.491 Y122.509 E.51712
G1 X115.491 Y125.491 E.0979
G1 X97.759 Y125.491 E.58219
G1 X97.759 Y118.242 E.238
G1 X99.741 Y118.242 E.06507
G1 X99.741 Y121.65 E.11189
G1 X99.334 Y121.71 F18000
G1 F4847
G1 X99.334 Y122.916 E.0396
G1 X115.084 Y122.916 E.51712
G1 X115.084 Y125.084 E.07117
G1 X98.166 Y125.084 E.55546
G1 X98.166 Y118.649 E.21127
G1 X99.334 Y118.649 E.03833
G1 X99.334 Y121.65 E.09853
G1 X98.927 Y121.71 F18000
G1 F4847
G1 X98.927 Y123.323 E.05297
G1 X114.677 Y123.323 E.51712
G1 X114.677 Y124.677 E.04444
G1 X98.573 Y124.677 E.52873
G1 X98.573 Y119.056 E.18454
G1 X98.927 Y119.056 E.0116
G1 X98.927 Y121.65 E.08516
G1 E-1.75 F6000
;WIPE_START
G1 X98.927 Y122.65 E-.75
;WIPE_END
G1 X100.684 Y124.328 F18000
G1 E2.5 F6000
M204 P2000
;TYPE:Sparse infill
G1 F4847
G1 X98.922 Y124.328 E.05785
G1 X98.941 Y124.117 E.00697
G1 X99.814 Y123.786 E.03067
G3 X100.887 Y124.328 I.262 J.814 E.04378
G1 X105.6 Y124.328 E.15473
G3 X106.803 Y123.786 I1.886 J2.576 E.04364
G3 X107.876 Y124.328 I.262 J.814 E.04378
G1 X112.588 Y124.328 E.15473
G3 X114.228 Y123.725 I2.281 J3.668 E.05777
G1 X114.328 Y123.778 E.00373
G1 X114.328 Y124.328 E.01807
G1 X113.269 Y124.328 E.03478
G1 E-1.83333 F6000
;WIPE_START
G1 F9000
G1 X114.269 Y124.328 E-.66667
;WIPE_END
G1 X100.54 Y98.29 F18000
G1 E2.5 F6000
M204 P1000
;TYPE:Outer wall
;WIDTH:0.42
G1 F3600
G1 X100.54 Y113.557 E.46433
G1 X96.96 Y113.557 E.10888
G1 X96.96 Y93.71 E.60362
G1 X116.29 Y93.71 E.5879
G1 X116.29 Y98.29 E.13929
G1 X100.6 Y98.29 E.47719
G1 X100.148 Y97.898 F18000
M204 P1500
;TYPE:Inner wall
;WIDTH:0.45
G1 F4847
G1 X100.148 Y113.165 E.50127
G1 X97.352 Y113.165 E.0918
G1 X97.352 Y94.102 E.6259
G1 X115.898 Y94.102 E.60892
G1 X115.898 Y97.898 E.12463
G1 X100.208 Y97.898 E.51515
G1 X99.741 Y97.491 F18000
G1 F4847
G1 X99.741 Y112.758 E.50127
G1 X97.759 Y112.758 E.06507
G1 X97.759 Y94.509 E.59917
G1 X115.491 Y94.509 E.58219
G1 X115.491 Y97.491 E.0979
G1 X99.801 Y97.491 E.51515
G1 X99.334 Y97.084 F18000
G1 F4847
G1 X99.334 Y112.351 E.50127
G1 X98.166 Y112.351 E.03833
G1 X98.166 Y94.916 E.57243
G1 X115.084 Y94.916 E.55546
G1 X115.084 Y97.084 E.07117
G1 X99.394 Y97.084 E.51515
G1 X98.927 Y96.677 F18000
G1 F4847
G1 X98.927 Y111.944 E.50127
G1 X98.573 Y111.944 E.0116
G1 X98.573 Y95.323 E.5457
G1 X114.677 Y95.323 E.52873
G1 X114.677 Y96.677 E.04444
G1 X98.987 Y96.677 E.51515
G1 X100.659 Y96.328 F18000
M204 P2000
;TYPE:Sparse infill
G1 F4847
G1 X98.922 Y96.328 E.05704
G1 X98.922 Y96.176 E.00501
G3 X100.251 Y95.771 I2.364 J5.385 E.04573
G1 X100.688 Y96.002 E.01622
G1 X100.862 Y96.328 E.01215
G1 X105.672 Y96.328 E.15792
G3 X107.24 Y95.771 I2.224 J3.774 E.05495
G1 X107.676 Y96.002 E.01622
G1 X107.851 Y96.328 E.01215
G1 X112.66 Y96.328 E.15792
G3 X114.228 Y95.771 I2.224 J3.774 E.05495
G1 X114.328 Y95.825 E.00373
G1 X114.328 Y96.328 E.01655
G1 X113.401 Y96.328 E.03045
; stop printing object SG9 Holder id:3152 copy 0
;LAYER_CHANGE
;Z:4.64
;HEIGHT:0.2
G92 E0 ; zero the extruded length again
; BEFORE_LAYER_CHANGE 22 @ 4.64mm
G1 E-1.83333 F6000
;WIPE_START
G1 F9000
G1 X114.328 Y96.328 E-.61827
G1 X114.328 Y96.256 E-.0484
;WIPE_END
; AFTER_LAYER_CHANGE 22 @ 4.64mm
;_SET_FAN_SPEED_CHANGING_LAYER
; printing object SG9 Holder id:3152 copy 0
G1 X100.54 Y121.71 Z4.64 F18000
G1 E2.5 F6000
M204 P1000
;TYPE:Outer wall
;WIDTH:0.42
G1 F3600
G1 X116.29 Y121.71 E.47901
G1 X116.29 Y126.29 E.13929
G1 X96.96 Y126.29 E.5879
G1 X96.96 Y117.813 E.25781
G1 X100.54 Y117.813 E.10888
G1 X100.54 Y121.65 E.11669
G1 X100.148 Y121.71 F18000
M204 P1500
;TYPE:Inner wall
;WIDTH:0.45
G1 F5037
G1 X100.148 Y122.102 E.01287
G1 X115.898 Y122.102 E.51712
G1 X115.898 Y125.898 E.12463
G1 X97.352 Y125.898 E.60892
G1 X97.352 Y118.205 E.25258
G1 X100.148 Y118.205 E.0918
G1 X100.148 Y121.65 E.1131
G1 X99.741 Y121.71 F18000
G1 F5037
G1 X99.741 Y122.509 E.02624
G1 X115.491 Y122.509 E.51712
G1 X115.491 Y125.491 E.0979
G1 X97.759 Y125.491 E.58219
G1 X97.759 Y118.612 E.22585
G1 X99.741 Y118.612 E.06507
G1 X99.741 Y121.65 E.09974
G1 X99.334 Y121.71 F18000
G1 F5037
G1 X99.334 Y122.916 E.0396
G1 X115.084 Y122.916 E.51712
G1 X115.084 Y125.084 E.07117
G1 X98.166 Y125.084 E.55546
G1 X98.166 Y119.019 E.19911
G1 X99.334 Y119.019 E.03833
G1 X99.334 Y121.65 E.08637
G1 X98.927 Y121.71 F18000
G1 F5037
G1 X98.927 Y123.323 E.05297
G1 X114.677 Y123.323 E.51712
G1 X114.677 Y124.677 E.04444
G1 X98.573 Y124.677 E.52873
G1 X98.573 Y119.426 E.17238
G1 X98.927 Y119.426 E.0116
G1 X98.927 Y121.65 E.07301
G1 E-1.75 F6000
;WIPE_START
G1 X98.927 Y122.65 E-.75
;WIPE_END
G1 X108.395 Y123.672 F18000
G1 E2.5 F6000
M204 P2000
;TYPE:Sparse infill
G1 F5037
G1 X114.328 Y123.672 E.19481
G1 X114.328 Y124.168 E.01631
G1 X114.228 Y124.09 E.00419
G1 X113.791 Y124.009 E.01458
G1 X112.918 Y124.189 E.02928
G1 X112.638 Y124.328 E.01028
G1 X107.545 Y124.328 E.16721
G2 X106.803 Y124.009 I-.677 J.551 E.02758
G1 X105.929 Y124.189 E.02928
G1 X105.649 Y124.328 E.01028
G1 X100.556 Y124.328 E.16721
G2 X99.814 Y124.009 I-.677 J.551 E.02758
G1 X98.922 Y124.198 E.02996
G1 X98.922 Y123.672 E.01729
G1 X108.395 Y123.672 E.31104
G1 E-1.83333 F6000
;WIPE_START
G1 F9000
G1 X107.395 Y123.672 E-.66667
;WIPE_END
G1 X100.54 Y98.29 F18000
G1 E2.5 F6000
M204 P1000
;TYPE:Outer wall
;WIDTH:0.42
G1 F3600
G1 X100.54 Y113.187 E.45307
G1 X96.96 Y113.187 E.10888
G1 X96.96 Y93.71 E.59236
G1 X116.29 Y93.71 E.5879
G1 X116.29 Y98.29 E.13929
G1 X100.6 Y98.29 E.47719
G1 X100.148 Y97.898 F18000
M204 P1500
;TYPE:Inner wall
;WIDTH:0.45
G1 F5037
G1 X100.148 Y112.795 E.48911
G1 X97.352 Y112.795 E.0918
G1 X97.352 Y94.102 E.61374
G1 X115.898 Y94.102 E.60892
G1 X115.898 Y97.898 E.12463
G1 X100.208 Y97.898 E.51515
G1 X99.741 Y97.491 F18000
G1 F5037
G1 X99.741 Y112.388 E.48911
G1 X97.759 Y112.388 E.06507
G1 X97.759 Y94.509 E.58701
G1 X115.491 Y94.509 E.58219
G1 X115.491 Y97.491 E.0979
G1 X99.801 Y97.491 E.51515
G1 X99.334 Y97.084 F18000
G1 F5037
G1 X99.334 Y111.981 E.48911
G1 X98.166 Y111.981 E.03833
G1 X98.166 Y94.916 E.56028
G1 X115.084 Y94.916 E.55546
G1 X115.084 Y97.084 E.07117
G1 X99.394 Y97.084 E.51515
G1 X98.927 Y96.677 F18000
G1 F5037
G1 X98.927 Y111.574 E.48911
G1 X98.573 Y111.574 E.0116
G1 X98.573 Y95.323 E.53355
G1 X114.677 Y95.323 E.52873
G1 X114.677 Y96.677 E.04444
G1 X98.987 Y96.677 E.51515
G1 X108.349 Y95.672 F18000
M204 P2000
;TYPE:Sparse infill
G1 F5037
G1 X114.328 Y95.672 E.19634
G1 X114.328 Y96.215 E.01783
G1 X114.228 Y96.136 E.00419
G1 X113.791 Y96.056 E.01458
G1 X112.918 Y96.235 E.02928
G1 X112.73 Y96.328 E.00687
G1 X107.486 Y96.328 E.17221
G2 X106.803 Y96.056 I-.603 J.517 E.0251
G1 X105.929 Y96.235 E.02928
G1 X105.742 Y96.328 E.00687
G1 X100.497 Y96.328 E.17221
G2 X99.814 Y96.056 I-.603 J.517 E.0251
G1 X98.922 Y96.245 E.02996
G1 X98.922 Y95.672 E.01881
G1 X108.349 Y95.672 E.30952
; stop printing object SG9 Holder id:3152 copy 0
;LAYER_CHANGE
;Z:4.84
;HEIGHT:0.2
G92 E0 ; zero the extruded length again
; BEFORE_LAYER_CHANGE 23 @ 4.84mm
G1 E-1.83333 F6000
;WIPE_START
G1 F9000
G1 X107.349 Y95.672 E-.66667
;WIPE_END
; AFTER_LAYER_CHANGE 23 @ 4.84mm
;_SET_FAN_SPEED_CHANGING_LAYER
; printing object SG9 Holder id:3152 copy 0
G1 X100.54 Y121.71 Z4.84 F18000
G1 E2.5 F6000
M204 P1000
;TYPE:Outer wall
;WIDTH:0.42
G1 F3600
G1 X116.29 Y121.71 E.47901
G1 X116.29 Y126.29 E.13929
G1 X96.96 Y126.29 E.5879
G1 X96.96 Y118.111 E.24874
G1 X100.54 Y118.111 E.10888
G1 X100.54 Y121.65 E.10762
G1 X100.148 Y121.71 F18000
M204 P1500
;TYPE:Inner wall
;WIDTH:0.45
G1 F4977
G1 X100.148 Y122.102 E.01287
G1 X115.898 Y122.102 E.51712
G1 X115.898 Y125.898 E.12463
G1 X97.352 Y125.898 E.60892
G1 X97.352 Y118.504 E.24278
G1 X100.148 Y118.504 E.0918
G1 X100.148 Y121.65 E.10331
G1 X99.741 Y121.71 F18000
G1 F4977
G1 X99.741 Y122.509 E.02624
G1 X115.491 Y122.509 E.51712
G1 X115.491 Y125.491 E.0979
G1 X97.759 Y125.491 E.58219
G1 X97.759 Y118.911 E.21605
G1 X99.741 Y118.911 E.06507
G1 X99.741 Y121.65 E.08994
G1 X99.334 Y121.71 F18000
G1 F4977
G1 X99.334 Y122.916 E.0396
G1 X115.084 Y122.916 E.51712
G1 X115.084 Y125.084 E.07117
G1 X98.166 Y125.084 E.55546
G1 X98.166 Y119.318 E.18932
G1 X99.334 Y119.318 E.03833
G1 X99.334 Y121.65 E.07658
G1 X98.927 Y121.71 F18000
G1 F4977
G1 X98.927 Y123.323 E.05297
G1 X114.677 Y123.323 E.51712
G1 X114.677 Y124.677 E.04444
G1 X98.573 Y124.677 E.52873
G1 X98.573 Y119.725 E.16259
G1 X98.927 Y119.725 E.0116
G1 X98.927 Y121.65 E.06321
G1 E-1.75 F6000
;WIPE_START
G1 X98.927 Y122.65 E-.75
;WIPE_END
G1 X108.349 Y123.672 F18000
G1 E2.5 F6000
M204 P2000
;TYPE:Sparse infill
G1 F4977
G1 X98.922 Y123.672 E.30955
G1 X98.922 Y124.244 E.01879
G3 X100.192 Y124.328 I.539 J1.485 E.04304
G1 X105.677 Y124.328 E.18006
G3 X107.181 Y124.328 I.752 J1.679 E.05088
G1 X112.665 Y124.328 E.18006
G3 X113.354 Y124.166 I.771 J1.73 E.02339
G3 X114.328 Y124.328 I-1.096 J9.59 E.03243
G1 X114.328 Y123.672 E.02157
G1 X108.349 Y123.672 E.19631
G1 E-1.83333 F6000
;WIPE_START
G1 F9000
G1 X109.349 Y123.672 E-.66667
;WIPE_END
G1 X100.54 Y98.29 F18000
G1 E2.5 F6000
M204 P1000
;TYPE:Outer wall
;WIDTH:0.42
G1 F3600
G1 X100.54 Y112.888 E.44399
G1 X96.96 Y112.888 E.10888
G1 X96.96 Y93.71 E.58329
G1 X116.29 Y93.71 E.5879
G1 X116.29 Y98.29 E.13929
G1 X100.6 Y98.29 E.47719
G1 X100.148 Y97.898 F18000
M204 P1500
;TYPE:Inner wall
;WIDTH:0.45
G1 F4977
G1 X100.148 Y112.496 E.47932
G1 X97.352 Y112.496 E.0918
G1 X97.352 Y94.102 E.60395
G1 X115.898 Y94.102 E.60892
G1 X115.898 Y97.898 E.12463
G1 X100.208 Y97.898 E.51515
G1 X99.741 Y97.491 F18000
G1 F4977
G1 X99.741 Y112.089 E.47932
G1 X97.759 Y112.089 E.06507
G1 X97.759 Y94.509 E.57722
G1 X115.491 Y94.509 E.58219
G1 X115.491 Y97.491 E.0979
G1 X99.801 Y97.491 E.51515
G1 X99.334 Y97.084 F18000
G1 F4977
G1 X99.334 Y111.682 E.47932
G1 X98.166 Y111.682 E.03833
G1 X98.166 Y94.916 E.55048
G1 X115.084 Y94.916 E.55546
G1 X115.084 Y97.084 E.07117
G1 X99.394 Y97.084 E.51515
G1 X98.927 Y96.677 F18000
G1 F4977
G1 X98.927 Y111.275 E.47932
G1 X98.573 Y111.275 E.0116
G1 X98.573 Y95.323 E.52375
G1 X114.677 Y95.323 E.52873
G1 X114.677 Y96.677 E.04444
G1 X98.987 Y96.677 E.51515
G1 X108.303 Y95.672 F18000
M204 P2000
;TYPE:Sparse infill
G1 F4977
G1 X114.328 Y95.672 E.19783
G1 X114.328 Y96.328 E.02157
G3 X113.354 Y96.213 I5.618 J-51.437 E.03221
G2 X112.793 Y96.328 I.023 J1.533 E.01894
G1 X107.055 Y96.328 E.18839
G2 X105.804 Y96.328 I-.625 J1.529 E.04211
G1 X100.067 Y96.328 E.18839
G2 X98.922 Y96.29 I-.619 J1.381 E.03858
G1 X98.922 Y95.672 E.02031
G1 X108.303 Y95.672 E.30802
; stop printing object SG9 Holder id:3152 copy 0
;LAYER_CHANGE
;Z:5.04
;HEIGHT:0.2
G92 E0 ; zero the extruded length again
; BEFORE_LAYER_CHANGE 24 @ 5.04mm
G1 E-1.83333 F6000
;WIPE_START
G1 F9000
G1 X107.303 Y95.672 E-.66667
;WIPE_END
; AFTER_LAYER_CHANGE 24 @ 5.04mm
;_SET_FAN_SPEED_CHANGING_LAYER
; printing object SG9 Holder id:3152 copy 0
G1 X100.54 Y121.71 Z5.04 F18000
G1 E2.5 F6000
M204 P1000
;TYPE:Outer wall
;WIDTH:0.42
G1 F3600
G1 X116.29 Y121.71 E.47901
G1 X116.29 Y126.29 E.13929
G1 X96.96 Y126.29 E.5879
G1 X96.96 Y118.362 E.24113
G1 X100.54 Y118.362 E.10888
G1 X100.54 Y121.65 E.10001
G1 X100.148 Y121.71 F18000
M204 P1500
;TYPE:Inner wall
;WIDTH:0.45
G1 F4923
G1 X100.148 Y122.102 E.01287
G1 X115.898 Y122.102 E.51712
G1 X115.898 Y125.898 E.12463
G1 X97.352 Y125.898 E.60892
G1 X97.352 Y118.754 E.23457
G1 X100.148 Y118.754 E.0918
G1 X100.148 Y121.65 E.09509
G1 X99.741 Y121.71 F18000
G1 F4923
G1 X99.741 Y122.509 E.02624
G1 X115.491 Y122.509 E.51712
G1 X115.491 Y125.491 E.0979
G1 X97.759 Y125.491 E.58219
G1 X97.759 Y119.161 E.20783
G1 X99.741 Y119.161 E.06507
G1 X99.741 Y121.65 E.08173
G1 X99.334 Y121.71 F18000
G1 F4923
G1 X99.334 Y122.916 E.0396
G1 X115.084 Y122.916 E.51712
G1 X115.084 Y125.084 E.07117
G1 X98.166 Y125.084 E.55546
G1 X98.166 Y119.568 E.1811
G1 X99.334 Y119.568 E.03833
G1 X99.334 Y121.65 E.06836
G1 X98.927 Y121.71 F18000
G1 F4923
G1 X98.927 Y123.323 E.05297
G1 X114.677 Y123.323 E.51712
G1 X114.677 Y124.677 E.04444
G1 X98.573 Y124.677 E.52873
G1 X98.573 Y119.975 E.15437
G1 X98.927 Y119.975 E.0116
G1 X98.927 Y121.65 E.05499
G1 E-1.75 F6000
;WIPE_START
G1 X98.927 Y122.65 E-.75
;WIPE_END
G1 X108.324 Y123.672 F18000
G1 E2.5 F6000
M204 P2000
;TYPE:Sparse infill
G1 F4923
G1 X114.328 Y123.672 E.19714
G1 X114.328 Y124.328 E.02157
G2 X112.918 Y124.265 I-4.275 J78.868 E.04637
G1 X112.641 Y124.328 E.00932
G1 X106.759 Y124.328 E.19314
G2 X105.653 Y124.328 I-.553 J2.119 E.03671
G1 X99.77 Y124.328 E.19314
G2 X98.922 Y124.269 I-.608 J2.601 E.02805
G1 X98.922 Y123.672 E.01962
G1 X108.324 Y123.672 E.30872
G1 E-1.83333 F6000
;WIPE_START
G1 F9000
G1 X107.324 Y123.672 E-.66667
;WIPE_END
G1 X100.54 Y98.29 F18000
G1 E2.5 F6000
M204 P1000
;TYPE:Outer wall
;WIDTH:0.42
G1 F3600
G1 X100.54 Y112.638 E.43638
G1 X96.96 Y112.638 E.10888
G1 X96.96 Y93.71 E.57568
G1 X116.29 Y93.71 E.5879
G1 X116.29 Y98.29 E.13929
G1 X100.6 Y98.29 E.47719
G1 X100.148 Y97.898 F18000
M204 P1500
;TYPE:Inner wall
;WIDTH:0.45
G1 F4923
G1 X100.148 Y112.246 E.4711
G1 X97.352 Y112.246 E.0918
G1 X97.352 Y94.102 E.59573
G1 X115.898 Y94.102 E.60892
G1 X115.898 Y97.898 E.12463
G1 X100.208 Y97.898 E.51515
G1 X99.741 Y97.491 F18000
G1 F4923
G1 X99.741 Y111.839 E.4711
G1 X97.759 Y111.839 E.06507
G1 X97.759 Y94.509 E.569
G1 X115.491 Y94.509 E.58219
G1 X115.491 Y97.491 E.0979
G1 X99.801 Y97.491 E.51515
G1 X99.334 Y97.084 F18000
G1 F4923
G1 X99.334 Y111.432 E.4711
G1 X98.166 Y111.432 E.03833
G1 X98.166 Y94.916 E.54227
G1 X115.084 Y94.916 E.55546
G1 X115.084 Y97.084 E.07117
G1 X99.394 Y97.084 E.51515
G1 X98.927 Y96.677 F18000
G1 F4923
G1 X98.927 Y111.025 E.4711
G1 X98.573 Y111.025 E.0116
G1 X98.573 Y95.323 E.51554
G1 X114.677 Y95.323 E.52873
G1 X114.677 Y96.677 E.04444
G1 X98.987 Y96.677 E.51515
G1 X108.278 Y95.672 F18000
M204 P2000
;TYPE:Sparse infill
G1 F4923
G1 X114.328 Y95.672 E.19866
G1 X114.328 Y96.328 E.02157
G2 X112.842 Y96.328 I-.743 J23.744 E.04881
G1 X106.521 Y96.328 E.20754
G2 X105.854 Y96.328 I-.334 J2.29 E.02199
G1 X99.533 Y96.328 E.20754
G2 X98.922 Y96.315 I-.365 J2.777 E.0201
G1 X98.922 Y95.672 E.02114
G1 X108.278 Y95.672 E.30719
; stop printing object SG9 Holder id:3152 copy 0
;LAYER_CHANGE
;Z:5.24
;HEIGHT:0.2
G92 E0 ; zero the extruded length again
; BEFORE_LAYER_CHANGE 25 @ 5.24mm
G1 E-1.83333 F6000
;WIPE_START
G1 F9000
G1 X107.278 Y95.672 E-.66667
;WIPE_END
; AFTER_LAYER_CHANGE 25 @ 5.24mm
;_SET_FAN_SPEED_CHANGING_LAYER
; printing object SG9 Holder id:3152 copy 0
G1 X100.54 Y121.71 Z5.24 F18000
G1 E2.5 F6000
M204 P1000
;TYPE:Outer wall
;WIDTH:0.42
G1 F3600
G1 X116.29 Y121.71 E.47901
G1 X116.29 Y126.29 E.13929
G1 X96.96 Y126.29 E.5879
G1 X96.96 Y118.577 E.23457
G1 X100.54 Y118.577 E.10888
G1 X100.54 Y121.65 E.09345
G1 X100.148 Y121.71 F18000
M204 P1500
;TYPE:Inner wall
;WIDTH:0.45
G1 F4555
G1 X100.148 Y122.102 E.01287
G1 X115.898 Y122.102 E.51712
G1 X115.898 Y125.898 E.12463
G1 X97.352 Y125.898 E.60892
G1 X97.352 Y118.969 E.22748
G1 X100.148 Y118.969 E.0918
G1 X100.148 Y121.65 E.08801
G1 X99.741 Y121.71 F18000
G1 F4555
G1 X99.741 Y122.509 E.02624
G1 X115.491 Y122.509 E.51712
G1 X115.491 Y125.491 E.0979
G1 X97.759 Y125.491 E.58219
G1 X97.759 Y119.377 E.20075
G1 X99.741 Y119.377 E.06507
G1 X99.741 Y121.65 E.07464
G1 X99.334 Y121.71 F18000
G1 F4555
G1 X99.334 Y122.916 E.0396
G1 X115.084 Y122.916 E.51712
G1 X115.084 Y125.084 E.07117
G1 X98.166 Y125.084 E.55546
G1 X98.166 Y119.784 E.17402
G1 X99.334 Y119.784 E.03833
G1 X99.334 Y121.65 E.06128
G1 X98.927 Y121.71 F18000
G1 F4555
G1 X98.927 Y123.323 E.05297
G1 X114.677 Y123.323 E.51712
G1 X114.677 Y124.677 E.04444
G1 X98.573 Y124.677 E.52873
G1 X98.573 Y120.191 E.14729
G1 X98.927 Y120.191 E.0116
G1 X98.927 Y121.65 E.04791
G1 E-1.75 F6000
;WIPE_START
G1 X98.927 Y122.65 E-.75
;WIPE_END
G1 X108.317 Y123.672 F18000
G1 E2.5 F6000
M204 P2000
;TYPE:Sparse infill
G1 F4555
G1 X114.328 Y123.672 E.19736
G1 X114.328 Y124.328 E.02157
G1 X113.388 Y124.328 E.03089
G2 X112.45 Y124.328 I-.469 J1.36 E.03137
G1 X106.399 Y124.328 E.19866
G2 X105.461 Y124.328 I-.469 J1.36 E.03137
G1 X99.411 Y124.328 E.19866
G2 X98.922 Y124.276 I-.812 J5.243 E.01617
G1 X98.922 Y123.672 E.01984
G1 X108.317 Y123.672 E.3085
G1 E-1.83333 F6000
;WIPE_START
G1 F9000
G1 X107.317 Y123.672 E-.66667
;WIPE_END
G1 X100.54 Y98.29 F18000
G1 E2.5 F6000
M204 P1000
;TYPE:Outer wall
;WIDTH:0.42
G1 F3600
G1 X100.54 Y112.423 E.42982
G1 X96.96 Y112.423 E.10888
G1 X96.96 Y93.71 E.56912
G1 X116.29 Y93.71 E.5879
G1 X116.29 Y98.29 E.13929
G1 X100.6 Y98.29 E.47719
G1 X100.148 Y97.898 F18000
M204 P1500
;TYPE:Inner wall
;WIDTH:0.45
G1 F4555
G1 X100.148 Y112.031 E.46402
G1 X97.352 Y112.031 E.0918
G1 X97.352 Y94.102 E.58865
G1 X115.898 Y94.102 E.60892
G1 X115.898 Y97.898 E.12463
G1 X100.208 Y97.898 E.51515
G1 X99.741 Y97.491 F18000
G1 F4555
G1 X99.741 Y111.623 E.46402
G1 X97.759 Y111.623 E.06507
G1 X97.759 Y94.509 E.56192
G1 X115.491 Y94.509 E.58219
G1 X115.491 Y97.491 E.0979
G1 X99.801 Y97.491 E.51515
G1 X99.334 Y97.084 F18000
G1 F4555
G1 X99.334 Y111.216 E.46402
G1 X98.166 Y111.216 E.03833
G1 X98.166 Y94.916 E.53519
G1 X115.084 Y94.916 E.55546
G1 X115.084 Y97.084 E.07117
G1 X99.394 Y97.084 E.51515
G1 X98.927 Y96.677 F18000
G1 F4555
G1 X98.927 Y110.809 E.46402
G1 X98.573 Y110.809 E.0116
G1 X98.573 Y95.323 E.50846
G1 X114.677 Y95.323 E.52873
G1 X114.677 Y96.677 E.04444
G1 X98.987 Y96.677 E.51515
; stop printing object SG9 Holder id:3152 copy 0
;LAYER_CHANGE
;Z:5.44
;HEIGHT:0.2
G92 E0 ; zero the extruded length again
; BEFORE_LAYER_CHANGE 26 @ 5.44mm
G1 E-1.75 F6000
;WIPE_START
G1 X98.982 Y97.677 E-.75
;WIPE_END
; AFTER_LAYER_CHANGE 26 @ 5.44mm
;_SET_FAN_SPEED_CHANGING_LAYER
; printing object SG9 Holder id:3152 copy 0
G1 X100.54 Y121.71 Z5.44 F18000
G1 E2.5 F6000
M204 P1000
;TYPE:Outer wall
;WIDTH:0.42
G1 F3600
G1 X116.29 Y121.71 E.47901
G1 X116.29 Y126.29 E.13929
G1 X96.96 Y126.29 E.5879
G1 X96.96 Y118.763 E.22893
G1 X100.54 Y118.763 E.10888
G1 X100.54 Y121.65 E.08781
G1 X100.148 Y121.71 F18000
M204 P1500
;TYPE:Inner wall
;WIDTH:0.45
G1 F4806
G1 X100.148 Y122.102 E.01287
G1 X115.898 Y122.102 E.51712
G1 X115.898 Y125.898 E.12463
G1 X97.352 Y125.898 E.60892
G1 X97.352 Y119.155 E.2214
G1 X100.148 Y119.155 E.0918
G1 X100.148 Y121.65 E.08192
G1 X99.741 Y121.71 F18000
G1 F4806
G1 X99.741 Y122.509 E.02624
G1 X115.491 Y122.509 E.51712
G1 X115.491 Y125.491 E.0979
G1 X97.759 Y125.491 E.58219
G1 X97.759 Y119.562 E.19467
G1 X99.741 Y119.562 E.06507
G1 X99.741 Y121.65 E.06856
G1 X99.334 Y121.71 F18000
G1 F4806
G1 X99.334 Y122.916 E.0396
G1 X115.084 Y122.916 E.51712
G1 X115.084 Y125.084 E.07117
G1 X98.166 Y125.084 E.55546
G1 X98.166 Y119.969 E.16794
G1 X99.334 Y119.969 E.03833
G1 X99.334 Y121.65 E.05519
G1 X98.927 Y121.71 F18000
G1 F4806
G1 X98.927 Y123.323 E.05297
G1 X114.677 Y123.323 E.51712
G1 X114.677 Y124.677 E.04444
G1 X98.573 Y124.677 E.52873
G1 X98.573 Y120.376 E.1412
G1 X98.927 Y120.376 E.0116
G1 X98.927 Y121.65 E.04183
G1 E-1.75 F6000
;WIPE_START
G1 X98.927 Y122.65 E-.75
;WIPE_END
G1 X114.237 Y123.763 F18000
G1 E2.5 F6000
M204 P2000
;TYPE:Internal solid infill
;WIDTH:0.516065
G1 F4806
G1 X99.013 Y123.763 E.58094
G1 X99.013 Y124.237 E.01806
G1 X114.237 Y124.237 E.58094
G1 X114.237 Y123.823 E.01577
G1 E-1.75 F6000
;WIPE_START
G1 X114.237 Y124.237 E-.30986
G1 X113.65 Y124.237 E-.44014
;WIPE_END
G1 X100.54 Y98.29 F18000
G1 E2.5 F6000
M204 P1000
;TYPE:Outer wall
;WIDTH:0.42
G1 F3600
G1 X100.54 Y112.237 E.42419
G1 X96.96 Y112.237 E.10888
G1 X96.96 Y93.71 E.56348
G1 X116.29 Y93.71 E.5879
G1 X116.29 Y98.29 E.13929
G1 X100.6 Y98.29 E.47719
G1 X100.148 Y97.898 F18000
M204 P1500
;TYPE:Inner wall
;WIDTH:0.45
G1 F4806
G1 X100.148 Y111.845 E.45793
G1 X97.352 Y111.845 E.0918
G1 X97.352 Y94.102 E.58257
G1 X115.898 Y94.102 E.60892
G1 X115.898 Y97.898 E.12463
G1 X100.208 Y97.898 E.51515
G1 X99.741 Y97.491 F18000
G1 F4806
G1 X99.741 Y111.438 E.45793
G1 X97.759 Y111.438 E.06507
G1 X97.759 Y94.509 E.55583
G1 X115.491 Y94.509 E.58219
G1 X115.491 Y97.491 E.0979
G1 X99.801 Y97.491 E.51515
G1 X99.334 Y97.084 F18000
G1 F4806
G1 X99.334 Y111.031 E.45793
G1 X98.166 Y111.031 E.03833
G1 X98.166 Y94.916 E.5291
G1 X115.084 Y94.916 E.55546
G1 X115.084 Y97.084 E.07117
G1 X99.394 Y97.084 E.51515
G1 X98.927 Y96.677 F18000
G1 F4806
G1 X98.927 Y110.624 E.45793
G1 X98.573 Y110.624 E.0116
G1 X98.573 Y95.323 E.50237
G1 X114.677 Y95.323 E.52873
G1 X114.677 Y96.677 E.04444
G1 X98.987 Y96.677 E.51515
G1 X101.842 Y95.672 F18000
M204 P2000
;TYPE:Sparse infill
G1 F4806
G1 X98.922 Y95.672 E.0959
G1 X98.922 Y96.328 E.02157
G1 X105.344 Y96.328 E.21087
G3 X106.004 Y96.328 I.33 J2.307 E.02175
G1 X112.332 Y96.328 E.20777
G3 X112.993 Y96.328 I.33 J2.307 E.02175
G1 X114.328 Y96.328 E.04386
G1 X114.328 Y95.672 E.02157
G1 X106.321 Y95.672 E.26291
; stop printing object SG9 Holder id:3152 copy 0
;LAYER_CHANGE
;Z:5.64
;HEIGHT:0.2
G92 E0 ; zero the extruded length again
; BEFORE_LAYER_CHANGE 27 @ 5.64mm
G1 E-1.83333 F6000
;WIPE_START
G1 F9000
G1 X107.321 Y95.672 E-.66667
;WIPE_END
; AFTER_LAYER_CHANGE 27 @ 5.64mm
;_SET_FAN_SPEED_CHANGING_LAYER
; printing object SG9 Holder id:3152 copy 0
G1 X100.54 Y121.71 Z5.64 F18000
G1 E2.5 F6000
M204 P1000
;TYPE:Outer wall
;WIDTH:0.42
G1 F3600
G1 X116.29 Y121.71 E.47901
G1 X116.29 Y126.29 E.13929
G1 X96.96 Y126.29 E.5879
G1 X96.96 Y118.927 E.22393
G1 X100.54 Y118.927 E.10888
G1 X100.54 Y121.65 E.08281
G1 X100.148 Y121.71 F18000
M204 P1500
;TYPE:Inner wall
;WIDTH:0.45
G1 F4781
G1 X100.148 Y122.102 E.01287
G1 X115.898 Y122.102 E.51712
G1 X115.898 Y125.898 E.12463
G1 X97.352 Y125.898 E.60892
G1 X97.352 Y119.319 E.216
G1 X100.148 Y119.319 E.0918
G1 X100.148 Y121.65 E.07653
G1 X99.741 Y121.71 F18000
G1 F4781
G1 X99.741 Y122.509 E.02624
G1 X115.491 Y122.509 E.51712
G1 X115.491 Y125.491 E.0979
G1 X97.759 Y125.491 E.58219
G1 X97.759 Y119.726 E.18927
G1 X99.741 Y119.726 E.06507
G1 X99.741 Y121.65 E.06316
G1 X99.334 Y121.71 F18000
G1 F4781
G1 X99.334 Y122.916 E.0396
G1 X115.084 Y122.916 E.51712
G1 X115.084 Y125.084 E.07117
G1 X98.166 Y125.084 E.55546
G1 X98.166 Y120.133 E.16254
G1 X99.334 Y120.133 E.03833
G1 X99.334 Y121.65 E.0498
G1 X98.927 Y121.71 F18000
G1 F4781
G1 X98.927 Y123.323 E.05297
G1 X114.677 Y123.323 E.51712
G1 X114.677 Y124.677 E.04444
G1 X98.573 Y124.677 E.52873
G1 X98.573 Y120.54 E.13581
G1 X98.927 Y120.54 E.0116
G1 X98.927 Y121.65 E.03643
G1 E-1.75 F6000
;WIPE_START
G1 X98.927 Y122.65 E-.75
;WIPE_END
G1 X114.237 Y123.763 F18000
G1 E2.5 F6000
M204 P2000
;TYPE:Internal solid infill
;WIDTH:0.516065
G1 F4781
G1 X99.013 Y123.763 E.58094
G1 X99.013 Y124.237 E.01806
G1 X114.237 Y124.237 E.58094
G1 X114.237 Y123.823 E.01577
G1 E-1.75 F6000
;WIPE_START
G1 X114.237 Y124.237 E-.30986
G1 X113.65 Y124.237 E-.44014
;WIPE_END
G1 X100.54 Y98.29 F18000
G1 E2.5 F6000
M204 P1000
;TYPE:Outer wall
;WIDTH:0.42
G1 F3600
G1 X100.54 Y112.073 E.41919
G1 X96.96 Y112.073 E.10888
G1 X96.96 Y93.71 E.55848
G1 X116.29 Y93.71 E.5879
G1 X116.29 Y98.29 E.13929
G1 X100.6 Y98.29 E.47719
G1 X100.148 Y97.898 F18000
M204 P1500
;TYPE:Inner wall
;WIDTH:0.45
G1 F4781
G1 X100.148 Y111.681 E.45254
G1 X97.352 Y111.681 E.0918
G1 X97.352 Y94.102 E.57717
G1 X115.898 Y94.102 E.60892
G1 X115.898 Y97.898 E.12463
G1 X100.208 Y97.898 E.51515
G1 X99.741 Y97.491 F18000
G1 F4781
G1 X99.741 Y111.274 E.45254
G1 X97.759 Y111.274 E.06507
G1 X97.759 Y94.509 E.55044
G1 X115.491 Y94.509 E.58219
G1 X115.491 Y97.491 E.0979
G1 X99.801 Y97.491 E.51515
G1 X99.334 Y97.084 F18000
G1 F4781
G1 X99.334 Y110.867 E.45254
G1 X98.166 Y110.867 E.03833
G1 X98.166 Y94.916 E.52371
G1 X115.084 Y94.916 E.55546
G1 X115.084 Y97.084 E.07117
G1 X99.394 Y97.084 E.51515
G1 X98.927 Y96.677 F18000
G1 F4781
G1 X98.927 Y110.46 E.45254
G1 X98.573 Y110.46 E.0116
G1 X98.573 Y95.323 E.49697
G1 X114.677 Y95.323 E.52873
G1 X114.677 Y96.677 E.04444
G1 X98.987 Y96.677 E.51515
G1 X102.376 Y95.672 F18000
M204 P2000
;TYPE:Sparse infill
G1 F4781
G1 X98.922 Y95.672 E.11342
G1 X98.922 Y96.328 E.02157
G1 X104.81 Y96.328 E.19335
G3 X106.053 Y96.328 I.621 J1.527 E.04184
G1 X111.799 Y96.328 E.18865
G3 X113.042 Y96.328 I.621 J1.527 E.04184
G1 X114.328 Y96.328 E.04225
G1 X114.328 Y95.672 E.02157
G1 X106.272 Y95.672 E.26452
; stop printing object SG9 Holder id:3152 copy 0
;LAYER_CHANGE
;Z:5.84
;HEIGHT:0.2
G92 E0 ; zero the extruded length again
; BEFORE_LAYER_CHANGE 28 @ 5.84mm
G1 E-1.83333 F6000
;WIPE_START
G1 F9000
G1 X107.272 Y95.672 E-.66667
;WIPE_END
; AFTER_LAYER_CHANGE 28 @ 5.84mm
;_SET_FAN_SPEED_CHANGING_LAYER
; printing object SG9 Holder id:3152 copy 0
G1 X100.54 Y121.71 Z5.84 F18000
G1 E2.5 F6000
M204 P1000
;TYPE:Outer wall
;WIDTH:0.42
G1 F3600
G1 X116.29 Y121.71 E.47901
G1 X116.29 Y126.29 E.13929
G1 X96.96 Y126.29 E.5879
G1 X96.96 Y119.07 E.2196
G1 X100.54 Y119.07 E.10888
G1 X100.54 Y121.65 E.07848
G1 X100.148 Y121.71 F18000
M204 P1500
;TYPE:Inner wall
;WIDTH:0.45
G1 F4760
G1 X100.148 Y122.102 E.01287
G1 X115.898 Y122.102 E.51712
G1 X115.898 Y125.898 E.12463
G1 X97.352 Y125.898 E.60892
G1 X97.352 Y119.462 E.21132
G1 X100.148 Y119.462 E.0918
G1 X100.148 Y121.65 E.07185
G1 X99.741 Y121.71 F18000
G1 F4760
G1 X99.741 Y122.509 E.02624
G1 X115.491 Y122.509 E.51712
G1 X115.491 Y125.491 E.0979
G1 X97.759 Y125.491 E.58219
G1 X97.759 Y119.869 E.18459
G1 X99.741 Y119.869 E.06507
G1 X99.741 Y121.65 E.05848
G1 X99.334 Y121.71 F18000
G1 F4760
G1 X99.334 Y122.916 E.0396
G1 X115.084 Y122.916 E.51712
G1 X115.084 Y125.084 E.07117
G1 X98.166 Y125.084 E.55546
G1 X98.166 Y120.276 E.15786
G1 X99.334 Y120.276 E.03833
G1 X99.334 Y121.65 E.04512
G1 X98.927 Y121.71 F18000
G1 F4760
G1 X98.927 Y123.323 E.05297
G1 X114.677 Y123.323 E.51712
G1 X114.677 Y124.677 E.04444
G1 X98.573 Y124.677 E.52873
G1 X98.573 Y120.683 E.13113
G1 X98.927 Y120.683 E.0116
G1 X98.927 Y121.65 E.03175
G1 E-1.75 F6000
;WIPE_START
G1 X98.927 Y122.65 E-.75
;WIPE_END
G1 X114.237 Y123.763 F18000
G1 E2.5 F6000
M204 P2000
;TYPE:Internal solid infill
;WIDTH:0.516065
G1 F4760
G1 X99.013 Y123.763 E.58094
G1 X99.013 Y124.237 E.01806
G1 X114.237 Y124.237 E.58094
G1 X114.237 Y123.823 E.01577
G1 E-1.75 F6000
;WIPE_START
G1 X114.237 Y124.237 E-.30986
G1 X113.65 Y124.237 E-.44014
;WIPE_END
G1 X100.54 Y98.29 F18000
G1 E2.5 F6000
M204 P1000
;TYPE:Outer wall
;WIDTH:0.42
G1 F3600
G1 X100.54 Y111.93 E.41485
G1 X96.96 Y111.93 E.10888
G1 X96.96 Y93.71 E.55415
G1 X116.29 Y93.71 E.5879
G1 X116.29 Y98.29 E.13929
G1 X100.6 Y98.29 E.47719
G1 X100.148 Y97.898 F18000
M204 P1500
;TYPE:Inner wall
;WIDTH:0.45
G1 F4760
G1 X100.148 Y111.538 E.44786
G1 X97.352 Y111.538 E.0918
G1 X97.352 Y94.102 E.57249
G1 X115.898 Y94.102 E.60892
G1 X115.898 Y97.898 E.12463
G1 X100.208 Y97.898 E.51515
G1 X99.741 Y97.491 F18000
G1 F4760
G1 X99.741 Y111.131 E.44786
G1 X97.759 Y111.131 E.06507
G1 X97.759 Y94.509 E.54576
G1 X115.491 Y94.509 E.58219
G1 X115.491 Y97.491 E.0979
G1 X99.801 Y97.491 E.51515
G1 X99.334 Y97.084 F18000
G1 F4760
G1 X99.334 Y110.724 E.44786
G1 X98.166 Y110.724 E.03833
G1 X98.166 Y94.916 E.51903
G1 X115.084 Y94.916 E.55546
G1 X115.084 Y97.084 E.07117
G1 X99.394 Y97.084 E.51515
G1 X98.927 Y96.677 F18000
G1 F4760
G1 X98.927 Y110.317 E.44786
G1 X98.573 Y110.317 E.0116
G1 X98.573 Y95.323 E.49229
G1 X114.677 Y95.323 E.52873
G1 X114.677 Y96.677 E.04444
G1 X98.987 Y96.677 E.51515
G1 X102.808 Y95.672 F18000
M204 P2000
;TYPE:Sparse infill
G1 F4760
G1 X98.922 Y95.672 E.12761
G1 X98.922 Y96.328 E.02157
G1 X104.378 Y96.328 E.17916
G3 X105.056 Y96.058 I.599 J.517 E.02489
G1 X105.929 Y96.236 E.02927
G1 X106.115 Y96.328 E.00683
G1 X111.367 Y96.328 E.17241
G3 X112.044 Y96.058 I.599 J.517 E.02489
G1 X112.918 Y96.236 E.02927
G1 X113.104 Y96.328 E.00683
G1 X114.328 Y96.328 E.04021
G1 X114.328 Y95.672 E.02157
G1 X106.21 Y95.672 E.26656
; stop printing object SG9 Holder id:3152 copy 0
;LAYER_CHANGE
;Z:6.04
;HEIGHT:0.2
G92 E0 ; zero the extruded length again
; BEFORE_LAYER_CHANGE 29 @ 6.04mm
G1 E-1.83333 F6000
;WIPE_START
G1 F9000
G1 X107.21 Y95.672 E-.66667
;WIPE_END
; AFTER_LAYER_CHANGE 29 @ 6.04mm
;_SET_FAN_SPEED_CHANGING_LAYER
; printing object SG9 Holder id:3152 copy 0
G1 X100.54 Y121.71 Z6.04 F18000
G1 E2.5 F6000
M204 P1000
;TYPE:Outer wall
;WIDTH:0.42
G1 F3600
G1 X116.29 Y121.71 E.47901
G1 X116.29 Y126.29 E.13929
G1 X96.96 Y126.29 E.5879
G1 X96.96 Y119.196 E.21575
G1 X100.54 Y119.196 E.10888
G1 X100.54 Y121.65 E.07463
G1 X100.148 Y121.71 F18000
M204 P1500
;TYPE:Inner wall
;WIDTH:0.45
G1 F4947
G1 X100.148 Y122.102 E.01287
G1 X115.898 Y122.102 E.51712
G1 X115.898 Y125.898 E.12463
G1 X97.352 Y125.898 E.60892
G1 X97.352 Y119.588 E.20717
G1 X100.148 Y119.588 E.0918
G1 X100.148 Y121.65 E.06769
G1 X99.741 Y121.71 F18000
G1 F4947
G1 X99.741 Y122.509 E.02624
G1 X115.491 Y122.509 E.51712
G1 X115.491 Y125.491 E.0979
G1 X97.759 Y125.491 E.58219
G1 X97.759 Y119.995 E.18044
G1 X99.741 Y119.995 E.06507
G1 X99.741 Y121.65 E.05433
G1 X99.334 Y121.71 F18000
G1 F4947
G1 X99.334 Y122.916 E.0396
G1 X115.084 Y122.916 E.51712
G1 X115.084 Y125.084 E.07117
G1 X98.166 Y125.084 E.55546
G1 X98.166 Y120.402 E.1537
G1 X99.334 Y120.402 E.03833
G1 X99.334 Y121.65 E.04096
G1 X98.927 Y121.71 F18000
G1 F4947
G1 X98.927 Y123.323 E.05297
G1 X114.677 Y123.323 E.51712
G1 X114.677 Y124.677 E.04444
G1 X98.573 Y124.677 E.52873
G1 X98.573 Y120.809 E.12697
G1 X98.927 Y120.809 E.0116
G1 X98.927 Y121.65 E.0276
G1 E-1.75 F6000
;WIPE_START
G1 X98.927 Y122.65 E-.75
;WIPE_END
G1 X102.466 Y123.763 F18000
G1 E2.5 F6000
M204 P2000
;TYPE:Internal solid infill
;WIDTH:0.516065
G1 F4947
G1 X99.013 Y123.763 E.13177
G1 X99.013 Y124.237 E.01806
G1 X102.466 Y124.237 E.13177
G1 X102.466 Y123.823 E.01577
G1 X103.284 Y124.402 F18000
;TYPE:Gap infill
;WIDTH:0.163409
G1 F4947
G1 X102.965 Y124.417 E.00311
G1 X102.91 Y124.393 E.00057
;WIDTH:0.226723
G1 X102.856 Y124.369 E.00088
;WIDTH:0.279406
G1 X102.83 Y124.346 E.00067
G1 X102.812 Y123.941 E.00773
;WIDTH:0.272383
G1 X102.825 Y123.649 E.0054
G1 X102.85 Y123.627 E.00061
;WIDTH:0.22117
G1 X102.902 Y123.605 E.00082
;WIDTH:0.176234
G1 X102.955 Y123.582 E.00062
;WIDTH:0.169788
G1 X103.27 Y123.598 E.00322
G1 X103.137 Y123.657 F18000
M204 P1000
;TYPE:Top surface
;WIDTH:0.42
G1 F3600
G1 X103.11 Y123.923 E.00815
G1 X103.147 Y124.343 E.01283
G1 X103.509 Y123.657 F18000
G1 F3600
G1 X103.491 Y124.074 E.01272
G1 X103.535 Y124.343 E.00829
G1 X103.714 Y124.314 F18000
M204 P2000
;TYPE:Gap infill
;WIDTH:0.171056
G1 F4947
G1 X103.66 Y124.399 E.00104
G1 X103.737 Y124.422 E.00084
;WIDTH:0.168007
G1 X104.045 Y124.399 E.00312
G1 X104.08 Y124.424 E.00043
;WIDTH:0.127553
G2 X104.264 Y124.417 I.085 J-.203 E.00129
;WIDTH:0.161755
G1 X104.389 Y124.395 E.00122
;WIDTH:0.195497
G1 X104.515 Y124.374 E.00157
G1 X104.304 Y124.343 F18000
M204 P1000
;TYPE:Top surface
;WIDTH:0.42
G1 F3600
G1 X104.275 Y124.262 E.00262
G1 X104.242 Y123.883 E.01158
G1 X104.279 Y123.657 E.00699
G1 E-1.75 F6000
;WIPE_START
G1 F3600
G1 X104.242 Y123.883 E-.24737
G1 X104.275 Y124.262 E-.4099
G1 X104.304 Y124.343 E-.09273
;WIPE_END
G1 X105.126 Y124.343 F18000
G1 E2.5 F6000
G1 F3600
G1 X105.062 Y124.254 E.00335
G1 X104.995 Y123.993 E.00818
G1 X105.025 Y123.722 E.00829
G1 X105.058 Y123.657 E.00223
G1 X105.144 Y123.7 F18000
M204 P2000
;TYPE:Gap infill
;WIDTH:0.123936
G1 F4947
G1 X104.783 Y124.473 E.00558
G1 X104.705 Y124.343 F18000
M204 P1000
;TYPE:Top surface
;WIDTH:0.42
G1 F3600
G1 X104.64 Y124.166 E.00573
G1 X104.622 Y123.837 E.01005
G1 X104.665 Y123.657 E.00563
G1 X104.522 Y123.622 F18000
M204 P2000
;TYPE:Gap infill
;WIDTH:0.0903002
G1 F4947
G1 X105.026 Y123.527 E.00196
G1 X104.832 Y123.697 F18000
;WIDTH:0.154315
G1 F4947
G1 X104.795 Y123.625 E.00073
;WIDTH:0.16571
G1 X104.786 Y123.605 E.00021
G1 X104.492 Y123.57 E.00292
;WIDTH:0.142466
G1 X104.454 Y123.583 E.00033
;WIDTH:0.171828
G2 X104.408 Y123.602 I.003 J.074 E.00053
;WIDTH:0.180292
G1 X104.254 Y123.589 E.0017
;WIDTH:0.166044
G2 X104.029 Y123.597 I-.102 J.307 E.00228
G1 X104.079 Y123.671 E.00089
G1 X103.892 Y123.657 F18000
M204 P1000
;TYPE:Top surface
;WIDTH:0.42
G1 F3600
G2 X103.916 Y124.343 I1.503 J.292 E.02108
G1 X104.077 Y124.319 F18000
M204 P2000
;TYPE:Gap infill
;WIDTH:0.117139
G1 F4947
G1 X104.539 Y124.44 E.00286
G1 X104.665 Y124.417 E.00076
;WIDTH:0.16055
G1 X104.79 Y124.395 E.00121
;WIDTH:0.194225
G1 X104.916 Y124.373 E.00156
G1 X105.008 Y124.473 F18000
;WIDTH:0.327514
G1 F4947
G1 X105.384 Y124.331 E.00924
;WIDTH:0.330989
G1 X105.75 Y124.331 E.0085
G1 X105.825 Y124.311 E.00181
;WIDTH:0.387018
G1 X105.9 Y124.291 E.00216
;WIDTH:0.388731
G1 X106.016 Y124.352 E.00365
;WIDTH:0.352489
G1 X106.132 Y124.412 E.00327
;WIDTH:0.334367
G1 X106.248 Y124.473 E.00307
G1 X106.232 Y124.343 F18000
M204 P1000
;TYPE:Top surface
;WIDTH:0.42
G1 F3600
G1 X106.277 Y124.275 E.00248
G1 X106.318 Y124.04 E.00727
G1 X106.262 Y123.813 E.00712
G1 X106.136 Y123.657 E.00611
G1 X106.211 Y123.527 F18000
M204 P2000
;TYPE:Gap infill
;WIDTH:0.343104
G1 F4947
G1 X105.853 Y123.688 E.00951
;WIDTH:0.345549
G1 X105.863 Y123.75 E.00153
;WIDTH:0.290683
G1 X106.04 Y124.473 E.01488
G1 X105.9 Y124.291 F18000
;WIDTH:0.402495
G1 F4947
G3 X105.927 Y124.141 I1.08 J.116 E.00442
G1 X105.936 Y124.054 E.00255
G1 X105.871 Y123.527 E.01539
G1 X105.496 Y123.657 F18000
M204 P1000
;TYPE:Top surface
;WIDTH:0.42
G1 F3600
G1 X105.394 Y123.803 E.00542
G1 X105.373 Y124 E.00604
G1 X105.75 Y124 E.01147
G1 X106.355 Y123.628 F18000
M204 P2000
;TYPE:Gap infill
;WIDTH:0.166396
G1 F4947
G1 X106.562 Y123.596 E.00209
;WIDTH:0.142191
G1 X106.769 Y123.564 E.00168
;WIDTH:0.136921
G1 X107.234 Y123.7 E.00367
G1 X107.184 Y123.618 F18000
;WIDTH:0.130611
G1 F4947
G1 X107.558 Y123.567 E.00267
G1 X107.629 Y123.589 E.00052
;WIDTH:0.162716
G1 X107.648 Y123.603 E.00023
G1 X107.949 Y123.574 E.00292
G1 X108.068 Y123.613 E.00121
;WIDTH:0.175406
G1 X108.188 Y123.651 E.00134
G1 X108.168 Y123.657 F18000
M204 P1000
;TYPE:Top surface
;WIDTH:0.42
G1 F3600
G1 X108.2 Y124.147 E.01495
G1 X108.174 Y124.343 E.00602
G1 X107.611 Y124.327 F18000
M204 P2000
;TYPE:Gap infill
;WIDTH:0.187513
G1 F4947
G1 X107.668 Y124.401 E.00109
G1 X107.738 Y124.401 E.00082
;WIDTH:0.155804
G1 X107.977 Y124.43 E.00219
G1 X108.017 Y124.416 E.00039
;WIDTH:0.172234
G1 X108.058 Y124.401 E.00045
;WIDTH:0.168674
G1 X108.353 Y124.421 E.003
G1 X108.797 Y124.293 E.00469
G1 X108.776 Y124.283 F18000
;WIDTH:0.0933195
G1 F4947
G1 X108.769 Y124.375 E.00038
;WIDTH:0.126115
G1 X108.734 Y124.422 E.00039
;WIDTH:0.156475
G1 X108.428 Y124.399 E.00282
G1 X108.375 Y124.317 E.00089
G1 X108.555 Y124.343 F18000
M204 P1000
;TYPE:Top surface
;WIDTH:0.42
G1 F3600
G1 X108.575 Y124.215 E.00396
G1 X108.546 Y123.657 E.017
G1 X108.365 Y123.698 F18000
M204 P2000
;TYPE:Gap infill
;WIDTH:0.153878
G1 F4947
G1 X108.411 Y123.63 E.00073
;WIDTH:0.180198
G1 X108.428 Y123.604 E.00034
G1 X108.574 Y123.588 E.00163
;WIDTH:0.148491
G1 X108.721 Y123.571 E.00125
;WIDTH:0.100557
G3 X108.77 Y123.673 I-.013 J.069 E.00061
G1 X108.775 Y123.939 E.00124
G1 X108.797 Y123.903 F18000
;WIDTH:0.187137
G1 F4947
G1 X108.415 Y123.594 E.00572
;WIDTH:0.163883
G1 X108.377 Y123.581 E.00039
;WIDTH:0.15113
G1 X108.339 Y123.568 E.00035
G1 X108.124 Y123.596 E.0019
;WIDTH:0.184986
G2 X107.972 Y123.676 I-.045 J.099 E.00226
G1 X107.387 Y123.657 F18000
M204 P1000
;TYPE:Top surface
;WIDTH:0.42
G1 F3600
G1 X107.428 Y123.802 E.00461
G1 X107.442 Y124.206 E.01229
G1 X107.413 Y124.343 E.00426
G1 X107.432 Y124.347 F18000
M204 P2000
;TYPE:Gap infill
;WIDTH:0.182667
G1 F4947
G1 X107.319 Y124.386 E.00135
;WIDTH:0.163756
G1 X107.206 Y124.424 E.00116
G1 X106.9 Y124.397 E.00299
;WIDTH:0.181622
G1 X106.882 Y124.41 E.00025
;WIDTH:0.156105
G1 X106.864 Y124.423 E.0002
;WIDTH:0.127581
G1 X106.805 Y124.439 E.00042
;WIDTH:0.136007
G1 X106.664 Y124.415 E.00107
;WIDTH:0.18278
G1 X106.523 Y124.39 E.00162
G1 X106.387 Y124.473 E.0018
G1 X106.639 Y124.343 F18000
M204 P1000
;TYPE:Top surface
;WIDTH:0.42
G1 F3600
G1 X106.679 Y124.23 E.00366
G1 X106.685 Y123.927 E.00921
G1 X106.6 Y123.657 E.00862
G1 X106.789 Y123.628 F18000
M204 P2000
;TYPE:Gap infill
;WIDTH:0.178283
G1 F4947
G1 X106.913 Y123.605 E.00138
;WIDTH:0.160487
G1 X107.037 Y123.582 E.0012
;WIDTH:0.124895
G1 X107.161 Y123.559 E.00083
;WIDTH:0.120662
G1 X107.648 Y123.681 E.00315
G1 X107.773 Y123.657 F18000
M204 P1000
;TYPE:Top surface
;WIDTH:0.42
G1 F3600
G1 X107.817 Y123.884 E.00706
G1 X107.804 Y124.343 E.01397
G1 X107.824 Y124.348 F18000
M204 P2000
;TYPE:Gap infill
;WIDTH:0.174955
G1 F4947
G1 X107.706 Y124.388 E.00133
;WIDTH:0.153862
G1 X107.588 Y124.427 E.00111
G1 X107.289 Y124.396 E.00269
G1 X107.231 Y124.305 E.00097
G1 X107.029 Y124.343 F18000
M204 P1000
;TYPE:Top surface
;WIDTH:0.42
G1 F3600
G1 X107.07 Y124.114 E.00709
G1 X107.036 Y123.759 E.01083
G1 X106.997 Y123.657 E.00335
G1 X109.034 Y123.763 F18000
M204 P2000
;TYPE:Internal solid infill
;WIDTH:0.516065
G1 F4947
G1 X109.034 Y124.237 E.01806
G1 X114.237 Y124.237 E.19855
G1 X114.237 Y123.763 E.01806
G1 X109.094 Y123.763 E.19626
G1 E-1.75 F6000
;WIPE_START
G1 X110.094 Y123.763 E-.75
;WIPE_END
G1 X100.54 Y98.29 F18000
G1 E2.5 F6000
M204 P1000
;TYPE:Outer wall
;WIDTH:0.42
G1 F3600
G1 X100.54 Y111.804 E.41101
G1 X96.96 Y111.804 E.10888
G1 X96.96 Y93.71 E.5503
G1 X116.29 Y93.71 E.5879
G1 X116.29 Y98.29 E.13929
G1 X100.6 Y98.29 E.47719
G1 X100.148 Y97.898 F18000
M204 P1500
;TYPE:Inner wall
;WIDTH:0.45
G1 F4947
G1 X100.148 Y111.412 E.4437
G1 X97.352 Y111.412 E.0918
G1 X97.352 Y94.102 E.56833
G1 X115.898 Y94.102 E.60892
G1 X115.898 Y97.898 E.12463
G1 X100.208 Y97.898 E.51515
G1 X99.741 Y97.491 F18000
G1 F4947
G1 X99.741 Y111.005 E.4437
G1 X97.759 Y111.005 E.06507
G1 X97.759 Y94.509 E.5416
G1 X115.491 Y94.509 E.58219
G1 X115.491 Y97.491 E.0979
G1 X99.801 Y97.491 E.51515
G1 X99.334 Y97.084 F18000
G1 F4947
G1 X99.334 Y110.598 E.4437
G1 X98.166 Y110.598 E.03833
G1 X98.166 Y94.916 E.51487
G1 X115.084 Y94.916 E.55546
G1 X115.084 Y97.084 E.07117
G1 X99.394 Y97.084 E.51515
G1 X98.927 Y96.677 F18000
G1 F4947
G1 X98.927 Y110.191 E.4437
G1 X98.573 Y110.191 E.0116
G1 X98.573 Y95.323 E.48814
G1 X114.677 Y95.323 E.52873
G1 X114.677 Y96.677 E.04444
G1 X98.987 Y96.677 E.51515
G1 X103.175 Y95.672 F18000
M204 P2000
;TYPE:Sparse infill
G1 F4947
G1 X98.922 Y95.672 E.13964
G1 X98.922 Y96.328 E.02157
G1 X104.012 Y96.328 E.16712
G1 X104.182 Y96.012 E.01181
G1 X104.619 Y95.777 E.01627
G3 X106.185 Y96.328 I-.626 J4.283 E.05486
G1 X111 Y96.328 E.15808
G1 X111.171 Y96.012 E.01181
G1 X111.607 Y95.777 E.01627
G3 X113.174 Y96.328 I-.626 J4.283 E.05486
G1 X114.328 Y96.328 E.03791
G1 X114.328 Y95.672 E.02157
G1 X112.533 Y95.672 E.05896
; stop printing object SG9 Holder id:3152 copy 0
;LAYER_CHANGE
;Z:6.24
;HEIGHT:0.2
G92 E0 ; zero the extruded length again
; BEFORE_LAYER_CHANGE 30 @ 6.24mm
G1 E-1.83333 F6000
;WIPE_START
G1 F9000
G1 X113.533 Y95.672 E-.66667
;WIPE_END
; AFTER_LAYER_CHANGE 30 @ 6.24mm
;_SET_FAN_SPEED_CHANGING_LAYER
; printing object SG9 Holder id:3152 copy 0
G1 X100.54 Y98.29 Z6.24 F18000
G1 E2.5 F6000
M204 P1000
;TYPE:Outer wall
;WIDTH:0.42
G1 F3600
G1 X100.54 Y111.693 E.40762
G1 X96.96 Y111.693 E.10888
G1 X96.96 Y93.71 E.54692
G1 X116.29 Y93.71 E.5879
G1 X116.29 Y98.29 E.13929
G1 X100.6 Y98.29 E.47719
G1 X100.148 Y97.898 F18000
M204 P1500
;TYPE:Inner wall
;WIDTH:0.45
G1 F4627
G1 X100.148 Y111.301 E.44005
G1 X97.352 Y111.301 E.0918
G1 X97.352 Y94.102 E.56468
G1 X115.898 Y94.102 E.60892
G1 X115.898 Y97.898 E.12463
G1 X100.208 Y97.898 E.51515
G1 X99.741 Y97.491 F18000
G1 F4627
G1 X99.741 Y110.893 E.44005
G1 X97.759 Y110.893 E.06507
G1 X97.759 Y94.509 E.53795
G1 X115.491 Y94.509 E.58219
G1 X115.491 Y97.491 E.0979
G1 X99.801 Y97.491 E.51515
G1 X99.334 Y97.084 F18000
G1 F4627
G1 X99.334 Y110.486 E.44005
G1 X98.166 Y110.486 E.03833
G1 X98.166 Y94.916 E.51122
G1 X115.084 Y94.916 E.55546
G1 X115.084 Y97.084 E.07117
G1 X99.394 Y97.084 E.51515
G1 X98.927 Y96.677 F18000
G1 F4627
G1 X98.927 Y110.079 E.44005
G1 X98.573 Y110.079 E.0116
G1 X98.573 Y95.323 E.48449
G1 X114.677 Y95.323 E.52873
G1 X114.677 Y96.677 E.04444
G1 X98.987 Y96.677 E.51515
G1 E-1.75 F6000
;WIPE_START
G1 X98.982 Y97.677 E-.75
;WIPE_END
G1 X114.237 Y96.237 F18000
G1 E2.5 F6000
M204 P2000
;TYPE:Internal solid infill
;WIDTH:0.516065
G1 F4627
G1 X114.237 Y95.763 E.01806
G1 X99.013 Y95.763 E.58094
G1 X99.013 Y96.237 E.01806
G1 X114.177 Y96.237 E.57865
G1 E-1.75 F6000
;WIPE_START
G1 X113.177 Y96.237 E-.75
;WIPE_END
G1 X100.54 Y121.71 F18000
G1 E2.5 F6000
M204 P1000
;TYPE:Outer wall
;WIDTH:0.42
G1 F3600
G1 X104.54 Y121.71 E.12165
G1 X104.54 Y126.29 E.13929
G1 X96.96 Y126.29 E.23054
G1 X96.96 Y119.307 E.21237
G1 X100.54 Y119.307 E.10888
G1 X100.54 Y121.65 E.07125
G1 X100.54 Y122.102 F18000
M204 P1500
;TYPE:Inner wall
;WIDTH:0.45
G1 F4627
G1 X104.148 Y122.102 E.11846
G1 X104.148 Y125.898 E.12463
G1 X97.352 Y125.898 E.22313
G1 X97.352 Y119.699 E.20352
G1 X100.148 Y119.699 E.0918
G1 X100.148 Y122.102 E.07889
G1 X100.48 Y122.102 E.0109
G1 X100.54 Y122.509 F18000
G1 F4627
G1 X103.741 Y122.509 E.10509
G1 X103.741 Y125.491 E.0979
G1 X97.759 Y125.491 E.1964
G1 X97.759 Y120.107 E.17679
G1 X99.741 Y120.107 E.06507
G1 X99.741 Y122.509 E.07889
G1 X100.48 Y122.509 E.02427
G1 X100.54 Y122.916 F18000
G1 F4627
G1 X103.334 Y122.916 E.09173
G1 X103.334 Y125.084 E.07117
G1 X98.166 Y125.084 E.16967
G1 X98.166 Y120.514 E.15005
G1 X99.334 Y120.514 E.03833
G1 X99.334 Y122.916 E.07889
G1 X100.48 Y122.916 E.03763
G1 X100.54 Y123.323 F18000
G1 F4627
G1 X102.927 Y123.323 E.07836
G1 X102.927 Y124.677 E.04444
G1 X98.573 Y124.677 E.14294
G1 X98.573 Y120.921 E.12332
G1 X98.927 Y120.921 E.0116
G1 X98.927 Y123.323 E.07889
G1 X100.48 Y123.323 E.051
G1 X102.487 Y123.763 F18000
M204 P2000
;TYPE:Internal solid infill
;WIDTH:0.516065
G1 F4627
G1 X99.013 Y123.763 E.13254
G1 X99.013 Y124.237 E.01806
G1 X102.487 Y124.237 E.13254
G1 X102.487 Y123.823 E.01577
G1 E-1.75 F6000
;WIPE_START
G1 X102.487 Y124.237 E-.30986
G1 X101.9 Y124.237 E-.44014
;WIPE_END
G1 X106.96 Y121.71 F18000
G1 E2.5 F6000
M204 P1000
;TYPE:Outer wall
;WIDTH:0.42
G1 F3600
G1 X116.29 Y121.71 E.28376
G1 X116.29 Y126.29 E.13929
G1 X106.96 Y126.29 E.28376
G1 X106.96 Y121.77 E.13747
G1 X107.352 Y122.102 F18000
M204 P1500
;TYPE:Inner wall
;WIDTH:0.45
G1 F4627
G1 X115.898 Y122.102 E.28059
G1 X115.898 Y125.898 E.12463
G1 X107.352 Y125.898 E.28059
G1 X107.352 Y122.162 E.12266
G1 X107.759 Y122.509 F18000
G1 F4627
G1 X115.491 Y122.509 E.25386
G1 X115.491 Y125.491 E.0979
G1 X107.759 Y125.491 E.25386
G1 X107.759 Y122.569 E.09593
G1 X108.166 Y122.916 F18000
G1 F4627
G1 X115.084 Y122.916 E.22713
G1 X115.084 Y125.084 E.07117
G1 X108.166 Y125.084 E.22713
G1 X108.166 Y122.976 E.0692
G1 X108.573 Y123.323 F18000
G1 F4627
G1 X114.677 Y123.323 E.20039
G1 X114.677 Y124.677 E.04444
G1 X108.573 Y124.677 E.20039
G1 X108.573 Y123.383 E.04247
G1 X109.013 Y123.763 F18000
M204 P2000
;TYPE:Internal solid infill
;WIDTH:0.516065
G1 F4627
G1 X109.013 Y124.237 E.01806
G1 X114.237 Y124.237 E.19932
G1 X114.237 Y123.763 E.01806
G1 X109.073 Y123.763 E.19704
; stop printing object SG9 Holder id:3152 copy 0
;LAYER_CHANGE
;Z:6.44
;HEIGHT:0.2
G92 E0 ; zero the extruded length again
; BEFORE_LAYER_CHANGE 31 @ 6.44mm
G1 E-1.75 F6000
;WIPE_START
G1 X110.073 Y123.763 E-.75
;WIPE_END
; AFTER_LAYER_CHANGE 31 @ 6.44mm
;_SET_FAN_SPEED_CHANGING_LAYER
; printing object SG9 Holder id:3152 copy 0
G1 X100.54 Y98.29 Z6.44 F18000
G1 E2.5 F6000
M204 P1000
;TYPE:Outer wall
;WIDTH:0.42
G1 F3600
G1 X100.54 Y111.597 E.40471
G1 X96.96 Y111.597 E.10888
G1 X96.96 Y93.71 E.544
G1 X116.29 Y93.71 E.5879
G1 X116.29 Y98.29 E.13929
G1 X100.6 Y98.29 E.47719
G1 X100.148 Y97.898 F18000
M204 P1500
;TYPE:Inner wall
;WIDTH:0.45
G1 F4607
G1 X100.148 Y111.205 E.4369
G1 X97.352 Y111.205 E.0918
G1 X97.352 Y94.102 E.56154
G1 X115.898 Y94.102 E.60892
G1 X115.898 Y97.898 E.12463
G1 X100.208 Y97.898 E.51515
G1 X99.741 Y97.491 F18000
G1 F4607
G1 X99.741 Y110.798 E.4369
G1 X97.759 Y110.798 E.06507
G1 X97.759 Y94.509 E.5348
G1 X115.491 Y94.509 E.58219
G1 X115.491 Y97.491 E.0979
G1 X99.801 Y97.491 E.51515
G1 X99.334 Y97.084 F18000
G1 F4607
G1 X99.334 Y110.391 E.4369
G1 X98.166 Y110.391 E.03833
G1 X98.166 Y94.916 E.50807
G1 X115.084 Y94.916 E.55546
G1 X115.084 Y97.084 E.07117
G1 X99.394 Y97.084 E.51515
G1 X98.927 Y96.677 F18000
G1 F4607
G1 X98.927 Y109.983 E.4369
G1 X98.573 Y109.983 E.0116
G1 X98.573 Y95.323 E.48134
G1 X114.677 Y95.323 E.52873
G1 X114.677 Y96.677 E.04444
G1 X98.987 Y96.677 E.51515
G1 E-1.75 F6000
;WIPE_START
G1 X98.982 Y97.677 E-.75
;WIPE_END
G1 X114.237 Y96.237 F18000
G1 E2.5 F6000
M204 P2000
;TYPE:Internal solid infill
;WIDTH:0.516065
G1 F4607
G1 X114.237 Y95.763 E.01806
G1 X99.013 Y95.763 E.58094
G1 X99.013 Y96.237 E.01806
G1 X114.177 Y96.237 E.57865
G1 E-1.75 F6000
;WIPE_START
G1 X113.177 Y96.237 E-.75
;WIPE_END
G1 X100.54 Y121.71 F18000
G1 E2.5 F6000
M204 P1000
;TYPE:Outer wall
;WIDTH:0.42
G1 F3600
G1 X104.54 Y121.71 E.12165
G1 X104.54 Y126.29 E.13929
G1 X96.96 Y126.29 E.23054
G1 X96.96 Y119.403 E.20945
G1 X100.54 Y119.403 E.10888
G1 X100.54 Y121.65 E.06833
G1 X100.54 Y122.102 F18000
M204 P1500
;TYPE:Inner wall
;WIDTH:0.45
G1 F4607
G1 X104.148 Y122.102 E.11846
G1 X104.148 Y125.898 E.12463
G1 X97.352 Y125.898 E.22313
G1 X97.352 Y119.795 E.20037
G1 X100.148 Y119.795 E.0918
G1 X100.148 Y122.102 E.07574
G1 X100.48 Y122.102 E.0109
G1 X100.54 Y122.509 F18000
G1 F4607
G1 X103.741 Y122.509 E.10509
G1 X103.741 Y125.491 E.0979
G1 X97.759 Y125.491 E.1964
G1 X97.759 Y120.202 E.17364
G1 X99.741 Y120.202 E.06507
G1 X99.741 Y122.509 E.07574
G1 X100.48 Y122.509 E.02427
G1 X100.54 Y122.916 F18000
G1 F4607
G1 X103.334 Y122.916 E.09173
G1 X103.334 Y125.084 E.07117
G1 X98.166 Y125.084 E.16967
G1 X98.166 Y120.609 E.14691
G1 X99.334 Y120.609 E.03833
G1 X99.334 Y122.916 E.07574
G1 X100.48 Y122.916 E.03763
G1 X100.54 Y123.323 F18000
G1 F4607
G1 X102.927 Y123.323 E.07836
G1 X102.927 Y124.677 E.04444
G1 X98.573 Y124.677 E.14294
G1 X98.573 Y121.017 E.12017
G1 X98.927 Y121.017 E.0116
G1 X98.927 Y123.323 E.07574
G1 X100.48 Y123.323 E.051
G1 X102.487 Y123.763 F18000
M204 P2000
;TYPE:Internal solid infill
;WIDTH:0.516065
G1 F4607
G1 X99.013 Y123.763 E.13254
G1 X99.013 Y124.237 E.01806
G1 X102.487 Y124.237 E.13254
G1 X102.487 Y123.823 E.01577
G1 E-1.75 F6000
;WIPE_START
G1 X102.487 Y124.237 E-.30986
G1 X101.9 Y124.237 E-.44014
;WIPE_END
G1 X106.96 Y121.71 F18000
G1 E2.5 F6000
M204 P1000
;TYPE:Outer wall
;WIDTH:0.42
G1 F3600
G1 X116.29 Y121.71 E.28376
G1 X116.29 Y126.29 E.13929
G1 X106.96 Y126.29 E.28376
G1 X106.96 Y121.77 E.13747
G1 X107.352 Y122.102 F18000
M204 P1500
;TYPE:Inner wall
;WIDTH:0.45
G1 F4607
G1 X115.898 Y122.102 E.28059
G1 X115.898 Y125.898 E.12463
G1 X107.352 Y125.898 E.28059
G1 X107.352 Y122.162 E.12266
G1 X107.759 Y122.509 F18000
G1 F4607
G1 X115.491 Y122.509 E.25386
G1 X115.491 Y125.491 E.0979
G1 X107.759 Y125.491 E.25386
G1 X107.759 Y122.569 E.09593
G1 X108.166 Y122.916 F18000
G1 F4607
G1 X115.084 Y122.916 E.22713
G1 X115.084 Y125.084 E.07117
G1 X108.166 Y125.084 E.22713
G1 X108.166 Y122.976 E.0692
G1 X108.573 Y123.323 F18000
G1 F4607
G1 X114.677 Y123.323 E.20039
G1 X114.677 Y124.677 E.04444
G1 X108.573 Y124.677 E.20039
G1 X108.573 Y123.383 E.04247
G1 X109.013 Y123.763 F18000
M204 P2000
;TYPE:Internal solid infill
;WIDTH:0.516065
G1 F4607
G1 X109.013 Y124.237 E.01806
G1 X114.237 Y124.237 E.19932
G1 X114.237 Y123.763 E.01806
G1 X109.073 Y123.763 E.19704
; stop printing object SG9 Holder id:3152 copy 0
;LAYER_CHANGE
;Z:6.64
;HEIGHT:0.2
G92 E0 ; zero the extruded length again
; BEFORE_LAYER_CHANGE 32 @ 6.64mm
G1 E-1.75 F6000
;WIPE_START
G1 X110.073 Y123.763 E-.75
;WIPE_END
; AFTER_LAYER_CHANGE 32 @ 6.64mm
;_SET_FAN_SPEED_CHANGING_LAYER
; printing object SG9 Holder id:3152 copy 0
G1 X100.54 Y98.29 Z6.64 F18000
G1 E2.5 F6000
M204 P1000
;TYPE:Outer wall
;WIDTH:0.42
G1 F3600
G1 X100.54 Y111.513 E.40217
G1 X96.96 Y111.513 E.10888
G1 X96.96 Y93.71 E.54146
G1 X116.29 Y93.71 E.5879
G1 X116.29 Y98.29 E.13929
G1 X100.6 Y98.29 E.47719
G1 X100.148 Y97.898 F18000
M204 P1500
;TYPE:Inner wall
;WIDTH:0.45
G1 F4590
G1 X100.148 Y111.121 E.43417
G1 X97.352 Y111.121 E.0918
G1 X97.352 Y94.102 E.5588
G1 X115.898 Y94.102 E.60892
G1 X115.898 Y97.898 E.12463
G1 X100.208 Y97.898 E.51515
G1 X99.741 Y97.491 F18000
G1 F4590
G1 X99.741 Y110.714 E.43417
G1 X97.759 Y110.714 E.06507
G1 X97.759 Y94.509 E.53206
G1 X115.491 Y94.509 E.58219
G1 X115.491 Y97.491 E.0979
G1 X99.801 Y97.491 E.51515
G1 X99.334 Y97.084 F18000
G1 F4590
G1 X99.334 Y110.307 E.43417
G1 X98.166 Y110.307 E.03833
G1 X98.166 Y94.916 E.50533
G1 X115.084 Y94.916 E.55546
G1 X115.084 Y97.084 E.07117
G1 X99.394 Y97.084 E.51515
G1 X98.927 Y96.677 F18000
G1 F4590
G1 X98.927 Y109.9 E.43417
G1 X98.573 Y109.9 E.0116
G1 X98.573 Y95.323 E.4786
G1 X114.677 Y95.323 E.52873
G1 X114.677 Y96.677 E.04444
G1 X98.987 Y96.677 E.51515
G1 E-1.75 F6000
;WIPE_START
G1 X98.982 Y97.677 E-.75
;WIPE_END
G1 X114.237 Y96.237 F18000
G1 E2.5 F6000
M204 P2000
;TYPE:Internal solid infill
;WIDTH:0.516065
G1 F4590
G1 X114.237 Y95.763 E.01806
G1 X99.013 Y95.763 E.58094
G1 X99.013 Y96.237 E.01806
G1 X114.177 Y96.237 E.57865
G1 E-1.75 F6000
;WIPE_START
G1 X113.177 Y96.237 E-.75
;WIPE_END
G1 X100.54 Y121.71 F18000
G1 E2.5 F6000
M204 P1000
;TYPE:Outer wall
;WIDTH:0.42
G1 F3600
G1 X104.54 Y121.71 E.12165
G1 X104.54 Y126.29 E.13929
G1 X96.96 Y126.29 E.23054
G1 X96.96 Y119.487 E.20691
G1 X100.54 Y119.487 E.10888
G1 X100.54 Y121.65 E.0658
G1 X100.54 Y122.102 F18000
M204 P1500
;TYPE:Inner wall
;WIDTH:0.45
G1 F4590
G1 X104.148 Y122.102 E.11846
G1 X104.148 Y125.898 E.12463
G1 X97.352 Y125.898 E.22313
G1 X97.352 Y119.879 E.19763
G1 X100.148 Y119.879 E.0918
G1 X100.148 Y122.102 E.073
G1 X100.48 Y122.102 E.0109
G1 X100.54 Y122.509 F18000
G1 F4590
G1 X103.741 Y122.509 E.10509
G1 X103.741 Y125.491 E.0979
G1 X97.759 Y125.491 E.1964
G1 X97.759 Y120.286 E.1709
G1 X99.741 Y120.286 E.06507
G1 X99.741 Y122.509 E.073
G1 X100.48 Y122.509 E.02427
G1 X100.54 Y122.916 F18000
G1 F4590
G1 X103.334 Y122.916 E.09173
G1 X103.334 Y125.084 E.07117
G1 X98.166 Y125.084 E.16967
G1 X98.166 Y120.693 E.14417
G1 X99.334 Y120.693 E.03833
G1 X99.334 Y122.916 E.073
G1 X100.48 Y122.916 E.03763
G1 X100.54 Y123.323 F18000
G1 F4590
G1 X102.927 Y123.323 E.07836
G1 X102.927 Y124.677 E.04444
G1 X98.573 Y124.677 E.14294
G1 X98.573 Y121.1 E.11744
G1 X98.927 Y121.1 E.0116
G1 X98.927 Y123.323 E.073
G1 X100.48 Y123.323 E.051
G1 X102.487 Y123.763 F18000
M204 P2000
;TYPE:Internal solid infill
;WIDTH:0.516065
G1 F4590
G1 X99.013 Y123.763 E.13254
G1 X99.013 Y124.237 E.01806
G1 X102.487 Y124.237 E.13254
G1 X102.487 Y123.823 E.01577
G1 E-1.75 F6000
;WIPE_START
G1 X102.487 Y124.237 E-.30986
G1 X101.9 Y124.237 E-.44014
;WIPE_END
G1 X106.96 Y121.71 F18000
G1 E2.5 F6000
M204 P1000
;TYPE:Outer wall
;WIDTH:0.42
G1 F3600
G1 X116.29 Y121.71 E.28376
G1 X116.29 Y126.29 E.13929
G1 X106.96 Y126.29 E.28376
G1 X106.96 Y121.77 E.13747
G1 X107.352 Y122.102 F18000
M204 P1500
;TYPE:Inner wall
;WIDTH:0.45
G1 F4590
G1 X115.898 Y122.102 E.28059
G1 X115.898 Y125.898 E.12463
G1 X107.352 Y125.898 E.28059
G1 X107.352 Y122.162 E.12266
G1 X107.759 Y122.509 F18000
G1 F4590
G1 X115.491 Y122.509 E.25386
G1 X115.491 Y125.491 E.0979
G1 X107.759 Y125.491 E.25386
G1 X107.759 Y122.569 E.09593
G1 X108.166 Y122.916 F18000
G1 F4590
G1 X115.084 Y122.916 E.22713
G1 X115.084 Y125.084 E.07117
G1 X108.166 Y125.084 E.22713
G1 X108.166 Y122.976 E.0692
G1 X108.573 Y123.323 F18000
G1 F4590
G1 X114.677 Y123.323 E.20039
G1 X114.677 Y124.677 E.04444
G1 X108.573 Y124.677 E.20039
G1 X108.573 Y123.383 E.04247
G1 X109.013 Y123.763 F18000
M204 P2000
;TYPE:Internal solid infill
;WIDTH:0.516065
G1 F4590
G1 X109.013 Y124.237 E.01806
G1 X114.237 Y124.237 E.19932
G1 X114.237 Y123.763 E.01806
G1 X109.073 Y123.763 E.19704
; stop printing object SG9 Holder id:3152 copy 0
;LAYER_CHANGE
;Z:6.84
;HEIGHT:0.2
G92 E0 ; zero the extruded length again
; BEFORE_LAYER_CHANGE 33 @ 6.84mm
G1 E-1.75 F6000
;WIPE_START
G1 X110.073 Y123.763 E-.75
;WIPE_END
; AFTER_LAYER_CHANGE 33 @ 6.84mm
;_SET_FAN_SPEED_CHANGING_LAYER
; printing object SG9 Holder id:3152 copy 0
G1 X100.54 Y98.29 Z6.84 F18000
G1 E2.5 F6000
M204 P1000
;TYPE:Outer wall
;WIDTH:0.42
G1 F3600
G1 X100.54 Y111.442 E.39999
G1 X96.96 Y111.442 E.10888
G1 X96.96 Y93.71 E.53929
G1 X116.29 Y93.71 E.5879
G1 X116.29 Y98.29 E.13929
G1 X100.6 Y98.29 E.47719
G1 X100.148 Y97.898 F18000
M204 P1500
;TYPE:Inner wall
;WIDTH:0.45
G1 F4576
G1 X100.148 Y111.05 E.43182
G1 X97.352 Y111.05 E.0918
G1 X97.352 Y94.102 E.55645
G1 X115.898 Y94.102 E.60892
G1 X115.898 Y97.898 E.12463
G1 X100.208 Y97.898 E.51515
G1 X99.741 Y97.491 F18000
G1 F4576
G1 X99.741 Y110.643 E.43182
G1 X97.759 Y110.643 E.06507
G1 X97.759 Y94.509 E.52971
G1 X115.491 Y94.509 E.58219
G1 X115.491 Y97.491 E.0979
G1 X99.801 Y97.491 E.51515
G1 X99.334 Y97.084 F18000
G1 F4576
G1 X99.334 Y110.236 E.43182
G1 X98.166 Y110.236 E.03833
G1 X98.166 Y94.916 E.50298
G1 X115.084 Y94.916 E.55546
G1 X115.084 Y97.084 E.07117
G1 X99.394 Y97.084 E.51515
G1 X98.927 Y96.677 F18000
G1 F4576
G1 X98.927 Y109.828 E.43182
G1 X98.573 Y109.828 E.0116
G1 X98.573 Y95.323 E.47625
G1 X114.677 Y95.323 E.52873
G1 X114.677 Y96.677 E.04444
G1 X98.987 Y96.677 E.51515
G1 E-1.75 F6000
;WIPE_START
G1 X98.982 Y97.677 E-.75
;WIPE_END
G1 X114.237 Y96.237 F18000
G1 E2.5 F6000
M204 P2000
;TYPE:Internal solid infill
;WIDTH:0.516065
G1 F4576
G1 X114.237 Y95.763 E.01806
G1 X99.013 Y95.763 E.58094
G1 X99.013 Y96.237 E.01806
G1 X114.177 Y96.237 E.57865
G1 E-1.75 F6000
;WIPE_START
G1 X113.177 Y96.237 E-.75
;WIPE_END
G1 X100.54 Y121.71 F18000
G1 E2.5 F6000
M204 P1000
;TYPE:Outer wall
;WIDTH:0.42
G1 F3600
G1 X104.54 Y121.71 E.12165
G1 X104.54 Y126.29 E.13929
G1 X96.96 Y126.29 E.23054
G1 X96.96 Y119.558 E.20474
G1 X100.54 Y119.558 E.10888
G1 X100.54 Y121.65 E.06362
G1 X100.54 Y122.102 F18000
M204 P1500
;TYPE:Inner wall
;WIDTH:0.45
G1 F4576
G1 X104.148 Y122.102 E.11846
G1 X104.148 Y125.898 E.12463
G1 X97.352 Y125.898 E.22313
G1 X97.352 Y119.95 E.19528
G1 X100.148 Y119.95 E.0918
G1 X100.148 Y122.102 E.07065
G1 X100.48 Y122.102 E.0109
G1 X100.54 Y122.509 F18000
G1 F4576
G1 X103.741 Y122.509 E.10509
G1 X103.741 Y125.491 E.0979
G1 X97.759 Y125.491 E.1964
G1 X97.759 Y120.357 E.16855
G1 X99.741 Y120.357 E.06507
G1 X99.741 Y122.509 E.07065
G1 X100.48 Y122.509 E.02427
G1 X100.54 Y122.916 F18000
G1 F4576
G1 X103.334 Y122.916 E.09173
G1 X103.334 Y125.084 E.07117
G1 X98.166 Y125.084 E.16967
G1 X98.166 Y120.764 E.14182
G1 X99.334 Y120.764 E.03833
G1 X99.334 Y122.916 E.07065
G1 X100.48 Y122.916 E.03763
G1 X100.54 Y123.323 F18000
G1 F4576
G1 X102.927 Y123.323 E.07836
G1 X102.927 Y124.677 E.04444
G1 X98.573 Y124.677 E.14294
G1 X98.573 Y121.172 E.11508
G1 X98.927 Y121.172 E.0116
G1 X98.927 Y123.323 E.07065
G1 X100.48 Y123.323 E.051
G1 X102.487 Y123.763 F18000
M204 P2000
;TYPE:Internal solid infill
;WIDTH:0.516065
G1 F4576
G1 X99.013 Y123.763 E.13254
G1 X99.013 Y124.237 E.01806
G1 X102.487 Y124.237 E.13254
G1 X102.487 Y123.823 E.01577
G1 E-1.75 F6000
;WIPE_START
G1 X102.487 Y124.237 E-.30986
G1 X101.9 Y124.237 E-.44014
;WIPE_END
G1 X106.96 Y121.71 F18000
G1 E2.5 F6000
M204 P1000
;TYPE:Outer wall
;WIDTH:0.42
G1 F3600
G1 X116.29 Y121.71 E.28376
G1 X116.29 Y126.29 E.13929
G1 X106.96 Y126.29 E.28376
G1 X106.96 Y121.77 E.13747
G1 X107.352 Y122.102 F18000
M204 P1500
;TYPE:Inner wall
;WIDTH:0.45
G1 F4576
G1 X115.898 Y122.102 E.28059
G1 X115.898 Y125.898 E.12463
G1 X107.352 Y125.898 E.28059
G1 X107.352 Y122.162 E.12266
G1 X107.759 Y122.509 F18000
G1 F4576
G1 X115.491 Y122.509 E.25386
G1 X115.491 Y125.491 E.0979
G1 X107.759 Y125.491 E.25386
G1 X107.759 Y122.569 E.09593
G1 X108.166 Y122.916 F18000
G1 F4576
G1 X115.084 Y122.916 E.22713
G1 X115.084 Y125.084 E.07117
G1 X108.166 Y125.084 E.22713
G1 X108.166 Y122.976 E.0692
G1 X108.573 Y123.323 F18000
G1 F4576
G1 X114.677 Y123.323 E.20039
G1 X114.677 Y124.677 E.04444
G1 X108.573 Y124.677 E.20039
G1 X108.573 Y123.383 E.04247
G1 X109.013 Y123.763 F18000
M204 P2000
;TYPE:Internal solid infill
;WIDTH:0.516065
G1 F4576
G1 X109.013 Y124.237 E.01806
G1 X114.237 Y124.237 E.19932
G1 X114.237 Y123.763 E.01806
G1 X109.073 Y123.763 E.19704
; stop printing object SG9 Holder id:3152 copy 0
;LAYER_CHANGE
;Z:7.04
;HEIGHT:0.2
G92 E0 ; zero the extruded length again
; BEFORE_LAYER_CHANGE 34 @ 7.04mm
G1 E-1.75 F6000
;WIPE_START
G1 X110.073 Y123.763 E-.75
;WIPE_END
; AFTER_LAYER_CHANGE 34 @ 7.04mm
;_SET_FAN_SPEED_CHANGING_LAYER
; printing object SG9 Holder id:3152 copy 0
G1 X100.54 Y98.29 Z7.04 F18000
G1 E2.5 F6000
M204 P1000
;TYPE:Outer wall
;WIDTH:0.42
G1 F3600
G1 X100.54 Y111.381 E.39816
G1 X96.96 Y111.381 E.10888
G1 X96.96 Y93.71 E.53745
G1 X116.29 Y93.71 E.5879
G1 X116.29 Y98.29 E.13929
G1 X100.6 Y98.29 E.47719
G1 X100.148 Y97.898 F18000
M204 P1500
;TYPE:Inner wall
;WIDTH:0.45
G1 F5762
G1 X100.148 Y110.989 E.42984
G1 X97.352 Y110.989 E.0918
G1 X97.352 Y94.102 E.55447
G1 X115.898 Y94.102 E.60892
G1 X115.898 Y97.898 E.12463
G1 X100.208 Y97.898 E.51515
G1 X99.741 Y97.491 F18000
G1 F5762
G1 X99.741 Y110.582 E.42984
G1 X97.759 Y110.582 E.06507
G1 X97.759 Y94.509 E.52773
G1 X115.491 Y94.509 E.58219
G1 X115.491 Y97.491 E.0979
G1 X99.801 Y97.491 E.51515
G1 X99.334 Y97.084 F18000
G1 F5762
G1 X99.334 Y110.175 E.42984
G1 X98.166 Y110.175 E.03833
G1 X98.166 Y94.916 E.501
G1 X115.084 Y94.916 E.55546
G1 X115.084 Y97.084 E.07117
G1 X99.394 Y97.084 E.51515
G1 X98.927 Y96.677 F18000
G1 F5762
G1 X98.927 Y109.768 E.42984
G1 X98.573 Y109.768 E.0116
G1 X98.573 Y95.323 E.47427
G1 X114.677 Y95.323 E.52873
G1 X114.677 Y96.677 E.04444
G1 X98.987 Y96.677 E.51515
G1 E-1.75 F6000
;WIPE_START
G1 X98.982 Y97.677 E-.75
;WIPE_END
G1 X98.777 Y96.418 F18000
G1 E2.5 F6000
M204 P2000
;TYPE:Gap infill
;WIDTH:0.184776
G1 F5762
G1 X99.149 Y96.402 E.00427
;WIDTH:0.162244
G1 X99.17 Y96.365 E.00041
;WIDTH:0.139711
G1 X99.19 Y96.328 E.00033
G1 X99.149 Y96.402 F18000
;WIDTH:0.171727
G1 F5762
G1 X99.53 Y96.405 E.00396
;WIDTH:0.157111
G1 X99.549 Y96.369 E.00037
;WIDTH:0.134237
G1 X99.569 Y96.334 E.0003
G1 X99.53 Y96.405 F18000
;WIDTH:0.170974
G1 F5762
G1 X99.91 Y96.404 E.00392
;WIDTH:0.163524
G1 X99.92 Y96.38 E.00025
;WIDTH:0.126626
G1 X99.931 Y96.356 E.00018
;WIDTH:0.108177
G1 X99.941 Y96.332 E.00014
G1 X99.91 Y96.404 F18000
;WIDTH:0.172789
G1 F5762
G1 X100.299 Y96.407 E.00408
;WIDTH:0.15547
G1 X100.307 Y96.385 E.00021
;WIDTH:0.11631
G1 X100.316 Y96.363 E.00014
;WIDTH:0.0967291
G1 X100.324 Y96.341 E.0001
G1 X100.299 Y96.407 F18000
;WIDTH:0.172059
G1 F5762
G2 X100.66 Y96.407 I.178 J-1.471 E.00377
;WIDTH:0.155641
G1 X100.68 Y96.373 E.00036
;WIDTH:0.135338
G1 X100.7 Y96.339 E.00029
G1 X100.66 Y96.407 F18000
;WIDTH:0.168523
G1 F5762
G1 X101.02 Y96.402 E.00365
G1 X101.069 Y96.326 F18000
;WIDTH:0.159335
G1 F5762
G1 X101.044 Y96.364 E.00043
;WIDTH:0.17211
G1 X101.02 Y96.402 E.00047
;WIDTH:0.168359
G1 X101.089 Y96.421 E.00073
G1 X101.401 Y96.4 E.00316
G1 X101.451 Y96.319 F18000
;WIDTH:0.16403
G1 F5762
G1 X101.426 Y96.359 E.00047
;WIDTH:0.176858
G1 X101.401 Y96.4 E.00052
;WIDTH:0.169597
G1 X101.472 Y96.419 E.00076
G1 X101.789 Y96.4 E.00324
;WIDTH:0.168232
G1 X101.811 Y96.361 E.00045
;WIDTH:0.148152
G1 X101.833 Y96.322 E.00038
G1 X101.789 Y96.4 F18000
;WIDTH:0.171573
G1 F5762
G1 X101.849 Y96.414 E.00064
G1 X102.168 Y96.404 E.00331
;WIDTH:0.168231
G1 X102.232 Y96.419 E.00066
G1 X102.535 Y96.401 E.00307
G1 X102.587 Y96.323 F18000
;WIDTH:0.182008
G1 F5762
G1 X102.535 Y96.401 E.00105
G1 X102.609 Y96.423 E.00086
G1 X102.906 Y96.399 E.00334
G1 X102.962 Y96.316 F18000
;WIDTH:0.166762
G1 F5762
G1 X102.906 Y96.399 E.001
G1 X102.986 Y96.426 E.00084
G1 X103.365 Y96.389 E.0038
;WIDTH:0.18175
G1 X103.743 Y96.353 E.00426
G1 X103.733 Y96.331 F18000
;WIDTH:0.155627
G1 F5762
G1 X103.709 Y96.367 E.00039
;WIDTH:0.168635
G1 X103.685 Y96.404 E.00044
;WIDTH:0.172375
G1 X103.361 Y96.414 E.00339
G1 X103.292 Y96.396 E.00074
;WIDTH:0.181484
G1 X103.301 Y96.379 E.00022
;WIDTH:0.143472
G3 X103.353 Y96.314 I.172 J.083 E.00068
G1 X103.162 Y96.343 F18000
M204 P1000
;TYPE:Top surface
;WIDTH:0.42
G1 F3600
G1 X103.142 Y95.741 E.01834
G1 X103.154 Y95.657 E.00259
G1 X102.787 Y96.343 F18000
G1 F3600
G1 X102.771 Y96.241 E.00316
G1 X102.772 Y95.657 E.01777
G1 X102.401 Y95.657 F18000
G1 F3600
G2 X102.413 Y96.343 I2.269 J.307 E.02097
G1 X102.213 Y96.332 F18000
M204 P2000
;TYPE:Gap infill
;WIDTH:0.147821
G1 F5762
G1 X102.191 Y96.368 E.00036
;WIDTH:0.164328
G1 X102.168 Y96.404 E.00041
G1 X102.034 Y96.343 F18000
M204 P1000
;TYPE:Top surface
;WIDTH:0.42
G1 F3600
G3 X102.025 Y95.657 I2.36 J-.373 E.02096
G1 X101.645 Y95.657 F18000
G1 F3600
G1 X101.634 Y96.188 E.01616
G1 X101.653 Y96.343 E.00476
G1 X101.269 Y96.343 F18000
G1 F3600
G1 X101.263 Y95.657 E.02089
G1 X100.892 Y95.657 F18000
G1 F3600
G2 X100.897 Y96.343 I2.644 J.322 E.02095
G1 X100.506 Y95.657 F18000
G1 F3600
G1 X100.517 Y96.343 E.02089
G1 X100.137 Y96.343 F18000
G1 F3600
G1 X100.127 Y95.657 E.02089
G1 X99.761 Y95.657 F18000
G1 F3600
G2 X99.767 Y96.343 I2.896 J.317 E.02094
G1 X99.389 Y96.343 F18000
G1 F3600
G3 X99.382 Y95.657 I2.968 J-.376 E.02094
G1 X99.006 Y95.657 F18000
G1 F3600
G2 X99.007 Y96.343 I3.049 J.337 E.02093
G1 E-1.75 F6000
;WIPE_START
G1 F3600
G1 X98.993 Y96.176 E-.18311
G1 X99.006 Y95.657 E-.56689
;WIPE_END
G1 X106.299 Y95.527 F18000
G1 E2.5 F6000
M204 P2000
;TYPE:Gap infill
;WIDTH:0.31619
G1 F5762
G1 X106.458 Y95.633 E.00422
;WIDTH:0.341174
G1 X106.618 Y95.74 E.00461
;WIDTH:0.391144
G1 X106.777 Y95.847 E.00538
;WIDTH:0.441113
G1 X106.936 Y95.953 E.00615
;WIDTH:0.491082
G1 X107.095 Y96.06 E.00692
G1 X106.625 Y96 F18000
M204 P1000
;TYPE:Top surface
;WIDTH:0.42
G1 F3600
G1 X106.625 Y96.343 E.01045
G1 X106.101 Y96.344 F18000
M204 P2000
;TYPE:Gap infill
;WIDTH:0.210502
G1 F5762
G1 X105.295 Y96.419 E.01094
G1 X105.284 Y96.392 F18000
;WIDTH:0.185245
G1 F5762
G1 X104.9 Y96.423 E.00443
G1 X104.822 Y96.399 E.00093
G1 X104.877 Y96.315 E.00114
G1 X104.696 Y96.343 F18000
M204 P1000
;TYPE:Top surface
;WIDTH:0.42
G1 F3600
G3 X104.671 Y95.657 I1.517 J-.398 E.02107
G1 X104.296 Y95.657 F18000
G1 F3600
G1 X104.268 Y95.929 E.00832
G1 X104.308 Y96.343 E.01267
G1 X104.444 Y96.402 F18000
M204 P2000
;TYPE:Gap infill
;WIDTH:0.17052
G1 F5762
G1 X104.125 Y96.417 E.00329
G1 X104.057 Y96.4 E.00072
;WIDTH:0.174448
G1 X104.081 Y96.359 E.0005
;WIDTH:0.159065
G1 X104.106 Y96.318 E.00044
G1 X103.933 Y96.343 F18000
M204 P1000
;TYPE:Top surface
;WIDTH:0.42
G1 F3600
G3 X103.912 Y95.657 I1.797 J-.396 E.02102
G1 X103.538 Y95.657 F18000
G1 F3600
G1 X103.514 Y95.87 E.00653
G1 X103.545 Y96.343 E.01444
G1 X103.685 Y96.404 F18000
M204 P2000
;TYPE:Gap infill
;WIDTH:0.167687
G1 F5762
G1 X103.753 Y96.421 E.00071
G1 X104.508 Y96.367 E.00762
G1 X104.495 Y96.325 F18000
;WIDTH:0.186934
G1 F5762
G1 X104.444 Y96.402 E.00107
G1 X104.517 Y96.422 E.00088
G1 X105.277 Y96.364 E.00885
G1 X105.196 Y96.324 F18000
;WIDTH:0.100652
G1 F5762
G1 X105.852 Y96.473 E.00313
G1 X105.887 Y96.343 F18000
M204 P1000
;TYPE:Top surface
;WIDTH:0.42
G1 F3600
G1 X105.797 Y96.135 E.00689
G1 X105.779 Y95.849 E.00872
G1 X105.834 Y95.657 E.00608
G1 X105.432 Y95.657 F18000
G1 F3600
G1 X105.399 Y95.995 E.01034
G1 X105.469 Y96.343 E.0108
G1 X105.078 Y96.343 F18000
G1 F3600
G3 X105.052 Y95.657 I1.356 J-.395 E.02112
G1 X105.232 Y95.672 F18000
M204 P2000
;TYPE:Gap infill
;WIDTH:0.148254
G1 F5762
G1 X105.209 Y95.635 E.00037
;WIDTH:0.166121
G1 X105.187 Y95.597 E.00043
;WIDTH:0.170714
G1 X105.249 Y95.583 E.00066
G1 X105.593 Y95.588 E.00354
;WIDTH:0.14413
G1 X105.663 Y95.567 E.0006
G1 X105.943 Y95.606 E.00231
;WIDTH:0.18652
G1 X106.223 Y95.644 E.00327
G1 X106.248 Y95.657 F18000
M204 P1000
;TYPE:Top surface
;WIDTH:0.42
G1 F3600
G1 X106.162 Y95.833 E.00595
G1 X106.163 Y96.05 E.00662
G1 X106.259 Y96.239 E.00644
G1 X106.409 Y96.343 E.00556
G1 X106.492 Y96.473 F18000
M204 P2000
;TYPE:Gap infill
;WIDTH:0.132133
G1 F5762
G1 X106.394 Y95.994 E.00352
G1 X106.415 Y95.954 E.00032
;WIDTH:0.192517
G1 X106.436 Y95.915 E.00054
;WIDTH:0.229613
G1 X106.823 Y95.527 E.00824
G1 X107.102 Y95.527 F18000
;WIDTH:0.319313
G1 F5762
G1 X107.03 Y95.574 E.00192
;WIDTH:0.363036
G1 X106.958 Y95.621 E.00223
;WIDTH:0.406759
G1 X106.886 Y95.669 E.00253
;WIDTH:0.450482
G1 X106.814 Y95.716 E.00283
;WIDTH:0.494205
G1 X106.742 Y95.763 E.00314
;WIDTH:0.496011
G1 X106.766 Y95.783 E.00114
;WIDTH:0.455902
G1 X106.79 Y95.804 E.00104
;WIDTH:0.415793
G1 X106.814 Y95.824 E.00094
;WIDTH:0.376243
G1 X106.847 Y95.847 E.0011
;WIDTH:0.324682
G3 X106.953 Y96.062 I-.136 J.201 E.0057
;WIDTH:0.299459
G2 X106.942 Y96.345 I.895 J.177 E.00588
;WIDTH:0.28505
G1 X106.987 Y96.36 E.00093
;WIDTH:0.244348
G1 X107.308 Y96.402 E.00526
G1 X107.219 Y96.343 F18000
M204 P1000
;TYPE:Top surface
;WIDTH:0.42
G1 F3600
G1 X107.288 Y96.063 E.00878
G1 X107.24 Y95.815 E.00768
G1 X107.136 Y95.657 E.00577
G1 X107.341 Y95.625 F18000
M204 P2000
;TYPE:Gap infill
;WIDTH:0.165947
G1 F5762
G1 X107.543 Y95.595 E.00203
;WIDTH:0.143083
G1 X107.745 Y95.566 E.00165
;WIDTH:0.140391
G1 X107.813 Y95.586 E.00055
;WIDTH:0.185834
G1 X107.846 Y95.61 E.00048
G1 X107.991 Y95.586 E.0017
;WIDTH:0.137853
G1 X108.137 Y95.562 E.00113
;WIDTH:0.13053
G1 X108.197 Y95.579 E.00045
;WIDTH:0.165921
G1 X108.231 Y95.603 E.00041
G1 X108.536 Y95.574 E.00304
G1 X108.58 Y95.59 E.00046
;WIDTH:0.185781
G1 X108.623 Y95.606 E.00053
;WIDTH:0.202833
G1 X108.625 Y95.607 E.00002
;WIDTH:0.160809
G1 X108.922 Y95.568 E.00285
G1 X108.994 Y95.59 E.00072
;WIDTH:0.171839
G1 X109.323 Y95.586 E.00343
G1 X109.385 Y95.6 E.00066
;WIDTH:0.170154
G1 X109.363 Y95.64 E.00047
;WIDTH:0.150766
G1 X109.34 Y95.681 E.0004
G1 X109.385 Y95.6 F18000
;WIDTH:0.167369
G1 F5762
G1 X109.687 Y95.579 E.00304
G1 X109.757 Y95.597 E.00073
G1 X109.708 Y95.672 F18000
;WIDTH:0.16487
G1 F5762
G1 X109.757 Y95.597 E.00088
G1 X110.13 Y95.595 E.00367
;WIDTH:0.159433
G1 X110.11 Y95.631 E.00038
;WIDTH:0.138761
G1 X110.089 Y95.666 E.00032
G1 X110.13 Y95.595 F18000
;WIDTH:0.171222
G1 F5762
G1 X110.502 Y95.594 E.00385
;WIDTH:0.158962
G1 X110.491 Y95.616 E.00023
;WIDTH:0.124452
G1 X110.481 Y95.638 E.00016
;WIDTH:0.107197
G1 X110.47 Y95.661 E.00013
G1 X110.502 Y95.594 F18000
;WIDTH:0.173119
G1 F5762
G1 X110.898 Y95.6 E.00416
G1 X110.859 Y95.679 F18000
;WIDTH:0.141001
G1 F5762
G1 X110.879 Y95.639 E.00035
;WIDTH:0.164993
G1 X110.898 Y95.6 E.00043
;WIDTH:0.168117
G1 X111.209 Y95.58 E.00314
G1 X111.274 Y95.596 E.00068
;WIDTH:0.171326
G1 X111.647 Y95.598 E.00387
;WIDTH:0.169954
G1 X111.966 Y95.583 E.00326
G1 X112.029 Y95.598 E.00067
G1 X111.984 Y95.673 F18000
;WIDTH:0.149668
G1 F5762
G1 X112.007 Y95.635 E.00038
;WIDTH:0.167067
G1 X112.029 Y95.598 E.00044
;WIDTH:0.169562
G1 X112.4 Y95.594 E.00378
;WIDTH:0.157037
G1 X112.38 Y95.629 E.00037
;WIDTH:0.136181
G1 X112.36 Y95.663 E.0003
G1 X112.4 Y95.594 F18000
;WIDTH:0.17193
G1 F5762
G1 X112.773 Y95.596 E.00388
G1 X112.917 Y95.657 F18000
M204 P1000
;TYPE:Top surface
;WIDTH:0.42
G1 F3600
G3 X112.924 Y96.343 I-2.766 J.375 E.02094
G1 X112.792 Y96.404 F18000
M204 P2000
;TYPE:Gap infill
;WIDTH:0.170323
G1 F5762
G1 X112.733 Y96.417 E.00062
G1 X112.406 Y96.402 E.00336
;WIDTH:0.172295
G1 X112.02 Y96.405 E.00404
;WIDTH:0.160849
G1 X112.009 Y96.382 E.00024
;WIDTH:0.125471
G1 X111.998 Y96.359 E.00017
;WIDTH:0.107782
G1 X111.987 Y96.336 E.00013
G1 X112.168 Y96.343 F18000
M204 P1000
;TYPE:Top surface
;WIDTH:0.42
G1 F3600
G2 X112.162 Y95.657 I-2.601 J-.318 E.02095
G1 X112.541 Y95.657 F18000
G1 F3600
G1 X112.562 Y96.215 E.01701
G1 X112.551 Y96.343 E.00391
G1 X112.406 Y96.402 F18000
M204 P2000
;TYPE:Gap infill
;WIDTH:0.16159
G1 F5762
G1 X112.387 Y96.364 E.0004
;WIDTH:0.137857
G1 X112.367 Y96.327 E.00032
G1 X113.121 Y96.338 F18000
;WIDTH:0.130037
G1 F5762
G1 X113.14 Y96.372 E.00027
;WIDTH:0.154352
G1 X113.159 Y96.405 E.00035
;WIDTH:0.16953
G3 X113.494 Y96.418 I.064 J2.797 E.00342
G1 X113.556 Y96.403 E.00065
G1 X113.683 Y96.343 F18000
M204 P1000
;TYPE:Top surface
;WIDTH:0.42
G1 F3600
G1 X113.694 Y96.2 E.00438
G1 X113.673 Y95.657 E.01654
G1 X113.3 Y95.657 F18000
G1 F3600
G1 X113.312 Y96.343 E.02089
G1 X113.22 Y96.336 F18000
M204 P2000
;TYPE:Gap infill
;WIDTH:0.10202
G1 F5762
G1 X113.321 Y96.089 E.00127
;WIDTH:0.121108
G1 X113.422 Y95.842 E.00168
;WIDTH:0.159283
G1 X113.523 Y95.595 E.00251
;WIDTH:0.172574
G1 X113.914 Y95.599 E.00409
G1 X113.873 Y95.677 F18000
;WIDTH:0.119038
G1 F5762
G1 X113.894 Y95.638 E.00027
;WIDTH:0.169707
G1 X113.914 Y95.599 E.00045
G1 X114.242 Y95.582 E.00335
;WIDTH:0.174832
G1 X114.294 Y95.604 E.0006
;WIDTH:0.218887
G1 X114.346 Y95.626 E.0008
;WIDTH:0.266428
G3 X114.362 Y95.672 I-.03 J.037 E.00093
G3 X114.36 Y96.36 I-10.729 J.306 E.0124
;WIDTH:0.245102
G1 X114.303 Y96.384 E.001
;WIDTH:0.17614
G1 X114.247 Y96.409 E.00066
G1 X113.913 Y96.408 E.00359
;WIDTH:0.149507
G1 X113.896 Y96.375 E.00032
;WIDTH:0.125425
G1 X113.879 Y96.342 E.00025
G1 X114.059 Y96.343 F18000
M204 P1000
;TYPE:Top surface
;WIDTH:0.42
G1 F3600
G1 X114.06 Y95.657 E.02089
G1 E-1.75 F6000
;WIPE_START
G1 F3600
G1 X114.059 Y96.343 E-.75
;WIPE_END
G1 X111.606 Y95.674 F18000
G1 E2.5 F6000
M204 P2000
;TYPE:Gap infill
;WIDTH:0.143015
G1 F5762
G1 X111.626 Y95.636 E.00035
;WIDTH:0.164333
G1 X111.647 Y95.598 E.00042
G1 X111.783 Y95.657 F18000
M204 P1000
;TYPE:Top surface
;WIDTH:0.42
G1 F3600
G3 X111.791 Y96.343 I-2.502 J.371 E.02096
G1 X111.65 Y96.406 F18000
M204 P2000
;TYPE:Gap infill
;WIDTH:0.170324
G1 F5762
G1 X111.271 Y96.403 E.0039
;WIDTH:0.166292
G1 X111.26 Y96.378 E.00027
;WIDTH:0.130855
G1 X111.249 Y96.354 E.00019
;WIDTH:0.113136
G1 X111.237 Y96.329 E.00015
G1 X111.414 Y96.343 F18000
M204 P1000
;TYPE:Top surface
;WIDTH:0.42
G1 F3600
G2 X111.406 Y95.657 I-2.417 J-.314 E.02096
G1 X111.274 Y95.596 F18000
M204 P2000
;TYPE:Gap infill
;WIDTH:0.165197
G1 F5762
G1 X111.251 Y95.631 E.00042
;WIDTH:0.149975
G1 X111.228 Y95.667 E.00037
G1 X111.029 Y95.657 F18000
M204 P1000
;TYPE:Top surface
;WIDTH:0.42
G1 F3600
G1 X111.049 Y95.814 E.00483
G1 X111.04 Y96.343 E.01611
G1 X110.905 Y96.407 F18000
M204 P2000
;TYPE:Gap infill
;WIDTH:0.167768
G1 F5762
G1 X110.845 Y96.42 E.00062
G1 X110.532 Y96.4 E.00315
;WIDTH:0.169872
G1 X110.462 Y96.418 E.00074
G1 X110.147 Y96.401 E.00323
G1 X110.102 Y96.324 F18000
;WIDTH:0.150936
G1 F5762
G1 X110.124 Y96.363 E.00039
;WIDTH:0.168887
G1 X110.147 Y96.401 E.00046
;WIDTH:0.170667
G1 X110.084 Y96.416 E.00067
G1 X109.764 Y96.403 E.0033
G1 X109.726 Y96.328 F18000
;WIDTH:0.135539
G1 F5762
G1 X109.745 Y96.366 E.00031
;WIDTH:0.159824
G1 X109.764 Y96.403 E.00039
;WIDTH:0.172109
G1 X109.387 Y96.406 E.00392
;WIDTH:0.162164
G1 X109.365 Y96.371 E.0004
;WIDTH:0.146318
G1 X109.343 Y96.336 E.00034
G1 X109.387 Y96.406 F18000
;WIDTH:0.160684
G1 F5762
G1 X109.324 Y96.421 E.00062
G1 X109.018 Y96.4 E.00291
G1 X108.965 Y96.32 E.00091
G1 X109.018 Y96.4 F18000
;WIDTH:0.167329
G1 F5762
G1 X108.942 Y96.423 E.00079
G1 X108.64 Y96.399 E.00304
G1 X108.596 Y96.317 F18000
;WIDTH:0.149711
G1 F5762
G1 X108.618 Y96.358 E.0004
;WIDTH:0.170483
G1 X108.64 Y96.399 E.00048
;WIDTH:0.170493
G1 X108.58 Y96.412 E.00063
G1 X108.248 Y96.405 E.00342
G1 X108.198 Y96.335 E.00089
G1 X108.248 Y96.405 F18000
;WIDTH:0.157866
G1 F5762
G1 X108.175 Y96.426 E.0007
;WIDTH:0.151563
G1 X108.025 Y96.411 E.00132
;WIDTH:0.179374
G1 X107.875 Y96.397 E.00166
G1 X107.842 Y96.42 E.00044
;WIDTH:0.132088
G1 X107.78 Y96.437 E.00046
;WIDTH:0.137793
G1 X107.639 Y96.414 E.0011
;WIDTH:0.181834
G1 X107.497 Y96.391 E.00161
G1 X107.438 Y96.285 E.00136
G1 X107.613 Y96.343 F18000
M204 P1000
;TYPE:Top surface
;WIDTH:0.42
G1 F3600
G1 X107.649 Y96.236 E.00344
G1 X107.654 Y95.919 E.00965
G1 X107.576 Y95.657 E.00833
G1 X107.999 Y96.343 F18000
G1 F3600
G1 X108.037 Y96.153 E.00591
G1 X108.013 Y95.785 E.01122
G1 X107.97 Y95.657 E.00412
G1 X108.36 Y95.657 F18000
G1 F3600
G1 X108.412 Y95.93 E.00847
G1 X108.394 Y96.343 E.01258
G1 X108.764 Y96.343 F18000
G1 F3600
G1 X108.791 Y96.17 E.00533
G1 X108.751 Y95.657 E.01567
G1 X109.144 Y96.343 F18000
G1 F3600
G1 X109.169 Y96.15 E.00594
G1 X109.139 Y95.657 E.01503
G1 X109.508 Y95.657 F18000
G1 F3600
G1 X109.544 Y95.908 E.00772
G1 X109.527 Y96.343 E.01326
G1 X109.901 Y96.343 F18000
G1 F3600
G2 X109.89 Y95.657 I-1.996 J-.314 E.02099
G1 X110.274 Y95.657 F18000
G1 F3600
G1 X110.301 Y96.164 E.01545
G1 X110.281 Y96.343 E.00549
G1 X110.483 Y96.319 F18000
M204 P2000
;TYPE:Gap infill
;WIDTH:0.161186
G1 F5762
G1 X110.507 Y96.36 E.00045
;WIDTH:0.175313
G1 X110.532 Y96.4 E.0005
G1 X110.665 Y96.343 F18000
M204 P1000
;TYPE:Top surface
;WIDTH:0.42
G1 F3600
G1 X110.659 Y95.657 E.02089
G1 E-1.75 F6000
;WIPE_START
G1 F3600
G1 X110.665 Y96.343 E-.75
;WIPE_END
G1 X100.54 Y121.71 F18000
G1 E2.5 F6000
;TYPE:Outer wall
G1 F3600
G1 X104.54 Y121.71 E.12165
G1 X104.54 Y126.29 E.13929
G1 X96.96 Y126.29 E.23054
G1 X96.96 Y119.619 E.2029
G1 X100.54 Y119.619 E.10888
G1 X100.54 Y121.65 E.06178
G1 X100.54 Y122.102 F18000
M204 P1500
;TYPE:Inner wall
;WIDTH:0.45
G1 F5762
G1 X104.148 Y122.102 E.11846
G1 X104.148 Y125.898 E.12463
G1 X97.352 Y125.898 E.22313
G1 X97.352 Y120.011 E.1933
G1 X100.148 Y120.011 E.0918
G1 X100.148 Y122.102 E.06867
G1 X100.48 Y122.102 E.0109
G1 X100.54 Y122.509 F18000
G1 F5762
G1 X103.741 Y122.509 E.10509
G1 X103.741 Y125.491 E.0979
G1 X97.759 Y125.491 E.1964
G1 X97.759 Y120.418 E.16657
G1 X99.741 Y120.418 E.06507
G1 X99.741 Y122.509 E.06867
G1 X100.48 Y122.509 E.02427
G1 X100.54 Y122.916 F18000
G1 F5762
G1 X103.334 Y122.916 E.09173
G1 X103.334 Y125.084 E.07117
G1 X98.166 Y125.084 E.16967
G1 X98.166 Y120.825 E.13984
G1 X99.334 Y120.825 E.03833
G1 X99.334 Y122.916 E.06867
G1 X100.48 Y122.916 E.03763
G1 X100.54 Y123.323 F18000
G1 F5762
G1 X102.927 Y123.323 E.07836
G1 X102.927 Y124.677 E.04444
G1 X98.573 Y124.677 E.14294
G1 X98.573 Y121.232 E.1131
G1 X98.927 Y121.232 E.0116
G1 X98.927 Y123.323 E.06867
G1 X100.48 Y123.323 E.051
G1 X100.424 Y123.527 F18000
M204 P2000
;TYPE:Gap infill
;WIDTH:0.316191
G1 F5762
G1 X100.583 Y123.633 E.00422
;WIDTH:0.341176
G1 X100.743 Y123.74 E.00461
;WIDTH:0.391144
G1 X100.902 Y123.847 E.00538
;WIDTH:0.441113
G1 X101.061 Y123.953 E.00615
;WIDTH:0.491082
G1 X101.22 Y124.06 E.00692
G1 X100.75 Y124 F18000
M204 P1000
;TYPE:Top surface
;WIDTH:0.42
G1 F3600
G1 X100.75 Y124.343 E.01045
G1 E-1.92761 F6000
;WIPE_START
G1 F3600
G1 X100.75 Y124 E-.5724
;WIPE_END
G1 X99.959 Y123.657 F18000
G1 E2.5 F6000
G1 F3600
G1 X99.904 Y123.849 E.00608
G1 X99.922 Y124.135 E.00872
G1 X100.012 Y124.343 E.00689
G1 X99.594 Y124.343 F18000
G1 F3600
G1 X99.524 Y123.995 E.0108
G1 X99.557 Y123.657 E.01034
G1 X99.177 Y123.657 F18000
G1 F3600
G2 X99.203 Y124.343 I1.382 J.292 E.02112
G1 X98.904 Y124.473 F18000
M204 P2000
;TYPE:Gap infill
;WIDTH:0.25251
G1 F5762
G1 X98.886 Y124.253 E.00374
;WIDTH:0.239568
G1 X98.869 Y124.032 E.00351
;WIDTH:0.238526
G3 X98.883 Y123.633 I3.065 J-.09 E.00631
G1 X98.885 Y123.631 E.00004
;WIDTH:0.228187
G1 X98.939 Y123.608 E.00089
;WIDTH:0.180501
G1 X98.994 Y123.584 E.00066
;WIDTH:0.170323
G1 X99.312 Y123.597 E.00327
G1 X99.357 Y123.672 F18000
;WIDTH:0.148254
G1 F5762
G1 X99.334 Y123.635 E.00037
;WIDTH:0.166121
G1 X99.312 Y123.597 E.00043
;WIDTH:0.170714
G1 X99.374 Y123.583 E.00066
G1 X99.718 Y123.588 E.00354
;WIDTH:0.14413
G1 X99.788 Y123.567 E.0006
G1 X100.068 Y123.606 E.00231
;WIDTH:0.18652
G1 X100.348 Y123.644 E.00327
G1 X100.373 Y123.657 F18000
M204 P1000
;TYPE:Top surface
;WIDTH:0.42
G1 F3600
G1 X100.287 Y123.833 E.00595
G1 X100.288 Y124.05 E.00662
G1 X100.384 Y124.239 E.00644
G1 X100.534 Y124.343 E.00556
G1 X100.617 Y124.473 F18000
M204 P2000
;TYPE:Gap infill
;WIDTH:0.132133
G1 F5762
G1 X100.519 Y123.994 E.00352
G1 X100.54 Y123.954 E.00032
;WIDTH:0.192517
G1 X100.561 Y123.915 E.00054
;WIDTH:0.229612
G1 X100.948 Y123.527 E.00824
G1 X101.227 Y123.527 F18000
;WIDTH:0.319313
G1 F5762
G1 X101.155 Y123.574 E.00192
;WIDTH:0.363036
G1 X101.083 Y123.621 E.00223
;WIDTH:0.406759
G1 X101.011 Y123.669 E.00253
;WIDTH:0.450482
G1 X100.939 Y123.716 E.00283
;WIDTH:0.494205
G1 X100.867 Y123.763 E.00314
;WIDTH:0.496012
G1 X100.891 Y123.783 E.00114
;WIDTH:0.455903
G1 X100.915 Y123.804 E.00104
;WIDTH:0.415795
G1 X100.939 Y123.824 E.00094
;WIDTH:0.376243
G1 X100.972 Y123.847 E.0011
;WIDTH:0.324681
G3 X101.078 Y124.062 I-.136 J.201 E.0057
;WIDTH:0.299459
G2 X101.067 Y124.345 I.895 J.177 E.00588
;WIDTH:0.28505
G1 X101.112 Y124.36 E.00093
;WIDTH:0.24435
G1 X101.433 Y124.402 E.00526
G1 X101.344 Y124.343 F18000
M204 P1000
;TYPE:Top surface
;WIDTH:0.42
G1 F3600
G1 X101.413 Y124.063 E.00878
G1 X101.365 Y123.815 E.00768
G1 X101.261 Y123.657 E.00577
G1 X101.466 Y123.625 F18000
M204 P2000
;TYPE:Gap infill
;WIDTH:0.165947
G1 F5762
G1 X101.668 Y123.595 E.00203
;WIDTH:0.143083
G1 X101.87 Y123.566 E.00165
;WIDTH:0.140391
G1 X101.938 Y123.586 E.00055
;WIDTH:0.185834
G1 X101.971 Y123.61 E.00048
G1 X102.116 Y123.586 E.0017
;WIDTH:0.137853
G1 X102.262 Y123.562 E.00113
;WIDTH:0.130531
G1 X102.322 Y123.579 E.00045
;WIDTH:0.179299
G1 X102.356 Y123.603 E.00046
G1 X102.509 Y123.589 E.00168
;WIDTH:0.152508
G1 X102.661 Y123.574 E.00135
;WIDTH:0.106533
G3 X102.703 Y123.681 I-.045 J.079 E.00064
G1 X102.485 Y123.657 F18000
M204 P1000
;TYPE:Top surface
;WIDTH:0.42
G1 F3600
G1 X102.537 Y123.93 E.00847
G1 X102.519 Y124.343 E.01258
G1 X102.723 Y124.413 F18000
M204 P2000
;TYPE:Gap infill
;WIDTH:0.168863
G1 F5762
G1 X102.373 Y124.405 E.00356
G1 X102.323 Y124.335 E.00088
G1 X102.373 Y124.405 F18000
;WIDTH:0.157866
G1 F5762
G1 X102.3 Y124.426 E.0007
;WIDTH:0.151563
G1 X102.15 Y124.411 E.00132
;WIDTH:0.179374
G1 X102 Y124.397 E.00166
G1 X101.967 Y124.42 E.00044
;WIDTH:0.132088
G1 X101.905 Y124.437 E.00046
;WIDTH:0.137793
G1 X101.764 Y124.414 E.0011
;WIDTH:0.181834
G1 X101.622 Y124.391 E.00161
G1 X101.563 Y124.285 E.00136
G1 X101.738 Y124.343 F18000
M204 P1000
;TYPE:Top surface
;WIDTH:0.42
G1 F3600
G1 X101.774 Y124.236 E.00344
G1 X101.779 Y123.919 E.00965
G1 X101.701 Y123.657 E.00833
G1 X102.095 Y123.657 F18000
G1 F3600
G1 X102.138 Y123.785 E.00412
G1 X102.162 Y124.153 E.01122
G1 X102.124 Y124.343 E.00591
G1 E-1.75 F6000
;WIPE_START
G1 F3600
G1 X102.162 Y124.153 E-.20848
G1 X102.138 Y123.785 E-.39596
G1 X102.095 Y123.657 E-.14556
;WIPE_END
G1 X106.96 Y121.71 F18000
G1 E2.5 F6000
;TYPE:Outer wall
G1 F3600
G1 X116.29 Y121.71 E.28376
G1 X116.29 Y126.29 E.13929
G1 X106.96 Y126.29 E.28376
G1 X106.96 Y121.77 E.13747
G1 X107.352 Y122.102 F18000
M204 P1500
;TYPE:Inner wall
;WIDTH:0.45
G1 F5762
G1 X115.898 Y122.102 E.28059
G1 X115.898 Y125.898 E.12463
G1 X107.352 Y125.898 E.28059
G1 X107.352 Y122.162 E.12266
G1 X107.759 Y122.509 F18000
G1 F5762
G1 X115.491 Y122.509 E.25386
G1 X115.491 Y125.491 E.0979
G1 X107.759 Y125.491 E.25386
G1 X107.759 Y122.569 E.09593
G1 X108.166 Y122.916 F18000
G1 F5762
G1 X115.084 Y122.916 E.22713
G1 X115.084 Y125.084 E.07117
G1 X108.166 Y125.084 E.22713
G1 X108.166 Y122.976 E.0692
G1 X108.573 Y123.323 F18000
G1 F5762
G1 X114.677 Y123.323 E.20039
G1 X114.677 Y124.677 E.04444
G1 X108.573 Y124.677 E.20039
G1 X108.573 Y123.383 E.04247
G1 X108.912 Y123.657 F18000
M204 P1000
;TYPE:Top surface
;WIDTH:0.42
G1 F3600
G1 X108.907 Y123.789 E.00404
G1 X108.907 Y124.163 F18000
G1 F3600
G1 X108.933 Y124.343 E.00554
G1 X109.106 Y124.318 F18000
M204 P2000
;TYPE:Gap infill
;WIDTH:0.159066
G1 F5762
G1 X109.081 Y124.359 E.00044
;WIDTH:0.174448
G1 X109.057 Y124.4 E.0005
;WIDTH:0.17052
G1 X109.125 Y124.417 E.00072
G1 X109.444 Y124.402 E.00329
G1 X109.495 Y124.325 F18000
;WIDTH:0.182712
G1 F5762
G1 X109.444 Y124.402 E.00104
G1 X109.517 Y124.422 E.00085
G1 X109.822 Y124.399 E.00345
G1 X109.877 Y124.315 F18000
;WIDTH:0.1841
G1 F5762
G1 X109.822 Y124.399 E.00114
G1 X109.9 Y124.423 E.00093
G1 X110.207 Y124.398 E.00351
G1 X110.196 Y124.324 F18000
;WIDTH:0.100652
G1 F5762
G1 X110.852 Y124.473 E.00313
G1 X110.887 Y124.343 F18000
M204 P1000
;TYPE:Top surface
;WIDTH:0.42
G1 F3600
G1 X110.797 Y124.135 E.00689
G1 X110.779 Y123.849 E.00872
G1 X110.834 Y123.657 E.00608
G1 X110.432 Y123.657 F18000
G1 F3600
G1 X110.399 Y123.995 E.01034
G1 X110.469 Y124.343 E.0108
G1 X110.295 Y124.419 F18000
M204 P2000
;TYPE:Gap infill
;WIDTH:0.210504
G1 F5762
G1 X111.101 Y124.344 E.01094
G1 X111.625 Y124.343 F18000
M204 P1000
;TYPE:Top surface
;WIDTH:0.42
G1 F3600
G1 X111.625 Y124 E.01045
G1 X112.095 Y124.06 F18000
M204 P2000
;TYPE:Gap infill
;WIDTH:0.491082
G1 F5762
G1 X111.936 Y123.953 E.00692
;WIDTH:0.441113
G1 X111.777 Y123.847 E.00615
;WIDTH:0.391144
G1 X111.618 Y123.74 E.00538
;WIDTH:0.341176
G1 X111.458 Y123.633 E.00461
;WIDTH:0.316191
G1 X111.299 Y123.527 E.00422
G1 E-2.30848 F6000
;WIPE_START
G1 X111.458 Y123.633 E-.19152
;WIPE_END
G1 X109.308 Y124.343 F18000
G1 E2.5 F6000
M204 P1000
;TYPE:Top surface
;WIDTH:0.42
G1 F3600
G1 X109.268 Y123.929 E.01267
G1 X109.296 Y123.657 E.00832
G1 X109.671 Y123.657 F18000
G1 F3600
G2 X109.696 Y124.343 I1.541 J.289 E.02107
G1 X110.078 Y124.343 F18000
G1 F3600
G3 X110.052 Y123.657 I1.356 J-.395 E.02112
G1 X110.232 Y123.672 F18000
M204 P2000
;TYPE:Gap infill
;WIDTH:0.148254
G1 F5762
G1 X110.209 Y123.635 E.00037
;WIDTH:0.166121
G1 X110.187 Y123.597 E.00043
;WIDTH:0.170714
G1 X110.249 Y123.583 E.00066
G1 X110.593 Y123.588 E.00354
;WIDTH:0.14413
G1 X110.663 Y123.567 E.0006
G1 X110.943 Y123.606 E.00231
;WIDTH:0.18652
G1 X111.223 Y123.644 E.00327
G1 X111.248 Y123.657 F18000
M204 P1000
;TYPE:Top surface
;WIDTH:0.42
G1 F3600
G1 X111.162 Y123.833 E.00595
G1 X111.163 Y124.05 E.00662
G1 X111.259 Y124.239 E.00644
G1 X111.409 Y124.343 E.00556
G1 X111.492 Y124.473 F18000
M204 P2000
;TYPE:Gap infill
;WIDTH:0.132133
G1 F5762
G1 X111.394 Y123.994 E.00352
G1 X111.415 Y123.954 E.00032
;WIDTH:0.192517
G1 X111.436 Y123.915 E.00054
;WIDTH:0.229612
G1 X111.823 Y123.527 E.00824
G1 X112.102 Y123.527 F18000
;WIDTH:0.319313
G1 F5762
G1 X112.03 Y123.574 E.00192
;WIDTH:0.363036
G1 X111.958 Y123.621 E.00223
;WIDTH:0.406759
G1 X111.886 Y123.669 E.00253
;WIDTH:0.450482
G1 X111.814 Y123.716 E.00283
;WIDTH:0.494205
G1 X111.742 Y123.763 E.00314
;WIDTH:0.496012
G1 X111.766 Y123.783 E.00114
;WIDTH:0.455903
G1 X111.79 Y123.804 E.00104
;WIDTH:0.415795
G1 X111.814 Y123.824 E.00094
;WIDTH:0.376243
G1 X111.847 Y123.847 E.0011
;WIDTH:0.324681
G3 X111.953 Y124.062 I-.136 J.201 E.0057
;WIDTH:0.299459
G2 X111.942 Y124.345 I.895 J.177 E.00588
;WIDTH:0.28505
G1 X111.987 Y124.36 E.00093
;WIDTH:0.24435
G1 X112.308 Y124.402 E.00526
G1 X112.219 Y124.343 F18000
M204 P1000
;TYPE:Top surface
;WIDTH:0.42
G1 F3600
G1 X112.288 Y124.063 E.00878
G1 X112.24 Y123.815 E.00768
G1 X112.136 Y123.657 E.00577
G1 X112.341 Y123.625 F18000
M204 P2000
;TYPE:Gap infill
;WIDTH:0.165947
G1 F5762
G1 X112.543 Y123.595 E.00203
;WIDTH:0.143083
G1 X112.745 Y123.566 E.00165
;WIDTH:0.140391
G1 X112.813 Y123.586 E.00055
;WIDTH:0.185834
G1 X112.846 Y123.61 E.00048
G1 X112.991 Y123.586 E.0017
;WIDTH:0.137853
G1 X113.137 Y123.562 E.00113
;WIDTH:0.130531
G1 X113.197 Y123.579 E.00045
;WIDTH:0.16592
G1 X113.231 Y123.603 E.00041
G1 X113.536 Y123.574 E.00304
G1 X113.58 Y123.59 E.00046
;WIDTH:0.185778
G1 X113.623 Y123.606 E.00053
;WIDTH:0.202831
G1 X113.625 Y123.607 E.00002
;WIDTH:0.160809
G1 X113.922 Y123.568 E.00285
G1 X113.994 Y123.59 E.00072
;WIDTH:0.174605
G1 X114.323 Y123.586 E.0035
G1 X114.395 Y123.605 E.00079
G1 X114.4 Y123.64 E.00038
;WIDTH:0.171705
G3 X114.399 Y124.399 I-3.782 J.372 E.00789
G1 X114.324 Y124.421 E.00081
G1 X114.018 Y124.4 E.00318
G1 X113.965 Y124.32 F18000
;WIDTH:0.168223
G1 F5762
G1 X114.018 Y124.4 E.00097
G1 X113.942 Y124.423 E.00079
G1 X113.64 Y124.399 E.00307
G1 X113.596 Y124.317 F18000
;WIDTH:0.149711
G1 F5762
G1 X113.618 Y124.358 E.0004
;WIDTH:0.170483
G1 X113.64 Y124.399 E.00048
;WIDTH:0.170493
G1 X113.58 Y124.412 E.00063
G1 X113.248 Y124.405 E.00342
G1 X113.198 Y124.335 E.00089
G1 X113.248 Y124.405 F18000
;WIDTH:0.157866
G1 F5762
G1 X113.175 Y124.426 E.0007
;WIDTH:0.151563
G1 X113.025 Y124.411 E.00132
;WIDTH:0.179374
G1 X112.875 Y124.397 E.00166
G1 X112.842 Y124.42 E.00044
;WIDTH:0.132088
G1 X112.78 Y124.437 E.00046
;WIDTH:0.137793
G1 X112.639 Y124.414 E.0011
;WIDTH:0.181835
G1 X112.497 Y124.391 E.00161
G1 X112.438 Y124.285 E.00136
G1 X112.613 Y124.343 F18000
M204 P1000
;TYPE:Top surface
;WIDTH:0.42
G1 F3600
G1 X112.649 Y124.236 E.00344
G1 X112.654 Y123.919 E.00965
G1 X112.576 Y123.657 E.00833
G1 X112.999 Y124.343 F18000
G1 F3600
G1 X113.037 Y124.153 E.00591
G1 X113.013 Y123.785 E.01122
G1 X112.97 Y123.657 E.00412
G1 X113.36 Y123.657 F18000
G1 F3600
G1 X113.412 Y123.93 E.00847
G1 X113.394 Y124.343 E.01258
G1 X113.764 Y124.343 F18000
G1 F3600
G1 X113.791 Y124.17 E.00533
G1 X113.75 Y123.657 E.01567
G1 X114.139 Y123.657 F18000
G1 F3600
G1 X114.169 Y124.15 E.01503
G1 X114.144 Y124.343 E.00594
; stop printing object SG9 Holder id:3152 copy 0
;LAYER_CHANGE
;Z:7.24
;HEIGHT:0.2
G92 E0 ; zero the extruded length again
; BEFORE_LAYER_CHANGE 35 @ 7.24mm
G1 E-1.75 F6000
;WIPE_START
G1 F3600
G1 X114.169 Y124.15 E-.21247
G1 X114.139 Y123.657 E-.53753
;WIPE_END
; AFTER_LAYER_CHANGE 35 @ 7.24mm
;_SET_FAN_SPEED_CHANGING_LAYER
; printing object SG9 Holder id:3152 copy 0
G1 X116.29 Y95.438 Z7.24 F18000
G1 E2.5 F6000
;TYPE:Outer wall
G1 F3600
G1 X96.96 Y95.438 E.5879
G1 X96.96 Y93.71 E.05254
G1 X116.29 Y93.71 E.5879
G1 X116.29 Y95.378 E.05072
G1 X115.898 Y95.046 F18000
M204 P1500
;TYPE:Inner wall
;WIDTH:0.45
G1 F3636
G1 X97.352 Y95.046 E.60892
G1 X97.352 Y94.102 E.03098
G1 X115.898 Y94.102 E.60892
G1 X115.898 Y94.986 E.02901
G1 E-1.75 F6000
;WIPE_START
G1 X114.898 Y94.989 E-.75
;WIPE_END
G1 X115.694 Y94.574 F18000
G1 E2.5 F6000
M204 P2000
;TYPE:Gap infill
;WIDTH:0.579284
G1 F3636
G1 X97.556 Y94.574 E.7847
G1 E-1.75 F6000
;WIPE_START
G1 X98.556 Y94.574 E-.75
;WIPE_END
G1 X100.54 Y98.29 F18000
G1 E2.5 F6000
M204 P1000
;TYPE:Outer wall
;WIDTH:0.42
G1 F3600
G1 X100.54 Y111.333 E.39668
G1 X96.96 Y111.333 E.10888
G1 X96.96 Y97.062 E.43401
G1 X116.29 Y97.062 E.5879
G1 X116.29 Y98.29 E.03734
G1 X100.6 Y98.29 E.47719
G1 X100.148 Y97.898 F18000
M204 P1500
;TYPE:Inner wall
;WIDTH:0.45
G1 F3636
G1 X100.148 Y110.941 E.42824
G1 X97.352 Y110.941 E.0918
G1 X97.352 Y97.454 E.44279
G1 X115.898 Y97.454 E.60892
G1 X115.898 Y97.898 E.01456
G1 X100.208 Y97.898 E.51515
G1 X99.741 Y97.862 F18000
G1 F3636
G1 X99.741 Y110.534 E.41606
G1 X97.759 Y110.534 E.06507
G1 X97.759 Y97.862 E.41606
G1 X99.681 Y97.862 E.0631
G1 X99.334 Y98.269 F18000
G1 F3636
G1 X99.334 Y110.126 E.38933
G1 X98.166 Y110.126 E.03833
G1 X98.166 Y98.269 E.38933
G1 X99.274 Y98.269 E.03636
G1 X98.881 Y98.676 F18000
G1 F3636
G1 X98.927 Y98.676 E.00149
G1 X98.927 Y109.719 E.3626
G1 X98.573 Y109.719 E.0116
G1 X98.573 Y98.676 E.3626
G1 X98.821 Y98.676 E.00814
G1 E-1.75 F6000
;WIPE_START
G1 X98.927 Y98.676 E-.07909
G1 X98.927 Y99.57 E-.67091
;WIPE_END
G1 X106.96 Y122.938 F18000
G1 E2.5 F6000
M204 P1000
;TYPE:Outer wall
;WIDTH:0.42
G1 F3600
G1 X106.96 Y121.71 E.03734
G1 X116.29 Y121.71 E.28376
G1 X116.29 Y122.938 E.03734
G1 X107.02 Y122.938 E.28193
G1 X107.352 Y122.546 F18000
M204 P1500
;TYPE:Inner wall
;WIDTH:0.45
G1 F3636
G1 X107.352 Y122.102 E.01456
G1 X115.898 Y122.102 E.28059
G1 X115.898 Y122.546 E.01456
G1 X107.412 Y122.546 E.27862
G1 E-1.75 F6000
;WIPE_START
G1 X107.352 Y122.102 E-.3356
G1 X107.905 Y122.102 E-.4144
;WIPE_END
G1 X106.96 Y124.562 F18000
G1 E2.5 F6000
M204 P1000
;TYPE:Outer wall
;WIDTH:0.42
G1 F3600
G1 X116.29 Y124.562 E.28376
G1 X116.29 Y126.29 E.05254
G1 X106.96 Y126.29 E.28376
G1 X106.96 Y124.622 E.05072
G1 X107.352 Y124.954 F18000
M204 P1500
;TYPE:Inner wall
;WIDTH:0.45
G1 F3636
G1 X115.898 Y124.954 E.28059
G1 X115.898 Y125.898 E.03098
G1 X107.352 Y125.898 E.28059
G1 X107.352 Y125.014 E.02901
G1 X107.556 Y125.426 F18000
M204 P2000
;TYPE:Gap infill
;WIDTH:0.579284
G1 F3636
G1 X115.694 Y125.426 E.35209
G1 E-1.75 F6000
;WIPE_START
G1 X114.694 Y125.426 E-.75
;WIPE_END
G1 X104.54 Y124.562 F18000
G1 E2.5 F6000
M204 P1000
;TYPE:Outer wall
;WIDTH:0.42
G1 F3600
G1 X104.54 Y126.29 E.05254
G1 X96.96 Y126.29 E.23054
G1 X96.96 Y124.562 E.05254
G1 X104.48 Y124.562 E.22871
G1 X104.148 Y124.954 F18000
M204 P1500
;TYPE:Inner wall
;WIDTH:0.45
G1 F3636
G1 X104.148 Y125.898 E.03098
G1 X97.352 Y125.898 E.22313
G1 X97.352 Y124.954 E.03098
G1 X104.088 Y124.954 E.22116
G1 X103.944 Y125.426 F18000
M204 P2000
;TYPE:Gap infill
;WIDTH:0.579284
G1 F3636
G1 X97.556 Y125.426 E.27638
G1 E-1.75 F6000
;WIPE_START
G1 X98.556 Y125.426 E-.75
;WIPE_END
G1 X100.54 Y121.71 F18000
G1 E2.5 F6000
M204 P1000
;TYPE:Outer wall
;WIDTH:0.42
G1 F3600
G1 X104.54 Y121.71 E.12165
G1 X104.54 Y122.938 E.03734
G1 X96.96 Y122.938 E.23054
G1 X96.96 Y119.667 E.09946
G1 X100.54 Y119.667 E.10888
G1 X100.54 Y121.65 E.0603
G1 X100.148 Y121.71 F18000
M204 P1500
;TYPE:Inner wall
;WIDTH:0.45
G1 F3636
G1 X100.148 Y122.102 E.01287
G1 X104.148 Y122.102 E.13133
G1 X104.148 Y122.546 E.01456
G1 X97.352 Y122.546 E.22313
G1 X97.352 Y120.059 E.08163
G1 X100.148 Y120.059 E.0918
G1 X100.148 Y121.65 E.05223
G1 X99.741 Y121.71 F18000
G1 F3636
G1 X99.741 Y122.138 E.01407
G1 X97.759 Y122.138 E.06507
G1 X97.759 Y120.466 E.0549
G1 X99.741 Y120.466 E.06507
G1 X99.741 Y121.65 E.03886
G1 X99.334 Y121.71 F18000
G1 F3636
G1 X99.334 Y121.731 E.0007
G1 X98.166 Y121.731 E.03833
G1 X98.166 Y120.874 E.02817
G1 X99.334 Y120.874 E.03833
G1 X99.334 Y121.65 E.02549
; stop printing object SG9 Holder id:3152 copy 0
;LAYER_CHANGE
;Z:7.44
;HEIGHT:0.2
G92 E0 ; zero the extruded length again
; BEFORE_LAYER_CHANGE 36 @ 7.44mm
G1 E-1.75 F6000
;WIPE_START
G1 X99.334 Y121.731 E-.06102
G1 X98.415 Y121.731 E-.68898
;WIPE_END
; AFTER_LAYER_CHANGE 36 @ 7.44mm
;_SET_FAN_SPEED_CHANGING_LAYER
; printing object SG9 Holder id:3152 copy 0
G1 X116.29 Y95.224 Z7.44 F18000
G1 E2.5 F6000
M204 P1000
;TYPE:Outer wall
;WIDTH:0.42
G1 F3381
G1 X96.96 Y95.224 E.5879
G1 X96.96 Y93.71 E.04604
G1 X116.29 Y93.71 E.5879
G1 X116.29 Y95.164 E.04421
G1 X115.898 Y94.832 F18000
M204 P1500
;TYPE:Inner wall
;WIDTH:0.45
G1 F3381
G1 X97.352 Y94.832 E.60892
G1 X97.352 Y94.102 E.02395
G1 X115.898 Y94.102 E.60892
G1 X115.898 Y94.772 E.02198
G1 E-1.75 F6000
;WIPE_START
G1 X114.898 Y94.775 E-.75
;WIPE_END
G1 X115.694 Y94.467 F18000
G1 E2.5 F6000
M204 P2000
;TYPE:Gap infill
;WIDTH:0.36536
G1 F3381
G1 X97.556 Y94.467 E.47173
G1 E-1.75 F6000
;WIPE_START
G1 X98.556 Y94.467 E-.75
;WIPE_END
G1 X100.54 Y98.29 F18000
G1 E2.5 F6000
M204 P1000
;TYPE:Outer wall
;WIDTH:0.42
G1 F3381
G1 X100.54 Y111.295 E.39553
G1 X96.96 Y111.295 E.10888
G1 X96.96 Y97.276 E.42635
G1 X116.29 Y97.276 E.5879
G1 X116.29 Y98.29 E.03083
G1 X100.6 Y98.29 E.47719
G1 X100.148 Y97.898 F18000
M204 P1500
;TYPE:Inner wall
;WIDTH:0.45
G1 F3381
G1 X100.148 Y110.903 E.42699
G1 X97.352 Y110.903 E.0918
G1 X97.352 Y97.668 E.43453
G1 X100.148 Y97.668 E.0918
G1 X100.148 Y97.838 E.00557
G1 X99.741 Y98.075 F18000
G1 F3381
G1 X99.741 Y110.496 E.4078
G1 X97.759 Y110.496 E.06507
G1 X97.759 Y98.075 E.4078
G1 X99.681 Y98.075 E.0631
G1 X99.319 Y98.483 F18000
G1 F3381
G1 X99.334 Y98.483 E.0005
G1 X99.334 Y110.089 E.38107
G1 X98.166 Y110.089 E.03833
G1 X98.166 Y98.483 E.38107
G1 X99.259 Y98.483 E.03586
G1 X98.819 Y98.89 F18000
G1 F3381
G1 X98.927 Y98.89 E.00354
G1 X98.927 Y109.682 E.35433
G1 X98.573 Y109.682 E.0116
G1 X98.573 Y98.89 E.35433
G1 X98.759 Y98.89 E.00609
G1 X100.344 Y97.783 F18000
M204 P2000
;TYPE:Gap infill
;WIDTH:0.664512
G1 F3381
G1 X116.094 Y97.783 E.78963
G1 E-1.75 F6000
;WIPE_START
G1 F5970.701
G1 X115.094 Y97.783 E-.75
;WIPE_END
G1 X106.96 Y122.724 F18000
G1 E2.5 F6000
M204 P1000
;TYPE:Outer wall
;WIDTH:0.42
G1 F3381
G1 X106.96 Y121.71 E.03083
G1 X116.29 Y121.71 E.28376
G1 X116.29 Y122.724 E.03083
G1 X107.02 Y122.724 E.28193
G1 X107.156 Y122.217 F18000
M204 P2000
;TYPE:Gap infill
;WIDTH:0.664512
G1 F3381
G1 X116.094 Y122.217 E.4481
G1 E-1.75 F6000
;WIPE_START
G1 F5970.701
G1 X115.094 Y122.217 E-.75
;WIPE_END
G1 X106.96 Y124.776 F18000
G1 E2.5 F6000
M204 P1000
;TYPE:Outer wall
;WIDTH:0.42
G1 F3381
G1 X116.29 Y124.776 E.28376
G1 X116.29 Y126.29 E.04604
G1 X106.96 Y126.29 E.28376
G1 X106.96 Y124.836 E.04421
G1 X107.352 Y125.168 F18000
M204 P1500
;TYPE:Inner wall
;WIDTH:0.45
G1 F3381
G1 X115.898 Y125.168 E.28059
G1 X115.898 Y125.898 E.02395
G1 X107.352 Y125.898 E.28059
G1 X107.352 Y125.228 E.02198
G1 X107.556 Y125.533 F18000
M204 P2000
;TYPE:Gap infill
;WIDTH:0.36536
G1 F3381
G1 X115.694 Y125.533 E.21166
G1 E-1.75 F6000
;WIPE_START
G1 X114.694 Y125.533 E-.75
;WIPE_END
G1 X104.54 Y124.776 F18000
G1 E2.5 F6000
M204 P1000
;TYPE:Outer wall
;WIDTH:0.42
G1 F3381
G1 X104.54 Y126.29 E.04604
G1 X96.96 Y126.29 E.23054
G1 X96.96 Y124.776 E.04604
G1 X104.48 Y124.776 E.22871
G1 X104.148 Y125.168 F18000
M204 P1500
;TYPE:Inner wall
;WIDTH:0.45
G1 F3381
G1 X104.148 Y125.898 E.02395
G1 X97.352 Y125.898 E.22313
G1 X97.352 Y125.168 E.02395
G1 X104.088 Y125.168 E.22116
G1 X103.944 Y125.533 F18000
M204 P2000
;TYPE:Gap infill
;WIDTH:0.36536
G1 F3381
G1 X97.556 Y125.533 E.16615
G1 E-1.75 F6000
;WIPE_START
G1 X98.556 Y125.533 E-.75
;WIPE_END
G1 X100.54 Y121.71 F18000
G1 E2.5 F6000
M204 P1000
;TYPE:Outer wall
;WIDTH:0.42
G1 F3381
G1 X104.54 Y121.71 E.12165
G1 X104.54 Y122.724 E.03083
G1 X96.96 Y122.724 E.23054
G1 X96.96 Y119.705 E.0918
G1 X100.54 Y119.705 E.10888
G1 X100.54 Y121.65 E.05915
G1 X100.148 Y121.71 F18000
M204 P1500
;TYPE:Inner wall
;WIDTH:0.45
G1 F3381
G1 X100.148 Y122.332 E.02041
G1 X97.352 Y122.332 E.0918
G1 X97.352 Y120.097 E.07336
G1 X100.148 Y120.097 E.0918
G1 X100.148 Y121.65 E.05098
G1 X99.741 Y121.71 F18000
G1 F3381
G1 X99.741 Y121.925 E.00704
G1 X97.759 Y121.925 E.06507
G1 X97.759 Y120.504 E.04663
G1 X99.741 Y120.504 E.06507
G1 X99.741 Y121.65 E.03762
G1 X99.319 Y121.517 F18000
G1 F3381
G1 X98.166 Y121.517 E.03783
G1 X98.166 Y120.911 E.0199
G1 X99.334 Y120.911 E.03833
G1 X99.334 Y121.473 E.01843
G1 X99.13 Y121.214 F18000
M204 P2000
;TYPE:Gap infill
;WIDTH:0.241906
G1 F3381
G1 X98.37 Y121.214 E.0122
G1 X100.344 Y122.217 F18000
;WIDTH:0.664512
G1 F3381
G1 X104.344 Y122.217 E.20054
; stop printing object SG9 Holder id:3152 copy 0
;LAYER_CHANGE
;Z:7.64
;HEIGHT:0.2
G92 E0 ; zero the extruded length again
; BEFORE_LAYER_CHANGE 37 @ 7.64mm
G1 E-1.75 F6000
;WIPE_START
G1 F5970.701
G1 X103.344 Y122.217 E-.75
;WIPE_END
; AFTER_LAYER_CHANGE 37 @ 7.64mm
;_SET_FAN_SPEED_CHANGING_LAYER
; printing object SG9 Holder id:3152 copy 0
G1 X116.29 Y95.096 Z7.64 F18000
G1 E2.5 F6000
M204 P1000
;TYPE:Outer wall
;WIDTH:0.42
G1 F3340
G1 X96.96 Y95.096 E.5879
G1 X96.96 Y93.71 E.04217
G1 X116.29 Y93.71 E.5879
G1 X116.29 Y95.036 E.04034
G1 X115.898 Y94.704 F18000
M204 P1500
;TYPE:Inner wall
;WIDTH:0.45
G1 F3340
G1 X97.352 Y94.704 E.60892
G1 X97.352 Y94.102 E.01977
G1 X115.898 Y94.102 E.60892
G1 X115.898 Y94.644 E.0178
G1 E-1.75 F6000
;WIPE_START
G1 X114.898 Y94.648 E-.75
;WIPE_END
G1 X115.694 Y94.403 F18000
G1 E2.5 F6000
M204 P2000
;TYPE:Gap infill
;WIDTH:0.238078
G1 F3340
G1 X97.556 Y94.403 E.28552
G1 E-1.75 F6000
;WIPE_START
G1 X98.556 Y94.403 E-.75
;WIPE_END
G1 X100.54 Y98.29 F18000
G1 E2.5 F6000
M204 P1000
;TYPE:Outer wall
;WIDTH:0.42
G1 F3340
G1 X100.54 Y111.267 E.39468
G1 X96.96 Y111.267 E.10888
G1 X96.96 Y97.404 E.42164
G1 X116.29 Y97.404 E.5879
G1 X116.29 Y98.29 E.02696
G1 X100.6 Y98.29 E.47719
G1 X100.148 Y97.898 F18000
M204 P1500
;TYPE:Inner wall
;WIDTH:0.45
G1 F3340
G1 X100.148 Y110.875 E.42608
G1 X97.352 Y110.875 E.0918
G1 X97.352 Y97.796 E.42944
G1 X100.148 Y97.796 E.0918
G1 X100.148 Y97.838 E.00139
G1 X99.741 Y98.203 F18000
G1 F3340
G1 X99.741 Y110.468 E.40271
G1 X97.759 Y110.468 E.06507
G1 X97.759 Y98.203 E.40271
G1 X99.681 Y98.203 E.0631
G1 X99.292 Y98.61 F18000
G1 F3340
G1 X99.334 Y98.61 E.00137
G1 X99.334 Y110.061 E.37598
G1 X98.166 Y110.061 E.03833
G1 X98.166 Y98.61 E.37598
G1 X99.232 Y98.61 E.035
G1 X98.77 Y99.017 F18000
G1 F3340
G1 X98.927 Y99.017 E.00513
G1 X98.927 Y109.654 E.34924
G1 X98.573 Y109.654 E.0116
G1 X98.573 Y99.017 E.34924
G1 X98.71 Y99.017 E.0045
G1 X100.344 Y97.847 F18000
M204 P2000
;TYPE:Gap infill
;WIDTH:0.537224
G1 F3340
G1 X116.094 Y97.847 E.62793
G1 E-1.75 F6000
;WIPE_START
G1 X115.094 Y97.847 E-.75
;WIPE_END
G1 X106.96 Y122.596 F18000
G1 E2.5 F6000
M204 P1000
;TYPE:Outer wall
;WIDTH:0.42
G1 F3340
G1 X106.96 Y121.71 E.02696
G1 X116.29 Y121.71 E.28376
G1 X116.29 Y122.596 E.02696
G1 X107.02 Y122.596 E.28193
G1 X107.156 Y122.153 F18000
M204 P2000
;TYPE:Gap infill
;WIDTH:0.537224
G1 F3340
G1 X116.094 Y122.153 E.35634
G1 E-1.75 F6000
;WIPE_START
G1 X115.094 Y122.153 E-.75
;WIPE_END
G1 X106.96 Y124.904 F18000
G1 E2.5 F6000
M204 P1000
;TYPE:Outer wall
;WIDTH:0.42
G1 F3340
G1 X116.29 Y124.904 E.28376
G1 X116.29 Y126.29 E.04217
G1 X106.96 Y126.29 E.28376
G1 X106.96 Y124.964 E.04034
G1 X107.352 Y125.296 F18000
M204 P1500
;TYPE:Inner wall
;WIDTH:0.45
G1 F3340
G1 X115.898 Y125.296 E.28059
G1 X115.898 Y125.898 E.01977
G1 X107.352 Y125.898 E.28059
G1 X107.352 Y125.356 E.0178
G1 X107.556 Y125.597 F18000
M204 P2000
;TYPE:Gap infill
;WIDTH:0.238076
G1 F3340
G1 X115.694 Y125.597 E.12811
G1 E-1.75 F6000
;WIPE_START
G1 X114.694 Y125.597 E-.75
;WIPE_END
G1 X104.54 Y124.904 F18000
G1 E2.5 F6000
M204 P1000
;TYPE:Outer wall
;WIDTH:0.42
G1 F3340
G1 X104.54 Y126.29 E.04217
G1 X96.96 Y126.29 E.23054
G1 X96.96 Y124.904 E.04217
G1 X104.48 Y124.904 E.22871
G1 X104.148 Y125.296 F18000
M204 P1500
;TYPE:Inner wall
;WIDTH:0.45
G1 F3340
G1 X104.148 Y125.898 E.01977
G1 X97.352 Y125.898 E.22313
G1 X97.352 Y125.296 E.01977
G1 X104.088 Y125.296 E.22116
G1 X103.944 Y125.597 F18000
M204 P2000
;TYPE:Gap infill
;WIDTH:0.238078
G1 F3340
G1 X97.556 Y125.597 E.10056
G1 E-1.75 F6000
;WIPE_START
G1 X98.556 Y125.597 E-.75
;WIPE_END
G1 X100.54 Y121.71 F18000
G1 E2.5 F6000
M204 P1000
;TYPE:Outer wall
;WIDTH:0.42
G1 F3340
G1 X104.54 Y121.71 E.12165
G1 X104.54 Y122.596 E.02696
G1 X96.96 Y122.596 E.23054
G1 X96.96 Y119.733 E.08709
G1 X100.54 Y119.733 E.10888
G1 X100.54 Y121.65 E.05831
G1 X100.148 Y121.71 F18000
M204 P1500
;TYPE:Inner wall
;WIDTH:0.45
G1 F3340
G1 X100.148 Y122.204 E.01623
G1 X97.352 Y122.204 E.0918
G1 X97.352 Y120.125 E.06827
G1 X100.148 Y120.125 E.0918
G1 X100.148 Y121.65 E.05007
G1 X99.741 Y121.71 F18000
G1 F3340
G1 X99.741 Y121.797 E.00286
G1 X97.759 Y121.797 E.06507
G1 X97.759 Y120.532 E.04154
G1 X99.741 Y120.532 E.06507
G1 X99.741 Y121.65 E.03671
G1 X99.292 Y121.39 F18000
G1 F3340
G1 X98.166 Y121.39 E.03697
G1 X98.166 Y120.939 E.01481
G1 X99.334 Y120.939 E.03833
G1 X99.334 Y121.372 E.01421
G1 X100.344 Y122.153 F18000
M204 P2000
;TYPE:Gap infill
;WIDTH:0.537224
G1 F3340
G1 X104.344 Y122.153 E.15947
; stop printing object SG9 Holder id:3152 copy 0
;LAYER_CHANGE
;Z:7.84
;HEIGHT:0.2
G92 E0 ; zero the extruded length again
; BEFORE_LAYER_CHANGE 38 @ 7.84mm
G1 E-1.75 F6000
;WIPE_START
G1 X103.344 Y122.153 E-.75
;WIPE_END
; AFTER_LAYER_CHANGE 38 @ 7.84mm
;_SET_FAN_SPEED_CHANGING_LAYER
; printing object SG9 Holder id:3152 copy 0
G1 X116.29 Y95.023 Z7.84 F18000
G1 E2.5 F6000
M204 P1000
;TYPE:Outer wall
;WIDTH:0.42
G1 F3322
G1 X96.96 Y95.023 E.5879
G1 X96.96 Y93.71 E.03993
G1 X116.29 Y93.71 E.5879
G1 X116.29 Y94.963 E.03811
G1 X115.898 Y94.631 F18000
M204 P1500
;TYPE:Inner wall
;WIDTH:0.45
G1 F3322
G1 X97.352 Y94.631 E.60892
G1 X97.352 Y94.102 E.01736
G1 X115.898 Y94.102 E.60892
G1 X115.898 Y94.571 E.01539
G1 E-1.75 F6000
;WIPE_START
G1 X114.898 Y94.574 E-.75
;WIPE_END
G1 X115.694 Y94.366 F18000
G1 E2.5 F6000
M204 P2000
;TYPE:Gap infill
;WIDTH:0.164586
G1 F3322
G1 X97.556 Y94.366 E.178
G1 E-1.75 F6000
;WIPE_START
G1 X98.556 Y94.366 E-.75
;WIPE_END
G1 X100.54 Y98.29 F18000
G1 E2.5 F6000
M204 P1000
;TYPE:Outer wall
;WIDTH:0.42
G1 F3322
G1 X100.54 Y111.249 E.39414
G1 X96.96 Y111.249 E.10888
G1 X96.96 Y97.477 E.41886
G1 X116.29 Y97.477 E.5879
G1 X116.29 Y98.29 E.02472
G1 X100.6 Y98.29 E.47719
G1 X100.148 Y97.898 F18000
M204 P1500
;TYPE:Inner wall
;WIDTH:0.45
G1 F3322
G1 X100.148 Y110.857 E.4255
G1 X97.352 Y110.857 E.0918
G1 X97.352 Y97.869 E.42644
G1 X100.117 Y97.869 E.09077
G1 X99.741 Y98.276 F18000
G1 F3322
G1 X99.741 Y110.45 E.39971
G1 X97.759 Y110.45 E.06507
G1 X97.759 Y98.276 E.39971
G1 X99.681 Y98.276 E.0631
G1 X99.271 Y98.683 F18000
G1 F3322
G1 X99.334 Y98.683 E.00205
G1 X99.334 Y110.043 E.37298
G1 X98.166 Y110.043 E.03833
G1 X98.166 Y98.683 E.37298
G1 X99.211 Y98.683 E.03431
G1 X98.739 Y99.09 F18000
G1 F3322
G1 X98.927 Y99.09 E.00616
G1 X98.927 Y109.636 E.34625
G1 X98.573 Y109.636 E.0116
G1 X98.573 Y99.09 E.34625
G1 X98.679 Y99.09 E.00347
G1 X100.344 Y97.884 F18000
M204 P2000
;TYPE:Gap infill
;WIDTH:0.463736
G1 F3322
G1 X116.094 Y97.884 E.53457
G1 E-1.75 F6000
;WIPE_START
G1 X115.094 Y97.884 E-.75
;WIPE_END
G1 X106.96 Y122.523 F18000
G1 E2.5 F6000
M204 P1000
;TYPE:Outer wall
;WIDTH:0.42
G1 F3322
G1 X106.96 Y121.71 E.02472
G1 X116.29 Y121.71 E.28376
G1 X116.29 Y122.523 E.02472
G1 X107.02 Y122.523 E.28193
G1 X107.156 Y122.116 F18000
M204 P2000
;TYPE:Gap infill
;WIDTH:0.463736
G1 F3322
G1 X116.094 Y122.116 E.30336
G1 E-1.75 F6000
;WIPE_START
G1 X115.094 Y122.116 E-.75
;WIPE_END
G1 X106.96 Y124.977 F18000
G1 E2.5 F6000
M204 P1000
;TYPE:Outer wall
;WIDTH:0.42
G1 F3322
G1 X116.29 Y124.977 E.28376
G1 X116.29 Y126.29 E.03993
G1 X106.96 Y126.29 E.28376
G1 X106.96 Y125.037 E.03811
G1 X107.352 Y125.369 F18000
M204 P1500
;TYPE:Inner wall
;WIDTH:0.45
G1 F3322
G1 X115.898 Y125.369 E.28059
G1 X115.898 Y125.898 E.01736
G1 X107.352 Y125.898 E.28059
G1 X107.352 Y125.429 E.01539
G1 X107.556 Y125.634 F18000
M204 P2000
;TYPE:Gap infill
;WIDTH:0.164586
G1 F3322
G1 X115.694 Y125.634 E.07987
G1 E-1.75 F6000
;WIPE_START
G1 X114.694 Y125.634 E-.75
;WIPE_END
G1 X104.54 Y124.977 F18000
G1 E2.5 F6000
M204 P1000
;TYPE:Outer wall
;WIDTH:0.42
G1 F3322
G1 X104.54 Y126.29 E.03993
G1 X96.96 Y126.29 E.23054
G1 X96.96 Y124.977 E.03993
G1 X104.48 Y124.977 E.22871
G1 X104.148 Y125.369 F18000
M204 P1500
;TYPE:Inner wall
;WIDTH:0.45
G1 F3322
G1 X104.148 Y125.898 E.01736
G1 X97.352 Y125.898 E.22313
G1 X97.352 Y125.369 E.01736
G1 X104.088 Y125.369 E.22116
G1 X103.944 Y125.634 F18000
M204 P2000
;TYPE:Gap infill
;WIDTH:0.164586
G1 F3322
G1 X97.556 Y125.634 E.06269
G1 E-1.75 F6000
;WIPE_START
G1 X98.556 Y125.634 E-.75
;WIPE_END
G1 X100.54 Y121.71 F18000
G1 E2.5 F6000
M204 P1000
;TYPE:Outer wall
;WIDTH:0.42
G1 F3322
G1 X104.54 Y121.71 E.12165
G1 X104.54 Y122.523 E.02472
G1 X96.96 Y122.523 E.23054
G1 X96.96 Y119.751 E.08431
G1 X100.54 Y119.751 E.10888
G1 X100.54 Y121.65 E.05777
G1 X100.148 Y121.71 F18000
M204 P1500
;TYPE:Inner wall
;WIDTH:0.45
G1 F3322
G1 X100.148 Y122.131 E.01382
G1 X97.352 Y122.131 E.0918
G1 X97.352 Y120.143 E.06527
G1 X100.148 Y120.143 E.0918
G1 X100.148 Y121.65 E.04949
G1 X99.741 Y121.71 F18000
G1 F3322
G1 X99.741 Y121.724 E.00045
G1 X97.759 Y121.724 E.06507
G1 X97.759 Y120.55 E.03854
G1 X99.741 Y120.55 E.06507
G1 X99.741 Y121.65 E.03612
G1 X99.271 Y121.317 F18000
G1 F3322
G1 X98.166 Y121.317 E.03628
G1 X98.166 Y120.957 E.01181
G1 X99.334 Y120.957 E.03833
G1 X99.334 Y121.317 E.01181
G1 X99.331 Y121.317 E.00008
G1 X100.344 Y122.116 F18000
M204 P2000
;TYPE:Gap infill
;WIDTH:0.463736
G1 F3322
G1 X104.344 Y122.116 E.13576
; stop printing object SG9 Holder id:3152 copy 0
;LAYER_CHANGE
;Z:8.04
;HEIGHT:0.2
G92 E0 ; zero the extruded length again
; BEFORE_LAYER_CHANGE 39 @ 8.04mm
G1 E-1.75 F6000
;WIPE_START
G1 X103.344 Y122.116 E-.75
;WIPE_END
; AFTER_LAYER_CHANGE 39 @ 8.04mm
;_SET_FAN_SPEED_CHANGING_LAYER
; printing object SG9 Holder id:3152 copy 0
G1 X116.29 Y94.992 Z8.04 F18000
G1 E2.5 F6000
M204 P1000
;TYPE:Outer wall
;WIDTH:0.42
G1 F3314
G1 X96.96 Y94.992 E.5879
G1 X96.96 Y93.71 E.03899
G1 X116.29 Y93.71 E.5879
G1 X116.29 Y94.932 E.03716
G1 X115.898 Y94.6 F18000
M204 P1500
;TYPE:Inner wall
;WIDTH:0.45
G1 F3314
G1 X97.352 Y94.6 E.60892
G1 X97.352 Y94.102 E.01634
G1 X115.898 Y94.102 E.60892
G1 X115.898 Y94.54 E.01437
G1 E-1.75 F6000
;WIPE_START
G1 X114.898 Y94.543 E-.75
;WIPE_END
G1 X115.694 Y94.351 F18000
G1 E2.5 F6000
M204 P2000
;TYPE:Gap infill
;WIDTH:0.133616
G1 F3314
G1 X97.556 Y94.351 E.13269
G1 E-1.75 F6000
;WIPE_START
G1 X98.556 Y94.351 E-.75
;WIPE_END
G1 X100.54 Y98.29 F18000
G1 E2.5 F6000
M204 P1000
;TYPE:Outer wall
;WIDTH:0.42
G1 F3314
G1 X100.54 Y111.241 E.3939
G1 X96.96 Y111.241 E.10888
G1 X96.96 Y97.508 E.41768
G1 X116.29 Y97.508 E.5879
G1 X116.29 Y98.29 E.02378
G1 X100.6 Y98.29 E.47719
G1 X100.148 Y97.9 F18000
M204 P1500
;TYPE:Inner wall
;WIDTH:0.45
G1 F3314
G1 X100.148 Y110.849 E.42516
G1 X97.352 Y110.849 E.0918
G1 X97.352 Y97.9 E.42516
G1 X100.088 Y97.9 E.08983
G1 X99.741 Y98.307 F18000
G1 F3314
G1 X99.741 Y110.442 E.39843
G1 X97.759 Y110.442 E.06507
G1 X97.759 Y98.307 E.39843
G1 X99.681 Y98.307 E.0631
G1 X99.261 Y98.714 F18000
G1 F3314
G1 X99.334 Y98.714 E.00238
G1 X99.334 Y110.035 E.3717
G1 X98.166 Y110.035 E.03833
G1 X98.166 Y98.714 E.3717
G1 X99.201 Y98.714 E.03399
G1 X98.725 Y99.121 F18000
G1 F3314
G1 X98.927 Y99.121 E.00662
G1 X98.927 Y109.628 E.34497
G1 X98.573 Y109.628 E.0116
G1 X98.573 Y99.121 E.34497
G1 X98.665 Y99.121 E.00301
G1 X100.344 Y97.899 F18000
M204 P2000
;TYPE:Gap infill
;WIDTH:0.432764
G1 F3314
G1 X116.094 Y97.899 E.49523
G1 E-1.75 F6000
;WIPE_START
G1 X115.094 Y97.899 E-.75
;WIPE_END
G1 X106.96 Y122.492 F18000
G1 E2.5 F6000
M204 P1000
;TYPE:Outer wall
;WIDTH:0.42
G1 F3314
G1 X106.96 Y121.71 E.02378
G1 X116.29 Y121.71 E.28376
G1 X116.29 Y122.492 E.02378
G1 X107.02 Y122.492 E.28193
G1 X107.156 Y122.101 F18000
M204 P2000
;TYPE:Gap infill
;WIDTH:0.432764
G1 F3314
G1 X116.094 Y122.101 E.28104
G1 E-1.75 F6000
;WIPE_START
G1 X115.094 Y122.101 E-.75
;WIPE_END
G1 X106.96 Y125.008 F18000
G1 E2.5 F6000
M204 P1000
;TYPE:Outer wall
;WIDTH:0.42
G1 F3314
G1 X116.29 Y125.008 E.28376
G1 X116.29 Y126.29 E.03899
G1 X106.96 Y126.29 E.28376
G1 X106.96 Y125.068 E.03716
G1 X107.352 Y125.4 F18000
M204 P1500
;TYPE:Inner wall
;WIDTH:0.45
G1 F3314
G1 X115.898 Y125.4 E.28059
G1 X115.898 Y125.898 E.01634
G1 X107.352 Y125.898 E.28059
G1 X107.352 Y125.46 E.01437
G1 X107.556 Y125.649 F18000
M204 P2000
;TYPE:Gap infill
;WIDTH:0.133616
G1 F3314
G1 X115.694 Y125.649 E.05954
G1 E-1.75 F6000
;WIPE_START
G1 X114.694 Y125.649 E-.75
;WIPE_END
G1 X104.54 Y125.008 F18000
G1 E2.5 F6000
M204 P1000
;TYPE:Outer wall
;WIDTH:0.42
G1 F3314
G1 X104.54 Y126.29 E.03899
G1 X96.96 Y126.29 E.23054
G1 X96.96 Y125.008 E.03899
G1 X104.48 Y125.008 E.22871
G1 X104.148 Y125.4 F18000
M204 P1500
;TYPE:Inner wall
;WIDTH:0.45
G1 F3314
G1 X104.148 Y125.898 E.01634
G1 X97.352 Y125.898 E.22313
G1 X97.352 Y125.4 E.01634
G1 X104.088 Y125.4 E.22116
G1 X103.944 Y125.649 F18000
M204 P2000
;TYPE:Gap infill
;WIDTH:0.133616
G1 F3314
G1 X97.556 Y125.649 E.04673
G1 E-1.75 F6000
;WIPE_START
G1 X98.556 Y125.649 E-.75
;WIPE_END
G1 X100.54 Y121.71 F18000
G1 E2.5 F6000
M204 P1000
;TYPE:Outer wall
;WIDTH:0.42
G1 F3314
G1 X104.54 Y121.71 E.12165
G1 X104.54 Y122.492 E.02378
G1 X96.96 Y122.492 E.23054
G1 X96.96 Y119.759 E.08313
G1 X100.54 Y119.759 E.10888
G1 X100.54 Y121.65 E.05752
G1 X100.148 Y121.71 F18000
M204 P1500
;TYPE:Inner wall
;WIDTH:0.45
G1 F3314
G1 X100.148 Y122.1 E.0128
G1 X97.352 Y122.1 E.0918
G1 X97.352 Y120.151 E.06399
G1 X100.148 Y120.151 E.0918
G1 X100.148 Y121.65 E.04922
G1 X99.741 Y121.693 F18000
G1 F3314
G1 X97.759 Y121.693 E.06507
G1 X97.759 Y120.558 E.03726
G1 X99.741 Y120.558 E.06507
G1 X99.741 Y121.633 E.03529
G1 X99.261 Y121.286 F18000
G1 F3314
G1 X98.166 Y121.286 E.03596
G1 X98.166 Y120.965 E.01053
G1 X99.334 Y120.965 E.03833
G1 X99.334 Y121.286 E.01053
G1 X99.321 Y121.286 E.00041
G1 X100.344 Y122.101 F18000
M204 P2000
;TYPE:Gap infill
;WIDTH:0.432764
G1 F3314
G1 X104.344 Y122.101 E.12577
; stop printing object SG9 Holder id:3152 copy 0
;LAYER_CHANGE
;Z:8.24
;HEIGHT:0.2
G92 E0 ; zero the extruded length again
; BEFORE_LAYER_CHANGE 40 @ 8.24mm
G1 E-1.75 F6000
;WIPE_START
G1 X103.344 Y122.101 E-.75
;WIPE_END
; AFTER_LAYER_CHANGE 40 @ 8.24mm
;_SET_FAN_SPEED_CHANGING_LAYER
; printing object SG9 Holder id:3152 copy 0
G1 X116.29 Y94.999 Z8.24 F18000
G1 E2.5 F6000
M204 P1000
;TYPE:Outer wall
;WIDTH:0.42
G1 F3315
G1 X96.96 Y94.999 E.5879
G1 X96.96 Y93.71 E.03922
G1 X116.29 Y93.71 E.5879
G1 X116.29 Y94.939 E.03739
G1 X115.898 Y94.607 F18000
M204 P1500
;TYPE:Inner wall
;WIDTH:0.45
G1 F3315
G1 X97.352 Y94.607 E.60892
G1 X97.352 Y94.102 E.01659
G1 X115.898 Y94.102 E.60892
G1 X115.898 Y94.547 E.01462
G1 E-1.75 F6000
;WIPE_START
G1 X114.898 Y94.551 E-.75
;WIPE_END
G1 X115.694 Y94.355 F18000
G1 E2.5 F6000
M204 P2000
;TYPE:Gap infill
;WIDTH:0.141128
G1 F3315
G1 X97.556 Y94.355 E.14368
G1 E-1.75 F6000
;WIPE_START
G1 X98.556 Y94.355 E-.75
;WIPE_END
G1 X100.54 Y98.29 F18000
G1 E2.5 F6000
M204 P1000
;TYPE:Outer wall
;WIDTH:0.42
G1 F3315
G1 X100.54 Y111.243 E.39395
G1 X96.96 Y111.243 E.10888
G1 X96.96 Y97.501 E.41796
G1 X116.29 Y97.501 E.5879
G1 X116.29 Y98.29 E.02401
G1 X100.6 Y98.29 E.47719
G1 X100.148 Y97.898 F18000
M204 P1500
;TYPE:Inner wall
;WIDTH:0.45
G1 F3315
G1 X100.148 Y110.851 E.42529
G1 X97.352 Y110.851 E.0918
G1 X97.352 Y97.893 E.42547
G1 X100.093 Y97.893 E.09
G1 X99.741 Y98.3 F18000
G1 F3315
G1 X99.741 Y110.444 E.39873
G1 X97.759 Y110.444 E.06507
G1 X97.759 Y98.3 E.39873
G1 X99.681 Y98.3 E.0631
G1 X99.264 Y98.707 F18000
G1 F3315
G1 X99.334 Y98.707 E.0023
G1 X99.334 Y110.037 E.372
G1 X98.166 Y110.037 E.03833
G1 X98.166 Y98.707 E.372
G1 X99.204 Y98.707 E.03407
G1 X98.729 Y99.114 F18000
G1 F3315
G1 X98.927 Y99.114 E.00651
G1 X98.927 Y109.63 E.34527
G1 X98.573 Y109.63 E.0116
G1 X98.573 Y99.114 E.34527
G1 X98.669 Y99.114 E.00313
G1 X100.344 Y97.895 F18000
M204 P2000
;TYPE:Gap infill
;WIDTH:0.440276
G1 F3315
G1 X116.094 Y97.895 E.50477
G1 E-1.75 F6000
;WIPE_START
G1 X115.094 Y97.895 E-.75
;WIPE_END
G1 X106.96 Y122.499 F18000
G1 E2.5 F6000
M204 P1000
;TYPE:Outer wall
;WIDTH:0.42
G1 F3315
G1 X106.96 Y121.71 E.02401
G1 X116.29 Y121.71 E.28376
G1 X116.29 Y122.499 E.02401
G1 X107.02 Y122.499 E.28193
G1 X107.156 Y122.105 F18000
M204 P2000
;TYPE:Gap infill
;WIDTH:0.440276
G1 F3315
G1 X116.094 Y122.105 E.28645
G1 E-1.75 F6000
;WIPE_START
G1 X115.094 Y122.105 E-.75
;WIPE_END
G1 X106.96 Y125.001 F18000
G1 E2.5 F6000
M204 P1000
;TYPE:Outer wall
;WIDTH:0.42
G1 F3315
G1 X116.29 Y125.001 E.28376
G1 X116.29 Y126.29 E.03922
G1 X106.96 Y126.29 E.28376
G1 X106.96 Y125.061 E.03739
G1 X107.352 Y125.393 F18000
M204 P1500
;TYPE:Inner wall
;WIDTH:0.45
G1 F3315
G1 X115.898 Y125.393 E.28059
G1 X115.898 Y125.898 E.01659
G1 X107.352 Y125.898 E.28059
G1 X107.352 Y125.453 E.01462
G1 X107.556 Y125.645 F18000
M204 P2000
;TYPE:Gap infill
;WIDTH:0.141128
G1 F3315
G1 X115.694 Y125.645 E.06447
G1 E-1.75 F6000
;WIPE_START
G1 X114.694 Y125.645 E-.75
;WIPE_END
G1 X104.54 Y125.001 F18000
G1 E2.5 F6000
M204 P1000
;TYPE:Outer wall
;WIDTH:0.42
G1 F3315
G1 X104.54 Y126.29 E.03922
G1 X96.96 Y126.29 E.23054
G1 X96.96 Y125.001 E.03922
G1 X104.48 Y125.001 E.22871
G1 X104.148 Y125.393 F18000
M204 P1500
;TYPE:Inner wall
;WIDTH:0.45
G1 F3315
G1 X104.148 Y125.898 E.01659
G1 X97.352 Y125.898 E.22313
G1 X97.352 Y125.393 E.01659
G1 X104.088 Y125.393 E.22116
G1 X103.944 Y125.645 F18000
M204 P2000
;TYPE:Gap infill
;WIDTH:0.141128
G1 F3315
G1 X97.556 Y125.645 E.05061
G1 E-1.75 F6000
;WIPE_START
G1 X98.556 Y125.645 E-.75
;WIPE_END
G1 X100.54 Y121.71 F18000
G1 E2.5 F6000
M204 P1000
;TYPE:Outer wall
;WIDTH:0.42
G1 F3315
G1 X104.54 Y121.71 E.12165
G1 X104.54 Y122.499 E.02401
G1 X96.96 Y122.499 E.23054
G1 X96.96 Y119.757 E.08341
G1 X100.54 Y119.757 E.10888
G1 X100.54 Y121.65 E.05757
G1 X100.148 Y121.71 F18000
M204 P1500
;TYPE:Inner wall
;WIDTH:0.45
G1 F3315
G1 X100.148 Y122.107 E.01305
G1 X97.352 Y122.107 E.0918
G1 X97.352 Y120.149 E.0643
G1 X100.148 Y120.149 E.0918
G1 X100.148 Y121.65 E.04928
G1 X99.741 Y121.7 F18000
G1 F3315
G1 X97.759 Y121.7 E.06507
G1 X97.759 Y120.556 E.03757
G1 X99.741 Y120.556 E.06507
G1 X99.741 Y121.64 E.0356
G1 X99.264 Y121.293 F18000
G1 F3315
G1 X98.166 Y121.293 E.03604
G1 X98.166 Y120.963 E.01084
G1 X99.334 Y120.963 E.03833
G1 X99.334 Y121.293 E.01084
G1 X99.324 Y121.293 E.00033
G1 X100.344 Y122.105 F18000
M204 P2000
;TYPE:Gap infill
;WIDTH:0.440276
G1 F3315
G1 X104.344 Y122.105 E.1282
; stop printing object SG9 Holder id:3152 copy 0
;LAYER_CHANGE
;Z:8.44
;HEIGHT:0.2
G92 E0 ; zero the extruded length again
; BEFORE_LAYER_CHANGE 41 @ 8.44mm
G1 E-1.75 F6000
;WIPE_START
G1 X103.344 Y122.105 E-.75
;WIPE_END
; AFTER_LAYER_CHANGE 41 @ 8.44mm
;_SET_FAN_SPEED_CHANGING_LAYER
; printing object SG9 Holder id:3152 copy 0
G1 X116.29 Y95.047 Z8.44 F18000
G1 E2.5 F6000
M204 P1000
;TYPE:Outer wall
;WIDTH:0.42
G1 F3328
G1 X96.96 Y95.047 E.5879
G1 X96.96 Y93.71 E.04066
G1 X116.29 Y93.71 E.5879
G1 X116.29 Y94.987 E.03883
G1 X115.898 Y94.655 F18000
M204 P1500
;TYPE:Inner wall
;WIDTH:0.45
G1 F3328
G1 X97.352 Y94.655 E.60892
G1 X97.352 Y94.102 E.01815
G1 X115.898 Y94.102 E.60892
G1 X115.898 Y94.595 E.01618
G1 E-1.75 F6000
;WIPE_START
G1 X114.898 Y94.598 E-.75
;WIPE_END
G1 X115.694 Y94.378 F18000
G1 E2.5 F6000
M204 P2000
;TYPE:Gap infill
;WIDTH:0.188522
G1 F3328
G1 X97.556 Y94.378 E.21302
G1 E-1.75 F6000
;WIPE_START
G1 X98.556 Y94.378 E-.75
;WIPE_END
G1 X100.54 Y98.29 F18000
G1 E2.5 F6000
M204 P1000
;TYPE:Outer wall
;WIDTH:0.42
G1 F3328
G1 X100.54 Y111.255 E.3943
G1 X96.96 Y111.255 E.10888
G1 X96.96 Y97.453 E.41975
G1 X116.29 Y97.453 E.5879
G1 X116.29 Y98.29 E.02545
G1 X100.6 Y98.29 E.47719
G1 X100.148 Y97.898 F18000
M204 P1500
;TYPE:Inner wall
;WIDTH:0.45
G1 F3328
G1 X100.148 Y110.862 E.42567
G1 X97.352 Y110.862 E.0918
G1 X97.352 Y97.845 E.4274
G1 X100.141 Y97.845 E.09156
G1 X99.741 Y98.252 F18000
G1 F3328
G1 X99.741 Y110.455 E.40067
G1 X97.759 Y110.455 E.06507
G1 X97.759 Y98.252 E.40067
G1 X99.681 Y98.252 E.0631
G1 X99.278 Y98.659 F18000
G1 F3328
G1 X99.334 Y98.659 E.00182
G1 X99.334 Y110.048 E.37394
G1 X98.166 Y110.048 E.03833
G1 X98.166 Y98.659 E.37394
G1 X99.218 Y98.659 E.03455
G1 X98.75 Y99.066 F18000
G1 F3328
G1 X98.927 Y99.066 E.00582
G1 X98.927 Y109.641 E.3472
G1 X98.573 Y109.641 E.0116
G1 X98.573 Y99.066 E.3472
G1 X98.69 Y99.066 E.00382
G1 X100.344 Y97.872 F18000
M204 P2000
;TYPE:Gap infill
;WIDTH:0.48767
G1 F3328
G1 X116.094 Y97.872 E.56498
G1 E-1.75 F6000
;WIPE_START
G1 X115.094 Y97.872 E-.75
;WIPE_END
G1 X106.96 Y122.547 F18000
G1 E2.5 F6000
M204 P1000
;TYPE:Outer wall
;WIDTH:0.42
G1 F3328
G1 X106.96 Y121.71 E.02545
G1 X116.29 Y121.71 E.28376
G1 X116.29 Y122.547 E.02545
G1 X107.02 Y122.547 E.28193
G1 X107.156 Y122.128 F18000
M204 P2000
;TYPE:Gap infill
;WIDTH:0.48767
G1 F3328
G1 X116.094 Y122.128 E.32062
G1 E-1.75 F6000
;WIPE_START
G1 X115.094 Y122.128 E-.75
;WIPE_END
G1 X106.96 Y124.953 F18000
G1 E2.5 F6000
M204 P1000
;TYPE:Outer wall
;WIDTH:0.42
G1 F3328
G1 X116.29 Y124.953 E.28376
G1 X116.29 Y126.29 E.04066
G1 X106.96 Y126.29 E.28376
G1 X106.96 Y125.013 E.03883
G1 X107.352 Y125.345 F18000
M204 P1500
;TYPE:Inner wall
;WIDTH:0.45
G1 F3328
G1 X115.898 Y125.345 E.28059
G1 X115.898 Y125.898 E.01815
G1 X107.352 Y125.898 E.28059
G1 X107.352 Y125.405 E.01618
G1 X107.556 Y125.622 F18000
M204 P2000
;TYPE:Gap infill
;WIDTH:0.188522
G1 F3328
G1 X115.694 Y125.622 E.09558
G1 E-1.75 F6000
;WIPE_START
G1 X114.694 Y125.622 E-.75
;WIPE_END
G1 X104.54 Y124.953 F18000
G1 E2.5 F6000
M204 P1000
;TYPE:Outer wall
;WIDTH:0.42
G1 F3328
G1 X104.54 Y126.29 E.04066
G1 X96.96 Y126.29 E.23054
G1 X96.96 Y124.953 E.04066
G1 X104.48 Y124.953 E.22871
G1 X104.148 Y125.345 F18000
M204 P1500
;TYPE:Inner wall
;WIDTH:0.45
G1 F3328
G1 X104.148 Y125.898 E.01815
G1 X97.352 Y125.898 E.22313
G1 X97.352 Y125.345 E.01815
G1 X104.088 Y125.345 E.22116
G1 X103.944 Y125.622 F18000
M204 P2000
;TYPE:Gap infill
;WIDTH:0.188522
G1 F3328
G1 X97.556 Y125.622 E.07503
G1 E-1.75 F6000
;WIPE_START
G1 X98.556 Y125.622 E-.75
;WIPE_END
G1 X100.54 Y121.71 F18000
G1 E2.5 F6000
M204 P1000
;TYPE:Outer wall
;WIDTH:0.42
G1 F3328
G1 X104.54 Y121.71 E.12165
G1 X104.54 Y122.547 E.02545
G1 X96.96 Y122.547 E.23054
G1 X96.96 Y119.745 E.0852
G1 X100.54 Y119.745 E.10888
G1 X100.54 Y121.65 E.05792
G1 X100.148 Y121.71 F18000
M204 P1500
;TYPE:Inner wall
;WIDTH:0.45
G1 F3328
G1 X100.148 Y122.155 E.0146
G1 X97.352 Y122.155 E.0918
G1 X97.352 Y120.138 E.06623
G1 X100.148 Y120.138 E.0918
G1 X100.148 Y121.65 E.04966
G1 X99.741 Y121.71 F18000
G1 F3328
G1 X99.741 Y121.748 E.00124
G1 X97.759 Y121.748 E.06507
G1 X97.759 Y120.545 E.0395
G1 X99.741 Y120.545 E.06507
G1 X99.741 Y121.65 E.03629
G1 X99.278 Y121.341 F18000
G1 F3328
G1 X98.166 Y121.341 E.03652
G1 X98.166 Y120.952 E.01277
G1 X99.334 Y120.952 E.03833
G1 X99.334 Y121.336 E.01261
G1 X100.344 Y122.128 F18000
M204 P2000
;TYPE:Gap infill
;WIDTH:0.48767
G1 F3328
G1 X104.344 Y122.128 E.14349
; stop printing object SG9 Holder id:3152 copy 0
;LAYER_CHANGE
;Z:8.64
;HEIGHT:0.200001
G92 E0 ; zero the extruded length again
; BEFORE_LAYER_CHANGE 42 @ 8.64mm
G1 E-1.75 F6000
;WIPE_START
G1 X103.344 Y122.128 E-.75
;WIPE_END
; AFTER_LAYER_CHANGE 42 @ 8.64mm
;_SET_FAN_SPEED_CHANGING_LAYER
; printing object SG9 Holder id:3152 copy 0
G1 X116.29 Y95.14 Z8.64 F18000
G1 E2.5 F6000
M204 P1000
;TYPE:Outer wall
;WIDTH:0.42
G1 F3359
G1 X96.96 Y95.14 E.5879
G1 X96.96 Y93.71 E.04348
G1 X116.29 Y93.71 E.5879
G1 X116.29 Y95.08 E.04166
G1 X115.898 Y94.748 F18000
M204 P1500
;TYPE:Inner wall
;WIDTH:0.45
G1 F3359
G1 X97.352 Y94.748 E.60892
G1 X97.352 Y94.102 E.0212
G1 X115.898 Y94.102 E.60892
G1 X115.898 Y94.688 E.01923
G1 E-1.75 F6000
;WIPE_START
G1 X114.898 Y94.691 E-.75
;WIPE_END
G1 X115.694 Y94.425 F18000
G1 E2.5 F6000
M204 P2000
;TYPE:Gap infill
;WIDTH:0.281466
G1 F3359
G1 X97.556 Y94.425 E.34899
G1 E-1.75 F6000
;WIPE_START
G1 X98.556 Y94.425 E-.75
;WIPE_END
G1 X100.54 Y98.29 F18000
G1 E2.5 F6000
M204 P1000
;TYPE:Outer wall
;WIDTH:0.42
G1 F3359
G1 X100.54 Y111.276 E.39496
G1 X96.96 Y111.276 E.10888
G1 X96.96 Y97.36 E.42324
G1 X116.29 Y97.36 E.5879
G1 X116.29 Y98.29 E.02828
G1 X100.6 Y98.29 E.47719
G1 X100.148 Y97.898 F18000
M204 P1500
;TYPE:Inner wall
;WIDTH:0.45
G1 F3359
G1 X100.148 Y110.884 E.42639
G1 X97.352 Y110.884 E.0918
G1 X97.352 Y97.752 E.43117
G1 X100.148 Y97.752 E.0918
G1 X100.148 Y97.838 E.00281
G1 X99.741 Y98.159 F18000
G1 F3359
G1 X99.741 Y110.477 E.40444
G1 X97.759 Y110.477 E.06507
G1 X97.759 Y98.159 E.40444
G1 X99.681 Y98.159 E.0631
G1 X99.303 Y98.566 F18000
G1 F3359
G1 X99.334 Y98.566 E.00103
G1 X99.334 Y110.07 E.3777
G1 X98.166 Y110.07 E.03833
G1 X98.166 Y98.566 E.3777
G1 X99.243 Y98.566 E.03534
G1 X98.788 Y98.974 F18000
G1 F3359
G1 X98.927 Y98.974 E.00456
G1 X98.927 Y109.663 E.35097
G1 X98.573 Y109.663 E.0116
G1 X98.573 Y98.974 E.35097
G1 X98.728 Y98.974 E.00507
G1 X100.344 Y97.825 F18000
M204 P2000
;TYPE:Gap infill
;WIDTH:0.580614
G1 F3359
G1 X116.094 Y97.825 E.68305
G1 E-1.75 F6000
;WIPE_START
G1 X115.094 Y97.825 E-.75
;WIPE_END
G1 X106.96 Y122.64 F18000
G1 E2.5 F6000
M204 P1000
;TYPE:Outer wall
;WIDTH:0.42
G1 F3359
G1 X106.96 Y121.71 E.02828
G1 X116.29 Y121.71 E.28376
G1 X116.29 Y122.64 E.02828
G1 X107.02 Y122.64 E.28193
G1 X107.156 Y122.175 F18000
M204 P2000
;TYPE:Gap infill
;WIDTH:0.580612
G1 F3359
G1 X116.094 Y122.175 E.38762
G1 E-1.75 F6000
;WIPE_START
G1 X115.094 Y122.175 E-.75
;WIPE_END
G1 X106.96 Y124.86 F18000
G1 E2.5 F6000
M204 P1000
;TYPE:Outer wall
;WIDTH:0.42
G1 F3359
G1 X116.29 Y124.86 E.28376
G1 X116.29 Y126.29 E.04348
G1 X106.96 Y126.29 E.28376
G1 X106.96 Y124.92 E.04166
G1 X107.352 Y125.252 F18000
M204 P1500
;TYPE:Inner wall
;WIDTH:0.45
G1 F3359
G1 X115.898 Y125.252 E.28059
G1 X115.898 Y125.898 E.0212
G1 X107.352 Y125.898 E.28059
G1 X107.352 Y125.312 E.01923
G1 X107.556 Y125.575 F18000
M204 P2000
;TYPE:Gap infill
;WIDTH:0.281464
G1 F3359
G1 X115.694 Y125.575 E.15659
G1 E-1.75 F6000
;WIPE_START
G1 X114.694 Y125.575 E-.75
;WIPE_END
G1 X104.54 Y124.86 F18000
G1 E2.5 F6000
M204 P1000
;TYPE:Outer wall
;WIDTH:0.42
G1 F3359
G1 X104.54 Y126.29 E.04348
G1 X96.96 Y126.29 E.23054
G1 X96.96 Y124.86 E.04348
G1 X104.48 Y124.86 E.22871
G1 X104.148 Y125.252 F18000
M204 P1500
;TYPE:Inner wall
;WIDTH:0.45
G1 F3359
G1 X104.148 Y125.898 E.0212
G1 X97.352 Y125.898 E.22313
G1 X97.352 Y125.252 E.0212
G1 X104.088 Y125.252 E.22116
G1 X103.944 Y125.575 F18000
M204 P2000
;TYPE:Gap infill
;WIDTH:0.281464
G1 F3359
G1 X97.556 Y125.575 E.12292
G1 E-1.75 F6000
;WIPE_START
G1 X98.556 Y125.575 E-.75
;WIPE_END
G1 X100.54 Y121.71 F18000
G1 E2.5 F6000
M204 P1000
;TYPE:Outer wall
;WIDTH:0.42
G1 F3359
G1 X104.54 Y121.71 E.12165
G1 X104.54 Y122.64 E.02828
G1 X96.96 Y122.64 E.23054
G1 X96.96 Y119.724 E.08869
G1 X100.54 Y119.724 E.10888
G1 X100.54 Y121.65 E.05859
G1 X100.148 Y121.71 F18000
M204 P1500
;TYPE:Inner wall
;WIDTH:0.45
G1 F3359
G1 X100.148 Y122.248 E.01765
G1 X97.352 Y122.248 E.0918
G1 X97.352 Y120.116 E.07
G1 X100.148 Y120.116 E.0918
G1 X100.148 Y121.65 E.05038
G1 X99.741 Y121.71 F18000
G1 F3359
G1 X99.741 Y121.841 E.00429
G1 X97.759 Y121.841 E.06507
G1 X97.759 Y120.523 E.04327
G1 X99.741 Y120.523 E.06507
G1 X99.741 Y121.65 E.03701
G1 X99.303 Y121.434 F18000
G1 F3359
G1 X98.166 Y121.434 E.03731
G1 X98.166 Y120.93 E.01654
G1 X99.334 Y120.93 E.03833
G1 X99.334 Y121.405 E.01559
G1 X99.13 Y121.182 F18000
M204 P2000
;TYPE:Gap infill
;WIDTH:0.13954
G1 F3359
G1 X98.37 Y121.182 E.00593
G1 X100.344 Y122.175 F18000
;WIDTH:0.580612
G1 F3359
G1 X104.344 Y122.175 E.17347
; stop printing object SG9 Holder id:3152 copy 0
;LAYER_CHANGE
;Z:8.84
;HEIGHT:0.2
G92 E0 ; zero the extruded length again
; BEFORE_LAYER_CHANGE 43 @ 8.84mm
G1 E-1.75 F6000
;WIPE_START
G1 X103.344 Y122.175 E-.75
;WIPE_END
; AFTER_LAYER_CHANGE 43 @ 8.84mm
;_SET_FAN_SPEED_CHANGING_LAYER
; printing object SG9 Holder id:3152 copy 0
G1 X116.29 Y95.295 Z8.84 F18000
G1 E2.5 F6000
M204 P1000
;TYPE:Outer wall
;WIDTH:0.42
G1 F3300
G1 X115.505 Y95.295 E.02387
G1 X97.745 Y95.295 E.54015
G1 X96.96 Y95.295 E.02387
G1 X96.96 Y93.71 E.04821
G1 F3600
G1 X116.29 Y93.71 E.5879
G1 X116.29 Y95.235 E.04638
G1 X115.898 Y94.903 F18000
M204 P1500
;TYPE:Inner wall
;WIDTH:0.45
G1 F3786
G1 X97.352 Y94.903 E.60892
G1 X97.352 Y94.102 E.0263
G1 X115.898 Y94.102 E.60892
G1 X115.898 Y94.843 E.02433
G1 E-1.75 F6000
;WIPE_START
G1 X114.898 Y94.846 E-.75
;WIPE_END
G1 X115.694 Y94.503 F18000
G1 E2.5 F6000
M204 P2000
;TYPE:Gap infill
;WIDTH:0.43687
G1 F3786
G1 X97.556 Y94.503 E.57635
G1 E-1.75 F6000
;WIPE_START
G1 X98.556 Y94.503 E-.75
;WIPE_END
G1 X100.54 Y98.29 F18000
G1 E2.5 F6000
M204 P1000
;TYPE:Outer wall
;WIDTH:0.42
G1 F3600
G1 X100.54 Y98.833 E.01651
G1 X100.54 Y110.646 E.35928
G1 X100.54 Y111.309 E.02016
G1 X96.96 Y111.309 E.10888
G1 X96.96 Y110.646 E.02016
G1 X96.96 Y97.99 E.38492
G1 F3300
G1 X96.96 Y97.205 E.02387
G1 X97.745 Y97.205 E.02387
G1 X115.505 Y97.205 E.54015
G1 X116.29 Y97.205 E.02387
G1 X116.29 Y98.29 E.033
G1 F3600
G1 X115.66 Y98.29 E.01916
G1 X101.182 Y98.29 E.44033
G1 X100.6 Y98.29 E.0177
G1 X100.148 Y97.898 F18000
M204 P1500
;TYPE:Inner wall
;WIDTH:0.45
G1 F3786
G1 X100.148 Y110.917 E.42745
G1 X97.352 Y110.917 E.0918
G1 X97.352 Y97.597 E.43734
G1 X115.898 Y97.597 E.60892
G1 X115.898 Y97.898 E.00988
G1 X100.208 Y97.898 E.51515
G1 X99.741 Y98.004 F18000
G1 F3786
G1 X99.741 Y110.51 E.4106
G1 X97.759 Y110.51 E.06507
G1 X97.759 Y98.004 E.4106
G1 X99.681 Y98.004 E.0631
G1 X99.328 Y98.411 F18000
G1 F3786
G1 X99.334 Y98.411 E.0002
G1 X99.334 Y110.103 E.38387
G1 X98.166 Y110.103 E.03833
G1 X98.166 Y98.411 E.38387
G1 X99.268 Y98.411 E.03617
G1 X98.842 Y98.818 F18000
G1 F3786
G1 X98.927 Y98.818 E.00277
G1 X98.927 Y109.696 E.35714
G1 X98.573 Y109.696 E.0116
G1 X98.573 Y98.818 E.35714
G1 X98.782 Y98.818 E.00687
G1 E-1.75 F6000
;WIPE_START
G1 X98.927 Y98.818 E-.10817
G1 X98.927 Y99.674 E-.64183
;WIPE_END
G1 X106.96 Y122.795 F18000
G1 E2.5 F6000
M204 P1000
;TYPE:Outer wall
;WIDTH:0.42
G1 F3300
G1 X106.96 Y121.71 E.033
G1 F3600
G1 X116.29 Y121.71 E.28376
G1 F3300
G1 X116.29 Y122.795 E.033
G1 X115.505 Y122.795 E.02387
G1 X107.805 Y122.795 E.23419
G1 X107.02 Y122.795 E.02387
G1 X107.352 Y122.403 F18000
M204 P1500
;TYPE:Inner wall
;WIDTH:0.45
G1 F3786
G1 X107.352 Y122.102 E.00988
G1 X115.898 Y122.102 E.28059
G1 X115.898 Y122.403 E.00988
G1 X107.412 Y122.403 E.27862
G1 E-1.75 F6000
;WIPE_START
G1 X107.352 Y122.102 E-.2302
G1 X108.045 Y122.102 E-.5198
;WIPE_END
G1 X106.96 Y124.705 F18000
G1 E2.5 F6000
M204 P1000
;TYPE:Outer wall
;WIDTH:0.42
G1 F3300
G1 X107.745 Y124.705 E.02387
G1 X115.505 Y124.705 E.23601
G1 X116.29 Y124.705 E.02387
G1 X116.29 Y126.29 E.04821
G1 F3600
G1 X106.96 Y126.29 E.28376
G1 X106.96 Y124.765 E.04638
G1 X107.352 Y125.097 F18000
M204 P1500
;TYPE:Inner wall
;WIDTH:0.45
G1 F3786
G1 X115.898 Y125.097 E.28059
G1 X115.898 Y125.898 E.0263
G1 X107.352 Y125.898 E.28059
G1 X107.352 Y125.157 E.02433
G1 X107.556 Y125.497 F18000
M204 P2000
;TYPE:Gap infill
;WIDTH:0.43687
G1 F3786
G1 X115.694 Y125.497 E.2586
G1 E-1.75 F6000
;WIPE_START
G1 X114.694 Y125.497 E-.75
;WIPE_END
G1 X104.54 Y124.705 F18000
G1 E2.5 F6000
M204 P1000
;TYPE:Outer wall
;WIDTH:0.42
G1 F3300
G1 X104.54 Y126.29 E.04821
G1 F3600
G1 X96.96 Y126.29 E.23054
G1 F3300
G1 X96.96 Y124.705 E.04821
G1 X97.745 Y124.705 E.02387
G1 X103.695 Y124.705 E.18096
G1 X104.48 Y124.705 E.02387
G1 X104.148 Y125.097 F18000
M204 P1500
;TYPE:Inner wall
;WIDTH:0.45
G1 F3786
G1 X104.148 Y125.898 E.0263
G1 X97.352 Y125.898 E.22313
G1 X97.352 Y125.097 E.0263
G1 X104.088 Y125.097 E.22116
G1 X103.944 Y125.497 F18000
M204 P2000
;TYPE:Gap infill
;WIDTH:0.436868
G1 F3786
G1 X97.556 Y125.497 E.203
G1 E-1.75 F6000
;WIPE_START
G1 X98.556 Y125.497 E-.75
;WIPE_END
G1 X100.54 Y121.71 F18000
G1 E2.5 F6000
M204 P1000
;TYPE:Outer wall
;WIDTH:0.42
G1 F3600
G1 X101.083 Y121.71 E.01651
G1 X103.91 Y121.71 E.08598
G1 X104.54 Y121.71 E.01916
G1 F3300
G1 X104.54 Y122.795 E.033
G1 X103.755 Y122.795 E.02387
G1 X97.745 Y122.795 E.18279
G1 X96.96 Y122.795 E.02387
G1 X96.96 Y122.01 E.02387
G1 F3600
G1 X96.96 Y120.354 E.05037
G1 X96.96 Y119.691 E.02016
G1 X100.54 Y119.691 E.10888
G1 X100.54 Y121.65 E.05958
G1 X100.148 Y121.71 F18000
M204 P1500
;TYPE:Inner wall
;WIDTH:0.45
G1 F3786
G1 X100.148 Y122.102 E.01287
G1 X104.148 Y122.102 E.13133
G1 X104.148 Y122.403 E.00988
G1 X97.352 Y122.403 E.22313
G1 X97.352 Y120.083 E.07617
G1 X100.148 Y120.083 E.0918
G1 X100.148 Y121.65 E.05144
G1 X99.741 Y121.71 F18000
G1 F3786
G1 X99.741 Y121.996 E.00939
G1 X97.759 Y121.996 E.06507
G1 X97.759 Y120.49 E.04944
G1 X99.741 Y120.49 E.06507
G1 X99.741 Y121.65 E.03808
G1 X99.328 Y121.589 F18000
G1 F3786
G1 X98.166 Y121.589 E.03814
G1 X98.166 Y120.897 E.02271
G1 X99.334 Y120.897 E.03833
G1 X99.334 Y121.535 E.02093
G1 X99.13 Y121.243 F18000
M204 P2000
;TYPE:Gap infill
;WIDTH:0.327378
G1 F3786
G1 X98.37 Y121.243 E.01745
; stop printing object SG9 Holder id:3152 copy 0
;LAYER_CHANGE
;Z:9.04
;HEIGHT:0.2
G92 E0 ; zero the extruded length again
; BEFORE_LAYER_CHANGE 44 @ 9.04mm
G1 E-1.75 F6000
;WIPE_START
G1 X99.13 Y121.243 E-.75
;WIPE_END
; AFTER_LAYER_CHANGE 44 @ 9.04mm
;_SET_FAN_SPEED_CHANGING_LAYER
; printing object SG9 Holder id:3152 copy 0
G1 X116.29 Y93.71 Z9.04 F18000
G1 E2.5 F6000
M204 P1000
;TYPE:Outer wall
;WIDTH:0.42
G1 F2220
M106 S255
G1 X116.29 Y95.573 E.05666
G1 X115.382 Y95.573 E.02762
G1 X97.868 Y95.573 E.53266
G1 X96.96 Y95.573 E.02762
M106 S252
G1 X96.96 Y93.71 E.05666
G1 F3600
G1 X116.23 Y93.71 E.58607
G1 X115.898 Y94.102 F18000
M204 P1500
;TYPE:Inner wall
;WIDTH:0.45
G1 F5946
G1 X115.898 Y95.181 E.03541
G1 X97.352 Y95.181 E.60892
G1 X97.352 Y94.102 E.03541
G1 X115.838 Y94.102 E.60695
G1 X115.491 Y94.509 F18000
G1 F5946
G1 X115.491 Y94.774 E.00868
G1 X97.759 Y94.774 E.58219
G1 X97.759 Y94.509 E.00868
G1 X115.431 Y94.509 E.58022
G1 E-1.75 F6000
;WIPE_START
G1 X115.491 Y94.774 E-.20332
G1 X114.762 Y94.774 E-.54668
;WIPE_END
G1 X100.54 Y98.29 F18000
G1 E2.5 F6000
M204 P1000
;TYPE:Outer wall
;WIDTH:0.42
G1 F3600
G1 X100.54 Y98.833 E.01651
G1 X100.54 Y110.679 E.36028
G1 X100.54 Y111.352 E.02047
G1 X99.867 Y111.352 E.02047
G1 X97.633 Y111.352 E.06794
G1 X96.96 Y111.352 E.02047
G1 X96.96 Y110.679 E.02047
G1 X96.96 Y97.835 E.39063
M106 S255
G1 F2220
G1 X96.96 Y96.927 E.02762
G1 X97.868 Y96.927 E.02762
G1 X115.382 Y96.927 E.53266
G1 X116.29 Y96.927 E.02762
M106 S252
G1 X116.29 Y98.29 E.04145
G1 F3600
G1 X115.66 Y98.29 E.01916
G1 X101.182 Y98.29 E.44033
G1 X100.6 Y98.29 E.0177
G1 X100.148 Y97.898 F18000
M204 P1500
;TYPE:Inner wall
;WIDTH:0.45
G1 F5946
G1 X100.148 Y110.959 E.42885
G1 X97.352 Y110.959 E.0918
G1 X97.352 Y97.319 E.44785
G1 X115.898 Y97.319 E.60892
G1 X115.898 Y97.898 E.01899
G1 X100.208 Y97.898 E.51515
G1 X99.741 Y97.726 F18000
G1 F5946
G1 X99.741 Y110.552 E.42112
G1 X97.759 Y110.552 E.06507
G1 X97.759 Y97.726 E.42112
G1 X99.681 Y97.726 E.0631
G1 X99.334 Y98.134 F18000
G1 F5946
G1 X99.334 Y110.145 E.39439
G1 X98.166 Y110.145 E.03833
G1 X98.166 Y98.134 E.39439
G1 X99.274 Y98.134 E.03636
G1 X98.907 Y98.541 F18000
G1 F5946
G1 X98.927 Y98.541 E.00063
G1 X98.927 Y109.738 E.36765
G1 X98.573 Y109.738 E.0116
G1 X98.573 Y98.541 E.36765
G1 X98.847 Y98.541 E.009
G1 E-1.75 F6000
;WIPE_START
G1 X98.927 Y98.541 E-.0595
G1 X98.927 Y99.461 E-.6905
;WIPE_END
G1 X99.944 Y97.609 F18000
G1 E2.5 F6000
M204 P2000
;TYPE:Gap infill
;WIDTH:0.214366
G1 F5946
G1 X115.694 Y97.609 E.21779
G1 E-1.75 F6000
;WIPE_START
G1 X114.694 Y97.609 E-.75
;WIPE_END
G1 X106.96 Y121.71 F18000
G1 E2.5 F6000
M204 P1000
;TYPE:Outer wall
;WIDTH:0.42
G1 F3600
G1 X116.29 Y121.71 E.28376
M106 S255
G1 F2220
G1 X116.29 Y123.073 E.04145
G1 X115.382 Y123.073 E.02762
G1 X107.868 Y123.073 E.22853
G1 X106.96 Y123.073 E.02762
M106 S252
G1 X106.96 Y121.77 E.03963
G1 X107.352 Y122.102 F18000
M204 P1500
;TYPE:Inner wall
;WIDTH:0.45
G1 F5946
G1 X115.898 Y122.102 E.28059
G1 X115.898 Y122.681 E.01899
G1 X107.352 Y122.681 E.28059
G1 X107.352 Y122.162 E.01702
G1 X107.556 Y122.391 F18000
M204 P2000
;TYPE:Gap infill
;WIDTH:0.214366
G1 F5946
G1 X115.694 Y122.391 E.11254
G1 E-1.75 F6000
;WIPE_START
G1 X114.694 Y122.391 E-.75
;WIPE_END
G1 X106.96 Y126.29 F18000
G1 E2.5 F6000
M204 P1000
;TYPE:Outer wall
;WIDTH:0.42
G1 F2220
M106 S255
G1 X106.96 Y124.427 E.05666
G1 X107.868 Y124.427 E.02762
G1 X115.382 Y124.427 E.22853
G1 X116.29 Y124.427 E.02762
M106 S252
G1 X116.29 Y126.29 E.05666
G1 F3600
G1 X107.02 Y126.29 E.28193
G1 X107.352 Y125.898 F18000
M204 P1500
;TYPE:Inner wall
;WIDTH:0.45
G1 F5946
G1 X107.352 Y124.819 E.03541
G1 X115.898 Y124.819 E.28059
G1 X115.898 Y125.898 E.03541
G1 X107.412 Y125.898 E.27862
G1 X107.759 Y125.491 F18000
G1 F5946
G1 X107.759 Y125.226 E.00868
G1 X115.491 Y125.226 E.25386
G1 X115.491 Y125.491 E.00868
G1 X107.819 Y125.491 E.25189
G1 E-1.75 F6000
;WIPE_START
G1 X107.759 Y125.226 E-.20332
G1 X108.488 Y125.226 E-.54668
;WIPE_END
G1 X104.54 Y126.29 F18000
G1 E2.5 F6000
M204 P1000
;TYPE:Outer wall
;WIDTH:0.42
G1 F3600
G1 X96.96 Y126.29 E.23054
M106 S255
G1 F2220
G1 X96.96 Y124.427 E.05666
G1 X97.868 Y124.427 E.02762
G1 X103.632 Y124.427 E.1753
G1 X104.54 Y124.427 E.02762
M106 S252
G1 X104.54 Y126.23 E.05484
G1 X104.148 Y125.898 F18000
M204 P1500
;TYPE:Inner wall
;WIDTH:0.45
G1 F5946
G1 X97.352 Y125.898 E.22313
G1 X97.352 Y124.819 E.03541
G1 X104.148 Y124.819 E.22313
G1 X104.148 Y125.838 E.03344
G1 X103.741 Y125.491 F18000
G1 F5946
G1 X97.759 Y125.491 E.1964
G1 X97.759 Y125.226 E.00868
G1 X103.741 Y125.226 E.1964
G1 X103.741 Y125.431 E.00671
G1 E-1.75 F6000
;WIPE_START
G1 X102.741 Y125.441 E-.75
;WIPE_END
G1 X100.54 Y121.71 F18000
G1 E2.5 F6000
M204 P1000
;TYPE:Outer wall
;WIDTH:0.42
G1 F3600
G1 X101.083 Y121.71 E.01651
G1 X103.91 Y121.71 E.08598
G1 X104.54 Y121.71 E.01916
M106 S255
G1 F2220
G1 X104.54 Y123.073 E.04145
G1 X103.632 Y123.073 E.02762
G1 X97.868 Y123.073 E.1753
G1 X96.96 Y123.073 E.02762
M106 S252
G1 X96.96 Y122.165 E.02762
G1 F3600
G1 X96.96 Y120.321 E.05608
G1 X96.96 Y119.648 E.02047
G1 X97.633 Y119.648 E.02047
G1 X99.867 Y119.648 E.06794
G1 X100.54 Y119.648 E.02047
G1 X100.54 Y120.321 E.02047
G1 X100.54 Y121.068 E.02272
G1 X100.54 Y121.65 E.0177
G1 X100.148 Y121.71 F18000
M204 P1500
;TYPE:Inner wall
;WIDTH:0.45
G1 F5946
G1 X100.148 Y122.102 E.01287
G1 X104.148 Y122.102 E.13133
G1 X104.148 Y122.681 E.01899
G1 X97.352 Y122.681 E.22313
G1 X97.352 Y120.041 E.08668
G1 X100.148 Y120.041 E.0918
G1 X100.148 Y121.65 E.05284
G1 X99.741 Y121.71 F18000
G1 F5946
G1 X99.741 Y122.274 E.0185
G1 X97.759 Y122.274 E.06507
G1 X97.759 Y120.448 E.05995
G1 X99.741 Y120.448 E.06507
G1 X99.741 Y121.65 E.03948
G1 X99.334 Y121.71 F18000
G1 F5946
G1 X99.334 Y121.866 E.00514
G1 X98.166 Y121.866 E.03833
G1 X98.166 Y120.855 E.03322
G1 X99.334 Y120.855 E.03833
G1 X99.334 Y121.65 E.02611
G1 X99.944 Y122.391 F18000
M204 P2000
;TYPE:Gap infill
;WIDTH:0.214366
G1 F5946
G1 X103.944 Y122.391 E.05531
; stop printing object SG9 Holder id:3152 copy 0
;LAYER_CHANGE
;Z:9.24
;HEIGHT:0.2
G92 E0 ; zero the extruded length again
; BEFORE_LAYER_CHANGE 45 @ 9.24mm
G1 E-1.75 F6000
;WIPE_START
G1 X102.944 Y122.391 E-.75
;WIPE_END
; AFTER_LAYER_CHANGE 45 @ 9.24mm
;_SET_FAN_SPEED_CHANGING_LAYER
; printing object SG9 Holder id:3152 copy 0
G1 X114.349 Y95.651 Z9.24 F18000
G1 E2.5 F6000
M204 P500
;TYPE:Overhang wall
;WIDTH:0.409292
G1 F1800
M106 S255
G1 X114.349 Y96.349 E.02061
G1 X98.901 Y96.349 E.45647
G1 X98.901 Y95.651 E.02061
G1 X99.011 Y96 E.01081
G1 X114.239 Y96 E.44998
G1 E-1.75 F6000
;WIPE_START
G1 F1800
G1 X113.239 Y96 E-.75
;WIPE_END
G1 X100.54 Y98.29 F18000
G1 E2.5 F6000
M204 P1000
;TYPE:Outer wall
;WIDTH:0.42
G1 F3600
M106 S252
G1 X100.54 Y98.833 E.01651
G1 X100.54 Y110.722 E.36159
G1 X100.54 Y111.405 E.02077
G1 X99.857 Y111.405 E.02077
G1 X97.643 Y111.405 E.06734
G1 X96.96 Y111.405 E.02077
G1 X96.96 Y110.722 E.02077
G1 X96.96 Y97.557 E.4004
M106 S255
G1 F3000
G1 X96.96 Y96.717 E.02555
G1 F1560
G1 X96.96 Y96.517 E.00608
M204 P500
;TYPE:Overhang wall
;WIDTH:0.409292
G1 F1680
G1 X96.96 Y95.983 E.01578
M204 P1000
;TYPE:Outer wall
;WIDTH:0.42
G1 F1560
G1 X96.96 Y95.783 E.00608
M106 S252
G1 F3000
G1 X96.96 Y94.943 E.02555
G1 F3600
G1 X96.96 Y94.34 E.01834
G1 X96.96 Y93.71 E.01916
G1 X116.29 Y93.71 E.5879
G1 X116.29 Y94.34 E.01916
G1 X116.29 Y94.943 E.01834
M106 S255
G1 F3000
G1 X116.29 Y95.783 E.02555
G1 F1560
G1 X116.29 Y95.983 E.00608
M204 P500
;TYPE:Overhang wall
;WIDTH:0.409292
G1 F1680
G1 X116.29 Y96.517 E.01578
M204 P1000
;TYPE:Outer wall
;WIDTH:0.42
G1 F1560
G1 X116.29 Y96.717 E.00608
M106 S252
G1 F3000
G1 X116.29 Y98.29 E.04784
G1 F3600
G1 X115.66 Y98.29 E.01916
G1 X101.182 Y98.29 E.44033
G1 X100.6 Y98.29 E.0177
G1 X100.148 Y97.898 F18000
M204 P1500
;TYPE:Inner wall
;WIDTH:0.45
G1 F6000
G1 X100.148 Y111.013 E.43061
G1 X97.352 Y111.013 E.0918
G1 X97.352 Y110.662 E.01152
G1 X97.352 Y97.617 E.42831
M106 S255
G1 F3000
G1 X97.352 Y96.717 E.02955
G1 F1260
G1 X97.352 Y96.517 E.00657
M204 P500
;TYPE:Overhang wall
;WIDTH:0.409292
G1 F1680
G1 X97.352 Y95.983 E.01578
M204 P1500
;TYPE:Inner wall
;WIDTH:0.45
G1 F1260
G1 X97.352 Y95.783 E.00657
M106 S252
G1 F3000
G1 X97.352 Y94.102 E.05519
G1 F6000
G1 X115.898 Y94.102 E.60893
M106 S255
G1 F3000
G1 X115.898 Y95.783 E.05519
G1 F1260
G1 X115.898 Y95.983 E.00657
M204 P500
;TYPE:Overhang wall
;WIDTH:0.409292
G1 F1680
G1 X115.898 Y96.517 E.01578
M204 P1500
;TYPE:Inner wall
;WIDTH:0.45
G1 F1260
G1 X115.898 Y96.717 E.00657
M106 S252
G1 F3000
G1 X115.898 Y97.898 E.03878
G1 F6000
G1 X100.208 Y97.898 E.51516
G1 X99.741 Y97.491 F18000
G1 F6000
G1 X99.741 Y110.606 E.43061
G1 X97.759 Y110.606 E.06508
G1 X97.759 Y97.617 E.42647
M106 S255
G1 F3000
G1 X97.759 Y96.717 E.02955
G1 F1260
G1 X97.759 Y96.517 E.00657
M204 P500
;TYPE:Overhang wall
;WIDTH:0.409292
G1 F1680
G1 X97.759 Y95.983 E.01578
M204 P1500
;TYPE:Inner wall
;WIDTH:0.45
G1 F1260
G1 X97.759 Y95.783 E.00657
M106 S252
G1 F3000
G1 X97.759 Y94.509 E.04183
G1 F6000
G1 X115.491 Y94.509 E.5822
M106 S255
G1 F3000
G1 X115.491 Y95.783 E.04183
G1 F1260
G1 X115.491 Y95.983 E.00657
M204 P500
;TYPE:Overhang wall
;WIDTH:0.409292
G1 F1680
G1 X115.491 Y96.517 E.01578
M204 P1500
;TYPE:Inner wall
;WIDTH:0.45
G1 F1260
G1 X115.491 Y96.717 E.00657
M106 S252
G1 F3000
G1 X115.491 Y97.491 E.02541
G1 F6000
G1 X99.801 Y97.491 E.51516
G1 X99.334 Y97.084 F18000
G1 F6000
G1 X99.334 Y97.617 E.0175
G1 X99.334 Y110.199 E.41311
G1 X98.166 Y110.199 E.03835
G1 X98.166 Y97.617 E.41311
M106 S255
G1 F3000
G1 X98.166 Y96.717 E.02955
G1 F1260
G1 X98.166 Y96.517 E.00657
M204 P500
;TYPE:Overhang wall
;WIDTH:0.409292
G1 F1680
G1 X98.166 Y95.983 E.01578
M204 P1500
;TYPE:Inner wall
;WIDTH:0.45
G1 F1260
G1 X98.166 Y95.783 E.00657
M106 S252
G1 F3000
G1 X98.166 Y94.916 E.02847
G1 F6000
G1 X115.084 Y94.916 E.55547
M106 S255
G1 F3000
G1 X115.084 Y95.783 E.02847
G1 F1260
G1 X115.084 Y95.983 E.00657
M204 P500
;TYPE:Overhang wall
;WIDTH:0.409292
G1 F1680
G1 X115.084 Y96.517 E.01578
M204 P1500
;TYPE:Inner wall
;WIDTH:0.45
G1 F1260
G1 X115.084 Y96.717 E.00657
M106 S252
G1 F3000
G1 X115.084 Y97.084 E.01205
G1 F6000
G1 X114.55 Y97.084 E.01753
G1 X99.927 Y97.084 E.48012
G1 X99.394 Y97.084 E.0175
G1 X98.927 Y96.677 F18000
G1 F2580
G1 X98.927 Y97.617 E.03086
G1 F6000
G1 X98.927 Y109.791 E.39971
G1 X98.573 Y109.791 E.01162
G1 X98.573 Y97.617 E.39971
M106 S255
G1 F3000
G1 X98.573 Y96.717 E.02955
G1 F1260
G1 X98.573 Y96.517 E.00657
M204 P500
;TYPE:Overhang wall
;WIDTH:0.409292
G1 F1680
G1 X98.573 Y95.983 E.01578
M204 P1500
;TYPE:Inner wall
;WIDTH:0.45
G1 F1260
G1 X98.573 Y95.783 E.00657
M106 S252
G1 F3000
G1 X98.573 Y95.323 E.0151
G1 F6000
G1 X114.677 Y95.323 E.52875
M106 S255
G1 F3000
G1 X114.677 Y95.783 E.0151
G1 F1260
G1 X114.677 Y95.983 E.00657
M204 P500
;TYPE:Overhang wall
;WIDTH:0.409292
G1 F1680
G1 X114.677 Y96.517 E.01578
M204 P1500
;TYPE:Inner wall
;WIDTH:0.45
G1 F1260
G1 X114.677 Y96.677 E.00525
G1 F2580
G1 X98.987 Y96.677 E.51516
G1 E-1.75 F6000
;WIPE_START
G1 F2580
G1 X98.982 Y97.677 E-.75
;WIPE_END
G1 X102.599 Y124.349 F18000
G1 E2.5 F6000
M204 P500
;TYPE:Overhang wall
;WIDTH:0.409292
G1 F1800
G1 X98.901 Y124.349 E.10926
G1 X98.901 Y123.651 E.02061
G1 X102.599 Y123.651 E.10926
G1 X102.489 Y124 E.01081
G1 X99.011 Y124 E.10277
G1 E-1.75 F6000
;WIPE_START
G1 F1800
G1 X100.011 Y124 E-.75
;WIPE_END
G1 X100.54 Y121.71 F18000
G1 E2.5 F6000
M204 P1000
;TYPE:Outer wall
;WIDTH:0.42
G1 F3600
M106 S252
G1 X101.083 Y121.71 E.01651
G1 X103.91 Y121.71 E.08598
G1 X104.54 Y121.71 E.01916
M106 S255
G1 F3000
G1 X104.54 Y123.283 E.04784
G1 F1560
G1 X104.54 Y123.483 E.00608
M204 P500
;TYPE:Overhang wall
;WIDTH:0.409292
G1 F1680
G1 X104.54 Y124.017 E.01578
M204 P1000
;TYPE:Outer wall
;WIDTH:0.42
G1 F1560
G1 X104.54 Y124.217 E.00608
M106 S252
G1 F3000
G1 X104.54 Y125.057 E.02555
G1 F3600
G1 X104.54 Y125.66 E.01834
G1 X104.54 Y126.29 E.01916
G1 X96.96 Y126.29 E.23054
G1 X96.96 Y125.66 E.01916
G1 X96.96 Y125.057 E.01834
M106 S255
G1 F3000
G1 X96.96 Y124.217 E.02555
G1 F1560
G1 X96.96 Y124.017 E.00608
M204 P500
;TYPE:Overhang wall
;WIDTH:0.409292
G1 F1680
G1 X96.96 Y123.483 E.01578
M204 P1000
;TYPE:Outer wall
;WIDTH:0.42
G1 F1560
G1 X96.96 Y123.283 E.00608
M106 S252
G1 F3000
G1 X96.96 Y122.443 E.02555
G1 F3600
G1 X96.96 Y120.278 E.06585
G1 X96.96 Y119.595 E.02077
G1 X97.643 Y119.595 E.02077
G1 X99.857 Y119.595 E.06734
G1 X100.54 Y119.595 E.02077
G1 X100.54 Y120.278 E.02077
G1 X100.54 Y121.068 E.02403
G1 X100.54 Y121.65 E.0177
G1 X100.148 Y122.102 F18000
M204 P1500
;TYPE:Inner wall
;WIDTH:0.45
G1 F6000
G1 X104.148 Y122.102 E.13133
M106 S255
G1 F3000
G1 X104.148 Y123.283 E.03878
G1 F1260
G1 X104.148 Y123.483 E.00657
M204 P500
;TYPE:Overhang wall
;WIDTH:0.409292
G1 F1680
G1 X104.148 Y124.017 E.01578
M204 P1500
;TYPE:Inner wall
;WIDTH:0.45
G1 F1260
G1 X104.148 Y124.217 E.00657
M106 S252
G1 F3000
G1 X104.148 Y125.898 E.05519
G1 F6000
G1 X97.352 Y125.898 E.22314
M106 S255
G1 F3000
G1 X97.352 Y124.217 E.05519
G1 F1260
G1 X97.352 Y124.017 E.00657
M204 P500
;TYPE:Overhang wall
;WIDTH:0.409292
G1 F1680
G1 X97.352 Y123.483 E.01578
M204 P1500
;TYPE:Inner wall
;WIDTH:0.45
G1 F1260
G1 X97.352 Y123.283 E.00657
M106 S252
G1 F3000
G1 X97.352 Y122.383 E.02955
G1 F6000
G1 X97.352 Y120.338 E.06714
G1 X97.352 Y119.987 E.01152
G1 X100.148 Y119.987 E.0918
G1 X100.148 Y122.042 E.06747
G1 X99.741 Y122.509 F18000
G1 F6000
G1 X103.741 Y122.509 E.13133
M106 S255
G1 F3000
G1 X103.741 Y123.283 E.02541
G1 F1260
G1 X103.741 Y123.483 E.00657
M204 P500
;TYPE:Overhang wall
;WIDTH:0.409292
G1 F1680
G1 X103.741 Y124.017 E.01578
M204 P1500
;TYPE:Inner wall
;WIDTH:0.45
G1 F1260
G1 X103.741 Y124.217 E.00657
M106 S252
G1 F3000
G1 X103.741 Y125.491 E.04183
G1 F6000
G1 X97.759 Y125.491 E.19641
M106 S255
G1 F3000
G1 X97.759 Y124.217 E.04183
G1 F1260
G1 X97.759 Y124.017 E.00657
M204 P500
;TYPE:Overhang wall
;WIDTH:0.409292
G1 F1680
G1 X97.759 Y123.483 E.01578
M204 P1500
;TYPE:Inner wall
;WIDTH:0.45
G1 F1260
G1 X97.759 Y123.283 E.00657
M106 S252
G1 F3000
G1 X97.759 Y122.383 E.02955
G1 F6000
G1 X97.759 Y120.394 E.06531
G1 X99.741 Y120.394 E.06508
G1 X99.741 Y122.449 E.06747
G1 X99.334 Y122.916 F18000
G1 F6000
G1 X99.867 Y122.916 E.0175
G1 X102.8 Y122.916 E.0963
G1 X103.334 Y122.916 E.01753
M106 S255
G1 F3000
G1 X103.334 Y123.283 E.01205
G1 F1260
G1 X103.334 Y123.483 E.00657
M204 P500
;TYPE:Overhang wall
;WIDTH:0.409292
G1 F1680
G1 X103.334 Y124.017 E.01578
M204 P1500
;TYPE:Inner wall
;WIDTH:0.45
G1 F1260
G1 X103.334 Y124.217 E.00657
M106 S252
G1 F3000
G1 X103.334 Y125.084 E.02847
G1 F6000
G1 X98.166 Y125.084 E.16968
M106 S255
G1 F3000
G1 X98.166 Y124.217 E.02847
G1 F1260
G1 X98.166 Y124.017 E.00657
M204 P500
;TYPE:Overhang wall
;WIDTH:0.409292
G1 F1680
G1 X98.166 Y123.483 E.01578
M204 P1500
;TYPE:Inner wall
;WIDTH:0.45
G1 F1260
G1 X98.166 Y123.283 E.00657
M106 S252
G1 F3000
G1 X98.166 Y122.383 E.02955
G1 F6000
G1 X98.166 Y120.801 E.05194
G1 X99.334 Y120.801 E.03835
G1 X99.334 Y122.383 E.05194
G1 X99.334 Y122.856 E.01553
G1 X98.927 Y123.323 F18000
G1 F2580
M106 S255
G1 X102.927 Y123.323 E.13133
G1 F1260
G1 X102.927 Y123.483 E.00525
M204 P500
;TYPE:Overhang wall
;WIDTH:0.409292
G1 F1680
G1 X102.927 Y124.017 E.01578
M204 P1500
;TYPE:Inner wall
;WIDTH:0.45
G1 F1260
G1 X102.927 Y124.217 E.00657
M106 S252
G1 F3000
G1 X102.927 Y124.677 E.0151
G1 F6000
G1 X98.573 Y124.677 E.14296
M106 S255
G1 F3000
G1 X98.573 Y124.217 E.0151
G1 F1260
G1 X98.573 Y124.017 E.00657
M204 P500
;TYPE:Overhang wall
;WIDTH:0.409292
G1 F1680
G1 X98.573 Y123.483 E.01578
M204 P1500
;TYPE:Inner wall
;WIDTH:0.45
G1 F1260
G1 X98.573 Y123.283 E.00657
M106 S252
G1 F3000
G1 X98.573 Y122.383 E.02955
G1 F6000
G1 X98.573 Y121.209 E.03855
G1 X98.927 Y121.209 E.01162
G1 X98.927 Y122.383 E.03855
G1 F3120
G1 X98.927 Y123.263 E.02889
G1 E-1.75 F6000
;WIPE_START
G1 F3120
G1 X99.927 Y123.278 E-.75
;WIPE_END
G1 X114.349 Y124.349 F18000
G1 E2.5 F6000
M204 P500
;TYPE:Overhang wall
;WIDTH:0.409292
G1 F1800
M106 S255
G1 X108.901 Y124.349 E.16097
G1 X108.901 Y123.651 E.02061
G1 X114.349 Y123.651 E.16097
G1 X114.239 Y124 E.01081
G1 X109.011 Y124 E.15448
G1 E-1.75 F6000
;WIPE_START
G1 F1800
G1 X110.011 Y124 E-.75
;WIPE_END
G1 X106.96 Y121.71 F18000
G1 E2.5 F6000
M204 P1000
;TYPE:Outer wall
;WIDTH:0.42
G1 F3600
M106 S252
G1 X116.29 Y121.71 E.28376
M106 S255
G1 F3000
G1 X116.29 Y123.283 E.04784
G1 F1560
G1 X116.29 Y123.483 E.00608
M204 P500
;TYPE:Overhang wall
;WIDTH:0.409292
G1 F1680
G1 X116.29 Y124.017 E.01578
M204 P1000
;TYPE:Outer wall
;WIDTH:0.42
G1 F1560
G1 X116.29 Y124.217 E.00608
M106 S252
G1 F3000
G1 X116.29 Y125.057 E.02555
G1 F3600
G1 X116.29 Y125.66 E.01834
G1 X116.29 Y126.29 E.01916
G1 X106.96 Y126.29 E.28376
G1 X106.96 Y125.66 E.01916
G1 X106.96 Y125.057 E.01834
M106 S255
G1 F3000
G1 X106.96 Y124.217 E.02555
G1 F1560
G1 X106.96 Y124.017 E.00608
M204 P500
;TYPE:Overhang wall
;WIDTH:0.409292
G1 F1680
G1 X106.96 Y123.483 E.01578
M204 P1000
;TYPE:Outer wall
;WIDTH:0.42
G1 F1560
G1 X106.96 Y123.283 E.00608
M106 S252
G1 F3000
G1 X106.96 Y121.77 E.04602
G1 X107.352 Y122.102 F18000
M204 P1500
;TYPE:Inner wall
;WIDTH:0.45
G1 F6000
G1 X115.898 Y122.102 E.28059
M106 S255
G1 F3000
G1 X115.898 Y123.283 E.03878
G1 F1260
G1 X115.898 Y123.483 E.00657
M204 P500
;TYPE:Overhang wall
;WIDTH:0.409292
G1 F1680
G1 X115.898 Y124.017 E.01578
M204 P1500
;TYPE:Inner wall
;WIDTH:0.45
G1 F1260
G1 X115.898 Y124.217 E.00657
M106 S252
G1 F3000
G1 X115.898 Y125.898 E.05519
G1 F6000
G1 X107.352 Y125.898 E.28059
M106 S255
G1 F3000
G1 X107.352 Y124.217 E.05519
G1 F1260
G1 X107.352 Y124.017 E.00657
M204 P500
;TYPE:Overhang wall
;WIDTH:0.409292
G1 F1680
G1 X107.352 Y123.483 E.01578
M204 P1500
;TYPE:Inner wall
;WIDTH:0.45
G1 F1260
G1 X107.352 Y123.283 E.00657
M106 S252
G1 F3000
G1 X107.352 Y122.162 E.03681
G1 X107.759 Y122.509 F18000
G1 F6000
G1 X115.491 Y122.509 E.25387
M106 S255
G1 F3000
G1 X115.491 Y123.283 E.02541
G1 F1260
G1 X115.491 Y123.483 E.00657
M204 P500
;TYPE:Overhang wall
;WIDTH:0.409292
G1 F1680
G1 X115.491 Y124.017 E.01578
M204 P1500
;TYPE:Inner wall
;WIDTH:0.45
G1 F1260
G1 X115.491 Y124.217 E.00657
M106 S252
G1 F3000
G1 X115.491 Y125.491 E.04183
G1 F6000
G1 X107.759 Y125.491 E.25387
M106 S255
G1 F3000
G1 X107.759 Y124.217 E.04183
G1 F1260
G1 X107.759 Y124.017 E.00657
M204 P500
;TYPE:Overhang wall
;WIDTH:0.409292
G1 F1680
G1 X107.759 Y123.483 E.01578
M204 P1500
;TYPE:Inner wall
;WIDTH:0.45
G1 F1260
G1 X107.759 Y123.283 E.00657
M106 S252
G1 F3000
G1 X107.759 Y122.569 E.02344
G1 X108.166 Y122.916 F18000
G1 F6000
G1 X108.7 Y122.916 E.01753
G1 X114.55 Y122.916 E.19208
G1 X115.084 Y122.916 E.01753
M106 S255
G1 F3000
G1 X115.084 Y123.283 E.01205
G1 F1260
G1 X115.084 Y123.483 E.00657
M204 P500
;TYPE:Overhang wall
;WIDTH:0.409292
G1 F1680
G1 X115.084 Y124.017 E.01578
M204 P1500
;TYPE:Inner wall
;WIDTH:0.45
G1 F1260
G1 X115.084 Y124.217 E.00657
M106 S252
G1 F3000
G1 X115.084 Y125.084 E.02847
G1 F6000
G1 X108.166 Y125.084 E.22714
M106 S255
G1 F3000
G1 X108.166 Y124.217 E.02847
G1 F1260
G1 X108.166 Y124.017 E.00657
M204 P500
;TYPE:Overhang wall
;WIDTH:0.409292
G1 F1680
G1 X108.166 Y123.483 E.01578
M204 P1500
;TYPE:Inner wall
;WIDTH:0.45
G1 F1260
G1 X108.166 Y123.283 E.00657
M106 S252
G1 F3000
G1 X108.166 Y122.976 E.01008
G1 X108.573 Y123.323 F18000
G1 F2580
M106 S255
G1 X114.677 Y123.323 E.20041
G1 F1260
G1 X114.677 Y123.483 E.00525
M204 P500
;TYPE:Overhang wall
;WIDTH:0.409292
G1 F1680
G1 X114.677 Y124.017 E.01578
M204 P1500
;TYPE:Inner wall
;WIDTH:0.45
G1 F1260
G1 X114.677 Y124.217 E.00657
M106 S252
G1 F3000
G1 X114.677 Y124.677 E.0151
G1 F6000
G1 X108.573 Y124.677 E.20041
M106 S255
G1 F3000
G1 X108.573 Y124.217 E.0151
G1 F1260
G1 X108.573 Y124.017 E.00657
M204 P500
;TYPE:Overhang wall
;WIDTH:0.409292
G1 F1680
G1 X108.573 Y123.483 E.01578
M204 P1500
;TYPE:Inner wall
;WIDTH:0.45
G1 F1260
G1 X108.573 Y123.383 E.00328
; stop printing object SG9 Holder id:3152 copy 0
G1 E-1.75 F6000
;WIPE_START
G1 F1260
G1 X109.573 Y123.373 E-.75
;WIPE_END
;LAYER_CHANGE
;Z:9.44
;HEIGHT:0.2
G92 E0 ; zero the extruded length again
; BEFORE_LAYER_CHANGE 46 @ 9.44mm
; AFTER_LAYER_CHANGE 46 @ 9.44mm
;_SET_FAN_SPEED_CHANGING_LAYER
; printing object SG9 Holder id:3152 copy 0
G1 X100.54 Y98.29 Z9.44 F18000
G1 E2.5 F6000
M204 P1000
;TYPE:Outer wall
;WIDTH:0.42
G1 F3600
M106 S252
G1 X100.54 Y111.469 E.40082
G1 X96.96 Y111.469 E.10888
G1 X96.96 Y93.71 E.54011
G1 X116.29 Y93.71 E.5879
G1 X116.29 Y98.29 E.13929
G1 X100.6 Y98.29 E.47719
G1 X100.148 Y97.898 F18000
M204 P1500
;TYPE:Inner wall
;WIDTH:0.45
G1 F4582
G1 X100.148 Y111.077 E.43271
G1 X97.352 Y111.077 E.0918
G1 X97.352 Y94.102 E.55734
G1 X115.898 Y94.102 E.60892
G1 X115.898 Y97.898 E.12463
G1 X100.208 Y97.898 E.51515
G1 X99.741 Y97.491 F18000
G1 F4582
G1 X99.741 Y110.67 E.43271
G1 X97.759 Y110.67 E.06507
G1 X97.759 Y94.509 E.53061
G1 X115.491 Y94.509 E.58219
G1 X115.491 Y97.491 E.0979
G1 X99.801 Y97.491 E.51515
G1 X99.334 Y97.084 F18000
G1 F4582
G1 X99.334 Y110.263 E.43271
G1 X98.166 Y110.263 E.03833
G1 X98.166 Y94.916 E.50387
G1 X115.084 Y94.916 E.55546
G1 X115.084 Y97.084 E.07117
G1 X99.394 Y97.084 E.51515
G1 X98.927 Y96.677 F18000
G1 F4582
G1 X98.927 Y109.856 E.43271
G1 X98.573 Y109.856 E.0116
G1 X98.573 Y95.323 E.47714
G1 X114.677 Y95.323 E.52873
G1 X114.677 Y96.677 E.04444
G1 X98.987 Y96.677 E.51515
G1 E-1.75 F6000
;WIPE_START
G1 X98.982 Y97.677 E-.75
;WIPE_END
G1 X114.237 Y96.237 F18000
G1 E2.5 F6000
M204 P2000
;TYPE:Internal solid infill
;WIDTH:0.516065
G1 F4582
G1 X114.237 Y95.763 E.01806
G1 X99.013 Y95.763 E.58094
G1 X99.013 Y96.237 E.01806
G1 X114.177 Y96.237 E.57865
G1 E-1.75 F6000
;WIPE_START
G1 X113.177 Y96.237 E-.75
;WIPE_END
G1 X100.54 Y121.71 F18000
G1 E2.5 F6000
M204 P1000
;TYPE:Outer wall
;WIDTH:0.42
G1 F3600
G1 X104.54 Y121.71 E.12165
G1 X104.54 Y126.29 E.13929
G1 X96.96 Y126.29 E.23054
G1 X96.96 Y119.531 E.20556
G1 X100.54 Y119.531 E.10888
G1 X100.54 Y121.65 E.06444
G1 X100.54 Y122.102 F18000
M204 P1500
;TYPE:Inner wall
;WIDTH:0.45
G1 F4582
G1 X104.148 Y122.102 E.11846
G1 X104.148 Y125.898 E.12463
G1 X97.352 Y125.898 E.22313
G1 X97.352 Y119.923 E.19617
G1 X100.148 Y119.923 E.0918
G1 X100.148 Y122.102 E.07154
G1 X100.48 Y122.102 E.0109
G1 X100.54 Y122.509 F18000
G1 F4582
G1 X103.741 Y122.509 E.10509
G1 X103.741 Y125.491 E.0979
G1 X97.759 Y125.491 E.1964
G1 X97.759 Y120.33 E.16944
G1 X99.741 Y120.33 E.06507
G1 X99.741 Y122.509 E.07154
G1 X100.48 Y122.509 E.02427
G1 X100.54 Y122.916 F18000
G1 F4582
G1 X103.334 Y122.916 E.09173
G1 X103.334 Y125.084 E.07117
G1 X98.166 Y125.084 E.16967
G1 X98.166 Y120.737 E.14271
G1 X99.334 Y120.737 E.03833
G1 X99.334 Y122.916 E.07154
G1 X100.48 Y122.916 E.03763
G1 X100.54 Y123.323 F18000
G1 F4582
G1 X102.927 Y123.323 E.07836
G1 X102.927 Y124.677 E.04444
G1 X98.573 Y124.677 E.14294
G1 X98.573 Y121.144 E.11598
G1 X98.927 Y121.144 E.0116
G1 X98.927 Y123.323 E.07154
G1 X100.48 Y123.323 E.051
G1 X102.487 Y123.763 F18000
M204 P2000
;TYPE:Internal solid infill
;WIDTH:0.516065
G1 F4582
G1 X99.013 Y123.763 E.13254
G1 X99.013 Y124.237 E.01806
G1 X102.487 Y124.237 E.13254
G1 X102.487 Y123.823 E.01577
G1 E-1.75 F6000
;WIPE_START
G1 X102.487 Y124.237 E-.30986
G1 X101.9 Y124.237 E-.44014
;WIPE_END
G1 X106.96 Y121.71 F18000
G1 E2.5 F6000
M204 P1000
;TYPE:Outer wall
;WIDTH:0.42
G1 F3600
G1 X116.29 Y121.71 E.28376
G1 X116.29 Y126.29 E.13929
G1 X106.96 Y126.29 E.28376
G1 X106.96 Y121.77 E.13747
G1 X107.352 Y122.102 F18000
M204 P1500
;TYPE:Inner wall
;WIDTH:0.45
G1 F4582
G1 X115.898 Y122.102 E.28059
G1 X115.898 Y125.898 E.12463
G1 X107.352 Y125.898 E.28059
G1 X107.352 Y122.162 E.12266
G1 X107.759 Y122.509 F18000
G1 F4582
G1 X115.491 Y122.509 E.25386
G1 X115.491 Y125.491 E.0979
G1 X107.759 Y125.491 E.25386
G1 X107.759 Y122.569 E.09593
G1 X108.166 Y122.916 F18000
G1 F4582
G1 X115.084 Y122.916 E.22713
G1 X115.084 Y125.084 E.07117
G1 X108.166 Y125.084 E.22713
G1 X108.166 Y122.976 E.0692
G1 X108.573 Y123.323 F18000
G1 F4582
G1 X114.677 Y123.323 E.20039
G1 X114.677 Y124.677 E.04444
G1 X108.573 Y124.677 E.20039
G1 X108.573 Y123.383 E.04247
G1 X109.013 Y123.763 F18000
M204 P2000
;TYPE:Internal solid infill
;WIDTH:0.516065
G1 F4582
G1 X109.013 Y124.237 E.01806
G1 X114.237 Y124.237 E.19932
G1 X114.237 Y123.763 E.01806
G1 X109.073 Y123.763 E.19704
; stop printing object SG9 Holder id:3152 copy 0
;LAYER_CHANGE
;Z:9.64
;HEIGHT:0.200001
G92 E0 ; zero the extruded length again
; BEFORE_LAYER_CHANGE 47 @ 9.64mm
G1 E-1.75 F6000
;WIPE_START
G1 X110.073 Y123.763 E-.75
;WIPE_END
; AFTER_LAYER_CHANGE 47 @ 9.64mm
;_SET_FAN_SPEED_CHANGING_LAYER
; printing object SG9 Holder id:3152 copy 0
G1 X100.54 Y98.29 Z9.64 F18000
G1 E2.5 F6000
M204 P1000
;TYPE:Outer wall
;WIDTH:0.42
G1 F3600
G1 X100.54 Y111.544 E.40312
G1 X96.96 Y111.544 E.10888
G1 X96.96 Y93.71 E.54241
G1 X116.29 Y93.71 E.5879
G1 X116.29 Y98.29 E.13929
G1 X100.6 Y98.29 E.47719
G1 X100.148 Y97.898 F18000
M204 P1500
;TYPE:Inner wall
;WIDTH:0.45
G1 F4597
G1 X100.148 Y111.152 E.43519
G1 X97.352 Y111.152 E.0918
G1 X97.352 Y94.102 E.55982
G1 X115.898 Y94.102 E.60892
G1 X115.898 Y97.898 E.12463
G1 X100.208 Y97.898 E.51515
G1 X99.741 Y97.491 F18000
G1 F4597
G1 X99.741 Y110.745 E.43519
G1 X97.759 Y110.745 E.06507
G1 X97.759 Y94.509 E.53309
G1 X115.491 Y94.509 E.58219
G1 X115.491 Y97.491 E.0979
G1 X99.801 Y97.491 E.51515
G1 X99.334 Y97.084 F18000
G1 F4597
G1 X99.334 Y110.338 E.43519
G1 X98.166 Y110.338 E.03833
G1 X98.166 Y94.916 E.50635
G1 X115.084 Y94.916 E.55546
G1 X115.084 Y97.084 E.07117
G1 X99.394 Y97.084 E.51515
G1 X98.927 Y96.677 F18000
G1 F4597
G1 X98.927 Y109.931 E.43519
G1 X98.573 Y109.931 E.0116
G1 X98.573 Y95.323 E.47962
G1 X114.677 Y95.323 E.52873
G1 X114.677 Y96.677 E.04444
G1 X98.987 Y96.677 E.51515
G1 E-1.75 F6000
;WIPE_START
G1 X98.982 Y97.677 E-.75
;WIPE_END
G1 X114.237 Y96.237 F18000
G1 E2.5 F6000
M204 P2000
;TYPE:Internal solid infill
;WIDTH:0.516065
G1 F4597
G1 X114.237 Y95.763 E.01806
G1 X99.013 Y95.763 E.58094
G1 X99.013 Y96.237 E.01806
G1 X114.177 Y96.237 E.57865
G1 E-1.75 F6000
;WIPE_START
G1 X113.177 Y96.237 E-.75
;WIPE_END
G1 X100.54 Y121.71 F18000
G1 E2.5 F6000
M204 P1000
;TYPE:Outer wall
;WIDTH:0.42
G1 F3600
G1 X104.54 Y121.71 E.12165
G1 X104.54 Y126.29 E.13929
G1 X96.96 Y126.29 E.23054
G1 X96.96 Y119.456 E.20786
G1 X100.54 Y119.456 E.10888
G1 X100.54 Y121.65 E.06674
G1 X100.54 Y122.102 F18000
M204 P1500
;TYPE:Inner wall
;WIDTH:0.45
G1 F4597
G1 X104.148 Y122.102 E.11846
G1 X104.148 Y125.898 E.12463
G1 X97.352 Y125.898 E.22313
G1 X97.352 Y119.848 E.19865
G1 X100.148 Y119.848 E.0918
G1 X100.148 Y122.102 E.07402
G1 X100.48 Y122.102 E.0109
G1 X100.54 Y122.509 F18000
G1 F4597
G1 X103.741 Y122.509 E.10509
G1 X103.741 Y125.491 E.0979
G1 X97.759 Y125.491 E.1964
G1 X97.759 Y120.255 E.17192
G1 X99.741 Y120.255 E.06507
G1 X99.741 Y122.509 E.07402
G1 X100.48 Y122.509 E.02427
G1 X100.54 Y122.916 F18000
G1 F4597
G1 X103.334 Y122.916 E.09173
G1 X103.334 Y125.084 E.07117
G1 X98.166 Y125.084 E.16967
G1 X98.166 Y120.662 E.14519
G1 X99.334 Y120.662 E.03833
G1 X99.334 Y122.916 E.07402
G1 X100.48 Y122.916 E.03763
G1 X100.54 Y123.323 F18000
G1 F4597
G1 X102.927 Y123.323 E.07836
G1 X102.927 Y124.677 E.04444
G1 X98.573 Y124.677 E.14294
G1 X98.573 Y121.069 E.11846
G1 X98.927 Y121.069 E.0116
G1 X98.927 Y123.323 E.07402
G1 X100.48 Y123.323 E.051
G1 X102.487 Y123.763 F18000
M204 P2000
;TYPE:Internal solid infill
;WIDTH:0.516065
G1 F4597
G1 X99.013 Y123.763 E.13254
G1 X99.013 Y124.237 E.01806
G1 X102.487 Y124.237 E.13254
G1 X102.487 Y123.823 E.01577
G1 E-1.75 F6000
;WIPE_START
G1 X102.487 Y124.237 E-.30986
G1 X101.9 Y124.237 E-.44014
;WIPE_END
G1 X106.96 Y121.71 F18000
G1 E2.5 F6000
M204 P1000
;TYPE:Outer wall
;WIDTH:0.42
G1 F3600
G1 X116.29 Y121.71 E.28376
G1 X116.29 Y126.29 E.13929
G1 X106.96 Y126.29 E.28376
G1 X106.96 Y121.77 E.13747
G1 X107.352 Y122.102 F18000
M204 P1500
;TYPE:Inner wall
;WIDTH:0.45
G1 F4597
G1 X115.898 Y122.102 E.28059
G1 X115.898 Y125.898 E.12463
G1 X107.352 Y125.898 E.28059
G1 X107.352 Y122.162 E.12266
G1 X107.759 Y122.509 F18000
G1 F4597
G1 X115.491 Y122.509 E.25386
G1 X115.491 Y125.491 E.0979
G1 X107.759 Y125.491 E.25386
G1 X107.759 Y122.569 E.09593
G1 X108.166 Y122.916 F18000
G1 F4597
G1 X115.084 Y122.916 E.22713
G1 X115.084 Y125.084 E.07117
G1 X108.166 Y125.084 E.22713
G1 X108.166 Y122.976 E.0692
G1 X108.573 Y123.323 F18000
G1 F4597
G1 X114.677 Y123.323 E.20039
G1 X114.677 Y124.677 E.04444
G1 X108.573 Y124.677 E.20039
G1 X108.573 Y123.383 E.04247
G1 X109.013 Y123.763 F18000
M204 P2000
;TYPE:Internal solid infill
;WIDTH:0.516065
G1 F4597
G1 X109.013 Y124.237 E.01806
G1 X114.237 Y124.237 E.19932
G1 X114.237 Y123.763 E.01806
G1 X109.073 Y123.763 E.19704
; stop printing object SG9 Holder id:3152 copy 0
;LAYER_CHANGE
;Z:9.84
;HEIGHT:0.2
G92 E0 ; zero the extruded length again
; BEFORE_LAYER_CHANGE 48 @ 9.84mm
G1 E-1.75 F6000
;WIPE_START
G1 X110.073 Y123.763 E-.75
;WIPE_END
; AFTER_LAYER_CHANGE 48 @ 9.84mm
;_SET_FAN_SPEED_CHANGING_LAYER
; printing object SG9 Holder id:3152 copy 0
G1 X100.54 Y98.29 Z9.84 F18000
G1 E2.5 F6000
M204 P1000
;TYPE:Outer wall
;WIDTH:0.42
G1 F3600
G1 X100.54 Y111.633 E.40582
G1 X96.96 Y111.633 E.10888
G1 X96.96 Y93.71 E.54512
G1 X116.29 Y93.71 E.5879
G1 X116.29 Y98.29 E.13929
G1 X100.6 Y98.29 E.47719
G1 X100.148 Y97.898 F18000
M204 P1500
;TYPE:Inner wall
;WIDTH:0.45
G1 F4615
G1 X100.148 Y111.241 E.43811
G1 X97.352 Y111.241 E.0918
G1 X97.352 Y94.102 E.56274
G1 X115.898 Y94.102 E.60892
G1 X115.898 Y97.898 E.12463
G1 X100.208 Y97.898 E.51515
G1 X99.741 Y97.491 F18000
G1 F4615
G1 X99.741 Y110.834 E.43811
G1 X97.759 Y110.834 E.06507
G1 X97.759 Y94.509 E.53601
G1 X115.491 Y94.509 E.58219
G1 X115.491 Y97.491 E.0979
G1 X99.801 Y97.491 E.51515
G1 X99.334 Y97.084 F18000
G1 F4615
G1 X99.334 Y110.427 E.43811
G1 X98.166 Y110.427 E.03833
G1 X98.166 Y94.916 E.50928
G1 X115.084 Y94.916 E.55546
G1 X115.084 Y97.084 E.07117
G1 X99.394 Y97.084 E.51515
G1 X98.927 Y96.677 F18000
G1 F4615
G1 X98.927 Y110.02 E.43811
G1 X98.573 Y110.02 E.0116
G1 X98.573 Y95.323 E.48255
G1 X114.677 Y95.323 E.52873
G1 X114.677 Y96.677 E.04444
G1 X98.987 Y96.677 E.51515
G1 E-1.75 F6000
;WIPE_START
G1 X98.982 Y97.677 E-.75
;WIPE_END
G1 X114.237 Y96.237 F18000
G1 E2.5 F6000
M204 P2000
;TYPE:Internal solid infill
;WIDTH:0.516065
G1 F4615
G1 X114.237 Y95.763 E.01806
G1 X99.013 Y95.763 E.58094
G1 X99.013 Y96.237 E.01806
G1 X114.177 Y96.237 E.57865
G1 E-1.75 F6000
;WIPE_START
G1 X113.177 Y96.237 E-.75
;WIPE_END
G1 X100.54 Y121.71 F18000
G1 E2.5 F6000
M204 P1000
;TYPE:Outer wall
;WIDTH:0.42
G1 F3600
G1 X104.54 Y121.71 E.12165
G1 X104.54 Y126.29 E.13929
G1 X96.96 Y126.29 E.23054
G1 X96.96 Y119.367 E.21057
G1 X100.54 Y119.367 E.10888
G1 X100.54 Y121.65 E.06945
G1 X100.54 Y122.102 F18000
M204 P1500
;TYPE:Inner wall
;WIDTH:0.45
G1 F4615
G1 X104.148 Y122.102 E.11846
G1 X104.148 Y125.898 E.12463
G1 X97.352 Y125.898 E.22313
G1 X97.352 Y119.759 E.20157
G1 X100.148 Y119.759 E.0918
G1 X100.148 Y122.102 E.07694
G1 X100.48 Y122.102 E.0109
G1 X100.54 Y122.509 F18000
G1 F4615
G1 X103.741 Y122.509 E.10509
G1 X103.741 Y125.491 E.0979
G1 X97.759 Y125.491 E.1964
G1 X97.759 Y120.166 E.17484
G1 X99.741 Y120.166 E.06507
G1 X99.741 Y122.509 E.07694
G1 X100.48 Y122.509 E.02427
G1 X100.54 Y122.916 F18000
G1 F4615
G1 X103.334 Y122.916 E.09173
G1 X103.334 Y125.084 E.07117
G1 X98.166 Y125.084 E.16967
G1 X98.166 Y120.573 E.14811
G1 X99.334 Y120.573 E.03833
G1 X99.334 Y122.916 E.07694
G1 X100.48 Y122.916 E.03763
G1 X100.54 Y123.323 F18000
G1 F4615
G1 X102.927 Y123.323 E.07836
G1 X102.927 Y124.677 E.04444
G1 X98.573 Y124.677 E.14294
G1 X98.573 Y120.98 E.12138
G1 X98.927 Y120.98 E.0116
G1 X98.927 Y123.323 E.07694
G1 X100.48 Y123.323 E.051
G1 X102.487 Y123.763 F18000
M204 P2000
;TYPE:Internal solid infill
;WIDTH:0.516065
G1 F4615
G1 X99.013 Y123.763 E.13254
G1 X99.013 Y124.237 E.01806
G1 X102.487 Y124.237 E.13254
G1 X102.487 Y123.823 E.01577
G1 E-1.75 F6000
;WIPE_START
G1 X102.487 Y124.237 E-.30986
G1 X101.9 Y124.237 E-.44014
;WIPE_END
G1 X106.96 Y121.71 F18000
G1 E2.5 F6000
M204 P1000
;TYPE:Outer wall
;WIDTH:0.42
G1 F3600
G1 X116.29 Y121.71 E.28376
G1 X116.29 Y126.29 E.13929
G1 X106.96 Y126.29 E.28376
G1 X106.96 Y121.77 E.13747
G1 X107.352 Y122.102 F18000
M204 P1500
;TYPE:Inner wall
;WIDTH:0.45
G1 F4615
G1 X115.898 Y122.102 E.28059
G1 X115.898 Y125.898 E.12463
G1 X107.352 Y125.898 E.28059
G1 X107.352 Y122.162 E.12266
G1 X107.759 Y122.509 F18000
G1 F4615
G1 X115.491 Y122.509 E.25386
G1 X115.491 Y125.491 E.0979
G1 X107.759 Y125.491 E.25386
G1 X107.759 Y122.569 E.09593
G1 X108.166 Y122.916 F18000
G1 F4615
G1 X115.084 Y122.916 E.22713
G1 X115.084 Y125.084 E.07117
G1 X108.166 Y125.084 E.22713
G1 X108.166 Y122.976 E.0692
G1 X108.573 Y123.323 F18000
G1 F4615
G1 X114.677 Y123.323 E.20039
G1 X114.677 Y124.677 E.04444
G1 X108.573 Y124.677 E.20039
G1 X108.573 Y123.383 E.04247
G1 X109.013 Y123.763 F18000
M204 P2000
;TYPE:Internal solid infill
;WIDTH:0.516065
G1 F4615
G1 X109.013 Y124.237 E.01806
G1 X114.237 Y124.237 E.19932
G1 X114.237 Y123.763 E.01806
G1 X109.073 Y123.763 E.19704
; stop printing object SG9 Holder id:3152 copy 0
;LAYER_CHANGE
;Z:10.04
;HEIGHT:0.2
G92 E0 ; zero the extruded length again
; BEFORE_LAYER_CHANGE 49 @ 10.04mm
G1 E-1.75 F6000
;WIPE_START
G1 X110.073 Y123.763 E-.75
;WIPE_END
; AFTER_LAYER_CHANGE 49 @ 10.04mm
;_SET_FAN_SPEED_CHANGING_LAYER
; printing object SG9 Holder id:3152 copy 0
G1 X100.54 Y98.29 Z10.04 F18000
G1 E2.5 F6000
M204 P1000
;TYPE:Outer wall
;WIDTH:0.42
G1 F3600
G1 X100.54 Y111.736 E.40894
G1 X96.96 Y111.736 E.10888
G1 X96.96 Y93.71 E.54824
G1 X116.29 Y93.71 E.5879
G1 X116.29 Y98.29 E.13929
G1 X100.6 Y98.29 E.47719
G1 X100.148 Y97.898 F18000
M204 P1500
;TYPE:Inner wall
;WIDTH:0.45
G1 F4635
G1 X100.148 Y111.344 E.44148
G1 X97.352 Y111.344 E.0918
G1 X97.352 Y94.102 E.56611
G1 X115.898 Y94.102 E.60892
G1 X115.898 Y97.898 E.12463
G1 X100.208 Y97.898 E.51515
G1 X99.741 Y97.491 F18000
G1 F4635
G1 X99.741 Y110.937 E.44148
G1 X97.759 Y110.937 E.06507
G1 X97.759 Y94.509 E.53937
G1 X115.491 Y94.509 E.58219
G1 X115.491 Y97.491 E.0979
G1 X99.801 Y97.491 E.51515
G1 X99.334 Y97.084 F18000
G1 F4635
G1 X99.334 Y110.53 E.44148
G1 X98.166 Y110.53 E.03833
G1 X98.166 Y94.916 E.51264
G1 X115.084 Y94.916 E.55546
G1 X115.084 Y97.084 E.07117
G1 X99.394 Y97.084 E.51515
G1 X98.927 Y96.677 F18000
G1 F4635
G1 X98.927 Y110.123 E.44148
G1 X98.573 Y110.123 E.0116
G1 X98.573 Y95.323 E.48591
G1 X114.677 Y95.323 E.52873
G1 X114.677 Y96.677 E.04444
G1 X98.987 Y96.677 E.51515
G1 E-1.75 F6000
;WIPE_START
G1 X98.982 Y97.677 E-.75
;WIPE_END
G1 X114.237 Y96.237 F18000
G1 E2.5 F6000
M204 P2000
;TYPE:Internal solid infill
;WIDTH:0.516065
G1 F4635
G1 X114.237 Y95.763 E.01806
G1 X99.013 Y95.763 E.58094
G1 X99.013 Y96.237 E.01806
G1 X114.177 Y96.237 E.57865
G1 E-1.75 F6000
;WIPE_START
G1 X113.177 Y96.237 E-.75
;WIPE_END
G1 X100.54 Y121.71 F18000
G1 E2.5 F6000
M204 P1000
;TYPE:Outer wall
;WIDTH:0.42
G1 F3600
G1 X104.54 Y121.71 E.12165
G1 X104.54 Y126.29 E.13929
G1 X96.96 Y126.29 E.23054
G1 X96.96 Y119.264 E.21369
G1 X100.54 Y119.264 E.10888
G1 X100.54 Y121.65 E.07257
G1 X100.54 Y122.102 F18000
M204 P1500
;TYPE:Inner wall
;WIDTH:0.45
G1 F4635
G1 X104.148 Y122.102 E.11846
G1 X104.148 Y125.898 E.12463
G1 X97.352 Y125.898 E.22313
G1 X97.352 Y119.656 E.20494
G1 X100.148 Y119.656 E.0918
G1 X100.148 Y122.102 E.08031
G1 X100.48 Y122.102 E.0109
G1 X100.54 Y122.509 F18000
G1 F4635
G1 X103.741 Y122.509 E.10509
G1 X103.741 Y125.491 E.0979
G1 X97.759 Y125.491 E.1964
G1 X97.759 Y120.063 E.17821
G1 X99.741 Y120.063 E.06507
G1 X99.741 Y122.509 E.08031
G1 X100.48 Y122.509 E.02427
G1 X100.54 Y122.916 F18000
G1 F4635
G1 X103.334 Y122.916 E.09173
G1 X103.334 Y125.084 E.07117
G1 X98.166 Y125.084 E.16967
G1 X98.166 Y120.47 E.15148
G1 X99.334 Y120.47 E.03833
G1 X99.334 Y122.916 E.08031
G1 X100.48 Y122.916 E.03763
G1 X100.54 Y123.323 F18000
G1 F4635
G1 X102.927 Y123.323 E.07836
G1 X102.927 Y124.677 E.04444
G1 X98.573 Y124.677 E.14294
G1 X98.573 Y120.877 E.12474
G1 X98.927 Y120.877 E.0116
G1 X98.927 Y123.323 E.08031
G1 X100.48 Y123.323 E.051
G1 X102.487 Y123.763 F18000
M204 P2000
;TYPE:Internal solid infill
;WIDTH:0.516065
G1 F4635
G1 X99.013 Y123.763 E.13254
G1 X99.013 Y124.237 E.01806
G1 X102.487 Y124.237 E.13254
G1 X102.487 Y123.823 E.01577
G1 E-1.75 F6000
;WIPE_START
G1 X102.487 Y124.237 E-.30986
G1 X101.9 Y124.237 E-.44014
;WIPE_END
G1 X106.96 Y121.71 F18000
G1 E2.5 F6000
M204 P1000
;TYPE:Outer wall
;WIDTH:0.42
G1 F3600
G1 X116.29 Y121.71 E.28376
G1 X116.29 Y126.29 E.13929
G1 X106.96 Y126.29 E.28376
G1 X106.96 Y121.77 E.13747
G1 X107.352 Y122.102 F18000
M204 P1500
;TYPE:Inner wall
;WIDTH:0.45
G1 F4635
G1 X115.898 Y122.102 E.28059
G1 X115.898 Y125.898 E.12463
G1 X107.352 Y125.898 E.28059
G1 X107.352 Y122.162 E.12266
G1 X107.759 Y122.509 F18000
G1 F4635
G1 X115.491 Y122.509 E.25386
G1 X115.491 Y125.491 E.0979
G1 X107.759 Y125.491 E.25386
G1 X107.759 Y122.569 E.09593
G1 X108.166 Y122.916 F18000
G1 F4635
G1 X115.084 Y122.916 E.22713
G1 X115.084 Y125.084 E.07117
G1 X108.166 Y125.084 E.22713
G1 X108.166 Y122.976 E.0692
G1 X108.573 Y123.323 F18000
G1 F4635
G1 X114.677 Y123.323 E.20039
G1 X114.677 Y124.677 E.04444
G1 X108.573 Y124.677 E.20039
G1 X108.573 Y123.383 E.04247
G1 X109.013 Y123.763 F18000
M204 P2000
;TYPE:Internal solid infill
;WIDTH:0.516065
G1 F4635
G1 X109.013 Y124.237 E.01806
G1 X114.237 Y124.237 E.19932
G1 X114.237 Y123.763 E.01806
G1 X109.073 Y123.763 E.19704
; stop printing object SG9 Holder id:3152 copy 0
;LAYER_CHANGE
;Z:10.24
;HEIGHT:0.2
G92 E0 ; zero the extruded length again
; BEFORE_LAYER_CHANGE 50 @ 10.24mm
G1 E-1.75 F6000
;WIPE_START
G1 X110.073 Y123.763 E-.75
;WIPE_END
; AFTER_LAYER_CHANGE 50 @ 10.24mm
;_SET_FAN_SPEED_CHANGING_LAYER
; printing object SG9 Holder id:3152 copy 0
G1 X100.54 Y98.29 Z10.24 F18000
G1 E2.5 F6000
M204 P1000
;TYPE:Outer wall
;WIDTH:0.42
G1 F3600
G1 X100.54 Y111.852 E.41248
G1 X96.96 Y111.852 E.10888
G1 X96.96 Y93.71 E.55178
G1 X116.29 Y93.71 E.5879
G1 X116.29 Y98.29 E.13929
G1 X100.6 Y98.29 E.47719
G1 X100.148 Y97.898 F18000
M204 P1500
;TYPE:Inner wall
;WIDTH:0.45
G1 F4563
G1 X100.148 Y111.46 E.4453
G1 X97.352 Y111.46 E.0918
G1 X97.352 Y94.102 E.56993
G1 X115.898 Y94.102 E.60892
G1 X115.898 Y97.898 E.12463
G1 X100.208 Y97.898 E.51515
G1 X99.741 Y97.491 F18000
G1 F4563
G1 X99.741 Y111.053 E.4453
G1 X97.759 Y111.053 E.06507
G1 X97.759 Y94.509 E.5432
G1 X115.491 Y94.509 E.58219
G1 X115.491 Y97.491 E.0979
G1 X99.801 Y97.491 E.51515
G1 X99.334 Y97.084 F18000
G1 F4563
G1 X99.334 Y110.646 E.4453
G1 X98.166 Y110.646 E.03833
G1 X98.166 Y94.916 E.51647
G1 X115.084 Y94.916 E.55546
G1 X115.084 Y97.084 E.07117
G1 X99.394 Y97.084 E.51515
G1 X98.927 Y96.677 F18000
G1 F4563
G1 X98.927 Y110.239 E.4453
G1 X98.573 Y110.239 E.0116
G1 X98.573 Y95.323 E.48973
G1 X114.677 Y95.323 E.52873
G1 X114.677 Y96.677 E.04444
G1 X98.987 Y96.677 E.51515
G1 E-1.75 F6000
;WIPE_START
G1 X98.982 Y97.677 E-.75
;WIPE_END
G1 X102.248 Y95.672 F18000
G1 E2.5 F6000
M204 P2000
;TYPE:Sparse infill
G1 F4563
G1 X98.922 Y95.672 E.10921
G1 X98.922 Y96.328 E.02157
G1 X101.875 Y96.328 E.09698
G3 X102.451 Y95.672 I4.998 J3.803 E.02871
G1 X105.485 Y95.672 E.09959
G2 X105.089 Y96.328 I1.925 J1.607 E.02528
G1 X108.864 Y96.328 E.12393
G3 X109.44 Y95.672 I4.998 J3.803 E.02871
G1 X112.473 Y95.672 E.09959
G2 X112.077 Y96.328 I1.925 J1.607 E.02528
G1 X114.328 Y96.328 E.07391
G1 X114.328 Y95.672 E.02157
G1 X112.677 Y95.672 E.05423
G1 E-1.83333 F6000
;WIPE_START
G1 F9000
G1 X113.677 Y95.672 E-.66667
;WIPE_END
G1 X100.54 Y121.71 F18000
G1 E2.5 F6000
M204 P1000
;TYPE:Outer wall
;WIDTH:0.42
G1 F3600
G1 X104.54 Y121.71 E.12165
G1 X104.54 Y126.29 E.13929
G1 X96.96 Y126.29 E.23054
G1 X96.96 Y119.148 E.21723
G1 X100.54 Y119.148 E.10888
G1 X100.54 Y121.65 E.07611
G1 X100.54 Y122.102 F18000
M204 P1500
;TYPE:Inner wall
;WIDTH:0.45
G1 F4563
G1 X104.148 Y122.102 E.11846
G1 X104.148 Y125.898 E.12463
G1 X97.352 Y125.898 E.22313
G1 X97.352 Y119.54 E.20876
G1 X100.148 Y119.54 E.0918
G1 X100.148 Y122.102 E.08413
G1 X100.48 Y122.102 E.0109
G1 X100.54 Y122.509 F18000
G1 F4563
G1 X103.741 Y122.509 E.10509
G1 X103.741 Y125.491 E.0979
G1 X97.759 Y125.491 E.1964
G1 X97.759 Y119.947 E.18203
G1 X99.741 Y119.947 E.06507
G1 X99.741 Y122.509 E.08413
G1 X100.48 Y122.509 E.02427
G1 X100.54 Y122.916 F18000
G1 F4563
G1 X103.334 Y122.916 E.09173
G1 X103.334 Y125.084 E.07117
G1 X98.166 Y125.084 E.16967
G1 X98.166 Y120.354 E.1553
G1 X99.334 Y120.354 E.03833
G1 X99.334 Y122.916 E.08413
G1 X100.48 Y122.916 E.03763
G1 X100.54 Y123.323 F18000
G1 F4563
G1 X102.927 Y123.323 E.07836
G1 X102.927 Y124.677 E.04444
G1 X98.573 Y124.677 E.14294
G1 X98.573 Y120.761 E.12857
G1 X98.927 Y120.761 E.0116
G1 X98.927 Y123.323 E.08413
G1 X100.48 Y123.323 E.051
G1 X102.487 Y123.763 F18000
M204 P2000
;TYPE:Internal solid infill
;WIDTH:0.516065
G1 F4563
G1 X99.013 Y123.763 E.13254
G1 X99.013 Y124.237 E.01806
G1 X102.487 Y124.237 E.13254
G1 X102.487 Y123.823 E.01577
G1 E-1.75 F6000
;WIPE_START
G1 X102.487 Y124.237 E-.30986
G1 X101.9 Y124.237 E-.44014
;WIPE_END
G1 X106.96 Y121.71 F18000
G1 E2.5 F6000
M204 P1000
;TYPE:Outer wall
;WIDTH:0.42
G1 F3600
G1 X116.29 Y121.71 E.28376
G1 X116.29 Y126.29 E.13929
G1 X106.96 Y126.29 E.28376
G1 X106.96 Y121.77 E.13747
G1 X107.352 Y122.102 F18000
M204 P1500
;TYPE:Inner wall
;WIDTH:0.45
G1 F4563
G1 X115.898 Y122.102 E.28059
G1 X115.898 Y125.898 E.12463
G1 X107.352 Y125.898 E.28059
G1 X107.352 Y122.162 E.12266
G1 X107.759 Y122.509 F18000
G1 F4563
G1 X115.491 Y122.509 E.25386
G1 X115.491 Y125.491 E.0979
G1 X107.759 Y125.491 E.25386
G1 X107.759 Y122.569 E.09593
G1 X108.166 Y122.916 F18000
G1 F4563
G1 X115.084 Y122.916 E.22713
G1 X115.084 Y125.084 E.07117
G1 X108.166 Y125.084 E.22713
G1 X108.166 Y122.976 E.0692
G1 X108.573 Y123.323 F18000
G1 F4563
G1 X114.677 Y123.323 E.20039
G1 X114.677 Y124.677 E.04444
G1 X108.573 Y124.677 E.20039
G1 X108.573 Y123.383 E.04247
G1 X109.013 Y123.763 F18000
M204 P2000
;TYPE:Internal solid infill
;WIDTH:0.516065
G1 F4563
G1 X109.013 Y124.237 E.01806
G1 X114.237 Y124.237 E.19932
G1 X114.237 Y123.763 E.01806
G1 X109.073 Y123.763 E.19704
; stop printing object SG9 Holder id:3152 copy 0
;LAYER_CHANGE
;Z:10.44
;HEIGHT:0.2
G92 E0 ; zero the extruded length again
; BEFORE_LAYER_CHANGE 51 @ 10.44mm
G1 E-1.75 F6000
;WIPE_START
G1 X110.073 Y123.763 E-.75
;WIPE_END
; AFTER_LAYER_CHANGE 51 @ 10.44mm
;_SET_FAN_SPEED_CHANGING_LAYER
; printing object SG9 Holder id:3152 copy 0
G1 X100.54 Y98.29 Z10.44 F18000
G1 E2.5 F6000
M204 P1000
;TYPE:Outer wall
;WIDTH:0.42
G1 F3600
G1 X100.54 Y98.833 E.01651
G1 X100.54 Y111.222 E.37679
G1 F3420
G1 X100.54 Y111.985 E.02321
G1 X99.777 Y111.985 E.02321
G1 X97.723 Y111.985 E.06247
G1 X96.96 Y111.985 E.02321
G1 X96.96 Y111.222 E.02321
G1 F3600
G1 X96.96 Y94.34 E.51344
G1 X96.96 Y93.71 E.01916
G1 X116.29 Y93.71 E.5879
G1 X116.29 Y98.29 E.13929
G1 X115.66 Y98.29 E.01916
G1 X101.182 Y98.29 E.44033
G1 X100.6 Y98.29 E.0177
G1 X100.148 Y97.898 F18000
M204 P1500
;TYPE:Inner wall
;WIDTH:0.45
G1 F4688
G1 X100.148 Y111.593 E.44965
G1 X97.352 Y111.593 E.0918
G1 X97.352 Y94.102 E.57428
G1 X115.898 Y94.102 E.60892
G1 X115.898 Y97.898 E.12463
G1 X100.208 Y97.898 E.51515
G1 X99.741 Y97.491 F18000
G1 F4688
G1 X99.741 Y111.186 E.44965
G1 X97.759 Y111.186 E.06507
G1 X97.759 Y94.509 E.54755
G1 X115.491 Y94.509 E.58219
G1 X115.491 Y97.491 E.0979
G1 X99.801 Y97.491 E.51515
G1 X99.334 Y97.084 F18000
G1 F4688
G1 X99.334 Y110.779 E.44965
G1 X98.166 Y110.779 E.03833
G1 X98.166 Y94.916 E.52082
G1 X115.084 Y94.916 E.55546
G1 X115.084 Y97.084 E.07117
G1 X99.394 Y97.084 E.51515
G1 X98.927 Y96.677 F18000
G1 F4688
G1 X98.927 Y110.372 E.44965
G1 X98.573 Y110.372 E.0116
G1 X98.573 Y95.323 E.49409
G1 X114.677 Y95.323 E.52873
G1 X114.677 Y96.677 E.04444
G1 X98.987 Y96.677 E.51515
G1 E-1.75 F6000
;WIPE_START
G1 X98.982 Y97.677 E-.75
;WIPE_END
G1 X102.062 Y95.672 F18000
G1 E2.5 F6000
M204 P2000
;TYPE:Sparse infill
G1 F4688
G1 X98.922 Y95.672 E.1031
G1 X98.922 Y96.328 E.02157
G1 X101.772 Y96.328 E.09358
G3 X102.265 Y95.672 I3.609 J2.197 E.02702
G1 X105.68 Y95.672 E.11212
G2 X105.217 Y96.328 I2.695 J2.391 E.02644
G1 X108.76 Y96.328 E.11633
G3 X109.253 Y95.672 I3.609 J2.197 E.02702
G1 X112.668 Y95.672 E.11212
G2 X112.206 Y96.328 I2.695 J2.391 E.02644
G1 X114.328 Y96.328 E.0697
G1 X114.328 Y95.672 E.02157
G1 X112.872 Y95.672 E.04782
G1 E-1.83333 F6000
;WIPE_START
G1 F9000
G1 X113.872 Y95.672 E-.66667
;WIPE_END
G1 X100.54 Y121.71 F18000
G1 E2.5 F6000
M204 P1000
;TYPE:Outer wall
;WIDTH:0.42
G1 F3600
G1 X101.083 Y121.71 E.01651
G1 X103.91 Y121.71 E.08598
G1 X104.54 Y121.71 E.01916
G1 X104.54 Y126.29 E.13929
G1 X96.96 Y126.29 E.23054
G1 X96.96 Y125.66 E.01916
G1 X96.96 Y119.778 E.17889
G1 F3420
G1 X96.96 Y119.015 E.02321
G1 X97.723 Y119.015 E.02321
G1 X99.777 Y119.015 E.06247
G1 X100.54 Y119.015 E.02321
G1 X100.54 Y119.778 E.02321
G1 F3600
G1 X100.54 Y121.068 E.03923
G1 X100.54 Y121.65 E.0177
G1 X100.54 Y122.102 F18000
M204 P1500
;TYPE:Inner wall
;WIDTH:0.45
G1 F4688
G1 X104.148 Y122.102 E.11846
G1 X104.148 Y125.898 E.12463
G1 X97.352 Y125.898 E.22313
G1 X97.352 Y119.407 E.21311
G1 X100.148 Y119.407 E.0918
G1 X100.148 Y122.102 E.08848
G1 X100.48 Y122.102 E.0109
G1 X100.54 Y122.509 F18000
G1 F4688
G1 X103.741 Y122.509 E.10509
G1 X103.741 Y125.491 E.0979
G1 X97.759 Y125.491 E.1964
G1 X97.759 Y119.814 E.18638
G1 X99.741 Y119.814 E.06507
G1 X99.741 Y122.509 E.08848
G1 X100.48 Y122.509 E.02427
G1 X100.54 Y122.916 F18000
G1 F4688
G1 X103.334 Y122.916 E.09173
G1 X103.334 Y125.084 E.07117
G1 X98.166 Y125.084 E.16967
G1 X98.166 Y120.221 E.15965
G1 X99.334 Y120.221 E.03833
G1 X99.334 Y122.916 E.08848
G1 X100.48 Y122.916 E.03763
G1 X100.54 Y123.323 F18000
G1 F4688
G1 X102.927 Y123.323 E.07836
G1 X102.927 Y124.677 E.04444
G1 X98.573 Y124.677 E.14294
G1 X98.573 Y120.628 E.13292
G1 X98.927 Y120.628 E.0116
G1 X98.927 Y123.323 E.08848
G1 X100.48 Y123.323 E.051
G1 X102.487 Y123.763 F18000
M204 P2000
;TYPE:Internal solid infill
;WIDTH:0.516065
G1 F4688
G1 X99.013 Y123.763 E.13254
G1 X99.013 Y124.237 E.01806
G1 X102.487 Y124.237 E.13254
G1 X102.487 Y123.823 E.01577
G1 E-1.75 F6000
;WIPE_START
G1 X102.487 Y124.237 E-.30986
G1 X101.9 Y124.237 E-.44014
;WIPE_END
G1 X106.96 Y121.71 F18000
G1 E2.5 F6000
M204 P1000
;TYPE:Outer wall
;WIDTH:0.42
G1 F3600
G1 X116.29 Y121.71 E.28376
G1 X116.29 Y126.29 E.13929
G1 X106.96 Y126.29 E.28376
G1 X106.96 Y121.77 E.13747
G1 X107.352 Y122.102 F18000
M204 P1500
;TYPE:Inner wall
;WIDTH:0.45
G1 F4688
G1 X115.898 Y122.102 E.28059
G1 X115.898 Y125.898 E.12463
G1 X107.352 Y125.898 E.28059
G1 X107.352 Y122.162 E.12266
G1 X107.759 Y122.509 F18000
G1 F4688
G1 X115.491 Y122.509 E.25386
G1 X115.491 Y125.491 E.0979
G1 X107.759 Y125.491 E.25386
G1 X107.759 Y122.569 E.09593
G1 X108.166 Y122.916 F18000
G1 F4688
G1 X115.084 Y122.916 E.22713
G1 X115.084 Y125.084 E.07117
G1 X108.166 Y125.084 E.22713
G1 X108.166 Y122.976 E.0692
G1 X108.573 Y123.323 F18000
G1 F4688
G1 X114.677 Y123.323 E.20039
G1 X114.677 Y124.677 E.04444
G1 X108.573 Y124.677 E.20039
G1 X108.573 Y123.383 E.04247
G1 X109.013 Y123.763 F18000
M204 P2000
;TYPE:Internal solid infill
;WIDTH:0.516065
G1 F4688
G1 X109.013 Y124.237 E.01806
G1 X114.237 Y124.237 E.19932
G1 X114.237 Y123.763 E.01806
G1 X109.073 Y123.763 E.19704
; stop printing object SG9 Holder id:3152 copy 0
;LAYER_CHANGE
;Z:10.64
;HEIGHT:0.200001
G92 E0 ; zero the extruded length again
; BEFORE_LAYER_CHANGE 52 @ 10.64mm
G1 E-1.75 F6000
;WIPE_START
G1 X110.073 Y123.763 E-.75
;WIPE_END
; AFTER_LAYER_CHANGE 52 @ 10.64mm
;_SET_FAN_SPEED_CHANGING_LAYER
; printing object SG9 Holder id:3152 copy 0
G1 X100.54 Y98.29 Z10.64 F18000
G1 E2.5 F6000
M204 P1000
;TYPE:Outer wall
;WIDTH:0.42
G1 F3600
G1 X100.54 Y98.833 E.01651
G1 X100.54 Y111.355 E.38084
G1 F3360
G1 X100.54 Y112.137 E.02378
G1 X99.758 Y112.137 E.02378
G1 X97.742 Y112.137 E.06131
G1 X96.96 Y112.137 E.02378
G1 X96.96 Y111.355 E.02378
G1 F3600
G1 X96.96 Y94.34 E.51749
G1 X96.96 Y93.71 E.01916
G1 X116.29 Y93.71 E.5879
G1 X116.29 Y98.29 E.13929
G1 X115.66 Y98.29 E.01916
G1 X101.182 Y98.29 E.44033
G1 X100.6 Y98.29 E.0177
G1 X100.148 Y97.898 F18000
M204 P1500
;TYPE:Inner wall
;WIDTH:0.45
G1 F4714
G1 X100.148 Y111.745 E.45463
G1 X97.352 Y111.745 E.0918
G1 X97.352 Y94.102 E.57926
G1 X115.898 Y94.102 E.60892
G1 X115.898 Y97.898 E.12463
G1 X100.208 Y97.898 E.51515
G1 X99.741 Y97.491 F18000
G1 F4714
G1 X99.741 Y111.338 E.45463
G1 X97.759 Y111.338 E.06507
G1 X97.759 Y94.509 E.55253
G1 X115.491 Y94.509 E.58219
G1 X115.491 Y97.491 E.0979
G1 X99.801 Y97.491 E.51515
G1 X99.334 Y97.084 F18000
G1 F4714
G1 X99.334 Y110.93 E.45463
G1 X98.166 Y110.93 E.03833
G1 X98.166 Y94.916 E.5258
G1 X115.084 Y94.916 E.55546
G1 X115.084 Y97.084 E.07117
G1 X99.394 Y97.084 E.51515
G1 X98.927 Y96.677 F18000
G1 F4714
G1 X98.927 Y110.523 E.45463
G1 X98.573 Y110.523 E.0116
G1 X98.573 Y95.323 E.49907
G1 X114.677 Y95.323 E.52873
G1 X114.677 Y96.677 E.04444
G1 X98.987 Y96.677 E.51515
G1 E-1.75 F6000
;WIPE_START
G1 X98.982 Y97.677 E-.75
;WIPE_END
G1 X101.448 Y96.328 F18000
G1 E2.5 F6000
M204 P2000
;TYPE:Sparse infill
G1 F4714
G1 X98.922 Y96.328 E.08297
G1 X98.922 Y95.672 E.02157
G1 X102.076 Y95.672 E.10357
G2 X101.652 Y96.328 I2.222 J1.9 E.02575
G1 X105.327 Y96.328 E.12066
G3 X105.865 Y95.672 I4.339 J3.008 E.02792
G1 X109.064 Y95.672 E.10503
G2 X108.64 Y96.328 I2.222 J1.9 E.02575
G1 X112.315 Y96.328 E.12066
G3 X112.854 Y95.672 I4.339 J3.008 E.02792
G1 X114.328 Y95.672 E.04841
G1 X114.328 Y96.328 E.02157
G1 X112.519 Y96.328 E.05941
G1 E-1.83333 F6000
;WIPE_START
G1 F9000
G1 X113.519 Y96.328 E-.66667
;WIPE_END
G1 X100.54 Y121.71 F18000
G1 E2.5 F6000
M204 P1000
;TYPE:Outer wall
;WIDTH:0.42
G1 F3600
G1 X101.083 Y121.71 E.01651
G1 X103.91 Y121.71 E.08598
G1 X104.54 Y121.71 E.01916
G1 X104.54 Y126.29 E.13929
G1 X96.96 Y126.29 E.23054
G1 X96.96 Y125.66 E.01916
G1 X96.96 Y119.645 E.18294
G1 F3360
G1 X96.96 Y118.863 E.02378
G1 X97.742 Y118.863 E.02378
G1 X99.758 Y118.863 E.06131
G1 X100.54 Y118.863 E.02378
G1 X100.54 Y119.645 E.02378
G1 F3600
G1 X100.54 Y121.068 E.04328
G1 X100.54 Y121.65 E.0177
G1 X100.54 Y122.102 F18000
M204 P1500
;TYPE:Inner wall
;WIDTH:0.45
G1 F4714
G1 X104.148 Y122.102 E.11846
G1 X104.148 Y125.898 E.12463
G1 X97.352 Y125.898 E.22313
G1 X97.352 Y119.255 E.2181
G1 X100.148 Y119.255 E.0918
G1 X100.148 Y122.102 E.09347
G1 X100.48 Y122.102 E.0109
G1 X100.54 Y122.509 F18000
G1 F4714
G1 X103.741 Y122.509 E.10509
G1 X103.741 Y125.491 E.0979
G1 X97.759 Y125.491 E.1964
G1 X97.759 Y119.662 E.19137
G1 X99.741 Y119.662 E.06507
G1 X99.741 Y122.509 E.09347
G1 X100.48 Y122.509 E.02427
G1 X100.54 Y122.916 F18000
G1 F4714
G1 X103.334 Y122.916 E.09173
G1 X103.334 Y125.084 E.07117
G1 X98.166 Y125.084 E.16967
G1 X98.166 Y120.07 E.16463
G1 X99.334 Y120.07 E.03833
G1 X99.334 Y122.916 E.09347
G1 X100.48 Y122.916 E.03763
G1 X100.54 Y123.323 F18000
G1 F4714
G1 X102.927 Y123.323 E.07836
G1 X102.927 Y124.677 E.04444
G1 X98.573 Y124.677 E.14294
G1 X98.573 Y120.477 E.1379
G1 X98.927 Y120.477 E.0116
G1 X98.927 Y123.323 E.09347
G1 X100.48 Y123.323 E.051
G1 X102.487 Y123.763 F18000
M204 P2000
;TYPE:Internal solid infill
;WIDTH:0.516065
G1 F4714
G1 X99.013 Y123.763 E.13254
G1 X99.013 Y124.237 E.01806
G1 X102.487 Y124.237 E.13254
G1 X102.487 Y123.823 E.01577
G1 E-1.75 F6000
;WIPE_START
G1 X102.487 Y124.237 E-.30986
G1 X101.9 Y124.237 E-.44014
;WIPE_END
G1 X106.96 Y121.71 F18000
G1 E2.5 F6000
M204 P1000
;TYPE:Outer wall
;WIDTH:0.42
G1 F3600
G1 X116.29 Y121.71 E.28376
G1 X116.29 Y126.29 E.13929
G1 X106.96 Y126.29 E.28376
G1 X106.96 Y121.77 E.13747
G1 X107.352 Y122.102 F18000
M204 P1500
;TYPE:Inner wall
;WIDTH:0.45
G1 F4714
G1 X115.898 Y122.102 E.28059
G1 X115.898 Y125.898 E.12463
G1 X107.352 Y125.898 E.28059
G1 X107.352 Y122.162 E.12266
G1 X107.759 Y122.509 F18000
G1 F4714
G1 X115.491 Y122.509 E.25386
G1 X115.491 Y125.491 E.0979
G1 X107.759 Y125.491 E.25386
G1 X107.759 Y122.569 E.09593
G1 X108.166 Y122.916 F18000
G1 F4714
G1 X115.084 Y122.916 E.22713
G1 X115.084 Y125.084 E.07117
G1 X108.166 Y125.084 E.22713
G1 X108.166 Y122.976 E.0692
G1 X108.573 Y123.323 F18000
G1 F4714
G1 X114.677 Y123.323 E.20039
G1 X114.677 Y124.677 E.04444
G1 X108.573 Y124.677 E.20039
G1 X108.573 Y123.383 E.04247
G1 X109.013 Y123.763 F18000
M204 P2000
;TYPE:Internal solid infill
;WIDTH:0.516065
G1 F4714
G1 X109.013 Y124.237 E.01806
G1 X114.237 Y124.237 E.19932
G1 X114.237 Y123.763 E.01806
G1 X109.073 Y123.763 E.19704
; stop printing object SG9 Holder id:3152 copy 0
;LAYER_CHANGE
;Z:10.84
;HEIGHT:0.2
G92 E0 ; zero the extruded length again
; BEFORE_LAYER_CHANGE 53 @ 10.84mm
G1 E-1.75 F6000
;WIPE_START
G1 X110.073 Y123.763 E-.75
;WIPE_END
; AFTER_LAYER_CHANGE 53 @ 10.84mm
;_SET_FAN_SPEED_CHANGING_LAYER
; printing object SG9 Holder id:3152 copy 0
G1 X100.54 Y98.29 Z10.84 F18000
G1 E2.5 F6000
M204 P1000
;TYPE:Outer wall
;WIDTH:0.42
G1 F3600
G1 X100.54 Y98.833 E.01651
G1 X100.54 Y111.507 E.38546
G1 F3240
G1 X100.54 Y112.308 E.02436
G1 X96.96 Y112.308 E.10888
G1 X96.96 Y111.507 E.02436
G1 F3600
G1 X96.96 Y94.34 E.52211
G1 X96.96 Y93.71 E.01916
G1 X116.29 Y93.71 E.5879
G1 X116.29 Y98.29 E.13929
G1 X115.66 Y98.29 E.01916
G1 X101.182 Y98.29 E.44033
G1 X100.6 Y98.29 E.0177
G1 X100.148 Y97.898 F18000
M204 P1500
;TYPE:Inner wall
;WIDTH:0.45
G1 F4752
G1 X100.148 Y111.916 E.46025
G1 X97.352 Y111.916 E.0918
G1 X97.352 Y94.102 E.58488
G1 X115.898 Y94.102 E.60892
G1 X115.898 Y97.898 E.12463
G1 X100.208 Y97.898 E.51515
G1 X99.741 Y97.491 F18000
G1 F4752
G1 X99.741 Y111.509 E.46025
G1 X97.759 Y111.509 E.06507
G1 X97.759 Y94.509 E.55815
G1 X115.491 Y94.509 E.58219
G1 X115.491 Y97.491 E.0979
G1 X99.801 Y97.491 E.51515
G1 X99.334 Y97.084 F18000
G1 F4752
G1 X99.334 Y111.101 E.46025
G1 X98.166 Y111.101 E.03833
G1 X98.166 Y94.916 E.53142
G1 X115.084 Y94.916 E.55546
G1 X115.084 Y97.084 E.07117
G1 X99.394 Y97.084 E.51515
G1 X98.927 Y96.677 F18000
G1 F4752
G1 X98.927 Y110.694 E.46025
G1 X98.573 Y110.694 E.0116
G1 X98.573 Y95.323 E.50468
G1 X114.677 Y95.323 E.52873
G1 X114.677 Y96.677 E.04444
G1 X98.987 Y96.677 E.51515
G1 E-1.75 F6000
;WIPE_START
G1 X98.982 Y97.677 E-.75
;WIPE_END
G1 X101.307 Y96.328 F18000
G1 E2.5 F6000
M204 P2000
;TYPE:Sparse infill
G1 F4752
G1 X98.922 Y96.328 E.07833
G1 X98.922 Y95.672 E.02157
G1 X101.867 Y95.672 E.0967
G2 X101.511 Y96.328 I1.584 J1.283 E.02467
G1 X105.423 Y96.328 E.12846
G1 X106.08 Y95.672 E.03051
G1 X108.855 Y95.672 E.0911
G2 X108.499 Y96.328 I1.584 J1.283 E.02467
G1 X112.412 Y96.328 E.12846
G1 X113.069 Y95.672 E.03051
G1 X109.059 Y95.672 E.13167
G1 E-1.83333 F6000
;WIPE_START
G1 F9000
G1 X110.059 Y95.672 E-.66667
;WIPE_END
G1 X100.54 Y121.71 F18000
G1 E2.5 F6000
M204 P1000
;TYPE:Outer wall
;WIDTH:0.42
G1 F3600
G1 X101.083 Y121.71 E.01651
G1 X103.91 Y121.71 E.08598
G1 X104.54 Y121.71 E.01916
G1 X104.54 Y126.29 E.13929
G1 X96.96 Y126.29 E.23054
G1 X96.96 Y125.66 E.01916
G1 X96.96 Y119.493 E.18756
G1 F3240
G1 X96.96 Y118.692 E.02436
G1 X100.54 Y118.692 E.10888
G1 X100.54 Y119.493 E.02436
G1 F3600
G1 X100.54 Y121.068 E.0479
G1 X100.54 Y121.65 E.0177
G1 X100.54 Y122.102 F18000
M204 P1500
;TYPE:Inner wall
;WIDTH:0.45
G1 F4752
G1 X104.148 Y122.102 E.11846
G1 X104.148 Y125.898 E.12463
G1 X97.352 Y125.898 E.22313
G1 X97.352 Y119.084 E.22371
G1 X100.148 Y119.084 E.0918
G1 X100.148 Y122.102 E.09908
G1 X100.48 Y122.102 E.0109
G1 X100.54 Y122.509 F18000
G1 F4752
G1 X103.741 Y122.509 E.10509
G1 X103.741 Y125.491 E.0979
G1 X97.759 Y125.491 E.1964
G1 X97.759 Y119.491 E.19698
G1 X99.741 Y119.491 E.06507
G1 X99.741 Y122.509 E.09908
G1 X100.48 Y122.509 E.02427
G1 X100.54 Y122.916 F18000
G1 F4752
G1 X103.334 Y122.916 E.09173
G1 X103.334 Y125.084 E.07117
G1 X98.166 Y125.084 E.16967
G1 X98.166 Y119.899 E.17025
G1 X99.334 Y119.899 E.03833
G1 X99.334 Y122.916 E.09908
G1 X100.48 Y122.916 E.03763
G1 X100.54 Y123.323 F18000
G1 F4752
G1 X102.927 Y123.323 E.07836
G1 X102.927 Y124.677 E.04444
G1 X98.573 Y124.677 E.14294
G1 X98.573 Y120.306 E.14352
G1 X98.927 Y120.306 E.0116
G1 X98.927 Y123.323 E.09908
G1 X100.48 Y123.323 E.051
G1 X102.487 Y123.763 F18000
M204 P2000
;TYPE:Internal solid infill
;WIDTH:0.516065
G1 F4752
G1 X99.013 Y123.763 E.13254
G1 X99.013 Y124.237 E.01806
G1 X102.487 Y124.237 E.13254
G1 X102.487 Y123.823 E.01577
G1 E-1.75 F6000
;WIPE_START
G1 X102.487 Y124.237 E-.30986
G1 X101.9 Y124.237 E-.44014
;WIPE_END
G1 X106.96 Y121.71 F18000
G1 E2.5 F6000
M204 P1000
;TYPE:Outer wall
;WIDTH:0.42
G1 F3600
G1 X116.29 Y121.71 E.28376
G1 X116.29 Y126.29 E.13929
G1 X106.96 Y126.29 E.28376
G1 X106.96 Y121.77 E.13747
G1 X107.352 Y122.102 F18000
M204 P1500
;TYPE:Inner wall
;WIDTH:0.45
G1 F4752
G1 X115.898 Y122.102 E.28059
G1 X115.898 Y125.898 E.12463
G1 X107.352 Y125.898 E.28059
G1 X107.352 Y122.162 E.12266
G1 X107.759 Y122.509 F18000
G1 F4752
G1 X115.491 Y122.509 E.25386
G1 X115.491 Y125.491 E.0979
G1 X107.759 Y125.491 E.25386
G1 X107.759 Y122.569 E.09593
G1 X108.166 Y122.916 F18000
G1 F4752
G1 X115.084 Y122.916 E.22713
G1 X115.084 Y125.084 E.07117
G1 X108.166 Y125.084 E.22713
G1 X108.166 Y122.976 E.0692
G1 X108.573 Y123.323 F18000
G1 F4752
G1 X114.677 Y123.323 E.20039
G1 X114.677 Y124.677 E.04444
G1 X108.573 Y124.677 E.20039
G1 X108.573 Y123.383 E.04247
G1 X109.013 Y123.763 F18000
M204 P2000
;TYPE:Internal solid infill
;WIDTH:0.516065
G1 F4752
G1 X109.013 Y124.237 E.01806
G1 X114.237 Y124.237 E.19932
G1 X114.237 Y123.763 E.01806
G1 X109.073 Y123.763 E.19704
; stop printing object SG9 Holder id:3152 copy 0
;LAYER_CHANGE
;Z:11.04
;HEIGHT:0.2
G92 E0 ; zero the extruded length again
; BEFORE_LAYER_CHANGE 54 @ 11.04mm
G1 E-1.75 F6000
;WIPE_START
G1 X110.073 Y123.763 E-.75
;WIPE_END
; AFTER_LAYER_CHANGE 54 @ 11.04mm
;_SET_FAN_SPEED_CHANGING_LAYER
; printing object SG9 Holder id:3152 copy 0
G1 X100.54 Y98.29 Z11.04 F18000
G1 E2.5 F6000
M204 P1000
;TYPE:Outer wall
;WIDTH:0.42
G1 F3600
G1 X100.54 Y98.833 E.01651
G1 X100.54 Y111.678 E.39066
G1 F3060
G1 X100.54 Y112.506 E.02518
G1 X96.96 Y112.506 E.10888
G1 X96.96 Y111.678 E.02518
G1 F3600
G1 X96.96 Y94.34 E.52731
G1 X96.96 Y93.71 E.01916
G1 X116.29 Y93.71 E.5879
G1 X116.29 Y98.29 E.13929
G1 X115.66 Y98.29 E.01916
G1 X101.182 Y98.29 E.44033
G1 X100.6 Y98.29 E.0177
G1 X100.148 Y97.898 F18000
M204 P1500
;TYPE:Inner wall
;WIDTH:0.45
G1 F4803
G1 X100.148 Y112.114 E.46675
G1 X97.352 Y112.114 E.0918
G1 X97.352 Y94.102 E.59138
G1 X115.898 Y94.102 E.60892
G1 X115.898 Y97.898 E.12463
G1 X100.208 Y97.898 E.51515
G1 X99.741 Y97.491 F18000
G1 F4803
G1 X99.741 Y111.707 E.46675
G1 X97.759 Y111.707 E.06507
G1 X97.759 Y94.509 E.56465
G1 X115.491 Y94.509 E.58219
G1 X115.491 Y97.491 E.0979
G1 X99.801 Y97.491 E.51515
G1 X99.334 Y97.084 F18000
G1 F4803
G1 X99.334 Y111.3 E.46675
G1 X98.166 Y111.3 E.03833
G1 X98.166 Y94.916 E.53792
G1 X115.084 Y94.916 E.55546
G1 X115.084 Y97.084 E.07117
G1 X99.394 Y97.084 E.51515
G1 X98.927 Y96.677 F18000
G1 F4803
G1 X98.927 Y110.893 E.46675
G1 X98.573 Y110.893 E.0116
G1 X98.573 Y95.323 E.51119
G1 X114.677 Y95.323 E.52873
G1 X114.677 Y96.677 E.04444
G1 X98.987 Y96.677 E.51515
G1 E-1.75 F6000
;WIPE_START
G1 X98.982 Y97.677 E-.75
;WIPE_END
G1 X101.137 Y96.328 F18000
G1 E2.5 F6000
M204 P2000
;TYPE:Sparse infill
G1 F4803
G1 X98.922 Y96.328 E.07276
G1 X98.922 Y95.994 E.01097
G1 X99.313 Y95.672 E.01666
G1 X101.61 Y95.672 E.07543
G2 X101.34 Y96.32 I.542 J.607 E.02386
G1 X105.509 Y96.328 E.1369
G1 X106.301 Y95.672 E.03379
G1 X108.599 Y95.672 E.07543
G2 X108.328 Y96.32 I.542 J.607 E.02386
G1 X112.497 Y96.328 E.1369
G1 X113.29 Y95.672 E.03379
G1 X108.802 Y95.672 E.14734
G1 E-1.83333 F6000
;WIPE_START
G1 F9000
G1 X109.802 Y95.672 E-.66667
;WIPE_END
G1 X100.54 Y121.71 F18000
G1 E2.5 F6000
M204 P1000
;TYPE:Outer wall
;WIDTH:0.42
G1 F3600
G1 X101.083 Y121.71 E.01651
G1 X103.91 Y121.71 E.08598
G1 X104.54 Y121.71 E.01916
G1 X104.54 Y126.29 E.13929
G1 X96.96 Y126.29 E.23054
G1 X96.96 Y125.66 E.01916
G1 X96.96 Y119.322 E.19276
G1 F3060
G1 X96.96 Y118.494 E.02518
G1 X100.54 Y118.494 E.10888
G1 X100.54 Y119.322 E.02518
G1 F3600
G1 X100.54 Y121.068 E.0531
G1 X100.54 Y121.65 E.0177
G1 X100.54 Y122.102 F18000
M204 P1500
;TYPE:Inner wall
;WIDTH:0.45
G1 F4803
G1 X104.148 Y122.102 E.11846
G1 X104.148 Y125.898 E.12463
G1 X97.352 Y125.898 E.22313
G1 X97.352 Y118.886 E.23022
G1 X100.148 Y118.886 E.0918
G1 X100.148 Y122.102 E.10559
G1 X100.48 Y122.102 E.0109
G1 X100.54 Y122.509 F18000
G1 F4803
G1 X103.741 Y122.509 E.10509
G1 X103.741 Y125.491 E.0979
G1 X97.759 Y125.491 E.1964
G1 X97.759 Y119.293 E.20349
G1 X99.741 Y119.293 E.06507
G1 X99.741 Y122.509 E.10559
G1 X100.48 Y122.509 E.02427
G1 X100.54 Y122.916 F18000
G1 F4803
G1 X103.334 Y122.916 E.09173
G1 X103.334 Y125.084 E.07117
G1 X98.166 Y125.084 E.16967
G1 X98.166 Y119.7 E.17675
G1 X99.334 Y119.7 E.03833
G1 X99.334 Y122.916 E.10559
G1 X100.48 Y122.916 E.03763
G1 X100.54 Y123.323 F18000
G1 F4803
G1 X102.927 Y123.323 E.07836
G1 X102.927 Y124.677 E.04444
G1 X98.573 Y124.677 E.14294
G1 X98.573 Y120.107 E.15002
G1 X98.927 Y120.107 E.0116
G1 X98.927 Y123.323 E.10559
G1 X100.48 Y123.323 E.051
G1 X102.487 Y123.763 F18000
M204 P2000
;TYPE:Internal solid infill
;WIDTH:0.516065
G1 F4803
G1 X99.013 Y123.763 E.13254
G1 X99.013 Y124.237 E.01806
G1 X102.487 Y124.237 E.13254
G1 X102.487 Y123.823 E.01577
G1 E-1.75 F6000
;WIPE_START
G1 X102.487 Y124.237 E-.30986
G1 X101.9 Y124.237 E-.44014
;WIPE_END
G1 X106.96 Y121.71 F18000
G1 E2.5 F6000
M204 P1000
;TYPE:Outer wall
;WIDTH:0.42
G1 F3600
G1 X116.29 Y121.71 E.28376
G1 X116.29 Y126.29 E.13929
G1 X106.96 Y126.29 E.28376
G1 X106.96 Y121.77 E.13747
G1 X107.352 Y122.102 F18000
M204 P1500
;TYPE:Inner wall
;WIDTH:0.45
G1 F4803
G1 X115.898 Y122.102 E.28059
G1 X115.898 Y125.898 E.12463
G1 X107.352 Y125.898 E.28059
G1 X107.352 Y122.162 E.12266
G1 X107.759 Y122.509 F18000
G1 F4803
G1 X115.491 Y122.509 E.25386
G1 X115.491 Y125.491 E.0979
G1 X107.759 Y125.491 E.25386
G1 X107.759 Y122.569 E.09593
G1 X108.166 Y122.916 F18000
G1 F4803
G1 X115.084 Y122.916 E.22713
G1 X115.084 Y125.084 E.07117
G1 X108.166 Y125.084 E.22713
G1 X108.166 Y122.976 E.0692
G1 X108.573 Y123.323 F18000
G1 F4803
G1 X114.677 Y123.323 E.20039
G1 X114.677 Y124.677 E.04444
G1 X108.573 Y124.677 E.20039
G1 X108.573 Y123.383 E.04247
G1 X109.013 Y123.763 F18000
M204 P2000
;TYPE:Internal solid infill
;WIDTH:0.516065
G1 F4803
G1 X109.013 Y124.237 E.01806
G1 X114.237 Y124.237 E.19932
G1 X114.237 Y123.763 E.01806
G1 X109.073 Y123.763 E.19704
; stop printing object SG9 Holder id:3152 copy 0
;LAYER_CHANGE
;Z:11.24
;HEIGHT:0.2
G92 E0 ; zero the extruded length again
; BEFORE_LAYER_CHANGE 55 @ 11.24mm
G1 E-1.75 F6000
;WIPE_START
G1 X110.073 Y123.763 E-.75
;WIPE_END
; AFTER_LAYER_CHANGE 55 @ 11.24mm
;_SET_FAN_SPEED_CHANGING_LAYER
; printing object SG9 Holder id:3152 copy 0
G1 X100.54 Y98.29 Z11.24 F18000
G1 E2.5 F6000
M204 P1000
;TYPE:Outer wall
;WIDTH:0.42
G1 F3600
G1 X100.54 Y98.833 E.01651
G1 X100.54 Y111.876 E.39669
M106 S255
G1 F2820
G1 X100.54 Y112.733 E.02606
G1 X96.96 Y112.733 E.10888
M106 S252
G1 X96.96 Y111.876 E.02606
G1 F3600
G1 X96.96 Y94.34 E.53333
G1 X96.96 Y93.71 E.01916
G1 X116.29 Y93.71 E.5879
G1 X116.29 Y98.29 E.13929
G1 X115.66 Y98.29 E.01916
G1 X101.182 Y98.29 E.44033
G1 X100.6 Y98.29 E.0177
G1 X100.148 Y97.898 F18000
M204 P1500
;TYPE:Inner wall
;WIDTH:0.45
G1 F4867
G1 X100.148 Y112.341 E.47423
G1 X97.352 Y112.341 E.0918
G1 X97.352 Y94.102 E.59886
G1 X115.898 Y94.102 E.60892
G1 X115.898 Y97.898 E.12463
G1 X100.208 Y97.898 E.51515
G1 X99.741 Y97.491 F18000
G1 F4867
G1 X99.741 Y111.934 E.47423
G1 X97.759 Y111.934 E.06507
G1 X97.759 Y94.509 E.57213
G1 X115.491 Y94.509 E.58219
G1 X115.491 Y97.491 E.0979
G1 X99.801 Y97.491 E.51515
G1 X99.334 Y97.084 F18000
G1 F4867
G1 X99.334 Y111.527 E.47423
G1 X98.166 Y111.527 E.03833
G1 X98.166 Y94.916 E.54539
G1 X115.084 Y94.916 E.55546
G1 X115.084 Y97.084 E.07117
G1 X99.394 Y97.084 E.51515
G1 X98.927 Y96.677 F18000
G1 F4867
G1 X98.927 Y111.12 E.47423
G1 X98.573 Y111.12 E.0116
G1 X98.573 Y95.323 E.51866
G1 X114.677 Y95.323 E.52873
G1 X114.677 Y96.677 E.04444
G1 X98.987 Y96.677 E.51515
G1 E-1.75 F6000
;WIPE_START
G1 X98.983 Y97.677 E-.75
;WIPE_END
G1 X100.926 Y96.328 F18000
G1 E2.5 F6000
M204 P2000
;TYPE:Sparse infill
G1 F4867
G1 X98.922 Y96.328 E.06582
G1 X98.922 Y96.106 E.00729
G3 X99.61 Y95.672 I3.8 J5.253 E.02675
G1 X101.242 Y95.672 E.05357
G2 X101.13 Y96.328 I.544 J.43 E.02282
G1 X105.587 Y96.328 E.14634
G3 X106.598 Y95.672 I8.993 J12.74 E.03961
G1 X108.23 Y95.672 E.05357
G2 X108.118 Y96.328 I.544 J.43 E.02282
G1 X112.575 Y96.328 E.14634
G3 X113.587 Y95.672 I8.992 J12.739 E.03961
G1 X108.433 Y95.672 E.1692
G1 E-1.83333 F6000
;WIPE_START
G1 F9000
G1 X109.433 Y95.672 E-.66667
;WIPE_END
G1 X100.54 Y121.71 F18000
G1 E2.5 F6000
M204 P1000
;TYPE:Outer wall
;WIDTH:0.42
G1 F3600
G1 X101.083 Y121.71 E.01651
G1 X103.91 Y121.71 E.08598
G1 X104.54 Y121.71 E.01916
G1 X104.54 Y126.29 E.13929
G1 X96.96 Y126.29 E.23054
G1 X96.96 Y125.66 E.01916
G1 X96.96 Y119.124 E.19878
M106 S255
G1 F2820
G1 X96.96 Y118.267 E.02606
G1 X100.54 Y118.267 E.10888
M106 S252
G1 X100.54 Y119.124 E.02606
G1 F3600
G1 X100.54 Y121.068 E.05912
G1 X100.54 Y121.65 E.0177
G1 X100.54 Y122.102 F18000
M204 P1500
;TYPE:Inner wall
;WIDTH:0.45
G1 F4867
G1 X104.148 Y122.102 E.11846
G1 X104.148 Y125.898 E.12463
G1 X97.352 Y125.898 E.22313
G1 X97.352 Y118.659 E.23769
G1 X100.148 Y118.659 E.0918
G1 X100.148 Y122.102 E.11306
G1 X100.48 Y122.102 E.0109
G1 X100.54 Y122.509 F18000
G1 F4867
G1 X103.741 Y122.509 E.10509
G1 X103.741 Y125.491 E.0979
G1 X97.759 Y125.491 E.1964
G1 X97.759 Y119.066 E.21096
G1 X99.741 Y119.066 E.06507
G1 X99.741 Y122.509 E.11306
G1 X100.48 Y122.509 E.02427
G1 X100.54 Y122.916 F18000
G1 F4867
G1 X103.334 Y122.916 E.09173
G1 X103.334 Y125.084 E.07117
G1 X98.166 Y125.084 E.16967
G1 X98.166 Y119.473 E.18423
G1 X99.334 Y119.473 E.03833
G1 X99.334 Y122.916 E.11306
G1 X100.48 Y122.916 E.03763
G1 X100.54 Y123.323 F18000
G1 F4867
G1 X102.927 Y123.323 E.07836
G1 X102.927 Y124.677 E.04444
G1 X98.573 Y124.677 E.14294
G1 X98.573 Y119.88 E.1575
G1 X98.927 Y119.88 E.0116
G1 X98.927 Y123.323 E.11306
G1 X100.48 Y123.323 E.051
G1 X102.487 Y123.763 F18000
M204 P2000
;TYPE:Internal solid infill
;WIDTH:0.516065
G1 F4867
G1 X99.013 Y123.763 E.13254
G1 X99.013 Y124.237 E.01806
G1 X102.487 Y124.237 E.13254
G1 X102.487 Y123.823 E.01577
G1 E-1.75 F6000
;WIPE_START
G1 X102.487 Y124.237 E-.30986
G1 X101.9 Y124.237 E-.44014
;WIPE_END
G1 X106.96 Y121.71 F18000
G1 E2.5 F6000
M204 P1000
;TYPE:Outer wall
;WIDTH:0.42
G1 F3600
G1 X116.29 Y121.71 E.28376
G1 X116.29 Y126.29 E.13929
G1 X106.96 Y126.29 E.28376
G1 X106.96 Y121.77 E.13747
G1 X107.352 Y122.102 F18000
M204 P1500
;TYPE:Inner wall
;WIDTH:0.45
G1 F4867
G1 X115.898 Y122.102 E.28059
G1 X115.898 Y125.898 E.12463
G1 X107.352 Y125.898 E.28059
G1 X107.352 Y122.162 E.12266
G1 X107.759 Y122.509 F18000
G1 F4867
G1 X115.491 Y122.509 E.25386
G1 X115.491 Y125.491 E.0979
G1 X107.759 Y125.491 E.25386
G1 X107.759 Y122.569 E.09593
G1 X108.166 Y122.916 F18000
G1 F4867
G1 X115.084 Y122.916 E.22713
G1 X115.084 Y125.084 E.07117
G1 X108.166 Y125.084 E.22713
G1 X108.166 Y122.976 E.0692
G1 X108.573 Y123.323 F18000
G1 F4867
G1 X114.677 Y123.323 E.20039
G1 X114.677 Y124.677 E.04444
G1 X108.573 Y124.677 E.20039
G1 X108.573 Y123.383 E.04247
G1 X109.013 Y123.763 F18000
M204 P2000
;TYPE:Internal solid infill
;WIDTH:0.516065
G1 F4867
G1 X109.013 Y124.237 E.01806
G1 X114.237 Y124.237 E.19932
G1 X114.237 Y123.763 E.01806
G1 X109.073 Y123.763 E.19704
; stop printing object SG9 Holder id:3152 copy 0
;LAYER_CHANGE
;Z:11.44
;HEIGHT:0.2
G92 E0 ; zero the extruded length again
; BEFORE_LAYER_CHANGE 56 @ 11.44mm
G1 E-1.75 F6000
;WIPE_START
G1 X110.073 Y123.763 E-.75
;WIPE_END
; AFTER_LAYER_CHANGE 56 @ 11.44mm
;_SET_FAN_SPEED_CHANGING_LAYER
; printing object SG9 Holder id:3152 copy 0
G1 X100.54 Y98.29 Z11.44 F18000
G1 E2.5 F6000
M204 P1000
;TYPE:Outer wall
;WIDTH:0.42
G1 F3600
G1 X100.54 Y98.833 E.01651
G1 X100.54 Y112.103 E.40359
M106 S255
G1 F2340
G1 X100.54 Y113.001 E.02731
G1 X99.643 Y113.001 E.02728
G1 X97.857 Y113.001 E.05432
G1 X96.96 Y113.001 E.02728
M106 S252
G1 X96.96 Y112.103 E.02731
G1 F3600
G1 X96.96 Y94.34 E.54024
G1 X96.96 Y93.71 E.01916
G1 X116.29 Y93.71 E.5879
G1 X116.29 Y98.29 E.13929
G1 X115.66 Y98.29 E.01916
G1 X101.182 Y98.29 E.44033
G1 X100.6 Y98.29 E.0177
G1 X100.148 Y97.898 F18000
M204 P1500
;TYPE:Inner wall
;WIDTH:0.45
G1 F4921
G1 X100.148 Y112.609 E.483
G1 X97.352 Y112.609 E.0918
G1 X97.352 Y94.102 E.60763
G1 X115.898 Y94.102 E.60892
G1 X115.898 Y97.898 E.12463
G1 X100.208 Y97.898 E.51515
G1 X99.741 Y97.491 F18000
G1 F4921
G1 X99.741 Y112.201 E.483
G1 X97.759 Y112.201 E.06507
G1 X97.759 Y94.509 E.5809
G1 X115.491 Y94.509 E.58219
G1 X115.491 Y97.491 E.0979
G1 X99.801 Y97.491 E.51515
G1 X99.334 Y97.084 F18000
G1 F4921
G1 X99.334 Y111.794 E.483
G1 X98.166 Y111.794 E.03833
G1 X98.166 Y94.916 E.55417
G1 X115.084 Y94.916 E.55546
G1 X115.084 Y97.084 E.07117
G1 X99.394 Y97.084 E.51515
G1 X98.927 Y96.677 F18000
G1 F4921
G1 X98.927 Y111.387 E.483
G1 X98.573 Y111.387 E.0116
G1 X98.573 Y95.323 E.52743
G1 X114.677 Y95.323 E.52873
G1 X114.677 Y96.677 E.04444
G1 X98.987 Y96.677 E.51515
G1 E-1.75 F6000
;WIPE_START
G1 X98.983 Y97.677 E-.75
;WIPE_END
G1 X100.641 Y96.328 F18000
G1 E2.5 F6000
M204 P2000
;TYPE:Sparse infill
G1 F4921
G1 X98.922 Y96.328 E.05646
G1 X98.922 Y96.18 E.00486
G3 X100.251 Y95.797 I2.17 J5.032 E.04555
G1 X100.688 Y96.043 E.01646
G1 X100.845 Y96.328 E.01069
G1 X105.676 Y96.328 E.15863
G3 X107.24 Y95.797 I2.094 J3.598 E.05457
G1 X107.676 Y96.043 E.01646
G1 X107.833 Y96.328 E.01069
G1 X112.665 Y96.328 E.15863
G3 X114.228 Y95.797 I2.094 J3.598 E.05457
G1 X114.328 Y95.854 E.00379
G1 X114.328 Y96.328 E.01558
G1 X113.425 Y96.328 E.02966
G1 E-1.83333 F6000
;WIPE_START
G1 F9000
G1 X114.328 Y96.328 E-.60215
G1 X114.328 Y96.232 E-.06452
;WIPE_END
G1 X100.54 Y121.71 F18000
G1 E2.5 F6000
M204 P1000
;TYPE:Outer wall
;WIDTH:0.42
G1 F3600
G1 X101.083 Y121.71 E.01651
G1 X103.91 Y121.71 E.08598
G1 X104.54 Y121.71 E.01916
G1 X104.54 Y126.29 E.13929
G1 X96.96 Y126.29 E.23054
G1 X96.96 Y125.66 E.01916
G1 X96.96 Y118.897 E.20569
M106 S255
G1 F2340
G1 X96.96 Y117.999 E.02731
G1 X97.857 Y117.999 E.02728
G1 X99.643 Y117.999 E.05432
G1 X100.54 Y117.999 E.02728
M106 S252
G1 X100.54 Y118.897 E.02731
G1 F3600
G1 X100.54 Y121.068 E.06603
G1 X100.54 Y121.65 E.0177
G1 X100.54 Y122.102 F18000
M204 P1500
;TYPE:Inner wall
;WIDTH:0.45
G1 F4921
G1 X104.148 Y122.102 E.11846
G1 X104.148 Y125.898 E.12463
G1 X97.352 Y125.898 E.22313
G1 X97.352 Y118.391 E.24646
G1 X100.148 Y118.391 E.0918
G1 X100.148 Y122.102 E.12183
G1 X100.48 Y122.102 E.0109
G1 X100.54 Y122.509 F18000
G1 F4921
G1 X103.741 Y122.509 E.10509
G1 X103.741 Y125.491 E.0979
G1 X97.759 Y125.491 E.1964
G1 X97.759 Y118.799 E.21973
G1 X99.741 Y118.799 E.06507
G1 X99.741 Y122.509 E.12183
G1 X100.48 Y122.509 E.02427
G1 X100.54 Y122.916 F18000
G1 F4921
G1 X103.334 Y122.916 E.09173
G1 X103.334 Y125.084 E.07117
G1 X98.166 Y125.084 E.16967
G1 X98.166 Y119.206 E.193
G1 X99.334 Y119.206 E.03833
G1 X99.334 Y122.916 E.12183
G1 X100.48 Y122.916 E.03763
G1 X100.54 Y123.323 F18000
G1 F4921
G1 X102.927 Y123.323 E.07836
G1 X102.927 Y124.677 E.04444
G1 X98.573 Y124.677 E.14294
G1 X98.573 Y119.613 E.16627
G1 X98.927 Y119.613 E.0116
G1 X98.927 Y123.323 E.12183
G1 X100.48 Y123.323 E.051
G1 X102.487 Y123.763 F18000
M204 P2000
;TYPE:Internal solid infill
;WIDTH:0.516065
G1 F4921
G1 X99.013 Y123.763 E.13254
G1 X99.013 Y124.237 E.01806
G1 X102.487 Y124.237 E.13254
G1 X102.487 Y123.823 E.01577
G1 E-1.75 F6000
;WIPE_START
G1 X102.487 Y124.237 E-.30986
G1 X101.9 Y124.237 E-.44014
;WIPE_END
G1 X106.96 Y121.71 F18000
G1 E2.5 F6000
M204 P1000
;TYPE:Outer wall
;WIDTH:0.42
G1 F3600
G1 X116.29 Y121.71 E.28376
G1 X116.29 Y126.29 E.13929
G1 X106.96 Y126.29 E.28376
G1 X106.96 Y121.77 E.13747
G1 X107.352 Y122.102 F18000
M204 P1500
;TYPE:Inner wall
;WIDTH:0.45
G1 F4921
G1 X115.898 Y122.102 E.28059
G1 X115.898 Y125.898 E.12463
G1 X107.352 Y125.898 E.28059
G1 X107.352 Y122.162 E.12266
G1 X107.759 Y122.509 F18000
G1 F4921
G1 X115.491 Y122.509 E.25386
G1 X115.491 Y125.491 E.0979
G1 X107.759 Y125.491 E.25386
G1 X107.759 Y122.569 E.09593
G1 X108.166 Y122.916 F18000
G1 F4921
G1 X115.084 Y122.916 E.22713
G1 X115.084 Y125.084 E.07117
G1 X108.166 Y125.084 E.22713
G1 X108.166 Y122.976 E.0692
G1 X108.573 Y123.323 F18000
G1 F4921
G1 X114.677 Y123.323 E.20039
G1 X114.677 Y124.677 E.04444
G1 X108.573 Y124.677 E.20039
G1 X108.573 Y123.383 E.04247
G1 X109.013 Y123.763 F18000
M204 P2000
;TYPE:Internal solid infill
;WIDTH:0.516065
G1 F4921
G1 X109.013 Y124.237 E.01806
G1 X114.237 Y124.237 E.19932
G1 X114.237 Y123.763 E.01806
G1 X109.073 Y123.763 E.19704
; stop printing object SG9 Holder id:3152 copy 0
;LAYER_CHANGE
;Z:11.64
;HEIGHT:0.200001
G92 E0 ; zero the extruded length again
; BEFORE_LAYER_CHANGE 57 @ 11.64mm
G1 E-1.75 F6000
;WIPE_START
G1 X110.073 Y123.763 E-.75
;WIPE_END
; AFTER_LAYER_CHANGE 57 @ 11.64mm
;_SET_FAN_SPEED_CHANGING_LAYER
; printing object SG9 Holder id:3152 copy 0
G1 X100.54 Y98.29 Z11.64 F18000
G1 E2.5 F6000
M204 P1000
;TYPE:Outer wall
;WIDTH:0.42
G1 F3600
G1 X100.54 Y98.833 E.01651
G1 X100.54 Y112.371 E.41174
M106 S255
G1 F3000
G1 X100.54 Y113.211 E.02555
G1 F1560
G1 X100.54 Y113.324 E.00344
G1 X99.586 Y113.324 E.02901
G1 X97.914 Y113.324 E.05085
G1 X96.96 Y113.324 E.02901
G1 X96.96 Y113.211 E.00344
M106 S252
G1 F3000
G1 X96.96 Y112.371 E.02555
G1 F3600
G1 X96.96 Y94.34 E.54839
G1 X96.96 Y93.71 E.01916
G1 X116.29 Y93.71 E.5879
G1 X116.29 Y98.29 E.13929
G1 X115.66 Y98.29 E.01916
G1 X101.182 Y98.29 E.44033
G1 X100.6 Y98.29 E.0177
G1 X100.148 Y97.898 F18000
M204 P1500
;TYPE:Inner wall
;WIDTH:0.45
G1 F5199
G1 X100.148 Y112.932 E.49363
G1 X97.352 Y112.932 E.0918
G1 X97.352 Y94.102 E.61826
G1 X115.898 Y94.102 E.60892
G1 X115.898 Y97.898 E.12463
G1 X100.208 Y97.898 E.51515
G1 X99.741 Y97.491 F18000
G1 F5199
G1 X99.741 Y112.525 E.49363
G1 X97.759 Y112.525 E.06507
G1 X97.759 Y94.509 E.59153
G1 X115.491 Y94.509 E.58219
G1 X115.491 Y97.491 E.0979
G1 X99.801 Y97.491 E.51515
G1 X99.334 Y97.084 F18000
G1 F5199
G1 X99.334 Y112.118 E.49363
G1 X98.166 Y112.118 E.03833
G1 X98.166 Y94.916 E.5648
G1 X115.084 Y94.916 E.55546
G1 X115.084 Y97.084 E.07117
G1 X99.394 Y97.084 E.51515
G1 X98.927 Y96.677 F18000
G1 F5199
G1 X98.927 Y111.711 E.49363
G1 X98.573 Y111.711 E.0116
G1 X98.573 Y95.323 E.53807
G1 X114.677 Y95.323 E.52873
G1 X114.677 Y96.677 E.04444
G1 X98.987 Y96.677 E.51515
G1 E-1.75 F6000
;WIPE_START
G1 X98.983 Y97.677 E-.75
;WIPE_END
G1 X108.345 Y95.672 F18000
G1 E2.5 F6000
M204 P2000
;TYPE:Sparse infill
G1 F5199
G1 X114.328 Y95.672 E.19644
G1 X114.328 Y96.232 E.01841
G1 X114.228 Y96.153 E.0042
G1 X113.791 Y96.067 E.01462
G1 X112.918 Y96.238 E.02923
G1 X112.734 Y96.328 E.00671
G1 X107.462 Y96.328 E.17311
G2 X106.803 Y96.067 I-.586 J.515 E.02417
G1 X105.929 Y96.238 E.02923
G1 X105.746 Y96.328 E.00671
G1 X100.474 Y96.328 E.17311
G2 X99.814 Y96.067 I-.586 J.515 E.02417
G1 X98.922 Y96.248 E.02991
G1 X98.922 Y95.672 E.01892
G1 X108.345 Y95.672 E.30942
G1 E-1.83333 F6000
;WIPE_START
G1 F9000
G1 X107.345 Y95.672 E-.66667
;WIPE_END
G1 X100.54 Y121.71 F18000
G1 E2.5 F6000
M204 P1000
;TYPE:Outer wall
;WIDTH:0.42
G1 F3600
G1 X101.083 Y121.71 E.01651
G1 X103.91 Y121.71 E.08598
G1 X104.54 Y121.71 E.01916
G1 X104.54 Y126.29 E.13929
G1 X96.96 Y126.29 E.23054
G1 X96.96 Y125.66 E.01916
G1 X96.96 Y118.629 E.21384
M106 S255
G1 F3000
G1 X96.96 Y117.789 E.02555
G1 F1620
G1 X96.96 Y117.676 E.00344
G1 X97.914 Y117.676 E.02901
G1 X99.586 Y117.676 E.05085
G1 X100.54 Y117.676 E.02901
G1 X100.54 Y117.789 E.00344
M106 S252
G1 F3000
G1 X100.54 Y118.629 E.02555
G1 F3600
G1 X100.54 Y121.068 E.07418
G1 X100.54 Y121.65 E.0177
G1 X100.54 Y122.102 F18000
M204 P1500
;TYPE:Inner wall
;WIDTH:0.45
G1 F5199
G1 X104.148 Y122.102 E.11846
G1 X104.148 Y125.898 E.12463
G1 X97.352 Y125.898 E.22313
G1 X97.352 Y118.068 E.25709
G1 X100.148 Y118.068 E.0918
G1 X100.148 Y122.102 E.13246
G1 X100.48 Y122.102 E.0109
G1 X100.54 Y122.509 F18000
G1 F5199
G1 X103.741 Y122.509 E.10509
G1 X103.741 Y125.491 E.0979
G1 X97.759 Y125.491 E.1964
G1 X97.759 Y118.475 E.23036
G1 X99.741 Y118.475 E.06507
G1 X99.741 Y122.509 E.13246
G1 X100.48 Y122.509 E.02427
G1 X100.54 Y122.916 F18000
G1 F5199
G1 X103.334 Y122.916 E.09173
G1 X103.334 Y125.084 E.07117
G1 X98.166 Y125.084 E.16967
G1 X98.166 Y118.882 E.20363
G1 X99.334 Y118.882 E.03833
G1 X99.334 Y122.916 E.13246
G1 X100.48 Y122.916 E.03763
G1 X100.54 Y123.323 F18000
G1 F5199
G1 X102.927 Y123.323 E.07836
G1 X102.927 Y124.677 E.04444
G1 X98.573 Y124.677 E.14294
G1 X98.573 Y119.289 E.1769
G1 X98.927 Y119.289 E.0116
G1 X98.927 Y123.323 E.13246
G1 X100.48 Y123.323 E.051
G1 X102.487 Y123.763 F18000
M204 P2000
;TYPE:Internal solid infill
;WIDTH:0.516065
G1 F5199
G1 X99.013 Y123.763 E.13254
G1 X99.013 Y124.237 E.01806
G1 X102.487 Y124.237 E.13254
G1 X102.487 Y123.823 E.01577
G1 E-1.75 F6000
;WIPE_START
G1 X102.487 Y124.237 E-.30986
G1 X101.9 Y124.237 E-.44014
;WIPE_END
G1 X106.96 Y121.71 F18000
G1 E2.5 F6000
M204 P1000
;TYPE:Outer wall
;WIDTH:0.42
G1 F3600
G1 X116.29 Y121.71 E.28376
G1 X116.29 Y126.29 E.13929
G1 X106.96 Y126.29 E.28376
G1 X106.96 Y121.77 E.13747
G1 X107.352 Y122.102 F18000
M204 P1500
;TYPE:Inner wall
;WIDTH:0.45
G1 F5199
G1 X115.898 Y122.102 E.28059
G1 X115.898 Y125.898 E.12463
G1 X107.352 Y125.898 E.28059
G1 X107.352 Y122.162 E.12266
G1 X107.759 Y122.509 F18000
G1 F5199
G1 X115.491 Y122.509 E.25386
G1 X115.491 Y125.491 E.0979
G1 X107.759 Y125.491 E.25386
G1 X107.759 Y122.569 E.09593
G1 X108.166 Y122.916 F18000
G1 F5199
G1 X115.084 Y122.916 E.22713
G1 X115.084 Y125.084 E.07117
G1 X108.166 Y125.084 E.22713
G1 X108.166 Y122.976 E.0692
G1 X108.573 Y123.323 F18000
G1 F5199
G1 X114.677 Y123.323 E.20039
G1 X114.677 Y124.677 E.04444
G1 X108.573 Y124.677 E.20039
G1 X108.573 Y123.383 E.04247
G1 X109.013 Y123.763 F18000
M204 P2000
;TYPE:Internal solid infill
;WIDTH:0.516065
G1 F5199
G1 X109.013 Y124.237 E.01806
G1 X114.237 Y124.237 E.19932
G1 X114.237 Y123.763 E.01806
G1 X109.073 Y123.763 E.19704
; stop printing object SG9 Holder id:3152 copy 0
;LAYER_CHANGE
;Z:11.84
;HEIGHT:0.2
G92 E0 ; zero the extruded length again
; BEFORE_LAYER_CHANGE 58 @ 11.84mm
G1 E-1.75 F6000
;WIPE_START
G1 X110.073 Y123.763 E-.75
;WIPE_END
; AFTER_LAYER_CHANGE 58 @ 11.84mm
;_SET_FAN_SPEED_CHANGING_LAYER
; printing object SG9 Holder id:3152 copy 0
G1 X100.54 Y98.29 Z11.84 F18000
G1 E2.5 F6000
M204 P1000
;TYPE:Outer wall
;WIDTH:0.42
G1 F3600
G1 X100.54 Y98.833 E.01651
G1 X100.54 Y112.694 E.42156
M106 S255
G1 F3000
G1 X100.54 Y113.534 E.02555
G1 F1560
G1 X100.54 Y113.734 E.00608
M204 P500
;TYPE:Overhang wall
;WIDTH:0.409292
G1 F1680
G1 X96.96 Y113.734 E.10579
M204 P1000
;TYPE:Outer wall
;WIDTH:0.42
G1 F1560
G1 X96.96 Y113.534 E.00608
M106 S252
G1 F3000
G1 X96.96 Y112.694 E.02555
G1 F3600
G1 X96.96 Y94.34 E.55821
G1 X96.96 Y93.71 E.01916
G1 X116.29 Y93.71 E.5879
G1 X116.29 Y98.29 E.13929
G1 X115.66 Y98.29 E.01916
G1 X101.182 Y98.29 E.44033
G1 X100.6 Y98.29 E.0177
G1 X100.148 Y97.898 F18000
M204 P1500
;TYPE:Inner wall
;WIDTH:0.45
G1 F5305
G1 X100.148 Y113.344 E.50715
G1 X97.352 Y113.344 E.0918
G1 X97.352 Y94.102 E.63178
G1 X115.898 Y94.102 E.60892
G1 X115.898 Y97.898 E.12463
G1 X100.208 Y97.898 E.51515
G1 X99.741 Y97.491 F18000
G1 F5305
G1 X99.741 Y112.937 E.50715
G1 X97.759 Y112.937 E.06507
G1 X97.759 Y94.509 E.60505
G1 X115.491 Y94.509 E.58219
G1 X115.491 Y97.491 E.0979
G1 X99.801 Y97.491 E.51515
G1 X99.334 Y97.084 F18000
G1 F5305
G1 X99.334 Y112.53 E.50715
G1 X98.166 Y112.53 E.03833
G1 X98.166 Y94.916 E.57832
G1 X115.084 Y94.916 E.55546
G1 X115.084 Y97.084 E.07117
G1 X99.394 Y97.084 E.51515
G1 X98.927 Y96.677 F18000
G1 F5305
G1 X98.927 Y112.123 E.50715
G1 X98.573 Y112.123 E.0116
G1 X98.573 Y95.323 E.55159
G1 X114.677 Y95.323 E.52873
G1 X114.677 Y96.677 E.04444
G1 X98.987 Y96.677 E.51515
G1 E-1.75 F6000
;WIPE_START
G1 X98.983 Y97.677 E-.75
;WIPE_END
G1 X108.301 Y95.672 F18000
G1 E2.5 F6000
M204 P2000
;TYPE:Sparse infill
G1 F5305
G1 X98.922 Y95.672 E.30796
G1 X98.922 Y96.292 E.02037
G3 X100.036 Y96.328 I.512 J1.411 E.03751
G1 X105.808 Y96.328 E.1895
G3 X107.024 Y96.328 I.608 J1.521 E.04093
G1 X112.796 Y96.328 E.1895
G3 X113.354 Y96.218 I.567 J1.405 E.01879
G2 X114.328 Y96.328 I2.592 J-18.553 E.03219
G1 X114.328 Y95.672 E.02157
G1 X108.301 Y95.672 E.1979
G1 E-1.83333 F6000
;WIPE_START
G1 F9000
G1 X109.301 Y95.672 E-.66667
;WIPE_END
G1 X100.54 Y121.71 F18000
G1 E2.5 F6000
M204 P1000
;TYPE:Outer wall
;WIDTH:0.42
G1 F3600
G1 X101.083 Y121.71 E.01651
G1 X103.91 Y121.71 E.08598
G1 X104.54 Y121.71 E.01916
G1 X104.54 Y126.29 E.13929
G1 X96.96 Y126.29 E.23054
G1 X96.96 Y125.66 E.01916
G1 X96.96 Y118.306 E.22366
M106 S255
G1 F3000
G1 X96.96 Y117.466 E.02555
G1 F1560
G1 X96.96 Y117.266 E.00608
M204 P500
;TYPE:Overhang wall
;WIDTH:0.409292
G1 F1680
G1 X100.54 Y117.266 E.10579
M204 P1000
;TYPE:Outer wall
;WIDTH:0.42
G1 F1560
G1 X100.54 Y117.466 E.00608
M106 S252
G1 F3000
G1 X100.54 Y118.306 E.02555
G1 F3600
G1 X100.54 Y121.068 E.084
G1 X100.54 Y121.65 E.0177
G1 X100.148 Y122.102 F18000
M204 P1500
;TYPE:Inner wall
;WIDTH:0.45
G1 F5305
G1 X104.148 Y122.102 E.13133
G1 X104.148 Y125.898 E.12463
G1 X97.352 Y125.898 E.22313
G1 X97.352 Y117.656 E.27062
G1 X100.148 Y117.656 E.0918
G1 X100.148 Y122.042 E.14402
G1 X99.741 Y122.509 F18000
G1 F5305
G1 X103.741 Y122.509 E.13133
G1 X103.741 Y125.491 E.0979
G1 X97.759 Y125.491 E.1964
G1 X97.759 Y118.063 E.24388
G1 X99.741 Y118.063 E.06507
G1 X99.741 Y122.449 E.14402
G1 X99.334 Y122.916 F18000
G1 F5305
G1 X103.334 Y122.916 E.13133
G1 X103.334 Y125.084 E.07117
G1 X98.166 Y125.084 E.16967
G1 X98.166 Y118.47 E.21715
G1 X99.334 Y118.47 E.03833
G1 X99.334 Y122.856 E.14402
G1 X98.927 Y123.323 F18000
G1 F5305
G1 X102.927 Y123.323 E.13133
G1 X102.927 Y124.677 E.04444
G1 X98.573 Y124.677 E.14294
G1 X98.573 Y118.877 E.19042
G1 X98.927 Y118.877 E.0116
G1 X98.927 Y123.263 E.14402
G1 X102.487 Y123.763 F18000
M204 P2000
;TYPE:Internal solid infill
;WIDTH:0.516065
G1 F5305
G1 X99.013 Y123.763 E.13254
G1 X99.013 Y124.237 E.01806
G1 X102.487 Y124.237 E.13254
G1 X102.487 Y123.823 E.01577
G1 E-1.75 F6000
;WIPE_START
G1 X102.487 Y124.237 E-.30986
G1 X101.9 Y124.237 E-.44014
;WIPE_END
G1 X106.96 Y121.71 F18000
G1 E2.5 F6000
M204 P1000
;TYPE:Outer wall
;WIDTH:0.42
G1 F3600
G1 X116.29 Y121.71 E.28376
G1 X116.29 Y126.29 E.13929
G1 X106.96 Y126.29 E.28376
G1 X106.96 Y121.77 E.13747
G1 X107.352 Y122.102 F18000
M204 P1500
;TYPE:Inner wall
;WIDTH:0.45
G1 F5305
G1 X115.898 Y122.102 E.28059
G1 X115.898 Y125.898 E.12463
G1 X107.352 Y125.898 E.28059
G1 X107.352 Y122.162 E.12266
G1 X107.759 Y122.509 F18000
G1 F5305
G1 X115.491 Y122.509 E.25386
G1 X115.491 Y125.491 E.0979
G1 X107.759 Y125.491 E.25386
G1 X107.759 Y122.569 E.09593
G1 X108.166 Y122.916 F18000
G1 F5305
G1 X115.084 Y122.916 E.22713
G1 X115.084 Y125.084 E.07117
G1 X108.166 Y125.084 E.22713
G1 X108.166 Y122.976 E.0692
G1 X108.573 Y123.323 F18000
G1 F5305
G1 X114.677 Y123.323 E.20039
G1 X114.677 Y124.677 E.04444
G1 X108.573 Y124.677 E.20039
G1 X108.573 Y123.383 E.04247
G1 X109.013 Y123.763 F18000
M204 P2000
;TYPE:Internal solid infill
;WIDTH:0.516065
G1 F5305
G1 X109.013 Y124.237 E.01806
G1 X114.237 Y124.237 E.19932
G1 X114.237 Y123.763 E.01806
G1 X109.073 Y123.763 E.19704
; stop printing object SG9 Holder id:3152 copy 0
;LAYER_CHANGE
;Z:12.04
;HEIGHT:0.2
G92 E0 ; zero the extruded length again
; BEFORE_LAYER_CHANGE 59 @ 12.04mm
G1 E-1.75 F6000
;WIPE_START
G1 X110.073 Y123.763 E-.75
;WIPE_END
; AFTER_LAYER_CHANGE 59 @ 12.04mm
;_SET_FAN_SPEED_CHANGING_LAYER
; printing object SG9 Holder id:3152 copy 0
G1 X100.54 Y98.29 Z12.04 F18000
G1 E2.5 F6000
M204 P1000
;TYPE:Outer wall
;WIDTH:0.42
G1 F3600
G1 X100.54 Y98.833 E.01651
G1 X100.54 Y113.106 E.43409
M106 S255
G1 F3000
G1 X100.54 Y113.946 E.02555
G1 F1560
G1 X100.54 Y114.146 E.00608
M204 P500
;TYPE:Overhang wall
;WIDTH:0.409292
G1 F1680
G1 X100.54 Y114.356 E.00621
G1 F1800
G1 X99.311 Y114.356 E.03632
G1 X98.189 Y114.356 E.03316
G1 X96.96 Y114.356 E.03632
G1 F1680
G1 X96.96 Y114.146 E.00621
M204 P1000
;TYPE:Outer wall
;WIDTH:0.42
G1 F1560
G1 X96.96 Y113.946 E.00608
M106 S252
G1 F3000
G1 X96.96 Y113.106 E.02555
G1 F3600
G1 X96.96 Y94.34 E.57074
G1 X96.96 Y93.71 E.01916
G1 X116.29 Y93.71 E.5879
G1 X116.29 Y98.29 E.13929
G1 X115.66 Y98.29 E.01916
G1 X101.182 Y98.29 E.44033
G1 X100.6 Y98.29 E.0177
G1 X100.148 Y97.898 F18000
M204 P1500
;TYPE:Inner wall
;WIDTH:0.45
G1 F5572
G1 X100.148 Y113.046 E.49736
M106 S255
G1 F2820
G1 X100.148 Y113.964 E.03014
G1 X97.352 Y113.964 E.0918
M106 S252
G1 X97.352 Y113.046 E.03014
G1 F5572
G1 X97.352 Y94.4 E.61221
G1 X97.352 Y94.102 E.00978
G1 X115.898 Y94.102 E.60893
G1 X115.898 Y97.898 E.12464
G1 X100.208 Y97.898 E.51516
G1 X99.741 Y97.491 F18000
G1 F5572
G1 X99.741 Y113.557 E.52751
G1 X97.759 Y113.557 E.06507
G1 X97.759 Y94.509 E.62541
G1 X115.491 Y94.509 E.58219
G1 X115.491 Y97.491 E.0979
G1 X99.801 Y97.491 E.51515
G1 X99.334 Y97.084 F18000
G1 F5572
G1 X99.334 Y113.15 E.52751
G1 X98.166 Y113.15 E.03833
G1 X98.166 Y94.916 E.59868
G1 X115.084 Y94.916 E.55546
G1 X115.084 Y97.084 E.07117
G1 X99.394 Y97.084 E.51515
G1 X98.927 Y96.677 F18000
G1 F5572
G1 X98.927 Y112.743 E.52751
G1 X98.573 Y112.743 E.0116
G1 X98.573 Y95.323 E.57194
G1 X114.677 Y95.323 E.52873
G1 X114.677 Y96.677 E.04444
G1 X98.987 Y96.677 E.51515
G1 E-1.75 F6000
;WIPE_START
G1 X98.983 Y97.677 E-.75
;WIPE_END
G1 X108.277 Y95.672 F18000
G1 E2.5 F6000
M204 P2000
;TYPE:Sparse infill
G1 F5572
G1 X114.328 Y95.672 E.19869
G1 X114.328 Y96.328 E.02157
G2 X112.844 Y96.328 I-.742 J24.472 E.04874
G1 X106.494 Y96.328 E.20851
G2 X105.856 Y96.328 I-.319 J2.376 E.021
G1 X99.505 Y96.328 E.20851
G2 X98.922 Y96.316 I-.353 J2.929 E.01919
G1 X98.922 Y95.672 E.02117
G1 X108.277 Y95.672 E.30717
G1 E-1.83333 F6000
;WIPE_START
G1 F9000
G1 X107.277 Y95.672 E-.66667
;WIPE_END
G1 X100.54 Y121.71 F18000
G1 E2.5 F6000
M204 P1000
;TYPE:Outer wall
;WIDTH:0.42
G1 F3600
G1 X101.083 Y121.71 E.01651
G1 X103.91 Y121.71 E.08598
G1 X104.54 Y121.71 E.01916
G1 X104.54 Y126.29 E.13929
G1 X96.96 Y126.29 E.23054
G1 X96.96 Y125.66 E.01916
G1 X96.96 Y117.894 E.23619
M106 S255
G1 F3000
G1 X96.96 Y117.054 E.02555
G1 F1560
G1 X96.96 Y116.854 E.00608
M204 P500
;TYPE:Overhang wall
;WIDTH:0.409292
G1 F1680
G1 X96.96 Y116.644 E.00621
G1 F1800
G1 X98.189 Y116.644 E.03632
G1 X99.311 Y116.644 E.03316
G1 X100.54 Y116.644 E.03632
G1 F1680
G1 X100.54 Y116.854 E.00621
M204 P1000
;TYPE:Outer wall
;WIDTH:0.42
G1 F1560
G1 X100.54 Y117.054 E.00608
M106 S252
G1 F3000
G1 X100.54 Y117.894 E.02555
G1 F3600
G1 X100.54 Y121.068 E.09653
G1 X100.54 Y121.65 E.0177
G1 X100.148 Y122.102 F18000
M204 P1500
;TYPE:Inner wall
;WIDTH:0.45
G1 F5572
G1 X104.148 Y122.102 E.13133
G1 X104.148 Y125.898 E.12464
G1 X97.352 Y125.898 E.22314
G1 X97.352 Y125.6 E.00978
G1 X97.352 Y117.954 E.25104
M106 S255
G1 F2820
G1 X97.352 Y117.036 E.03014
G1 X100.148 Y117.036 E.0918
M106 S252
G1 X100.148 Y117.954 E.03014
G1 F5572
G1 X100.148 Y122.042 E.13422
G1 X99.741 Y122.509 F18000
G1 F5572
G1 X103.741 Y122.509 E.13133
G1 X103.741 Y125.491 E.0979
G1 X97.759 Y125.491 E.1964
G1 X97.759 Y117.443 E.26424
G1 X99.741 Y117.443 E.06507
G1 X99.741 Y122.449 E.16437
G1 X99.334 Y122.916 F18000
G1 F5572
G1 X103.334 Y122.916 E.13133
G1 X103.334 Y125.084 E.07117
G1 X98.166 Y125.084 E.16967
G1 X98.166 Y117.85 E.23751
G1 X99.334 Y117.85 E.03833
G1 X99.334 Y122.856 E.16437
G1 X98.927 Y123.323 F18000
G1 F5572
G1 X102.927 Y123.323 E.13133
G1 X102.927 Y124.677 E.04444
G1 X98.573 Y124.677 E.14294
G1 X98.573 Y118.257 E.21078
G1 X98.927 Y118.257 E.0116
G1 X98.927 Y123.263 E.16437
G1 X102.487 Y123.763 F18000
M204 P2000
;TYPE:Internal solid infill
;WIDTH:0.516065
G1 F5572
G1 X99.013 Y123.763 E.13254
G1 X99.013 Y124.237 E.01806
G1 X102.487 Y124.237 E.13254
G1 X102.487 Y123.823 E.01577
G1 E-1.75 F6000
;WIPE_START
G1 X102.487 Y124.237 E-.30986
G1 X101.9 Y124.237 E-.44014
;WIPE_END
G1 X106.96 Y121.71 F18000
G1 E2.5 F6000
M204 P1000
;TYPE:Outer wall
;WIDTH:0.42
G1 F3600
G1 X116.29 Y121.71 E.28376
G1 X116.29 Y126.29 E.13929
G1 X106.96 Y126.29 E.28376
G1 X106.96 Y121.77 E.13747
G1 X107.352 Y122.102 F18000
M204 P1500
;TYPE:Inner wall
;WIDTH:0.45
G1 F5572
G1 X115.898 Y122.102 E.28059
G1 X115.898 Y125.898 E.12463
G1 X107.352 Y125.898 E.28059
G1 X107.352 Y122.162 E.12266
G1 X107.759 Y122.509 F18000
G1 F5572
G1 X115.491 Y122.509 E.25386
G1 X115.491 Y125.491 E.0979
G1 X107.759 Y125.491 E.25386
G1 X107.759 Y122.569 E.09593
G1 X108.166 Y122.916 F18000
G1 F5572
G1 X115.084 Y122.916 E.22713
G1 X115.084 Y125.084 E.07117
G1 X108.166 Y125.084 E.22713
G1 X108.166 Y122.976 E.0692
G1 X108.573 Y123.323 F18000
G1 F5572
G1 X114.677 Y123.323 E.20039
G1 X114.677 Y124.677 E.04444
G1 X108.573 Y124.677 E.20039
G1 X108.573 Y123.383 E.04247
G1 X109.013 Y123.763 F18000
M204 P2000
;TYPE:Internal solid infill
;WIDTH:0.516065
G1 F5572
G1 X109.013 Y124.237 E.01806
G1 X114.237 Y124.237 E.19932
G1 X114.237 Y123.763 E.01806
G1 X109.073 Y123.763 E.19704
; stop printing object SG9 Holder id:3152 copy 0
;LAYER_CHANGE
;Z:12.24
;HEIGHT:0.2
G92 E0 ; zero the extruded length again
; BEFORE_LAYER_CHANGE 60 @ 12.24mm
G1 E-1.75 F6000
;WIPE_START
G1 X110.073 Y123.763 E-.75
;WIPE_END
; AFTER_LAYER_CHANGE 60 @ 12.24mm
;_SET_FAN_SPEED_CHANGING_LAYER
; printing object SG9 Holder id:3152 copy 0
G1 X100.54 Y98.29 Z12.24 F18000
G1 E2.5 F6000
M204 P1000
;TYPE:Outer wall
;WIDTH:0.42
G1 F3600
G1 X100.54 Y98.833 E.01651
G1 X100.54 Y113.726 E.45295
M106 S255
G1 F3000
G1 X100.54 Y114.566 E.02555
G1 F1560
G1 X100.54 Y114.766 E.00608
M204 P500
;TYPE:Overhang wall
;WIDTH:0.409292
G1 F1680
G1 X100.54 Y116.234 E.04338
M204 P1000
;TYPE:Outer wall
;WIDTH:0.42
G1 F1560
G1 X100.54 Y116.434 E.00608
M106 S252
G1 F3000
G1 X100.54 Y117.274 E.02555
G1 F3600
G1 X100.54 Y121.167 E.1184
G1 X100.54 Y121.71 E.01651
G1 X101.083 Y121.71 E.01651
G1 X103.91 Y121.71 E.08598
G1 X104.54 Y121.71 E.01916
G1 X104.54 Y126.29 E.13929
G1 X96.96 Y126.29 E.23054
G1 X96.96 Y125.66 E.01916
G1 X96.96 Y117.274 E.25505
M106 S255
G1 F3000
G1 X96.96 Y116.434 E.02555
G1 F1560
G1 X96.96 Y116.234 E.00608
M204 P500
;TYPE:Overhang wall
;WIDTH:0.409292
G1 F1680
G1 X96.96 Y114.766 E.04338
M204 P1000
;TYPE:Outer wall
;WIDTH:0.42
G1 F1560
G1 X96.96 Y114.566 E.00608
M106 S252
G1 F3000
G1 X96.96 Y113.726 E.02555
G1 F3600
G1 X96.96 Y94.34 E.5896
G1 X96.96 Y93.71 E.01916
G1 X116.29 Y93.71 E.5879
G1 X116.29 Y98.29 E.13929
G1 X115.66 Y98.29 E.01916
G1 X101.182 Y98.29 E.44033
G1 X100.6 Y98.29 E.0177
G1 X100.148 Y97.898 F18000
M204 P1500
;TYPE:Inner wall
;WIDTH:0.45
G1 F5747
G1 X100.148 Y113.666 E.51772
M106 S255
G1 F3000
G1 X100.148 Y114.566 E.02955
G1 F1260
G1 X100.148 Y114.766 E.00657
M204 P500
;TYPE:Overhang wall
;WIDTH:0.409292
G1 F1680
G1 X100.148 Y116.234 E.04338
M204 P1500
;TYPE:Inner wall
;WIDTH:0.45
G1 F1260
G1 X100.148 Y116.434 E.00657
M106 S252
G1 F3000
G1 X100.148 Y117.334 E.02955
G1 F5747
G1 X100.148 Y122.102 E.15655
G1 X104.148 Y122.102 E.13133
G1 X104.148 Y125.898 E.12464
G1 X97.352 Y125.898 E.22314
G1 X97.352 Y125.6 E.00978
G1 X97.352 Y117.334 E.2714
M106 S255
G1 F3000
G1 X97.352 Y116.434 E.02955
G1 F1260
G1 X97.352 Y116.234 E.00657
M204 P500
;TYPE:Overhang wall
;WIDTH:0.409292
G1 F1680
G1 X97.352 Y114.766 E.04338
M204 P1500
;TYPE:Inner wall
;WIDTH:0.45
G1 F1260
G1 X97.352 Y114.566 E.00657
M106 S252
G1 F3000
G1 X97.352 Y113.666 E.02955
G1 F5747
G1 X97.352 Y94.4 E.63257
G1 X97.352 Y94.102 E.00978
G1 X115.898 Y94.102 E.60893
G1 X115.898 Y97.898 E.12464
G1 X100.208 Y97.898 E.51516
G1 X99.741 Y97.491 F18000
G1 F5747
G1 X99.741 Y113.666 E.53108
M106 S255
G1 F3000
G1 X99.741 Y114.566 E.02955
G1 F1260
G1 X99.741 Y114.766 E.00657
M204 P500
;TYPE:Overhang wall
;WIDTH:0.409292
G1 F1680
G1 X99.741 Y116.234 E.04338
M204 P1500
;TYPE:Inner wall
;WIDTH:0.45
G1 F1260
G1 X99.741 Y116.434 E.00657
M106 S252
G1 F3000
G1 X99.741 Y117.334 E.02955
G1 F5747
G1 X99.741 Y122.509 E.16991
G1 X103.741 Y122.509 E.13133
G1 X103.741 Y125.491 E.09791
G1 X97.759 Y125.491 E.19641
G1 X97.759 Y117.334 E.26782
M106 S255
G1 F3000
G1 X97.759 Y116.434 E.02955
G1 F1260
G1 X97.759 Y116.234 E.00657
M204 P500
;TYPE:Overhang wall
;WIDTH:0.409292
G1 F1680
G1 X97.759 Y114.766 E.04338
M204 P1500
;TYPE:Inner wall
;WIDTH:0.45
G1 F1260
G1 X97.759 Y114.566 E.00657
M106 S252
G1 F3000
G1 X97.759 Y113.666 E.02955
G1 F5747
G1 X97.759 Y94.509 E.62899
G1 X115.491 Y94.509 E.5822
G1 X115.491 Y97.491 E.09791
G1 X99.801 Y97.491 E.51516
G1 X99.334 Y97.084 F18000
G1 F5747
G1 X99.334 Y113.666 E.54444
M106 S255
G1 F3000
G1 X99.334 Y114.566 E.02955
G1 F1260
G1 X99.334 Y114.766 E.00657
M204 P500
;TYPE:Overhang wall
;WIDTH:0.409292
G1 F1680
G1 X99.334 Y116.234 E.04338
M204 P1500
;TYPE:Inner wall
;WIDTH:0.45
G1 F1260
G1 X99.334 Y116.434 E.00657
M106 S252
G1 F3000
G1 X99.334 Y117.334 E.02955
G1 F5747
G1 X99.334 Y122.916 E.18328
G1 X103.334 Y122.916 E.13133
G1 X103.334 Y125.084 E.07118
G1 X98.166 Y125.084 E.16968
G1 X98.166 Y117.334 E.25446
M106 S255
G1 F3000
G1 X98.166 Y116.434 E.02955
G1 F1260
G1 X98.166 Y116.234 E.00657
M204 P500
;TYPE:Overhang wall
;WIDTH:0.409292
G1 F1680
G1 X98.166 Y114.766 E.04338
M204 P1500
;TYPE:Inner wall
;WIDTH:0.45
G1 F1260
G1 X98.166 Y114.566 E.00657
M106 S252
G1 F3000
G1 X98.166 Y113.666 E.02955
G1 F5747
G1 X98.166 Y94.916 E.61563
G1 X115.084 Y94.916 E.55547
G1 X115.084 Y97.084 E.07118
G1 X99.394 Y97.084 E.51516
G1 X98.927 Y96.677 F18000
G1 F5747
G1 X98.927 Y113.666 E.55781
M106 S255
G1 F3000
G1 X98.927 Y114.566 E.02955
G1 F1260
G1 X98.927 Y114.766 E.00657
M204 P500
;TYPE:Overhang wall
;WIDTH:0.409292
G1 F1680
G1 X98.927 Y116.234 E.04338
M204 P1500
;TYPE:Inner wall
;WIDTH:0.45
G1 F1260
G1 X98.927 Y116.434 E.00657
M106 S252
G1 F3000
G1 X98.927 Y117.334 E.02955
G1 F5747
G1 X98.927 Y123.323 E.19664
G1 X102.927 Y123.323 E.13133
G1 X102.927 Y124.677 E.04446
G1 X98.573 Y124.677 E.14296
G1 X98.573 Y117.334 E.2411
M106 S255
G1 F3000
G1 X98.573 Y116.434 E.02955
G1 F1260
G1 X98.573 Y116.234 E.00657
M204 P500
;TYPE:Overhang wall
;WIDTH:0.409292
G1 F1680
G1 X98.573 Y114.766 E.04338
M204 P1500
;TYPE:Inner wall
;WIDTH:0.45
G1 F1260
G1 X98.573 Y114.566 E.00657
M106 S252
G1 F3000
G1 X98.573 Y113.666 E.02955
G1 F5747
G1 X98.573 Y95.323 E.60226
G1 X114.677 Y95.323 E.52875
G1 X114.677 Y96.677 E.04446
G1 X98.987 Y96.677 E.51516
G1 E-1.75 F6000
;WIPE_START
G1 X98.983 Y97.677 E-.75
;WIPE_END
G1 X102.487 Y123.763 F18000
G1 E2.5 F6000
M204 P2000
;TYPE:Internal solid infill
;WIDTH:0.516065
G1 F5747
G1 X99.013 Y123.763 E.13254
G1 X99.013 Y124.237 E.01806
G1 X102.487 Y124.237 E.13254
G1 X102.487 Y123.823 E.01577
G1 E-1.75 F6000
;WIPE_START
G1 X102.487 Y124.237 E-.30986
G1 X101.9 Y124.237 E-.44014
;WIPE_END
G1 X106.96 Y121.71 F18000
G1 E2.5 F6000
M204 P1000
;TYPE:Outer wall
;WIDTH:0.42
G1 F3600
G1 X116.29 Y121.71 E.28376
G1 X116.29 Y126.29 E.13929
G1 X106.96 Y126.29 E.28376
G1 X106.96 Y121.77 E.13747
G1 X107.352 Y122.102 F18000
M204 P1500
;TYPE:Inner wall
;WIDTH:0.45
G1 F5747
G1 X115.898 Y122.102 E.28059
G1 X115.898 Y125.898 E.12463
G1 X107.352 Y125.898 E.28059
G1 X107.352 Y122.162 E.12266
G1 X107.759 Y122.509 F18000
G1 F5747
G1 X115.491 Y122.509 E.25386
G1 X115.491 Y125.491 E.0979
G1 X107.759 Y125.491 E.25386
G1 X107.759 Y122.569 E.09593
G1 X108.166 Y122.916 F18000
G1 F5747
G1 X115.084 Y122.916 E.22713
G1 X115.084 Y125.084 E.07117
G1 X108.166 Y125.084 E.22713
G1 X108.166 Y122.976 E.0692
G1 X108.573 Y123.323 F18000
G1 F5747
G1 X114.677 Y123.323 E.20039
G1 X114.677 Y124.677 E.04444
G1 X108.573 Y124.677 E.20039
G1 X108.573 Y123.383 E.04247
G1 X109.013 Y123.763 F18000
M204 P2000
;TYPE:Internal solid infill
;WIDTH:0.516065
G1 F5747
G1 X109.013 Y124.237 E.01806
G1 X114.237 Y124.237 E.19932
G1 X114.237 Y123.763 E.01806
G1 X109.073 Y123.763 E.19704
; stop printing object SG9 Holder id:3152 copy 0
;LAYER_CHANGE
;Z:12.44
;HEIGHT:0.2
G92 E0 ; zero the extruded length again
; BEFORE_LAYER_CHANGE 61 @ 12.44mm
G1 E-1.75 F6000
;WIPE_START
G1 X110.073 Y123.763 E-.75
;WIPE_END
; AFTER_LAYER_CHANGE 61 @ 12.44mm
;_SET_FAN_SPEED_CHANGING_LAYER
; printing object SG9 Holder id:3152 copy 0
G1 X100.54 Y98.29 Z12.44 F18000
G1 E2.5 F6000
M204 P1000
;TYPE:Outer wall
;WIDTH:0.42
G1 F3600
G1 X100.54 Y121.71 E.71229
G1 X104.54 Y121.71 E.12165
G1 X104.54 Y126.29 E.13929
G1 X96.96 Y126.29 E.23054
G1 X96.96 Y93.71 E.99088
G1 X116.29 Y93.71 E.5879
G1 X116.29 Y98.29 E.13929
G1 X100.6 Y98.29 E.47719
G1 X100.148 Y97.898 F18000
M204 P1500
;TYPE:Inner wall
;WIDTH:0.45
G1 F5259
G1 X100.148 Y122.102 E.7947
G1 X104.148 Y122.102 E.13133
G1 X104.148 Y125.898 E.12463
G1 X97.352 Y125.898 E.22313
G1 X97.352 Y94.102 E1.04396
G1 X115.898 Y94.102 E.60892
G1 X115.898 Y97.898 E.12463
G1 X100.208 Y97.898 E.51515
G1 X99.741 Y97.491 F18000
G1 F5259
G1 X99.741 Y122.509 E.82143
G1 X103.741 Y122.509 E.13133
G1 X103.741 Y125.491 E.0979
G1 X97.759 Y125.491 E.1964
G1 X97.759 Y94.509 E1.01723
G1 X115.491 Y94.509 E.58219
G1 X115.491 Y97.491 E.0979
G1 X99.801 Y97.491 E.51515
G1 X99.334 Y97.084 F18000
G1 F5259
G1 X99.334 Y122.916 E.84817
G1 X103.334 Y122.916 E.13133
G1 X103.334 Y125.084 E.07117
G1 X98.166 Y125.084 E.16967
G1 X98.166 Y94.916 E.9905
G1 X115.084 Y94.916 E.55546
G1 X115.084 Y97.084 E.07117
G1 X99.394 Y97.084 E.51515
G1 X98.927 Y96.677 F18000
G1 F5259
G1 X98.927 Y123.323 E.8749
G1 X102.927 Y123.323 E.13133
G1 X102.927 Y124.677 E.04444
G1 X98.573 Y124.677 E.14294
G1 X98.573 Y95.323 E.96377
G1 X114.677 Y95.323 E.52873
G1 X114.677 Y96.677 E.04444
G1 X98.987 Y96.677 E.51515
G1 E-1.75 F6000
;WIPE_START
G1 X98.984 Y97.677 E-.75
;WIPE_END
G1 X101.872 Y95.672 F18000
G1 E2.5 F6000
M204 P2000
;TYPE:Sparse infill
G1 F5259
G1 X98.922 Y95.672 E.09687
G1 X98.922 Y96.328 E.02157
G1 X105.314 Y96.328 E.2099
G3 X106.006 Y96.328 I.346 J2.245 E.02281
G1 X112.303 Y96.328 E.20673
G3 X112.995 Y96.328 I.346 J2.245 E.02281
G1 X114.328 Y96.328 E.04379
G1 X114.328 Y95.672 E.02157
G1 X106.319 Y95.672 E.26298
G1 E-1.83333 F6000
;WIPE_START
G1 F9000
G1 X107.319 Y95.672 E-.66667
;WIPE_END
G1 X102.487 Y123.763 F18000
G1 E2.5 F6000
;TYPE:Internal solid infill
;WIDTH:0.516065
G1 F5259
G1 X99.013 Y123.763 E.13254
G1 X99.013 Y124.237 E.01806
G1 X102.487 Y124.237 E.13254
G1 X102.487 Y123.823 E.01577
G1 E-1.75 F6000
;WIPE_START
G1 X102.487 Y124.237 E-.30986
G1 X101.9 Y124.237 E-.44014
;WIPE_END
G1 X106.96 Y121.71 F18000
G1 E2.5 F6000
M204 P1000
;TYPE:Outer wall
;WIDTH:0.42
G1 F3600
G1 X116.29 Y121.71 E.28376
G1 X116.29 Y126.29 E.13929
G1 X106.96 Y126.29 E.28376
G1 X106.96 Y121.77 E.13747
G1 X107.352 Y122.102 F18000
M204 P1500
;TYPE:Inner wall
;WIDTH:0.45
G1 F5259
G1 X115.898 Y122.102 E.28059
G1 X115.898 Y125.898 E.12463
G1 X107.352 Y125.898 E.28059
G1 X107.352 Y122.162 E.12266
G1 X107.759 Y122.509 F18000
G1 F5259
G1 X115.491 Y122.509 E.25386
G1 X115.491 Y125.491 E.0979
G1 X107.759 Y125.491 E.25386
G1 X107.759 Y122.569 E.09593
G1 X108.166 Y122.916 F18000
G1 F5259
G1 X115.084 Y122.916 E.22713
G1 X115.084 Y125.084 E.07117
G1 X108.166 Y125.084 E.22713
G1 X108.166 Y122.976 E.0692
G1 X108.573 Y123.323 F18000
G1 F5259
G1 X114.677 Y123.323 E.20039
G1 X114.677 Y124.677 E.04444
G1 X108.573 Y124.677 E.20039
G1 X108.573 Y123.383 E.04247
G1 X109.013 Y123.763 F18000
M204 P2000
;TYPE:Internal solid infill
;WIDTH:0.516065
G1 F5259
G1 X109.013 Y124.237 E.01806
G1 X114.237 Y124.237 E.19932
G1 X114.237 Y123.763 E.01806
G1 X109.073 Y123.763 E.19704
; stop printing object SG9 Holder id:3152 copy 0
;LAYER_CHANGE
;Z:12.64
;HEIGHT:0.200001
G92 E0 ; zero the extruded length again
; BEFORE_LAYER_CHANGE 62 @ 12.64mm
G1 E-1.75 F6000
;WIPE_START
G1 X110.073 Y123.763 E-.75
;WIPE_END
; AFTER_LAYER_CHANGE 62 @ 12.64mm
;_SET_FAN_SPEED_CHANGING_LAYER
; printing object SG9 Holder id:3152 copy 0
G1 X100.54 Y98.29 Z12.64 F18000
G1 E2.5 F6000
M204 P1000
;TYPE:Outer wall
;WIDTH:0.42
G1 F3600
G1 X100.54 Y121.71 E.71229
G1 X104.54 Y121.71 E.12165
G1 X104.54 Y126.29 E.13929
G1 X96.96 Y126.29 E.23054
G1 X96.96 Y93.71 E.99088
G1 X116.29 Y93.71 E.5879
G1 X116.29 Y98.29 E.13929
G1 X100.6 Y98.29 E.47719
G1 X100.148 Y97.898 F18000
M204 P1500
;TYPE:Inner wall
;WIDTH:0.45
G1 F5266
G1 X100.148 Y122.102 E.7947
G1 X104.148 Y122.102 E.13133
G1 X104.148 Y125.898 E.12463
G1 X97.352 Y125.898 E.22313
G1 X97.352 Y94.102 E1.04396
G1 X115.898 Y94.102 E.60892
G1 X115.898 Y97.898 E.12463
G1 X100.208 Y97.898 E.51515
G1 X99.741 Y97.491 F18000
G1 F5266
G1 X99.741 Y122.509 E.82143
G1 X103.741 Y122.509 E.13133
G1 X103.741 Y125.491 E.0979
G1 X97.759 Y125.491 E.1964
G1 X97.759 Y94.509 E1.01723
G1 X115.491 Y94.509 E.58219
G1 X115.491 Y97.491 E.0979
G1 X99.801 Y97.491 E.51515
G1 X99.334 Y97.084 F18000
G1 F5266
G1 X99.334 Y122.916 E.84817
G1 X103.334 Y122.916 E.13133
G1 X103.334 Y125.084 E.07117
G1 X98.166 Y125.084 E.16967
G1 X98.166 Y94.916 E.9905
G1 X115.084 Y94.916 E.55546
G1 X115.084 Y97.084 E.07117
G1 X99.394 Y97.084 E.51515
G1 X98.927 Y96.677 F18000
G1 F5266
G1 X98.927 Y123.323 E.8749
G1 X102.927 Y123.323 E.13133
G1 X102.927 Y124.677 E.04444
G1 X98.573 Y124.677 E.14294
G1 X98.573 Y95.323 E.96377
G1 X114.677 Y95.323 E.52873
G1 X114.677 Y96.677 E.04444
G1 X98.987 Y96.677 E.51515
G1 E-1.75 F6000
;WIPE_START
G1 X98.984 Y97.677 E-.75
;WIPE_END
G1 X102.408 Y95.672 F18000
G1 E2.5 F6000
M204 P2000
;TYPE:Sparse infill
G1 F5266
G1 X98.922 Y95.672 E.11447
G1 X98.922 Y96.328 E.02157
G1 X104.778 Y96.328 E.19229
G3 X106.057 Y96.328 I.639 J1.537 E.04308
G1 X111.767 Y96.328 E.18748
G3 X113.045 Y96.328 I.639 J1.537 E.04308
G1 X114.328 Y96.328 E.04214
G1 X114.328 Y95.672 E.02157
G1 X106.269 Y95.672 E.26463
G1 E-1.83333 F6000
;WIPE_START
G1 F9000
G1 X107.269 Y95.672 E-.66667
;WIPE_END
G1 X102.487 Y123.763 F18000
G1 E2.5 F6000
;TYPE:Internal solid infill
;WIDTH:0.516065
G1 F5266
G1 X99.013 Y123.763 E.13254
G1 X99.013 Y124.237 E.01806
G1 X102.487 Y124.237 E.13254
G1 X102.487 Y123.823 E.01577
G1 E-1.75 F6000
;WIPE_START
G1 X102.487 Y124.237 E-.30986
G1 X101.9 Y124.237 E-.44014
;WIPE_END
G1 X106.96 Y121.71 F18000
G1 E2.5 F6000
M204 P1000
;TYPE:Outer wall
;WIDTH:0.42
G1 F3600
G1 X116.29 Y121.71 E.28376
G1 X116.29 Y126.29 E.13929
G1 X106.96 Y126.29 E.28376
G1 X106.96 Y121.77 E.13747
G1 X107.352 Y122.102 F18000
M204 P1500
;TYPE:Inner wall
;WIDTH:0.45
G1 F5266
G1 X115.898 Y122.102 E.28059
G1 X115.898 Y125.898 E.12463
G1 X107.352 Y125.898 E.28059
G1 X107.352 Y122.162 E.12266
G1 X107.759 Y122.509 F18000
G1 F5266
G1 X115.491 Y122.509 E.25386
G1 X115.491 Y125.491 E.0979
G1 X107.759 Y125.491 E.25386
G1 X107.759 Y122.569 E.09593
G1 X108.166 Y122.916 F18000
G1 F5266
G1 X115.084 Y122.916 E.22713
G1 X115.084 Y125.084 E.07117
G1 X108.166 Y125.084 E.22713
G1 X108.166 Y122.976 E.0692
G1 X108.573 Y123.323 F18000
G1 F5266
G1 X114.677 Y123.323 E.20039
G1 X114.677 Y124.677 E.04444
G1 X108.573 Y124.677 E.20039
G1 X108.573 Y123.383 E.04247
G1 X109.013 Y123.763 F18000
M204 P2000
;TYPE:Internal solid infill
;WIDTH:0.516065
G1 F5266
G1 X109.013 Y124.237 E.01806
G1 X114.237 Y124.237 E.19932
G1 X114.237 Y123.763 E.01806
G1 X109.073 Y123.763 E.19704
; stop printing object SG9 Holder id:3152 copy 0
;LAYER_CHANGE
;Z:12.84
;HEIGHT:0.2
G92 E0 ; zero the extruded length again
; BEFORE_LAYER_CHANGE 63 @ 12.84mm
G1 E-1.75 F6000
;WIPE_START
G1 X110.073 Y123.763 E-.75
;WIPE_END
; AFTER_LAYER_CHANGE 63 @ 12.84mm
;_SET_FAN_SPEED_CHANGING_LAYER
; printing object SG9 Holder id:3152 copy 0
G1 X100.54 Y98.29 Z12.84 F18000
G1 E2.5 F6000
M204 P1000
;TYPE:Outer wall
;WIDTH:0.42
G1 F3600
G1 X100.54 Y121.71 E.71229
G1 X104.54 Y121.71 E.12165
G1 X104.54 Y126.29 E.13929
G1 X96.96 Y126.29 E.23054
G1 X96.96 Y93.71 E.99088
G1 X116.29 Y93.71 E.5879
G1 X116.29 Y98.29 E.13929
G1 X100.6 Y98.29 E.47719
G1 X100.148 Y97.898 F18000
M204 P1500
;TYPE:Inner wall
;WIDTH:0.45
G1 F5274
G1 X100.148 Y122.102 E.7947
G1 X104.148 Y122.102 E.13133
G1 X104.148 Y125.898 E.12463
G1 X97.352 Y125.898 E.22313
G1 X97.352 Y94.102 E1.04396
G1 X115.898 Y94.102 E.60892
G1 X115.898 Y97.898 E.12463
G1 X100.208 Y97.898 E.51515
G1 X99.741 Y97.491 F18000
G1 F5274
G1 X99.741 Y122.509 E.82143
G1 X103.741 Y122.509 E.13133
G1 X103.741 Y125.491 E.0979
G1 X97.759 Y125.491 E.1964
G1 X97.759 Y94.509 E1.01723
G1 X115.491 Y94.509 E.58219
G1 X115.491 Y97.491 E.0979
G1 X99.801 Y97.491 E.51515
G1 X99.334 Y97.084 F18000
G1 F5274
G1 X99.334 Y122.916 E.84817
G1 X103.334 Y122.916 E.13133
G1 X103.334 Y125.084 E.07117
G1 X98.166 Y125.084 E.16967
G1 X98.166 Y94.916 E.9905
G1 X115.084 Y94.916 E.55546
G1 X115.084 Y97.084 E.07117
G1 X99.394 Y97.084 E.51515
G1 X98.927 Y96.677 F18000
G1 F5274
G1 X98.927 Y123.323 E.8749
G1 X102.927 Y123.323 E.13133
G1 X102.927 Y124.677 E.04444
G1 X98.573 Y124.677 E.14294
G1 X98.573 Y95.323 E.96377
G1 X114.677 Y95.323 E.52873
G1 X114.677 Y96.677 E.04444
G1 X98.987 Y96.677 E.51515
G1 E-1.75 F6000
;WIPE_START
G1 X98.984 Y97.677 E-.75
;WIPE_END
G1 X102.832 Y95.672 F18000
G1 E2.5 F6000
M204 P2000
;TYPE:Sparse infill
G1 F5274
G1 X98.922 Y95.672 E.1284
G1 X98.922 Y96.328 E.02157
G1 X104.354 Y96.328 E.17837
G3 X105.056 Y96.047 I.616 J.519 E.02584
G1 X105.929 Y96.232 E.02932
G1 X106.119 Y96.328 E.007
G1 X111.343 Y96.328 E.1715
G3 X112.044 Y96.047 I.616 J.519 E.02584
G1 X112.918 Y96.232 E.02932
G1 X113.108 Y96.328 E.007
G1 X114.328 Y96.328 E.04008
G1 X114.328 Y95.672 E.02157
G1 X106.206 Y95.672 E.26669
G1 E-1.83333 F6000
;WIPE_START
G1 F9000
G1 X107.206 Y95.672 E-.66667
;WIPE_END
G1 X102.487 Y123.763 F18000
G1 E2.5 F6000
;TYPE:Internal solid infill
;WIDTH:0.516065
G1 F5274
G1 X99.013 Y123.763 E.13254
G1 X99.013 Y124.237 E.01806
G1 X102.487 Y124.237 E.13254
G1 X102.487 Y123.823 E.01577
G1 E-1.75 F6000
;WIPE_START
G1 X102.487 Y124.237 E-.30986
G1 X101.9 Y124.237 E-.44014
;WIPE_END
G1 X106.96 Y121.71 F18000
G1 E2.5 F6000
M204 P1000
;TYPE:Outer wall
;WIDTH:0.42
G1 F3600
G1 X116.29 Y121.71 E.28376
G1 X116.29 Y126.29 E.13929
G1 X106.96 Y126.29 E.28376
G1 X106.96 Y121.77 E.13747
G1 X107.352 Y122.102 F18000
M204 P1500
;TYPE:Inner wall
;WIDTH:0.45
G1 F5274
G1 X115.898 Y122.102 E.28059
G1 X115.898 Y125.898 E.12463
G1 X107.352 Y125.898 E.28059
G1 X107.352 Y122.162 E.12266
G1 X107.759 Y122.509 F18000
G1 F5274
G1 X115.491 Y122.509 E.25386
G1 X115.491 Y125.491 E.0979
G1 X107.759 Y125.491 E.25386
G1 X107.759 Y122.569 E.09593
G1 X108.166 Y122.916 F18000
G1 F5274
G1 X115.084 Y122.916 E.22713
G1 X115.084 Y125.084 E.07117
G1 X108.166 Y125.084 E.22713
G1 X108.166 Y122.976 E.0692
G1 X108.573 Y123.323 F18000
G1 F5274
G1 X114.677 Y123.323 E.20039
G1 X114.677 Y124.677 E.04444
G1 X108.573 Y124.677 E.20039
G1 X108.573 Y123.383 E.04247
G1 X109.013 Y123.763 F18000
M204 P2000
;TYPE:Internal solid infill
;WIDTH:0.516065
G1 F5274
G1 X109.013 Y124.237 E.01806
G1 X114.237 Y124.237 E.19932
G1 X114.237 Y123.763 E.01806
G1 X109.073 Y123.763 E.19704
; stop printing object SG9 Holder id:3152 copy 0
;LAYER_CHANGE
;Z:13.04
;HEIGHT:0.2
G92 E0 ; zero the extruded length again
; BEFORE_LAYER_CHANGE 64 @ 13.04mm
G1 E-1.75 F6000
;WIPE_START
G1 X110.073 Y123.763 E-.75
;WIPE_END
; AFTER_LAYER_CHANGE 64 @ 13.04mm
;_SET_FAN_SPEED_CHANGING_LAYER
; printing object SG9 Holder id:3152 copy 0
G1 X100.54 Y98.29 Z13.04 F18000
G1 E2.5 F6000
M204 P1000
;TYPE:Outer wall
;WIDTH:0.42
G1 F3600
G1 X100.54 Y121.71 E.71229
G1 X104.54 Y121.71 E.12165
G1 X104.54 Y126.29 E.13929
G1 X96.96 Y126.29 E.23054
G1 X96.96 Y93.71 E.99088
G1 X116.29 Y93.71 E.5879
G1 X116.29 Y98.29 E.13929
G1 X100.6 Y98.29 E.47719
G1 X100.148 Y97.898 F18000
M204 P1500
;TYPE:Inner wall
;WIDTH:0.45
G1 F5237
G1 X100.148 Y122.102 E.7947
G1 X104.148 Y122.102 E.13133
G1 X104.148 Y125.898 E.12463
G1 X97.352 Y125.898 E.22313
G1 X97.352 Y94.102 E1.04396
G1 X115.898 Y94.102 E.60892
G1 X115.898 Y97.898 E.12463
G1 X100.208 Y97.898 E.51515
G1 X99.741 Y97.491 F18000
G1 F5237
G1 X99.741 Y122.509 E.82143
G1 X103.741 Y122.509 E.13133
G1 X103.741 Y125.491 E.0979
G1 X97.759 Y125.491 E.1964
G1 X97.759 Y94.509 E1.01723
G1 X115.491 Y94.509 E.58219
G1 X115.491 Y97.491 E.0979
G1 X99.801 Y97.491 E.51515
G1 X99.334 Y97.084 F18000
G1 F5237
G1 X99.334 Y122.916 E.84817
G1 X103.334 Y122.916 E.13133
G1 X103.334 Y125.084 E.07117
G1 X98.166 Y125.084 E.16967
G1 X98.166 Y94.916 E.9905
G1 X115.084 Y94.916 E.55546
G1 X115.084 Y97.084 E.07117
G1 X99.394 Y97.084 E.51515
G1 X98.927 Y96.677 F18000
G1 F5237
G1 X98.927 Y123.323 E.8749
G1 X102.927 Y123.323 E.13133
G1 X102.927 Y124.677 E.04444
G1 X98.573 Y124.677 E.14294
G1 X98.573 Y95.323 E.96377
G1 X114.677 Y95.323 E.52873
G1 X114.677 Y96.677 E.04444
G1 X98.987 Y96.677 E.51515
G1 E-1.75 F6000
;WIPE_START
G1 X98.984 Y97.677 E-.75
;WIPE_END
G1 X104.159 Y95.672 F18000
G1 E2.5 F6000
M204 P2000
;TYPE:Sparse infill
G1 F5237
G1 X98.922 Y95.672 E.17197
G1 X98.922 Y96.152 E.01578
G3 X99.201 Y96.328 I-.283 J.76 E.01093
G1 X103.994 Y96.328 E.15736
G1 X104.182 Y95.968 E.01336
G1 X104.619 Y95.751 E.01601
G3 X106.19 Y96.328 I-.767 J4.51 E.05526
G1 X110.982 Y96.328 E.15736
G1 X111.171 Y95.968 E.01336
G1 X111.607 Y95.751 E.01601
G3 X113.178 Y96.328 I-.767 J4.51 E.05526
G1 X114.328 Y96.328 E.03777
G1 X114.328 Y95.672 E.02157
G1 X112.56 Y95.672 E.05807
G1 E-1.83333 F6000
;WIPE_START
G1 F9000
G1 X113.56 Y95.672 E-.66667
;WIPE_END
G1 X102.487 Y123.763 F18000
G1 E2.5 F6000
;TYPE:Internal solid infill
;WIDTH:0.516065
G1 F5237
G1 X99.013 Y123.763 E.13254
G1 X99.013 Y124.237 E.01806
G1 X102.487 Y124.237 E.13254
G1 X102.487 Y123.823 E.01577
G1 E-1.75 F6000
;WIPE_START
G1 X102.487 Y124.237 E-.30986
G1 X101.9 Y124.237 E-.44014
;WIPE_END
G1 X106.96 Y121.71 F18000
G1 E2.5 F6000
M204 P1000
;TYPE:Outer wall
;WIDTH:0.42
G1 F3600
G1 X116.29 Y121.71 E.28376
G1 X116.29 Y126.29 E.13929
G1 X106.96 Y126.29 E.28376
G1 X106.96 Y121.77 E.13747
G1 X107.352 Y122.102 F18000
M204 P1500
;TYPE:Inner wall
;WIDTH:0.45
G1 F5237
G1 X115.898 Y122.102 E.28059
G1 X115.898 Y125.898 E.12463
G1 X107.352 Y125.898 E.28059
G1 X107.352 Y122.162 E.12266
G1 X107.759 Y122.509 F18000
G1 F5237
G1 X115.491 Y122.509 E.25386
G1 X115.491 Y125.491 E.0979
G1 X107.759 Y125.491 E.25386
G1 X107.759 Y122.569 E.09593
G1 X108.166 Y122.916 F18000
G1 F5237
G1 X115.084 Y122.916 E.22713
G1 X115.084 Y125.084 E.07117
G1 X108.166 Y125.084 E.22713
G1 X108.166 Y122.976 E.0692
G1 X108.573 Y123.323 F18000
G1 F5237
G1 X114.677 Y123.323 E.20039
G1 X114.677 Y124.677 E.04444
G1 X108.573 Y124.677 E.20039
G1 X108.573 Y123.383 E.04247
G1 X109.013 Y123.763 F18000
M204 P2000
;TYPE:Internal solid infill
;WIDTH:0.516065
G1 F5237
G1 X109.013 Y124.237 E.01806
G1 X114.237 Y124.237 E.19932
G1 X114.237 Y123.763 E.01806
G1 X109.073 Y123.763 E.19704
; stop printing object SG9 Holder id:3152 copy 0
;LAYER_CHANGE
;Z:13.24
;HEIGHT:0.2
G92 E0 ; zero the extruded length again
; BEFORE_LAYER_CHANGE 65 @ 13.24mm
G1 E-1.75 F6000
;WIPE_START
G1 X110.073 Y123.763 E-.75
;WIPE_END
; AFTER_LAYER_CHANGE 65 @ 13.24mm
;_SET_FAN_SPEED_CHANGING_LAYER
; printing object SG9 Holder id:3152 copy 0
G1 X100.54 Y98.29 Z13.24 F18000
G1 E2.5 F6000
M204 P1000
;TYPE:Outer wall
;WIDTH:0.42
G1 F3600
G1 X100.54 Y121.71 E.71229
G1 X104.54 Y121.71 E.12165
G1 X104.54 Y126.29 E.13929
G1 X96.96 Y126.29 E.23054
G1 X96.96 Y93.71 E.99088
G1 X116.29 Y93.71 E.5879
G1 X116.29 Y98.29 E.13929
G1 X100.6 Y98.29 E.47719
G1 X100.148 Y97.898 F18000
M204 P1500
;TYPE:Inner wall
;WIDTH:0.45
G1 F5337
G1 X100.148 Y122.102 E.7947
G1 X104.148 Y122.102 E.13133
G1 X104.148 Y125.898 E.12463
G1 X97.352 Y125.898 E.22313
G1 X97.352 Y94.102 E1.04396
G1 X115.898 Y94.102 E.60892
G1 X115.898 Y97.898 E.12463
G1 X100.208 Y97.898 E.51515
G1 X99.741 Y97.491 F18000
G1 F5337
G1 X99.741 Y122.509 E.82143
G1 X103.741 Y122.509 E.13133
G1 X103.741 Y125.491 E.0979
G1 X97.759 Y125.491 E.1964
G1 X97.759 Y94.509 E1.01723
G1 X115.491 Y94.509 E.58219
G1 X115.491 Y97.491 E.0979
G1 X99.801 Y97.491 E.51515
G1 X99.334 Y97.084 F18000
G1 F5337
G1 X99.334 Y122.916 E.84817
G1 X103.334 Y122.916 E.13133
G1 X103.334 Y125.084 E.07117
G1 X98.166 Y125.084 E.16967
G1 X98.166 Y94.916 E.9905
G1 X115.084 Y94.916 E.55546
G1 X115.084 Y97.084 E.07117
G1 X99.394 Y97.084 E.51515
G1 X98.927 Y96.677 F18000
G1 F5337
G1 X98.927 Y123.323 E.8749
G1 X102.927 Y123.323 E.13133
G1 X102.927 Y124.677 E.04444
G1 X98.573 Y124.677 E.14294
G1 X98.573 Y95.323 E.96377
G1 X114.677 Y95.323 E.52873
G1 X114.677 Y96.677 E.04444
G1 X98.987 Y96.677 E.51515
G1 E-1.75 F6000
;WIPE_START
G1 X98.984 Y97.677 E-.75
;WIPE_END
G1 X114.237 Y96.237 F18000
G1 E2.5 F6000
M204 P2000
;TYPE:Internal solid infill
;WIDTH:0.516065
G1 F5337
G1 X114.237 Y95.763 E.01806
G1 X99.013 Y95.763 E.58094
G1 X99.013 Y96.237 E.01806
G1 X114.177 Y96.237 E.57865
G1 E-1.75 F6000
;WIPE_START
G1 X113.177 Y96.237 E-.75
;WIPE_END
G1 X102.487 Y123.763 F18000
G1 E2.5 F6000
G1 F5337
G1 X99.013 Y123.763 E.13254
G1 X99.013 Y124.237 E.01806
G1 X102.487 Y124.237 E.13254
G1 X102.487 Y123.823 E.01577
G1 E-1.75 F6000
;WIPE_START
G1 X102.487 Y124.237 E-.30986
G1 X101.9 Y124.237 E-.44014
;WIPE_END
G1 X106.96 Y121.71 F18000
G1 E2.5 F6000
M204 P1000
;TYPE:Outer wall
;WIDTH:0.42
G1 F3600
G1 X116.29 Y121.71 E.28376
G1 X116.29 Y126.29 E.13929
G1 X106.96 Y126.29 E.28376
G1 X106.96 Y121.77 E.13747
G1 X107.352 Y122.102 F18000
M204 P1500
;TYPE:Inner wall
;WIDTH:0.45
G1 F5337
G1 X115.898 Y122.102 E.28059
G1 X115.898 Y125.898 E.12463
G1 X107.352 Y125.898 E.28059
G1 X107.352 Y122.162 E.12266
G1 X107.759 Y122.509 F18000
G1 F5337
G1 X115.491 Y122.509 E.25386
G1 X115.491 Y125.491 E.0979
G1 X107.759 Y125.491 E.25386
G1 X107.759 Y122.569 E.09593
G1 X108.166 Y122.916 F18000
G1 F5337
G1 X115.084 Y122.916 E.22713
G1 X115.084 Y125.084 E.07117
G1 X108.166 Y125.084 E.22713
G1 X108.166 Y122.976 E.0692
G1 X108.573 Y123.323 F18000
G1 F5337
G1 X114.677 Y123.323 E.20039
G1 X114.677 Y124.677 E.04444
G1 X108.573 Y124.677 E.20039
G1 X108.573 Y123.383 E.04247
G1 X109.013 Y123.763 F18000
M204 P2000
;TYPE:Internal solid infill
;WIDTH:0.516065
G1 F5337
G1 X109.013 Y124.237 E.01806
G1 X114.237 Y124.237 E.19932
G1 X114.237 Y123.763 E.01806
G1 X109.073 Y123.763 E.19704
; stop printing object SG9 Holder id:3152 copy 0
;LAYER_CHANGE
;Z:13.44
;HEIGHT:0.2
G92 E0 ; zero the extruded length again
; BEFORE_LAYER_CHANGE 66 @ 13.44mm
G1 E-1.75 F6000
;WIPE_START
G1 X110.073 Y123.763 E-.75
;WIPE_END
; AFTER_LAYER_CHANGE 66 @ 13.44mm
;_SET_FAN_SPEED_CHANGING_LAYER
; printing object SG9 Holder id:3152 copy 0
G1 X100.54 Y98.29 Z13.44 F18000
G1 E2.5 F6000
M204 P1000
;TYPE:Outer wall
;WIDTH:0.42
G1 F3600
G1 X100.54 Y121.71 E.71229
G1 X104.54 Y121.71 E.12165
G1 X104.54 Y126.29 E.13929
G1 X96.96 Y126.29 E.23054
G1 X96.96 Y93.71 E.99088
G1 X116.29 Y93.71 E.5879
G1 X116.29 Y98.29 E.13929
G1 X100.6 Y98.29 E.47719
G1 X100.148 Y97.898 F18000
M204 P1500
;TYPE:Inner wall
;WIDTH:0.45
G1 F5337
G1 X100.148 Y122.102 E.7947
G1 X104.148 Y122.102 E.13133
G1 X104.148 Y125.898 E.12463
G1 X97.352 Y125.898 E.22313
G1 X97.352 Y94.102 E1.04396
G1 X115.898 Y94.102 E.60892
G1 X115.898 Y97.898 E.12463
G1 X100.208 Y97.898 E.51515
G1 X99.741 Y97.491 F18000
G1 F5337
G1 X99.741 Y122.509 E.82143
G1 X103.741 Y122.509 E.13133
G1 X103.741 Y125.491 E.0979
G1 X97.759 Y125.491 E.1964
G1 X97.759 Y94.509 E1.01723
G1 X115.491 Y94.509 E.58219
G1 X115.491 Y97.491 E.0979
G1 X99.801 Y97.491 E.51515
G1 X99.334 Y97.084 F18000
G1 F5337
G1 X99.334 Y122.916 E.84817
G1 X103.334 Y122.916 E.13133
G1 X103.334 Y125.084 E.07117
G1 X98.166 Y125.084 E.16967
G1 X98.166 Y94.916 E.9905
G1 X115.084 Y94.916 E.55546
G1 X115.084 Y97.084 E.07117
G1 X99.394 Y97.084 E.51515
G1 X98.927 Y96.677 F18000
G1 F5337
G1 X98.927 Y123.323 E.8749
G1 X102.927 Y123.323 E.13133
G1 X102.927 Y124.677 E.04444
G1 X98.573 Y124.677 E.14294
G1 X98.573 Y95.323 E.96377
G1 X114.677 Y95.323 E.52873
G1 X114.677 Y96.677 E.04444
G1 X98.987 Y96.677 E.51515
G1 E-1.75 F6000
;WIPE_START
G1 X98.984 Y97.677 E-.75
;WIPE_END
G1 X114.237 Y96.237 F18000
G1 E2.5 F6000
M204 P2000
;TYPE:Internal solid infill
;WIDTH:0.516065
G1 F5337
G1 X114.237 Y95.763 E.01806
G1 X99.013 Y95.763 E.58094
G1 X99.013 Y96.237 E.01806
G1 X114.177 Y96.237 E.57865
G1 E-1.75 F6000
;WIPE_START
G1 X113.177 Y96.237 E-.75
;WIPE_END
G1 X102.487 Y123.763 F18000
G1 E2.5 F6000
G1 F5337
G1 X99.013 Y123.763 E.13254
G1 X99.013 Y124.237 E.01806
G1 X102.487 Y124.237 E.13254
G1 X102.487 Y123.823 E.01577
G1 E-1.75 F6000
;WIPE_START
G1 X102.487 Y124.237 E-.30986
G1 X101.9 Y124.237 E-.44014
;WIPE_END
G1 X106.96 Y121.71 F18000
G1 E2.5 F6000
M204 P1000
;TYPE:Outer wall
;WIDTH:0.42
G1 F3600
G1 X116.29 Y121.71 E.28376
G1 X116.29 Y126.29 E.13929
G1 X106.96 Y126.29 E.28376
G1 X106.96 Y121.77 E.13747
G1 X107.352 Y122.102 F18000
M204 P1500
;TYPE:Inner wall
;WIDTH:0.45
G1 F5337
G1 X115.898 Y122.102 E.28059
G1 X115.898 Y125.898 E.12463
G1 X107.352 Y125.898 E.28059
G1 X107.352 Y122.162 E.12266
G1 X107.759 Y122.509 F18000
G1 F5337
G1 X115.491 Y122.509 E.25386
G1 X115.491 Y125.491 E.0979
G1 X107.759 Y125.491 E.25386
G1 X107.759 Y122.569 E.09593
G1 X108.166 Y122.916 F18000
G1 F5337
G1 X115.084 Y122.916 E.22713
G1 X115.084 Y125.084 E.07117
G1 X108.166 Y125.084 E.22713
G1 X108.166 Y122.976 E.0692
G1 X108.573 Y123.323 F18000
G1 F5337
G1 X114.677 Y123.323 E.20039
G1 X114.677 Y124.677 E.04444
G1 X108.573 Y124.677 E.20039
G1 X108.573 Y123.383 E.04247
G1 X109.013 Y123.763 F18000
M204 P2000
;TYPE:Internal solid infill
;WIDTH:0.516065
G1 F5337
G1 X109.013 Y124.237 E.01806
G1 X114.237 Y124.237 E.19932
G1 X114.237 Y123.763 E.01806
G1 X109.073 Y123.763 E.19704
; stop printing object SG9 Holder id:3152 copy 0
;LAYER_CHANGE
;Z:13.64
;HEIGHT:0.200001
G92 E0 ; zero the extruded length again
; BEFORE_LAYER_CHANGE 67 @ 13.64mm
G1 E-1.75 F6000
;WIPE_START
G1 X110.073 Y123.763 E-.75
;WIPE_END
; AFTER_LAYER_CHANGE 67 @ 13.64mm
;_SET_FAN_SPEED_CHANGING_LAYER
; printing object SG9 Holder id:3152 copy 0
G1 X100.54 Y98.29 Z13.64 F18000
G1 E2.5 F6000
M204 P1000
;TYPE:Outer wall
;WIDTH:0.42
G1 F3600
G1 X100.54 Y121.71 E.71229
G1 X104.54 Y121.71 E.12165
G1 X104.54 Y126.29 E.13929
G1 X96.96 Y126.29 E.23054
G1 X96.96 Y93.71 E.99088
G1 X116.29 Y93.71 E.5879
G1 X116.29 Y98.29 E.13929
G1 X100.6 Y98.29 E.47719
G1 X100.148 Y97.898 F18000
M204 P1500
;TYPE:Inner wall
;WIDTH:0.45
G1 F5337
G1 X100.148 Y122.102 E.7947
G1 X104.148 Y122.102 E.13133
G1 X104.148 Y125.898 E.12463
G1 X97.352 Y125.898 E.22313
G1 X97.352 Y94.102 E1.04396
G1 X115.898 Y94.102 E.60892
G1 X115.898 Y97.898 E.12463
G1 X100.208 Y97.898 E.51515
G1 X99.741 Y97.491 F18000
G1 F5337
G1 X99.741 Y122.509 E.82143
G1 X103.741 Y122.509 E.13133
G1 X103.741 Y125.491 E.0979
G1 X97.759 Y125.491 E.1964
G1 X97.759 Y94.509 E1.01723
G1 X115.491 Y94.509 E.58219
G1 X115.491 Y97.491 E.0979
G1 X99.801 Y97.491 E.51515
G1 X99.334 Y97.084 F18000
G1 F5337
G1 X99.334 Y122.916 E.84817
G1 X103.334 Y122.916 E.13133
G1 X103.334 Y125.084 E.07117
G1 X98.166 Y125.084 E.16967
G1 X98.166 Y94.916 E.9905
G1 X115.084 Y94.916 E.55546
G1 X115.084 Y97.084 E.07117
G1 X99.394 Y97.084 E.51515
G1 X98.927 Y96.677 F18000
G1 F5337
G1 X98.927 Y123.323 E.8749
G1 X102.927 Y123.323 E.13133
G1 X102.927 Y124.677 E.04444
G1 X98.573 Y124.677 E.14294
G1 X98.573 Y95.323 E.96377
G1 X114.677 Y95.323 E.52873
G1 X114.677 Y96.677 E.04444
G1 X98.987 Y96.677 E.51515
G1 E-1.75 F6000
;WIPE_START
G1 X98.984 Y97.677 E-.75
;WIPE_END
G1 X114.237 Y96.237 F18000
G1 E2.5 F6000
M204 P2000
;TYPE:Internal solid infill
;WIDTH:0.516065
G1 F5337
G1 X114.237 Y95.763 E.01806
G1 X99.013 Y95.763 E.58094
G1 X99.013 Y96.237 E.01806
G1 X114.177 Y96.237 E.57865
G1 E-1.75 F6000
;WIPE_START
G1 X113.177 Y96.237 E-.75
;WIPE_END
G1 X102.487 Y123.763 F18000
G1 E2.5 F6000
G1 F5337
G1 X99.013 Y123.763 E.13254
G1 X99.013 Y124.237 E.01806
G1 X102.487 Y124.237 E.13254
G1 X102.487 Y123.823 E.01577
G1 E-1.75 F6000
;WIPE_START
G1 X102.487 Y124.237 E-.30986
G1 X101.9 Y124.237 E-.44014
;WIPE_END
G1 X106.96 Y121.71 F18000
G1 E2.5 F6000
M204 P1000
;TYPE:Outer wall
;WIDTH:0.42
G1 F3600
G1 X116.29 Y121.71 E.28376
G1 X116.29 Y126.29 E.13929
G1 X106.96 Y126.29 E.28376
G1 X106.96 Y121.77 E.13747
G1 X107.352 Y122.102 F18000
M204 P1500
;TYPE:Inner wall
;WIDTH:0.45
G1 F5337
G1 X115.898 Y122.102 E.28059
G1 X115.898 Y125.898 E.12463
G1 X107.352 Y125.898 E.28059
G1 X107.352 Y122.162 E.12266
G1 X107.759 Y122.509 F18000
G1 F5337
G1 X115.491 Y122.509 E.25386
G1 X115.491 Y125.491 E.0979
G1 X107.759 Y125.491 E.25386
G1 X107.759 Y122.569 E.09593
G1 X108.166 Y122.916 F18000
G1 F5337
G1 X115.084 Y122.916 E.22713
G1 X115.084 Y125.084 E.07117
G1 X108.166 Y125.084 E.22713
G1 X108.166 Y122.976 E.0692
G1 X108.573 Y123.323 F18000
G1 F5337
G1 X114.677 Y123.323 E.20039
G1 X114.677 Y124.677 E.04444
G1 X108.573 Y124.677 E.20039
G1 X108.573 Y123.383 E.04247
G1 X109.013 Y123.763 F18000
M204 P2000
;TYPE:Internal solid infill
;WIDTH:0.516065
G1 F5337
G1 X109.013 Y124.237 E.01806
G1 X114.237 Y124.237 E.19932
G1 X114.237 Y123.763 E.01806
G1 X109.073 Y123.763 E.19704
; stop printing object SG9 Holder id:3152 copy 0
;LAYER_CHANGE
;Z:13.84
;HEIGHT:0.2
G92 E0 ; zero the extruded length again
; BEFORE_LAYER_CHANGE 68 @ 13.84mm
G1 E-1.75 F6000
;WIPE_START
G1 X110.073 Y123.763 E-.75
;WIPE_END
; AFTER_LAYER_CHANGE 68 @ 13.84mm
;_SET_FAN_SPEED_CHANGING_LAYER
; printing object SG9 Holder id:3152 copy 0
G1 X100.54 Y98.29 Z13.84 F18000
G1 E2.5 F6000
M204 P1000
;TYPE:Outer wall
;WIDTH:0.42
G1 F3600
G1 X100.54 Y121.71 E.71229
G1 X104.54 Y121.71 E.12165
G1 X104.54 Y126.29 E.13929
G1 X96.96 Y126.29 E.23054
G1 X96.96 Y93.71 E.99088
G1 X116.29 Y93.71 E.5879
G1 X116.29 Y98.29 E.13929
G1 X100.6 Y98.29 E.47719
G1 X100.148 Y97.898 F18000
M204 P1500
;TYPE:Inner wall
;WIDTH:0.45
G1 F5337
G1 X100.148 Y122.102 E.7947
G1 X104.148 Y122.102 E.13133
G1 X104.148 Y125.898 E.12463
G1 X97.352 Y125.898 E.22313
G1 X97.352 Y94.102 E1.04396
G1 X115.898 Y94.102 E.60892
G1 X115.898 Y97.898 E.12463
G1 X100.208 Y97.898 E.51515
G1 X99.741 Y97.491 F18000
G1 F5337
G1 X99.741 Y122.509 E.82143
G1 X103.741 Y122.509 E.13133
G1 X103.741 Y125.491 E.0979
G1 X97.759 Y125.491 E.1964
G1 X97.759 Y94.509 E1.01723
G1 X115.491 Y94.509 E.58219
G1 X115.491 Y97.491 E.0979
G1 X99.801 Y97.491 E.51515
G1 X99.334 Y97.084 F18000
G1 F5337
G1 X99.334 Y122.916 E.84817
G1 X103.334 Y122.916 E.13133
G1 X103.334 Y125.084 E.07117
G1 X98.166 Y125.084 E.16967
G1 X98.166 Y94.916 E.9905
G1 X115.084 Y94.916 E.55546
G1 X115.084 Y97.084 E.07117
G1 X99.394 Y97.084 E.51515
G1 X98.927 Y96.677 F18000
G1 F5337
G1 X98.927 Y123.323 E.8749
G1 X102.927 Y123.323 E.13133
G1 X102.927 Y124.677 E.04444
G1 X98.573 Y124.677 E.14294
G1 X98.573 Y95.323 E.96377
G1 X114.677 Y95.323 E.52873
G1 X114.677 Y96.677 E.04444
G1 X98.987 Y96.677 E.51515
G1 E-1.75 F6000
;WIPE_START
G1 X98.984 Y97.677 E-.75
;WIPE_END
G1 X114.237 Y96.237 F18000
G1 E2.5 F6000
M204 P2000
;TYPE:Internal solid infill
;WIDTH:0.516065
G1 F5337
G1 X114.237 Y95.763 E.01806
G1 X99.013 Y95.763 E.58094
G1 X99.013 Y96.237 E.01806
G1 X114.177 Y96.237 E.57865
G1 E-1.75 F6000
;WIPE_START
G1 X113.177 Y96.237 E-.75
;WIPE_END
G1 X102.487 Y123.763 F18000
G1 E2.5 F6000
G1 F5337
G1 X99.013 Y123.763 E.13254
G1 X99.013 Y124.237 E.01806
G1 X102.487 Y124.237 E.13254
G1 X102.487 Y123.823 E.01577
G1 E-1.75 F6000
;WIPE_START
G1 X102.487 Y124.237 E-.30986
G1 X101.9 Y124.237 E-.44014
;WIPE_END
G1 X106.96 Y121.71 F18000
G1 E2.5 F6000
M204 P1000
;TYPE:Outer wall
;WIDTH:0.42
G1 F3600
G1 X116.29 Y121.71 E.28376
G1 X116.29 Y126.29 E.13929
G1 X106.96 Y126.29 E.28376
G1 X106.96 Y121.77 E.13747
G1 X107.352 Y122.102 F18000
M204 P1500
;TYPE:Inner wall
;WIDTH:0.45
G1 F5337
G1 X115.898 Y122.102 E.28059
G1 X115.898 Y125.898 E.12463
G1 X107.352 Y125.898 E.28059
G1 X107.352 Y122.162 E.12266
G1 X107.759 Y122.509 F18000
G1 F5337
G1 X115.491 Y122.509 E.25386
G1 X115.491 Y125.491 E.0979
G1 X107.759 Y125.491 E.25386
G1 X107.759 Y122.569 E.09593
G1 X108.166 Y122.916 F18000
G1 F5337
G1 X115.084 Y122.916 E.22713
G1 X115.084 Y125.084 E.07117
G1 X108.166 Y125.084 E.22713
G1 X108.166 Y122.976 E.0692
G1 X108.573 Y123.323 F18000
G1 F5337
G1 X114.677 Y123.323 E.20039
G1 X114.677 Y124.677 E.04444
G1 X108.573 Y124.677 E.20039
G1 X108.573 Y123.383 E.04247
G1 X109.013 Y123.763 F18000
M204 P2000
;TYPE:Internal solid infill
;WIDTH:0.516065
G1 F5337
G1 X109.013 Y124.237 E.01806
G1 X114.237 Y124.237 E.19932
G1 X114.237 Y123.763 E.01806
G1 X109.073 Y123.763 E.19704
; stop printing object SG9 Holder id:3152 copy 0
M106 S250
;LAYER_CHANGE
;Z:14.04
;HEIGHT:0.2
G92 E0 ; zero the extruded length again
; BEFORE_LAYER_CHANGE 69 @ 14.04mm
G1 E-1.75 F6000
;WIPE_START
G1 X110.073 Y123.763 E-.75
;WIPE_END
; AFTER_LAYER_CHANGE 69 @ 14.04mm
;_SET_FAN_SPEED_CHANGING_LAYER
; printing object SG9 Holder id:3152 copy 0
G1 X100.54 Y98.29 Z14.04 F18000
G1 E2.5 F6000
M204 P1000
;TYPE:Outer wall
;WIDTH:0.42
G1 F3600
G1 X100.54 Y121.71 E.71229
G1 X104.54 Y121.71 E.12165
G1 X104.54 Y126.29 E.13929
G1 X96.96 Y126.29 E.23054
G1 X96.96 Y93.71 E.99088
G1 X116.29 Y93.71 E.5879
G1 X116.29 Y98.29 E.13929
G1 X100.6 Y98.29 E.47719
G1 E-1.75 F6000
;WIPE_START
G1 F3600
G1 X100.597 Y99.29 E-.75
;WIPE_END
G1 X100.257 Y99.241 F18000
G1 E2.5 F6000
;TYPE:Top surface
G1 F3600
G1 X99.267 Y99.895 E.03609
G1 X98.414 Y100.582 E.03331
G1 X97.625 Y101.341 E.0333
G1 X97.243 Y101.778 E.01766
G1 X97.243 Y102.349 F18000
G1 F3600
G1 X97.978 Y101.517 E.03378
G1 X98.763 Y100.778 E.0328
G1 X99.611 Y100.111 E.0328
G1 X100.257 Y99.69 E.02344
G1 X100.257 Y100.14 F18000
G1 F3600
G1 X99.867 Y100.391 E.01411
G1 X99.031 Y101.045 E.03229
G1 X98.257 Y101.771 E.03228
G1 X97.552 Y102.565 E.03227
G1 X97.243 Y102.983 E.01582
G1 X97.243 Y103.626 F18000
G1 F3600
G1 X97.765 Y102.901 E.02718
G1 X98.45 Y102.114 E.03175
G1 X99.205 Y101.392 E.03176
G1 X100.024 Y100.743 E.03177
G1 X100.257 Y100.591 E.00849
G1 X100.257 Y101.05 F18000
G1 F3600
G1 X100.071 Y101.176 E.00684
G1 X99.28 Y101.831 E.03123
G1 X98.553 Y102.556 E.03123
G1 X97.898 Y103.346 E.03122
G1 X97.319 Y104.193 E.03121
G1 X97.243 Y104.331 E.0048
G1 X97.282 Y104.353 F18000
M204 P2000
;TYPE:Gap infill
;WIDTH:0.158384
G1 F6000
G1 X97.162 Y104.812 E.00441
G1 X97.16 Y105.665 F18000
;WIDTH:0.194924
G1 F6000
G1 X97.281 Y105.138 E.00662
G1 X97.243 Y105.12 F18000
M204 P1000
;TYPE:Top surface
;WIDTH:0.42
G1 F3600
G1 X97.418 Y104.77 E.01189
G1 X97.952 Y103.915 E.03066
G1 X98.565 Y103.114 E.03067
G1 X99.252 Y102.375 E.03068
G1 X100.006 Y101.705 E.03069
G1 X100.257 Y101.521 E.00946
G1 E-1.75 F6000
;WIPE_START
G1 F3600
G1 X100.006 Y101.705 E-.23327
G1 X99.491 Y102.163 E-.51673
;WIPE_END
G1 X100.257 Y102.997 F18000
G1 E2.5 F6000
G1 F3600
G1 X99.838 Y103.391 E.01751
G1 X99.212 Y104.111 E.029
G1 X98.663 Y104.889 E.02899
G1 X98.194 Y105.719 E.02898
G1 X97.812 Y106.591 E.02897
G1 X97.52 Y107.497 E.02896
G1 X97.32 Y108.428 E.02895
G1 X97.243 Y109.122 E.02123
G1 X97.291 Y109.127 F18000
M204 P2000
;TYPE:Gap infill
;WIDTH:0.295902
G1 F6000
G2 X97.283 Y110.727 I15.763 J.875 E.03265
G1 X97.243 Y110.73 F18000
M204 P1000
;TYPE:Top surface
;WIDTH:0.42
G1 F3600
G1 X97.292 Y111.272 E.01654
G1 X97.474 Y112.205 E.02891
G1 X97.749 Y113.115 E.0289
G1 X98.114 Y113.992 E.02889
G1 X98.566 Y114.827 E.02888
G1 X99.099 Y115.613 E.02887
G1 X99.709 Y116.34 E.02887
G1 X100.257 Y116.874 E.02328
G1 X100.257 Y116.357 F18000
G1 F3600
G1 X99.697 Y115.757 E.02497
G1 X99.135 Y115.016 E.02828
G1 X98.653 Y114.221 E.02829
G1 X98.255 Y113.38 E.0283
G1 X97.945 Y112.501 E.02831
G1 X97.728 Y111.596 E.02832
G1 X97.605 Y110.673 E.02833
G1 X97.577 Y109.741 E.02834
G1 X97.646 Y108.811 E.02835
G1 X97.809 Y107.893 E.02836
G1 X98.066 Y106.997 E.02837
G1 X98.415 Y106.131 E.02838
G1 X98.85 Y105.305 E.02839
G1 X99.368 Y104.528 E.0284
G1 X99.963 Y103.808 E.02841
G1 X100.257 Y103.519 E.01254
G1 X100.257 Y104.063 F18000
G1 F3600
G1 X99.94 Y104.41 E.01429
G1 X99.396 Y105.145 E.02781
G1 X98.932 Y105.932 E.0278
G1 X98.554 Y106.764 E.02779
G1 X98.265 Y107.631 E.02778
G1 X98.069 Y108.522 E.02777
G1 X97.967 Y109.429 E.02776
G1 X97.961 Y110.342 E.02775
G1 X98.051 Y111.249 E.02774
G1 X98.236 Y112.142 E.02773
G1 X98.514 Y113.01 E.02772
G1 X98.881 Y113.844 E.02771
G1 X99.334 Y114.634 E.0277
G1 X99.867 Y115.372 E.02769
G1 X100.257 Y115.806 E.01775
G1 X100.257 Y115.247 F18000
G1 F3600
G1 X99.686 Y114.484 E.02899
G1 X99.238 Y113.714 E.02709
G1 X98.876 Y112.9 E.0271
G1 X98.603 Y112.052 E.02711
G1 X98.422 Y111.179 E.02712
G1 X98.336 Y110.291 E.02713
G1 X98.347 Y109.399 E.02714
G1 X98.453 Y108.512 E.02715
G1 X98.653 Y107.642 E.02716
G1 X98.946 Y106.798 E.02717
G1 X99.328 Y105.99 E.02718
G1 X99.795 Y105.227 E.02719
G1 X100.257 Y104.627 E.02304
G1 X100.257 Y105.248 F18000
G1 F3600
G1 X100.031 Y105.552 E.01151
G1 X99.589 Y106.305 E.02657
G1 X99.232 Y107.102 E.02656
G1 X98.965 Y107.933 E.02655
G1 X98.79 Y108.788 E.02653
G1 X98.711 Y109.656 E.02652
G1 X98.728 Y110.528 E.02651
G1 X98.84 Y111.392 E.0265
G1 X99.047 Y112.238 E.02649
G1 X99.345 Y113.056 E.02648
G1 X99.732 Y113.835 E.02647
G1 X100.257 Y114.636 E.02912
G1 X100.257 Y113.958 F18000
G1 F3600
G1 X99.96 Y113.466 E.01748
G1 X99.605 Y112.695 E.02583
G1 X99.339 Y111.887 E.02584
G1 X99.166 Y111.055 E.02585
G1 X99.088 Y110.208 E.02587
G1 X99.106 Y109.358 E.02588
G1 X99.219 Y108.514 E.02589
G1 X99.427 Y107.688 E.0259
G1 X99.726 Y106.891 E.02591
G1 X100.114 Y106.131 E.02592
G1 X100.257 Y105.915 E.0079
G1 E-1.75 F6000
;WIPE_START
G1 F3600
G1 X100.114 Y106.131 E-.19484
G1 X99.777 Y106.791 E-.55516
;WIPE_END
G1 X100.332 Y108.048 F18000
G1 E2.5 F6000
M204 P2000
;TYPE:Gap infill
;WIDTH:0.117978
G1 X100.316 Y108.152 E.00064
;WIDTH:0.132881
G1 X100.299 Y108.255 E.00076
;WIDTH:0.167268
G1 X100.28 Y108.449 E.00195
;WIDTH:0.20623
G1 X100.26 Y108.643 E.00256
;WIDTH:0.245193
G1 X100.241 Y108.836 E.00317
;WIDTH:0.284155
G1 X100.221 Y109.03 E.00379
;WIDTH:0.309392
G1 X100.21 Y109.307 E.00596
G1 X100.257 Y109.311 F18000
M204 P1000
;TYPE:Top surface
;WIDTH:0.42
G1 F3600
G1 X100.217 Y109.741 E.01313
G1 X100.257 Y110.63 E.02704
G1 X100.21 Y110.637 F18000
M204 P2000
;TYPE:Gap infill
;WIDTH:0.261357
G1 F6000
G1 X100.237 Y110.985 E.00616
;WIDTH:0.23921
G1 X100.264 Y111.334 E.00553
;WIDTH:0.195582
G1 X100.287 Y111.496 E.00202
;WIDTH:0.152617
G1 X100.309 Y111.659 E.00145
;WIDTH:0.109652
G1 X100.332 Y111.821 E.00088
G1 E-2.33599
;WIPE_START
G1 X100.309 Y111.659 E-.16401
;WIPE_END
G1 X100.312 Y112.88 F18000
G1 E2.5 F6000
;WIDTH:0.234279
G1 X100.214 Y112.29 E.00923
G1 X100.257 Y112.272 F18000
M204 P1000
;TYPE:Top surface
;WIDTH:0.42
G1 F3600
G1 X99.995 Y111.393 E.02792
G1 X99.869 Y110.596 E.02453
G1 X99.839 Y109.79 E.02454
G1 X99.905 Y108.985 E.02456
G1 X100.066 Y108.193 E.02457
G1 X100.257 Y107.614 E.01855
G1 X100.212 Y107.599 F18000
M204 P2000
;TYPE:Gap infill
;WIDTH:0.254125
G1 F6000
G1 X100.251 Y107.391 E.0036
;WIDTH:0.206394
G1 X100.289 Y107.183 E.00279
;WIDTH:0.182529
G1 X100.327 Y106.975 E.00238
G1 X100.257 Y106.679 F18000
M204 P1000
;TYPE:Top surface
;WIDTH:0.42
G1 F3600
G1 X100.091 Y106.998 E.01092
G1 X99.795 Y107.774 E.02526
G1 X99.591 Y108.578 E.02525
G1 X99.481 Y109.401 E.02523
G1 X99.466 Y110.23 E.02522
G1 X99.548 Y111.055 E.02521
G1 X99.724 Y111.864 E.0252
G1 X99.992 Y112.648 E.02519
G1 X100.257 Y113.202 E.01867
G1 E-1.75 F6000
;WIPE_START
G1 F3600
G1 X99.992 Y112.648 E-.46043
G1 X99.867 Y112.283 E-.28957
;WIPE_END
G1 X97.169 Y111.732 F18000
G1 E2.5 F6000
M204 P2000
;TYPE:Gap infill
;WIDTH:0.136917
G1 X97.194 Y111.996 E.00201
;WIDTH:0.161291
G1 X97.22 Y112.259 E.00253
;WIDTH:0.203582
G1 X97.244 Y112.423 E.00214
;WIDTH:0.238263
G1 X97.267 Y112.579 E.00249
;WIDTH:0.272164
G1 X97.29 Y112.735 E.00292
G1 X97.243 Y112.748 F18000
M204 P1000
;TYPE:Top surface
;WIDTH:0.42
G1 F3600
G1 X97.329 Y113.056 E.00972
G1 X97.683 Y113.958 E.02947
G1 X98.123 Y114.82 E.02946
G1 X98.647 Y115.635 E.02945
G1 X99.249 Y116.393 E.02944
G1 X99.922 Y117.088 E.02943
G1 X100.257 Y117.371 E.01333
G1 X100.257 Y117.868 F18000
G1 F3600
G1 X99.613 Y117.315 E.02582
G1 X98.931 Y116.602 E.03
G1 X98.321 Y115.827 E.03001
G1 X97.789 Y114.996 E.03001
G1 X97.341 Y114.116 E.03002
G1 X97.243 Y113.868 E.00812
G1 X97.288 Y113.85 F18000
M204 P2000
;TYPE:Gap infill
;WIDTH:0.253988
G1 F6000
G1 X97.258 Y113.69 E.00278
;WIDTH:0.206612
G1 X97.228 Y113.529 E.00215
;WIDTH:0.159235
G1 X97.197 Y113.369 E.00153
;WIDTH:0.135547
G1 X97.167 Y113.209 E.00122
G1 E-2.33681
;WIPE_START
G1 X97.197 Y113.369 E-.16319
;WIPE_END
G1 X97.243 Y114.757 F18000
G1 E2.5 F6000
M204 P1000
;TYPE:Top surface
;WIDTH:0.42
G1 F3600
G1 X97.557 Y115.345 E.02026
G1 X98.112 Y116.182 E.03057
G1 X98.745 Y116.962 E.03056
G1 X99.45 Y117.678 E.03055
G1 X100.257 Y118.35 E.03194
G1 X100.257 Y118.818 F18000
G1 F3600
G1 X99.429 Y118.166 E.03207
G1 X98.691 Y117.459 E.03109
G1 X98.022 Y116.686 E.0311
G1 X97.428 Y115.853 E.03111
G1 X97.243 Y115.533 E.01124
G1 X97.161 Y115.81 F18000
M204 P2000
;TYPE:Gap infill
;WIDTH:0.173642
G1 F6000
G1 X97.28 Y116.215 E.00445
G1 X97.243 Y116.239 F18000
M204 P1000
;TYPE:Top surface
;WIDTH:0.42
G1 F3600
G1 X97.411 Y116.5 E.00945
G1 X98.054 Y117.318 E.03163
G1 X98.769 Y118.073 E.03163
G1 X99.55 Y118.759 E.03162
G1 X100.257 Y119.272 E.02656
G1 X100.257 Y119.717 F18000
G1 F3600
G1 X99.817 Y119.432 E.01596
G1 X98.985 Y118.78 E.03214
G1 X98.217 Y118.054 E.03215
G1 X97.517 Y117.262 E.03215
G1 X97.243 Y116.889 E.01408
G1 X97.279 Y116.863 F18000
M204 P2000
;TYPE:Gap infill
;WIDTH:0.162506
G1 F6000
G1 X97.162 Y116.496 E.00371
G1 E-2.11552
;WIPE_START
G1 X97.279 Y116.863 E-.38448
;WIPE_END
G1 X97.243 Y117.508 F18000
G1 E2.5 F6000
M204 P1000
;TYPE:Top surface
;WIDTH:0.42
G1 F3600
G1 X97.753 Y118.113 E.02405
G1 X98.516 Y118.868 E.03267
G1 X99.343 Y119.553 E.03266
G1 X100.257 Y120.176 E.03365
G1 X100.257 Y120.605 F18000
G1 F3600
G1 X99.844 Y120.363 E.01455
G1 X98.956 Y119.731 E.03316
G1 X98.127 Y119.023 E.03317
G1 X97.363 Y118.244 E.03318
G1 X97.243 Y118.099 E.00574
G1 X97.149 Y118.288 F18000
M204 P2000
;TYPE:Gap infill
;WIDTH:0.125782
G1 F6000
G1 X97.277 Y118.624 E.00241
G1 X97.243 Y118.658 F18000
M204 P1000
;TYPE:Top surface
;WIDTH:0.42
G1 F3600
G1 X97.805 Y119.237 E.02455
G1 X98.641 Y119.963 E.03367
G1 X99.537 Y120.612 E.03366
G1 X100.257 Y121.045 E.02555
G1 X100.257 Y121.487 F18000
G1 F3600
G1 X99.293 Y120.903 E.03428
G1 X98.386 Y120.241 E.03416
G1 X97.538 Y119.504 E.03416
G1 X97.243 Y119.2 E.0129
G1 E-1.75 F6000
;WIPE_START
G1 F3600
G1 X97.538 Y119.504 E-.31816
G1 X97.973 Y119.882 E-.43184
;WIPE_END
G1 X102.756 Y121.918 F18000
G1 E2.5 F6000
M204 P2000
;TYPE:Gap infill
;WIDTH:0.129453
G1 X102.931 Y121.943 E.00124
;WIDTH:0.150095
G1 X103.107 Y121.968 E.00154
;WIDTH:0.191378
G1 X103.283 Y121.992 E.00213
;WIDTH:0.232661
G1 X103.459 Y122.017 E.00272
;WIDTH:0.273943
G1 X103.635 Y122.042 E.00331
G1 X103.648 Y121.993 F18000
M204 P1000
;TYPE:Top surface
;WIDTH:0.42
G1 F3600
G2 X104.257 Y122.12 I1.027 J-3.382 E.01895
G1 X104.325 Y121.899 F18000
M204 P2000
;TYPE:Gap infill
;WIDTH:0.160216
G1 F6000
G1 X104.303 Y122.272 E.00353
;WIDTH:0.131721
G1 X104.322 Y122.325 E.00041
G1 X104.291 Y122.644 E.0023
G1 X104.305 Y122.66 E.00015
;WIDTH:0.131263
G1 X104.323 Y122.712 E.00039
G1 X104.291 Y123.03 E.00228
G1 X104.305 Y123.048 E.00017
;WIDTH:0.130958
G1 X104.323 Y123.099 E.00038
G1 X104.291 Y123.415 E.00226
G1 X104.305 Y123.434 E.00017
;WIDTH:0.115794
G1 X104.323 Y123.484 E.00032
G1 X104.307 Y123.642 E.00093
;WIDTH:0.148019
G1 X104.291 Y123.799 E.00134
;WIDTH:0.163376
G1 X104.292 Y123.8 E.00001
;WIDTH:0.134007
G1 X104.316 Y123.863 E.0005
G1 X104.296 Y124.186 E.00238
G1 X104.316 Y124.244 E.00045
G1 X104.296 Y124.567 E.00238
G1 X104.315 Y124.625 E.00044
G1 X104.296 Y124.948 E.00238
G1 X104.315 Y125.005 E.00044
G1 X104.296 Y125.327 E.00237
G1 X104.315 Y125.384 E.00044
G1 X104.296 Y125.705 E.00236
G1 X104.316 Y125.763 E.00045
G1 X104.295 Y126.101 E.00249
G1 X104.257 Y125.945 F18000
M204 P1000
;TYPE:Top surface
;WIDTH:0.42
G1 F3600
G1 X103.955 Y125.908 E.00925
G1 X102.736 Y125.659 E.03784
G1 X101.54 Y125.317 E.03785
G1 X100.373 Y124.884 E.03786
G1 X99.242 Y124.362 E.03786
G1 X98.156 Y123.755 E.03787
G1 X97.243 Y123.148 E.03334
G1 X97.274 Y123.101 F18000
M204 P2000
;TYPE:Gap infill
;WIDTH:0.109614
G1 F6000
G1 X97.149 Y122.854 E.00149
G1 X97.243 Y122.685 F18000
M204 P1000
;TYPE:Top surface
;WIDTH:0.42
G1 F3600
G1 X98.338 Y123.424 E.04018
G1 X99.412 Y124.025 E.03742
G1 X100.529 Y124.541 E.03742
G1 X101.682 Y124.967 E.03741
G1 X102.866 Y125.303 E.03741
G1 X104.071 Y125.544 E.0374
G1 X104.257 Y125.567 E.00569
G1 X104.257 Y125.188 F18000
G1 F3600
G1 X102.951 Y124.935 E.04046
G1 X101.782 Y124.603 E.03696
G1 X100.643 Y124.18 E.03696
G1 X99.541 Y123.668 E.03697
G1 X98.482 Y123.07 E.03697
G1 X97.474 Y122.391 E.03698
G1 X97.243 Y122.208 E.00897
G1 X97.243 Y121.727 F18000
G1 F3600
G1 X97.61 Y122.023 E.01436
G1 X98.602 Y122.701 E.03652
G1 X99.644 Y123.297 E.03652
G1 X100.73 Y123.808 E.03651
G1 X101.854 Y124.23 E.03651
G1 X103.008 Y124.561 E.0365
G1 X104.257 Y124.808 E.03874
G1 X104.257 Y124.427 F18000
G1 F3600
G1 X103.05 Y124.183 E.03744
G1 X101.913 Y123.852 E.03604
G1 X100.805 Y123.43 E.03604
G1 X99.736 Y122.919 E.03605
G1 X98.711 Y122.324 E.03606
G1 X97.737 Y121.647 E.03606
G1 X97.243 Y121.241 E.01945
G1 X97.243 Y120.749 F18000
G1 F3600
G1 X97.866 Y121.271 E.02472
G1 X98.821 Y121.947 E.0356
G1 X99.829 Y122.542 E.03559
G1 X100.882 Y123.052 E.03558
G1 X101.973 Y123.474 E.03558
G1 X103.094 Y123.805 E.03557
G1 X104.257 Y124.046 E.03611
G1 X104.257 Y123.663 F18000
G1 F3600
G1 X103.155 Y123.432 E.03427
G1 X102.049 Y123.102 E.0351
G1 X100.974 Y122.681 E.0351
G1 X99.938 Y122.172 E.03511
G1 X98.947 Y121.579 E.03512
G1 X98.009 Y120.905 E.03512
G1 X97.243 Y120.252 E.03063
G1 X97.279 Y120.209 F18000
M204 P2000
;TYPE:Gap infill
;WIDTH:0.0935604
G1 F6000
G1 X97.149 Y119.916 E.00131
G1 X97.243 Y119.738 F18000
M204 P1000
;TYPE:Top surface
;WIDTH:0.42
G1 F3600
G1 X98.179 Y120.559 E.03785
G1 X99.101 Y121.228 E.03464
G1 X100.075 Y121.817 E.03464
G1 X100.257 Y121.907 E.00618
G1 X100.43 Y121.993 F18000
G1 F3600
G1 X101.096 Y122.322 E.02258
G1 X102.155 Y122.739 E.03462
G1 X103.245 Y123.066 E.03462
G1 X104.257 Y123.278 E.03145
G1 X104.257 Y122.891 F18000
G1 F3600
G1 X103.381 Y122.711 E.02721
G1 X102.305 Y122.392 E.03413
G1 X101.286 Y121.993 E.03328
G1 X101.66 Y121.917 F18000
M204 P2000
;TYPE:Gap infill
;WIDTH:0.136158
G1 F6000
G1 X101.822 Y121.948 E.00124
;WIDTH:0.160151
G1 X101.984 Y121.978 E.00156
;WIDTH:0.208139
G1 X102.146 Y122.009 E.0022
;WIDTH:0.256126
G1 X102.308 Y122.04 E.00284
G1 X102.326 Y121.993 F18000
M204 P1000
;TYPE:Top surface
;WIDTH:0.42
G1 F3600
G1 X102.512 Y122.064 E.00607
G1 X103.575 Y122.371 E.03364
G1 X104.257 Y122.504 E.02114
G1 E-1.75 F6000
;WIPE_START
G1 F3600
G1 X103.575 Y122.371 E-.52131
G1 X103.282 Y122.286 E-.22869
;WIPE_END
G1 X103.76 Y126.081 F18000
G1 E2.5 F6000
M204 P2000
;TYPE:Gap infill
;WIDTH:0.108877
G1 X103.526 Y126.057 E.00125
;WIDTH:0.150279
G1 X103.291 Y126.034 E.00204
;WIDTH:0.19168
G1 X103.056 Y126.01 E.00283
;WIDTH:0.233081
G1 X102.822 Y125.986 E.00362
;WIDTH:0.253782
G1 X102.587 Y125.963 E.00401
G1 X102.578 Y126.007 F18000
M204 P1000
;TYPE:Top surface
;WIDTH:0.42
G1 F3600
G1 X101.339 Y125.648 E.03924
G1 X100.16 Y125.204 E.0383
G1 X99.019 Y124.672 E.0383
G1 X97.922 Y124.054 E.03831
G1 X97.243 Y123.6 E.02483
G1 X97.243 Y124.055 F18000
G1 F3600
G1 X97.622 Y124.312 E.01395
G1 X98.728 Y124.945 E.03874
G1 X99.877 Y125.493 E.03874
G1 X101.065 Y125.953 E.03873
G1 X101.243 Y126.007 E.00566
G1 X101.256 Y125.964 F18000
M204 P2000
;TYPE:Gap infill
;WIDTH:0.234939
G1 F6000
G1 X101.463 Y125.993 E.00324
;WIDTH:0.210478
G1 X101.67 Y126.023 E.00282
;WIDTH:0.161555
G1 X101.877 Y126.052 E.002
;WIDTH:0.112632
G1 X102.083 Y126.082 E.00117
G1 E-2.29105
;WIPE_START
G1 X101.877 Y126.052 E-.20895
;WIPE_END
G1 X100.827 Y126.083 F18000
G1 E2.5 F6000
;WIDTH:0.111819
G1 X100.665 Y126.053 E.00091
;WIDTH:0.159117
G1 X100.504 Y126.023 E.00154
;WIDTH:0.206415
G1 X100.342 Y125.992 E.00217
;WIDTH:0.230064
G1 X100.181 Y125.962 E.00248
G1 X100.162 Y126.007 F18000
M204 P1000
;TYPE:Top surface
;WIDTH:0.42
G1 F3600
G1 X99.51 Y125.744 E.0214
G1 X98.355 Y125.174 E.03917
G1 X97.243 Y124.518 E.03928
G1 X97.243 Y124.95 F18000
G1 F3600
G1 X97.889 Y125.347 E.02305
G1 X99.19 Y126.007 E.0444
G1 X99.209 Y125.965 F18000
M204 P2000
;TYPE:Gap infill
;WIDTH:0.237034
G1 F6000
G1 X99.393 Y126.004 E.00296
;WIDTH:0.212225
G1 X99.528 Y126.031 E.00188
;WIDTH:0.16261
G1 X99.663 Y126.057 E.00133
;WIDTH:0.112994
G1 X99.798 Y126.083 E.00078
G1 E-2.36257
;WIPE_START
G1 X99.663 Y126.057 E-.13743
;WIPE_END
G1 X98.329 Y126.007 F18000
G1 E2.5 F6000
M204 P1000
;TYPE:Top surface
;WIDTH:0.42
G1 F3600
G1 X97.243 Y125.403 E.03781
G1 X97.149 Y125.57 F18000
M204 P2000
;TYPE:Gap infill
;WIDTH:0.135716
G1 F6000
G1 X97.27 Y125.785 E.00185
G1 X97.243 Y125.832 F18000
M204 P1000
;TYPE:Top surface
;WIDTH:0.42
G1 F3600
G1 X97.54 Y126.007 E.01049
G1 E-1.92493 F6000
;WIPE_START
G1 F3600
G1 X97.243 Y125.832 E-.57507
;WIPE_END
G1 X97.169 Y108.137 F18000
G1 E2.5 F6000
M204 P2000
;TYPE:Gap infill
;WIDTH:0.136341
G1 X97.194 Y107.902 E.00178
;WIDTH:0.160426
G1 X97.219 Y107.668 E.00223
;WIDTH:0.208597
G1 X97.243 Y107.433 E.00315
;WIDTH:0.24719
G1 X97.267 Y107.28 E.00255
;WIDTH:0.273851
G1 X97.29 Y107.137 E.0027
G1 X97.243 Y107.122 F18000
M204 P1000
;TYPE:Top surface
;WIDTH:0.42
G1 F3600
G1 X97.482 Y106.399 E.02315
G1 X97.877 Y105.511 E.02954
G1 X98.357 Y104.667 E.02955
G1 X98.919 Y103.874 E.02956
G1 X99.556 Y103.14 E.02957
G1 X100.257 Y102.478 E.02933
G1 X100.257 Y102.002 F18000
G1 F3600
G1 X99.83 Y102.35 E.01675
G1 X99.126 Y103.047 E.03013
G1 X98.493 Y103.809 E.03013
G1 X97.937 Y104.628 E.03012
G1 X97.463 Y105.497 E.03011
G1 X97.243 Y106.015 E.0171
G1 X97.281 Y106.031 F18000
M204 P2000
;TYPE:Gap infill
;WIDTH:0.204403
G1 F6000
G1 X97.229 Y106.31 E.0037
;WIDTH:0.183813
G1 X97.208 Y106.436 E.00145
;WIDTH:0.145556
G1 X97.188 Y106.562 E.00106
;WIDTH:0.126427
G1 X97.168 Y106.688 E.00086
G1 E-2.37227
;WIPE_START
G1 X97.188 Y106.562 E-.12773
;WIPE_END
G1 X98.89 Y93.993 F18000
G1 E2.5 F6000
M204 P1000
;TYPE:Top surface
;WIDTH:0.42
G1 F3600
G1 X98.261 Y94.301 E.0213
G1 X97.243 Y94.898 E.03589
G1 X97.243 Y94.46 F18000
G1 F3600
G1 X98.045 Y93.993 E.02823
G1 X98.138 Y94.153 F18000
M204 P2000
;TYPE:Gap infill
;WIDTH:0.132265
G1 F6000
G1 X98.211 Y93.899 E.00191
G1 X97.292 Y93.993 F18000
M204 P1000
;TYPE:Top surface
;WIDTH:0.42
G1 F3600
G1 X97.243 Y94.021 E.00172
G1 E-2.40595 F6000
;WIPE_START
G1 F3600
G1 X97.292 Y93.993 E-.09405
;WIPE_END
G1 X97.243 Y95.346 F18000
G1 E2.5 F6000
G1 F3600
G1 X98.509 Y94.596 E.04476
G1 X99.773 Y93.993 E.0426
G1 X99.841 Y94.164 F18000
M204 P2000
;TYPE:Gap infill
;WIDTH:0.242119
G1 F6000
G1 X99.905 Y94.013 E.00263
G1 X100.035 Y93.989 E.00213
;WIDTH:0.203279
G1 X100.165 Y93.965 E.00171
;WIDTH:0.157236
G1 X100.296 Y93.941 E.00122
;WIDTH:0.111192
G1 X100.426 Y93.917 E.00073
G1 E-2.36745
;WIPE_START
G1 X100.296 Y93.941 E-.13255
;WIPE_END
G1 X101.52 Y93.917 F18000
G1 E2.5 F6000
;WIDTH:0.112357
G1 X101.346 Y93.948 E.00099
;WIDTH:0.160731
G1 X101.173 Y93.978 E.00167
;WIDTH:0.209104
G1 X100.999 Y94.008 E.00236
;WIDTH:0.233291
G1 X100.826 Y94.039 E.00271
G1 X100.808 Y93.993 F18000
M204 P1000
;TYPE:Top surface
;WIDTH:0.42
G1 F3600
G1 X100.007 Y94.299 E.02607
G1 X98.85 Y94.843 E.03889
G1 X97.738 Y95.473 E.03889
G1 X97.243 Y95.804 E.01812
G1 X97.243 Y96.252 F18000
G1 F3600
G1 X98.162 Y95.657 E.03329
G1 X99.272 Y95.052 E.03845
G1 X100.425 Y94.533 E.03846
G1 X101.615 Y94.103 E.03846
G1 X102.013 Y93.993 E.01257
G1 X102.024 Y94.034 F18000
M204 P2000
;TYPE:Gap infill
;WIDTH:0.235061
G1 F6000
G1 X102.258 Y94.005 E.00364
;WIDTH:0.210579
G1 X102.491 Y93.976 E.00318
;WIDTH:0.161616
G1 X102.724 Y93.947 E.00225
;WIDTH:0.112653
G1 X102.957 Y93.918 E.00132
G1 E-2.26503
;WIPE_START
G1 X102.724 Y93.947 E-.23497
;WIPE_END
G1 X105.373 Y93.92 F18000
G1 E2.5 F6000
;WIDTH:0.0980171
G1 X105.042 Y93.931 E.00147
;WIDTH:0.129819
G1 X104.731 Y93.953 E.00218
;WIDTH:0.173557
G1 X104.42 Y93.975 E.00328
;WIDTH:0.217294
G1 X104.109 Y93.997 E.00438
;WIDTH:0.261682
G1 X103.789 Y94.019 E.00566
;WIDTH:0.28454
G1 X103.618 Y94.038 E.00336
G1 X103.61 Y93.993 F18000
M204 P1000
;TYPE:Top surface
;WIDTH:0.42
G1 F3600
G1 X103.311 Y94.044 E.00923
G1 X102.098 Y94.35 E.03803
G1 X100.913 Y94.747 E.03803
G1 X99.761 Y95.235 E.03802
G1 X98.651 Y95.809 E.03802
G1 X97.588 Y96.467 E.03801
G1 X97.243 Y96.719 E.013
G1 X97.243 Y97.178 F18000
G1 F3600
G1 X98.127 Y96.564 E.03273
G1 X99.194 Y95.941 E.03757
G1 X100.305 Y95.402 E.03758
G1 X101.456 Y94.951 E.03758
G1 X102.638 Y94.591 E.03759
G1 X103.845 Y94.324 E.03759
G1 X105.069 Y94.15 E.0376
G1 X106.303 Y94.073 E.0376
G1 X107.539 Y94.091 E.03761
G1 X108.771 Y94.205 E.03762
G1 X109.99 Y94.415 E.03762
G1 X111.19 Y94.718 E.03763
G1 X112.362 Y95.114 E.03763
G1 X113.5 Y95.599 E.03764
G1 X114.598 Y96.171 E.03764
G1 X115.648 Y96.826 E.03765
G1 X116.007 Y97.091 E.01357
G1 X116.007 Y97.547 F18000
G1 F3600
G1 X114.966 Y96.831 E.03843
G1 X113.906 Y96.222 E.0372
G1 X112.801 Y95.697 E.03719
G1 X111.658 Y95.261 E.03719
G1 X110.485 Y94.917 E.03718
G1 X109.289 Y94.665 E.03718
G1 X108.077 Y94.508 E.03717
G1 X106.857 Y94.446 E.03716
G1 X105.636 Y94.481 E.03716
G1 X104.421 Y94.611 E.03715
G1 X103.22 Y94.836 E.03715
G1 X102.042 Y95.155 E.03714
G1 X100.891 Y95.565 E.03714
G1 X99.777 Y96.064 E.03713
G1 X98.706 Y96.65 E.03713
G1 X97.684 Y97.317 E.03712
G1 X97.243 Y97.658 E.01696
G1 X97.274 Y97.698 F18000
M204 P2000
;TYPE:Gap infill
;WIDTH:0.10043
G1 F6000
G1 X97.149 Y97.955 E.00133
G1 X97.243 Y98.125 F18000
M204 P1000
;TYPE:Top surface
;WIDTH:0.42
G1 F3600
G1 X98.284 Y97.362 E.03926
G1 X99.313 Y96.734 E.03667
G1 X100.39 Y96.191 E.03667
G1 X101.506 Y95.734 E.03668
G1 X102.655 Y95.367 E.03669
G1 X103.83 Y95.093 E.03669
G1 X105.023 Y94.914 E.0367
G1 X106.227 Y94.829 E.0367
G1 X107.434 Y94.841 E.03671
G1 X108.636 Y94.948 E.03671
G1 X109.826 Y95.151 E.03672
G1 X110.997 Y95.448 E.03673
G1 X112.14 Y95.836 E.03673
G1 X113.25 Y96.315 E.03674
G1 X114.317 Y96.879 E.03674
G1 X115.337 Y97.528 E.03675
G1 X115.974 Y98.007 E.02425
G1 X115.344 Y98.007 F18000
G1 F3600
G1 X114.719 Y97.568 E.02323
G1 X113.691 Y96.962 E.03629
G1 X112.618 Y96.44 E.03628
G1 X111.507 Y96.007 E.03628
G1 X110.365 Y95.664 E.03627
G1 X109.199 Y95.415 E.03626
G1 X108.017 Y95.26 E.03626
G1 X106.826 Y95.2 E.03625
G1 X105.635 Y95.237 E.03625
G1 X104.451 Y95.369 E.03624
G1 X103.281 Y95.596 E.03623
G1 X102.134 Y95.917 E.03623
G1 X101.017 Y96.329 E.03622
G1 X99.936 Y96.829 E.03622
G1 X98.899 Y97.415 E.03621
G1 X97.913 Y98.082 E.03621
G1 X97.243 Y98.619 E.02614
G1 E-1.75 F6000
;WIPE_START
G1 F3600
G1 X97.913 Y98.082 E-.64458
G1 X98.03 Y98.003 E-.10542
;WIPE_END
G1 X97.243 Y101.199 F18000
G1 E2.5 F6000
G1 F3600
G1 X97.995 Y100.451 E.03226
G1 X98.848 Y99.738 E.03381
G1 X99.759 Y99.101 E.03381
G1 X100.257 Y98.813 E.0175
G1 X100.257 Y98.368 F18000
G1 F3600
G1 X99.275 Y98.967 E.03498
G1 X98.367 Y99.636 E.0343
G1 X97.519 Y100.379 E.0343
G1 X97.243 Y100.667 E.01213
G1 X97.243 Y100.136 F18000
G1 F3600
G1 X97.84 Y99.582 E.02477
G1 X98.742 Y98.878 E.03479
G1 X99.699 Y98.252 E.03479
G1 X100.706 Y97.709 E.0348
G1 X101.755 Y97.251 E.0348
G1 X102.839 Y96.883 E.03481
G1 X103.95 Y96.607 E.03482
G1 X105.08 Y96.425 E.03482
G1 X106.222 Y96.339 E.03483
G1 X107.368 Y96.348 E.03484
G1 X108.508 Y96.453 E.03484
G1 X109.637 Y96.653 E.03485
G1 X110.744 Y96.947 E.03486
G1 X111.824 Y97.333 E.03486
G1 X112.867 Y97.808 E.03487
G1 X113.224 Y98.007 E.01242
G1 X113.978 Y98.007 F18000
G1 F3600
G1 X113.497 Y97.714 E.01712
G1 X112.458 Y97.194 E.03535
G1 X111.379 Y96.761 E.03534
G1 X110.269 Y96.418 E.03534
G1 X109.135 Y96.169 E.03533
G1 X107.983 Y96.014 E.03532
G1 X106.824 Y95.954 E.03532
G1 X105.663 Y95.991 E.03531
G1 X104.51 Y96.123 E.0353
G1 X103.372 Y96.35 E.0353
G1 X102.257 Y96.67 E.03529
G1 X101.172 Y97.082 E.03529
G1 X100.125 Y97.581 E.03528
G1 X99.123 Y98.165 E.03527
G1 X98.173 Y98.83 E.03527
G1 X97.243 Y99.609 E.03689
G1 X97.243 Y99.117 F18000
G1 F3600
G1 X97.583 Y98.816 E.01381
G1 X98.523 Y98.111 E.03574
G1 X99.518 Y97.485 E.03574
G1 X100.56 Y96.943 E.03575
G1 X101.644 Y96.487 E.03575
G1 X102.761 Y96.121 E.03576
G1 X103.905 Y95.847 E.03577
G1 X105.067 Y95.668 E.03577
G1 X106.241 Y95.583 E.03578
G1 X107.417 Y95.595 E.03578
G1 X108.589 Y95.703 E.03579
G1 X109.749 Y95.906 E.0358
G1 X110.888 Y96.202 E.0358
G1 X111.999 Y96.591 E.03581
G1 X113.076 Y97.069 E.03582
G1 X114.11 Y97.633 E.03582
G1 X114.681 Y98.007 E.02077
G1 E-1.75 F6000
;WIPE_START
G1 F3600
G1 X114.11 Y97.633 E-.51212
G1 X113.831 Y97.481 E-.23788
;WIPE_END
G1 X112.402 Y98.007 F18000
G1 E2.5 F6000
G1 F3600
G1 X112.207 Y97.908 E.00663
G1 X111.16 Y97.483 E.03438
G1 X110.08 Y97.149 E.03438
G1 X108.976 Y96.907 E.03437
G1 X107.856 Y96.76 E.03436
G1 X106.728 Y96.708 E.03436
G1 X105.599 Y96.752 E.03435
G1 X104.479 Y96.892 E.03434
G1 X103.375 Y97.127 E.03434
G1 X102.294 Y97.454 E.03433
G1 X101.246 Y97.872 E.03432
G1 X100.977 Y98.007 E.00916
G1 X101.283 Y98.084 F18000
M204 P2000
;TYPE:Gap infill
;WIDTH:0.102486
G1 F6000
G1 X101.336 Y98.072 E.00026
;WIDTH:0.123895
G1 X101.476 Y98.045 E.00093
;WIDTH:0.16671
G1 X101.616 Y98.018 E.00143
;WIDTH:0.209524
G1 X101.756 Y97.991 E.00192
;WIDTH:0.252339
G1 X101.896 Y97.964 E.00241
G1 X101.912 Y98.007 F18000
M204 P1000
;TYPE:Top surface
;WIDTH:0.42
G1 F3600
G1 X102.774 Y97.692 E.02791
G1 X103.848 Y97.4 E.03384
G1 X104.943 Y97.203 E.03385
G1 X106.051 Y97.1 E.03385
G1 X107.165 Y97.094 E.03386
G1 X108.275 Y97.183 E.03387
G1 X109.373 Y97.368 E.03387
G1 X110.452 Y97.646 E.03388
G1 X111.476 Y98.007 E.03304
G1 X111.491 Y97.967 F18000
M204 P2000
;TYPE:Gap infill
;WIDTH:0.223737
G1 F6000
G1 X111.64 Y97.996 E.00222
;WIDTH:0.201143
G1 X111.789 Y98.025 E.00194
;WIDTH:0.155954
G1 X111.939 Y98.054 E.00139
;WIDTH:0.110765
G1 X112.088 Y98.083 E.00083
G1 E-2.34786
;WIPE_START
G1 X111.939 Y98.054 E-.15214
;WIPE_END
G1 X111.067 Y98.083 F18000
G1 E2.5 F6000
;WIDTH:0.108744
G1 X110.917 Y98.057 E.00081
;WIDTH:0.14989
G1 X110.767 Y98.031 E.00131
;WIDTH:0.191036
G1 X110.618 Y98.006 E.00181
;WIDTH:0.232183
G1 X110.468 Y97.98 E.00232
;WIDTH:0.252756
G1 X110.318 Y97.955 E.00257
G1 X110.303 Y98.007 F18000
M204 P1000
;TYPE:Top surface
;WIDTH:0.42
G1 F3600
G1 X109.685 Y97.826 E.0196
G1 X108.608 Y97.61 E.03338
G1 X107.518 Y97.49 E.03337
G1 X106.421 Y97.465 E.03337
G1 X105.327 Y97.536 E.03336
G1 X104.243 Y97.702 E.03335
G1 X103.047 Y98.007 E.03753
G1 X103.031 Y97.962 F18000
M204 P2000
;TYPE:Gap infill
;WIDTH:0.283696
G1 F6000
G1 X102.867 Y97.984 E.00323
;WIDTH:0.254564
G1 X102.727 Y98.009 E.00242
;WIDTH:0.207022
G1 X102.588 Y98.033 E.00188
;WIDTH:0.159481
G1 X102.448 Y98.058 E.00133
;WIDTH:0.135711
G1 X102.308 Y98.083 E.00106
G1 E-2.35822
;WIPE_START
G1 X102.448 Y98.058 E-.14178
;WIPE_END
G1 X103.569 Y98.082 F18000
G1 E2.5 F6000
;WIDTH:0.130886
G1 X103.752 Y98.06 E.00131
;WIDTH:0.152244
G1 X103.935 Y98.037 E.00162
;WIDTH:0.194959
G1 X104.118 Y98.015 E.00226
;WIDTH:0.237675
G1 X104.301 Y97.993 E.00289
;WIDTH:0.279839
G1 X104.702 Y97.963 E.00769
G1 X104.708 Y98.007 F18000
M204 P1000
;TYPE:Top surface
;WIDTH:0.42
G1 F3600
G1 X105.614 Y97.886 E.02782
G1 X106.694 Y97.839 E.03285
G1 X107.773 Y97.888 E.03286
G1 X108.659 Y98.007 E.02719
G1 X108.665 Y97.959 F18000
M204 P2000
;TYPE:Gap infill
;WIDTH:0.260596
G1 F6000
G1 X108.906 Y97.983 E.00425
;WIDTH:0.239919
G1 X109.147 Y98.007 E.00384
;WIDTH:0.198566
G1 X109.388 Y98.031 E.00304
;WIDTH:0.157213
G1 X109.628 Y98.055 E.00223
;WIDTH:0.112352
G1 X109.819 Y98.082 E.00108
G1 E-2.3072
;WIPE_START
G1 X109.628 Y98.055 E-.1928
;WIPE_END
G1 X107.345 Y98.079 F18000
G1 E2.5 F6000
;WIDTH:0.102587
G2 X106.021 Y98.079 I-.662 J14.886 E.00637
G1 E-1.75
;WIPE_START
G1 X106.693 Y98.065 E-.50408
G1 X107.021 Y98.072 E-.24592
;WIPE_END
G1 X107.97 Y93.92 F18000
G1 E2.5 F6000
;WIDTH:0.125888
G1 X108.388 Y93.939 E.0028
;WIDTH:0.144743
G1 X108.805 Y93.959 E.00343
;WIDTH:0.187084
G1 X109.126 Y93.986 E.00374
;WIDTH:0.233855
G1 X109.441 Y94.013 E.00488
;WIDTH:0.280284
G1 X109.757 Y94.04 E.00607
G1 X109.768 Y93.993 F18000
M204 P1000
;TYPE:Top surface
;WIDTH:0.42
G1 F3600
G1 X110.752 Y94.206 E.03062
G1 X111.951 Y94.564 E.03807
G1 X113.12 Y95.014 E.03808
G1 X114.251 Y95.551 E.03808
G1 X115.337 Y96.174 E.03809
G1 X116.007 Y96.629 E.02463
G1 X116.007 Y96.165 F18000
G1 F3600
G1 X115.061 Y95.567 E.03402
G1 X113.942 Y94.974 E.03852
G1 X112.782 Y94.467 E.03852
G1 X111.586 Y94.05 E.03851
G1 X111.372 Y93.993 E.00675
G1 X111.359 Y94.041 F18000
M204 P2000
;TYPE:Gap infill
;WIDTH:0.27235
G1 F6000
G1 X111.179 Y94.015 E.00335
;WIDTH:0.232036
G1 X111 Y93.989 E.00276
;WIDTH:0.191176
G1 X110.816 Y93.962 E.00223
;WIDTH:0.149794
G1 X110.613 Y93.941 E.00175
;WIDTH:0.129258
G1 X110.411 Y93.919 E.00142
G1 E-2.2966
;WIPE_START
G1 X110.613 Y93.941 E-.2034
;WIPE_END
G1 X111.836 Y93.917 F18000
G1 E2.5 F6000
;WIDTH:0.137789
G1 X112.019 Y93.948 E.00142
;WIDTH:0.162598
G1 X112.201 Y93.979 E.00179
;WIDTH:0.212216
G1 X112.384 Y94.01 E.00253
;WIDTH:0.261834
G1 X112.567 Y94.041 E.00327
G1 X112.586 Y93.993 F18000
M204 P1000
;TYPE:Top surface
;WIDTH:0.42
G1 F3600
G1 X113.691 Y94.441 E.03627
G1 X114.839 Y95.01 E.03895
G1 X116.007 Y95.71 E.04143
G1 X116.101 Y95.542 F18000
M204 P2000
;TYPE:Gap infill
;WIDTH:0.121581
G1 F6000
G1 X115.976 Y95.313 E.00166
G1 X116.007 Y95.267 F18000
M204 P1000
;TYPE:Top surface
;WIDTH:0.42
G1 F3600
G1 X115.815 Y95.139 E.00701
G1 X114.687 Y94.503 E.03938
G1 X113.601 Y93.993 E.03649
G1 X113.579 Y94.04 F18000
M204 P2000
;TYPE:Gap infill
;WIDTH:0.254907
G1 F6000
G1 X113.422 Y94.009 E.00274
;WIDTH:0.207268
G1 X113.264 Y93.978 E.00213
;WIDTH:0.159629
G1 X113.107 Y93.948 E.00151
;WIDTH:0.135809
G1 X112.949 Y93.917 E.0012
G1 E-2.33954
;WIPE_START
G1 X113.107 Y93.948 E-.16046
;WIPE_END
G1 X114.501 Y93.993 F18000
G1 E2.5 F6000
M204 P1000
;TYPE:Top surface
;WIDTH:0.42
G1 F3600
G1 X115.775 Y94.674 E.04392
G1 X116.007 Y94.824 E.00841
G1 X116.007 Y94.381 F18000
G1 F3600
G2 X115.311 Y93.993 I-3.017 J4.593 E.02426
G1 X115.605 Y93.909 F18000
M204 P2000
;TYPE:Gap infill
;WIDTH:0.269745
G1 F6000
G3 X116.101 Y94.045 I-3.962 J15.475 E.00941
G1 E-1.98548
;WIPE_START
G1 X115.605 Y93.909 E-.51452
;WIPE_END
G1 X106.96 Y121.71 F18000
G1 E2.5 F6000
M204 P1000
;TYPE:Outer wall
;WIDTH:0.42
G1 F3600
G1 X116.29 Y121.71 E.28376
G1 X116.29 Y126.29 E.13929
G1 X106.96 Y126.29 E.28376
G1 X106.96 Y121.77 E.13747
G1 X107.238 Y121.988 F18000
M204 P2000
;TYPE:Gap infill
;WIDTH:0.184578
G1 F6000
G3 X107.374 Y121.899 I1.346 J1.902 E.00186
G1 X107.238 Y121.988 F18000
;WIDTH:0.199211
G1 F6000
G1 X107.214 Y122.12 E.00169
;WIDTH:0.154816
G1 X107.191 Y122.252 E.00121
;WIDTH:0.132619
G1 X107.167 Y122.384 E.00097
G1 E-2.3658
;WIPE_START
G1 X107.191 Y122.252 E-.1342
;WIPE_END
G1 X107.167 Y125.502 F18000
G1 E2.5 F6000
;WIDTH:0.132784
G1 X107.196 Y125.652 E.00111
;WIDTH:0.155091
G1 X107.224 Y125.802 E.00138
;WIDTH:0.199705
G1 X107.253 Y125.952 E.00193
;WIDTH:0.244319
G1 X107.282 Y126.101 E.00248
G1 X107.608 Y126.007 F18000
M204 P1000
;TYPE:Top surface
;WIDTH:0.42
G1 F3600
G1 X107.552 Y125.911 E.00338
G1 X107.309 Y125.3 E.01999
G1 X107.243 Y125.02 E.00875
G1 X107.289 Y125.009 F18000
M204 P2000
;TYPE:Gap infill
;WIDTH:0.260346
G1 F6000
G1 X107.264 Y124.779 E.00406
;WIDTH:0.242573
G1 X107.239 Y124.548 E.00373
;WIDTH:0.201323
G3 X107.233 Y123.549 I12.8 J-.579 E.01277
;WIDTH:0.227072
G1 X107.248 Y123.219 E.00491
;WIDTH:0.256444
G1 X107.27 Y123.029 E.00329
;WIDTH:0.284403
G1 X107.291 Y122.854 E.00343
G1 X107.243 Y122.844 F18000
M204 P1000
;TYPE:Top surface
;WIDTH:0.42
G1 F3600
G1 X107.273 Y122.699 E.0045
G1 X107.499 Y122.079 E.02009
G1 X107.546 Y121.993 E.00297
G1 X107.597 Y122.021 F18000
M204 P2000
;TYPE:Gap infill
;WIDTH:0.126833
G1 F6000
G1 X107.797 Y121.899 E.00158
G1 X107.966 Y121.993 F18000
M204 P1000
;TYPE:Top surface
;WIDTH:0.42
G1 F3600
G1 X107.686 Y122.638 E.02141
G1 X107.534 Y123.252 E.01923
G1 X107.477 Y123.881 E.01921
G1 X107.516 Y124.51 E.01918
G1 X107.65 Y125.126 E.01916
G1 X107.876 Y125.714 E.01914
G1 X108.044 Y126.007 E.01029
G1 X108.476 Y126.007 F18000
G1 F3600
G1 X108.173 Y125.458 E.01907
G1 X107.976 Y124.891 E.01825
G1 X107.871 Y124.299 E.01827
G1 X107.862 Y123.698 E.0183
G1 X107.948 Y123.102 E.01832
G1 X108.128 Y122.526 E.01834
G1 X108.394 Y121.993 E.01813
G1 X108.848 Y121.993 F18000
G1 F3600
G1 X108.585 Y122.427 E.01544
G1 X108.375 Y122.96 E.01742
G1 X108.257 Y123.52 E.01739
G1 X108.234 Y124.09 E.01737
G1 X108.307 Y124.656 E.01734
G1 X108.474 Y125.2 E.01732
G1 X108.73 Y125.708 E.01729
G1 X108.95 Y126.007 E.0113
G1 X108.994 Y125.975 F18000
M204 P2000
;TYPE:Gap infill
;WIDTH:0.121047
G1 F6000
G1 X109.266 Y126.101 E.00189
G1 X109.446 Y126.007 F18000
M204 P1000
;TYPE:Top surface
;WIDTH:0.42
G1 F3600
G1 X109.348 Y125.914 E.00412
G1 X109.033 Y125.481 E.01627
G1 X108.8 Y124.999 E.0163
G1 X108.657 Y124.481 E.01633
G1 X108.608 Y123.946 E.01636
G1 X108.655 Y123.409 E.01639
G1 X108.797 Y122.888 E.01641
G1 X109.029 Y122.4 E.01644
G1 X109.32 Y121.993 E.01523
G1 X109.368 Y122.027 F18000
M204 P2000
;TYPE:Gap infill
;WIDTH:0.118979
G1 F6000
G1 X109.663 Y121.899 E.00197
G1 X109.849 Y121.993 F18000
M204 P1000
;TYPE:Top surface
;WIDTH:0.42
G1 F3600
G1 X109.733 Y122.092 E.00465
G1 X109.417 Y122.489 E.01543
G1 X109.182 Y122.938 E.0154
G1 X109.036 Y123.422 E.01537
G1 X108.985 Y123.923 E.01533
G1 X109.03 Y124.424 E.0153
G1 X109.169 Y124.907 E.01527
G1 X109.397 Y125.353 E.01523
G1 X109.705 Y125.746 E.0152
G1 X110.007 Y126.007 E.01213
G1 E-1.75 F6000
;WIPE_START
G1 F3600
G1 X109.705 Y125.746 E-.29921
G1 X109.397 Y125.353 E-.37486
G1 X109.351 Y125.263 E-.07593
;WIPE_END
G1 X111.196 Y124.292 F18000
G1 E2.5 F6000
M204 P2000
;TYPE:Gap infill
;WIDTH:0.322179
G1 X111.563 Y124.328 E.00831
;WIDTH:0.322108
G2 X111.771 Y124.232 I.014 J-.242 E.00538
;WIDTH:0.358382
G1 X111.919 Y123.844 E.01057
G1 X111.625 Y124 F18000
M204 P1000
;TYPE:Top surface
;WIDTH:0.42
G1 F3600
G1 X111.248 Y124 E.01147
G1 X111.269 Y123.803 E.00604
G1 X111.386 Y123.634 E.00624
G1 X111.575 Y123.538 E.00644
G1 X111.792 Y123.537 E.00662
G1 X111.993 Y123.635 E.00679
G1 X112.137 Y123.813 E.00696
G1 X112.193 Y124.04 E.00712
G1 X112.152 Y124.275 E.00727
G1 X112.017 Y124.478 E.00741
G1 X111.81 Y124.615 E.00755
G1 X111.562 Y124.663 E.00768
G1 X111.31 Y124.612 E.00781
G1 X111.091 Y124.469 E.00794
G1 X110.937 Y124.254 E.00806
G1 X110.87 Y123.993 E.00818
G1 X110.9 Y123.722 E.00829
G1 X111.025 Y123.475 E.00841
G1 X111.229 Y123.284 E.00851
G1 X111.49 Y123.172 E.00862
G1 X111.776 Y123.154 E.00872
G1 X112.055 Y123.233 E.00883
G1 X112.296 Y123.401 E.00892
G1 X112.471 Y123.641 E.00902
G1 X112.56 Y123.927 E.00912
G1 X112.554 Y124.23 E.00921
G1 X112.452 Y124.518 E.0093
G1 X112.264 Y124.763 E.00939
G1 X112.007 Y124.939 E.00948
G1 X111.706 Y125.029 E.00956
G1 X111.389 Y125.024 E.00965
G1 X111.085 Y124.922 E.00973
G1 X110.824 Y124.734 E.00981
G1 X110.627 Y124.474 E.00989
G1 X110.515 Y124.166 E.00997
G1 X110.497 Y123.837 E.01005
G1 X110.575 Y123.513 E.01012
G1 X110.744 Y123.223 E.0102
G1 X110.99 Y122.992 E.01027
G1 X111.293 Y122.838 E.01035
G1 X111.63 Y122.774 E.01042
G1 X111.973 Y122.807 E.01049
G1 X112.296 Y122.935 E.01056
G1 X112.574 Y123.147 E.01063
G1 X112.784 Y123.429 E.0107
G1 X112.911 Y123.759 E.01077
G1 X112.945 Y124.114 E.01083
G1 X112.882 Y124.467 E.0109
G1 X112.727 Y124.792 E.01096
G1 X112.49 Y125.067 E.01103
G1 X112.187 Y125.27 E.01109
G1 X111.84 Y125.388 E.01116
G1 X111.472 Y125.412 E.01122
G1 X111.108 Y125.34 E.01128
G1 X110.774 Y125.176 E.01134
G1 X110.49 Y124.93 E.0114
G1 X110.278 Y124.619 E.01146
G1 X110.15 Y124.262 E.01152
G1 X110.117 Y123.883 E.01158
G1 X110.179 Y123.506 E.01163
G1 X110.334 Y123.154 E.01169
G1 X110.573 Y122.851 E.01175
G1 X110.881 Y122.614 E.0118
G1 X111.239 Y122.46 E.01186
G1 X111.626 Y122.397 E.01192
G1 X112.018 Y122.431 E.01197
G1 X112.392 Y122.559 E.01202
G1 X112.725 Y122.775 E.01208
G1 X112.998 Y123.066 E.01213
G1 X113.195 Y123.415 E.01218
G1 X113.303 Y123.802 E.01224
G1 X113.317 Y124.206 E.01229
G1 X113.234 Y124.603 E.01234
G1 X113.06 Y124.972 E.01239
G1 X112.803 Y125.29 E.01244
G1 X112.478 Y125.541 E.01249
G1 X112.101 Y125.71 E.01254
G1 X111.695 Y125.787 E.01259
G1 X111.28 Y125.769 E.01264
G1 X110.878 Y125.656 E.01269
G1 X110.512 Y125.453 E.01273
G1 X110.2 Y125.171 E.01278
G1 X109.96 Y124.824 E.01283
G1 X109.804 Y124.431 E.01288
G1 X109.74 Y124.011 E.01292
G1 X109.772 Y123.586 E.01297
G1 X109.899 Y123.177 E.01302
G1 X110.115 Y122.805 E.01306
G1 X110.409 Y122.49 E.01311
G1 X110.766 Y122.247 E.01315
G1 X111.17 Y122.088 E.0132
G1 X111.6 Y122.021 E.01324
G1 X112.036 Y122.051 E.01329
G1 X112.456 Y122.175 E.01333
G1 X112.841 Y122.389 E.01337
G1 X113.171 Y122.682 E.01342
G1 X113.43 Y123.04 E.01346
G1 X113.607 Y123.447 E.0135
G1 X113.692 Y123.884 E.01355
G1 X113.682 Y124.331 E.01359
G1 X113.576 Y124.767 E.01363
G1 X113.38 Y125.171 E.01367
G1 X113.101 Y125.525 E.01371
G1 X112.752 Y125.813 E.01375
G1 X112.377 Y126.007 E.01283
G1 X112.353 Y125.959 F18000
M204 P2000
;TYPE:Gap infill
;WIDTH:0.269211
G1 F6000
G1 X112.167 Y125.996 E.00344
;WIDTH:0.232809
G1 X111.95 Y126.017 E.00335
;WIDTH:0.182055
G1 X111.695 Y126.039 E.00287
G3 X111.219 Y126.026 I-.136 J-3.859 E.00535
;WIDTH:0.214875
G1 X111.004 Y125.996 E.00301
;WIDTH:0.236287
G1 X110.789 Y125.967 E.00338
G1 X110.774 Y126.007 F18000
M204 P1000
;TYPE:Top surface
;WIDTH:0.42
G1 F3600
G1 X110.574 Y125.931 E.0065
G1 X110.188 Y125.68 E.014
G1 X109.862 Y125.354 E.01404
G1 X109.609 Y124.966 E.01408
G1 X109.441 Y124.534 E.01412
G1 X109.366 Y124.074 E.01415
G1 X109.386 Y123.608 E.01419
G1 X109.502 Y123.155 E.01423
G1 X109.708 Y122.733 E.01427
G1 X109.997 Y122.362 E.01431
G1 X110.356 Y122.056 E.01435
G1 X110.47 Y121.993 E.00397
G1 X110.494 Y122.037 F18000
M204 P2000
;TYPE:Gap infill
;WIDTH:0.243089
G1 F6000
G1 X110.654 Y121.99 E.00269
;WIDTH:0.202935
G1 X110.782 Y121.966 E.00169
;WIDTH:0.157029
G1 X110.91 Y121.941 E.0012
;WIDTH:0.111123
G1 X111.039 Y121.917 E.00072
G1 E-2.36935
;WIPE_START
G1 X110.91 Y121.941 E-.13065
;WIPE_END
G1 X112.32 Y121.918 F18000
G1 E2.5 F6000
;WIDTH:0.115936
G1 X112.427 Y121.933 E.00064
;WIDTH:0.129819
G1 X112.534 Y121.949 E.00076
;WIDTH:0.154897
G3 X112.884 Y122.029 I-.919 J4.845 E.00324
G1 X112.904 Y121.993 F18000
M204 P1000
;TYPE:Top surface
;WIDTH:0.42
G1 F3600
G1 X113.044 Y122.071 E.00488
G1 X113.408 Y122.384 E.01461
G1 X113.704 Y122.764 E.01464
G1 X113.919 Y123.196 E.01468
G1 X114.044 Y123.663 E.01471
G1 X114.075 Y124.147 E.01475
G1 X114.01 Y124.629 E.01479
G1 X113.851 Y125.09 E.01482
G1 X113.604 Y125.511 E.01486
G1 X113.279 Y125.877 E.01489
G1 X113.107 Y126.007 E.00655
G1 X113.079 Y125.97 F18000
M204 P2000
;TYPE:Gap infill
;WIDTH:0.188013
G1 F6000
G3 X112.677 Y126.09 I-1.387 J-3.912 E.00491
G1 X113.342 Y126.088 F18000
;WIDTH:0.147555
G1 F6000
G1 X113.631 Y125.972 E.00263
G1 X113.672 Y126.007 F18000
M204 P1000
;TYPE:Top surface
;WIDTH:0.42
G1 F3600
G1 X113.945 Y125.682 E.01291
G1 X114.203 Y125.226 E.01594
G1 X114.373 Y124.731 E.01591
G1 X114.449 Y124.215 E.01588
G1 X114.43 Y123.694 E.01585
G1 X114.315 Y123.187 E.01582
G1 X114.11 Y122.71 E.01578
G1 X113.82 Y122.281 E.01575
G1 X113.536 Y121.993 E.01231
G1 E-1.75 F6000
;WIPE_START
G1 F3600
G1 X113.82 Y122.281 E-.30353
G1 X114.11 Y122.71 E-.38847
G1 X114.14 Y122.781 E-.058
;WIPE_END
G1 X115.849 Y121.993 F18000
G1 E2.5 F6000
G1 F3600
G3 X116.007 Y122.35 I-1.159 J.728 E.01192
G1 X115.961 Y122.366 F18000
M204 P2000
;TYPE:Gap infill
;WIDTH:0.239828
G1 F6000
G1 X115.989 Y122.529 E.00263
;WIDTH:0.218751
G1 X116.017 Y122.692 E.00235
;WIDTH:0.176597
G1 X116.045 Y122.855 E.00178
;WIDTH:0.13782
G1 X116.064 Y123.044 E.00145
;WIDTH:0.104512
G1 X116.081 Y123.223 E.0009
G1 E-2.31923
;WIPE_START
G1 X116.064 Y123.044 E-.18077
;WIPE_END
G1 X116.082 Y124.937 F18000
G1 E2.5 F6000
;WIDTH:0.126636
G1 X116.062 Y125.091 E.00105
;WIDTH:0.145868
G1 X116.042 Y125.246 E.00129
;WIDTH:0.184334
G1 X116.022 Y125.4 E.00178
;WIDTH:0.222799
G1 X116.002 Y125.555 E.00226
;WIDTH:0.24442
G1 X115.969 Y125.751 E.00323
G1 X116.007 Y125.766 F18000
M204 P1000
;TYPE:Top surface
;WIDTH:0.42
G1 F3600
G1 X115.912 Y126.007 E.0079
G1 X116.055 Y126.083 F18000
M204 P2000
;TYPE:Gap infill
;WIDTH:0.112994
G1 F6000
G1 X115.876 Y126.049 E.00103
;WIDTH:0.137817
G1 X115.698 Y126.015 E.00139
G1 X115.496 Y126.007 F18000
M204 P1000
;TYPE:Top surface
;WIDTH:0.42
G1 F3600
G1 X115.725 Y125.475 E.01763
G1 X115.889 Y124.849 E.01966
G1 X115.959 Y124.207 E.01964
G1 X115.933 Y123.563 E.01962
G1 X115.812 Y122.93 E.0196
G1 X115.598 Y122.323 E.01958
G1 X115.423 Y121.993 E.01137
G1 X114.999 Y121.993 F18000
G1 F3600
G1 X115.286 Y122.552 E.01909
G1 X115.475 Y123.137 E.01871
G1 X115.572 Y123.745 E.01873
G1 X115.573 Y124.361 E.01875
G1 X115.479 Y124.971 E.01877
G1 X115.29 Y125.56 E.0188
G1 X115.066 Y126.007 E.01522
G1 X114.622 Y126.007 F18000
G1 F3600
G1 X114.831 Y125.662 E.01227
G1 X115.049 Y125.116 E.01789
G1 X115.175 Y124.542 E.01787
G1 X115.206 Y123.956 E.01785
G1 X115.141 Y123.373 E.01782
G1 X114.982 Y122.81 E.0178
G1 X114.734 Y122.282 E.01777
G1 X114.534 Y121.993 E.01067
G1 X114.492 Y122.022 F18000
M204 P2000
;TYPE:Gap infill
;WIDTH:0.12695
G1 F6000
G1 X114.24 Y121.899 E.0019
G1 X114.06 Y121.993 F18000
M204 P1000
;TYPE:Top surface
;WIDTH:0.42
G1 F3600
G1 X114.138 Y122.075 E.00344
G1 X114.443 Y122.535 E.01678
G1 X114.664 Y123.041 E.01681
G1 X114.794 Y123.579 E.01684
G1 X114.83 Y124.133 E.01686
G1 X114.769 Y124.685 E.01689
G1 X114.614 Y125.219 E.01692
G1 X114.37 Y125.72 E.01695
G1 X114.161 Y126.007 E.01081
; stop printing object SG9 Holder id:3152 copy 0
G1 E-1.75 F6000
;WIPE_START
G1 F3600
G1 X114.37 Y125.72 E-.26645
G1 X114.614 Y125.219 E-.41789
G1 X114.639 Y125.135 E-.06566
;WIPE_END
M106 S0
;TYPE:Custom
; filament end gcode 
M140 S0; Heatbed off
M107; Fan off 
G91; relative positioning 
M83 ; extruder relative mode
G1 E-3 F3000 ;retract the filament a bit before lifting the nozzle, to release some of the pressure
G1 Z+0.5 F3000 ;move Z up a bit and retract filament even more
M104 S0; Extruder off
G28 X Y;move X/Y to min endstops, so the head is out of the way
G90; absolute positioning 
G1 Y220 F3000
M84 ;steppers off
M300 S1318 P266
; EXECUTABLE_BLOCK_END

; filament used [mm] = 1961.37
; filament used [cm3] = 4.72
; filament used [g] = 5.85
; filament cost = 0.12
; total filament used [g] = 5.85
; total filament cost = 0.12
; total layers count = 70
; estimated printing time (normal mode) = 19m 34s
; estimated first layer printing time (normal mode) = 9s

; CONFIG_BLOCK_START
; accel_to_decel_enable = 1
; accel_to_decel_factor = 50%
; activate_air_filtration = 0
; activate_chamber_temp_control = 0
; adaptive_bed_mesh_margin = 0
; adaptive_pressure_advance = 0
; adaptive_pressure_advance_bridges = 0
; adaptive_pressure_advance_model = "0,0,0\n0,0,0"
; adaptive_pressure_advance_overhangs = 0
; additional_cooling_fan_speed = 70
; align_infill_direction_to_model = 0
; alternate_extra_wall = 0
; auxiliary_fan = 0
; bbl_calib_mark_logo = 1
; bbl_use_printhost = 0
; bed_custom_model = 
; bed_custom_texture = 
; bed_exclude_area = 0x0
; bed_mesh_max = 0,0
; bed_mesh_min = 0,0
; bed_mesh_probe_distance = 0,0
; before_layer_change_gcode = G92 E0 ; zero the extruded length again\n; BEFORE_LAYER_CHANGE [layer_num] @ [layer_z]mm
; best_object_pos = 0.5,0.5
; bottom_shell_layers = 5
; bottom_shell_thickness = 0.6
; bottom_solid_infill_flow_ratio = 1
; bottom_surface_density = 100%
; bottom_surface_pattern = archimedeanchords
; bridge_acceleration = 50%
; bridge_angle = 0
; bridge_density = 100%
; bridge_flow = 0.9
; bridge_no_support = 1
; bridge_speed = 30
; brim_ears_detection_length = 1
; brim_ears_max_angle = 125
; brim_object_gap = 0.15
; brim_type = outer_only
; brim_width = 5
; calib_flowrate_topinfill_special_order = 0
; chamber_temperature = 0
; change_extrusion_role_gcode = 
; change_filament_gcode = 
; close_fan_the_first_x_layers = 1
; complete_print_exhaust_fan_speed = 80
; cool_plate_temp = 35
; cool_plate_temp_initial_layer = 35
; cooling_tube_length = 0
; cooling_tube_retraction = 0
; counterbore_hole_bridging = none
; curr_bed_type = High Temp Plate
; default_acceleration = 2000
; default_bed_type = 
; default_filament_colour = ""
; default_filament_profile = "Anycubic PLA @Anycubic Kobra 2 Neo 0.4 nozzle"
; default_jerk = 0
; default_junction_deviation = 0
; default_print_profile = 0.20mm Standard @Anycubic Kobra 2 Neo 0.4 nozzle
; deretraction_speed = 0
; detect_narrow_internal_solid_infill = 1
; detect_overhang_wall = 1
; detect_thin_wall = 0
; different_settings_to_system = bottom_shell_layers;bottom_surface_pattern;enable_support;sparse_infill_pattern;support_type;top_shell_layers;top_surface_pattern;wall_loops;;
; disable_m73 = 1
; dont_filter_internal_bridges = disabled
; dont_slow_down_outer_wall = 0
; draft_shield = disabled
; during_print_exhaust_fan_speed = 60
; elefant_foot_compensation = 0.075
; elefant_foot_compensation_layers = 1
; emit_machine_limits_to_gcode = 1
; enable_arc_fitting = 1
; enable_extra_bridge_layer = disabled
; enable_filament_ramming = 0
; enable_long_retraction_when_cut = 0
; enable_overhang_bridge_fan = 1
; enable_overhang_speed = 1
; enable_pressure_advance = 0
; enable_prime_tower = 0
; enable_support = 1
; enforce_support_layers = 0
; eng_plate_temp = 0
; eng_plate_temp_initial_layer = 0
; ensure_vertical_shell_thickness = ensure_all
; exclude_object = 0
; extra_loading_move = 0
; extra_perimeters_on_overhangs = 1
; extra_solid_infills = 
; extruder_clearance_height_to_lid = 20
; extruder_clearance_height_to_rod = 20
; extruder_clearance_radius = 20
; extruder_colour = #69A4FF
; extruder_offset = 0x0
; extrusion_rate_smoothing_external_perimeter_only = 0
; fan_cooling_layer_time = 100
; fan_kickstart = 0
; fan_max_speed = 100
; fan_min_speed = 80
; fan_speedup_overhangs = 1
; fan_speedup_time = 0
; filament_colour = #69A4FF
; filament_cooling_final_speed = 0
; filament_cooling_initial_speed = 0
; filament_cooling_moves = 0
; filament_cost = 20
; filament_density = 1.24
; filament_diameter = 1.75
; filament_end_gcode = "; filament end gcode \n"
; filament_flow_ratio = 0.97
; filament_ids = GFL99
; filament_is_support = 0
; filament_loading_speed = 0
; filament_loading_speed_start = 0
; filament_max_volumetric_speed = 12
; filament_minimal_purge_on_wipe_tower = 15
; filament_multitool_ramming = 0
; filament_multitool_ramming_flow = 10
; filament_multitool_ramming_volume = 10
; filament_notes = ""
; filament_ramming_parameters = "120 100 6.6 6.8 7.2 7.6 7.9 8.2 8.7 9.4 9.9 10.0| 0.05 6.6 0.45 6.8 0.95 7.8 1.45 8.3 1.95 9.7 2.45 10 2.95 7.6 3.45 7.6 3.95 7.6 4.45 7.6 4.95 7.6"
; filament_settings_id = "Anycubic PLA @Anycubic Kobra 2 Neo 0.4 nozzle"
; filament_shrink = 100%
; filament_shrinkage_compensation_z = 100%
; filament_soluble = 0
; filament_stamping_distance = 0
; filament_stamping_loading_speed = 0
; filament_start_gcode = "; filament start gcode\n"
; filament_toolchange_delay = 0
; filament_type = PLA
; filament_unloading_speed = 0
; filament_unloading_speed_start = 0
; filament_vendor = Anycubic
; filename_format = {input_filename_base}_{filament_type[0]}_{layer_height}_{print_time}.gcode
; fill_multiline = 1
; filter_out_gap_fill = 0
; first_layer_print_sequence = 0
; flush_into_infill = 0
; flush_into_objects = 0
; flush_into_support = 0
; flush_multiplier = 1
; flush_volumes_matrix = 0
; flush_volumes_vector = 140,140
; full_fan_speed_layer = 3
; fuzzy_skin = none
; fuzzy_skin_first_layer = 0
; fuzzy_skin_mode = displacement
; fuzzy_skin_noise_type = classic
; fuzzy_skin_octaves = 4
; fuzzy_skin_persistence = 0.5
; fuzzy_skin_point_distance = 0.8
; fuzzy_skin_scale = 1
; fuzzy_skin_thickness = 0.3
; gap_fill_target = topbottom
; gap_infill_speed = 100
; gcode_add_line_number = 0
; gcode_comments = 0
; gcode_flavor = marlin2
; gcode_label_objects = 1
; has_scarf_joint_seam = 0
; head_wrap_detect_zone = 
; high_current_on_filament_swap = 0
; hole_to_polyhole = 0
; hole_to_polyhole_threshold = 0.01
; hole_to_polyhole_twisted = 1
; host_type = octoprint
; hot_plate_temp = 60
; hot_plate_temp_initial_layer = 60
; idle_temperature = 0
; independent_support_layer_height = 1
; infill_anchor = 400
; infill_anchor_max = 10
; infill_combination = 0
; infill_combination_max_layer_height = 100%
; infill_direction = 45
; infill_jerk = 9
; infill_lock_depth = 1
; infill_overhang_angle = 60
; infill_shift_step = 0.4
; infill_wall_overlap = 15%
; inherits_group = "0.20mm Standard @Anycubic Kobra 2 Neo 0.4 nozzle";;
; initial_layer_acceleration = 500
; initial_layer_infill_speed = 50
; initial_layer_jerk = 9
; initial_layer_line_width = 0.5
; initial_layer_min_bead_width = 85%
; initial_layer_print_height = 0.24
; initial_layer_speed = 50
; initial_layer_travel_speed = 100%
; inner_wall_acceleration = 1500
; inner_wall_jerk = 10
; inner_wall_line_width = 0.45
; inner_wall_speed = 100
; interface_shells = 0
; interlocking_beam = 0
; interlocking_beam_layer_count = 2
; interlocking_beam_width = 0.8
; interlocking_boundary_avoidance = 2
; interlocking_depth = 2
; interlocking_orientation = 22.5
; internal_bridge_angle = 0
; internal_bridge_density = 100%
; internal_bridge_fan_speed = -1
; internal_bridge_flow = 1
; internal_bridge_speed = 150%
; internal_solid_infill_acceleration = 100%
; internal_solid_infill_line_width = 0.42
; internal_solid_infill_pattern = rectilinear
; internal_solid_infill_speed = 100
; ironing_angle = -1
; ironing_fan_speed = -1
; ironing_flow = 15%
; ironing_inset = 0
; ironing_pattern = rectilinear
; ironing_spacing = 0.1
; ironing_speed = 15
; ironing_type = no ironing
; is_infill_first = 0
; lateral_lattice_angle_1 = -45
; lateral_lattice_angle_2 = 45
; layer_change_gcode = ; AFTER_LAYER_CHANGE [layer_num] @ [layer_z]mm
; layer_height = 0.2
; line_width = 0.42
; long_retractions_when_cut = 0
; machine_end_gcode = M140 S0; Heatbed off\nM107; Fan off \nG91; relative positioning \nM83 ; extruder relative mode\nG1 E-3 F3000 ;retract the filament a bit before lifting the nozzle, to release some of the pressure\nG1 Z+0.5 F3000 ;move Z up a bit and retract filament even more\nM104 S0; Extruder off\nG28 X Y;move X/Y to min endstops, so the head is out of the way\nG90; absolute positioning \nG1 Y220 F3000\nM84 ;steppers off\nM300 S1318 P266
; machine_load_filament_time = 42
; machine_max_acceleration_e = 2000,2000
; machine_max_acceleration_extruding = 2000,2000
; machine_max_acceleration_retracting = 2000,2000
; machine_max_acceleration_travel = 20000,20000
; machine_max_acceleration_x = 2000,2000
; machine_max_acceleration_y = 2000,2000
; machine_max_acceleration_z = 800,800
; machine_max_jerk_e = 5,5
; machine_max_jerk_x = 10,10
; machine_max_jerk_y = 10,10
; machine_max_jerk_z = 2,2
; machine_max_junction_deviation = 0,0
; machine_max_speed_e = 100,100
; machine_max_speed_x = 300,300
; machine_max_speed_y = 300,300
; machine_max_speed_z = 8,8
; machine_min_extruding_rate = 0,0
; machine_min_travel_rate = 0,0
; machine_pause_gcode = M601
; machine_start_gcode = G21 ; metric values\nG90 ; use absolute coordinates\nM83 ; extruder relative mode\nM104 S[first_layer_temperature] ; set extruder temp\nM140 S[first_layer_bed_temperature] ; set bed temp\nG28; move X/Y/Z to min endstops\nM420 S1\nM300 S1318 P266\nG1 Z5 F5000 ; lift nozzle\nG1 X0 Y0  F3000\nG1 Z0.3; lift nozzle a bit\nG92 E0 ; zero after lift\nG1 X10 Y5 F1800 ; move to purge line start position\nM190 S[first_layer_bed_temperature] ; wait for bed temp\nM109 S[first_layer_temperature] ; wait for extruder temp\nG1 X60 Y5 E20 F500 ; Extrude 20mm of filament in a 5cm line. \nG92 E0 ; zero the extruded length again \nG1 E-4.5 F4000 ; Retract a little \nG92 E0 ; zero the extruded length again\nG1 X120 F4000 ; Quickly wipe away from the filament line\nM117 Printing... ; Display status message
; machine_tool_change_time = 0
; machine_unload_filament_time = 0
; make_overhang_printable = 0
; make_overhang_printable_angle = 55
; make_overhang_printable_hole_size = 0
; manual_filament_change = 0
; max_bridge_length = 10
; max_layer_height = 0.28
; max_resonance_avoidance_speed = 120
; max_travel_detour_distance = 0
; max_volumetric_extrusion_rate_slope = 0
; max_volumetric_extrusion_rate_slope_segment_length = 5
; min_bead_width = 85%
; min_feature_size = 25%
; min_layer_height = 0.08
; min_length_factor = 0.5
; min_resonance_avoidance_speed = 70
; min_skirt_length = 0
; min_width_top_surface = 300%
; minimum_sparse_infill_area = 15
; mmu_segmented_region_interlocking_depth = 0
; mmu_segmented_region_max_width = 0
; notes = 
; nozzle_diameter = 0.4
; nozzle_height = 4
; nozzle_hrc = 0
; nozzle_temperature = 190
; nozzle_temperature_initial_layer = 220
; nozzle_temperature_range_high = 230
; nozzle_temperature_range_low = 190
; nozzle_type = brass
; nozzle_volume = 0
; only_one_wall_first_layer = 0
; only_one_wall_top = 1
; ooze_prevention = 0
; other_layers_print_sequence = 0
; other_layers_print_sequence_nums = 0
; outer_wall_acceleration = 1000
; outer_wall_jerk = 10
; outer_wall_line_width = 0.42
; outer_wall_speed = 60
; overhang_1_4_speed = 60
; overhang_2_4_speed = 50
; overhang_3_4_speed = 30
; overhang_4_4_speed = 10
; overhang_fan_speed = 100
; overhang_fan_threshold = 50%
; overhang_reverse = 0
; overhang_reverse_internal_only = 0
; overhang_reverse_threshold = 50%
; parking_pos_retraction = 0
; pellet_flow_coefficient = 0.4157
; pellet_modded_printer = 0
; post_process = 
; precise_outer_wall = 0
; precise_z_height = 0
; preferred_orientation = 0
; preheat_steps = 1
; preheat_time = 30
; pressure_advance = 0.04
; prime_tower_brim_width = 5
; prime_tower_width = 45
; prime_volume = 45
; print_compatible_printers = "Anycubic Kobra 2 Neo 0.4 nozzle"
; print_flow_ratio = 1
; print_order = default
; print_sequence = by layer
; print_settings_id = 0.20mm Philip @Anycubic Kobra 2 Neo 0.4 nozzle
; printable_area = 0x0,220x0,220x220,0x220
; printable_height = 250
; printer_model = Anycubic Kobra 2 Neo
; printer_notes = 
; printer_settings_id = Anycubic Kobra 2 Neo 0.4 nozzle
; printer_structure = i3
; printer_technology = FFF
; printer_variant = 0.4
; printhost_authorization_type = key
; printhost_ssl_ignore_revoke = 0
; printing_by_object_gcode = 
; purge_in_prime_tower = 0
; raft_contact_distance = 0.1
; raft_expansion = 1.5
; raft_first_layer_density = 90%
; raft_first_layer_expansion = 2
; raft_layers = 0
; reduce_crossing_wall = 0
; reduce_fan_stop_start_freq = 1
; reduce_infill_retraction = 1
; required_nozzle_HRC = 0
; resolution = 0.012
; resonance_avoidance = 0
; retract_before_wipe = 70%
; retract_length_toolchange = 0
; retract_lift_above = 0.3
; retract_lift_below = 258
; retract_lift_enforce = All Surfaces
; retract_restart_extra = 0
; retract_restart_extra_toolchange = 0
; retract_when_changing_layer = 1
; retraction_distances_when_cut = 18
; retraction_length = 2.5
; retraction_minimum_travel = 1
; retraction_speed = 100
; role_based_wipe_speed = 1
; scan_first_layer = 0
; scarf_angle_threshold = 155
; scarf_joint_flow_ratio = 1
; scarf_joint_speed = 100%
; scarf_overhang_threshold = 40%
; seam_gap = 15%
; seam_position = aligned
; seam_slope_conditional = 0
; seam_slope_entire_loop = 0
; seam_slope_inner_walls = 0
; seam_slope_min_length = 20
; seam_slope_start_height = 0
; seam_slope_steps = 10
; seam_slope_type = none
; silent_mode = 0
; single_extruder_multi_material = 1
; single_extruder_multi_material_priming = 0
; single_loop_draft_shield = 0
; skeleton_infill_density = 25%
; skeleton_infill_line_width = 100%
; skin_infill_density = 25%
; skin_infill_depth = 2
; skin_infill_line_width = 100%
; skirt_distance = 2
; skirt_height = 1
; skirt_loops = 0
; skirt_speed = 50
; skirt_start_angle = -135
; skirt_type = combined
; slice_closing_radius = 0.049
; slicing_mode = regular
; slow_down_for_layer_cooling = 1
; slow_down_layer_time = 9
; slow_down_layers = 1
; slow_down_min_speed = 20
; slowdown_for_curled_perimeters = 0
; small_area_infill_flow_compensation = 0
; small_area_infill_flow_compensation_model = 0,0;"\n0.2,0.4444";"\n0.4,0.6145";"\n0.6,0.7059";"\n0.8,0.7619";"\n1.5,0.8571";"\n2,0.8889";"\n3,0.9231";"\n5,0.9520";"\n10,1"
; small_perimeter_speed = 50%
; small_perimeter_threshold = 0
; solid_infill_direction = 45
; solid_infill_filament = 1
; solid_infill_rotate_template = 0,90
; sparse_infill_acceleration = 100%
; sparse_infill_density = 15%
; sparse_infill_filament = 1
; sparse_infill_line_width = 0.45
; sparse_infill_pattern = gyroid
; sparse_infill_rotate_template = 
; sparse_infill_speed = 150
; spiral_finishing_flow_ratio = 0
; spiral_mode = 0
; spiral_mode_max_xy_smoothing = 200%
; spiral_mode_smooth = 0
; spiral_starting_flow_ratio = 0
; staggered_inner_seams = 0
; standby_temperature_delta = -5
; start_end_points = 30x-3,54x245
; supertack_plate_temp = 35
; supertack_plate_temp_initial_layer = 35
; support_air_filtration = 1
; support_angle = 0
; support_base_pattern = rectilinear
; support_base_pattern_spacing = 0.2
; support_bottom_interface_spacing = 0.5
; support_bottom_z_distance = 0.1
; support_chamber_temp_control = 1
; support_critical_regions_only = 0
; support_expansion = 0
; support_filament = 0
; support_interface_bottom_layers = -1
; support_interface_filament = 0
; support_interface_loop_pattern = 0
; support_interface_not_for_body = 1
; support_interface_pattern = auto
; support_interface_spacing = 0.5
; support_interface_speed = 80
; support_interface_top_layers = 2
; support_ironing = 0
; support_ironing_flow = 10%
; support_ironing_pattern = rectilinear
; support_ironing_spacing = 0.1
; support_line_width = 0.4
; support_material_interface_fan_speed = -1
; support_multi_bed_types = 0
; support_object_first_layer_gap = 0.2
; support_object_xy_distance = 0.35
; support_on_build_plate_only = 1
; support_remove_small_overhang = 1
; support_speed = 100
; support_style = default
; support_threshold_angle = 40
; support_threshold_overlap = 50%
; support_top_z_distance = 0.1
; support_type = normal(auto)
; symmetric_infill_y_axis = 0
; temperature_vitrification = 60
; template_custom_gcode = 
; textured_cool_plate_temp = 40
; textured_cool_plate_temp_initial_layer = 40
; textured_plate_temp = 45
; textured_plate_temp_initial_layer = 45
; thick_bridges = 0
; thick_internal_bridges = 1
; thumbnails = 230x110/PNG
; thumbnails_format = PNG
; time_cost = 0
; time_lapse_gcode = 
; timelapse_type = 0
; top_bottom_infill_wall_overlap = 25%
; top_shell_layers = 5
; top_shell_thickness = 1
; top_solid_infill_flow_ratio = 1
; top_surface_acceleration = 1000
; top_surface_density = 100%
; top_surface_jerk = 9
; top_surface_line_width = 0.42
; top_surface_pattern = archimedeanchords
; top_surface_speed = 60
; travel_acceleration = 2000
; travel_jerk = 10
; travel_slope = 3
; travel_speed = 300
; travel_speed_z = 0
; tree_support_adaptive_layer_height = 1
; tree_support_angle_slow = 25
; tree_support_auto_brim = 1
; tree_support_branch_angle = 40
; tree_support_branch_angle_organic = 40
; tree_support_branch_diameter = 5
; tree_support_branch_diameter_angle = 5
; tree_support_branch_diameter_organic = 2
; tree_support_branch_distance = 5
; tree_support_branch_distance_organic = 1
; tree_support_brim_width = 3
; tree_support_tip_diameter = 0.8
; tree_support_top_rate = 30%
; tree_support_wall_count = 0
; upward_compatible_machine = 
; use_firmware_retraction = 0
; use_relative_e_distances = 1
; wall_direction = auto
; wall_distribution_count = 1
; wall_filament = 1
; wall_generator = classic
; wall_loops = 5
; wall_sequence = outer wall/inner wall
; wall_transition_angle = 10
; wall_transition_filter_deviation = 25%
; wall_transition_length = 100%
; wipe = 1
; wipe_before_external_loop = 0
; wipe_distance = 1
; wipe_on_loops = 0
; wipe_speed = 80%
; wipe_tower_bridging = 10
; wipe_tower_cone_angle = 15
; wipe_tower_extra_flow = 100%
; wipe_tower_extra_rib_length = 0
; wipe_tower_extra_spacing = 100%
; wipe_tower_filament = 0
; wipe_tower_fillet_wall = 1
; wipe_tower_max_purge_speed = 90
; wipe_tower_no_sparse_layers = 0
; wipe_tower_rib_width = 8
; wipe_tower_rotation_angle = 0
; wipe_tower_wall_type = rectangle
; wipe_tower_x = 0.000
; wipe_tower_x = 0
; wipe_tower_y = 250.000
; wipe_tower_y = 250
; wiping_volumes_extruders = 70,70,70,70,70,70,70,70,70,70
; xy_contour_compensation = 0
; xy_hole_compensation = 0.1
; z_hop = 0
; z_hop_types = Auto Lift
; z_offset = 0
; first_layer_bed_temperature = 60
; bed_shape = 0x0,220x0,220x220,0x220
; first_layer_temperature = 220
; first_layer_height = 0.240
; CONFIG_BLOCK_END


