; HEADER_BLOCK_START
; generated by OrcaSlicer 2.3.1 on 2026-02-27 at 18:55:59
; total layer number: 100
; filament_density: 1.24
; filament_diameter: 1.75
; max_z_height: 20.04
; HEADER_BLOCK_END

; THUMBNAIL_BLOCK_START

;
; thumbnail begin 230x110 1012
; iVBORw0KGgoAAAANSUhEUgAAAOYAAABuCAYAAAAziW8OAAACvklEQVR4Ae3ay4uNcRzH8bMQKUVsbJ
; SVfwGNy7hHbkmMGON+l2RBpJTkMoUZw5hBGIlkI6tJUTY2VrJRNhQW80f8nOcUZXHOjCx8Fq9XfXdn
; 8Vv83n3P85xTqwEAAAAAAAAAAAAAAAAAAAAAAAAAAABAgumz2tpNW/v4iZOn1CBBdRl39o8UM1ImTZ
; sxswYJhClMAo0W5sbz78vi/Q/Kwt2D9Rkoyw4/KevPvi2dPV+iI1t35k1ZcnCotO+52zj/imPPy4Zz
; 70pX33dhkq9VmEsODJU5my82pm3btTK/q68s2NlfFu4aqF/6R6Xj0se4ILd0f2qcdfamC2XulitlXm
; dPmb/jZv3Mt0v77jtl1YmX9Th/CJNszcJcc+pV42I3C3PRvvuNLdRqA/2Pqc43p+Ny0zAX73/Y2JzC
; JFqzMKttOVqY1dbs7PkaE+X2G9/qZ+4eNcyVx18Ik2z/sjGXHXkaE+XfbMy1p18Lk2zNwqy2z4Idt1
; qG2XE57xmz+pra6hlz+dFnTbe8MInR6uVPFefqk8P1Cz34R5jVC5StVz/HRflrNl/8UJYeelzaOq//
; DnPR3ntNN6UwiTPW3zG76pGmvegZ67nH+llhEsMfDIRJoHHjJ06pvq6a4TJh0tSZNUhQhTlve28xvc
; IkhzCFSSBhCpNAwhQmgYQpTAIJU5gEEqYwCSRMYRJImMIkkDCFSSBhCpNAwhQmgYQpTAIJU5gEEqYw
; CSRMYRJImMIkkDCFSSBhCpNAwhQmgYQpTAIJU5gEEqYwCSRMYRJImMIkkDCFSSBhCpNAwhQmgYQpTA
; IJU5gEEqYwCSRMYRJImMIkkDCFSSBhCpNAwhQmgYQpTAIJU5gEEqYwCSRMYRJImMIkkDCFSSBhCpNA
; whQmgYQpTAIJU5gAAAAAAAAAAAAAAAAAAAAAAAAAAAAAAIzmJxHhg4EqSVjuAAAAAElFTkSuQmCC
; thumbnail end
; THUMBNAIL_BLOCK_END

; external perimeters extrusion width = 0.42mm
; perimeters extrusion width = 0.45mm
; infill extrusion width = 0.45mm
; solid infill extrusion width = 0.42mm
; top infill extrusion width = 0.42mm
; first layer extrusion width = 0.50mm

; EXECUTABLE_BLOCK_START
M201 X2000 Y2000 Z800 E2000
M203 X300 Y300 Z8 E100
M204 P2000 R2000 T20000 ; sets acceleration (P, T) and retract acceleration (R), mm/sec^2
M205 X10.00 Y10.00 Z2.00 E5.00 ; sets the jerk limits, mm/sec
;TYPE:Custom
G21 ; metric values
G90 ; use absolute coordinates
M83 ; extruder relative mode
M104 S220 ; set extruder temp
M140 S60 ; set bed temp
G28; move X/Y/Z to min endstops
M420 S1
M300 S1318 P266
G1 Z5 F5000 ; lift nozzle
G1 X0 Y0  F3000
G1 Z0.3; lift nozzle a bit
G92 E0 ; zero after lift
G1 X10 Y5 F1800 ; move to purge line start position
M190 S60 ; wait for bed temp
M109 S220 ; wait for extruder temp
G1 X60 Y5 E20 F500 ; Extrude 20mm of filament in a 5cm line. 
G92 E0 ; zero the extruded length again 
G1 E-4.5 F4000 ; Retract a little 
G92 E0 ; zero the extruded length again
G1 X120 F4000 ; Quickly wipe away from the filament line
M117 Printing... ; Display status message
G90
G21
M83 ; use relative distances for extrusion
; filament start gcode
M106 S0
;LAYER_CHANGE
;Z:0.24
;HEIGHT:0.24
G92 E0 ; zero the extruded length again
; BEFORE_LAYER_CHANGE 0 @ 0.24mm
G1 E-2.5 F6000
; AFTER_LAYER_CHANGE 0 @ 0.24mm
;_SET_FAN_SPEED_CHANGING_LAYER
M204 P500
; printing object Block.stl id:105326592607568 copy 0
M204 T500
G1 X105.113 Y105.113 F18000
G1 Z.24
G1 Z.24
G1 E2.5 F6000
;TYPE:Brim
;WIDTH:0.5
G1 F3000
G1 X112.179 Y98.048 E.43372
G1 X112.667 Y97.628 E.02796
G1 X113.206 Y97.289 E.02763
G1 X113.748 Y97.047 E.0258
G1 X114.359 Y96.858 E.02774
G1 X114.987 Y96.763 E.02759
G1 X115.623 Y96.763 E.02759
G1 X116.248 Y96.856 E.02745
G1 X117.113 Y97.15 E.03964
G1 X117.674 Y97.447 E.02755
G1 X118.186 Y97.824 E.0276
G1 X121.952 Y101.572 E.23064
G1 X122.372 Y102.06 E.02795
G1 X122.711 Y102.599 E.02763
G1 X122.953 Y103.142 E.0258
G1 X123.142 Y103.752 E.02774
G1 X123.237 Y104.381 E.02759
G1 X123.237 Y105.016 E.02759
G1 X123.144 Y105.642 E.02745
G1 X122.85 Y106.506 E.03964
G1 X122.553 Y107.067 E.02755
G1 X122.173 Y107.583 E.02777
G1 X121.955 Y107.819 E.01397
G1 X107.821 Y121.952 E.86762
G1 X107.333 Y122.372 E.02796
G1 X106.794 Y122.711 E.02763
G1 X106.252 Y122.953 E.0258
G1 X105.641 Y123.142 E.02774
G1 X105.013 Y123.237 E.02759
G1 X104.377 Y123.237 E.02759
G1 X103.752 Y123.144 E.02745
G1 X102.887 Y122.85 E.03964
G1 X102.326 Y122.553 E.02755
G1 X101.811 Y122.174 E.02777
G1 X101.575 Y121.955 E.01397
G1 X98.048 Y118.428 E.2165
G1 X97.628 Y117.94 E.02796
G1 X97.289 Y117.401 E.02763
G1 X97.047 Y116.858 E.0258
G1 X96.858 Y116.248 E.02774
G1 X96.763 Y115.619 E.02759
G1 X96.763 Y114.984 E.02759
G1 X96.856 Y114.358 E.02745
G1 X97.15 Y113.494 E.03964
G1 X97.447 Y112.933 E.02755
G1 X97.826 Y112.418 E.02777
G1 X98.045 Y112.181 E.01397
G1 X105.085 Y105.142 E.43216
G1 X105.402 Y105.459 F18000
G1 F3000
G1 X112.488 Y98.374 E.43495
G1 X112.942 Y97.985 E.02599
G1 X113.409 Y97.691 E.02394
G1 X113.914 Y97.465 E.02401
G1 X114.449 Y97.3 E.02432
G1 X115.011 Y97.213 E.02468
G1 X115.6 Y97.213 E.02554
G1 X116.153 Y97.298 E.02432
G1 X116.925 Y97.56 E.03536
G1 X117.426 Y97.823 E.02458
G1 X117.885 Y98.16 E.0247
G1 X121.62 Y101.874 E.22865
G1 X122.004 Y102.32 E.02553
G1 X122.309 Y102.803 E.02481
G1 X122.535 Y103.308 E.02401
G1 X122.7 Y103.843 E.02432
G1 X122.787 Y104.405 E.02468
G1 X122.789 Y104.973 E.02468
G1 X122.708 Y105.524 E.02414
G1 X122.431 Y106.338 E.03732
G1 X122.166 Y106.836 E.02453
G1 X121.832 Y107.29 E.02446
G1 X121.63 Y107.509 E.01294
G1 X107.52 Y121.619 E.8662
G1 X107.074 Y122.004 E.02556
G1 X106.591 Y122.309 E.02481
G1 X106.086 Y122.535 E.02401
G1 X105.551 Y122.7 E.02432
G1 X104.989 Y122.787 E.02468
G1 X104.42 Y122.789 E.02468
G1 X103.87 Y122.708 E.02414
G1 X103.056 Y122.431 E.03732
G1 X102.557 Y122.166 E.02453
G1 X102.103 Y121.832 E.02446
G1 X101.884 Y121.63 E.01294
G1 X98.381 Y118.126 E.21507
G1 X97.996 Y117.68 E.02556
G1 X97.691 Y117.197 E.02481
G1 X97.465 Y116.692 E.024
G1 X97.3 Y116.157 E.02432
G1 X97.212 Y115.575 E.02555
G1 X97.211 Y115.027 E.02381
G1 X97.292 Y114.477 E.02414
G1 X97.569 Y113.662 E.03732
G1 X97.834 Y113.164 E.02453
G1 X98.168 Y112.71 E.02446
G1 X98.37 Y112.491 E.01295
G1 X105.374 Y105.487 E.42995
G1 X105.691 Y105.805 F18000
G1 F3000
G1 X112.796 Y98.7 E.43616
G1 X113.217 Y98.341 E.024
G1 X113.63 Y98.084 E.02111
G1 X114.08 Y97.883 E.02139
G1 X114.541 Y97.741 E.02093
G1 X115.036 Y97.663 E.02174
G1 X115.576 Y97.663 E.02345
G1 X116.058 Y97.739 E.02117
G1 X116.737 Y97.97 E.03117
G1 X117.179 Y98.2 E.02162
G1 X117.584 Y98.495 E.02177
G1 X121.287 Y102.176 E.22665
G1 X121.636 Y102.58 E.02313
G1 X121.908 Y103.007 E.02198
G1 X122.111 Y103.458 E.0215
G1 X122.259 Y103.934 E.02163
G1 X122.337 Y104.43 E.02178
G1 X122.34 Y104.931 E.02176
G1 X122.272 Y105.406 E.02082
G1 X122.013 Y106.169 E.03496
G1 X121.78 Y106.605 E.02148
G1 X121.49 Y106.998 E.0212
G1 X121.304 Y107.2 E.01192
G1 X107.218 Y121.287 E.86475
G1 X106.814 Y121.636 E.02318
G1 X106.386 Y121.908 E.02198
G1 X105.935 Y122.111 E.02149
G1 X105.459 Y122.259 E.02163
G1 X104.964 Y122.337 E.02178
G1 X104.462 Y122.34 E.02176
G1 X103.988 Y122.272 E.02082
G1 X103.225 Y122.013 E.03496
G1 X102.789 Y121.78 E.02148
G1 X102.395 Y121.49 E.0212
G1 X102.197 Y121.308 E.01168
G1 X98.713 Y117.824 E.21386
G1 X98.352 Y117.404 E.02404
G1 X98.083 Y116.976 E.02196
G1 X97.883 Y116.526 E.02136
G1 X97.737 Y116.047 E.02177
G1 X97.662 Y115.551 E.02176
G1 X97.66 Y115.069 E.02092
G1 X97.728 Y114.594 E.02083
G1 X97.987 Y113.831 E.03496
G1 X98.22 Y113.395 E.02148
G1 X98.51 Y113.002 E.0212
G1 X98.696 Y112.8 E.01192
G1 X105.663 Y105.833 E.4277
G1 X105.98 Y106.15 F18000
G1 F3000
G1 X113.097 Y99.034 E.43689
G1 X113.492 Y98.699 E.02245
G1 X113.85 Y98.477 E.01829
G1 X114.246 Y98.302 E.0188
G1 X114.652 Y98.178 E.01844
G1 X115.061 Y98.113 E.01796
G1 X115.551 Y98.113 E.02131
G1 X115.961 Y98.18 E.01799
G1 X116.551 Y98.381 E.02707
G1 X116.933 Y98.578 E.01867
G1 X117.284 Y98.832 E.0188
G1 X120.956 Y102.479 E.22464
G1 X121.269 Y102.841 E.02077
G1 X121.507 Y103.212 E.01916
G1 X121.687 Y103.61 E.01897
G1 X121.818 Y104.027 E.01895
G1 X121.887 Y104.456 E.01888
G1 X121.891 Y104.891 E.01884
G1 X121.836 Y105.289 E.01746
G1 X121.595 Y105.999 E.03256
G1 X121.394 Y106.373 E.01841
G1 X121.148 Y106.707 E.01802
G1 X120.978 Y106.892 E.01089
G1 X106.916 Y120.955 E.86328
G1 X106.553 Y121.269 E.02084
G1 X106.181 Y121.507 E.01916
G1 X105.783 Y121.687 E.01896
G1 X105.367 Y121.818 E.01895
G1 X104.937 Y121.887 E.01889
G1 X104.503 Y121.891 E.01884
G1 X104.105 Y121.836 E.01746
G1 X103.394 Y121.595 E.03257
G1 X103.021 Y121.394 E.01841
G1 X102.687 Y121.147 E.01803
G1 X102.509 Y120.986 E.0104
G1 X99.046 Y117.523 E.2126
G1 X98.709 Y117.129 E.0225
G1 X98.476 Y116.756 E.0191
G1 X98.302 Y116.361 E.01871
G1 X98.178 Y115.957 E.01837
G1 X98.112 Y115.526 E.0189
G1 X98.109 Y115.11 E.01806
G1 X98.164 Y114.711 E.01749
G1 X98.405 Y114.001 E.03257
G1 X98.606 Y113.627 E.0184
G1 X98.852 Y113.293 E.01802
G1 X99.022 Y113.108 E.01089
G1 X105.952 Y106.178 E.42542
G1 X106.269 Y106.495 F18000
G1 F3000
G1 X113.397 Y99.368 E.43759
G1 X113.765 Y99.057 E.02088
G1 X114.068 Y98.87 E.01546
G1 X114.395 Y98.726 E.01552
G1 X114.744 Y98.619 E.01584
G1 X115.085 Y98.564 E.01503
G1 X115.526 Y98.563 E.01913
G1 X115.862 Y98.62 E.01479
G1 X116.366 Y98.791 E.02308
G1 X116.689 Y98.956 E.01576
G1 X116.985 Y99.168 E.0158
G1 X120.624 Y102.781 E.22261
G1 X120.902 Y103.103 E.01844
G1 X121.107 Y103.419 E.01636
G1 X121.264 Y103.763 E.01643
G1 X121.377 Y104.121 E.01628
G1 X121.437 Y104.484 E.016
G1 X121.442 Y104.851 E.01593
G1 X121.399 Y105.172 E.01406
G1 X121.177 Y105.83 E.03012
G1 X121.008 Y106.139 E.01531
G1 X120.805 Y106.416 E.01491
G1 X120.652 Y106.584 E.00987
G1 X106.607 Y120.629 E.86221
G1 X106.291 Y120.902 E.01811
G1 X105.974 Y121.107 E.01636
G1 X105.63 Y121.264 E.01643
G1 X105.254 Y121.382 E.01712
G1 X104.889 Y121.439 E.01603
G1 X104.522 Y121.441 E.01593
G1 X104.197 Y121.393 E.01428
G1 X103.564 Y121.177 E.02903
G1 X103.254 Y121.008 E.01531
G1 X102.977 Y120.804 E.01493
G1 X102.817 Y120.659 E.00938
G1 X99.379 Y117.222 E.21103
G1 X99.066 Y116.854 E.02095
G1 X98.879 Y116.553 E.01541
G1 X98.726 Y116.212 E.01623
G1 X98.619 Y115.866 E.01574
G1 X98.561 Y115.5 E.01607
G1 X98.557 Y115.15 E.0152
G1 X98.601 Y114.828 E.01411
G1 X98.823 Y114.17 E.03012
G1 X98.992 Y113.861 E.0153
G1 X99.195 Y113.584 E.01491
G1 X99.348 Y113.416 E.00987
G1 X106.241 Y106.524 E.42311
G1 X106.558 Y106.841 F18000
G1 F3000
G1 X113.74 Y99.658 E.4409
G1 X114.351 Y99.232 E.03238
G1 X114.684 Y99.106 E.01541
G1 X115.057 Y99.03 E.01656
G1 X115.492 Y99.025 E.01888
G1 X116.012 Y99.137 E.02306
G1 X116.317 Y99.27 E.01446
G1 X116.7 Y99.522 E.0199
G1 X120.318 Y103.109 E.22115
G1 X120.78 Y103.791 E.03575
G1 X120.887 Y104.081 E.01341
G1 X120.958 Y104.396 E.01405
G1 X120.982 Y104.659 E.01145
G1 X120.952 Y105.072 E.01796
G1 X120.861 Y105.422 E.01571
G1 X120.755 Y105.674 E.01188
G1 X120.345 Y106.257 E.03094
G1 X106.205 Y120.391 E.86784
G1 X105.911 Y120.615 E.01607
G1 X105.642 Y120.767 E.01339
G1 X105.531 Y120.813 E.00524
G1 X104.909 Y120.976 E.02792
G1 X104.656 Y120.987 E.01098
G1 X104.279 Y120.947 E.01645
G1 X103.958 Y120.858 E.01445
G1 X103.713 Y120.753 E.01158
G1 X103.135 Y120.343 E.03076
G1 X99.458 Y116.623 E.22705
G1 X99.312 Y116.4 E.01159
G1 X99.172 Y116.106 E.01413
G1 X99.057 Y115.709 E.01792
G1 X99.019 Y115.466 E.01071
G1 X99.025 Y115.077 E.01688
G1 X99.076 Y114.776 E.01323
G1 X99.244 Y114.329 E.02075
G1 X99.303 Y114.221 E.0053
G1 X99.655 Y113.743 E.02579
G1 X106.529 Y106.869 E.422
G1 X106.846 Y107.186 F18000
G1 F3000
G1 X114.064 Y99.968 E.4431
G1 X114.516 Y99.649 E.02399
G1 X114.763 Y99.548 E.0116
G1 X115.16 Y99.467 E.01759
G1 X115.494 Y99.473 E.01452
G1 X115.917 Y99.575 E.01885
G1 X116.129 Y99.677 E.01024
G1 X116.459 Y99.9 E.01727
G1 X120.009 Y103.435 E.2175
G1 X120.36 Y103.949 E.02702
G1 X120.447 Y104.171 E.01032
G1 X120.523 Y104.504 E.01482
G1 X120.535 Y104.629 E.00547
G1 X120.518 Y104.959 E.01433
G1 X120.452 Y105.239 E.0125
G1 X120.339 Y105.507 E.01263
G1 X120.035 Y105.933 E.02271
G1 X105.932 Y120.035 E.86575
G1 X105.699 Y120.22 E.01291
G1 X105.415 Y120.38 E.01414
G1 X104.891 Y120.528 E.02366
G1 X104.7 Y120.541 E.00829
G1 X104.399 Y120.515 E.01311
G1 X104.144 Y120.45 E.01145
G1 X103.884 Y120.338 E.01229
G1 X103.46 Y120.035 E.0226
G1 X99.841 Y116.389 E.223
G1 X99.682 Y116.147 E.01258
G1 X99.578 Y115.915 E.01104
G1 X99.488 Y115.585 E.01482
G1 X99.461 Y115.394 E.00837
G1 X99.473 Y115.087 E.01337
G1 X99.518 Y114.851 E.01043
G1 X99.663 Y114.489 E.01691
G1 X99.965 Y114.067 E.02251
G1 X106.818 Y107.214 E.4207
G1 X107.135 Y107.531 F18000
G1 F3000
G1 X114.39 Y100.277 E.44533
G1 X114.691 Y100.061 E.0161
G1 X114.857 Y99.986 E.00789
G1 X115.162 Y99.915 E.01362
G1 X115.389 Y99.909 E.00983
G1 X115.73 Y99.983 E.01516
G1 X115.87 Y100.043 E.00661
G1 X116.218 Y100.278 E.01825
G1 X119.701 Y103.761 E.2138
G1 X119.947 Y104.122 E.01896
G1 X120.008 Y104.259 E.00651
G1 X120.087 Y104.611 E.01563
G1 X120.08 Y104.865 E.01106
G1 X120.043 Y105.055 E.00838
G1 X119.923 Y105.34 E.01346
G1 X119.724 Y105.609 E.0145
G1 X105.61 Y119.724 E.86648
G1 X105.42 Y119.869 E.01038
G1 X105.199 Y119.987 E.01088
G1 X104.853 Y120.082 E.01557
G1 X104.735 Y120.094 E.00512
G1 X104.501 Y120.079 E.01019
G1 X104.33 Y120.042 E.00758
G1 X104.054 Y119.923 E.01307
G1 X103.784 Y119.724 E.01452
G1 X100.218 Y116.148 E.21924
G1 X100.085 Y115.951 E.0103
G1 X100.013 Y115.807 E.00699
G1 X99.918 Y115.459 E.01565
G1 X99.906 Y115.342 E.00512
G1 X99.921 Y115.107 E.01019
G1 X99.958 Y114.937 E.00758
G1 X100.077 Y114.66 E.01307
G1 X100.276 Y114.391 E.01452
G1 X107.107 Y107.56 E.41936
G1 X107.424 Y107.877 F18000
G1 F3000
G1 X114.715 Y100.586 E.44755
G1 X114.864 Y100.475 E.0081
G1 X115.054 Y100.389 E.00903
G1 X115.248 Y100.354 E.00857
G1 X115.391 Y100.357 E.00618
G1 X115.624 Y100.418 E.01048
G1 X115.892 Y100.586 E.01373
G1 X119.393 Y104.087 E.21491
G1 X119.573 Y104.37 E.01457
G1 X119.639 Y104.61 E.0108
G1 X119.642 Y104.767 E.00682
G1 X119.6 Y104.981 E.00947
G1 X119.517 Y105.15 E.00814
G1 X119.414 Y105.285 E.00738
G1 X105.286 Y119.413 E.86731
G1 X105.152 Y119.51 E.00718
G1 X104.988 Y119.591 E.00795
G1 X104.749 Y119.646 E.01066
G1 X104.607 Y119.643 E.00617
G1 X104.413 Y119.601 E.00859
G1 X104.244 Y119.517 E.0082
G1 X104.109 Y119.414 E.00738
G1 X100.587 Y115.893 E.21618
G1 X100.49 Y115.759 E.00718
G1 X100.409 Y115.595 E.00795
G1 X100.354 Y115.355 E.01066
G1 X100.357 Y115.213 E.00617
G1 X100.399 Y115.02 E.00859
G1 X100.483 Y114.85 E.0082
G1 X100.586 Y114.715 E.00738
G1 X107.396 Y107.905 E.41806
G1 X107.713 Y108.222 F18000
G1 F3000
G1 X115.039 Y100.897 E.44972
G1 X115.115 Y100.846 E.00397
G1 X115.227 Y100.803 E.0052
G1 X115.398 Y100.806 E.00745
G1 X115.568 Y100.897 E.00835
G1 X119.082 Y104.411 E.21574
G1 X119.19 Y104.604 E.00959
G1 X119.194 Y104.792 E.00817
G1 X119.15 Y104.892 E.00476
G1 X119.103 Y104.961 E.00362
G1 X104.961 Y119.103 E.86817
G1 X104.773 Y119.197 E.00913
G1 X104.602 Y119.194 E.00745
G1 X104.501 Y119.15 E.00476
G1 X104.432 Y119.103 E.00362
G1 X100.897 Y115.568 E.21704
G1 X100.803 Y115.38 E.00913
G1 X100.806 Y115.208 E.00745
G1 X100.85 Y115.108 E.00476
G1 X100.897 Y115.039 E.00362
G1 X107.685 Y108.25 E.41672
G1 E-1.75 F6000
;WIPE_START
G1 F3000
G1 X108.392 Y107.543 E-.75
;WIPE_END
G1 X101.62 Y115.303 F18000
G1 E2.5 F6000
;TYPE:Outer wall
G1 F3000
G2 X103.123 Y113.711 I-12.568 J-13.368 E.09509
G3 X104.184 Y112.693 I7.626 J6.884 E.06388
G2 X104.924 Y111.998 I-10.042 J-11.444 E.04407
G1 X111.998 Y104.924 E.43425
G2 X113.013 Y103.805 I-11.751 J-11.675 E.06559
G3 X114.093 Y102.801 I9.429 J9.057 E.06409
G2 X115.303 Y101.62 I-17.418 J-19.062 E.07338
G1 X118.38 Y104.697 E.18888
G2 X116.877 Y106.289 I12.618 J13.419 E.09509
G3 X115.816 Y107.307 I-7.594 J-6.848 E.06388
G2 X115.076 Y108.002 I10.042 J11.444 E.04407
G1 X108.002 Y115.076 E.43425
G2 X106.987 Y116.195 I11.75 J11.674 E.06559
G3 X105.907 Y117.199 I-9.429 J-9.057 E.06409
G2 X104.697 Y118.38 I17.418 J19.062 E.07338
G1 X101.663 Y115.345 E.18627
G1 E-1.75 F6000
;WIPE_START
G1 F3000
G1 X102.331 Y114.602 E-.75
;WIPE_END
G1 X105.185 Y117.261 F18000
G1 E2.5 F6000
;TYPE:Inner wall
G1 F3000
G1 X104.698 Y117.746 E.02985
G1 X104.262 Y117.31 E.02677
G1 X104.371 Y117.13 E.00916
G1 X104.499 Y117.17 E.0058
G2 X105.125 Y117.259 I.762 J-3.102 E.02752
G1 E-1.75 F6000
;WIPE_START
G1 F3000
G1 X104.698 Y117.746 E-.48604
G1 X104.449 Y117.497 E-.26396
;WIPE_END
G1 X102.856 Y115.584 F18000
G1 E2.5 F6000
G1 F3000
G1 X102.868 Y115.634 E.00223
G1 X102.689 Y115.737 E.00895
G1 X102.254 Y115.302 E.0267
G1 X102.739 Y114.815 E.02985
G1 X102.768 Y115.183 E.01604
G1 X102.844 Y115.526 E.01523
G1 E-1.75 F6000
;WIPE_START
G1 F3000
G1 X102.868 Y115.634 E-.08345
G1 X102.689 Y115.737 E-.15464
G1 X102.254 Y115.302 E-.46136
G1 X102.301 Y115.254 E-.05056
;WIPE_END
G1 X107.026 Y114.673 F18000
G1 E2.5 F6000
;TYPE:Outer wall
G1 F3000
G1 X107.032 Y114.799 E.00549
G3 X106.955 Y115.387 I-1.889 J.049 E.02586
G3 X105.547 Y116.736 I-2.206 J-.892 E.08723
G3 X103.354 Y114.209 I-.468 J-1.809 E.17995
G3 X104.613 Y113.046 I2.216 J1.136 E.07598
G3 X105.034 Y112.962 I.631 J2.049 E.01868
G3 X106.994 Y114.465 I.109 J1.887 E.11684
G1 X107.017 Y114.613 E.00651
G1 E-1.75 F6000
;WIPE_START
G1 F3000
G1 X107.032 Y114.799 E-.13968
G1 X107.039 Y114.966 E-.12512
G1 X106.955 Y115.387 E-.32221
G1 X106.861 Y115.583 E-.16299
;WIPE_END
G1 X117.261 Y105.185 F18000
G1 E2.5 F6000
;TYPE:Inner wall
G1 F3000
G2 X117.132 Y104.366 I-3.102 J.067 E.03612
G1 X117.311 Y104.263 E.00895
G1 X117.746 Y104.698 E.0267
G1 X117.303 Y105.143 E.02725
G1 E-1.75 F6000
;WIPE_START
G1 F3000
G1 X117.232 Y104.817 E-.25011
G1 X117.132 Y104.366 E-.34659
G1 X117.31 Y104.264 E-.1533
;WIPE_END
G1 X115.629 Y102.87 F18000
G1 E2.5 F6000
G1 F3000
G2 X114.815 Y102.739 I-.91 J3.048 E.0359
G1 X115.302 Y102.254 E.02985
G1 X115.738 Y102.69 E.02677
G1 X115.66 Y102.819 E.00656
G1 E-1.75 F6000
;WIPE_START
G1 F3000
G1 X115.183 Y102.768 E-.35977
G1 X114.815 Y102.739 E-.27703
G1 X114.922 Y102.632 E-.1132
;WIPE_END
G1 X115.066 Y107.019 F18000
G1 E2.5 F6000
;TYPE:Outer wall
G1 F3000
G1 X114.97 Y107.032 E.00419
G3 X113.112 Y104.451 I-.134 J-1.863 E.16517
G3 X114.371 Y103.288 I2.202 J1.122 E.07601
G3 X114.793 Y103.203 I.63 J2.047 E.01868
G3 X116.712 Y105.629 I.109 J1.886 E.15727
G3 X115.387 Y106.954 I-2.198 J-.873 E.08365
G1 X115.125 Y107.007 E.01161
G1 X114.941 Y107.503 F18000
;TYPE:Inner wall
G1 F3000
G1 X107.503 Y114.941 E.4566
G2 X105.059 Y112.497 I-2.406 J-.037 E.16732
G1 X112.485 Y105.072 E.45585
G1 X112.541 Y105.528 E.01997
G2 X114.881 Y107.503 I2.356 J-.417 E.14423
G1 E-1.75 F6000
;WIPE_START
G1 F3000
G1 X114.177 Y108.213 E-.75
;WIPE_END
G1 X115.152 Y107.269 F18000
G1 E2.5 F6000
;TYPE:Gap infill
;WIDTH:0.141535
G1 F3000
G1 X115.292 Y107.26 E.00122
;WIDTH:0.172292
G1 X115.476 Y107.228 E.00218
;WIDTH:0.160553
G1 X115.571 Y107.168 E.00119
;WIDTH:0.127477
G1 X115.661 Y107.112 E.00078
G1 E-2.28843 F6000
;WIPE_START
G1 F3000
G1 X115.571 Y107.168 E-.21157
;WIPE_END
G1 X116.865 Y105.916 F18000
G1 E2.5 F6000
;WIDTH:0.142383
G1 F3000
G1 X116.923 Y105.819 E.00099
;WIDTH:0.157823
G1 X116.981 Y105.723 E.00116
;WIDTH:0.182194
G2 X117.011 Y105.608 I-.185 J-.109 E.00152
;WIDTH:0.155465
G1 X117.018 Y105.534 E.00076
;WIDTH:0.126861
G1 X117.027 Y105.394 E.00102
G1 E-2.21954 F6000
;WIPE_START
G1 F3000
G1 X117.018 Y105.534 E-.28046
;WIPE_END
G1 X116.857 Y104.265 F18000
G1 E2.5 F6000
;WIDTH:0.524086
G1 F3000
G1 X116.954 Y103.931 E.01593
G1 X116.82 Y103.764 E.00974
;WIDTH:0.466143
G1 X116.474 Y103.393 E.02037
G1 X116.224 Y103.17 E.01343
;WIDTH:0.521391
G1 X116.068 Y103.045 E.0091
G1 X115.728 Y103.14 E.01606
G1 E-1.75 F6000
;WIPE_START
G1 F3000
G1 X116.068 Y103.045 E-.47887
G1 X116.224 Y103.17 E-.27113
;WIPE_END
G1 X114.613 Y102.974 F18000
G1 E2.5 F6000
;WIDTH:0.125585
G1 F3000
G1 X114.473 Y102.981 E.001
;WIDTH:0.153626
G1 X114.395 Y102.989 E.00078
;WIDTH:0.181786
G2 X114.277 Y103.019 I-.008 J.217 E.00156
;WIDTH:0.157846
G1 X114.181 Y103.077 E.00116
;WIDTH:0.142399
G1 X114.084 Y103.135 E.00099
G1 E-2.27539 F6000
;WIPE_START
G1 F3000
G1 X114.181 Y103.077 E-.22461
;WIPE_END
G1 X112.666 Y104.704 F18000
G1 E2.5 F6000
;WIDTH:0.16414
G1 F3000
G3 X112.832 Y104.428 I4.464 J2.497 E.00351
;WIDTH:0.127247
G1 X112.888 Y104.339 E.00078
G1 X112.744 Y104.462 F18000
;WIDTH:0.190674
G1 F3000
G1 X112.726 Y104.718 E.00346
;WIDTH:0.152663
G1 X112.722 Y104.824 E.00104
;WIDTH:0.138943
G1 X112.719 Y104.93 E.0009
G1 E-2.28782 F6000
;WIPE_START
G1 F3000
G1 X112.722 Y104.824 E-.21218
;WIPE_END
G1 X112.55 Y106.042 F18000
G1 E2.5 F6000
;TYPE:Bottom surface
;WIDTH:0.51932
G1 F3000
G1 X111.991 Y106.042 E.02534
G1 X111.523 Y106.51 E.02996
G1 X112.552 Y106.51 E.04662
G2 X112.906 Y106.977 I3.207 J-2.056 E.02657
G1 X111.055 Y106.977 E.0838
G1 X110.587 Y107.445 E.02996
G1 X113.488 Y107.445 E.13136
G1 X113.953 Y107.67 E.02336
G1 X114.226 Y107.742 E.01278
G1 X114.055 Y107.913 E.01094
G1 X110.119 Y107.913 E.17819
G1 X109.651 Y108.381 E.02996
G1 X113.587 Y108.381 E.17819
G1 X113.119 Y108.849 E.02996
G1 X109.184 Y108.849 E.17819
G1 X108.716 Y109.316 E.02996
G1 X112.651 Y109.316 E.17819
G1 X112.183 Y109.784 E.02996
G1 X108.248 Y109.784 E.17819
G1 X107.78 Y110.252 E.02996
G1 X111.716 Y110.252 E.17819
G1 X111.248 Y110.72 E.02996
G1 X107.312 Y110.72 E.17819
G1 X106.845 Y111.188 E.02996
G1 X110.78 Y111.188 E.17819
G1 X110.312 Y111.656 E.02996
G1 X106.377 Y111.656 E.17819
G1 X105.909 Y112.123 E.02996
G1 X109.844 Y112.123 E.17819
G1 X109.377 Y112.591 E.02996
G1 X106.566 Y112.591 E.12728
G3 X107.123 Y113.059 I-1.275 J2.086 E.03308
G1 X108.909 Y113.059 E.08085
G1 X108.441 Y113.527 E.02996
G1 X107.471 Y113.527 E.04391
G3 X107.675 Y113.995 I-1.423 J.899 E.02317
G1 X108.258 Y113.995 E.02643
G1 E-1.75 F6000
;WIPE_START
G1 F3000
G1 X107.675 Y113.995 E-.43771
G1 X107.631 Y113.855 E-.10961
G1 X107.513 Y113.612 E-.20268
;WIPE_END
G1 X106.361 Y112.459 F18000
G1 E2.5 F6000
;TYPE:Gap infill
;WIDTH:0.134457
G1 F3000
G2 X105.897 Y112.38 I-1.23 J5.848 E.00378
G1 E-1.75 F6000
;WIPE_START
G1 F3000
G1 X106.361 Y112.459 E-.75
;WIPE_END
G1 X104.855 Y112.732 F18000
G1 E2.5 F6000
;WIDTH:0.125586
G1 F3000
G1 X104.715 Y112.74 E.001
;WIDTH:0.153847
G1 X104.636 Y112.747 E.00079
;WIDTH:0.182751
G2 X104.518 Y112.776 I-.018 J.18 E.00157
;WIDTH:0.159425
G1 X104.429 Y112.832 E.0011
;WIDTH:0.143452
G1 X104.339 Y112.888 E.00094
G1 E-2.28846 F6000
;WIPE_START
G1 F3000
G1 X104.429 Y112.832 E-.21154
;WIPE_END
G1 X103.135 Y114.083 F18000
G1 E2.5 F6000
;WIDTH:0.126669
G1 F3000
G1 X103.077 Y114.18 E.00082
;WIDTH:0.158279
G1 X103.014 Y114.284 E.00126
;WIDTH:0.170172
G1 X102.996 Y114.317 E.00043
G1 X102.981 Y114.475 E.00183
;WIDTH:0.138686
G1 X102.974 Y114.614 E.00117
G1 E-2.22239 F6000
;WIPE_START
G1 F3000
G1 X102.981 Y114.475 E-.27761
;WIPE_END
G1 X103.143 Y115.735 F18000
G1 E2.5 F6000
;WIDTH:0.520052
G1 F3000
G1 X103.046 Y116.069 E.01579
G1 X103.175 Y116.23 E.00933
;WIDTH:0.463622
G1 X103.448 Y116.53 E.01617
G1 X103.677 Y116.746 E.01256
;WIDTH:0.488836
G1 X103.835 Y116.879 E.00875
;WIDTH:0.523632
G2 X104.126 Y117.102 I5.274 J-6.557 E.01674
G1 E-1.76722 F6000
;WIPE_START
G1 F3000
G1 X103.835 Y116.879 E-.73278
;WIPE_END
G1 X105.395 Y117.026 F18000
G1 E2.5 F6000
;WIDTH:0.142035
G1 F3000
G1 X105.507 Y117.018 E.00099
;WIDTH:0.156094
G1 X105.619 Y117.011 E.00114
;WIDTH:0.184253
G2 X105.714 Y116.985 I-.007 J-.21 E.00127
;WIDTH:0.160963
G1 X105.8 Y116.937 E.00104
;WIDTH:0.126704
G1 X105.917 Y116.864 E.001
G1 E-2.22445 F6000
;WIPE_START
G1 F3000
G1 X105.8 Y116.937 E-.27555
;WIPE_END
G1 X107.112 Y115.661 F18000
G1 E2.5 F6000
;WIDTH:0.142974
G1 F3000
G1 X107.168 Y115.572 E.00094
;WIDTH:0.158709
G1 X107.224 Y115.482 E.0011
;WIDTH:0.182195
G2 X107.253 Y115.363 I-.152 J-.1 E.00158
;WIDTH:0.153573
G1 X107.261 Y115.283 E.0008
;WIDTH:0.125506
G1 X107.268 Y115.144 E.001
; stop printing object Block.stl id:105326592607568 copy 0
M106 S127
;LAYER_CHANGE
;Z:0.44
;HEIGHT:0.2
G92 E0 ; zero the extruded length again
; BEFORE_LAYER_CHANGE 1 @ 0.44mm
G1 E-2.2218 F6000
;WIPE_START
G1 F3000
G1 X107.261 Y115.283 E-.2782
;WIPE_END
; AFTER_LAYER_CHANGE 1 @ 0.44mm
;_SET_FAN_SPEED_CHANGING_LAYER
M204 P2000
M104 S190 ; set nozzle temperature
; printing object Block.stl id:105326592607568 copy 0
M204 T2000
G1 X101.458 Y115.303 Z.44 F18000
G1 E2.5 F6000
M204 P1000
;TYPE:Outer wall
;WIDTH:0.42
G1 F1787
G1 X115.303 Y101.458 E.5955
G1 X118.542 Y104.697 E.13929
G1 X104.697 Y118.542 E.5955
G1 X101.501 Y115.346 E.13747
G1 E-1.75 F6000
;WIPE_START
G1 F3600
G1 X102.206 Y114.636 E-.75
;WIPE_END
G1 X105.642 Y117.043 F18000
G1 E2.5 F6000
M204 P1500
;TYPE:Inner wall
;WIDTH:0.45
G1 F1787
G1 X104.697 Y117.987 E.04387
G1 X102.013 Y115.303 E.12463
G1 X102.94 Y114.376 E.04307
G1 X102.919 Y114.871 E.01629
G2 X105.217 Y117.08 I2.207 J.003 E.11694
G1 X105.582 Y117.048 E.01202
G1 E-1.75 F6000
;WIPE_START
G1 X104.896 Y117.776 E-.75
;WIPE_END
G1 X106.917 Y114.687 F18000
G1 E2.5 F6000
M204 P1000
;TYPE:Outer wall
;WIDTH:0.42
G1 F1787
G1 X106.922 Y115.037 E.01065
G3 X104.885 Y113.084 I-1.802 J-.158 E.24735
G1 X105.039 Y113.071 E.0047
G3 X106.911 Y114.627 I.081 J1.808 E.08122
G1 E-1.75 F6000
;WIPE_START
G1 F3600
G1 X106.922 Y115.037 E-.30735
G1 X106.87 Y115.348 E-.23653
G1 X106.77 Y115.604 E-.20613
;WIPE_END
G1 X117.06 Y105.624 F18000
G1 E2.5 F6000
M204 P1500
;TYPE:Inner wall
;WIDTH:0.45
G1 F1787
G2 X116.875 Y104.19 I-2.791 J-.37 E.04802
G2 X114.775 Y102.921 I-2.002 J.941 E.0854
G1 X114.358 Y102.957 E.01374
G1 X115.303 Y102.013 E.04387
G1 X117.987 Y104.697 E.12463
G1 X117.102 Y105.582 E.0411
G1 E-1.75 F6000
;WIPE_START
G1 X117.081 Y105.129 E-.34025
G1 X117.063 Y104.833 E-.22184
G1 X117.013 Y104.588 E-.18791
;WIPE_END
G1 X115.056 Y106.917 F18000
G1 E2.5 F6000
M204 P1000
;TYPE:Outer wall
;WIDTH:0.42
G1 F1787
G1 X114.721 Y106.923 E.01019
G3 X114.643 Y103.326 I.156 J-1.803 E.16098
G1 X114.797 Y103.313 E.0047
G3 X115.116 Y106.914 I.081 J1.808 E.16805
G1 X115.09 Y107.312 F18000
M204 P1500
;TYPE:Inner wall
;WIDTH:0.45
G1 F1787
G1 X115.4 Y107.284 E.01021
G1 X107.302 Y115.382 E.37601
G2 X107.117 Y113.948 I-2.791 J-.37 E.04802
G2 X105.017 Y112.679 I-2.002 J.941 E.0854
G1 X104.6 Y112.716 E.01374
G1 X112.716 Y104.6 E.37681
G1 X112.678 Y105.025 E.01399
G2 X114.983 Y107.321 I2.205 J.092 E.12009
G1 X115.03 Y107.317 E.00156
G1 E-1.75 F6000
;WIPE_START
G1 X115.4 Y107.284 E-.27812
G1 X114.955 Y107.729 E-.47188
;WIPE_END
G1 X114.422 Y108.03 F18000
G1 E2.5 F6000
M204 P2000
;TYPE:Internal solid infill
;WIDTH:0.427489
G1 F1787
G1 X114.422 Y107.615 E.01287
G3 X114.038 Y107.505 I.227 J-1.516 E.01245
G1 X114.038 Y108.175 E.02079
G1 X113.653 Y108.559 E.01687
G1 X113.653 Y107.34 E.03783
G3 X113.269 Y107.078 I1.926 J-3.241 E.01444
G1 X113.269 Y108.944 E.05789
G1 X112.884 Y109.329 E.01687
G1 X112.884 Y106.679 E.08217
G3 X112.5 Y105.998 I1.996 J-1.576 E.02436
G1 X112.5 Y109.713 E.11523
G1 X112.115 Y110.098 E.01687
G1 X112.115 Y105.672 E.13727
G1 X111.731 Y106.057 E.01687
G1 X111.731 Y110.482 E.13727
G1 X111.346 Y110.867 E.01687
G1 X111.346 Y106.441 E.13727
G1 X110.961 Y106.826 E.01687
G1 X110.961 Y111.251 E.13727
G1 X110.577 Y111.636 E.01687
G1 X110.577 Y107.21 E.13727
G1 X110.192 Y107.595 E.01687
G1 X110.192 Y112.021 E.13727
G1 X109.808 Y112.405 E.01687
G1 X109.808 Y107.98 E.13727
G1 X109.423 Y108.364 E.01687
G1 X109.423 Y112.79 E.13727
G1 X109.242 Y112.971 E.00796
G1 X109.039 Y112.971 E.0063
G1 X109.039 Y108.749 E.13097
G1 X108.654 Y109.133 E.01687
G1 X108.654 Y112.971 E.11904
G1 X108.269 Y112.971 E.01193
G1 X108.269 Y109.518 E.10711
G1 X107.885 Y109.902 E.01687
G1 X107.885 Y112.971 E.09518
G1 X107.5 Y112.971 E.01193
G1 X107.5 Y110.287 E.08325
G1 X107.116 Y110.672 E.01687
G1 X107.116 Y112.971 E.07132
G1 X106.786 Y112.971 E.01021
G1 X106.731 Y112.929 E.00216
G1 X106.731 Y111.056 E.05808
G1 X106.347 Y111.441 E.01687
G1 X106.347 Y112.661 E.03784
G2 X105.962 Y112.492 I-1.105 J1.995 E.01305
G1 X105.962 Y111.825 E.02068
G1 X105.577 Y112.21 E.01687
G1 X105.577 Y112.559 E.01082
G1 X104.511 Y112.944 F18000
;TYPE:Gap infill
;WIDTH:0.103771
G1 F1787
G1 X104.422 Y112.962 E.00045
;WIDTH:0.124408
G1 X104.336 Y112.983 E.00058
;WIDTH:0.158747
G2 X103.956 Y113.083 I2.086 J8.711 E.00367
G1 X103.934 Y113.188 F18000
;WIDTH:0.18086
G1 F1787
G1 X104.075 Y113.075 E.00202
;WIDTH:0.209562
G1 X104.256 Y112.942 E.00301
G1 X103.934 Y113.188 F18000
;WIDTH:0.145109
G1 F1787
G1 X103.61 Y113.492 E.00366
G1 X103.374 Y113.761 E.00295
;WIDTH:0.191438
G1 X103.309 Y113.843 E.00125
;WIDTH:0.204132
G1 X103.15 Y114.06 E.0035
G1 X103.211 Y114.088 F18000
;WIDTH:0.151413
G1 F1787
G1 X103.191 Y114.179 E.00081
;WIDTH:0.135439
G1 X103.161 Y114.351 E.0013
G1 X103.211 Y114.088 F18000
;WIDTH:0.18299
G1 F1787
G1 X103.231 Y114.001 E.001
;WIDTH:0.199787
G1 X103.293 Y113.745 E.00333
G1 X102.712 Y114.892 F18000
;WIDTH:0.135632
G1 F1787
G1 X102.484 Y115.487 E.00477
G1 X102.496 Y115.499 F18000
;WIDTH:0.334507
G1 F1787
G1 X102.697 Y114.906 E.01472
G1 X102.469 Y115.135 F18000
;WIDTH:0.326687
G1 F1787
G1 X102.878 Y115.881 E.01948
G1 X102.902 Y115.889 F18000
;WIDTH:0.216638
G1 F1787
G1 X102.457 Y115.147 E.01213
G1 X102.442 Y115.161 F18000
;WIDTH:0.156838
G1 F1787
G1 X102.909 Y115.885 E.00791
G1 X104.117 Y117.088 F18000
;WIDTH:0.113536
G1 F1787
G2 X104.827 Y117.57 I15.177 J-21.612 E.00488
G1 X104.844 Y117.552 F18000
;WIDTH:0.167916
G1 F1787
G1 X104.114 Y117.093 E.0087
G1 X104.108 Y117.101 F18000
;WIDTH:0.264744
G1 F1787
G1 X104.857 Y117.539 E.01553
G1 X104.867 Y117.53 F18000
;WIDTH:0.340257
G1 F1787
G1 X104.126 Y117.128 E.02021
G1 X104.501 Y117.504 F18000
;WIDTH:0.322204
G1 F1787
G1 X105.094 Y117.303 E.0141
G1 X105.109 Y117.287 F18000
;WIDTH:0.123275
G1 F1787
G1 X104.515 Y117.518 E.00413
G1 X105.735 Y116.814 F18000
;WIDTH:0.124885
G1 F1787
G1 X105.909 Y116.774 E.00118
;WIDTH:0.151772
G1 X105.992 Y116.754 E.00075
;WIDTH:0.178284
G1 X106.06 Y116.734 E.00077
;WIDTH:0.204594
G1 X106.122 Y116.716 E.00084
;WIDTH:0.197044
G1 X106.239 Y116.626 E.00184
;WIDTH:0.147791
G1 X106.632 Y116.266 E.00451
G1 X106.869 Y115.996 E.00304
;WIDTH:0.20253
G1 X106.98 Y115.851 E.00235
;WIDTH:0.230477
G1 X107.092 Y115.692 E.00294
G1 X107.051 Y115.577 F18000
;WIDTH:0.160049
G1 F1787
G3 X106.955 Y116.006 I-13.176 J-2.72 E.00416
G1 X107.051 Y115.577 F18000
;WIDTH:0.115795
G1 F1787
G1 X107.081 Y115.407 E.00101
G1 X108.819 Y113.31 F18000
;TYPE:Internal solid infill
;WIDTH:0.419999
G1 F1787
G1 X107.179 Y113.31 E.0499
G1 X107.51 Y113.891 E.02032
G1 X107.659 Y114.344 E.0145
G1 X107.671 Y114.458 E.00351
G1 X108.777 Y113.353 E.04755
G1 X107.887 Y113.662 F18000
;WIDTH:0.459428
G1 F1787
G2 X107.879 Y113.752 I-.026 J.043 E.00686
G1 X115.489 Y107.056 F18000
;TYPE:Gap infill
;WIDTH:0.123862
G1 F1787
G1 X115.664 Y107.017 E.00117
;WIDTH:0.151355
G1 X115.75 Y106.996 E.00077
;WIDTH:0.178292
G1 X115.818 Y106.976 E.00077
;WIDTH:0.204599
G1 X115.88 Y106.958 E.00084
;WIDTH:0.197046
G1 X115.997 Y106.868 E.00184
;WIDTH:0.147791
G1 X116.39 Y106.508 E.00451
G1 X116.627 Y106.238 E.00304
;WIDTH:0.20253
G1 X116.738 Y106.093 E.00235
;WIDTH:0.218842
G2 X116.768 Y105.999 I-.109 J-.086 E.00143
;WIDTH:0.184771
G1 X116.788 Y105.92 E.00093
;WIDTH:0.151825
G1 X116.809 Y105.819 E.00091
;WIDTH:0.115787
G1 X116.839 Y105.649 E.00101
G1 X117.288 Y105.108 F18000
;WIDTH:0.135622
G1 F1787
G1 X117.516 Y104.513 E.00477
G1 X117.504 Y104.501 F18000
;WIDTH:0.334494
G1 F1787
G1 X117.303 Y105.094 E.01472
G1 X117.53 Y104.867 F18000
;WIDTH:0.340252
G1 F1787
G1 X117.128 Y104.126 E.02021
G1 X117.101 Y104.108 F18000
;WIDTH:0.264743
G1 F1787
G1 X117.539 Y104.857 E.01552
G1 X117.555 Y104.841 F18000
;WIDTH:0.163088
G1 F1787
G1 X117.092 Y104.115 E.00835
G1 X115.883 Y102.912 F18000
;WIDTH:0.111401
G1 F1787
G2 X115.173 Y102.431 I-14.954 J21.293 E.00474
G1 X115.156 Y102.448 F18000
;WIDTH:0.16608
G1 F1787
G1 X115.886 Y102.907 E.00857
G1 X115.894 Y102.897 F18000
;WIDTH:0.265808
G1 F1787
G1 X115.141 Y102.463 E.01562
G1 X115.127 Y102.477 F18000
;WIDTH:0.396069
G1 F1787
G3 X115.852 Y102.849 I-8.183 J16.839 E.02321
G1 X114.269 Y103.186 F18000
;WIDTH:0.103767
G1 F1787
G1 X114.18 Y103.204 E.00045
;WIDTH:0.123975
G1 X114.096 Y103.224 E.00056
;WIDTH:0.150677
G1 X114.009 Y103.246 E.00078
;WIDTH:0.183939
G1 X113.908 Y103.274 E.0012
;WIDTH:0.199994
G2 X113.762 Y103.373 I.383 J.723 E.00223
;WIDTH:0.14779
G1 X113.492 Y103.61 E.00304
G1 X113.132 Y104.003 E.00451
;WIDTH:0.196171
G1 X112.942 Y104.256 E.0039
G1 X113.004 Y104.25 F18000
;WIDTH:0.165775
G1 F1787
G1 X113.083 Y103.956 E.00302
G1 X113.004 Y104.25 F18000
;WIDTH:0.151357
G1 F1787
G1 X112.983 Y104.336 E.00077
;WIDTH:0.123864
G1 X112.944 Y104.511 E.00117
; stop printing object Block.stl id:105326592607568 copy 0
M106 S252
;LAYER_CHANGE
;Z:0.64
;HEIGHT:0.2
G92 E0 ; zero the extruded length again
; BEFORE_LAYER_CHANGE 2 @ 0.64mm
G1 E-2.32068 F6000
;WIPE_START
G1 X112.983 Y104.336 E-.17932
;WIPE_END
; AFTER_LAYER_CHANGE 2 @ 0.64mm
;_SET_FAN_SPEED_CHANGING_LAYER
; printing object Block.stl id:105326592607568 copy 0
G1 X101.458 Y115.303 Z.64 F18000
G1 E2.5 F6000
M204 P1000
;TYPE:Outer wall
;WIDTH:0.42
G1 F1813
G1 X115.303 Y101.458 E.5955
G1 X118.542 Y104.697 E.13929
G1 X104.697 Y118.542 E.5955
G1 X101.501 Y115.346 E.13747
G1 E-1.75 F6000
;WIPE_START
G1 F3600
G1 X102.206 Y114.636 E-.75
;WIPE_END
G1 X105.642 Y117.043 F18000
G1 E2.5 F6000
M204 P1500
;TYPE:Inner wall
;WIDTH:0.45
G1 F1813
G1 X104.697 Y117.987 E.04387
G1 X102.013 Y115.303 E.12463
G1 X102.94 Y114.376 E.04307
G1 X102.918 Y114.879 E.01655
G2 X105.218 Y117.08 I2.222 J-.02 E.1165
G1 X105.582 Y117.048 E.01198
G1 E-1.75 F6000
;WIPE_START
G1 X104.896 Y117.776 E-.75
;WIPE_END
G1 X106.919 Y114.695 F18000
G1 E2.5 F6000
M204 P1000
;TYPE:Outer wall
;WIDTH:0.42
G1 F1813
G1 X106.921 Y114.722 E.0008
G3 X104.881 Y113.085 I-1.8 J.154 E.25635
G1 X104.967 Y113.075 E.00261
G3 X106.845 Y114.335 I.154 J1.8 E.07432
G1 X106.907 Y114.637 E.00935
G1 E-1.75 F6000
;WIPE_START
G1 F3600
G1 X106.921 Y114.722 E-.06461
G1 X106.924 Y115.037 E-.23645
G1 X106.847 Y115.423 E-.29563
G1 X106.769 Y115.612 E-.15331
;WIPE_END
G1 X117.065 Y105.389 F18000
G1 E2.5 F6000
M204 P1500
;TYPE:Inner wall
;WIDTH:0.45
G1 F1813
G2 X114.611 Y102.935 I-2.2 J-.254 E.13089
G1 X114.537 Y102.779 E.00568
G1 X115.303 Y102.013 E.0356
G1 X117.987 Y104.697 E.12463
G1 X117.221 Y105.463 E.0356
G1 X117.119 Y105.415 E.00371
G1 E-1.75 F6000
;WIPE_START
G1 X117.082 Y105.121 E-.22195
G1 X117.073 Y104.929 E-.14435
G1 X117.048 Y104.736 E-.14554
G1 X116.977 Y104.451 E-.22019
G1 X116.969 Y104.429 E-.01797
;WIPE_END
G1 X115.056 Y106.919 F18000
G1 E2.5 F6000
M204 P1000
;TYPE:Outer wall
;WIDTH:0.42
G1 F1813
G1 X114.879 Y106.931 E.00538
G3 X114.639 Y103.327 I0 J-1.81 E.16562
G1 X114.725 Y103.317 E.00261
G3 X115.119 Y106.915 I.154 J1.803 E.17033
G1 X115.115 Y106.915 E.0001
G1 X115.064 Y107.308 F18000
M204 P1500
;TYPE:Inner wall
;WIDTH:0.45
G1 F1813
G1 X115.147 Y107.307 E.00272
G1 X115.222 Y107.463 E.00568
G1 X107.302 Y115.382 E.36774
G2 X107.156 Y114.036 I-2.824 J-.375 E.04489
G2 X104.853 Y112.693 I-2.039 J.85 E.09395
G1 X104.778 Y112.537 E.00568
G1 X112.698 Y104.618 E.36774
G1 X112.676 Y105.121 E.01654
G2 X114.695 Y107.312 I2.218 J-.018 E.10725
G1 X115.004 Y107.309 E.01014
G1 E-1.75 F6000
;WIPE_START
G1 X115.147 Y107.307 E-.10705
G1 X115.222 Y107.463 E-.12976
G1 X114.738 Y107.946 E-.51318
;WIPE_END
G1 X115.366 Y107.31 F18000
G1 E2.5 F6000
M204 P2000
;TYPE:Gap infill
;WIDTH:0.284951
G1 F1813
G2 X115.772 Y107.036 I-6.033 J-9.393 E.00957
;WIDTH:0.244261
G1 X115.845 Y106.985 E.00144
;WIDTH:0.204376
G1 X115.991 Y106.873 E.00241
;WIDTH:0.145413
G1 X116.327 Y106.572 E.00373
G1 X116.57 Y106.308 E.00296
;WIDTH:0.180872
G1 X116.683 Y106.167 E.00202
;WIDTH:0.214426
G1 X116.738 Y106.092 E.00128
;WIDTH:0.241568
G1 X116.789 Y106.023 E.00137
;WIDTH:0.291048
G2 X117.066 Y105.607 I-12.458 J-8.593 E.01
G1 X117.052 Y105.6 F18000
;WIDTH:0.381963
G1 F1813
G3 X116.589 Y106.373 I-17.833 J-10.174 E.02464
G1 X116.131 Y106.83 F18000
;WIDTH:0.374041
G1 F1813
G3 X115.358 Y107.294 I-11.087 J-17.594 E.02408
G1 E-1.75 F6000
;WIPE_START
G1 X116.131 Y106.83 E-.75
;WIPE_END
G1 X117.151 Y104.148 F18000
G1 E2.5 F6000
;WIDTH:0.405464
G1 F1813
G3 X117.523 Y104.873 I-16.644 J9.004 E.02384
G1 X117.567 Y104.83 F18000
;WIDTH:0.117363
G1 F1813
G2 X117.088 Y104.117 I-16.465 J10.532 E.00515
G1 X117.095 Y104.112 F18000
;WIDTH:0.208775
G1 F1813
G1 X117.548 Y104.849 E.01156
G1 X117.536 Y104.861 F18000
;WIDTH:0.276758
G1 F1813
G1 X117.105 Y104.105 E.0164
G1 X115.895 Y102.895 F18000
;WIDTH:0.272714
G1 F1813
G1 X115.139 Y102.465 E.01612
G1 X115.151 Y102.452 F18000
;WIDTH:0.206199
G1 F1813
G1 X115.888 Y102.905 E.01138
G1 X115.883 Y102.912 F18000
;WIDTH:0.114349
G1 F1813
G2 X115.17 Y102.434 I-11.206 J15.932 E.00495
G1 X115.127 Y102.477 F18000
;WIDTH:0.396086
G1 F1813
G3 X115.852 Y102.849 I-8.212 J16.898 E.02321
G1 X113.627 Y103.412 F18000
;WIDTH:0.381828
G1 F1813
G3 X114.4 Y102.948 I11.071 J17.566 E.02465
G1 X114.392 Y102.932 F18000
;WIDTH:0.292734
G1 F1813
G1 X114.059 Y103.155 E.00808
;WIDTH:0.275132
G1 X113.986 Y103.206 E.00166
;WIDTH:0.24286
G1 X113.907 Y103.262 E.00156
;WIDTH:0.202487
G1 X113.762 Y103.373 E.00235
;WIDTH:0.145267
G1 X113.426 Y103.675 E.00372
G1 X113.185 Y103.938 E.00295
;WIDTH:0.182512
G1 X113.069 Y104.083 E.00208
;WIDTH:0.203011
G1 X112.908 Y104.302 E.00352
G1 X111.161 Y106.71 F18000
;TYPE:Internal solid infill
;WIDTH:0.419999
G1 F1813
G1 X112.843 Y106.71 E.05117
G1 X112.684 Y106.505 E.00788
G1 X112.476 Y106.099 E.01389
G1 X112.32 Y105.55 E.01735
G1 X111.203 Y106.667 E.04805
G1 X112.156 Y106.262 F18000
;WIDTH:0.468052
G1 F1813
G2 X112.149 Y106.354 I-.027 J.044 E.00721
G1 X113.515 Y107.054 F18000
;WIDTH:0.430773
G1 F1813
G1 X110.733 Y107.054 E.08704
G1 X110.345 Y107.442 E.01716
G1 X113.865 Y107.442 E.11011
G2 X114.536 Y107.634 I1.027 J-2.319 E.02192
G1 X114.576 Y107.637 E.00124
G1 X114.383 Y107.83 E.00854
G1 X109.957 Y107.83 E.13844
G1 X109.569 Y108.218 E.01716
G1 X113.995 Y108.218 E.13844
G1 X113.607 Y108.606 E.01716
G1 X109.181 Y108.606 E.13844
G1 X108.794 Y108.994 E.01716
G1 X113.219 Y108.994 E.13844
G1 X112.831 Y109.381 E.01716
G1 X108.406 Y109.381 E.13844
G1 X108.018 Y109.769 E.01716
G1 X112.443 Y109.769 E.13844
G1 X112.056 Y110.157 E.01716
G1 X107.63 Y110.157 E.13844
G1 X107.242 Y110.545 E.01716
G1 X111.668 Y110.545 E.13844
G1 X111.28 Y110.933 E.01716
G1 X106.854 Y110.933 E.13844
G1 X106.466 Y111.321 E.01716
G1 X110.892 Y111.321 E.13844
G1 X110.504 Y111.709 E.01716
G1 X106.079 Y111.709 E.13844
G1 X105.691 Y112.096 E.01716
G1 X110.116 Y112.096 E.13844
G1 X109.728 Y112.484 E.01716
G1 X105.947 Y112.484 E.11829
G3 X106.668 Y112.872 I-1.09 J2.89 E.02568
G1 X109.341 Y112.872 E.08361
G1 X108.953 Y113.26 E.01716
G1 X107.073 Y113.26 E.05882
G3 X107.334 Y113.648 I-1.595 J1.357 E.01466
G1 X108.565 Y113.648 E.03851
G1 X108.177 Y114.036 E.01716
G1 X107.506 Y114.036 E.02101
G3 X107.611 Y114.424 I-1.226 J.542 E.01262
G1 X108.029 Y114.424 E.01307
G1 X106.958 Y116.004 F18000
;TYPE:Gap infill
;WIDTH:0.159327
G1 F1813
G2 X107.049 Y115.581 I-9.654 J-2.316 E.00406
;WIDTH:0.124421
G1 X107.067 Y115.494 E.00058
;WIDTH:0.103775
G1 X107.08 Y115.404 E.00045
G1 X107.092 Y115.692 F18000
;WIDTH:0.230475
G1 F1813
G1 X106.98 Y115.851 E.00294
;WIDTH:0.202525
G1 X106.869 Y115.996 E.00235
;WIDTH:0.145264
G1 X106.572 Y116.327 E.00367
G1 X106.304 Y116.573 E.003
;WIDTH:0.181386
G1 X106.167 Y116.683 E.00196
;WIDTH:0.207588
G3 X106.075 Y116.731 I-.138 J-.153 E.00139
;WIDTH:0.181526
G1 X105.992 Y116.753 E.00096
;WIDTH:0.150931
G1 X105.905 Y116.776 E.00079
;WIDTH:0.135446
G1 X105.734 Y116.814 E.0013
G1 X105.109 Y117.287 F18000
;WIDTH:0.124158
G1 F1813
G1 X104.515 Y117.518 E.00417
G1 X104.501 Y117.504 F18000
;WIDTH:0.320011
G1 F1813
G1 X105.094 Y117.302 E.01399
G1 X104.83 Y117.566 F18000
;WIDTH:0.117371
G1 F1813
G3 X104.117 Y117.088 I10.495 J-16.413 E.00516
G1 X104.111 Y117.097 F18000
;WIDTH:0.214204
G1 F1813
G1 X104.851 Y117.545 E.01195
G1 X104.865 Y117.531 F18000
;WIDTH:0.334322
G1 F1813
G1 X104.119 Y117.122 E.01999
G1 X102.886 Y115.889 F18000
;WIDTH:0.321396
G1 F1813
G1 X102.468 Y115.136 E.01934
G1 X102.477 Y115.127 F18000
;WIDTH:0.404203
G1 F1813
G2 X102.842 Y115.845 I22.449 J-10.961 E.02347
G1 X102.433 Y115.17 F18000
;WIDTH:0.114356
G1 F1813
G2 X102.912 Y115.883 I16.598 J-10.625 E.00495
G1 X102.903 Y115.889 F18000
;WIDTH:0.210575
G1 F1813
G1 X102.455 Y115.149 E.0117
G1 X103.15 Y114.06 F18000
;WIDTH:0.203011
G1 F1813
G1 X103.311 Y113.841 E.00352
;WIDTH:0.182514
G1 X103.427 Y113.696 E.00208
;WIDTH:0.145266
G1 X103.668 Y113.433 E.00295
G1 X104.004 Y113.131 E.00372
;WIDTH:0.202492
G1 X104.149 Y113.02 E.00235
;WIDTH:0.24287
G1 X104.228 Y112.964 E.00156
;WIDTH:0.275135
G1 X104.301 Y112.913 E.00166
;WIDTH:0.292735
G1 X104.634 Y112.69 E.00808
G1 X104.642 Y112.706 F18000
;WIDTH:0.381827
G1 F1813
G2 X103.869 Y113.17 I10.335 J18.093 E.02465
G1 X105.171 Y112.433 F18000
;WIDTH:0.0969211
G1 F1813
G1 X105.321 Y112.457 E.00066
; stop printing object Block.stl id:105326592607568 copy 0
;LAYER_CHANGE
;Z:0.84
;HEIGHT:0.2
G92 E0 ; zero the extruded length again
; BEFORE_LAYER_CHANGE 3 @ 0.84mm
G1 E-2.34758 F6000
;WIPE_START
G1 X105.171 Y112.433 E-.15242
;WIPE_END
; AFTER_LAYER_CHANGE 3 @ 0.84mm
;_SET_FAN_SPEED_CHANGING_LAYER
; printing object Block.stl id:105326592607568 copy 0
G1 X101.458 Y115.303 Z.84 F18000
G1 E2.5 F6000
M204 P1000
;TYPE:Outer wall
;WIDTH:0.42
G1 F1389
G1 X115.303 Y101.458 E.5955
G1 X118.542 Y104.697 E.13929
G1 X104.697 Y118.542 E.5955
G1 X101.501 Y115.346 E.13747
G1 E-1.75 F6000
;WIPE_START
G1 F3600
G1 X102.206 Y114.636 E-.75
;WIPE_END
G1 X105.624 Y117.06 F18000
G1 E2.5 F6000
M204 P1500
;TYPE:Inner wall
;WIDTH:0.45
G1 F1389
G1 X104.697 Y117.987 E.04307
G1 X102.013 Y115.303 E.12463
G1 X102.779 Y114.537 E.0356
G1 X102.935 Y114.611 E.00568
G2 X105.121 Y117.082 I2.196 J.259 E.12222
G1 X105.564 Y117.062 E.01457
G1 E-1.75 F6000
;WIPE_START
G1 X104.88 Y117.792 E-.75
;WIPE_END
G1 X106.919 Y114.696 F18000
G1 E2.5 F6000
M204 P1000
;TYPE:Outer wall
;WIDTH:0.42
G1 F1389
G1 X106.923 Y114.721 E.00077
G3 X104.881 Y113.085 I-1.803 J.157 E.25678
G1 X104.967 Y113.075 E.00261
G3 X106.847 Y114.335 I.154 J1.803 E.07435
G1 X106.908 Y114.638 E.00939
G1 E-1.75 F6000
;WIPE_START
G1 F3600
G1 X106.923 Y114.721 E-.06388
G1 X106.915 Y115.118 E-.29785
G1 X106.847 Y115.423 E-.23433
G1 X106.769 Y115.613 E-.15393
;WIPE_END
G1 X117.06 Y105.624 F18000
G1 E2.5 F6000
M204 P1500
;TYPE:Inner wall
;WIDTH:0.45
G1 F1389
G2 X116.914 Y104.278 I-2.824 J-.375 E.04489
G2 X114.611 Y102.935 I-2.039 J.85 E.09395
G1 X114.537 Y102.779 E.00568
G1 X115.303 Y102.013 E.0356
G1 X117.987 Y104.697 E.12463
G1 X117.102 Y105.582 E.0411
G1 E-1.75 F6000
;WIPE_START
G1 X117.074 Y104.937 E-.48435
G1 X117.03 Y104.644 E-.22184
G1 X117.012 Y104.588 E-.0438
;WIPE_END
G1 X115.051 Y106.922 F18000
G1 E2.5 F6000
M204 P1000
;TYPE:Outer wall
;WIDTH:0.42
G1 F1389
G1 X115.037 Y106.923 E.00043
G3 X114.639 Y103.327 I-.158 J-1.802 E.17038
G1 X114.725 Y103.317 E.00261
G3 X115.426 Y106.845 I.154 J1.803 E.16067
G1 X115.11 Y106.91 E.00982
G1 X115.07 Y107.315 F18000
M204 P1500
;TYPE:Inner wall
;WIDTH:0.45
G1 F1389
G1 X115.382 Y107.302 E.01028
G1 X107.462 Y115.222 E.36775
G1 X107.307 Y115.147 E.00568
G2 X104.853 Y112.693 I-2.199 J-.254 E.13091
G1 X104.778 Y112.537 E.00568
G1 X112.537 Y104.778 E.36028
G1 X112.693 Y104.853 E.00568
G2 X114.879 Y107.324 I2.203 J.253 E.12211
G1 X115.01 Y107.318 E.00429
G1 E-1.75 F6000
;WIPE_START
G1 X115.382 Y107.302 E-.27974
G1 X114.939 Y107.745 E-.47026
;WIPE_END
G1 X115.408 Y107.081 F18000
G1 E2.5 F6000
M204 P2000
;TYPE:Gap infill
;WIDTH:0.124882
G1 F1389
G1 X115.584 Y107.049 E.00118
;WIDTH:0.151765
G1 X115.668 Y107.032 E.00075
;WIDTH:0.182061
G1 X115.755 Y107.011 E.00101
;WIDTH:0.215949
G1 X115.837 Y106.991 E.00117
;WIDTH:0.2306
G1 X115.845 Y106.985 E.00015
;WIDTH:0.204378
G1 X115.991 Y106.873 E.00241
;WIDTH:0.147928
G1 X116.332 Y106.567 E.00387
G1 X116.627 Y106.238 E.00375
;WIDTH:0.202526
G1 X116.738 Y106.093 E.00235
;WIDTH:0.230475
G1 X116.85 Y105.934 E.00294
G1 X116.839 Y105.646 F18000
;WIDTH:0.103777
G1 F1389
G1 X116.825 Y105.736 E.00045
;WIDTH:0.124422
G1 X116.807 Y105.823 E.00058
;WIDTH:0.159321
G3 X116.716 Y106.246 I-9.662 J-1.877 E.00406
G1 X117.291 Y105.105 F18000
;WIDTH:0.215405
G1 F1389
G1 X117.512 Y104.509 E.00885
G1 X117.502 Y104.499 F18000
;WIDTH:0.344813
G1 F1389
G1 X117.305 Y105.091 E.01518
G1 X117.567 Y104.83 F18000
;WIDTH:0.117366
G1 F1389
G2 X117.088 Y104.117 I-16.596 J10.624 E.00515
G1 X117.097 Y104.111 F18000
;WIDTH:0.214207
G1 F1389
G1 X117.545 Y104.851 E.01195
G1 X117.531 Y104.865 F18000
;WIDTH:0.334003
G1 F1389
G1 X117.122 Y104.119 E.01998
G1 X115.888 Y102.886 F18000
;WIDTH:0.321567
G1 F1389
G1 X115.136 Y102.468 E.01934
G1 X115.127 Y102.477 F18000
;WIDTH:0.40428
G1 F1389
G3 X115.845 Y102.842 I-10.824 J22.182 E.02347
G1 X115.17 Y102.433 F18000
;WIDTH:0.114512
G1 F1389
G3 X115.883 Y102.912 I-10.529 J16.46 E.00496
G1 X115.889 Y102.903 F18000
;WIDTH:0.212223
G1 F1389
G1 X115.149 Y102.455 E.01182
G1 X113.627 Y103.412 F18000
;WIDTH:0.381834
G1 F1389
G3 X114.4 Y102.948 I11.062 J17.552 E.02465
G1 X114.392 Y102.932 F18000
;WIDTH:0.29259
G1 F1389
G1 X114.058 Y103.155 E.00809
;WIDTH:0.274791
G1 X113.985 Y103.207 E.00169
;WIDTH:0.242202
G1 X113.904 Y103.263 E.00158
;WIDTH:0.203023
G1 X113.767 Y103.369 E.00223
;WIDTH:0.157168
G1 X113.557 Y103.549 E.00255
;WIDTH:0.139326
G1 X113.189 Y103.933 E.00413
;WIDTH:0.171426
G1 X113.124 Y104.013 E.00107
;WIDTH:0.205109
G1 X113.015 Y104.155 E.00234
;WIDTH:0.24427
G1 X112.964 Y104.228 E.00144
;WIDTH:0.284968
G2 X112.69 Y104.634 I9.133 J6.449 E.00957
G1 X112.706 Y104.642 F18000
;WIDTH:0.374198
G1 F1389
G3 X113.169 Y103.869 I17.744 J10.118 E.02407
G1 X113.312 Y108.879 F18000
;TYPE:Sparse infill
;WIDTH:0.45
G1 F1389
G1 X114.553 Y107.639 E.05762
G3 X112.356 Y105.453 I.363 J-2.562 E.10911
G1 X110.977 Y106.832 E.06403
G1 X113.168 Y109.023 E.10176
G1 X111.096 Y111.096 E.09623
G1 X108.904 Y108.904 E.10176
G1 X106.832 Y110.977 E.09623
G1 X109.023 Y113.168 E.10176
G1 X107.648 Y114.544 E.06387
G2 X105.687 Y112.394 I-2.527 J.335 E.10167
G1 X105.692 Y112.116 E.00912
G1 X106.688 Y111.121 E.04622
G1 X105.324 Y112.458 F18000
;TYPE:Gap infill
;WIDTH:0.09692
G1 F1389
G1 X105.171 Y112.432 E.00067
G1 X103.869 Y113.17 F18000
;WIDTH:0.381842
G1 F1389
G3 X104.642 Y112.706 I11.06 J17.548 E.02465
G1 X104.634 Y112.69 F18000
;WIDTH:0.292746
G1 F1389
G1 X104.301 Y112.913 E.00808
;WIDTH:0.275117
G1 X104.228 Y112.964 E.00167
;WIDTH:0.242778
G1 X104.148 Y113.02 E.00157
;WIDTH:0.20219
G1 X104.002 Y113.133 E.00238
;WIDTH:0.145013
G1 X103.672 Y113.428 E.00364
G1 X103.431 Y113.691 E.00294
;WIDTH:0.171427
G1 X103.366 Y113.771 E.00107
;WIDTH:0.205109
G1 X103.257 Y113.913 E.00234
;WIDTH:0.244271
G1 X103.206 Y113.986 E.00144
;WIDTH:0.284967
G2 X102.932 Y114.392 I9.125 J6.444 E.00957
G1 X102.948 Y114.4 F18000
;WIDTH:0.374194
G1 F1389
G3 X103.411 Y113.627 I17.835 J10.172 E.02407
G1 X102.85 Y115.852 F18000
;WIDTH:0.394131
G1 F1389
G3 X102.477 Y115.127 I16.677 J-9.024 E.0231
G1 X102.434 Y115.17 F18000
;WIDTH:0.114354
G1 F1389
G2 X102.912 Y115.883 I16.408 J-10.492 E.00495
G1 X102.905 Y115.888 F18000
;WIDTH:0.206205
G1 F1389
G1 X102.452 Y115.151 E.01138
G1 X102.464 Y115.139 F18000
;WIDTH:0.272611
G1 F1389
G1 X102.895 Y115.895 E.01611
G1 X104.119 Y117.122 F18000
;WIDTH:0.335968
G1 F1389
G1 X104.865 Y117.531 E.0201
G1 X104.851 Y117.545 F18000
;WIDTH:0.214496
G1 F1389
G1 X104.112 Y117.098 E.01195
G1 X104.118 Y117.09 F18000
;WIDTH:0.121763
G1 F1389
G2 X104.833 Y117.563 I14.695 J-21.4 E.00546
G1 X105.091 Y117.305 F18000
;WIDTH:0.334876
G1 F1389
G1 X104.5 Y117.502 E.01468
G1 X104.509 Y117.512 F18000
;WIDTH:0.2103
G1 F1389
G1 X105.105 Y117.291 E.00859
G1 X105.65 Y116.839 F18000
;WIDTH:0.124886
G1 F1389
G1 X105.826 Y116.807 E.00118
;WIDTH:0.151777
G1 X105.91 Y116.79 E.00075
;WIDTH:0.182072
G1 X105.997 Y116.769 E.00101
;WIDTH:0.215951
G1 X106.078 Y116.749 E.00117
;WIDTH:0.216299
G1 X106.167 Y116.683 E.00154
;WIDTH:0.18139
G1 X106.304 Y116.573 E.00196
;WIDTH:0.145264
G1 X106.572 Y116.327 E.003
G1 X106.869 Y115.996 E.00367
;WIDTH:0.202527
G1 X106.98 Y115.851 E.00235
;WIDTH:0.242864
G1 X107.036 Y115.772 E.00156
;WIDTH:0.27513
G1 X107.087 Y115.699 E.00166
;WIDTH:0.292732
G1 X107.31 Y115.366 E.00808
G1 X107.294 Y115.358 F18000
;WIDTH:0.381805
G1 F1389
G3 X106.83 Y116.131 I-17.973 J-10.263 E.02464
; stop printing object Block.stl id:105326592607568 copy 0
;LAYER_CHANGE
;Z:1.04
;HEIGHT:0.2
G92 E0 ; zero the extruded length again
; BEFORE_LAYER_CHANGE 4 @ 1.04mm
G1 E-1.75 F6000
;WIPE_START
G1 X107.294 Y115.358 E-.75
;WIPE_END
; AFTER_LAYER_CHANGE 4 @ 1.04mm
;_SET_FAN_SPEED_CHANGING_LAYER
; printing object Block.stl id:105326592607568 copy 0
G1 X101.458 Y115.303 Z1.04 F18000
G1 E2.5 F6000
M204 P1000
;TYPE:Outer wall
;WIDTH:0.42
G1 F1381
G1 X115.303 Y101.458 E.5955
G1 X118.524 Y104.679 E.13853
G1 X118.542 Y104.697 E.00076
G1 X104.697 Y118.542 E.5955
G1 X101.501 Y115.346 E.13747
G1 E-1.75 F6000
;WIPE_START
G1 F3600
G1 X102.206 Y114.636 E-.75
;WIPE_END
G1 X105.624 Y117.06 F18000
G1 E2.5 F6000
M204 P1500
;TYPE:Inner wall
;WIDTH:0.45
G1 F1381
G1 X104.697 Y117.987 E.04307
G1 X102.013 Y115.303 E.12463
G1 X102.779 Y114.537 E.0356
G1 X102.935 Y114.611 E.00568
G2 X105.121 Y117.082 I2.204 J.252 E.12211
G1 X105.564 Y117.062 E.01457
G1 E-1.75 F6000
;WIPE_START
G1 X104.88 Y117.792 E-.75
;WIPE_END
G1 X106.92 Y114.698 F18000
G1 E2.5 F6000
M204 P1000
;TYPE:Outer wall
;WIDTH:0.42
G1 F1381
G1 X106.923 Y114.721 E.00072
G3 X104.881 Y113.085 I-1.803 J.157 E.2568
G1 X104.966 Y113.075 E.00261
G3 X106.846 Y114.332 I.154 J1.803 E.07426
G1 X106.908 Y114.639 E.00953
G1 E-1.75 F6000
;WIPE_START
G1 F3600
G1 X106.923 Y114.721 E-.06281
G1 X106.925 Y115.033 E-.23423
G1 X106.848 Y115.423 E-.29796
G1 X106.768 Y115.614 E-.155
;WIPE_END
G1 X117.065 Y105.389 F18000
G1 E2.5 F6000
M204 P1500
;TYPE:Inner wall
;WIDTH:0.45
G1 F1381
G2 X114.611 Y102.935 I-2.188 J-.265 E.13113
G1 X114.537 Y102.779 E.00568
G1 X115.303 Y102.013 E.0356
G1 X117.987 Y104.697 E.12463
G1 X117.221 Y105.463 E.0356
G1 X117.119 Y105.415 E.00371
G1 E-1.75 F6000
;WIPE_START
G1 X117.082 Y105.121 E-.22196
G1 X117.073 Y104.929 E-.14412
G1 X117.048 Y104.738 E-.14454
G1 X116.966 Y104.43 E-.23938
;WIPE_END
G1 X115.052 Y106.922 F18000
G1 E2.5 F6000
M204 P1000
;TYPE:Outer wall
;WIDTH:0.42
G1 F1381
G1 X115.036 Y106.918 E.00049
G3 X114.639 Y103.327 I-.158 J-1.8 E.17013
G1 X114.725 Y103.317 E.00261
G3 X115.346 Y106.863 I.154 J1.8 E.16295
G1 X115.111 Y106.91 E.00729
G1 X115.07 Y107.315 F18000
M204 P1500
;TYPE:Inner wall
;WIDTH:0.45
G1 F1381
G1 X115.382 Y107.302 E.01025
G1 X107.463 Y115.222 E.36774
G1 X107.307 Y115.147 E.00568
G2 X104.853 Y112.693 I-2.193 J-.26 E.13101
G1 X104.778 Y112.537 E.00568
G1 X112.537 Y104.778 E.36028
G1 X112.693 Y104.853 E.00568
G2 X114.879 Y107.324 I2.204 J.252 E.12211
G1 X115.01 Y107.318 E.00432
G1 E-1.75 F6000
;WIPE_START
G1 X115.382 Y107.302 E-.2792
G1 X114.938 Y107.746 E-.4708
;WIPE_END
G1 X114.829 Y107.567 F18000
G1 E2.5 F6000
M204 P2000
;TYPE:Gap infill
;WIDTH:0.115663
G1 F1381
G1 X114.681 Y107.543 E.00088
G1 X115.692 Y107.092 F18000
;WIDTH:0.228833
G1 F1381
G1 X115.845 Y106.985 E.0028
;WIDTH:0.204376
G1 X115.991 Y106.873 E.00241
;WIDTH:0.144216
G1 X116.451 Y106.443 E.00514
;WIDTH:0.15753
G1 X116.634 Y106.23 E.0026
;WIDTH:0.203935
G1 X116.738 Y106.093 E.00223
;WIDTH:0.242908
G1 X116.794 Y106.014 E.00156
;WIDTH:0.275145
G1 X116.845 Y105.941 E.00166
;WIDTH:0.292736
G1 X117.068 Y105.608 E.00808
G1 X117.052 Y105.6 F18000
;WIDTH:0.382078
G1 F1381
G3 X116.589 Y106.372 I-17.734 J-10.109 E.02463
G1 X117.555 Y104.841 F18000
;WIDTH:0.162051
G1 F1381
G1 X117.195 Y104.276 E.00644
;WIDTH:0.144897
G1 X117.142 Y104.196 E.00079
;WIDTH:0.128905
G1 X117.088 Y104.116 E.00066
G1 X117.103 Y104.107 F18000
;WIDTH:0.268913
G1 F1381
G1 X117.537 Y104.859 E.01583
G1 X117.523 Y104.873 F18000
;WIDTH:0.406174
G1 F1381
G2 X117.151 Y104.148 I-16.644 J8.087 E.02389
G1 X115.889 Y102.886 F18000
;WIDTH:0.321419
G1 F1381
G1 X115.136 Y102.468 E.01934
G1 X115.127 Y102.477 F18000
;WIDTH:0.404289
G1 F1381
G3 X115.845 Y102.842 I-10.9 J22.334 E.02347
G1 X115.17 Y102.433 F18000
;WIDTH:0.114358
G1 F1381
G3 X115.883 Y102.912 I-10.538 J16.473 E.00495
G1 X115.889 Y102.903 F18000
;WIDTH:0.210596
G1 F1381
G1 X115.149 Y102.455 E.0117
G1 X113.627 Y103.412 F18000
;WIDTH:0.381829
G1 F1381
G3 X114.4 Y102.948 I11.07 J17.564 E.02465
G1 X114.392 Y102.932 F18000
;WIDTH:0.292738
G1 F1381
G1 X114.059 Y103.155 E.00808
;WIDTH:0.275136
G1 X113.986 Y103.206 E.00166
;WIDTH:0.24287
G1 X113.907 Y103.262 E.00156
;WIDTH:0.202466
G1 X113.762 Y103.373 E.00236
;WIDTH:0.147924
G1 X113.426 Y103.675 E.00382
G1 X113.127 Y104.009 E.0038
;WIDTH:0.204383
G1 X113.015 Y104.155 E.00241
;WIDTH:0.244271
G1 X112.964 Y104.228 E.00144
;WIDTH:0.284962
G2 X112.69 Y104.634 I9.146 J6.458 E.00957
G1 X112.706 Y104.642 F18000
;WIDTH:0.374251
G1 F1381
G3 X113.169 Y103.869 I17.665 J10.069 E.02407
G1 X113.312 Y108.879 F18000
;TYPE:Sparse infill
;WIDTH:0.45
G1 F1381
G1 X114.3 Y107.892 E.04586
G1 X114.317 Y107.604 E.00945
G3 X112.356 Y105.453 I.548 J-2.47 E.10186
G1 X110.977 Y106.832 E.06403
G1 X113.168 Y109.023 E.10176
G1 X111.096 Y111.096 E.09623
G1 X108.904 Y108.904 E.10176
G1 X106.832 Y110.977 E.09623
G1 X109.023 Y113.168 E.10176
G1 X107.892 Y114.299 E.05252
G1 X107.604 Y114.313 E.00949
G2 X105.683 Y112.395 I-2.485 J.568 E.09399
G1 X105.692 Y112.116 E.00917
G1 X106.688 Y111.121 E.04623
G1 X105.32 Y112.457 F18000
;TYPE:Gap infill
;WIDTH:0.0969204
G1 F1381
G1 X105.171 Y112.433 E.00066
G1 X103.869 Y113.17 F18000
;WIDTH:0.381839
G1 F1381
G3 X104.642 Y112.706 I11.057 J17.542 E.02465
G1 X104.634 Y112.69 F18000
;WIDTH:0.292742
G1 F1381
G1 X104.301 Y112.913 E.00808
;WIDTH:0.275104
G1 X104.228 Y112.964 E.00167
;WIDTH:0.242747
G1 X104.148 Y113.02 E.00157
;WIDTH:0.202093
G1 X104.001 Y113.133 E.00238
;WIDTH:0.145117
G1 X103.673 Y113.428 E.00364
G1 X103.427 Y113.696 E.003
;WIDTH:0.182754
G1 X103.31 Y113.842 E.0021
;WIDTH:0.216268
G1 X103.261 Y113.91 E.00117
;WIDTH:0.242948
G1 X103.207 Y113.983 E.00147
;WIDTH:0.286455
G2 X102.934 Y114.393 I12.29 J8.468 E.00968
G1 X102.948 Y114.4 F18000
;WIDTH:0.374251
G1 F1381
G3 X103.411 Y113.627 I17.667 J10.07 E.02407
G1 X102.709 Y114.895 F18000
;WIDTH:0.216368
G1 F1381
G1 X102.489 Y115.491 E.0089
G1 X102.498 Y115.501 F18000
;WIDTH:0.349199
G1 F1381
G1 X102.695 Y114.909 E.0154
G1 X102.436 Y115.167 F18000
;WIDTH:0.11792
G1 F1381
G2 X102.911 Y115.882 I21.162 J-13.522 E.00519
G1 X102.903 Y115.888 F18000
;WIDTH:0.21058
G1 F1381
G1 X102.455 Y115.149 E.01168
G1 X102.469 Y115.135 F18000
;WIDTH:0.326566
G1 F1381
G1 X102.878 Y115.881 E.01948
G1 X104.12 Y117.122 F18000
;WIDTH:0.33651
G1 F1381
G1 X104.865 Y117.531 E.02013
G1 X104.851 Y117.545 F18000
;WIDTH:0.214593
G1 F1381
G1 X104.111 Y117.097 E.01198
G1 X104.117 Y117.088 F18000
;WIDTH:0.117381
G1 F1381
G2 X104.83 Y117.567 I11.255 J-16.001 E.00516
G1 X105.091 Y117.305 F18000
;WIDTH:0.334835
G1 F1381
G1 X104.5 Y117.502 E.01468
G1 X104.509 Y117.512 F18000
;WIDTH:0.210277
G1 F1381
G1 X105.105 Y117.291 E.00859
G1 X105.934 Y116.85 F18000
;WIDTH:0.228694
G1 F1381
G1 X106.087 Y116.743 E.0028
;WIDTH:0.203935
G1 X106.236 Y116.628 E.00244
;WIDTH:0.147791
G1 X106.569 Y116.33 E.00378
G1 X106.869 Y115.996 E.0038
;WIDTH:0.202532
G1 X106.98 Y115.851 E.00235
;WIDTH:0.242869
G1 X107.036 Y115.772 E.00156
;WIDTH:0.27513
G1 X107.087 Y115.699 E.00166
;WIDTH:0.29273
G1 X107.31 Y115.366 E.00808
G1 X107.294 Y115.358 F18000
;WIDTH:0.382073
G1 F1381
G3 X106.831 Y116.131 I-17.691 J-10.084 E.02464
G1 X107.568 Y114.829 F18000
;WIDTH:0.116628
G1 F1381
G1 X107.542 Y114.676 E.00092
; stop printing object Block.stl id:105326592607568 copy 0
;LAYER_CHANGE
;Z:1.24
;HEIGHT:0.2
G92 E0 ; zero the extruded length again
; BEFORE_LAYER_CHANGE 5 @ 1.24mm
G1 E-2.34534 F6000
;WIPE_START
G1 X107.568 Y114.829 E-.15466
;WIPE_END
; AFTER_LAYER_CHANGE 5 @ 1.24mm
;_SET_FAN_SPEED_CHANGING_LAYER
; printing object Block.stl id:105326592607568 copy 0
G1 X101.458 Y115.303 Z1.24 F18000
G1 E2.5 F6000
M204 P1000
;TYPE:Outer wall
;WIDTH:0.42
G1 F1374
G1 X115.303 Y101.458 E.5955
G1 X118.489 Y104.644 E.13701
G1 X118.542 Y104.697 E.00228
G1 X104.697 Y118.542 E.5955
G1 X101.501 Y115.346 E.13747
G1 E-1.75 F6000
;WIPE_START
G1 F3600
G1 X102.206 Y114.636 E-.75
;WIPE_END
G1 X105.624 Y117.06 F18000
G1 E2.5 F6000
M204 P1500
;TYPE:Inner wall
;WIDTH:0.45
G1 F1374
G1 X104.697 Y117.987 E.04306
G1 X102.013 Y115.303 E.12463
G1 X102.94 Y114.376 E.04307
G1 X102.918 Y114.879 E.01654
G2 X105.129 Y117.081 I2.223 J-.02 E.11357
G1 X105.564 Y117.062 E.01431
G1 E-1.75 F6000
;WIPE_START
G1 X104.88 Y117.792 E-.75
;WIPE_END
G1 X106.92 Y114.698 F18000
G1 E2.5 F6000
M204 P1000
;TYPE:Outer wall
;WIDTH:0.42
G1 F1374
G1 X106.924 Y114.721 E.00071
G3 X104.881 Y113.085 I-1.803 J.157 E.25688
G1 X104.966 Y113.075 E.0026
G3 X106.847 Y114.335 I.154 J1.803 E.07436
G1 X106.908 Y114.639 E.00945
G1 E-1.75 F6000
;WIPE_START
G1 F3600
G1 X106.924 Y114.721 E-.06261
G1 X106.924 Y115.037 E-.23664
G1 X106.904 Y115.193 E-.11846
G1 X106.824 Y115.491 E-.23098
G1 X106.77 Y115.615 E-.1013
;WIPE_END
G1 X117.065 Y105.389 F18000
G1 E2.5 F6000
M204 P1500
;TYPE:Inner wall
;WIDTH:0.45
G1 F1374
G2 X114.611 Y102.935 I-2.2 J-.254 E.13089
G1 X114.537 Y102.779 E.00568
G1 X115.303 Y102.013 E.0356
G1 X117.987 Y104.697 E.12463
G1 X117.221 Y105.463 E.0356
G1 X117.119 Y105.415 E.00371
G1 E-1.75 F6000
;WIPE_START
G1 X117.081 Y105.128 E-.21688
G1 X117.063 Y104.833 E-.22138
G1 X116.98 Y104.459 E-.28781
G1 X116.969 Y104.429 E-.02393
;WIPE_END
G1 X115.053 Y106.922 F18000
G1 E2.5 F6000
M204 P1000
;TYPE:Outer wall
;WIDTH:0.42
G1 F1374
G1 X115.041 Y106.922 E.00036
G3 X114.639 Y103.327 I-.162 J-1.802 E.17051
G1 X114.725 Y103.317 E.0026
G3 X115.423 Y106.846 I.154 J1.803 E.16078
G1 X115.111 Y106.91 E.00967
G1 X115.072 Y107.315 F18000
M204 P1500
;TYPE:Inner wall
;WIDTH:0.45
G1 F1374
G1 X115.383 Y107.301 E.01023
G1 X107.302 Y115.382 E.37525
G2 X107.156 Y114.035 I-2.824 J-.375 E.04491
G2 X104.853 Y112.693 I-2.038 J.851 E.09393
G1 X104.778 Y112.537 E.00568
G1 X112.698 Y104.618 E.36774
G1 X112.677 Y105.114 E.01632
G2 X114.88 Y107.324 I2.223 J-.013 E.11356
G1 X115.012 Y107.318 E.00435
G1 E-1.75 F6000
;WIPE_START
G1 X115.383 Y107.301 E-.27865
G1 X114.939 Y107.745 E-.47136
;WIPE_END
G1 X115.409 Y107.079 F18000
G1 E2.5 F6000
M204 P2000
;TYPE:Gap infill
;WIDTH:0.123048
G1 F1374
G1 X115.581 Y107.049 E.00113
;WIDTH:0.150018
G1 X115.668 Y107.031 E.00076
;WIDTH:0.180798
G1 X115.756 Y107.01 E.00101
;WIDTH:0.214967
G1 X115.838 Y106.989 E.00118
;WIDTH:0.215356
G1 X115.929 Y106.922 E.00157
;WIDTH:0.180813
G1 X116.062 Y106.815 E.0019
;WIDTH:0.142088
G1 X116.327 Y106.572 E.00288
G1 X116.57 Y106.308 E.00287
;WIDTH:0.180261
G1 X116.68 Y106.171 E.00195
;WIDTH:0.214031
G1 X116.743 Y106.087 E.00145
;WIDTH:0.244657
G1 X116.796 Y106.012 E.0015
;WIDTH:0.275618
G1 X116.845 Y105.941 E.00162
;WIDTH:0.292732
G1 X117.068 Y105.608 E.00808
G1 X117.052 Y105.6 F18000
;WIDTH:0.382119
G1 F1374
G3 X116.589 Y106.372 I-17.678 J-10.074 E.02463
G1 X117.288 Y105.108 F18000
;WIDTH:0.140338
G1 F1374
G1 X117.515 Y104.513 E.00501
G1 X117.504 Y104.501 F18000
;WIDTH:0.334797
G1 F1374
G1 X117.303 Y105.093 E.01473
G1 X117.564 Y104.832 F18000
;WIDTH:0.121283
G1 F1374
G2 X117.089 Y104.118 I-21.316 J13.634 E.00542
G1 X117.097 Y104.112 F18000
;WIDTH:0.214201
G1 F1374
G1 X117.545 Y104.851 E.01193
G1 X117.531 Y104.865 F18000
;WIDTH:0.334003
G1 F1374
G1 X117.122 Y104.119 E.01998
G1 X115.889 Y102.886 F18000
;WIDTH:0.321639
G1 F1374
G1 X115.136 Y102.468 E.01935
G1 X115.127 Y102.477 F18000
;WIDTH:0.404289
G1 F1374
G3 X115.845 Y102.842 I-10.879 J22.292 E.02347
G1 X115.17 Y102.434 F18000
;WIDTH:0.114601
G1 F1374
G3 X115.883 Y102.912 I-10.279 J16.103 E.00496
G1 X115.889 Y102.903 F18000
;WIDTH:0.213093
G1 F1374
G1 X115.149 Y102.455 E.01188
G1 X113.627 Y103.412 F18000
;WIDTH:0.381822
G1 F1374
G3 X114.4 Y102.948 I11.097 J17.611 E.02465
G1 X114.392 Y102.932 F18000
;WIDTH:0.292476
G1 F1374
G1 X114.058 Y103.155 E.00809
;WIDTH:0.27458
G1 X113.984 Y103.208 E.0017
;WIDTH:0.241839
G1 X113.903 Y103.264 E.00159
;WIDTH:0.202799
G1 X113.767 Y103.369 E.00221
;WIDTH:0.157161
G1 X113.557 Y103.549 E.00255
;WIDTH:0.139817
G1 X113.182 Y103.941 E.00424
;WIDTH:0.181847
G1 X113.075 Y104.075 E.00192
;WIDTH:0.220309
G1 X112.908 Y104.308 E.0041
G1 X111.121 Y106.688 F18000
;TYPE:Sparse infill
;WIDTH:0.45
G1 F1374
G1 X112.35 Y105.458 E.05709
G2 X114.546 Y107.646 I2.526 J-.339 E.10939
G1 X113.168 Y109.023 E.06396
G1 X110.977 Y106.832 E.10176
G1 X108.904 Y108.904 E.09623
G1 X111.096 Y111.096 E.10176
G1 X109.023 Y113.168 E.09623
G1 X106.832 Y110.977 E.10176
G1 X105.453 Y112.356 E.06402
G3 X107.646 Y114.546 I-.389 J2.582 E.10894
G1 X108.879 Y113.312 E.05728
G1 X106.955 Y116.006 F18000
;TYPE:Gap infill
;WIDTH:0.159304
G1 F1374
G2 X107.052 Y115.572 I-12.812 J-3.079 E.00417
;WIDTH:0.115134
G1 X107.081 Y115.407 E.00097
G1 X107.092 Y115.692 F18000
;WIDTH:0.21856
G1 F1374
G1 X106.879 Y115.983 E.00511
;WIDTH:0.157988
G1 X106.693 Y116.201 E.00265
;WIDTH:0.139581
G1 X106.304 Y116.573 E.0042
;WIDTH:0.180811
G1 X106.171 Y116.68 E.0019
;WIDTH:0.2157
G1 X106.078 Y116.749 E.0016
;WIDTH:0.215955
G1 X105.997 Y116.769 E.00117
;WIDTH:0.18208
G1 X105.91 Y116.79 E.00101
;WIDTH:0.151362
G1 X105.823 Y116.807 E.00077
;WIDTH:0.123867
G1 X105.646 Y116.839 E.00117
G1 X105.108 Y117.288 F18000
;WIDTH:0.132587
G1 F1374
G1 X104.513 Y117.516 E.00461
G1 X104.501 Y117.504 F18000
;WIDTH:0.317453
G1 F1374
G1 X105.094 Y117.302 E.01386
G1 X104.83 Y117.566 F18000
;WIDTH:0.117494
G1 F1374
G3 X104.117 Y117.088 I10.563 J-16.52 E.00516
G1 X104.111 Y117.097 F18000
;WIDTH:0.214208
G1 F1374
G1 X104.851 Y117.545 E.01195
G1 X104.865 Y117.531 F18000
;WIDTH:0.334643
G1 F1374
G1 X104.12 Y117.122 E.02
G1 X102.895 Y115.895 F18000
;WIDTH:0.272549
G1 F1374
G1 X102.464 Y115.139 E.0161
G1 X102.452 Y115.151 F18000
;WIDTH:0.206201
G1 F1374
G1 X102.905 Y115.888 E.01138
G1 X102.912 Y115.883 F18000
;WIDTH:0.114356
G1 F1374
G3 X102.433 Y115.17 I15.995 J-11.251 E.00495
G1 X102.477 Y115.127 F18000
;WIDTH:0.393086
G1 F1374
G2 X102.85 Y115.853 I17.145 J-8.351 E.02305
G1 X103.15 Y114.06 F18000
;WIDTH:0.203685
G1 F1374
G1 X103.31 Y113.843 E.0035
;WIDTH:0.18287
G1 X103.427 Y113.697 E.00211
;WIDTH:0.145086
G1 X103.673 Y113.428 E.003
G1 X104 Y113.134 E.00363
;WIDTH:0.202002
G1 X104.148 Y113.02 E.00239
;WIDTH:0.242718
G1 X104.228 Y112.964 E.00157
;WIDTH:0.275082
G1 X104.301 Y112.913 E.00167
;WIDTH:0.292718
G1 X104.634 Y112.69 E.00808
G1 X104.642 Y112.706 F18000
;WIDTH:0.38183
G1 F1374
G2 X103.869 Y113.17 I10.269 J17.983 E.02465
; stop printing object Block.stl id:105326592607568 copy 0
;LAYER_CHANGE
;Z:1.44
;HEIGHT:0.2
G92 E0 ; zero the extruded length again
; BEFORE_LAYER_CHANGE 6 @ 1.44mm
G1 E-1.75 F6000
;WIPE_START
G1 X104.642 Y112.706 E-.75
;WIPE_END
; AFTER_LAYER_CHANGE 6 @ 1.44mm
;_SET_FAN_SPEED_CHANGING_LAYER
; printing object Block.stl id:105326592607568 copy 0
G1 X101.458 Y115.303 Z1.44 F18000
G1 E2.5 F6000
M204 P1000
;TYPE:Outer wall
;WIDTH:0.42
G1 F1374
G1 X115.303 Y101.458 E.5955
G1 X118.453 Y104.608 E.13549
G1 X118.542 Y104.697 E.0038
G1 X104.697 Y118.542 E.5955
G1 X101.501 Y115.346 E.13747
G1 E-1.75 F6000
;WIPE_START
G1 F3600
G1 X102.206 Y114.636 E-.75
;WIPE_END
G1 X105.625 Y117.059 F18000
G1 E2.5 F6000
M204 P1500
;TYPE:Inner wall
;WIDTH:0.45
G1 F1374
G1 X104.697 Y117.987 E.04312
G1 X102.013 Y115.303 E.12463
G1 X102.94 Y114.376 E.04307
G1 X102.918 Y114.88 E.01656
G2 X105.122 Y117.082 I2.223 J-.021 E.11333
G1 X105.565 Y117.062 E.01457
G1 E-1.75 F6000
;WIPE_START
G1 X104.881 Y117.791 E-.75
;WIPE_END
G1 X106.921 Y114.7 F18000
G1 E2.5 F6000
M204 P1000
;TYPE:Outer wall
;WIDTH:0.42
G1 F1374
G1 X106.921 Y114.722 E.00067
G3 X104.881 Y113.085 I-1.8 J.154 E.25635
G1 X104.966 Y113.075 E.0026
G3 X106.865 Y114.407 I.154 J1.8 E.07658
G1 X106.909 Y114.641 E.00724
G1 E-1.75 F6000
;WIPE_START
G1 F3600
G1 X106.921 Y114.722 E-.06134
G1 X106.925 Y115.033 E-.23391
G1 X106.848 Y115.423 E-.29789
G1 X106.768 Y115.616 E-.15686
;WIPE_END
G1 X117.065 Y105.389 F18000
G1 E2.5 F6000
M204 P1500
;TYPE:Inner wall
;WIDTH:0.45
G1 F1374
G2 X114.611 Y102.935 I-2.2 J-.254 E.13089
G1 X114.537 Y102.779 E.00568
G1 X115.303 Y102.013 E.0356
G1 X117.987 Y104.697 E.12463
G1 X117.221 Y105.463 E.0356
G1 X117.119 Y105.415 E.00371
G1 E-1.75 F6000
;WIPE_START
G1 X117.082 Y105.12 E-.2225
G1 X117.073 Y104.924 E-.14762
G1 X116.98 Y104.459 E-.35565
G1 X116.969 Y104.428 E-.02422
;WIPE_END
G1 X115.053 Y106.921 F18000
G1 E2.5 F6000
M204 P1000
;TYPE:Outer wall
;WIDTH:0.42
G1 F1374
G1 X115.041 Y106.922 E.00036
G3 X114.639 Y103.327 I-.163 J-1.802 E.17053
G1 X114.725 Y103.317 E.0026
G3 X115.423 Y106.846 I.154 J1.803 E.16078
G1 X115.112 Y106.909 E.00965
G1 X115.073 Y107.315 F18000
M204 P1500
;TYPE:Inner wall
;WIDTH:0.45
G1 F1374
G1 X115.383 Y107.301 E.01021
G1 X107.463 Y115.222 E.36779
G1 X107.307 Y115.147 E.00568
G2 X104.853 Y112.693 I-2.188 J-.265 E.13113
G1 X104.778 Y112.537 E.00568
G1 X112.698 Y104.618 E.36774
G1 X112.676 Y105.121 E.01654
G2 X114.88 Y107.324 I2.223 J-.021 E.11335
G1 X115.013 Y107.318 E.00437
G1 E-1.75 F6000
;WIPE_START
G1 X115.383 Y107.301 E-.27819
G1 X114.939 Y107.746 E-.47181
;WIPE_END
G1 X115.409 Y107.079 F18000
G1 E2.5 F6000
M204 P2000
;TYPE:Gap infill
;WIDTH:0.122912
G1 F1374
G1 X115.581 Y107.049 E.00112
;WIDTH:0.14979
G1 X115.667 Y107.031 E.00076
;WIDTH:0.180581
G1 X115.756 Y107.01 E.00101
;WIDTH:0.214802
G1 X115.839 Y106.989 E.00119
;WIDTH:0.230018
G1 X115.845 Y106.985 E.00012
;WIDTH:0.203747
G1 X115.996 Y106.869 E.00246
;WIDTH:0.145314
G1 X116.327 Y106.572 E.00368
G1 X116.573 Y106.304 E.003
;WIDTH:0.180803
G1 X116.68 Y106.171 E.0019
;WIDTH:0.214064
G1 X116.743 Y106.087 E.00144
;WIDTH:0.244656
G1 X116.796 Y106.012 E.0015
;WIDTH:0.275617
G1 X116.845 Y105.941 E.00162
;WIDTH:0.292731
G1 X117.068 Y105.608 E.00808
G1 X117.052 Y105.6 F18000
;WIDTH:0.382174
G1 F1374
G3 X116.589 Y106.372 I-17.612 J-10.032 E.02463
G1 X117.545 Y104.851 F18000
;WIDTH:0.214209
G1 F1374
G1 X117.097 Y104.112 E.01194
G1 X117.089 Y104.118 F18000
;WIDTH:0.12122
G1 F1374
G3 X117.564 Y104.832 I-20.619 J14.202 E.00542
G1 X117.158 Y104.155 F18000
;WIDTH:0.411175
G1 F1374
G3 X117.523 Y104.873 I-22.134 J11.709 E.02393
G1 X117.532 Y104.864 F18000
;WIDTH:0.326681
G1 F1374
G1 X117.114 Y104.111 E.0197
G1 X115.888 Y102.885 F18000
;WIDTH:0.321664
G1 F1374
G1 X115.136 Y102.468 E.01935
G1 X115.127 Y102.477 F18000
;WIDTH:0.404268
G1 F1374
G3 X115.845 Y102.842 I-10.833 J22.201 E.02347
G1 X115.17 Y102.434 F18000
;WIDTH:0.114643
G1 F1374
G3 X115.883 Y102.912 I-10.24 J16.047 E.00497
G1 X115.889 Y102.903 F18000
;WIDTH:0.213536
G1 F1374
G1 X115.149 Y102.455 E.01191
G1 X113.627 Y103.412 F18000
;WIDTH:0.38184
G1 F1374
G3 X114.4 Y102.948 I11.067 J17.56 E.02465
G1 X114.393 Y102.934 F18000
;WIDTH:0.290375
G1 F1374
G2 X113.973 Y103.214 I8.119 J12.626 E.01008
;WIDTH:0.240231
G1 X113.906 Y103.263 E.00132
;WIDTH:0.213946
G1 X113.833 Y103.317 E.00124
;WIDTH:0.180842
G1 X113.692 Y103.43 E.00201
;WIDTH:0.142276
G1 X113.428 Y103.673 E.00287
G1 X113.182 Y103.942 E.00292
;WIDTH:0.18193
G1 X113.075 Y104.075 E.00191
;WIDTH:0.220317
G1 X112.908 Y104.308 E.0041
G1 X112.432 Y105.171 F18000
;WIDTH:0.0969211
G1 F1374
G1 X112.458 Y105.324 E.00067
G1 X113.312 Y108.879 F18000
;TYPE:Sparse infill
;WIDTH:0.45
G1 F1374
G1 X114.553 Y107.639 E.05761
G3 X112.397 Y105.687 I.37 J-2.576 E.10132
G1 X112.123 Y105.732 E.00911
G1 X112.116 Y105.692 E.00133
G1 X110.977 Y106.832 E.05291
G1 X113.168 Y109.023 E.10176
G1 X111.096 Y111.096 E.09623
G1 X108.904 Y108.904 E.10176
G1 X106.832 Y110.977 E.09623
G1 X109.023 Y113.168 E.10176
G1 X107.648 Y114.544 E.06387
G2 X105.453 Y112.356 I-2.539 J.352 E.10927
G1 X106.688 Y111.121 E.05734
G1 X103.869 Y113.17 F18000
;TYPE:Gap infill
;WIDTH:0.381828
G1 F1374
G3 X104.642 Y112.706 I11.081 J17.585 E.02465
G1 X104.634 Y112.69 F18000
;WIDTH:0.292724
G1 F1374
G1 X104.301 Y112.913 E.00808
;WIDTH:0.27508
G1 X104.228 Y112.964 E.00167
;WIDTH:0.242695
G1 X104.148 Y113.02 E.00157
;WIDTH:0.201911
G1 X104 Y113.134 E.0024
;WIDTH:0.145184
G1 X103.673 Y113.428 E.00363
G1 X103.424 Y113.7 E.00304
;WIDTH:0.181928
G1 X103.317 Y113.833 E.00191
;WIDTH:0.220318
G1 X103.15 Y114.066 E.0041
G1 X102.455 Y115.149 F18000
;WIDTH:0.210595
G1 F1374
G1 X102.903 Y115.889 E.0117
G1 X102.912 Y115.883 F18000
;WIDTH:0.113967
G1 F1374
G3 X102.433 Y115.171 I15.565 J-10.974 E.00492
G1 X102.842 Y115.845 F18000
;WIDTH:0.40407
G1 F1374
G3 X102.477 Y115.127 I22.116 J-11.7 E.02346
G1 X102.468 Y115.136 F18000
;WIDTH:0.321412
G1 F1374
G1 X102.886 Y115.889 E.01934
G1 X104.119 Y117.122 F18000
;WIDTH:0.334032
G1 F1374
G1 X104.865 Y117.531 E.01998
G1 X104.851 Y117.545 F18000
;WIDTH:0.214218
G1 F1374
G1 X104.111 Y117.097 E.01195
G1 X104.117 Y117.088 F18000
;WIDTH:0.117377
G1 F1374
G2 X104.83 Y117.567 I11.387 J-16.191 E.00516
G1 X105.091 Y117.305 F18000
;WIDTH:0.333417
G1 F1374
G1 X104.5 Y117.502 E.01462
G1 X104.509 Y117.512 F18000
;WIDTH:0.204899
G1 F1374
G1 X105.106 Y117.291 E.00831
G1 X105.651 Y116.837 F18000
;WIDTH:0.12291
G1 F1374
G1 X105.823 Y116.807 E.00112
;WIDTH:0.149788
G1 X105.909 Y116.789 E.00076
;WIDTH:0.180579
G1 X105.998 Y116.768 E.00101
;WIDTH:0.2148
G1 X106.081 Y116.747 E.00119
;WIDTH:0.215196
G1 X106.171 Y116.68 E.00157
;WIDTH:0.180711
G1 X106.304 Y116.573 E.00189
;WIDTH:0.14526
G1 X106.567 Y116.332 E.00295
G1 X106.869 Y115.996 E.00373
;WIDTH:0.20253
G1 X106.98 Y115.851 E.00235
;WIDTH:0.242866
G1 X107.036 Y115.772 E.00156
;WIDTH:0.27513
G1 X107.087 Y115.699 E.00166
;WIDTH:0.292731
G1 X107.31 Y115.366 E.00808
G1 X107.294 Y115.358 F18000
;WIDTH:0.382163
G1 F1374
G3 X106.831 Y116.13 I-17.584 J-10.015 E.02463
; stop printing object Block.stl id:105326592607568 copy 0
;LAYER_CHANGE
;Z:1.64
;HEIGHT:0.2
G92 E0 ; zero the extruded length again
; BEFORE_LAYER_CHANGE 7 @ 1.64mm
G1 E-1.75 F6000
;WIPE_START
G1 X107.294 Y115.358 E-.75
;WIPE_END
; AFTER_LAYER_CHANGE 7 @ 1.64mm
;_SET_FAN_SPEED_CHANGING_LAYER
; printing object Block.stl id:105326592607568 copy 0
G1 X101.458 Y115.303 Z1.64 F18000
G1 E2.5 F6000
M204 P1000
;TYPE:Outer wall
;WIDTH:0.42
G1 F1402
G1 X115.303 Y101.458 E.5955
G1 X118.418 Y104.573 E.13397
G1 X118.542 Y104.697 E.00532
G1 X104.697 Y118.542 E.5955
G1 X101.501 Y115.346 E.13747
G1 E-1.75 F6000
;WIPE_START
G1 F3600
G1 X102.206 Y114.636 E-.75
;WIPE_END
G1 X105.389 Y117.065 F18000
G1 E2.5 F6000
M204 P1500
;TYPE:Inner wall
;WIDTH:0.45
G1 F1402
G1 X105.463 Y117.221 E.00568
G1 X104.697 Y117.987 E.0356
G1 X102.013 Y115.303 E.12463
G1 X102.779 Y114.537 E.0356
G1 X102.935 Y114.611 E.00568
G2 X105.329 Y117.071 I2.2 J.254 E.12892
G1 E-1.75 F6000
;WIPE_START
G1 X105.463 Y117.221 E-.15102
G1 X104.899 Y117.785 E-.59898
;WIPE_END
G1 X106.919 Y114.695 F18000
G1 E2.5 F6000
M204 P1000
;TYPE:Outer wall
;WIDTH:0.42
G1 F1402
G1 X106.929 Y114.879 E.0056
G3 X104.881 Y113.085 I-1.808 J-.002 E.25179
G1 X104.966 Y113.075 E.0026
G3 X106.913 Y114.635 I.154 J1.802 E.08371
G1 E-1.75 F6000
;WIPE_START
G1 F3600
G1 X106.929 Y114.879 E-.18306
G1 X106.888 Y115.271 E-.29544
G1 X106.793 Y115.572 E-.23667
G1 X106.772 Y115.613 E-.03483
;WIPE_END
G1 X117.043 Y105.641 F18000
G1 E2.5 F6000
M204 P1500
;TYPE:Inner wall
;WIDTH:0.45
G1 F1402
G2 X116.683 Y103.858 I-2.414 J-.441 E.0612
G2 X114.611 Y102.935 I-1.818 J1.296 E.07811
G1 X114.537 Y102.779 E.00568
G1 X115.303 Y102.013 E.0356
G1 X117.987 Y104.697 E.12463
G1 X117.085 Y105.599 E.04188
G1 E-1.75 F6000
;WIPE_START
G1 X117.081 Y105.113 E-.36406
G1 X117.049 Y104.745 E-.27731
G1 X117.015 Y104.604 E-.10862
;WIPE_END
G1 X115.06 Y106.917 F18000
G1 E2.5 F6000
M204 P1000
;TYPE:Outer wall
;WIDTH:0.42
G1 F1402
G1 X114.722 Y106.92 E.01029
G3 X114.639 Y103.327 I.157 J-1.801 E.16068
G1 X114.724 Y103.317 E.0026
G3 X115.12 Y106.911 I.154 J1.802 E.17012
G1 X115.085 Y107.311 F18000
M204 P1500
;TYPE:Inner wall
;WIDTH:0.45
G1 F1402
G1 X115.147 Y107.307 E.00204
G1 X115.222 Y107.463 E.00568
G1 X107.463 Y115.222 E.36028
G1 X107.307 Y115.147 E.00568
G2 X104.853 Y112.693 I-2.188 J-.265 E.13113
G1 X104.778 Y112.537 E.00568
G1 X112.537 Y104.778 E.36028
G1 X112.693 Y104.853 E.00568
G2 X114.879 Y107.323 I2.188 J.265 E.12232
G1 X115.025 Y107.314 E.00479
G1 E-1.75 F6000
;WIPE_START
G1 X115.147 Y107.307 E-.0916
G1 X115.222 Y107.463 E-.12976
G1 X114.723 Y107.961 E-.52864
;WIPE_END
G1 X115.366 Y107.31 F18000
G1 E2.5 F6000
M204 P2000
;TYPE:Gap infill
;WIDTH:0.284928
G1 F1402
G2 X115.772 Y107.036 I-6.06 J-9.431 E.00957
;WIDTH:0.244104
G1 X115.845 Y106.985 E.00145
;WIDTH:0.203658
G1 X115.996 Y106.869 E.00247
;WIDTH:0.145142
G1 X116.327 Y106.572 E.00367
G1 X116.57 Y106.308 E.00295
;WIDTH:0.180263
G1 X116.68 Y106.171 E.00195
;WIDTH:0.196497
G2 X116.73 Y106.08 I-.186 J-.161 E.00129
G1 X116.753 Y105.992 E.00113
;WIDTH:0.152299
G1 X116.776 Y105.909 E.00076
;WIDTH:0.116949
G1 X116.815 Y105.733 E.00108
G1 X117.545 Y104.851 F18000
;WIDTH:0.213986
G1 F1402
G1 X117.097 Y104.111 E.01194
G1 X117.088 Y104.117 F18000
;WIDTH:0.117363
G1 F1402
G3 X117.567 Y104.83 I-15.977 J11.238 E.00515
G1 X117.157 Y104.154 F18000
;WIDTH:0.410689
G1 F1402
G3 X117.523 Y104.873 I-20.999 J11.14 E.02392
G1 X117.533 Y104.864 F18000
;WIDTH:0.322535
G1 F1402
G1 X117.113 Y104.11 E.01946
G1 X115.894 Y102.897 F18000
;WIDTH:0.266095
G1 F1402
G1 X115.141 Y102.463 E.01564
G1 X115.127 Y102.477 F18000
;WIDTH:0.396084
G1 F1402
G3 X115.852 Y102.849 I-8.228 J16.929 E.02321
G1 X115.173 Y102.431 F18000
;WIDTH:0.111818
G1 F1402
G3 X115.883 Y102.912 I-13.656 J20.933 E.00477
G1 X115.886 Y102.907 F18000
;WIDTH:0.169337
G1 F1402
G1 X115.156 Y102.448 E.0088
G1 X113.627 Y103.412 F18000
;WIDTH:0.381826
G1 F1402
G3 X114.4 Y102.948 I11.063 J17.553 E.02465
G1 X114.392 Y102.932 F18000
;WIDTH:0.292405
G1 F1402
G1 X114.058 Y103.155 E.00809
;WIDTH:0.274404
G1 X113.983 Y103.208 E.00171
;WIDTH:0.241486
G1 X113.902 Y103.265 E.00159
;WIDTH:0.202575
G1 X113.767 Y103.369 E.00219
;WIDTH:0.14849
G1 X113.435 Y103.666 E.0038
;WIDTH:0.147853
G1 X113.127 Y104.009 E.00389
;WIDTH:0.20438
G1 X113.015 Y104.155 E.00241
;WIDTH:0.244267
G1 X112.964 Y104.228 E.00144
;WIDTH:0.284962
G2 X112.69 Y104.634 I9.142 J6.456 E.00957
G1 X112.706 Y104.642 F18000
;WIDTH:0.374367
G1 F1402
G3 X113.169 Y103.87 I17.553 J9.995 E.02406
G1 X112.432 Y105.171 F18000
;WIDTH:0.0969201
G1 F1402
G1 X112.458 Y105.324 E.00067
G1 X111.121 Y106.688 F18000
;TYPE:Sparse infill
;WIDTH:0.45
G1 F1402
G1 X112.116 Y105.692 E.04623
G1 X112.123 Y105.732 E.00133
G1 X112.396 Y105.687 E.0091
G2 X114.547 Y107.644 I2.544 J-.636 E.10121
G1 X113.168 Y109.023 E.06403
G1 X110.977 Y106.832 E.10176
G1 X108.904 Y108.904 E.09623
G1 X111.096 Y111.096 E.10176
G1 X109.023 Y113.168 E.09623
G1 X106.832 Y110.977 E.10176
G1 X105.453 Y112.356 E.06404
G3 X107.645 Y114.546 I-.32 J2.513 E.1095
G1 X108.879 Y113.312 E.05729
G1 X106.83 Y116.131 F18000
;TYPE:Gap infill
;WIDTH:0.381836
G1 F1402
G2 X107.294 Y115.358 I-17.569 J-11.072 E.02465
G1 X107.31 Y115.366 F18000
;WIDTH:0.29273
G1 F1402
G1 X107.087 Y115.699 E.00808
;WIDTH:0.275128
G1 X107.036 Y115.772 E.00166
;WIDTH:0.242864
G1 X106.98 Y115.851 E.00156
;WIDTH:0.202529
G1 X106.869 Y115.996 E.00235
;WIDTH:0.145125
G1 X106.636 Y116.261 E.00291
G1 X106.309 Y116.569 E.0037
;WIDTH:0.171389
G1 X106.229 Y116.634 E.00107
;WIDTH:0.204197
G1 X106.092 Y116.739 E.00225
;WIDTH:0.242842
G1 X106.017 Y116.792 E.00148
;WIDTH:0.284336
G3 X105.608 Y117.068 I-6.327 J-8.933 E.00961
G1 X105.6 Y117.052 F18000
;WIDTH:0.374049
G1 F1402
G2 X106.373 Y116.588 I-10.321 J-18.07 E.02408
G1 X105.106 Y117.291 F18000
;WIDTH:0.204092
G1 F1402
G1 X104.509 Y117.512 E.00827
G1 X104.5 Y117.503 F18000
;WIDTH:0.333205
G1 F1402
G1 X105.091 Y117.305 E.01461
G1 X104.83 Y117.567 F18000
;WIDTH:0.117371
G1 F1402
G3 X104.117 Y117.088 I10.538 J-16.473 E.00515
G1 X104.111 Y117.097 F18000
;WIDTH:0.214211
G1 F1402
G1 X104.851 Y117.545 E.01195
G1 X104.865 Y117.531 F18000
;WIDTH:0.334014
G1 F1402
G1 X104.119 Y117.122 E.01998
G1 X102.887 Y115.89 F18000
;WIDTH:0.317551
G1 F1402
G1 X102.467 Y115.136 E.01911
G1 X102.477 Y115.127 F18000
;WIDTH:0.403101
G1 F1402
G2 X102.843 Y115.846 I21.366 J-10.422 E.02343
G1 X102.433 Y115.171 F18000
;WIDTH:0.113911
G1 F1402
G2 X102.912 Y115.883 I15.994 J-10.23 E.00492
G1 X102.904 Y115.889 F18000
;WIDTH:0.210418
G1 F1402
G1 X102.454 Y115.149 E.01169
G1 X103.411 Y113.628 F18000
;WIDTH:0.374367
G1 F1402
G2 X102.948 Y114.4 I17.044 J10.739 E.02406
G1 X102.932 Y114.392 F18000
;WIDTH:0.284961
G1 F1402
G3 X103.206 Y113.986 I9.391 J6.032 E.00957
;WIDTH:0.244267
G1 X103.257 Y113.913 E.00144
;WIDTH:0.204411
G1 X103.369 Y113.767 E.0024
;WIDTH:0.147726
G1 X103.67 Y113.431 E.00381
G1 X103.999 Y113.135 E.00374
;WIDTH:0.201815
G1 X104.148 Y113.02 E.00241
;WIDTH:0.242667
G1 X104.228 Y112.964 E.00157
;WIDTH:0.27507
G1 X104.301 Y112.913 E.00167
;WIDTH:0.292723
G1 X104.634 Y112.69 E.00808
G1 X104.642 Y112.706 F18000
;WIDTH:0.381825
G1 F1402
G2 X103.869 Y113.17 I10.264 J17.973 E.02465
G1 X115.358 Y107.294 F18000
;WIDTH:0.37405
G1 F1402
G2 X116.131 Y106.83 I-10.277 J-17.996 E.02409
; stop printing object Block.stl id:105326592607568 copy 0
;LAYER_CHANGE
;Z:1.84
;HEIGHT:0.2
G92 E0 ; zero the extruded length again
; BEFORE_LAYER_CHANGE 8 @ 1.84mm
G1 E-1.75 F6000
;WIPE_START
G1 X115.358 Y107.294 E-.75
;WIPE_END
; AFTER_LAYER_CHANGE 8 @ 1.84mm
;_SET_FAN_SPEED_CHANGING_LAYER
; printing object Block.stl id:105326592607568 copy 0
G1 X101.458 Y115.303 Z1.84 F18000
G1 E2.5 F6000
M204 P1000
;TYPE:Outer wall
;WIDTH:0.42
G1 F1380
G1 X115.303 Y101.458 E.5955
G1 X118.383 Y104.538 E.13245
G1 X118.542 Y104.697 E.00684
G1 X104.697 Y118.542 E.5955
G1 X101.501 Y115.346 E.13747
G1 E-1.75 F6000
;WIPE_START
G1 F3600
G1 X102.206 Y114.636 E-.75
;WIPE_END
G1 X105.624 Y117.06 F18000
G1 E2.5 F6000
M204 P1500
;TYPE:Inner wall
;WIDTH:0.45
G1 F1380
G1 X104.697 Y117.987 E.04307
G1 X102.013 Y115.303 E.12463
G1 X102.779 Y114.537 E.0356
G1 X102.935 Y114.611 E.00568
G2 X105.121 Y117.082 I2.203 J.253 E.12211
G1 X105.564 Y117.062 E.01457
G1 E-1.75 F6000
;WIPE_START
G1 X104.88 Y117.792 E-.75
;WIPE_END
G1 X106.921 Y114.702 F18000
G1 E2.5 F6000
M204 P1000
;TYPE:Outer wall
;WIDTH:0.42
G1 F1380
G1 X106.923 Y114.721 E.00058
G3 X104.881 Y113.085 I-1.803 J.157 E.25679
G1 X104.966 Y113.075 E.0026
G3 X106.846 Y114.332 I.154 J1.803 E.07425
G1 X106.909 Y114.644 E.00968
G1 E-1.75 F6000
;WIPE_START
G1 F3600
G1 X106.923 Y114.721 E-.05938
G1 X106.925 Y115.033 E-.23405
G1 X106.848 Y115.423 E-.29782
G1 X106.767 Y115.619 E-.15875
;WIPE_END
G1 X117.065 Y105.389 F18000
G1 E2.5 F6000
M204 P1500
;TYPE:Inner wall
;WIDTH:0.45
G1 F1380
G2 X114.611 Y102.935 I-2.2 J-.254 E.13089
G1 X114.537 Y102.779 E.00568
G1 X115.303 Y102.013 E.0356
G1 X117.987 Y104.697 E.12463
G1 X117.221 Y105.463 E.0356
G1 X117.119 Y105.415 E.00371
G1 E-1.75 F6000
;WIPE_START
G1 X117.082 Y105.121 E-.22195
G1 X117.073 Y104.929 E-.14411
G1 X117.049 Y104.745 E-.13931
G1 X116.98 Y104.458 E-.22115
G1 X116.969 Y104.429 E-.02347
;WIPE_END
G1 X115.054 Y106.921 F18000
G1 E2.5 F6000
M204 P1000
;TYPE:Outer wall
;WIDTH:0.42
G1 F1380
G1 X115.037 Y106.922 E.00051
G3 X114.639 Y103.327 I-.158 J-1.802 E.17038
G1 X114.725 Y103.317 E.0026
G3 X115.426 Y106.845 I.154 J1.803 E.16066
G1 X115.113 Y106.909 E.00973
G1 X115.072 Y107.315 F18000
M204 P1500
;TYPE:Inner wall
;WIDTH:0.45
G1 F1380
G1 X115.382 Y107.302 E.01019
G1 X107.463 Y115.222 E.36774
G1 X107.307 Y115.147 E.00568
G2 X104.853 Y112.693 I-2.2 J-.254 E.13089
G1 X104.778 Y112.537 E.00568
G1 X112.698 Y104.618 E.36774
G1 X112.676 Y105.121 E.01654
G2 X114.887 Y107.323 I2.223 J-.02 E.11357
G1 X115.012 Y107.318 E.00413
G1 E-1.75 F6000
;WIPE_START
G1 X115.382 Y107.302 E-.27774
G1 X114.937 Y107.747 E-.47226
;WIPE_END
G1 X115.698 Y107.092 F18000
G1 E2.5 F6000
M204 P2000
;TYPE:Gap infill
;WIDTH:0.202417
G1 F1380
G1 X115.919 Y106.929 E.00353
;WIDTH:0.182192
G1 X116.062 Y106.815 E.00206
;WIDTH:0.142324
G1 X116.33 Y106.569 E.00292
G1 X116.574 Y106.303 E.0029
;WIDTH:0.18097
G1 X116.68 Y106.171 E.00189
;WIDTH:0.214077
G1 X116.743 Y106.087 E.00144
;WIDTH:0.244657
G1 X116.796 Y106.012 E.0015
;WIDTH:0.275616
G1 X116.845 Y105.941 E.00162
;WIDTH:0.292728
G1 X117.068 Y105.608 E.00808
G1 X117.052 Y105.6 F18000
;WIDTH:0.382261
G1 F1380
G3 X116.59 Y106.372 I-17.488 J-9.954 E.02463
G1 X117.546 Y104.851 F18000
;WIDTH:0.213956
G1 F1380
G1 X117.097 Y104.112 E.01192
G1 X117.089 Y104.118 F18000
;WIDTH:0.121058
G1 F1380
G3 X117.564 Y104.832 I-20.698 J14.267 E.00541
G1 X117.157 Y104.154 F18000
;WIDTH:0.410604
G1 F1380
G3 X117.523 Y104.873 I-20.781 J11.032 E.02393
G1 X117.533 Y104.864 F18000
;WIDTH:0.322004
G1 F1380
G1 X117.113 Y104.11 E.01943
G1 X115.894 Y102.897 F18000
;WIDTH:0.265806
G1 F1380
G1 X115.141 Y102.463 E.01562
G1 X115.127 Y102.477 F18000
;WIDTH:0.39608
G1 F1380
G3 X115.852 Y102.849 I-8.202 J16.878 E.02321
G1 X115.173 Y102.431 F18000
;WIDTH:0.111387
G1 F1380
G3 X115.883 Y102.912 I-14.132 J21.613 E.00474
G1 X115.886 Y102.907 F18000
;WIDTH:0.166073
G1 F1380
G1 X115.156 Y102.448 E.00857
G1 X113.627 Y103.412 F18000
;WIDTH:0.381832
G1 F1380
G3 X114.4 Y102.948 I11.099 J17.615 E.02465
G1 X114.392 Y102.932 F18000
;WIDTH:0.292374
G1 F1380
G1 X114.058 Y103.156 E.00809
;WIDTH:0.274318
G1 X113.983 Y103.208 E.00171
;WIDTH:0.241309
G1 X113.901 Y103.266 E.0016
;WIDTH:0.202462
G1 X113.767 Y103.369 E.00217
;WIDTH:0.148487
G1 X113.435 Y103.666 E.0038
;WIDTH:0.147852
G1 X113.127 Y104.009 E.00389
;WIDTH:0.204381
G1 X113.015 Y104.155 E.00241
;WIDTH:0.228839
G1 X112.908 Y104.308 E.0028
G1 X113.312 Y108.879 F18000
;TYPE:Sparse infill
;WIDTH:0.45
G1 F1380
G1 X114.549 Y107.642 E.05744
G3 X112.356 Y105.453 I.376 J-2.57 E.10904
G1 X110.977 Y106.832 E.06403
G1 X113.168 Y109.023 E.10176
G1 X111.096 Y111.096 E.09623
G1 X108.904 Y108.904 E.10176
G1 X106.832 Y110.977 E.09623
G1 X109.023 Y113.168 E.10176
G1 X107.892 Y114.299 E.05252
G1 X107.604 Y114.313 E.00949
G2 X105.678 Y112.398 I-2.462 J.549 E.09415
G1 X105.692 Y112.116 E.00926
G1 X106.688 Y111.121 E.04623
G1 X105.316 Y112.457 F18000
;TYPE:Gap infill
;WIDTH:0.096921
G1 F1380
G1 X105.17 Y112.434 E.00064
G1 X103.869 Y113.17 F18000
;WIDTH:0.381835
G1 F1380
G3 X104.642 Y112.706 I11.053 J17.536 E.02465
G1 X104.634 Y112.69 F18000
;WIDTH:0.292735
G1 F1380
G1 X104.301 Y112.913 E.00808
;WIDTH:0.275135
G1 X104.228 Y112.964 E.00166
;WIDTH:0.242871
G1 X104.149 Y113.02 E.00156
;WIDTH:0.202532
G1 X104.004 Y113.131 E.00235
;WIDTH:0.145451
G1 X103.673 Y113.428 E.00368
G1 X103.423 Y113.701 E.00306
;WIDTH:0.182086
G1 X103.317 Y113.833 E.0019
;WIDTH:0.215676
G1 X103.254 Y113.918 E.00147
;WIDTH:0.245733
G1 X103.204 Y113.988 E.00141
;WIDTH:0.285283
G2 X102.932 Y114.392 I9.09 J6.418 E.00952
G1 X102.948 Y114.4 F18000
;WIDTH:0.374401
G1 F1380
G3 X103.411 Y113.628 I17.426 J9.918 E.02406
G1 X102.454 Y115.149 F18000
;WIDTH:0.210384
G1 F1380
G1 X102.904 Y115.889 E.01169
G1 X102.912 Y115.883 F18000
;WIDTH:0.11386
G1 F1380
G3 X102.433 Y115.171 I15.457 J-10.905 E.00491
G1 X102.843 Y115.846 F18000
;WIDTH:0.402954
G1 F1380
G3 X102.477 Y115.127 I20.823 J-11.053 E.02343
G1 X102.467 Y115.136 F18000
;WIDTH:0.317056
G1 F1380
G1 X102.887 Y115.89 E.01908
G1 X104.119 Y117.122 F18000
;WIDTH:0.334022
G1 F1380
G1 X104.865 Y117.531 E.01998
G1 X104.851 Y117.545 F18000
;WIDTH:0.214207
G1 F1380
G1 X104.111 Y117.097 E.01195
G1 X104.117 Y117.088 F18000
;WIDTH:0.117371
G1 F1380
G2 X104.83 Y117.566 I11.205 J-15.93 E.00516
G1 X105.091 Y117.305 F18000
;WIDTH:0.335054
G1 F1380
G1 X104.499 Y117.502 E.01469
G1 X104.509 Y117.512 F18000
;WIDTH:0.210277
G1 F1380
G1 X105.105 Y117.291 E.00859
G1 X105.65 Y116.839 F18000
;WIDTH:0.125682
G1 F1380
G1 X105.829 Y116.806 E.00121
;WIDTH:0.152361
G1 X105.91 Y116.79 E.00073
;WIDTH:0.182159
G1 X105.997 Y116.769 E.001
;WIDTH:0.21598
G1 X106.078 Y116.749 E.00117
;WIDTH:0.230482
G1 X106.087 Y116.743 E.00016
;WIDTH:0.203566
G1 X106.239 Y116.626 E.00247
;WIDTH:0.145107
G1 X106.569 Y116.33 E.00366
G1 X106.812 Y116.066 E.00295
;WIDTH:0.180257
G1 X106.922 Y115.929 E.00195
;WIDTH:0.21403
G1 X106.985 Y115.845 E.00145
;WIDTH:0.244661
G1 X107.038 Y115.77 E.0015
;WIDTH:0.275617
G1 X107.087 Y115.699 E.00162
;WIDTH:0.292729
G1 X107.31 Y115.366 E.00808
G1 X107.294 Y115.358 F18000
;WIDTH:0.382262
G1 F1380
G3 X106.831 Y116.13 I-17.47 J-9.944 E.02463
G1 X107.568 Y114.829 F18000
;WIDTH:0.116628
G1 F1380
G1 X107.542 Y114.676 E.00092
; stop printing object Block.stl id:105326592607568 copy 0
;LAYER_CHANGE
;Z:2.04
;HEIGHT:0.2
G92 E0 ; zero the extruded length again
; BEFORE_LAYER_CHANGE 9 @ 2.04mm
G1 E-2.34534 F6000
;WIPE_START
G1 X107.568 Y114.829 E-.15466
;WIPE_END
; AFTER_LAYER_CHANGE 9 @ 2.04mm
;_SET_FAN_SPEED_CHANGING_LAYER
; printing object Block.stl id:105326592607568 copy 0
G1 X101.458 Y115.303 Z2.04 F18000
G1 E2.5 F6000
M204 P1000
;TYPE:Outer wall
;WIDTH:0.42
G1 F1356
G1 X115.303 Y101.458 E.5955
G1 X118.347 Y104.502 E.13093
G1 X118.542 Y104.697 E.00836
G1 X104.697 Y118.542 E.5955
G1 X101.501 Y115.346 E.13747
G1 E-1.75 F6000
;WIPE_START
G1 F3600
G1 X102.206 Y114.636 E-.75
;WIPE_END
G1 X105.624 Y117.06 F18000
G1 E2.5 F6000
M204 P1500
;TYPE:Inner wall
;WIDTH:0.45
G1 F1356
G1 X104.697 Y117.987 E.04307
G1 X102.013 Y115.303 E.12463
G1 X102.957 Y114.359 E.04385
G1 X102.921 Y114.776 E.01373
G2 X105.129 Y117.081 I2.204 J.099 E.11717
G1 X105.564 Y117.062 E.01432
G1 E-1.75 F6000
;WIPE_START
G1 X104.88 Y117.792 E-.75
;WIPE_END
G1 X106.92 Y114.703 F18000
G1 E2.5 F6000
M204 P1000
;TYPE:Outer wall
;WIDTH:0.42
G1 F1356
G1 X106.924 Y114.725 E.00065
G3 X104.881 Y113.085 I-1.803 J.153 E.25667
G1 X104.966 Y113.076 E.0026
G3 X106.847 Y114.335 I.154 J1.803 E.07436
G1 X106.909 Y114.645 E.00961
G1 E-1.75 F6000
;WIPE_START
G1 F3600
G1 X106.924 Y114.725 E-.06111
G1 X106.917 Y115.108 E-.28778
G1 X106.847 Y115.423 E-.24188
G1 X106.766 Y115.62 E-.15923
;WIPE_END
G1 X117.06 Y105.624 F18000
G1 E2.5 F6000
M204 P1500
;TYPE:Inner wall
;WIDTH:0.45
G1 F1356
G2 X116.872 Y104.183 I-2.761 J-.373 E.04827
G2 X114.611 Y102.935 I-1.996 J.945 E.09055
G1 X114.537 Y102.779 E.00568
G1 X115.303 Y102.013 E.0356
G1 X117.987 Y104.697 E.12463
G1 X117.102 Y105.582 E.0411
G1 E-1.75 F6000
;WIPE_START
G1 X117.082 Y105.121 E-.346
G1 X117.073 Y104.928 E-.14491
G1 X117.014 Y104.588 E-.25909
;WIPE_END
G1 X115.054 Y106.921 F18000
G1 E2.5 F6000
M204 P1000
;TYPE:Outer wall
;WIDTH:0.42
G1 F1356
G1 X115.037 Y106.917 E.00055
G3 X114.639 Y103.327 I-.158 J-1.8 E.17013
G1 X114.724 Y103.317 E.0026
G3 X115.424 Y106.84 I.154 J1.8 E.16044
G1 X115.113 Y106.908 E.0097
G1 X115.073 Y107.315 F18000
M204 P1500
;TYPE:Inner wall
;WIDTH:0.45
G1 F1356
G1 X115.382 Y107.302 E.01017
G1 X107.285 Y115.399 E.37599
G2 X106.925 Y113.616 I-2.389 J-.446 E.06123
G2 X104.853 Y112.693 I-1.818 J1.296 E.07811
G1 X104.778 Y112.537 E.00568
G1 X112.698 Y104.618 E.36774
G1 X112.676 Y105.121 E.01654
G2 X114.879 Y107.324 I2.223 J-.021 E.11332
G1 X115.013 Y107.318 E.0044
G1 E-1.75 F6000
;WIPE_START
G1 X115.382 Y107.302 E-.27741
G1 X114.937 Y107.747 E-.47259
;WIPE_END
G1 X115.408 Y107.081 F18000
G1 E2.5 F6000
M204 P2000
;TYPE:Gap infill
;WIDTH:0.124887
G1 F1356
G1 X115.584 Y107.049 E.00118
;WIDTH:0.151776
G1 X115.668 Y107.032 E.00075
;WIDTH:0.18207
G1 X115.755 Y107.011 E.00101
;WIDTH:0.215951
G1 X115.836 Y106.991 E.00117
;WIDTH:0.230469
G1 X115.845 Y106.985 E.00017
;WIDTH:0.203476
G1 X115.997 Y106.868 E.00248
;WIDTH:0.147644
G1 X116.325 Y106.574 E.00372
G1 X116.627 Y106.238 E.00381
;WIDTH:0.202527
G1 X116.738 Y106.093 E.00235
;WIDTH:0.218338
G2 X116.769 Y105.997 I-.112 J-.089 E.00147
;WIDTH:0.183134
G1 X116.789 Y105.915 E.00095
;WIDTH:0.152194
G1 X116.807 Y105.823 E.00083
;WIDTH:0.124415
G1 X116.825 Y105.736 E.00058
;WIDTH:0.103772
G1 X116.839 Y105.646 E.00045
G1 X117.149 Y104.147 F18000
;WIDTH:0.402799
G1 F1356
G3 X117.523 Y104.873 I-16.889 J9.146 E.02372
G1 X117.563 Y104.833 F18000
;WIDTH:0.121763
G1 F1356
G2 X117.09 Y104.118 I-22.004 J14.069 E.00545
G1 X117.096 Y104.113 F18000
;WIDTH:0.208773
G1 F1356
G1 X117.548 Y104.849 E.01154
G1 X117.536 Y104.861 F18000
;WIDTH:0.276522
G1 F1356
G1 X117.106 Y104.107 E.01635
G1 X115.852 Y102.849 F18000
;WIDTH:0.396085
G1 F1356
G2 X115.127 Y102.477 I-8.937 J16.527 E.02321
G1 X115.141 Y102.463 F18000
;WIDTH:0.266156
G1 F1356
G1 X115.893 Y102.897 E.01564
G1 X115.886 Y102.908 F18000
;WIDTH:0.165157
G1 F1356
G1 X115.158 Y102.445 E.0085
G1 X113.627 Y103.412 F18000
;WIDTH:0.381833
G1 F1356
G3 X114.4 Y102.948 I11.083 J17.588 E.02465
G1 X114.392 Y102.932 F18000
;WIDTH:0.292736
G1 F1356
G1 X114.059 Y103.155 E.00808
;WIDTH:0.275068
G1 X113.986 Y103.206 E.00167
;WIDTH:0.242621
G1 X113.906 Y103.262 E.00157
;WIDTH:0.201633
G1 X113.756 Y103.378 E.00242
;WIDTH:0.147661
G1 X113.433 Y103.668 E.00367
G1 X113.127 Y104.009 E.00386
;WIDTH:0.204381
G1 X113.015 Y104.155 E.00241
;WIDTH:0.228839
G1 X112.908 Y104.308 E.0028
G1 X112.432 Y105.171 F18000
;WIDTH:0.0969208
G1 F1356
G1 X112.458 Y105.324 E.00067
G1 X111.121 Y106.688 F18000
;TYPE:Sparse infill
;WIDTH:0.45
G1 F1356
G1 X112.116 Y105.692 E.04623
G1 X112.123 Y105.732 E.00133
G1 X112.397 Y105.687 E.00911
G2 X114.542 Y107.65 I2.487 J-.564 E.10158
G1 X113.168 Y109.023 E.06378
G1 X110.977 Y106.832 E.10176
G1 X108.904 Y108.904 E.09623
G1 X111.096 Y111.096 E.10176
G1 X109.023 Y113.168 E.09623
G1 X106.832 Y110.977 E.10176
G1 X105.453 Y112.356 E.06404
G3 X107.639 Y114.553 I-.332 J2.517 E.10946
G1 X108.879 Y113.312 E.05761
G1 X107.057 Y115.49 F18000
;TYPE:Gap infill
;WIDTH:0.117033
G1 F1356
G1 X107.018 Y115.667 E.00108
;WIDTH:0.152967
G1 X106.995 Y115.753 E.00079
;WIDTH:0.195081
G1 X106.97 Y115.845 E.00118
G3 X106.869 Y115.996 I-.694 J-.355 E.00223
;WIDTH:0.147645
G1 X106.567 Y116.332 E.00381
G1 X106.239 Y116.626 E.00372
;WIDTH:0.203476
G1 X106.087 Y116.743 E.00248
;WIDTH:0.230468
G1 X106.078 Y116.749 E.00017
;WIDTH:0.215947
G1 X105.997 Y116.769 E.00117
;WIDTH:0.182065
G1 X105.91 Y116.79 E.00101
;WIDTH:0.151771
G1 X105.826 Y116.807 E.00075
;WIDTH:0.124885
G1 X105.65 Y116.839 E.00118
G1 X105.108 Y117.288 F18000
;WIDTH:0.132531
G1 F1356
G1 X104.513 Y117.516 E.00461
G1 X104.501 Y117.504 F18000
;WIDTH:0.314261
G1 F1356
G1 X105.094 Y117.302 E.01371
G1 X104.833 Y117.563 F18000
;WIDTH:0.121764
G1 F1356
G3 X104.118 Y117.09 I14.072 J-22.008 E.00545
G1 X104.112 Y117.097 F18000
;WIDTH:0.214208
G1 F1356
G1 X104.851 Y117.545 E.01193
G1 X104.865 Y117.531 F18000
;WIDTH:0.335055
G1 F1356
G1 X104.12 Y117.123 E.02002
G1 X102.434 Y115.17 F18000
;WIDTH:0.114359
G1 F1356
G2 X102.912 Y115.883 I16.411 J-10.494 E.00495
G1 X102.905 Y115.888 F18000
;WIDTH:0.206197
G1 F1356
G1 X102.452 Y115.151 E.01138
G1 X102.464 Y115.139 F18000
;WIDTH:0.272459
G1 F1356
G1 X102.895 Y115.895 E.0161
G1 X102.851 Y115.853 F18000
;WIDTH:0.390998
G1 F1356
G3 X102.477 Y115.127 I16.938 J-9.171 E.02294
G1 X103.185 Y114.268 F18000
;WIDTH:0.136228
G1 F1356
G1 X103.223 Y114.095 E.00133
;WIDTH:0.151769
G1 X103.247 Y114.008 E.00079
;WIDTH:0.18247
G1 X103.269 Y113.925 E.00097
;WIDTH:0.208081
G3 X103.317 Y113.833 I.197 J.045 E.00139
;WIDTH:0.182168
G1 X103.422 Y113.702 E.00189
;WIDTH:0.145154
G1 X103.673 Y113.428 E.00306
G1 X103.998 Y113.136 E.00361
;WIDTH:0.201633
G1 X104.148 Y113.02 E.00242
;WIDTH:0.242622
G1 X104.228 Y112.964 E.00157
;WIDTH:0.275068
G1 X104.301 Y112.913 E.00167
;WIDTH:0.292736
G1 X104.634 Y112.69 E.00808
G1 X104.642 Y112.706 F18000
;WIDTH:0.381833
G1 F1356
G2 X103.869 Y113.17 I10.347 J18.114 E.02465
; stop printing object Block.stl id:105326592607568 copy 0
;LAYER_CHANGE
;Z:2.24
;HEIGHT:0.2
G92 E0 ; zero the extruded length again
; BEFORE_LAYER_CHANGE 10 @ 2.24mm
G1 E-1.75 F6000
;WIPE_START
G1 X104.642 Y112.706 E-.75
;WIPE_END
; AFTER_LAYER_CHANGE 10 @ 2.24mm
;_SET_FAN_SPEED_CHANGING_LAYER
; printing object Block.stl id:105326592607568 copy 0
G1 X101.458 Y115.303 Z2.24 F18000
G1 E2.5 F6000
M204 P1000
;TYPE:Outer wall
;WIDTH:0.42
G1 F1388
G1 X115.303 Y101.458 E.5955
G1 X118.312 Y104.467 E.12941
G1 X118.542 Y104.697 E.00988
G1 X104.697 Y118.542 E.5955
G1 X101.501 Y115.346 E.13747
G1 E-1.75 F6000
;WIPE_START
G1 F3600
G1 X102.206 Y114.636 E-.75
;WIPE_END
G1 X105.626 Y117.058 F18000
G1 E2.5 F6000
M204 P1500
;TYPE:Inner wall
;WIDTH:0.45
G1 F1388
G1 X104.697 Y117.987 E.04315
G1 X102.013 Y115.303 E.12463
G1 X102.779 Y114.537 E.0356
G1 X102.935 Y114.611 E.00568
G2 X105.13 Y117.081 I2.203 J.253 E.1224
G1 X105.566 Y117.061 E.01434
G1 E-1.75 F6000
;WIPE_START
G1 X104.882 Y117.79 E-.75
;WIPE_END
G1 X106.921 Y114.704 F18000
G1 E2.5 F6000
M204 P1000
;TYPE:Outer wall
;WIDTH:0.42
G1 F1388
G1 X106.923 Y114.721 E.00053
G3 X104.881 Y113.085 I-1.803 J.157 E.2568
G1 X104.966 Y113.076 E.0026
G3 X106.847 Y114.335 I.154 J1.803 E.07435
G1 X106.909 Y114.645 E.00964
G1 E-1.75 F6000
;WIPE_START
G1 F3600
G1 X106.923 Y114.721 E-.05796
G1 X106.925 Y115.033 E-.23407
G1 X106.848 Y115.423 E-.29775
G1 X106.766 Y115.62 E-.16023
;WIPE_END
G1 X117.065 Y105.389 F18000
G1 E2.5 F6000
M204 P1500
;TYPE:Inner wall
;WIDTH:0.45
G1 F1388
G2 X114.611 Y102.935 I-2.2 J-.254 E.13089
G1 X114.537 Y102.779 E.00568
G1 X115.303 Y102.013 E.0356
G1 X117.987 Y104.697 E.12463
G1 X117.221 Y105.463 E.0356
G1 X117.119 Y105.415 E.00371
G1 E-1.75 F6000
;WIPE_START
G1 X117.082 Y105.121 E-.22197
G1 X117.073 Y104.929 E-.14412
G1 X117.049 Y104.745 E-.13949
G1 X116.98 Y104.458 E-.22102
G1 X116.969 Y104.429 E-.0234
;WIPE_END
G1 X115.054 Y106.921 F18000
G1 E2.5 F6000
M204 P1000
;TYPE:Outer wall
;WIDTH:0.42
G1 F1388
G1 X115.034 Y106.924 E.00062
G3 X114.639 Y103.327 I-.155 J-1.803 E.17034
G1 X114.724 Y103.317 E.0026
G3 X115.423 Y106.847 I.154 J1.803 E.16081
G1 X115.113 Y106.909 E.00962
G1 X115.073 Y107.315 F18000
M204 P1500
;TYPE:Inner wall
;WIDTH:0.45
G1 F1388
G1 X115.382 Y107.302 E.01018
G1 X107.463 Y115.222 E.36774
G1 X107.307 Y115.147 E.00568
G2 X104.853 Y112.693 I-2.2 J-.254 E.13089
G1 X104.778 Y112.537 E.00568
G1 X112.537 Y104.778 E.36028
G1 X112.693 Y104.853 E.00568
G2 X114.879 Y107.324 I2.204 J.252 E.12211
G1 X115.013 Y107.318 E.00439
G1 E-1.75 F6000
;WIPE_START
G1 X115.382 Y107.302 E-.27757
G1 X114.937 Y107.747 E-.47243
;WIPE_END
G1 X114.83 Y107.566 F18000
G1 E2.5 F6000
M204 P2000
;TYPE:Gap infill
;WIDTH:0.114548
G1 F1388
G1 X114.686 Y107.543 E.00084
G1 X115.404 Y107.08 F18000
;WIDTH:0.123863
G1 F1388
G1 X115.581 Y107.049 E.00117
;WIDTH:0.151356
G1 X115.668 Y107.032 E.00077
;WIDTH:0.182076
G1 X115.755 Y107.011 E.00101
;WIDTH:0.215953
G1 X115.837 Y106.991 E.00117
;WIDTH:0.230601
G1 X115.845 Y106.985 E.00015
;WIDTH:0.204379
G1 X115.991 Y106.873 E.00241
;WIDTH:0.147929
G1 X116.327 Y106.572 E.00382
G1 X116.627 Y106.238 E.0038
;WIDTH:0.202526
G1 X116.738 Y106.093 E.00235
;WIDTH:0.24286
G1 X116.794 Y106.014 E.00156
;WIDTH:0.275127
G1 X116.845 Y105.941 E.00166
;WIDTH:0.292729
G1 X117.068 Y105.608 E.00808
G1 X117.052 Y105.6 F18000
;WIDTH:0.381833
G1 F1388
G3 X116.588 Y106.373 I-18.063 J-10.317 E.02465
G1 X117.546 Y104.851 F18000
;WIDTH:0.213903
G1 F1388
G1 X117.097 Y104.111 E.01193
G1 X117.088 Y104.117 F18000
;WIDTH:0.117368
G1 F1388
G3 X117.566 Y104.83 I-15.933 J11.207 E.00515
G1 X117.157 Y104.154 F18000
;WIDTH:0.41044
G1 F1388
G3 X117.523 Y104.873 I-20.472 J10.878 E.02392
G1 X117.533 Y104.864 F18000
;WIDTH:0.32096
G1 F1388
G1 X117.112 Y104.109 E.01936
G1 X115.889 Y102.886 F18000
;WIDTH:0.321413
G1 F1388
G1 X115.136 Y102.468 E.01934
G1 X115.127 Y102.477 F18000
;WIDTH:0.404291
G1 F1388
G3 X115.845 Y102.842 I-10.795 J22.124 E.02347
G1 X115.17 Y102.433 F18000
;WIDTH:0.114351
G1 F1388
G3 X115.883 Y102.912 I-10.622 J16.593 E.00495
G1 X115.889 Y102.903 F18000
;WIDTH:0.21059
G1 F1388
G1 X115.149 Y102.455 E.0117
G1 X113.627 Y103.412 F18000
;WIDTH:0.381831
G1 F1388
G3 X114.4 Y102.948 I11.043 J17.518 E.02465
G1 X114.393 Y102.934 F18000
;WIDTH:0.291038
G1 F1388
G2 X113.977 Y103.211 I8.157 J12.705 E.01
;WIDTH:0.241564
G1 X113.908 Y103.262 E.00137
;WIDTH:0.214423
G1 X113.833 Y103.317 E.00128
;WIDTH:0.180866
G1 X113.692 Y103.43 E.00202
;WIDTH:0.145411
G1 X113.364 Y103.739 E.00372
G1 X113.127 Y104.009 E.00297
;WIDTH:0.204377
G1 X113.015 Y104.155 E.00241
;WIDTH:0.244263
G1 X112.964 Y104.228 E.00144
;WIDTH:0.28496
G2 X112.69 Y104.634 I9.13 J6.447 E.00957
G1 X112.706 Y104.642 F18000
;WIDTH:0.374479
G1 F1388
G3 X113.168 Y103.87 I17.365 J9.877 E.02405
G1 X113.312 Y108.879 F18000
;TYPE:Sparse infill
;WIDTH:0.45
G1 F1388
G1 X114.301 Y107.891 E.04589
G1 X114.323 Y107.605 E.0094
G3 X112.355 Y105.453 I.569 J-2.495 E.10186
G1 X110.977 Y106.832 E.06402
G1 X113.168 Y109.023 E.10176
G1 X111.096 Y111.096 E.09623
G1 X108.904 Y108.904 E.10176
G1 X106.832 Y110.977 E.09623
G1 X109.023 Y113.168 E.10176
G1 X107.648 Y114.544 E.06387
G2 X105.687 Y112.394 I-2.611 J.412 E.10117
G1 X105.693 Y112.116 E.00913
G1 X106.688 Y111.121 E.04621
G1 X105.324 Y112.458 F18000
;TYPE:Gap infill
;WIDTH:0.0969194
G1 F1388
G1 X105.171 Y112.433 E.00067
G1 X103.869 Y113.17 F18000
;WIDTH:0.381832
G1 F1388
G3 X104.642 Y112.706 I11.068 J17.561 E.02465
G1 X104.634 Y112.69 F18000
;WIDTH:0.292725
G1 F1388
G1 X104.301 Y112.913 E.00808
;WIDTH:0.27505
G1 X104.228 Y112.964 E.00167
;WIDTH:0.242591
G1 X104.148 Y113.02 E.00157
;WIDTH:0.20154
G1 X103.997 Y113.136 E.00243
;WIDTH:0.147635
G1 X103.675 Y113.426 E.00367
G1 X103.369 Y113.767 E.00386
;WIDTH:0.20438
G1 X103.257 Y113.913 E.00241
;WIDTH:0.244266
G1 X103.206 Y113.986 E.00144
;WIDTH:0.284963
G2 X102.932 Y114.392 I9.143 J6.456 E.00957
G1 X102.948 Y114.4 F18000
;WIDTH:0.374478
G1 F1388
G3 X103.41 Y113.629 I17.35 J9.867 E.02405
G1 X102.455 Y115.149 F18000
;WIDTH:0.210597
G1 F1388
G1 X102.903 Y115.889 E.0117
G1 X102.912 Y115.883 F18000
;WIDTH:0.113763
G1 F1388
G3 X102.433 Y115.171 I15.599 J-11.011 E.0049
G1 X102.842 Y115.845 F18000
;WIDTH:0.403905
G1 F1388
G3 X102.477 Y115.127 I22.166 J-11.73 E.02346
G1 X102.468 Y115.136 F18000
;WIDTH:0.321394
G1 F1388
G1 X102.886 Y115.889 E.01934
G1 X104.12 Y117.123 F18000
;WIDTH:0.335152
G1 F1388
G1 X104.865 Y117.531 E.02002
G1 X104.851 Y117.545 F18000
;WIDTH:0.214208
G1 F1388
G1 X104.111 Y117.097 E.01195
G1 X104.117 Y117.088 F18000
;WIDTH:0.117629
G1 F1388
G2 X104.83 Y117.566 I11.384 J-16.206 E.00517
G1 X105.094 Y117.302 F18000
;WIDTH:0.313447
G1 F1388
G1 X104.501 Y117.504 E.01367
G1 X104.513 Y117.516 F18000
;WIDTH:0.132501
G1 F1388
G1 X105.108 Y117.288 E.00461
G1 X105.654 Y116.836 F18000
;WIDTH:0.122383
G1 F1388
G1 X105.822 Y116.806 E.0011
;WIDTH:0.1489
G1 X105.909 Y116.789 E.00076
;WIDTH:0.179729
G1 X105.998 Y116.767 E.00101
;WIDTH:0.214146
G1 X106.082 Y116.746 E.00119
;WIDTH:0.215664
G1 X106.167 Y116.683 E.00148
;WIDTH:0.181389
G1 X106.304 Y116.573 E.00196
;WIDTH:0.142094
G1 X106.569 Y116.33 E.00288
G1 X106.812 Y116.066 E.00287
;WIDTH:0.180261
G1 X106.922 Y115.929 E.00195
;WIDTH:0.214029
G1 X106.985 Y115.845 E.00145
;WIDTH:0.244656
G1 X107.038 Y115.77 E.0015
;WIDTH:0.275617
G1 X107.087 Y115.699 E.00162
;WIDTH:0.292732
G1 X107.31 Y115.366 E.00808
G1 X107.294 Y115.358 F18000
;WIDTH:0.382358
G1 F1388
G3 X106.832 Y116.13 I-17.305 J-9.842 E.02462
; stop printing object Block.stl id:105326592607568 copy 0
;LAYER_CHANGE
;Z:2.44
;HEIGHT:0.2
G92 E0 ; zero the extruded length again
; BEFORE_LAYER_CHANGE 11 @ 2.44mm
G1 E-1.75 F6000
;WIPE_START
G1 X107.294 Y115.358 E-.75
;WIPE_END
; AFTER_LAYER_CHANGE 11 @ 2.44mm
;_SET_FAN_SPEED_CHANGING_LAYER
; printing object Block.stl id:105326592607568 copy 0
G1 X101.458 Y115.303 Z2.44 F18000
G1 E2.5 F6000
M204 P1000
;TYPE:Outer wall
;WIDTH:0.42
G1 F1370
G1 X115.303 Y101.458 E.5955
G1 X118.277 Y104.432 E.12789
G1 X118.542 Y104.697 E.01141
G1 X104.697 Y118.542 E.5955
G1 X101.501 Y115.346 E.13747
G1 E-1.75 F6000
;WIPE_START
G1 F3600
G1 X102.206 Y114.636 E-.75
;WIPE_END
G1 X105.624 Y117.06 F18000
G1 E2.5 F6000
M204 P1500
;TYPE:Inner wall
;WIDTH:0.45
G1 F1370
G1 X104.697 Y117.987 E.04307
G1 X102.013 Y115.303 E.12463
G1 X102.94 Y114.376 E.04307
G1 X102.918 Y114.879 E.01654
G2 X105.121 Y117.082 I2.223 J-.021 E.11334
G1 X105.564 Y117.062 E.01456
G1 E-1.75 F6000
;WIPE_START
G1 X104.88 Y117.792 E-.75
;WIPE_END
G1 X106.921 Y114.705 F18000
G1 E2.5 F6000
M204 P1000
;TYPE:Outer wall
;WIDTH:0.42
G1 F1370
G1 X106.923 Y114.721 E.0005
G3 X104.881 Y113.085 I-1.803 J.157 E.25679
G1 X104.966 Y113.076 E.0026
G3 X106.87 Y114.414 I.155 J1.803 E.07686
G1 X106.911 Y114.646 E.00716
G1 E-1.75 F6000
;WIPE_START
G1 F3600
G1 X106.923 Y114.721 E-.0574
G1 X106.925 Y115.033 E-.23405
G1 X106.848 Y115.423 E-.29772
G1 X106.766 Y115.621 E-.16083
;WIPE_END
G1 X117.065 Y105.389 F18000
G1 E2.5 F6000
M204 P1500
;TYPE:Inner wall
;WIDTH:0.45
G1 F1370
G2 X114.611 Y102.935 I-2.193 J-.26 E.13101
G1 X114.537 Y102.779 E.00568
G1 X115.303 Y102.013 E.0356
G1 X117.987 Y104.697 E.12463
G1 X117.221 Y105.463 E.0356
G1 X117.119 Y105.415 E.00371
G1 E-1.75 F6000
;WIPE_START
G1 X117.082 Y105.121 E-.22194
G1 X117.073 Y104.929 E-.14413
G1 X117.049 Y104.744 E-.13959
G1 X116.98 Y104.458 E-.22097
G1 X116.968 Y104.429 E-.02337
;WIPE_END
G1 X115.054 Y106.921 F18000
G1 E2.5 F6000
M204 P1000
;TYPE:Outer wall
;WIDTH:0.42
G1 F1370
G1 X115.037 Y106.923 E.00054
G3 X114.639 Y103.327 I-.158 J-1.802 E.17038
G1 X114.724 Y103.317 E.0026
G3 X115.355 Y106.866 I.154 J1.803 E.16292
G1 X115.113 Y106.91 E.00748
G1 X115.073 Y107.315 F18000
M204 P1500
;TYPE:Inner wall
;WIDTH:0.45
G1 F1370
G1 X115.382 Y107.302 E.01018
G1 X107.463 Y115.222 E.36774
G1 X107.307 Y115.147 E.00568
G2 X104.853 Y112.693 I-2.2 J-.254 E.13089
G1 X104.778 Y112.537 E.00568
G1 X112.698 Y104.618 E.36774
G1 X112.676 Y105.121 E.01654
G2 X114.879 Y107.324 I2.223 J-.021 E.11332
G1 X115.013 Y107.318 E.00439
G1 E-1.75 F6000
;WIPE_START
G1 X115.382 Y107.302 E-.27758
G1 X114.937 Y107.747 E-.47242
;WIPE_END
G1 X115.408 Y107.081 F18000
G1 E2.5 F6000
M204 P2000
;TYPE:Gap infill
;WIDTH:0.13412
G1 F1370
G1 X115.574 Y107.051 E.00124
;WIDTH:0.150732
G1 X115.674 Y107.03 E.00089
;WIDTH:0.183978
G1 X115.758 Y107.01 E.00097
;WIDTH:0.216507
G1 X115.836 Y106.991 E.00114
;WIDTH:0.230601
G1 X115.845 Y106.985 E.00015
;WIDTH:0.205108
G1 X115.987 Y106.876 E.00234
;WIDTH:0.171416
G1 X116.067 Y106.81 E.00107
;WIDTH:0.145124
G1 X116.33 Y106.569 E.00294
G1 X116.627 Y106.238 E.00367
;WIDTH:0.202528
G1 X116.738 Y106.093 E.00235
;WIDTH:0.242864
G1 X116.794 Y106.014 E.00156
;WIDTH:0.275131
G1 X116.845 Y105.941 E.00166
;WIDTH:0.292734
G1 X117.068 Y105.608 E.00808
G1 X117.052 Y105.6 F18000
;WIDTH:0.382401
G1 F1370
G3 X116.59 Y106.371 I-17.311 J-9.842 E.02462
G1 X117.546 Y104.851 F18000
;WIDTH:0.213857
G1 F1370
G1 X117.097 Y104.111 E.01193
G1 X117.088 Y104.117 F18000
;WIDTH:0.117363
G1 F1370
G3 X117.567 Y104.83 I-15.999 J11.253 E.00515
G1 X117.157 Y104.154 F18000
;WIDTH:0.41035
G1 F1370
G3 X117.523 Y104.873 I-20.533 J10.911 E.02392
G1 X117.533 Y104.864 F18000
;WIDTH:0.320423
G1 F1370
G1 X117.112 Y104.109 E.01933
G1 X115.888 Y102.885 F18000
;WIDTH:0.321885
G1 F1370
G1 X115.136 Y102.468 E.01935
G1 X115.127 Y102.477 F18000
;WIDTH:0.404297
G1 F1370
G3 X115.845 Y102.842 I-10.871 J22.276 E.02347
G1 X115.17 Y102.434 F18000
;WIDTH:0.114844
G1 F1370
G3 X115.883 Y102.912 I-9.968 J15.658 E.00498
G1 X115.889 Y102.903 F18000
;WIDTH:0.215725
G1 F1370
G1 X115.149 Y102.455 E.01206
G1 X113.627 Y103.412 F18000
;WIDTH:0.381825
G1 F1370
G3 X114.4 Y102.948 I11.064 J17.555 E.02465
G1 X114.392 Y102.932 F18000
;WIDTH:0.292243
G1 F1370
G1 X114.058 Y103.156 E.0081
;WIDTH:0.274035
G1 X113.982 Y103.209 E.00173
;WIDTH:0.240774
G1 X113.899 Y103.267 E.00161
;WIDTH:0.202125
G1 X113.767 Y103.369 E.00214
;WIDTH:0.157147
G1 X113.557 Y103.549 E.00255
;WIDTH:0.140059
G1 X113.179 Y103.945 E.00429
;WIDTH:0.18233
G1 X113.075 Y104.075 E.00188
;WIDTH:0.216345
G1 X113.009 Y104.164 E.00154
;WIDTH:0.215957
G1 X112.989 Y104.245 E.00117
;WIDTH:0.182084
G1 X112.968 Y104.332 E.00101
;WIDTH:0.151701
G1 X112.951 Y104.417 E.00076
;WIDTH:0.124675
G1 X112.919 Y104.592 E.00118
G1 X110.911 Y106.898 F18000
;TYPE:Sparse infill
;WIDTH:0.45
G1 F1370
G1 X112.355 Y105.454 E.06704
G2 X114.546 Y107.645 I2.516 J-.324 E.10947
G1 X113.378 Y108.813 E.05423
G1 X113.109 Y108.544 E.01251
G1 X111.036 Y107.311 E.07918
G1 X110.767 Y107.042 E.01251
G1 X109.114 Y108.694 E.07674
G1 X109.384 Y108.964 E.01251
G1 X110.616 Y111.036 E.07918
G1 X110.886 Y111.306 E.01251
G1 X109.233 Y112.958 E.07674
G1 X108.964 Y112.689 E.01251
G1 X106.891 Y111.456 E.07918
G1 X106.622 Y111.187 E.01251
G1 X105.453 Y112.356 E.05429
G3 X107.604 Y114.313 I-.343 J2.538 E.10154
G1 X107.892 Y114.299 E.00949
G1 X109.089 Y113.102 E.05558
G1 X107.542 Y114.676 F18000
;TYPE:Gap infill
;WIDTH:0.116631
G1 F1370
G1 X107.568 Y114.829 E.00092
G1 X106.832 Y116.129 F18000
;WIDTH:0.382401
G1 F1370
G2 X107.294 Y115.358 I-16.836 J-10.605 E.02462
G1 X107.31 Y115.366 F18000
;WIDTH:0.292734
G1 F1370
G1 X107.087 Y115.699 E.00808
;WIDTH:0.275131
G1 X107.036 Y115.772 E.00166
;WIDTH:0.242864
G1 X106.98 Y115.851 E.00156
;WIDTH:0.20253
G1 X106.869 Y115.996 E.00235
;WIDTH:0.145265
G1 X106.572 Y116.327 E.00367
G1 X106.304 Y116.573 E.003
;WIDTH:0.181387
G1 X106.167 Y116.683 E.00196
;WIDTH:0.216297
G1 X106.078 Y116.749 E.00154
;WIDTH:0.215959
G1 X105.997 Y116.769 E.00117
;WIDTH:0.182085
G1 X105.91 Y116.79 E.00101
;WIDTH:0.151394
G1 X105.823 Y116.807 E.00077
;WIDTH:0.123934
G1 X105.646 Y116.839 E.00117
G1 X105.106 Y117.29 F18000
;WIDTH:0.200935
G1 F1370
G1 X104.509 Y117.512 E.00811
G1 X104.5 Y117.503 F18000
;WIDTH:0.332339
G1 F1370
G1 X105.092 Y117.305 E.01457
G1 X104.83 Y117.566 F18000
;WIDTH:0.117364
G1 F1370
G3 X104.117 Y117.088 I10.49 J-16.404 E.00515
G1 X104.111 Y117.097 F18000
;WIDTH:0.214207
G1 F1370
G1 X104.851 Y117.545 E.01195
G1 X104.865 Y117.531 F18000
;WIDTH:0.334025
G1 F1370
G1 X104.119 Y117.122 E.01998
G1 X102.888 Y115.891 F18000
;WIDTH:0.315565
G1 F1370
G1 X102.467 Y115.136 E.01899
G1 X102.477 Y115.127 F18000
;WIDTH:0.402543
G1 F1370
G2 X102.843 Y115.846 I20.941 J-10.213 E.02341
G1 X102.433 Y115.17 F18000
;WIDTH:0.114354
G1 F1370
G2 X102.912 Y115.883 I16.598 J-10.625 E.00495
G1 X102.903 Y115.889 F18000
;WIDTH:0.210301
G1 F1370
G1 X102.454 Y115.149 E.01168
G1 X103.161 Y114.35 F18000
;WIDTH:0.124891
G1 F1370
G1 X103.193 Y114.174 E.00118
;WIDTH:0.151783
G1 X103.21 Y114.09 E.00075
;WIDTH:0.182079
G1 X103.231 Y114.003 E.00101
;WIDTH:0.215955
G1 X103.251 Y113.922 E.00117
;WIDTH:0.216345
G1 X103.317 Y113.833 E.00154
;WIDTH:0.182329
G1 X103.421 Y113.703 E.00188
;WIDTH:0.145505
G1 X103.668 Y113.433 E.00303
G1 X104.003 Y113.132 E.00372
;WIDTH:0.202379
G1 X104.149 Y113.02 E.00236
;WIDTH:0.242864
G1 X104.228 Y112.964 E.00156
;WIDTH:0.275123
G1 X104.301 Y112.913 E.00166
;WIDTH:0.29272
G1 X104.634 Y112.69 E.00808
G1 X104.642 Y112.706 F18000
;WIDTH:0.381832
G1 F1370
G2 X103.869 Y113.17 I10.287 J18.013 E.02465
; stop printing object Block.stl id:105326592607568 copy 0
;LAYER_CHANGE
;Z:2.64
;HEIGHT:0.2
G92 E0 ; zero the extruded length again
; BEFORE_LAYER_CHANGE 12 @ 2.64mm
G1 E-1.75 F6000
;WIPE_START
G1 X104.642 Y112.706 E-.75
;WIPE_END
; AFTER_LAYER_CHANGE 12 @ 2.64mm
;_SET_FAN_SPEED_CHANGING_LAYER
; printing object Block.stl id:105326592607568 copy 0
G1 X101.458 Y115.303 Z2.64 F18000
G1 E2.5 F6000
M204 P1000
;TYPE:Outer wall
;WIDTH:0.42
G1 F1354
G1 X115.303 Y101.458 E.5955
G1 X118.241 Y104.396 E.12637
G1 X118.542 Y104.697 E.01293
G1 X104.697 Y118.542 E.5955
G1 X101.501 Y115.346 E.13747
G1 E-1.75 F6000
;WIPE_START
G1 F3600
G1 X102.206 Y114.636 E-.75
;WIPE_END
G1 X105.624 Y117.06 F18000
G1 E2.5 F6000
M204 P1500
;TYPE:Inner wall
;WIDTH:0.45
G1 F1354
G1 X104.697 Y117.987 E.04307
G1 X102.013 Y115.303 E.12463
G1 X102.94 Y114.376 E.04307
G1 X102.918 Y114.879 E.01654
G2 X105.121 Y117.082 I2.223 J-.021 E.11332
G1 X105.564 Y117.062 E.01457
G1 E-1.75 F6000
;WIPE_START
G1 X104.88 Y117.792 E-.75
;WIPE_END
G1 X106.921 Y114.706 F18000
G1 E2.5 F6000
M204 P1000
;TYPE:Outer wall
;WIDTH:0.42
G1 F1354
G1 X106.924 Y114.721 E.00047
G3 X104.881 Y113.085 I-1.803 J.157 E.25687
G1 X104.966 Y113.076 E.0026
G3 X106.847 Y114.335 I.155 J1.803 E.07436
G1 X106.91 Y114.647 E.0097
G1 E-1.75 F6000
;WIPE_START
G1 F3600
G1 X106.924 Y114.721 E-.05647
G1 X106.917 Y115.106 E-.28874
G1 X106.847 Y115.423 E-.24348
G1 X106.765 Y115.622 E-.16132
;WIPE_END
G1 X117.043 Y105.641 F18000
G1 E2.5 F6000
M204 P1500
;TYPE:Inner wall
;WIDTH:0.45
G1 F1354
G2 X116.679 Y103.851 I-2.414 J-.44 E.06144
G2 X114.611 Y102.935 I-1.814 J1.303 E.07785
G1 X114.537 Y102.779 E.00568
G1 X115.303 Y102.013 E.0356
G1 X117.987 Y104.697 E.12463
G1 X117.086 Y105.598 E.04187
G1 E-1.75 F6000
;WIPE_START
G1 X117.081 Y105.113 E-.36387
G1 X117.029 Y104.644 E-.35436
G1 X117.017 Y104.603 E-.03177
;WIPE_END
G1 X115.054 Y106.921 F18000
G1 E2.5 F6000
M204 P1000
;TYPE:Outer wall
;WIDTH:0.42
G1 F1354
G1 X115.034 Y106.924 E.0006
G3 X114.639 Y103.327 I-.155 J-1.803 E.17034
G1 X114.724 Y103.317 E.0026
G3 X115.423 Y106.847 I.154 J1.803 E.16081
G1 X115.113 Y106.909 E.00964
G1 X115.072 Y107.315 F18000
M204 P1500
;TYPE:Inner wall
;WIDTH:0.45
G1 F1354
G1 X115.382 Y107.302 E.0102
G1 X107.285 Y115.399 E.37598
G2 X106.925 Y113.616 I-2.417 J-.44 E.06119
G2 X104.853 Y112.694 I-1.827 J1.316 E.07804
G1 X104.778 Y112.537 E.00568
G1 X112.698 Y104.618 E.36774
G1 X112.676 Y105.121 E.01654
G2 X114.879 Y107.324 I2.223 J-.02 E.11332
G1 X115.012 Y107.318 E.00437
G1 E-1.75 F6000
;WIPE_START
G1 X115.382 Y107.302 E-.27802
G1 X114.937 Y107.747 E-.47198
;WIPE_END
G1 X115.404 Y107.08 F18000
G1 E2.5 F6000
M204 P2000
;TYPE:Gap infill
;WIDTH:0.123865
G1 F1354
G1 X115.581 Y107.049 E.00117
;WIDTH:0.151361
G1 X115.668 Y107.032 E.00077
;WIDTH:0.16578
G1 X116.004 Y106.958 E.00341
G1 X115.692 Y107.092 F18000
;WIDTH:0.228375
G1 F1354
G1 X115.852 Y106.979 E.00293
;WIDTH:0.202095
G1 X115.999 Y106.866 E.00238
;WIDTH:0.145239
G1 X116.327 Y106.572 E.00364
G1 X116.576 Y106.3 E.00304
;WIDTH:0.181294
G1 X116.68 Y106.171 E.00186
;WIDTH:0.196851
G2 X116.73 Y106.08 I-.187 J-.162 E.00129
G1 X116.754 Y105.992 E.00113
;WIDTH:0.152762
G1 X116.776 Y105.909 E.00076
;WIDTH:0.117168
G1 X116.815 Y105.731 E.00109
G1 X117.291 Y105.105 F18000
;WIDTH:0.217831
G1 F1354
G1 X117.511 Y104.508 E.00897
G1 X117.567 Y104.83 F18000
;WIDTH:0.117366
G1 F1354
G2 X117.088 Y104.117 I-16.596 J10.624 E.00515
G1 X117.097 Y104.111 F18000
;WIDTH:0.214204
G1 F1354
G1 X117.545 Y104.851 E.01195
G1 X117.531 Y104.865 F18000
;WIDTH:0.33351
G1 F1354
G1 X117.121 Y104.118 E.01996
G1 X115.888 Y102.885 F18000
;WIDTH:0.321933
G1 F1354
G1 X115.136 Y102.468 E.01936
G1 X115.127 Y102.477 F18000
;WIDTH:0.404276
G1 F1354
G3 X115.845 Y102.842 I-10.848 J22.23 E.02347
G1 X115.167 Y102.437 F18000
;WIDTH:0.118817
G1 F1354
G3 X115.882 Y102.91 I-13.159 J20.672 E.00525
G1 X115.888 Y102.902 F18000
;WIDTH:0.216149
G1 F1354
G1 X115.149 Y102.455 E.01207
G1 X113.627 Y103.412 F18000
;WIDTH:0.381831
G1 F1354
G3 X114.4 Y102.948 I11.065 J17.556 E.02465
G1 X114.392 Y102.932 F18000
;WIDTH:0.292731
G1 F1354
G1 X114.059 Y103.155 E.00808
;WIDTH:0.27513
G1 X113.986 Y103.206 E.00166
;WIDTH:0.242868
G1 X113.907 Y103.262 E.00156
;WIDTH:0.202365
G1 X113.761 Y103.374 E.00236
;WIDTH:0.147938
G1 X113.426 Y103.675 E.00381
G1 X113.127 Y104.009 E.0038
;WIDTH:0.204429
G1 X113.015 Y104.155 E.0024
;WIDTH:0.228832
G1 X112.908 Y104.308 E.0028
G1 X110.734 Y107.075 F18000
;TYPE:Sparse infill
;WIDTH:0.45
G1 F1354
G1 X112.355 Y105.454 E.07525
G2 X114.546 Y107.646 I2.538 J-.346 E.10929
G1 X113.555 Y108.637 E.04601
G1 X113.109 Y108.19 E.02072
G1 X111.036 Y107.665 E.0702
G1 X110.59 Y107.218 E.02072
G1 X109.291 Y108.518 E.06032
G1 X109.737 Y108.964 E.02072
G1 X110.263 Y111.036 E.0702
G1 X110.709 Y111.482 E.02072
G1 X109.41 Y112.782 E.06032
G1 X108.964 Y112.335 E.02072
G1 X106.891 Y111.81 E.0702
G1 X106.445 Y111.363 E.02072
G1 X105.453 Y112.356 E.04607
G3 X107.645 Y114.546 I-.386 J2.579 E.10897
G1 X109.266 Y112.925 E.07525
G1 X107.057 Y115.489 F18000
;TYPE:Gap infill
;WIDTH:0.117167
G1 F1354
G1 X107.018 Y115.667 E.00109
;WIDTH:0.15325
G1 X106.995 Y115.753 E.00079
;WIDTH:0.195634
G1 X106.97 Y115.845 E.00118
G3 X106.873 Y115.991 I-.663 J-.336 E.00215
;WIDTH:0.157178
G1 X106.693 Y116.201 E.00255
;WIDTH:0.139589
G1 X106.304 Y116.573 E.0042
;WIDTH:0.181389
G1 X106.167 Y116.683 E.00196
;WIDTH:0.216298
G1 X106.078 Y116.749 E.00154
;WIDTH:0.215957
G1 X105.997 Y116.769 E.00117
;WIDTH:0.182082
G1 X105.91 Y116.79 E.00101
;WIDTH:0.151362
G1 X105.823 Y116.807 E.00077
;WIDTH:0.123866
G1 X105.646 Y116.839 E.00117
G1 X105.105 Y117.291 F18000
;WIDTH:0.210293
G1 F1354
G1 X104.509 Y117.512 E.00859
G1 X104.5 Y117.502 F18000
;WIDTH:0.334422
G1 F1354
G1 X105.091 Y117.305 E.01467
G1 X104.83 Y117.567 F18000
;WIDTH:0.117367
G1 F1354
G3 X104.117 Y117.088 I10.535 J-16.469 E.00515
G1 X104.111 Y117.097 F18000
;WIDTH:0.215201
G1 F1354
G1 X104.851 Y117.545 E.01203
G1 X104.866 Y117.531 F18000
;WIDTH:0.340718
G1 F1354
G1 X104.12 Y117.123 E.0204
G1 X102.433 Y115.17 F18000
;WIDTH:0.114358
G1 F1354
G2 X102.912 Y115.883 I16.607 J-10.631 E.00495
G1 X102.905 Y115.888 F18000
;WIDTH:0.206196
G1 F1354
G1 X102.452 Y115.151 E.01138
G1 X102.464 Y115.139 F18000
;WIDTH:0.272362
G1 F1354
G1 X102.895 Y115.895 E.01609
G1 X102.851 Y115.854 F18000
;WIDTH:0.389428
G1 F1354
G3 X102.477 Y115.127 I17.071 J-9.245 E.02285
G1 X103.15 Y114.06 F18000
;WIDTH:0.205229
G1 F1354
G1 X103.307 Y113.847 E.00347
;WIDTH:0.183696
G1 X103.426 Y113.697 E.00218
;WIDTH:0.142128
G1 X103.67 Y113.431 E.00289
G1 X103.934 Y113.188 E.00287
;WIDTH:0.180863
G1 X104.075 Y113.075 E.00202
;WIDTH:0.214415
G1 X104.15 Y113.02 E.00128
;WIDTH:0.241559
G1 X104.219 Y112.969 E.00137
;WIDTH:0.291038
G3 X104.635 Y112.692 I8.543 J12.383 E.01
G1 X104.642 Y112.706 F18000
;WIDTH:0.381839
G1 F1354
G2 X103.869 Y113.17 I10.295 J18.026 E.02465
; stop printing object Block.stl id:105326592607568 copy 0
;LAYER_CHANGE
;Z:2.84
;HEIGHT:0.2
G92 E0 ; zero the extruded length again
; BEFORE_LAYER_CHANGE 13 @ 2.84mm
G1 E-1.75 F6000
;WIPE_START
G1 X104.642 Y112.706 E-.75
;WIPE_END
; AFTER_LAYER_CHANGE 13 @ 2.84mm
;_SET_FAN_SPEED_CHANGING_LAYER
; printing object Block.stl id:105326592607568 copy 0
G1 X101.458 Y115.303 Z2.84 F18000
G1 E2.5 F6000
M204 P1000
;TYPE:Outer wall
;WIDTH:0.42
G1 F1384
G1 X115.303 Y101.458 E.5955
G1 X118.206 Y104.361 E.12485
G1 X118.542 Y104.697 E.01445
G1 X104.697 Y118.542 E.5955
G1 X101.501 Y115.346 E.13747
G1 E-1.75 F6000
;WIPE_START
G1 F3600
G1 X102.206 Y114.636 E-.75
;WIPE_END
G1 X105.624 Y117.06 F18000
G1 E2.5 F6000
M204 P1500
;TYPE:Inner wall
;WIDTH:0.45
G1 F1384
G1 X104.697 Y117.987 E.04307
G1 X102.013 Y115.303 E.12463
G1 X102.779 Y114.537 E.0356
G1 X102.935 Y114.611 E.00568
G2 X105.129 Y117.081 I2.203 J.253 E.12235
G1 X105.564 Y117.062 E.01432
G1 E-1.75 F6000
;WIPE_START
G1 X104.88 Y117.792 E-.75
;WIPE_END
G1 X106.922 Y114.707 F18000
G1 E2.5 F6000
M204 P1000
;TYPE:Outer wall
;WIDTH:0.42
G1 F1384
G1 X106.923 Y114.721 E.00043
G3 X104.881 Y113.085 I-1.802 J.157 E.25679
G1 X104.966 Y113.076 E.0026
G3 X106.845 Y114.332 I.154 J1.803 E.07425
G1 X106.91 Y114.648 E.00981
G1 E-1.75 F6000
;WIPE_START
G1 F3600
G1 X106.923 Y114.721 E-.0556
G1 X106.925 Y115.033 E-.23453
G1 X106.848 Y115.423 E-.29765
G1 X106.765 Y115.623 E-.16222
;WIPE_END
G1 X117.065 Y105.389 F18000
G1 E2.5 F6000
M204 P1500
;TYPE:Inner wall
;WIDTH:0.45
G1 F1384
G2 X114.611 Y102.935 I-2.193 J-.26 E.13101
G1 X114.537 Y102.779 E.00568
G1 X115.303 Y102.013 E.0356
G1 X117.987 Y104.697 E.12463
G1 X117.221 Y105.463 E.0356
G1 X117.119 Y105.415 E.00371
G1 E-1.75 F6000
;WIPE_START
G1 X117.082 Y105.127 E-.21763
G1 X117.063 Y104.833 E-.22087
G1 X116.98 Y104.459 E-.28755
G1 X116.968 Y104.429 E-.02395
;WIPE_END
G1 X115.053 Y106.921 F18000
G1 E2.5 F6000
M204 P1000
;TYPE:Outer wall
;WIDTH:0.42
G1 F1384
G1 X115.037 Y106.917 E.00052
G3 X114.639 Y103.327 I-.158 J-1.8 E.17014
G1 X114.724 Y103.317 E.0026
G3 X115.424 Y106.839 I.154 J1.8 E.16043
G1 X115.112 Y106.908 E.00973
G1 X115.071 Y107.315 F18000
M204 P1500
;TYPE:Inner wall
;WIDTH:0.45
G1 F1384
G1 X115.382 Y107.302 E.01022
G1 X107.463 Y115.222 E.36774
G1 X107.307 Y115.147 E.00568
G2 X104.853 Y112.693 I-2.2 J-.254 E.13089
G1 X104.778 Y112.537 E.00568
G1 X112.537 Y104.778 E.36028
G1 X112.693 Y104.853 E.00568
G2 X114.879 Y107.324 I2.196 J.259 E.12223
G1 X115.012 Y107.318 E.00435
G1 E-1.75 F6000
;WIPE_START
G1 X115.382 Y107.302 E-.27839
G1 X114.938 Y107.746 E-.47161
;WIPE_END
G1 X115.408 Y107.081 F18000
G1 E2.5 F6000
M204 P2000
;TYPE:Gap infill
;WIDTH:0.124882
G1 F1384
G1 X115.584 Y107.049 E.00118
;WIDTH:0.151767
G1 X115.668 Y107.032 E.00075
;WIDTH:0.182063
G1 X115.755 Y107.011 E.00101
;WIDTH:0.215947
G1 X115.837 Y106.991 E.00117
;WIDTH:0.230602
G1 X115.845 Y106.985 E.00015
;WIDTH:0.204382
G1 X115.991 Y106.873 E.00241
;WIDTH:0.148101
G1 X116.266 Y106.632 E.0031
G1 X116.627 Y106.238 E.00453
;WIDTH:0.202528
G1 X116.738 Y106.093 E.00235
;WIDTH:0.242863
G1 X116.794 Y106.014 E.00156
;WIDTH:0.275131
G1 X116.845 Y105.941 E.00166
;WIDTH:0.292733
G1 X117.068 Y105.608 E.00808
G1 X117.052 Y105.6 F18000
;WIDTH:0.382492
G1 F1384
G3 X116.59 Y106.371 I-17.189 J-9.765 E.02461
G1 X117.288 Y105.108 F18000
;WIDTH:0.14682
G1 F1384
G1 X117.515 Y104.512 E.00534
G1 X117.504 Y104.501 F18000
;WIDTH:0.33525
G1 F1384
G1 X117.303 Y105.093 E.01475
G1 X117.567 Y104.83 F18000
;WIDTH:0.117366
G1 F1384
G2 X117.088 Y104.117 I-16.596 J10.624 E.00515
G1 X117.097 Y104.111 F18000
;WIDTH:0.214205
G1 F1384
G1 X117.545 Y104.851 E.01195
G1 X117.531 Y104.865 F18000
;WIDTH:0.334013
G1 F1384
G1 X117.122 Y104.119 E.01998
G1 X115.889 Y102.886 F18000
;WIDTH:0.321408
G1 F1384
G1 X115.136 Y102.468 E.01934
G1 X115.127 Y102.477 F18000
;WIDTH:0.404285
G1 F1384
G3 X115.845 Y102.842 I-10.82 J22.175 E.02347
G1 X115.17 Y102.433 F18000
;WIDTH:0.114356
G1 F1384
G3 X115.883 Y102.912 I-10.629 J16.605 E.00495
G1 X115.889 Y102.903 F18000
;WIDTH:0.210588
G1 F1384
G1 X115.149 Y102.455 E.0117
G1 X113.627 Y103.412 F18000
;WIDTH:0.381825
G1 F1384
G3 X114.4 Y102.948 I11.082 J17.586 E.02465
G1 X114.392 Y102.932 F18000
;WIDTH:0.292179
G1 F1384
G1 X114.058 Y103.156 E.0081
;WIDTH:0.273866
G1 X113.981 Y103.21 E.00174
;WIDTH:0.240427
G1 X113.898 Y103.268 E.00161
;WIDTH:0.201903
G1 X113.767 Y103.369 E.00212
;WIDTH:0.157141
G1 X113.557 Y103.549 E.00255
;WIDTH:0.14014
G1 X113.178 Y103.946 E.0043
;WIDTH:0.18249
G1 X113.075 Y104.075 E.00186
;WIDTH:0.215699
G1 X113.012 Y104.16 E.00147
;WIDTH:0.245733
G1 X112.962 Y104.23 E.00141
;WIDTH:0.285285
G2 X112.69 Y104.634 I9.046 J6.387 E.00952
G1 X112.706 Y104.642 F18000
;WIDTH:0.374588
G1 F1384
G3 X113.168 Y103.871 I17.135 J9.734 E.02404
G1 X112.432 Y105.171 F18000
;WIDTH:0.0969199
G1 F1384
G1 X112.458 Y105.324 E.00067
G1 X110.557 Y107.251 F18000
;TYPE:Sparse infill
;WIDTH:0.45
G1 F1384
G1 X112.116 Y105.692 E.0724
G1 X112.123 Y105.732 E.00133
G1 X112.397 Y105.687 E.00911
G2 X114.546 Y107.646 I2.574 J-.666 E.10101
G1 X113.732 Y108.46 E.0378
G1 X113.109 Y107.837 E.02893
G1 X111.036 Y108.018 E.06831
G1 X110.413 Y107.395 E.02893
G1 X109.468 Y108.341 E.0439
G1 X110.091 Y108.964 E.02893
G1 X109.909 Y111.036 E.06831
G1 X110.532 Y111.659 E.02893
G1 X109.587 Y112.605 E.0439
G1 X108.964 Y111.982 E.02893
G1 X106.891 Y112.163 E.06831
G1 X106.268 Y111.54 E.02893
G1 X105.453 Y112.356 E.03786
G3 X107.604 Y114.313 I-.397 J2.597 E.10119
G1 X107.892 Y114.299 E.00948
G1 X109.443 Y112.749 E.072
G1 X107.542 Y114.676 F18000
;TYPE:Gap infill
;WIDTH:0.116642
G1 F1384
G1 X107.568 Y114.829 E.00092
G1 X106.832 Y116.129 F18000
;WIDTH:0.3825
G1 F1384
G2 X107.294 Y115.358 I-16.751 J-10.551 E.02461
G1 X107.31 Y115.366 F18000
;WIDTH:0.292734
G1 F1384
G1 X107.087 Y115.699 E.00808
;WIDTH:0.275131
G1 X107.036 Y115.772 E.00166
;WIDTH:0.242863
G1 X106.98 Y115.851 E.00156
;WIDTH:0.202526
G1 X106.869 Y115.996 E.00235
;WIDTH:0.14753
G1 X106.567 Y116.332 E.00381
G1 X106.242 Y116.624 E.00369
;WIDTH:0.202002
G1 X106.094 Y116.737 E.00239
;WIDTH:0.229016
G1 X106.078 Y116.749 E.0003
;WIDTH:0.215947
G1 X105.997 Y116.769 E.00117
;WIDTH:0.182065
G1 X105.91 Y116.79 E.00101
;WIDTH:0.151771
G1 X105.826 Y116.807 E.00075
;WIDTH:0.124886
G1 X105.65 Y116.839 E.00118
G1 X105.108 Y117.288 F18000
;WIDTH:0.132348
G1 F1384
G1 X104.513 Y117.516 E.0046
G1 X104.501 Y117.504 F18000
;WIDTH:0.310995
G1 F1384
G1 X105.095 Y117.302 E.01355
G1 X104.83 Y117.567 F18000
;WIDTH:0.117377
G1 F1384
G3 X104.117 Y117.088 I10.625 J-16.598 E.00516
G1 X104.111 Y117.097 F18000
;WIDTH:0.214207
G1 F1384
G1 X104.851 Y117.545 E.01195
G1 X104.865 Y117.531 F18000
;WIDTH:0.335446
G1 F1384
G1 X104.121 Y117.123 E.02003
G1 X102.886 Y115.889 F18000
;WIDTH:0.321399
G1 F1384
G1 X102.468 Y115.136 E.01934
G1 X102.477 Y115.127 F18000
;WIDTH:0.403805
G1 F1384
G2 X102.842 Y115.845 I22.91 J-11.207 E.02346
G1 X102.434 Y115.17 F18000
;WIDTH:0.114351
G1 F1384
G2 X102.912 Y115.883 I16.407 J-10.491 E.00495
G1 X102.903 Y115.889 F18000
;WIDTH:0.21057
G1 F1384
G1 X102.455 Y115.149 E.0117
G1 X103.41 Y113.629 F18000
;WIDTH:0.37459
G1 F1384
G2 X102.948 Y114.4 I16.753 J10.551 E.02404
G1 X102.934 Y114.393 F18000
;WIDTH:0.286054
G1 F1384
G3 X103.207 Y113.983 I12.687 J8.143 E.00966
G1 X103.211 Y113.978 E.00014
;WIDTH:0.230125
G1 X103.306 Y113.848 E.00244
;WIDTH:0.183811
G1 X103.426 Y113.697 E.00219
;WIDTH:0.144839
G1 X103.673 Y113.428 E.003
G1 X103.996 Y113.138 E.00357
;WIDTH:0.201267
G1 X104.147 Y113.021 E.00245
;WIDTH:0.242526
G1 X104.228 Y112.964 E.00158
;WIDTH:0.275045
G1 X104.301 Y112.913 E.00167
;WIDTH:0.292742
G1 X104.634 Y112.69 E.00808
G1 X104.642 Y112.706 F18000
;WIDTH:0.381832
G1 F1384
G2 X103.869 Y113.17 I10.297 J18.029 E.02465
; stop printing object Block.stl id:105326592607568 copy 0
;LAYER_CHANGE
;Z:3.04
;HEIGHT:0.2
G92 E0 ; zero the extruded length again
; BEFORE_LAYER_CHANGE 14 @ 3.04mm
G1 E-1.75 F6000
;WIPE_START
G1 X104.642 Y112.706 E-.75
;WIPE_END
; AFTER_LAYER_CHANGE 14 @ 3.04mm
;_SET_FAN_SPEED_CHANGING_LAYER
; printing object Block.stl id:105326592607568 copy 0
G1 X101.458 Y115.303 Z3.04 F18000
G1 E2.5 F6000
M204 P1000
;TYPE:Outer wall
;WIDTH:0.42
G1 F1392
G1 X115.303 Y101.458 E.5955
G1 X118.171 Y104.325 E.12333
G1 X118.542 Y104.697 E.01597
G1 X104.697 Y118.542 E.5955
G1 X101.501 Y115.346 E.13747
G1 E-1.75 F6000
;WIPE_START
G1 F3600
G1 X102.206 Y114.636 E-.75
;WIPE_END
G1 X105.624 Y117.06 F18000
G1 E2.5 F6000
M204 P1500
;TYPE:Inner wall
;WIDTH:0.45
G1 F1392
G1 X104.697 Y117.987 E.04307
G1 X102.013 Y115.303 E.12463
G1 X102.94 Y114.376 E.04307
G1 X102.918 Y114.879 E.01654
G2 X105.129 Y117.081 I2.223 J-.02 E.11357
G1 X105.564 Y117.062 E.01432
G1 E-1.75 F6000
;WIPE_START
G1 X104.88 Y117.792 E-.75
;WIPE_END
G1 X106.922 Y114.707 F18000
G1 E2.5 F6000
M204 P1000
;TYPE:Outer wall
;WIDTH:0.42
G1 F1392
G1 X106.923 Y114.721 E.00044
G3 X104.881 Y113.085 I-1.802 J.157 E.25677
G1 X104.966 Y113.076 E.0026
G3 X106.846 Y114.332 I.155 J1.803 E.07426
G1 X106.91 Y114.648 E.00982
G1 E-1.75 F6000
;WIPE_START
G1 F3600
G1 X106.923 Y114.721 E-.0557
G1 X106.925 Y115.033 E-.23405
G1 X106.847 Y115.423 E-.29813
G1 X106.765 Y115.623 E-.16211
;WIPE_END
G1 X114.611 Y102.935 F18000
G1 E2.5 F6000
M204 P1500
;TYPE:Inner wall
;WIDTH:0.45
G1 F1392
G1 X114.537 Y102.779 E.00568
G1 X115.303 Y102.013 E.0356
G1 X117.893 Y104.603 E.12027
G1 X117.987 Y104.697 E.00436
G1 X117.221 Y105.463 E.0356
G1 X117.065 Y105.389 E.00568
G2 X114.671 Y102.929 I-2.199 J-.254 E.12893
G1 E-1.75 F6000
;WIPE_START
G1 X114.537 Y102.779 E-.15102
G1 X115.101 Y102.215 E-.59898
;WIPE_END
G1 X115.053 Y106.922 F18000
G1 E2.5 F6000
M204 P1000
;TYPE:Outer wall
;WIDTH:0.42
G1 F1392
G1 X115.037 Y106.923 E.00048
G3 X114.639 Y103.327 I-.158 J-1.802 E.17038
G1 X114.724 Y103.317 E.0026
G3 X115.347 Y106.868 I.154 J1.803 E.16318
G1 X115.112 Y106.911 E.00728
G1 X115.07 Y107.315 F18000
M204 P1500
;TYPE:Inner wall
;WIDTH:0.45
G1 F1392
G1 X115.382 Y107.302 E.01025
G1 X107.463 Y115.222 E.36774
G1 X107.307 Y115.147 E.00568
G2 X105.109 Y112.677 I-2.195 J-.259 E.12262
G1 X104.618 Y112.699 E.01616
G1 X112.698 Y104.618 E.37522
G1 X112.676 Y105.121 E.01654
G2 X114.879 Y107.324 I2.223 J-.02 E.11332
G1 X115.01 Y107.318 E.00432
G1 E-1.75 F6000
;WIPE_START
G1 X115.382 Y107.302 E-.27921
G1 X114.938 Y107.746 E-.47079
;WIPE_END
G1 X114.829 Y107.568 F18000
G1 E2.5 F6000
M204 P2000
;TYPE:Gap infill
;WIDTH:0.116638
G1 F1392
G1 X114.676 Y107.542 E.00092
G1 X115.407 Y107.081 F18000
;WIDTH:0.133985
G1 F1392
G1 X115.574 Y107.052 E.00124
;WIDTH:0.150655
G1 X115.674 Y107.03 E.00089
;WIDTH:0.183966
G1 X115.758 Y107.01 E.00097
;WIDTH:0.216501
G1 X115.836 Y106.991 E.00114
;WIDTH:0.228998
G1 X115.853 Y106.979 E.0003
;WIDTH:0.201906
G1 X116 Y106.865 E.00239
;WIDTH:0.143533
G1 X116.451 Y106.443 E.00501
;WIDTH:0.158271
G1 X116.639 Y106.223 E.00269
;WIDTH:0.20497
G1 X116.739 Y106.093 E.00215
;WIDTH:0.243008
G1 X116.794 Y106.014 E.00156
;WIDTH:0.275169
G1 X116.845 Y105.941 E.00166
;WIDTH:0.292731
G1 X117.068 Y105.608 E.00808
G1 X117.052 Y105.6 F18000
;WIDTH:0.38184
G1 F1392
G3 X116.588 Y106.373 I-18.07 J-10.321 E.02465
G1 X117.291 Y105.105 F18000
;WIDTH:0.215409
G1 F1392
G1 X117.512 Y104.509 E.00885
G1 X117.502 Y104.499 F18000
;WIDTH:0.344811
G1 F1392
G1 X117.305 Y105.091 E.01518
G1 X117.567 Y104.83 F18000
;WIDTH:0.117363
G1 F1392
G2 X117.088 Y104.117 I-16.468 J10.534 E.00515
G1 X117.097 Y104.111 F18000
;WIDTH:0.214209
G1 F1392
G1 X117.545 Y104.851 E.01195
G1 X117.531 Y104.865 F18000
;WIDTH:0.333997
G1 F1392
G1 X117.122 Y104.119 E.01998
G1 X115.889 Y102.886 F18000
;WIDTH:0.321427
G1 F1392
G1 X115.136 Y102.468 E.01934
G1 X115.127 Y102.477 F18000
;WIDTH:0.404299
G1 F1392
G3 X115.845 Y102.842 I-10.931 J22.394 E.02347
G1 X115.167 Y102.437 F18000
;WIDTH:0.118262
G1 F1392
G3 X115.882 Y102.91 I-14.065 J21.997 E.00521
G1 X115.888 Y102.903 F18000
;WIDTH:0.210599
G1 F1392
G1 X115.149 Y102.455 E.01168
G1 X113.627 Y103.412 F18000
;WIDTH:0.381842
G1 F1392
G3 X114.4 Y102.948 I11.058 J17.545 E.02465
G1 X114.392 Y102.932 F18000
;WIDTH:0.29274
G1 F1392
G1 X114.059 Y103.155 E.00808
;WIDTH:0.275035
G1 X113.986 Y103.206 E.00167
;WIDTH:0.242497
G1 X113.905 Y103.263 E.00158
;WIDTH:0.201173
G1 X113.753 Y103.38 E.00245
;WIDTH:0.147526
G1 X113.433 Y103.668 E.00364
G1 X113.127 Y104.009 E.00386
;WIDTH:0.204379
G1 X113.015 Y104.155 E.00241
;WIDTH:0.228832
G1 X112.908 Y104.308 E.0028
G1 X112.432 Y105.171 F18000
;WIDTH:0.0969201
G1 F1392
G1 X112.458 Y105.324 E.00067
G1 X112.038 Y105.77 F18000
;TYPE:Sparse infill
;WIDTH:0.45
G1 F1392
G1 X105.693 Y112.116 E.29463
G1 X105.687 Y112.397 E.00923
G3 X106.347 Y112.646 I-1.194 J4.154 E.02321
G1 X106.891 Y112.102 E.02527
G1 X108.964 Y112.043 E.06808
G1 X109.97 Y111.036 E.04673
G1 X110.03 Y108.964 E.06808
G1 X111.036 Y107.957 E.04673
G1 X113.109 Y107.898 E.06808
G1 X113.653 Y107.354 E.02527
G2 X114.313 Y107.603 I1.858 J-3.912 E.0232
G1 X114.299 Y107.892 E.0095
G1 X107.957 Y114.235 E.29451
G1 X107.542 Y114.676 F18000
;TYPE:Gap infill
;WIDTH:0.116638
G1 F1392
G1 X107.568 Y114.829 E.00092
G1 X106.83 Y116.131 F18000
;WIDTH:0.381834
G1 F1392
G2 X107.294 Y115.358 I-17.536 J-11.054 E.02465
G1 X107.31 Y115.366 F18000
;WIDTH:0.292733
G1 F1392
G1 X107.087 Y115.699 E.00808
;WIDTH:0.275618
G1 X107.038 Y115.77 E.00162
;WIDTH:0.244657
G1 X106.985 Y115.845 E.0015
;WIDTH:0.214112
G1 X106.922 Y115.929 E.00144
;WIDTH:0.181457
G1 X106.819 Y116.057 E.00184
;WIDTH:0.145214
G1 X106.569 Y116.33 E.00305
G1 X106.242 Y116.623 E.00362
;WIDTH:0.201907
G1 X106.095 Y116.737 E.00239
;WIDTH:0.228999
G1 X106.078 Y116.749 E.0003
;WIDTH:0.215952
G1 X105.997 Y116.769 E.00117
;WIDTH:0.182071
G1 X105.91 Y116.79 E.00101
;WIDTH:0.151775
G1 X105.826 Y116.807 E.00075
;WIDTH:0.124887
G1 X105.65 Y116.839 E.00118
G1 X105.108 Y117.288 F18000
;WIDTH:0.132304
G1 F1392
G1 X104.513 Y117.516 E.0046
G1 X104.501 Y117.504 F18000
;WIDTH:0.310178
G1 F1392
G1 X105.095 Y117.302 E.01351
G1 X104.83 Y117.567 F18000
;WIDTH:0.11737
G1 F1392
G3 X104.117 Y117.088 I10.536 J-16.47 E.00515
G1 X104.111 Y117.097 F18000
;WIDTH:0.214214
G1 F1392
G1 X104.851 Y117.545 E.01195
G1 X104.865 Y117.531 F18000
;WIDTH:0.335564
G1 F1392
G1 X104.121 Y117.123 E.02004
G1 X102.896 Y115.894 F18000
;WIDTH:0.270926
G1 F1392
G1 X102.464 Y115.14 E.01599
G1 X102.452 Y115.152 F18000
;WIDTH:0.200159
G1 F1392
G1 X102.905 Y115.888 E.01096
G1 X102.912 Y115.883 F18000
;WIDTH:0.114126
G1 F1392
G3 X102.433 Y115.171 I16.392 J-11.528 E.00493
G1 X102.477 Y115.127 F18000
;WIDTH:0.396051
G1 F1392
G2 X102.849 Y115.852 I16.941 J-8.235 E.0232
G1 X103.295 Y113.744 F18000
;WIDTH:0.196547
G1 F1392
G2 X103.209 Y114.096 I12.066 J3.143 E.00449
;WIDTH:0.150506
G1 X103.193 Y114.177 E.00072
;WIDTH:0.124265
G1 X103.161 Y114.35 E.00115
G1 X103.15 Y114.061 F18000
;WIDTH:0.205674
G1 F1392
G1 X103.306 Y113.848 E.00345
;WIDTH:0.183931
G1 X103.426 Y113.697 E.0022
;WIDTH:0.145293
G1 X103.673 Y113.428 E.00301
G1 X104.004 Y113.131 E.00367
;WIDTH:0.202526
G1 X104.149 Y113.02 E.00235
;WIDTH:0.217382
G3 X104.245 Y112.99 I.087 J.11 E.00145
;WIDTH:0.182095
G1 X104.327 Y112.97 E.00096
;WIDTH:0.151127
G1 X104.419 Y112.951 E.00082
;WIDTH:0.123517
G1 X104.506 Y112.934 E.00058
;WIDTH:0.103362
G1 X104.593 Y112.92 E.00043
G1 X105.172 Y112.433 F18000
;WIDTH:0.0969199
G1 F1392
G1 X105.324 Y112.458 E.00067
; stop printing object Block.stl id:105326592607568 copy 0
;LAYER_CHANGE
;Z:3.24
;HEIGHT:0.2
G92 E0 ; zero the extruded length again
; BEFORE_LAYER_CHANGE 15 @ 3.24mm
G1 E-2.3457 F6000
;WIPE_START
G1 X105.172 Y112.433 E-.1543
;WIPE_END
; AFTER_LAYER_CHANGE 15 @ 3.24mm
;_SET_FAN_SPEED_CHANGING_LAYER
; printing object Block.stl id:105326592607568 copy 0
G1 X101.458 Y115.303 Z3.24 F18000
G1 E2.5 F6000
M204 P1000
;TYPE:Outer wall
;WIDTH:0.42
G1 F1370
G1 X115.303 Y101.458 E.5955
G1 X118.135 Y104.29 E.12181
G1 X118.542 Y104.697 E.01749
G1 X104.697 Y118.542 E.5955
G1 X101.501 Y115.346 E.13747
G1 E-1.75 F6000
;WIPE_START
G1 F3600
G1 X102.206 Y114.636 E-.75
;WIPE_END
G1 X105.389 Y117.065 F18000
G1 E2.5 F6000
M204 P1500
;TYPE:Inner wall
;WIDTH:0.45
G1 F1370
G1 X105.463 Y117.221 E.00568
G1 X104.697 Y117.987 E.0356
G1 X102.013 Y115.303 E.12463
G1 X102.94 Y114.376 E.04307
G1 X102.918 Y114.879 E.01654
G2 X105.329 Y117.071 I2.218 J-.018 E.12014
G1 E-1.75 F6000
;WIPE_START
G1 X105.463 Y117.221 E-.15104
G1 X104.899 Y117.785 E-.59896
;WIPE_END
G1 X106.922 Y114.707 F18000
G1 E2.5 F6000
M204 P1000
;TYPE:Outer wall
;WIDTH:0.42
G1 F1370
G1 X106.922 Y114.721 E.00043
G3 X104.881 Y113.085 I-1.801 J.156 E.25659
G1 X104.966 Y113.076 E.0026
G3 X106.865 Y114.4 I.154 J1.802 E.0764
G1 X106.911 Y114.648 E.00768
G1 E-1.75 F6000
;WIPE_START
G1 F3600
G1 X106.922 Y114.721 E-.05559
G1 X106.915 Y115.118 E-.29726
G1 X106.847 Y115.423 E-.23482
G1 X106.765 Y115.623 E-.16234
;WIPE_END
G1 X114.376 Y102.941 F18000
G1 E2.5 F6000
M204 P1500
;TYPE:Inner wall
;WIDTH:0.45
G1 F1370
G1 X115.303 Y102.013 E.04308
G1 X117.858 Y104.567 E.11863
G1 X117.987 Y104.697 E.00601
G1 X117.06 Y105.624 E.04307
G2 X116.914 Y104.276 I-2.824 J-.375 E.04495
G2 X114.866 Y102.918 I-2.042 J.856 E.0855
G1 X114.436 Y102.938 E.01416
G1 E-1.75 F6000
;WIPE_START
G1 X115.12 Y102.209 E-.75
;WIPE_END
G1 X115.055 Y106.919 F18000
G1 E2.5 F6000
M204 P1000
;TYPE:Outer wall
;WIDTH:0.42
G1 F1370
G1 X114.879 Y106.931 E.00536
G3 X114.639 Y103.327 I0 J-1.81 E.16563
G1 X114.724 Y103.317 E.0026
G3 X115.119 Y106.915 I.155 J1.803 E.17032
G1 X115.115 Y106.915 E.00012
G1 X115.063 Y107.308 F18000
M204 P1500
;TYPE:Inner wall
;WIDTH:0.45
G1 F1370
G1 X115.147 Y107.307 E.00275
G1 X115.222 Y107.463 E.00568
G1 X107.28 Y115.404 E.36876
G2 X106.536 Y113.19 I-2.27 J-.469 E.08036
G2 X105.108 Y112.677 I-1.426 J1.72 E.05082
G1 X104.618 Y112.699 E.01613
G1 X112.698 Y104.618 E.37523
G1 X112.676 Y105.121 E.01654
G2 X114.695 Y107.312 I2.218 J-.018 E.10725
G1 X115.003 Y107.309 E.01011
G1 E-1.75 F6000
;WIPE_START
G1 X115.147 Y107.307 E-.10786
G1 X115.222 Y107.463 E-.12976
G1 X114.738 Y107.946 E-.51238
;WIPE_END
G1 X115.366 Y107.31 F18000
G1 E2.5 F6000
M204 P2000
;TYPE:Gap infill
;WIDTH:0.28496
G1 F1370
G2 X115.772 Y107.036 I-6.032 J-9.391 E.00957
;WIDTH:0.244268
G1 X115.845 Y106.985 E.00144
;WIDTH:0.204378
G1 X115.991 Y106.873 E.00241
;WIDTH:0.147932
G1 X116.327 Y106.573 E.00381
G1 X116.627 Y106.238 E.00381
;WIDTH:0.202528
G1 X116.738 Y106.093 E.00235
;WIDTH:0.230475
G1 X116.85 Y105.934 E.00294
G1 X116.131 Y106.83 F18000
;WIDTH:0.374047
G1 F1370
G3 X115.358 Y107.294 I-11.079 J-17.58 E.02408
G1 X117.523 Y104.873 F18000
;WIDTH:0.400577
G1 F1370
G2 X117.149 Y104.146 I-17.573 J8.589 E.0236
G1 X117.105 Y104.105 F18000
;WIDTH:0.276285
G1 F1370
G1 X117.536 Y104.861 E.01637
G1 X117.548 Y104.849 F18000
;WIDTH:0.208784
G1 F1370
G1 X117.095 Y104.112 E.01157
G1 X117.088 Y104.117 F18000
;WIDTH:0.116403
G1 F1370
G3 X117.567 Y104.829 I-15.127 J10.696 E.00509
G1 X115.889 Y102.886 F18000
;WIDTH:0.321423
G1 F1370
G1 X115.136 Y102.468 E.01933
G1 X115.127 Y102.477 F18000
;WIDTH:0.40428
G1 F1370
G3 X115.845 Y102.842 I-10.817 J22.169 E.02346
G1 X115.167 Y102.437 F18000
;WIDTH:0.118269
G1 F1370
G3 X115.882 Y102.91 I-13.794 J21.601 E.00521
G1 X115.888 Y102.903 F18000
;WIDTH:0.210603
G1 F1370
G1 X115.149 Y102.455 E.01168
G1 X114.35 Y103.162 F18000
;WIDTH:0.103332
G1 F1370
G1 X114.264 Y103.176 E.00043
;WIDTH:0.12345
G1 X114.177 Y103.193 E.00058
;WIDTH:0.151049
G1 X114.085 Y103.212 E.00082
;WIDTH:0.182018
G1 X114.003 Y103.232 E.00096
;WIDTH:0.214276
G2 X113.819 Y103.328 I.03 J.28 E.00293
;WIDTH:0.178755
G1 X113.692 Y103.431 E.00179
;WIDTH:0.141959
G1 X113.43 Y103.671 E.00284
G1 X113.189 Y103.933 E.00284
;WIDTH:0.171464
G1 X113.124 Y104.013 E.00107
;WIDTH:0.205107
G1 X113.015 Y104.155 E.00234
;WIDTH:0.228831
G1 X112.908 Y104.308 E.0028
G1 X112.92 Y104.596 F18000
;WIDTH:0.123867
G1 F1370
G1 X112.951 Y104.419 E.00117
;WIDTH:0.151362
G1 X112.968 Y104.332 E.00077
;WIDTH:0.165782
G1 X113.042 Y103.996 E.00341
G1 X111.679 Y106.13 F18000
;TYPE:Sparse infill
;WIDTH:0.45
G1 F1370
G1 X105.457 Y112.352 E.28892
G3 X106.563 Y112.784 I-.312 J2.432 E.03938
G1 X106.891 Y112.456 E.01525
G1 X108.964 Y111.689 E.07255
G1 X109.617 Y111.036 E.03032
G1 X110.383 Y108.964 E.07255
G1 X111.036 Y108.311 E.03032
G1 X113.109 Y107.544 E.07255
G1 X113.432 Y107.221 E.015
G2 X114.542 Y107.65 I1.475 J-2.169 E.03941
G1 X108.32 Y113.872 E.28892
G1 X107.045 Y115.767 F18000
;TYPE:Gap infill
;WIDTH:0.195833
G1 F1370
G1 X106.869 Y115.996 E.00357
;WIDTH:0.145265
G1 X106.567 Y116.332 E.00373
G1 X106.304 Y116.573 E.00295
;WIDTH:0.182192
G1 X106.161 Y116.687 E.00206
;WIDTH:0.215464
G1 X106.092 Y116.738 E.00119
;WIDTH:0.242642
G1 X106.017 Y116.793 E.0015
;WIDTH:0.286434
G3 X105.607 Y117.066 I-8.548 J-12.407 E.00968
G1 X105.6 Y117.052 F18000
;WIDTH:0.374047
G1 F1370
G2 X106.373 Y116.588 I-10.273 J-17.989 E.02409
G1 X105.106 Y117.29 F18000
;WIDTH:0.197816
G1 F1370
G1 X104.509 Y117.512 E.00795
G1 X104.5 Y117.503 F18000
;WIDTH:0.331527
G1 F1370
G1 X105.092 Y117.304 E.01453
G1 X104.833 Y117.563 F18000
;WIDTH:0.121766
G1 F1370
G3 X104.118 Y117.09 I14.078 J-22.017 E.00546
G1 X104.112 Y117.097 F18000
;WIDTH:0.214222
G1 F1370
G1 X104.851 Y117.545 E.01193
G1 X104.865 Y117.531 F18000
;WIDTH:0.334026
G1 F1370
G1 X104.119 Y117.122 E.01998
G1 X102.888 Y115.891 F18000
;WIDTH:0.313622
G1 F1370
G1 X102.467 Y115.137 E.01887
G1 X102.477 Y115.127 F18000
;WIDTH:0.402043
G1 F1370
G2 X102.844 Y115.847 I20.396 J-9.941 E.0234
G1 X102.433 Y115.171 F18000
;WIDTH:0.113508
G1 F1370
G2 X102.912 Y115.883 I15.732 J-10.072 E.00489
G1 X102.904 Y115.889 F18000
;WIDTH:0.210225
G1 F1370
G1 X102.454 Y115.149 E.01168
G1 X103.161 Y114.354 F18000
;WIDTH:0.12386
G1 F1370
G1 X103.193 Y114.177 E.00117
;WIDTH:0.151352
G1 X103.21 Y114.09 E.00077
;WIDTH:0.182076
G1 X103.231 Y114.003 E.00101
;WIDTH:0.215955
G1 X103.251 Y113.922 E.00117
;WIDTH:0.2306
G1 X103.257 Y113.913 E.00015
;WIDTH:0.204379
G1 X103.369 Y113.767 E.00241
;WIDTH:0.145404
G1 X103.606 Y113.497 E.00297
G1 X103.934 Y113.189 E.00372
;WIDTH:0.178754
G1 X104.061 Y113.086 E.00179
;WIDTH:0.214282
G3 X104.244 Y112.99 I.213 J.184 E.00293
;WIDTH:0.182036
G1 X104.327 Y112.97 E.00096
;WIDTH:0.151068
G1 X104.419 Y112.951 E.00082
;WIDTH:0.123463
G1 X104.506 Y112.934 E.00058
;WIDTH:0.103335
G1 X104.592 Y112.92 E.00043
; stop printing object Block.stl id:105326592607568 copy 0
;LAYER_CHANGE
;Z:3.44
;HEIGHT:0.2
G92 E0 ; zero the extruded length again
; BEFORE_LAYER_CHANGE 16 @ 3.44mm
G1 E-2.41268 F6000
;WIPE_START
G1 X104.506 Y112.934 E-.08732
;WIPE_END
; AFTER_LAYER_CHANGE 16 @ 3.44mm
;_SET_FAN_SPEED_CHANGING_LAYER
; printing object Block.stl id:105326592607568 copy 0
G1 X101.458 Y115.303 Z3.44 F18000
G1 E2.5 F6000
M204 P1000
;TYPE:Outer wall
;WIDTH:0.42
G1 F1374
G1 X115.303 Y101.458 E.5955
G1 X118.1 Y104.255 E.12029
G1 X118.542 Y104.697 E.01901
G1 X104.697 Y118.542 E.5955
G1 X101.501 Y115.346 E.13747
G1 E-1.75 F6000
;WIPE_START
G1 F3600
G1 X102.206 Y114.636 E-.75
;WIPE_END
G1 X105.389 Y117.065 F18000
G1 E2.5 F6000
M204 P1500
;TYPE:Inner wall
;WIDTH:0.45
G1 F1374
G1 X105.463 Y117.221 E.00568
G1 X104.697 Y117.987 E.0356
G1 X102.013 Y115.303 E.12463
G1 X102.957 Y114.359 E.04383
G1 X102.921 Y114.776 E.01373
G2 X105.329 Y117.071 I2.203 J.1 E.12375
G1 E-1.75 F6000
;WIPE_START
G1 X105.463 Y117.221 E-.15083
G1 X104.899 Y117.786 E-.59917
;WIPE_END
G1 X106.922 Y114.707 F18000
G1 E2.5 F6000
M204 P1000
;TYPE:Outer wall
;WIDTH:0.42
G1 F1374
G1 X106.924 Y114.721 E.0004
G3 X104.881 Y113.085 I-1.803 J.158 E.25691
G1 X104.966 Y113.076 E.0026
G3 X106.87 Y114.414 I.155 J1.803 E.07686
G1 X106.912 Y114.648 E.00725
G1 E-1.75 F6000
;WIPE_START
G1 F3600
G1 X106.924 Y114.721 E-.05495
G1 X106.917 Y115.103 E-.28718
G1 X106.847 Y115.423 E-.24563
G1 X106.765 Y115.623 E-.16224
;WIPE_END
G1 X114.376 Y102.941 F18000
G1 E2.5 F6000
M204 P1500
;TYPE:Inner wall
;WIDTH:0.45
G1 F1374
G1 X115.303 Y102.013 E.04309
G1 X117.823 Y104.532 E.11698
G1 X117.987 Y104.697 E.00765
G1 X117.043 Y105.641 E.04383
G2 X116.683 Y103.857 I-2.419 J-.44 E.0612
G2 X114.866 Y102.919 I-1.824 J1.303 E.06974
G1 X114.436 Y102.938 E.01413
G1 E-1.75 F6000
;WIPE_START
G1 X115.12 Y102.209 E-.75
;WIPE_END
G1 X115.051 Y106.923 F18000
G1 E2.5 F6000
M204 P1000
;TYPE:Outer wall
;WIDTH:0.42
G1 F1374
G1 X115.049 Y106.922 E.00007
G3 X114.639 Y103.327 I-.17 J-1.801 E.17076
G1 X114.724 Y103.317 E.0026
G3 X115.423 Y106.846 I.154 J1.803 E.16078
G1 X115.109 Y106.911 E.00974
G1 X115.07 Y107.315 F18000
M204 P1500
;TYPE:Inner wall
;WIDTH:0.45
G1 F1374
G1 X115.385 Y107.299 E.01035
G1 X107.285 Y115.399 E.37609
G2 X106.925 Y113.615 I-2.419 J-.44 E.0612
G2 X105.108 Y112.677 I-1.824 J1.303 E.06974
G1 X104.617 Y112.699 E.01611
G1 X112.698 Y104.618 E.37523
G1 X112.676 Y105.123 E.0166
G2 X114.881 Y107.324 I2.223 J-.022 E.11332
G1 X115.01 Y107.317 E.00425
G1 E-1.75 F6000
;WIPE_START
G1 X115.385 Y107.299 E-.28135
G1 X114.943 Y107.741 E-.46865
;WIPE_END
G1 X114.829 Y107.568 F18000
G1 E2.5 F6000
M204 P2000
;TYPE:Gap infill
;WIDTH:0.116631
G1 F1374
G1 X114.676 Y107.542 E.00092
G1 X116.019 Y106.943 F18000
;WIDTH:0.192317
G1 F1374
G3 X115.662 Y107.031 I-3.115 J-11.787 E.00443
;WIDTH:0.14636
G1 X115.578 Y107.048 E.00072
;WIDTH:0.120982
G1 X115.417 Y107.077 E.00103
G1 X115.704 Y107.087 F18000
;WIDTH:0.202422
G1 F1374
G1 X115.919 Y106.929 E.00344
;WIDTH:0.182195
G1 X116.062 Y106.815 E.00206
;WIDTH:0.145264
G1 X116.33 Y106.569 E.003
G1 X116.627 Y106.238 E.00367
;WIDTH:0.195435
G2 X116.728 Y106.087 I-.611 J-.519 E.00224
G1 X116.753 Y105.995 E.00118
;WIDTH:0.153625
G1 X116.776 Y105.909 E.00079
;WIDTH:0.117343
G1 X116.815 Y105.73 E.0011
G1 X117.546 Y104.851 F18000
;WIDTH:0.213714
G1 F1374
G1 X117.096 Y104.111 E.01192
G1 X117.088 Y104.117 F18000
;WIDTH:0.117374
G1 F1374
G3 X117.567 Y104.83 I-15.991 J11.248 E.00516
G1 X117.156 Y104.153 F18000
;WIDTH:0.409985
G1 F1374
G3 X117.523 Y104.873 I-20.061 J10.678 E.02392
G1 X117.533 Y104.863 F18000
;WIDTH:0.317873
G1 F1374
G1 X117.111 Y104.108 E.01918
G1 X115.894 Y102.897 F18000
;WIDTH:0.266435
G1 F1374
G1 X115.141 Y102.463 E.01566
G1 X115.127 Y102.477 F18000
;WIDTH:0.396087
G1 F1374
G3 X115.852 Y102.849 I-8.248 J16.968 E.0232
G1 X115.173 Y102.431 F18000
;WIDTH:0.112238
G1 F1374
G3 X115.883 Y102.912 I-13.079 J20.107 E.0048
G1 X115.887 Y102.907 F18000
;WIDTH:0.173048
G1 F1374
G1 X115.155 Y102.449 E.00906
G1 X113.752 Y103.286 F18000
;WIDTH:0.158388
G1 F1374
G3 X114.177 Y103.193 I2.21 J9.067 E.00405
;WIDTH:0.123478
G1 X114.264 Y103.176 E.00058
;WIDTH:0.103298
G1 X114.35 Y103.162 E.00042
G1 X114.064 Y103.151 F18000
;WIDTH:0.22846
G1 F1374
G1 X113.896 Y103.27 E.00307
;WIDTH:0.201562
G1 X113.767 Y103.369 E.00209
;WIDTH:0.157132
G1 X113.557 Y103.549 E.00255
;WIDTH:0.140261
G1 X113.177 Y103.948 E.00433
;WIDTH:0.182732
G1 X113.075 Y104.076 E.00184
;WIDTH:0.220366
G1 X112.908 Y104.308 E.00409
G1 X112.92 Y104.596 F18000
;WIDTH:0.123866
G1 F1374
G1 X112.951 Y104.419 E.00117
;WIDTH:0.151361
G1 X112.968 Y104.332 E.00077
;WIDTH:0.165781
G1 X113.042 Y103.996 E.00341
G1 X111.678 Y106.13 F18000
;TYPE:Sparse infill
;WIDTH:0.45
G1 F1374
G1 X105.693 Y112.116 E.2779
G1 X105.687 Y112.396 E.00922
G3 X106.769 Y112.932 I-.599 J2.573 E.04
G1 X108.964 Y111.336 E.08911
G1 X109.263 Y111.036 E.0139
G1 X110.737 Y108.964 E.0835
G1 X111.036 Y108.664 E.0139
G1 X113.231 Y107.068 E.08911
G2 X114.313 Y107.603 I1.752 J-2.181 E.03994
G1 X114.299 Y107.892 E.0095
G1 X108.317 Y113.874 E.27777
G1 X107.542 Y114.676 F18000
;TYPE:Gap infill
;WIDTH:0.116636
G1 F1374
G1 X107.568 Y114.829 E.00092
G1 X107.057 Y115.488 F18000
;WIDTH:0.117342
G1 F1374
G1 X107.018 Y115.667 E.0011
;WIDTH:0.153623
G1 X106.995 Y115.753 E.00079
;WIDTH:0.195839
G1 X106.97 Y115.846 E.00118
G3 X106.873 Y115.991 I-.672 J-.344 E.00216
;WIDTH:0.158002
G1 X106.702 Y116.191 E.00245
;WIDTH:0.143442
G1 X106.244 Y116.622 E.0051
;WIDTH:0.201716
G1 X106.095 Y116.737 E.00241
;WIDTH:0.227081
G1 X106.088 Y116.742 E.00013
;WIDTH:0.243924
G1 X106.015 Y116.794 E.00145
;WIDTH:0.284884
G3 X105.608 Y117.068 I-6.45 J-9.134 E.00958
G1 X105.6 Y117.052 F18000
;WIDTH:0.374053
G1 F1374
G2 X106.373 Y116.588 I-10.315 J-18.059 E.02408
G1 X105.106 Y117.29 F18000
;WIDTH:0.197054
G1 F1374
G1 X104.509 Y117.512 E.00792
G1 X104.5 Y117.503 F18000
;WIDTH:0.331335
G1 F1374
G1 X105.092 Y117.304 E.01452
G1 X104.83 Y117.566 F18000
;WIDTH:0.117368
G1 F1374
G3 X104.117 Y117.088 I10.491 J-16.407 E.00515
G1 X104.111 Y117.097 F18000
;WIDTH:0.214208
G1 F1374
G1 X104.851 Y117.545 E.01195
G1 X104.865 Y117.531 F18000
;WIDTH:0.334014
G1 F1374
G1 X104.119 Y117.122 E.01998
G1 X102.886 Y115.889 F18000
;WIDTH:0.321406
G1 F1374
G1 X102.468 Y115.136 E.01934
G1 X102.477 Y115.127 F18000
;WIDTH:0.40368
G1 F1374
G2 X102.843 Y115.845 I22.793 J-11.153 E.02346
G1 X102.433 Y115.17 F18000
;WIDTH:0.114357
G1 F1374
G2 X102.912 Y115.883 I16.542 J-10.586 E.00495
G1 X102.903 Y115.889 F18000
;WIDTH:0.210574
G1 F1374
G1 X102.455 Y115.149 E.0117
G1 X103.329 Y113.709 F18000
;WIDTH:0.194195
G1 F1374
G1 X103.265 Y113.938 E.00289
;WIDTH:0.179463
G1 X103.244 Y114.015 E.00088
;WIDTH:0.151076
G1 X103.223 Y114.096 E.00073
;WIDTH:0.136694
G1 X103.185 Y114.27 E.00135
G1 X103.183 Y114.013 F18000
;WIDTH:0.201177
G1 F1374
G1 X103.316 Y113.835 E.00284
;WIDTH:0.181619
G1 X103.427 Y113.696 E.00199
;WIDTH:0.144712
G1 X103.673 Y113.428 E.00299
G1 X103.994 Y113.139 E.00355
;WIDTH:0.200992
G1 X104.147 Y113.021 E.00247
;WIDTH:0.217389
G3 X104.244 Y112.99 I.089 J.111 E.00147
;WIDTH:0.181955
G1 X104.327 Y112.97 E.00096
;WIDTH:0.150986
G1 X104.419 Y112.951 E.00082
;WIDTH:0.123394
G1 X104.506 Y112.934 E.00057
;WIDTH:0.103305
G1 X104.592 Y112.92 E.00042
G1 X105.171 Y112.433 F18000
;WIDTH:0.0969198
G1 F1374
G1 X105.324 Y112.458 E.00067
; stop printing object Block.stl id:105326592607568 copy 0
;LAYER_CHANGE
;Z:3.64
;HEIGHT:0.2
G92 E0 ; zero the extruded length again
; BEFORE_LAYER_CHANGE 17 @ 3.64mm
G1 E-2.34561 F6000
;WIPE_START
G1 X105.171 Y112.433 E-.15439
;WIPE_END
; AFTER_LAYER_CHANGE 17 @ 3.64mm
;_SET_FAN_SPEED_CHANGING_LAYER
; printing object Block.stl id:105326592607568 copy 0
G1 X101.458 Y115.303 Z3.64 F18000
G1 E2.5 F6000
M204 P1000
;TYPE:Outer wall
;WIDTH:0.42
G1 F1372
G1 X115.303 Y101.458 E.5955
G1 X118.065 Y104.219 E.11877
G1 X118.542 Y104.697 E.02053
G1 X104.697 Y118.542 E.5955
G1 X101.501 Y115.346 E.13747
G1 E-1.75 F6000
;WIPE_START
G1 F3600
G1 X102.206 Y114.636 E-.75
;WIPE_END
G1 X105.624 Y117.06 F18000
G1 E2.5 F6000
M204 P1500
;TYPE:Inner wall
;WIDTH:0.45
G1 F1372
G1 X104.697 Y117.987 E.04307
G1 X102.013 Y115.303 E.12463
G1 X102.957 Y114.359 E.04383
G1 X102.921 Y114.776 E.01373
G2 X105.129 Y117.081 I2.204 J.099 E.11716
G1 X105.564 Y117.062 E.01432
G1 E-1.75 F6000
;WIPE_START
G1 X104.88 Y117.792 E-.75
;WIPE_END
G1 X106.922 Y114.707 F18000
G1 E2.5 F6000
M204 P1000
;TYPE:Outer wall
;WIDTH:0.42
G1 F1372
G1 X106.923 Y114.721 E.00043
G3 X104.881 Y113.085 I-1.802 J.157 E.25676
G1 X104.966 Y113.076 E.0026
G3 X106.865 Y114.399 I.154 J1.803 E.07637
G1 X106.911 Y114.648 E.00773
G1 E-1.75 F6000
;WIPE_START
G1 F3600
G1 X106.923 Y114.721 E-.05546
G1 X106.925 Y115.033 E-.23404
G1 X106.848 Y115.423 E-.29753
G1 X106.765 Y115.623 E-.16297
;WIPE_END
G1 X114.376 Y102.941 F18000
G1 E2.5 F6000
M204 P1500
;TYPE:Inner wall
;WIDTH:0.45
G1 F1372
G1 X115.303 Y102.013 E.04309
G1 X117.787 Y104.497 E.11534
G1 X117.987 Y104.697 E.00929
G1 X117.221 Y105.463 E.0356
G1 X117.065 Y105.389 E.00568
G2 X114.865 Y102.919 I-2.203 J-.252 E.12257
G1 X114.436 Y102.938 E.01411
G1 E-1.75 F6000
;WIPE_START
G1 X115.119 Y102.209 E-.75
;WIPE_END
G1 X115.048 Y106.922 F18000
G1 E2.5 F6000
M204 P1000
;TYPE:Outer wall
;WIDTH:0.42
G1 F1372
G1 X115.037 Y106.917 E.00037
G3 X114.639 Y103.327 I-.159 J-1.799 E.17013
G1 X114.724 Y103.317 E.0026
G3 X115.424 Y106.839 I.154 J1.8 E.16043
G1 X115.106 Y106.909 E.0099
G1 X115.065 Y107.316 F18000
M204 P1500
;TYPE:Inner wall
;WIDTH:0.45
G1 F1372
G1 X115.382 Y107.302 E.01042
G1 X107.463 Y115.222 E.36774
G1 X107.307 Y115.147 E.00568
G2 X105.107 Y112.677 I-2.203 J-.253 E.12257
G1 X104.617 Y112.699 E.01609
G1 X112.698 Y104.618 E.37523
G1 X112.676 Y105.121 E.01654
G2 X114.879 Y107.324 I2.223 J-.02 E.11332
G1 X115.005 Y107.318 E.00415
G1 E-1.75 F6000
;WIPE_START
G1 X115.382 Y107.302 E-.28296
G1 X114.942 Y107.742 E-.46704
;WIPE_END
G1 X115.408 Y107.081 F18000
G1 E2.5 F6000
M204 P2000
;TYPE:Gap infill
;WIDTH:0.124891
G1 F1372
G1 X115.584 Y107.049 E.00118
;WIDTH:0.15178
G1 X115.668 Y107.032 E.00075
;WIDTH:0.182073
G1 X115.755 Y107.011 E.00101
;WIDTH:0.215955
G1 X115.836 Y106.991 E.00117
;WIDTH:0.230599
G1 X115.845 Y106.985 E.00015
;WIDTH:0.204376
G1 X115.991 Y106.873 E.00241
;WIDTH:0.148112
G1 X116.266 Y106.632 E.0031
G1 X116.627 Y106.238 E.00453
;WIDTH:0.20253
G1 X116.738 Y106.093 E.00235
;WIDTH:0.242868
G1 X116.794 Y106.014 E.00156
;WIDTH:0.275133
G1 X116.845 Y105.941 E.00166
;WIDTH:0.292734
G1 X117.068 Y105.608 E.00808
G1 X117.052 Y105.6 F18000
;WIDTH:0.382669
G1 F1372
G3 X116.591 Y106.37 I-16.953 J-9.617 E.0246
G1 X117.546 Y104.851 F18000
;WIDTH:0.213675
G1 F1372
G1 X117.096 Y104.111 E.01192
G1 X117.088 Y104.117 F18000
;WIDTH:0.117372
G1 F1372
G3 X117.567 Y104.83 I-16.126 J11.342 E.00515
G1 X117.156 Y104.153 F18000
;WIDTH:0.409906
G1 F1372
G3 X117.523 Y104.873 I-19.893 J10.594 E.02392
G1 X117.533 Y104.863 F18000
;WIDTH:0.317353
G1 F1372
G1 X117.111 Y104.108 E.01914
G1 X115.895 Y102.895 F18000
;WIDTH:0.272706
G1 F1372
G1 X115.139 Y102.465 E.01611
G1 X115.151 Y102.453 F18000
;WIDTH:0.206205
G1 F1372
G1 X115.888 Y102.905 E.01138
G1 X115.883 Y102.912 F18000
;WIDTH:0.114364
G1 F1372
G2 X115.17 Y102.434 I-11.249 J15.993 E.00495
G1 X115.127 Y102.477 F18000
;WIDTH:0.396077
G1 F1372
G3 X115.852 Y102.849 I-8.201 J16.874 E.02321
G1 X113.752 Y103.286 F18000
;WIDTH:0.158304
G1 F1372
G3 X114.177 Y103.193 I2.213 J9.074 E.00404
;WIDTH:0.123403
G1 X114.264 Y103.176 E.00058
;WIDTH:0.103264
G1 X114.35 Y103.162 E.00042
G1 X114.064 Y103.151 F18000
;WIDTH:0.228335
G1 F1372
G1 X113.896 Y103.27 E.00307
;WIDTH:0.201451
G1 X113.767 Y103.369 E.00208
;WIDTH:0.157132
G1 X113.557 Y103.549 E.00255
;WIDTH:0.140304
G1 X113.176 Y103.949 E.00434
;WIDTH:0.182813
G1 X113.075 Y104.076 E.00183
;WIDTH:0.220372
G1 X112.908 Y104.308 E.00409
G1 X112.919 Y104.593 F18000
;WIDTH:0.124583
G1 F1372
G1 X112.951 Y104.417 E.00118
;WIDTH:0.151666
G1 X112.968 Y104.332 E.00076
;WIDTH:0.165786
G1 X113.043 Y103.996 E.00341
G1 X111.528 Y106.281 F18000
;TYPE:Sparse infill
;WIDTH:0.45
G1 F1372
G1 X105.693 Y112.116 E.27093
G1 X105.687 Y112.397 E.00923
G3 X106.925 Y113.075 I-.637 J2.632 E.04691
G1 X113.081 Y106.919 E.28585
G2 X114.552 Y107.639 I1.964 J-2.149 E.05452
G1 X108.665 Y113.527 E.27338
G1 X106.833 Y116.129 F18000
;TYPE:Gap infill
;WIDTH:0.382667
G1 F1372
G2 X107.294 Y115.358 I-16.474 J-10.378 E.02461
G1 X107.31 Y115.366 F18000
;WIDTH:0.292735
G1 F1372
G1 X107.087 Y115.699 E.00808
;WIDTH:0.275133
G1 X107.036 Y115.772 E.00166
;WIDTH:0.242868
G1 X106.98 Y115.851 E.00156
;WIDTH:0.20253
G1 X106.869 Y115.996 E.00235
;WIDTH:0.145265
G1 X106.567 Y116.332 E.00373
G1 X106.304 Y116.573 E.00295
;WIDTH:0.181389
G1 X106.167 Y116.683 E.00196
;WIDTH:0.216296
G1 X106.078 Y116.749 E.00154
;WIDTH:0.215953
G1 X105.997 Y116.769 E.00117
;WIDTH:0.18207
G1 X105.91 Y116.79 E.00101
;WIDTH:0.151776
G1 X105.826 Y116.807 E.00075
;WIDTH:0.124888
G1 X105.65 Y116.839 E.00118
G1 X105.108 Y117.288 F18000
;WIDTH:0.132156
G1 F1372
G1 X104.513 Y117.516 E.00459
G1 X104.501 Y117.504 F18000
;WIDTH:0.307747
G1 F1372
G1 X105.095 Y117.301 E.0134
G1 X104.83 Y117.567 F18000
;WIDTH:0.117374
G1 F1372
G3 X104.117 Y117.088 I10.587 J-16.544 E.00516
G1 X104.111 Y117.097 F18000
;WIDTH:0.21421
G1 F1372
G1 X104.851 Y117.545 E.01195
G1 X104.865 Y117.531 F18000
;WIDTH:0.335849
G1 F1372
G1 X104.121 Y117.124 E.02005
G1 X102.433 Y115.17 F18000
;WIDTH:0.114351
G1 F1372
G2 X102.912 Y115.883 I16.593 J-10.622 E.00495
G1 X102.905 Y115.888 F18000
;WIDTH:0.206213
G1 F1372
G1 X102.452 Y115.151 E.01138
G1 X102.464 Y115.139 F18000
;WIDTH:0.27221
G1 F1372
G1 X102.895 Y115.895 E.01608
G1 X102.852 Y115.855 F18000
;WIDTH:0.386831
G1 F1372
G3 X102.477 Y115.127 I17.271 J-9.358 E.02271
G1 X103.184 Y114.27 F18000
;WIDTH:0.13693
G1 F1372
G1 X103.223 Y114.095 E.00136
;WIDTH:0.153014
G1 X103.247 Y114.005 E.00083
;WIDTH:0.184797
G1 X103.27 Y113.919 E.00102
;WIDTH:0.201236
G3 X103.369 Y113.767 I.279 J.073 E.00236
;WIDTH:0.147952
G1 X103.668 Y113.433 E.0038
G1 X104.004 Y113.131 E.00382
;WIDTH:0.202531
G1 X104.149 Y113.02 E.00235
;WIDTH:0.217146
G3 X104.244 Y112.99 I.086 J.109 E.00144
;WIDTH:0.181851
G1 X104.327 Y112.97 E.00096
;WIDTH:0.150878
G1 X104.419 Y112.951 E.00082
;WIDTH:0.123306
G1 X104.506 Y112.934 E.00057
;WIDTH:0.103265
G1 X104.592 Y112.921 E.00042
G1 X105.171 Y112.433 F18000
;WIDTH:0.0969204
G1 F1372
G1 X105.324 Y112.458 E.00067
; stop printing object Block.stl id:105326592607568 copy 0
;LAYER_CHANGE
;Z:3.84
;HEIGHT:0.2
G92 E0 ; zero the extruded length again
; BEFORE_LAYER_CHANGE 18 @ 3.84mm
G1 E-2.34559 F6000
;WIPE_START
G1 X105.171 Y112.433 E-.15441
;WIPE_END
; AFTER_LAYER_CHANGE 18 @ 3.84mm
;_SET_FAN_SPEED_CHANGING_LAYER
; printing object Block.stl id:105326592607568 copy 0
G1 X101.458 Y115.303 Z3.84 F18000
G1 E2.5 F6000
M204 P1000
;TYPE:Outer wall
;WIDTH:0.42
G1 F1360
G1 X115.303 Y101.458 E.5955
G1 X118.029 Y104.184 E.11724
G1 X118.542 Y104.697 E.02205
G1 X104.697 Y118.542 E.5955
G1 X101.501 Y115.346 E.13747
G1 E-1.75 F6000
;WIPE_START
G1 F3600
G1 X102.206 Y114.636 E-.75
;WIPE_END
G1 X105.624 Y117.06 F18000
G1 E2.5 F6000
M204 P1500
;TYPE:Inner wall
;WIDTH:0.45
G1 F1360
G1 X104.697 Y117.987 E.04307
G1 X102.013 Y115.303 E.12463
G1 X102.94 Y114.376 E.04307
G1 X102.918 Y114.881 E.0166
G2 X105.121 Y117.082 I2.225 J-.025 E.11323
G1 X105.564 Y117.062 E.01457
G1 E-1.75 F6000
;WIPE_START
G1 X104.88 Y117.792 E-.75
;WIPE_END
G1 X106.922 Y114.707 F18000
G1 E2.5 F6000
M204 P1000
;TYPE:Outer wall
;WIDTH:0.42
G1 F1360
G1 X106.924 Y114.721 E.00044
G3 X104.881 Y113.085 I-1.803 J.157 E.25686
G1 X104.966 Y113.076 E.0026
G3 X106.847 Y114.335 I.155 J1.803 E.07437
G1 X106.91 Y114.648 E.00972
G1 E-1.75 F6000
;WIPE_START
G1 F3600
G1 X106.924 Y114.721 E-.05583
G1 X106.924 Y115.037 E-.23662
G1 X106.87 Y115.348 E-.23668
G1 X106.763 Y115.622 E-.22086
;WIPE_END
G1 X114.375 Y102.941 F18000
G1 E2.5 F6000
M204 P1500
;TYPE:Inner wall
;WIDTH:0.45
G1 F1360
G1 X115.303 Y102.013 E.04309
G1 X117.752 Y104.461 E.1137
G1 X117.987 Y104.697 E.01093
G1 X117.06 Y105.624 E.04307
G2 X116.914 Y104.278 I-2.824 J-.375 E.04489
G2 X114.864 Y102.919 I-2.041 J.852 E.08564
G1 X114.435 Y102.938 E.01409
G1 E-1.75 F6000
;WIPE_START
G1 X115.119 Y102.209 E-.75
;WIPE_END
G1 X115.045 Y106.922 F18000
G1 E2.5 F6000
M204 P1000
;TYPE:Outer wall
;WIDTH:0.42
G1 F1360
G1 X115.034 Y106.924 E.00033
G3 X114.639 Y103.327 I-.156 J-1.803 E.17035
G1 X114.724 Y103.317 E.0026
G3 X115.423 Y106.847 I.155 J1.803 E.16081
G1 X115.104 Y106.911 E.0099
G1 X115.063 Y107.316 F18000
M204 P1500
;TYPE:Inner wall
;WIDTH:0.45
G1 F1360
G1 X115.382 Y107.302 E.01051
G1 X107.302 Y115.382 E.37521
G2 X107.155 Y114.034 I-2.824 J-.375 E.04495
G2 X105.106 Y112.677 I-2.04 J.854 E.08558
G1 X104.617 Y112.699 E.01606
G1 X112.698 Y104.618 E.37524
G1 X112.676 Y105.121 E.01654
G2 X114.879 Y107.324 I2.223 J-.02 E.11332
G1 X115.003 Y107.318 E.00407
G1 E-1.75 F6000
;WIPE_START
G1 X115.382 Y107.302 E-.28497
G1 X114.944 Y107.74 E-.46503
;WIPE_END
G1 X115.404 Y107.08 F18000
G1 E2.5 F6000
M204 P2000
;TYPE:Gap infill
;WIDTH:0.123859
G1 F1360
G1 X115.581 Y107.049 E.00117
;WIDTH:0.151347
G1 X115.668 Y107.032 E.00077
;WIDTH:0.182068
G1 X115.755 Y107.011 E.00101
;WIDTH:0.215952
G1 X115.836 Y106.991 E.00117
;WIDTH:0.214378
G1 X115.937 Y106.915 E.00174
;WIDTH:0.179519
G1 X116.063 Y106.814 E.00178
;WIDTH:0.145284
G1 X116.33 Y106.569 E.003
G1 X116.627 Y106.238 E.00368
;WIDTH:0.202619
G1 X116.738 Y106.093 E.00234
;WIDTH:0.230471
G1 X116.85 Y105.934 E.00294
G1 X116.839 Y105.646 F18000
;WIDTH:0.103773
G1 F1360
G1 X116.825 Y105.736 E.00045
;WIDTH:0.124415
G1 X116.807 Y105.823 E.00058
;WIDTH:0.159318
G3 X116.716 Y106.246 I-9.728 J-1.89 E.00406
G1 X117.546 Y104.851 F18000
;WIDTH:0.213642
G1 F1360
G1 X117.096 Y104.111 E.01191
G1 X117.088 Y104.117 F18000
;WIDTH:0.117366
G1 F1360
G3 X117.567 Y104.83 I-16.12 J11.338 E.00515
G1 X117.156 Y104.153 F18000
;WIDTH:0.40983
G1 F1360
G3 X117.523 Y104.873 I-19.767 J10.531 E.02392
G1 X117.533 Y104.863 F18000
;WIDTH:0.316849
G1 F1360
G1 X117.111 Y104.108 E.01911
G1 X115.888 Y102.885 F18000
;WIDTH:0.32219
G1 F1360
G1 X115.136 Y102.468 E.01937
G1 X115.127 Y102.477 F18000
;WIDTH:0.404268
G1 F1360
G3 X115.845 Y102.842 I-10.936 J22.403 E.02346
G1 X115.17 Y102.434 F18000
;WIDTH:0.115106
G1 F1360
G3 X115.883 Y102.912 I-9.833 J15.465 E.005
G1 X115.889 Y102.903 F18000
;WIDTH:0.218771
G1 F1360
G1 X115.148 Y102.456 E.01228
G1 X114.35 Y103.163 F18000
;WIDTH:0.103241
G1 F1360
G1 X114.264 Y103.176 E.00042
;WIDTH:0.123252
G1 X114.177 Y103.193 E.00057
;WIDTH:0.15081
G1 X114.085 Y103.212 E.00082
;WIDTH:0.181783
G1 X114.002 Y103.232 E.00096
;WIDTH:0.213988
G2 X113.817 Y103.329 I.03 J.282 E.00295
;WIDTH:0.178466
G1 X113.692 Y103.431 E.00177
;WIDTH:0.142599
G1 X113.428 Y103.673 E.00288
G1 X113.176 Y103.949 E.00301
;WIDTH:0.182895
G1 X113.075 Y104.076 E.00183
;WIDTH:0.220379
G1 X112.908 Y104.308 E.00409
G1 X112.919 Y104.592 F18000
;WIDTH:0.124896
G1 F1360
G1 X112.951 Y104.416 E.00118
;WIDTH:0.151791
G1 X112.968 Y104.332 E.00075
;WIDTH:0.165785
G1 X113.042 Y103.996 E.00341
G1 X111.349 Y106.459 F18000
;TYPE:Sparse infill
;WIDTH:0.45
G1 F1360
G1 X105.456 Y112.352 E.27363
G3 X106.925 Y113.075 I-.469 J2.806 E.05451
G1 X113.075 Y106.925 E.28556
G2 X114.546 Y107.645 I2.063 J-2.351 E.05442
G1 X108.655 Y113.537 E.27356
G1 X107.081 Y115.407 F18000
;TYPE:Gap infill
;WIDTH:0.115791
G1 F1360
G1 X107.051 Y115.577 E.00101
;WIDTH:0.151839
G1 X107.03 Y115.679 E.00091
;WIDTH:0.184784
G1 X107.01 Y115.758 E.00093
;WIDTH:0.218855
G3 X106.98 Y115.851 I-.139 J.007 E.00143
;WIDTH:0.203439
G1 X106.873 Y115.991 E.00227
;WIDTH:0.157175
G1 X106.693 Y116.201 E.00255
;WIDTH:0.144216
G1 X106.233 Y116.631 E.00514
;WIDTH:0.204376
G1 X106.087 Y116.743 E.00241
;WIDTH:0.230599
G1 X106.078 Y116.749 E.00015
;WIDTH:0.215952
G1 X105.997 Y116.769 E.00117
;WIDTH:0.18207
G1 X105.91 Y116.79 E.00101
;WIDTH:0.151349
G1 X105.823 Y116.807 E.00077
;WIDTH:0.123861
G1 X105.646 Y116.839 E.00117
G1 X104.852 Y117.544 F18000
;WIDTH:0.222451
G1 F1360
G1 X104.111 Y117.097 E.01253
G1 X104.117 Y117.088 F18000
;WIDTH:0.118363
G1 F1360
G2 X104.83 Y117.566 I10.544 J-14.984 E.00522
G1 X104.155 Y117.158 F18000
;WIDTH:0.411385
G1 F1360
G2 X104.873 Y117.523 I11.548 J-21.83 E.02393
G1 X104.864 Y117.532 F18000
;WIDTH:0.327279
G1 F1360
G1 X104.112 Y117.115 E.01973
G1 X102.886 Y115.889 F18000
;WIDTH:0.321422
G1 F1360
G1 X102.468 Y115.136 E.01934
G1 X102.477 Y115.127 F18000
;WIDTH:0.403611
G1 F1360
G2 X102.843 Y115.845 I22.926 J-11.222 E.02346
G1 X102.433 Y115.171 F18000
;WIDTH:0.113349
G1 F1360
G2 X102.912 Y115.883 I15.552 J-9.954 E.00488
G1 X102.903 Y115.889 F18000
;WIDTH:0.210569
G1 F1360
G1 X102.455 Y115.149 E.0117
G1 X103.284 Y113.754 F18000
;WIDTH:0.16578
G1 F1360
G1 X103.21 Y114.09 E.00341
;WIDTH:0.151786
G1 X103.193 Y114.174 E.00075
;WIDTH:0.124893
G1 X103.161 Y114.35 E.00118
G1 X103.15 Y114.066 F18000
;WIDTH:0.228831
G1 F1360
G1 X103.257 Y113.913 E.0028
;WIDTH:0.205105
G1 X103.366 Y113.771 E.00234
;WIDTH:0.17147
G1 X103.431 Y113.691 E.00107
;WIDTH:0.14457
G1 X103.672 Y113.429 E.00292
G1 X103.993 Y113.14 E.00354
;WIDTH:0.200812
G1 X104.147 Y113.021 E.00248
;WIDTH:0.217251
G3 X104.244 Y112.99 I.089 J.111 E.00147
;WIDTH:0.181785
G1 X104.327 Y112.97 E.00096
;WIDTH:0.15081
G1 X104.419 Y112.951 E.00082
;WIDTH:0.123248
G1 X104.506 Y112.934 E.00057
;WIDTH:0.103239
G1 X104.592 Y112.921 E.00042
; stop printing object Block.stl id:105326592607568 copy 0
;LAYER_CHANGE
;Z:4.04
;HEIGHT:0.2
G92 E0 ; zero the extruded length again
; BEFORE_LAYER_CHANGE 19 @ 4.04mm
G1 E-2.41346 F6000
;WIPE_START
G1 X104.506 Y112.934 E-.08654
;WIPE_END
; AFTER_LAYER_CHANGE 19 @ 4.04mm
;_SET_FAN_SPEED_CHANGING_LAYER
; printing object Block.stl id:105326592607568 copy 0
G1 X101.458 Y115.303 Z4.04 F18000
G1 E2.5 F6000
M204 P1000
;TYPE:Outer wall
;WIDTH:0.42
G1 F1360
G1 X115.303 Y101.458 E.5955
G1 X117.994 Y104.149 E.11572
G1 X118.542 Y104.697 E.02357
G1 X104.697 Y118.542 E.5955
G1 X101.501 Y115.346 E.13747
G1 E-1.75 F6000
;WIPE_START
G1 F3600
G1 X102.206 Y114.636 E-.75
;WIPE_END
G1 X105.624 Y117.06 F18000
G1 E2.5 F6000
M204 P1500
;TYPE:Inner wall
;WIDTH:0.45
G1 F1360
G1 X104.697 Y117.987 E.04307
G1 X102.013 Y115.303 E.12463
G1 X102.956 Y114.36 E.04382
G1 X102.921 Y114.776 E.01373
G2 X105.129 Y117.081 I2.204 J.099 E.11716
G1 X105.564 Y117.062 E.01432
G1 E-1.75 F6000
;WIPE_START
G1 X104.88 Y117.792 E-.75
;WIPE_END
G1 X106.922 Y114.706 F18000
G1 E2.5 F6000
M204 P1000
;TYPE:Outer wall
;WIDTH:0.42
G1 F1360
G1 X106.922 Y114.721 E.00043
G3 X104.881 Y113.085 I-1.801 J.156 E.25657
G1 X104.966 Y113.076 E.0026
G3 X106.868 Y114.414 I.154 J1.801 E.07684
G1 X106.911 Y114.647 E.00722
G1 E-1.75 F6000
;WIPE_START
G1 F3600
G1 X106.922 Y114.721 E-.05545
G1 X106.915 Y115.118 E-.29776
G1 X106.847 Y115.423 E-.23496
G1 X106.765 Y115.623 E-.16183
;WIPE_END
G1 X114.375 Y102.941 F18000
G1 E2.5 F6000
M204 P1500
;TYPE:Inner wall
;WIDTH:0.45
G1 F1360
G1 X115.303 Y102.013 E.0431
G1 X117.717 Y104.426 E.11206
G1 X117.987 Y104.697 E.01257
G1 X117.044 Y105.64 E.04382
G2 X116.679 Y103.851 I-2.388 J-.445 E.06146
G2 X114.863 Y102.919 I-1.819 J1.307 E.06958
G1 X114.435 Y102.938 E.01407
G1 E-1.75 F6000
;WIPE_START
G1 X115.119 Y102.209 E-.75
;WIPE_END
G1 X115.043 Y106.923 F18000
G1 E2.5 F6000
M204 P1000
;TYPE:Outer wall
;WIDTH:0.42
G1 F1360
G1 X115.038 Y106.922 E.00016
G3 X114.639 Y103.327 I-.159 J-1.802 E.17039
G1 X114.724 Y103.317 E.0026
G3 X115.426 Y106.844 I.154 J1.803 E.16066
G1 X115.101 Y106.911 E.01008
G1 X115.06 Y107.316 F18000
M204 P1500
;TYPE:Inner wall
;WIDTH:0.45
G1 F1360
G1 X115.382 Y107.302 E.01059
G1 X107.28 Y115.404 E.37621
G2 X106.808 Y113.463 I-2.342 J-.458 E.06766
G2 X105.105 Y112.677 I-1.696 J1.435 E.06359
G1 X104.617 Y112.699 E.01604
G1 X112.714 Y104.601 E.37599
G1 X112.679 Y105.018 E.01373
G2 X114.879 Y107.324 I2.205 J.099 E.11691
G1 X115 Y107.318 E.00398
G1 E-1.75 F6000
;WIPE_START
G1 X115.382 Y107.302 E-.28698
G1 X114.946 Y107.738 E-.46302
;WIPE_END
G1 X114.829 Y107.568 F18000
G1 E2.5 F6000
M204 P2000
;TYPE:Gap infill
;WIDTH:0.116639
G1 F1360
G1 X114.676 Y107.542 E.00092
G1 X113.725 Y108.467 F18000
;TYPE:Sparse infill
;WIDTH:0.45
G1 F1360
G1 X107.892 Y114.299 E.27081
G1 X107.603 Y114.313 E.0095
G2 X106.926 Y113.076 I-2.56 J.598 E.04687
G1 X113.081 Y106.919 E.28585
G3 X112.399 Y105.687 I1.666 J-1.727 E.04693
G1 X112.123 Y105.732 E.00919
G1 X112.116 Y105.692 E.00133
G1 X106.283 Y111.525 E.27085
G1 X104.591 Y112.921 F18000
;TYPE:Gap infill
;WIDTH:0.103208
G1 F1360
G1 X104.506 Y112.934 E.00042
;WIDTH:0.123182
G1 X104.419 Y112.951 E.00057
;WIDTH:0.150729
G1 X104.327 Y112.97 E.00082
;WIDTH:0.181704
G1 X104.244 Y112.99 E.00096
;WIDTH:0.217178
G2 X104.147 Y113.021 I-.009 J.142 E.00147
;WIDTH:0.200728
G1 X103.992 Y113.141 E.00249
;WIDTH:0.145068
G1 X103.673 Y113.428 E.00354
G1 X103.417 Y113.708 E.00312
;WIDTH:0.182976
G1 X103.317 Y113.834 E.00182
;WIDTH:0.208624
G2 X103.268 Y113.925 I.144 J.135 E.00139
;WIDTH:0.183539
G1 X103.246 Y114.008 E.00098
;WIDTH:0.152711
G1 X103.223 Y114.095 E.0008
;WIDTH:0.137105
G1 X103.184 Y114.27 E.00136
G1 X102.433 Y115.17 F18000
;WIDTH:0.114358
G1 F1360
G2 X102.912 Y115.883 I16.47 J-10.536 E.00495
G1 X102.903 Y115.889 F18000
;WIDTH:0.210571
G1 F1360
G1 X102.455 Y115.149 E.0117
G1 X102.469 Y115.135 F18000
;WIDTH:0.326119
G1 F1360
G1 X102.879 Y115.882 E.01946
G1 X104.121 Y117.124 F18000
;WIDTH:0.336023
G1 F1360
G1 X104.866 Y117.531 E.02006
G1 X104.851 Y117.545 F18000
;WIDTH:0.2142
G1 F1360
G1 X104.111 Y117.097 E.01195
G1 X104.117 Y117.088 F18000
;WIDTH:0.117375
G1 F1360
G2 X104.83 Y117.567 I11.251 J-15.995 E.00516
G1 X105.095 Y117.301 F18000
;WIDTH:0.306119
G1 F1360
G1 X104.501 Y117.504 E.01332
G1 X104.513 Y117.516 F18000
;WIDTH:0.132042
G1 F1360
G1 X105.108 Y117.288 E.00458
G1 X105.646 Y116.839 F18000
;WIDTH:0.123865
G1 F1360
G1 X105.823 Y116.807 E.00117
;WIDTH:0.151357
G1 X105.91 Y116.79 E.00077
;WIDTH:0.182076
G1 X105.997 Y116.769 E.00101
;WIDTH:0.215956
G1 X106.078 Y116.749 E.00117
;WIDTH:0.2306
G1 X106.087 Y116.743 E.00015
;WIDTH:0.204377
G1 X106.233 Y116.631 E.00241
;WIDTH:0.148059
G1 X106.507 Y116.391 E.00309
G1 X106.869 Y115.996 E.00454
;WIDTH:0.197244
G2 X106.964 Y115.842 I-.426 J-.371 E.00226
;WIDTH:0.173812
G1 X106.99 Y115.751 E.00101
;WIDTH:0.143178
G1 X107.013 Y115.665 E.00072
;WIDTH:0.112503
G1 X107.048 Y115.515 E.00086
G1 X107.568 Y114.829 F18000
;WIDTH:0.116635
G1 F1360
G1 X107.542 Y114.676 E.00092
G1 X112.458 Y105.324 F18000
;WIDTH:0.0969201
G1 F1360
G1 X112.432 Y105.171 E.00067
G1 X112.942 Y104.512 F18000
;WIDTH:0.1371
G1 F1360
G1 X112.981 Y104.337 E.00136
;WIDTH:0.153196
G1 X113.005 Y104.247 E.00083
;WIDTH:0.185006
G1 X113.028 Y104.161 E.00102
;WIDTH:0.201229
G3 X113.127 Y104.009 I.279 J.073 E.00237
;WIDTH:0.147929
G1 X113.426 Y103.675 E.0038
G1 X113.762 Y103.373 E.00382
;WIDTH:0.202532
G1 X113.907 Y103.262 E.00235
;WIDTH:0.216996
G3 X114.002 Y103.232 I.086 J.109 E.00144
;WIDTH:0.181693
G1 X114.085 Y103.212 E.00096
;WIDTH:0.15072
G1 X114.177 Y103.193 E.00082
;WIDTH:0.123179
G1 X114.264 Y103.176 E.00057
;WIDTH:0.103208
G1 X114.349 Y103.163 E.00042
G1 X115.155 Y102.449 F18000
;WIDTH:0.174264
G1 F1360
G1 X115.887 Y102.907 E.00914
G1 X115.883 Y102.912 F18000
;WIDTH:0.112366
G1 F1360
G2 X115.172 Y102.432 I-13.347 J18.994 E.00481
G1 X115.852 Y102.849 F18000
;WIDTH:0.396076
G1 F1360
G2 X115.127 Y102.477 I-8.939 J16.53 E.0232
G1 X115.141 Y102.463 F18000
;WIDTH:0.266579
G1 F1360
G1 X115.894 Y102.897 E.01567
G1 X117.122 Y104.119 F18000
;WIDTH:0.334001
G1 F1360
G1 X117.531 Y104.865 E.01998
G1 X117.545 Y104.851 F18000
;WIDTH:0.214203
G1 F1360
G1 X117.097 Y104.111 E.01195
G1 X117.088 Y104.117 F18000
;WIDTH:0.11737
G1 F1360
G3 X117.567 Y104.83 I-16.257 J11.434 E.00515
G1 X117.305 Y105.091 F18000
;WIDTH:0.344805
G1 F1360
G1 X117.502 Y104.499 E.01518
G1 X117.512 Y104.509 F18000
;WIDTH:0.215402
G1 F1360
G1 X117.291 Y105.105 E.00885
G1 X116.816 Y105.73 F18000
;WIDTH:0.117487
G1 F1360
G1 X116.776 Y105.909 E.00111
;WIDTH:0.153444
G1 X116.754 Y105.992 E.00077
;WIDTH:0.197379
G1 X116.73 Y106.08 E.00114
G3 X116.68 Y106.17 I-.24 J-.075 E.00129
;WIDTH:0.181859
G1 X116.579 Y106.296 E.00181
;WIDTH:0.145822
G1 X116.332 Y106.567 E.00305
G1 X115.991 Y106.873 E.0038
;WIDTH:0.204376
G1 X115.845 Y106.985 E.00241
;WIDTH:0.228832
G1 X115.692 Y107.092 E.0028
G1 X115.408 Y107.081 F18000
;WIDTH:0.124895
G1 F1360
G1 X115.584 Y107.049 E.00118
;WIDTH:0.15179
G1 X115.668 Y107.032 E.00075
;WIDTH:0.165783
G1 X116.004 Y106.958 E.00341
; stop printing object Block.stl id:105326592607568 copy 0
;LAYER_CHANGE
;Z:4.24
;HEIGHT:0.2
G92 E0 ; zero the extruded length again
; BEFORE_LAYER_CHANGE 20 @ 4.24mm
G1 E-2.15581 F6000
;WIPE_START
G1 X115.668 Y107.032 E-.34419
;WIPE_END
; AFTER_LAYER_CHANGE 20 @ 4.24mm
;_SET_FAN_SPEED_CHANGING_LAYER
; printing object Block.stl id:105326592607568 copy 0
G1 X101.458 Y115.303 Z4.24 F18000
G1 E2.5 F6000
M204 P1000
;TYPE:Outer wall
;WIDTH:0.42
G1 F1377
G1 X115.303 Y101.458 E.5955
G1 X117.958 Y104.113 E.1142
G1 X118.542 Y104.697 E.02509
G1 X104.697 Y118.542 E.5955
G1 X101.501 Y115.346 E.13747
G1 E-1.75 F6000
;WIPE_START
G1 F3600
G1 X102.206 Y114.636 E-.75
;WIPE_END
G1 X105.624 Y117.06 F18000
G1 E2.5 F6000
M204 P1500
;TYPE:Inner wall
;WIDTH:0.45
G1 F1377
G1 X104.697 Y117.987 E.04307
G1 X102.013 Y115.303 E.12463
G1 X102.94 Y114.376 E.04307
G1 X102.918 Y114.879 E.01654
G2 X105.121 Y117.082 I2.223 J-.02 E.11332
G1 X105.564 Y117.062 E.01457
G1 E-1.75 F6000
;WIPE_START
G1 X104.88 Y117.792 E-.75
;WIPE_END
G1 X106.922 Y114.706 F18000
G1 E2.5 F6000
M204 P1000
;TYPE:Outer wall
;WIDTH:0.42
G1 F1377
G1 X106.923 Y114.72 E.00045
G3 X104.881 Y113.085 I-1.802 J.158 E.25679
G1 X104.966 Y113.076 E.0026
G3 X106.869 Y114.414 I.154 J1.803 E.07685
G1 X106.911 Y114.647 E.0072
G1 E-1.75 F6000
;WIPE_START
G1 F3600
G1 X106.923 Y114.72 E-.0561
G1 X106.925 Y115.033 E-.23474
G1 X106.848 Y115.422 E-.29741
G1 X106.765 Y115.622 E-.16174
;WIPE_END
G1 X114.375 Y102.941 F18000
G1 E2.5 F6000
M204 P1500
;TYPE:Inner wall
;WIDTH:0.45
G1 F1377
G1 X115.303 Y102.013 E.0431
G1 X117.681 Y104.391 E.11042
G1 X117.987 Y104.697 E.01421
G1 X117.044 Y105.64 E.04382
G2 X116.683 Y103.858 I-2.393 J-.444 E.06121
G2 X114.862 Y102.919 I-1.824 J1.303 E.06986
G1 X114.435 Y102.938 E.01404
G1 E-1.75 F6000
;WIPE_START
G1 X115.119 Y102.209 E-.75
;WIPE_END
G1 X115.04 Y106.924 F18000
G1 E2.5 F6000
M204 P1000
;TYPE:Outer wall
;WIDTH:0.42
G1 F1377
G1 X115.038 Y106.922 E.00008
G3 X114.639 Y103.327 I-.159 J-1.802 E.1704
G1 X114.724 Y103.317 E.0026
G3 X115.426 Y106.844 I.154 J1.803 E.16066
G1 X115.098 Y106.912 E.01018
G1 X115.057 Y107.316 F18000
M204 P1500
;TYPE:Inner wall
;WIDTH:0.45
G1 F1377
G1 X115.382 Y107.302 E.0107
G1 X107.463 Y115.222 E.36774
G1 X107.307 Y115.147 E.00568
G2 X105.104 Y112.677 I-2.203 J-.253 E.12265
G1 X104.617 Y112.699 E.01602
G1 X112.698 Y104.618 E.37524
G1 X112.676 Y105.121 E.01654
G2 X114.879 Y107.324 I2.223 J-.02 E.11332
G1 X114.997 Y107.319 E.00387
G1 E-1.75 F6000
;WIPE_START
G1 X115.382 Y107.302 E-.28949
G1 X114.948 Y107.736 E-.46051
;WIPE_END
G1 X114.829 Y107.568 F18000
G1 E2.5 F6000
M204 P2000
;TYPE:Gap infill
;WIDTH:0.116632
G1 F1377
G1 X114.676 Y107.542 E.00092
G1 X113.725 Y108.467 F18000
;TYPE:Sparse infill
;WIDTH:0.45
G1 F1377
G1 X107.892 Y114.299 E.27081
G1 X107.603 Y114.313 E.0095
G2 X106.925 Y113.075 I-2.806 J.733 E.04682
G1 X113.075 Y106.925 E.28556
G3 X112.396 Y105.687 I2.141 J-1.979 E.04682
G1 X112.123 Y105.732 E.0091
G1 X112.116 Y105.692 E.00133
G1 X106.282 Y111.527 E.27092
G1 X105.324 Y112.457 F18000
;TYPE:Gap infill
;WIDTH:0.0969204
G1 F1377
G1 X105.171 Y112.433 E.00067
G1 X104.591 Y112.921 F18000
;WIDTH:0.103173
G1 F1377
G1 X104.506 Y112.934 E.00042
;WIDTH:0.123105
G1 X104.419 Y112.951 E.00057
;WIDTH:0.150639
G1 X104.327 Y112.97 E.00082
;WIDTH:0.181619
G1 X104.244 Y112.99 E.00096
;WIDTH:0.217113
G2 X104.147 Y113.021 I-.009 J.142 E.00147
;WIDTH:0.20063
G1 X103.992 Y113.141 E.0025
;WIDTH:0.144513
G1 X103.671 Y113.429 E.00353
G1 X103.431 Y113.691 E.00292
;WIDTH:0.171478
G1 X103.366 Y113.771 E.00107
;WIDTH:0.205104
G1 X103.257 Y113.913 E.00234
;WIDTH:0.228832
G1 X103.15 Y114.066 E.0028
G1 X103.161 Y114.354 F18000
;WIDTH:0.123868
G1 F1377
G1 X103.193 Y114.177 E.00117
;WIDTH:0.151363
G1 X103.21 Y114.09 E.00077
;WIDTH:0.165782
G1 X103.284 Y113.754 E.00341
G1 X102.477 Y115.127 F18000
;WIDTH:0.393792
G1 F1377
G2 X102.851 Y115.854 I15.833 J-7.686 E.02313
G1 X102.898 Y115.893 F18000
;WIDTH:0.256773
G1 F1377
G1 X102.462 Y115.142 E.01498
G1 X102.447 Y115.157 F18000
;WIDTH:0.165609
G1 F1377
G1 X102.907 Y115.886 E.00854
G1 X102.912 Y115.883 F18000
;WIDTH:0.111392
G1 F1377
G3 X102.431 Y115.173 I21.3 J-14.959 E.00474
G1 X104.112 Y117.115 F18000
;WIDTH:0.327356
G1 F1377
G1 X104.864 Y117.532 E.01972
G1 X104.873 Y117.523 F18000
;WIDTH:0.411381
G1 F1377
G3 X104.155 Y117.158 I10.87 J-22.272 E.02393
G1 X104.83 Y117.566 F18000
;WIDTH:0.11846
G1 F1377
G3 X104.117 Y117.088 I9.836 J-15.47 E.00523
G1 X104.111 Y117.097 F18000
;WIDTH:0.223329
G1 F1377
G1 X104.852 Y117.544 E.0126
G1 X105.65 Y116.839 F18000
;WIDTH:0.124896
G1 F1377
G1 X105.826 Y116.807 E.00118
;WIDTH:0.151792
G1 X105.91 Y116.79 E.00075
;WIDTH:0.182085
G1 X105.997 Y116.769 E.00101
;WIDTH:0.21596
G1 X106.078 Y116.749 E.00117
;WIDTH:0.228905
G1 X106.095 Y116.737 E.00031
;WIDTH:0.201349
G1 X106.246 Y116.62 E.00244
;WIDTH:0.147334
G1 X106.567 Y116.332 E.00364
G1 X106.869 Y115.996 E.0038
;WIDTH:0.202528
G1 X106.98 Y115.851 E.00235
;WIDTH:0.242863
G1 X107.036 Y115.772 E.00156
;WIDTH:0.275132
G1 X107.087 Y115.699 E.00166
;WIDTH:0.292735
G1 X107.31 Y115.366 E.00808
G1 X107.294 Y115.358 F18000
;WIDTH:0.382812
G1 F1377
G3 X106.833 Y116.128 I-16.892 J-9.575 E.02459
G1 X107.568 Y114.829 F18000
;WIDTH:0.116639
G1 F1377
G1 X107.542 Y114.676 E.00092
G1 X112.458 Y105.324 F18000
;WIDTH:0.0969203
G1 F1377
G1 X112.432 Y105.171 E.00067
G1 X113.042 Y103.996 F18000
;WIDTH:0.165787
G1 F1377
G1 X112.968 Y104.332 E.00341
;WIDTH:0.151368
G1 X112.951 Y104.419 E.00077
;WIDTH:0.123869
G1 X112.92 Y104.596 E.00117
G1 X112.908 Y104.308 F18000
;WIDTH:0.228835
G1 F1377
G1 X113.015 Y104.155 E.0028
;WIDTH:0.205107
G1 X113.124 Y104.013 E.00234
;WIDTH:0.171478
G1 X113.189 Y103.933 E.00107
;WIDTH:0.139425
G1 X113.557 Y103.549 E.00414
;WIDTH:0.157121
G1 X113.767 Y103.369 E.00254
;WIDTH:0.201112
G1 X113.894 Y103.271 E.00204
;WIDTH:0.227966
G1 X114.063 Y103.152 E.0031
G1 X114.349 Y103.163 F18000
;WIDTH:0.103174
G1 F1377
G1 X114.264 Y103.176 E.00042
;WIDTH:0.123223
G1 X114.177 Y103.193 E.00058
;WIDTH:0.158117
G2 X113.752 Y103.287 I1.769 J9.065 E.00404
G1 X115.148 Y102.456 F18000
;WIDTH:0.219632
G1 F1377
G1 X115.889 Y102.903 E.01234
G1 X115.883 Y102.912 F18000
;WIDTH:0.115174
G1 F1377
G2 X115.17 Y102.434 I-10.512 J14.938 E.005
G1 X115.845 Y102.842 F18000
;WIDTH:0.404284
G1 F1377
G2 X115.127 Y102.477 I-11.578 J21.89 E.02347
G1 X115.136 Y102.468 F18000
;WIDTH:0.32229
G1 F1377
G1 X115.888 Y102.885 E.01938
G1 X117.122 Y104.119 F18000
;WIDTH:0.334018
G1 F1377
G1 X117.531 Y104.865 E.01998
G1 X117.526 Y104.87 F18000
;WIDTH:0.416649
G1 F1377
G1 X117.148 Y104.146 E.02464
G1 X117.567 Y104.83 F18000
;WIDTH:0.117361
G1 F1377
G2 X117.088 Y104.117 I-16.596 J10.624 E.00515
G1 X117.097 Y104.111 F18000
;WIDTH:0.214199
G1 F1377
G1 X117.545 Y104.851 E.01195
G1 X116.816 Y105.729 F18000
;WIDTH:0.117533
G1 F1377
G1 X116.776 Y105.909 E.00111
;WIDTH:0.154031
G1 X116.753 Y105.995 E.0008
;WIDTH:0.195652
G1 X116.728 Y106.088 E.00118
G3 X116.627 Y106.238 I-.723 J-.378 E.00224
;WIDTH:0.145125
G1 X116.33 Y106.569 E.00367
G1 X116.067 Y106.81 E.00294
;WIDTH:0.171337
G1 X115.988 Y106.876 E.00106
;WIDTH:0.202669
G1 X115.858 Y106.975 E.0021
;WIDTH:0.224092
G1 X115.692 Y107.092 E.00297
G1 X115.408 Y107.081 F18000
;WIDTH:0.12506
G1 F1377
G1 X115.584 Y107.049 E.00118
;WIDTH:0.152129
G1 X115.669 Y107.032 E.00076
;WIDTH:0.166318
G1 X116.004 Y106.957 E.00342
; stop printing object Block.stl id:105326592607568 copy 0
;LAYER_CHANGE
;Z:4.44
;HEIGHT:0.2
G92 E0 ; zero the extruded length again
; BEFORE_LAYER_CHANGE 21 @ 4.44mm
G1 E-2.1566 F6000
;WIPE_START
G1 X115.669 Y107.032 E-.3434
;WIPE_END
; AFTER_LAYER_CHANGE 21 @ 4.44mm
;_SET_FAN_SPEED_CHANGING_LAYER
; printing object Block.stl id:105326592607568 copy 0
G1 X101.458 Y115.303 Z4.44 F18000
G1 E2.5 F6000
M204 P1000
;TYPE:Outer wall
;WIDTH:0.42
G1 F1366
G1 X115.303 Y101.458 E.5955
G1 X117.923 Y104.078 E.11268
G1 X118.542 Y104.697 E.02661
G1 X104.697 Y118.542 E.5955
G1 X101.501 Y115.346 E.13747
G1 E-1.75 F6000
;WIPE_START
G1 F3600
G1 X102.206 Y114.636 E-.75
;WIPE_END
G1 X105.624 Y117.06 F18000
G1 E2.5 F6000
M204 P1500
;TYPE:Inner wall
;WIDTH:0.45
G1 F1366
G1 X104.697 Y117.987 E.04307
G1 X102.013 Y115.303 E.12463
G1 X102.94 Y114.376 E.04307
G1 X102.918 Y114.879 E.01654
G2 X105.129 Y117.081 I2.222 J-.02 E.11358
G1 X105.564 Y117.062 E.01432
G1 E-1.75 F6000
;WIPE_START
G1 X104.88 Y117.792 E-.75
;WIPE_END
G1 X106.921 Y114.705 F18000
G1 E2.5 F6000
M204 P1000
;TYPE:Outer wall
;WIDTH:0.42
G1 F1366
G1 X106.924 Y114.721 E.00051
G3 X104.881 Y113.085 I-1.803 J.157 E.25686
G1 X104.966 Y113.076 E.0026
G3 X106.847 Y114.334 I.155 J1.803 E.07435
G1 X106.909 Y114.646 E.00966
G1 E-1.75 F6000
;WIPE_START
G1 F3600
G1 X106.924 Y114.721 E-.05756
G1 X106.925 Y115.033 E-.23408
G1 X106.847 Y115.423 E-.29814
G1 X106.766 Y115.621 E-.16022
;WIPE_END
G1 X114.375 Y102.941 F18000
G1 E2.5 F6000
M204 P1500
;TYPE:Inner wall
;WIDTH:0.45
G1 F1366
G1 X115.303 Y102.013 E.04311
G1 X117.646 Y104.355 E.10878
G1 X117.987 Y104.697 E.01586
G1 X117.044 Y105.64 E.04382
G2 X116.683 Y103.857 I-2.422 J-.438 E.0612
G2 X114.862 Y102.919 I-1.834 J1.324 E.06981
G1 X114.435 Y102.938 E.01402
G1 E-1.75 F6000
;WIPE_START
G1 X115.119 Y102.209 E-.75
;WIPE_END
G1 X115.037 Y106.923 F18000
G1 E2.5 F6000
M204 P1000
;TYPE:Outer wall
;WIDTH:0.42
G1 F1366
G1 X114.725 Y106.923 E.00949
G3 X114.639 Y103.327 I.154 J-1.803 E.1609
G1 X114.724 Y103.317 E.0026
G3 X115.096 Y106.917 I.155 J1.803 E.17096
G1 X115.056 Y107.315 F18000
M204 P1500
;TYPE:Inner wall
;WIDTH:0.45
G1 F1366
G1 X115.386 Y107.299 E.01082
G1 X107.463 Y115.222 E.36789
G1 X107.307 Y115.147 E.00568
G2 X105.104 Y112.677 I-2.203 J-.253 E.12268
G1 X104.617 Y112.699 E.016
G1 X112.698 Y104.618 E.37525
G1 X112.676 Y105.121 E.01654
G2 X114.881 Y107.324 I2.223 J-.021 E.1134
G1 X114.996 Y107.318 E.00378
G1 E-1.75 F6000
;WIPE_START
G1 X115.386 Y107.299 E-.29223
G1 X114.954 Y107.73 E-.45777
;WIPE_END
G1 X115.42 Y107.076 F18000
G1 E2.5 F6000
M204 P2000
;TYPE:Gap infill
;WIDTH:0.121074
G1 F1366
G1 X115.58 Y107.047 E.00103
;WIDTH:0.146617
G1 X115.667 Y107.03 E.00074
;WIDTH:0.177358
G1 X115.757 Y107.007 E.001
;WIDTH:0.21189
G1 X115.842 Y106.986 E.00119
;WIDTH:0.213139
G1 X115.939 Y106.914 E.00166
;WIDTH:0.179225
G1 X116.063 Y106.814 E.00175
;WIDTH:0.139554
G1 X116.451 Y106.443 E.00419
;WIDTH:0.157177
G1 X116.631 Y106.233 E.00255
;WIDTH:0.19612
G2 X116.728 Y106.088 I-.589 J-.499 E.00216
G1 X116.753 Y105.995 E.00119
;WIDTH:0.154141
G1 X116.776 Y105.909 E.0008
;WIDTH:0.117585
G1 X116.816 Y105.729 E.00111
G1 X117.546 Y104.851 F18000
;WIDTH:0.213542
G1 F1366
G1 X117.096 Y104.111 E.01191
G1 X117.088 Y104.117 F18000
;WIDTH:0.117375
G1 F1366
G3 X117.566 Y104.83 I-15.927 J11.203 E.00516
G1 X117.156 Y104.153 F18000
;WIDTH:0.409632
G1 F1366
G3 X117.523 Y104.873 I-19.55 J10.425 E.02392
G1 X117.533 Y104.863 F18000
;WIDTH:0.315324
G1 F1366
G1 X117.111 Y104.108 E.01902
G1 X115.895 Y102.895 F18000
;WIDTH:0.272711
G1 F1366
G1 X115.139 Y102.465 E.01612
G1 X115.151 Y102.452 F18000
;WIDTH:0.206197
G1 F1366
G1 X115.888 Y102.905 E.01138
G1 X115.883 Y102.912 F18000
;WIDTH:0.114349
G1 F1366
G2 X115.17 Y102.434 I-11.111 J15.794 E.00495
G1 X115.127 Y102.477 F18000
;WIDTH:0.39607
G1 F1366
G3 X115.852 Y102.849 I-8.216 J16.904 E.02321
G1 X114.349 Y103.163 F18000
;WIDTH:0.103138
G1 F1366
G1 X114.264 Y103.176 E.00042
;WIDTH:0.123031
G1 X114.177 Y103.193 E.00057
;WIDTH:0.150551
G1 X114.085 Y103.212 E.00082
;WIDTH:0.181532
G1 X114.002 Y103.232 E.00096
;WIDTH:0.214952
G1 X113.919 Y103.253 E.00119
G1 X113.829 Y103.32 E.00156
;WIDTH:0.180262
G1 X113.692 Y103.43 E.00195
;WIDTH:0.1427
G1 X113.428 Y103.673 E.00288
G1 X113.174 Y103.951 E.00303
;WIDTH:0.183135
G1 X113.075 Y104.076 E.0018
;WIDTH:0.220394
G1 X112.908 Y104.308 E.00409
G1 X112.92 Y104.595 F18000
;WIDTH:0.122861
G1 F1366
G1 X112.949 Y104.428 E.00109
;WIDTH:0.149781
G1 X112.968 Y104.334 E.00083
;WIDTH:0.165082
G1 X113.042 Y103.997 E.0034
G1 X111.346 Y106.462 F18000
;TYPE:Sparse infill
;WIDTH:0.45
G1 F1366
G1 X105.454 Y112.354 E.27358
G3 X106.925 Y113.075 I-.449 J2.778 E.05456
G1 X113.075 Y106.925 E.28556
G2 X114.552 Y107.639 I2.009 J-2.27 E.05456
G1 X108.665 Y113.527 E.27338
G1 X106.83 Y116.131 F18000
;TYPE:Gap infill
;WIDTH:0.381831
G1 F1366
G2 X107.294 Y115.358 I-17.525 J-11.046 E.02465
G1 X107.31 Y115.366 F18000
;WIDTH:0.292726
G1 F1366
G1 X107.087 Y115.699 E.00808
;WIDTH:0.275126
G1 X107.036 Y115.772 E.00166
;WIDTH:0.242863
G1 X106.98 Y115.851 E.00156
;WIDTH:0.203442
G1 X106.873 Y115.991 E.00227
;WIDTH:0.157178
G1 X106.693 Y116.201 E.00255
;WIDTH:0.139303
G1 X106.309 Y116.569 E.00413
;WIDTH:0.171416
G1 X106.229 Y116.634 E.00107
;WIDTH:0.205108
G1 X106.087 Y116.743 E.00234
;WIDTH:0.230597
G1 X106.078 Y116.749 E.00015
;WIDTH:0.215952
G1 X105.997 Y116.769 E.00117
;WIDTH:0.182076
G1 X105.91 Y116.79 E.00101
;WIDTH:0.151356
G1 X105.823 Y116.807 E.00077
;WIDTH:0.123863
G1 X105.646 Y116.839 E.00117
G1 X105.108 Y117.288 F18000
;WIDTH:0.131947
G1 F1366
G1 X104.513 Y117.516 E.00458
G1 X104.501 Y117.504 F18000
;WIDTH:0.3045
G1 F1366
G1 X105.095 Y117.301 E.01324
G1 X104.83 Y117.566 F18000
;WIDTH:0.117901
G1 F1366
G3 X104.117 Y117.088 I10.817 J-16.918 E.00519
G1 X104.111 Y117.097 F18000
;WIDTH:0.214193
G1 F1366
G1 X104.851 Y117.545 E.01195
G1 X104.866 Y117.531 F18000
;WIDTH:0.336211
G1 F1366
G1 X104.121 Y117.124 E.02007
G1 X102.433 Y115.17 F18000
;WIDTH:0.114356
G1 F1366
G2 X102.912 Y115.883 I16.598 J-10.625 E.00495
G1 X102.905 Y115.888 F18000
;WIDTH:0.206191
G1 F1366
G1 X102.452 Y115.151 E.01138
G1 X102.464 Y115.139 F18000
;WIDTH:0.272091
G1 F1366
G1 X102.895 Y115.895 E.01607
G1 X102.852 Y115.855 F18000
;WIDTH:0.384764
G1 F1366
G3 X102.477 Y115.127 I17.377 J-9.422 E.02259
G1 X103.295 Y113.744 F18000
;WIDTH:0.196289
G1 F1366
G2 X103.208 Y114.098 I12.047 J3.137 E.00451
;WIDTH:0.14852
G1 X103.19 Y114.189 E.00079
;WIDTH:0.122176
G1 X103.162 Y114.353 E.00106
G1 X103.15 Y114.061 F18000
;WIDTH:0.207211
G1 F1366
G1 X103.302 Y113.853 E.00342
;WIDTH:0.184747
G1 X103.426 Y113.698 E.00226
;WIDTH:0.145307
G1 X103.668 Y113.433 E.00297
G1 X104.004 Y113.131 E.00373
;WIDTH:0.20253
G1 X104.149 Y113.02 E.00235
;WIDTH:0.216849
G3 X104.244 Y112.99 I.086 J.108 E.00143
;WIDTH:0.181542
G1 X104.327 Y112.97 E.00096
;WIDTH:0.150563
G1 X104.419 Y112.951 E.00082
;WIDTH:0.123041
G1 X104.506 Y112.934 E.00057
;WIDTH:0.103144
G1 X104.591 Y112.921 E.00042
; stop printing object Block.stl id:105326592607568 copy 0
;LAYER_CHANGE
;Z:4.64
;HEIGHT:0.2
G92 E0 ; zero the extruded length again
; BEFORE_LAYER_CHANGE 22 @ 4.64mm
G1 E-2.41423 F6000
;WIPE_START
G1 X104.506 Y112.934 E-.08577
;WIPE_END
; AFTER_LAYER_CHANGE 22 @ 4.64mm
;_SET_FAN_SPEED_CHANGING_LAYER
; printing object Block.stl id:105326592607568 copy 0
G1 X101.458 Y115.303 Z4.64 F18000
G1 E2.5 F6000
M204 P1000
;TYPE:Outer wall
;WIDTH:0.42
G1 F1377
G1 X115.303 Y101.458 E.5955
G1 X117.888 Y104.043 E.11116
G1 X118.542 Y104.697 E.02813
G1 X104.697 Y118.542 E.5955
G1 X101.501 Y115.346 E.13747
G1 E-1.75 F6000
;WIPE_START
G1 F3600
G1 X102.206 Y114.636 E-.75
;WIPE_END
G1 X105.624 Y117.06 F18000
G1 E2.5 F6000
M204 P1500
;TYPE:Inner wall
;WIDTH:0.45
G1 F1377
G1 X104.697 Y117.987 E.04307
G1 X102.013 Y115.303 E.12463
G1 X102.956 Y114.36 E.04381
G1 X102.921 Y114.776 E.01373
G2 X105.129 Y117.081 I2.204 J.099 E.11715
G1 X105.564 Y117.062 E.01432
G1 E-1.75 F6000
;WIPE_START
G1 X104.88 Y117.792 E-.75
;WIPE_END
G1 X106.92 Y114.704 F18000
G1 E2.5 F6000
M204 P1000
;TYPE:Outer wall
;WIDTH:0.42
G1 F1377
G1 X106.924 Y114.725 E.00065
G3 X104.881 Y113.085 I-1.803 J.154 E.25676
G1 X104.966 Y113.076 E.0026
G3 X106.847 Y114.335 I.155 J1.803 E.07437
G1 X106.909 Y114.645 E.00961
G1 E-1.75 F6000
;WIPE_START
G1 F3600
G1 X106.924 Y114.725 E-.06098
G1 X106.915 Y115.118 E-.29521
G1 X106.848 Y115.422 E-.23369
G1 X106.766 Y115.62 E-.16012
;WIPE_END
G1 X114.375 Y102.941 F18000
G1 E2.5 F6000
M204 P1500
;TYPE:Inner wall
;WIDTH:0.45
G1 F1377
G1 X115.303 Y102.013 E.04311
G1 X117.611 Y104.32 E.10713
G1 X117.987 Y104.697 E.0175
G1 X117.221 Y105.463 E.0356
G1 X117.065 Y105.389 E.00568
G2 X114.861 Y102.919 I-2.203 J-.253 E.12271
G1 X114.435 Y102.938 E.014
G1 E-1.75 F6000
;WIPE_START
G1 X115.119 Y102.209 E-.75
;WIPE_END
G1 X115.034 Y106.917 F18000
G1 E2.5 F6000
M204 P1000
;TYPE:Outer wall
;WIDTH:0.42
G1 F1377
G1 X114.722 Y106.92 E.00951
G3 X114.639 Y103.327 I.157 J-1.801 E.16069
G1 X114.724 Y103.317 E.00259
G3 X115.118 Y106.911 I.154 J1.802 E.17016
G1 X115.094 Y106.913 E.00074
G1 X115.059 Y107.312 F18000
M204 P1500
;TYPE:Inner wall
;WIDTH:0.45
G1 F1377
G1 X115.147 Y107.307 E.00288
G1 X115.222 Y107.463 E.00568
G1 X107.463 Y115.222 E.36028
G1 X107.307 Y115.147 E.00568
G2 X105.103 Y112.677 I-2.203 J-.253 E.1227
G1 X104.617 Y112.699 E.01597
G1 X112.714 Y104.602 E.376
G1 X112.678 Y105.027 E.01401
G2 X114.879 Y107.321 I2.216 J.077 E.11639
G1 X114.999 Y107.315 E.00395
G1 E-1.75 F6000
;WIPE_START
G1 X115.147 Y107.307 E-.11068
G1 X115.222 Y107.463 E-.12978
G1 X114.741 Y107.943 E-.50954
;WIPE_END
G1 X114.829 Y107.568 F18000
G1 E2.5 F6000
M204 P2000
;TYPE:Gap infill
;WIDTH:0.116638
G1 F1377
G1 X114.676 Y107.542 E.00092
G1 X113.544 Y108.648 F18000
;TYPE:Sparse infill
;WIDTH:0.45
G1 F1377
G1 X107.65 Y114.542 E.27369
G2 X106.925 Y113.075 I-2.577 J.361 E.05464
G1 X113.074 Y106.926 E.28553
G3 X112.357 Y105.451 I1.787 J-1.78 E.05483
G1 X106.467 Y111.341 E.27349
G1 X104.591 Y112.921 F18000
;TYPE:Gap infill
;WIDTH:0.103114
G1 F1377
G1 X104.506 Y112.934 E.00042
;WIDTH:0.122975
G1 X104.419 Y112.951 E.00057
;WIDTH:0.150483
G1 X104.327 Y112.97 E.00081
;WIDTH:0.181465
G1 X104.244 Y112.99 E.00096
;WIDTH:0.216981
G2 X104.147 Y113.021 I-.009 J.142 E.00147
;WIDTH:0.201163
G1 X103.995 Y113.139 E.00245
;WIDTH:0.147497
G1 X103.675 Y113.426 E.00363
G1 X103.369 Y113.767 E.00386
;WIDTH:0.201313
G2 X103.27 Y113.919 I.179 J.226 E.00237
;WIDTH:0.185375
G1 X103.247 Y114.005 E.00102
;WIDTH:0.153525
G1 X103.223 Y114.095 E.00083
;WIDTH:0.137405
G1 X103.184 Y114.271 E.00138
G1 X102.455 Y115.149 F18000
;WIDTH:0.210582
G1 F1377
G1 X102.903 Y115.889 E.0117
G1 X102.912 Y115.883 F18000
;WIDTH:0.11435
G1 F1377
G3 X102.433 Y115.17 I16.114 J-11.334 E.00495
G1 X102.843 Y115.846 F18000
;WIDTH:0.403434
G1 F1377
G3 X102.477 Y115.127 I22.956 J-12.145 E.02345
G1 X102.468 Y115.136 F18000
;WIDTH:0.321402
G1 F1377
G1 X102.886 Y115.889 E.01934
G1 X104.121 Y117.124 F18000
;WIDTH:0.336298
G1 F1377
G1 X104.866 Y117.531 E.02007
G1 X104.851 Y117.545 F18000
;WIDTH:0.214207
G1 F1377
G1 X104.111 Y117.097 E.01195
G1 X104.117 Y117.088 F18000
;WIDTH:0.11737
G1 F1377
G2 X104.83 Y117.567 I11.338 J-16.12 E.00515
G1 X105.095 Y117.301 F18000
;WIDTH:0.303697
G1 F1377
G1 X104.501 Y117.504 E.0132
G1 X104.513 Y117.516 F18000
;WIDTH:0.131887
G1 F1377
G1 X105.108 Y117.288 E.00457
G1 X105.646 Y116.839 F18000
;WIDTH:0.123865
G1 F1377
G1 X105.823 Y116.807 E.00117
;WIDTH:0.151359
G1 X105.91 Y116.79 E.00077
;WIDTH:0.182076
G1 X105.997 Y116.769 E.00101
;WIDTH:0.215954
G1 X106.078 Y116.749 E.00117
;WIDTH:0.228872
G1 X106.095 Y116.737 E.00031
;WIDTH:0.201164
G1 X106.247 Y116.619 E.00245
;WIDTH:0.14728
G1 X106.567 Y116.332 E.00362
G1 X106.869 Y115.996 E.0038
;WIDTH:0.20253
G1 X106.98 Y115.851 E.00235
;WIDTH:0.242865
G1 X107.036 Y115.772 E.00156
;WIDTH:0.27513
G1 X107.087 Y115.699 E.00166
;WIDTH:0.292729
G1 X107.31 Y115.366 E.00808
G1 X107.294 Y115.358 F18000
;WIDTH:0.382883
G1 F1377
G3 X106.834 Y116.128 I-16.709 J-9.463 E.02459
G1 X112.942 Y104.513 F18000
;WIDTH:0.137389
G1 F1377
G1 X112.981 Y104.337 E.00137
;WIDTH:0.153506
G1 X113.005 Y104.247 E.00083
;WIDTH:0.185352
G1 X113.028 Y104.161 E.00102
;WIDTH:0.20131
G3 X113.127 Y104.009 I.279 J.073 E.00237
;WIDTH:0.147497
G1 X113.433 Y103.668 E.00386
G1 X113.753 Y103.381 E.00363
;WIDTH:0.201162
G1 X113.905 Y103.263 E.00245
;WIDTH:0.216973
G3 X114.002 Y103.232 I.088 J.111 E.00147
;WIDTH:0.181455
G1 X114.085 Y103.212 E.00096
;WIDTH:0.150473
G1 X114.177 Y103.193 E.00081
;WIDTH:0.122965
G1 X114.264 Y103.176 E.00057
;WIDTH:0.103108
G1 X114.349 Y103.163 E.00041
G1 X115.148 Y102.456 F18000
;WIDTH:0.220506
G1 F1377
G1 X115.889 Y102.903 E.0124
G1 X115.883 Y102.912 F18000
;WIDTH:0.115254
G1 F1377
G2 X115.169 Y102.434 I-10.454 J14.855 E.00501
G1 X115.845 Y102.842 F18000
;WIDTH:0.40428
G1 F1377
G2 X115.127 Y102.477 I-11.566 J21.864 E.02347
G1 X115.136 Y102.468 F18000
;WIDTH:0.322372
G1 F1377
G1 X115.888 Y102.885 E.01938
G1 X117.567 Y104.829 F18000
;WIDTH:0.116025
G1 F1377
G2 X117.088 Y104.117 I-15.281 J9.775 E.00506
G1 X117.095 Y104.112 F18000
;WIDTH:0.208773
G1 F1377
G1 X117.548 Y104.849 E.01157
G1 X117.536 Y104.861 F18000
;WIDTH:0.276007
G1 F1377
G1 X117.104 Y104.105 E.01635
G1 X117.147 Y104.145 F18000
;WIDTH:0.398067
G1 F1377
G3 X117.523 Y104.873 I-17.435 J9.453 E.02348
G1 X116.592 Y106.37 F18000
;WIDTH:0.382883
G1 F1377
G2 X117.052 Y105.6 I-16.278 J-10.25 E.02459
G1 X117.068 Y105.608 F18000
;WIDTH:0.292728
G1 F1377
G1 X116.845 Y105.941 E.00808
;WIDTH:0.275129
G1 X116.794 Y106.014 E.00166
;WIDTH:0.242865
G1 X116.738 Y106.093 E.00156
;WIDTH:0.202529
G1 X116.627 Y106.238 E.00235
;WIDTH:0.147929
G1 X116.327 Y106.572 E.0038
G1 X115.991 Y106.873 E.00382
;WIDTH:0.20438
G1 X115.845 Y106.985 E.00241
;WIDTH:0.244269
G1 X115.772 Y107.036 E.00144
;WIDTH:0.284961
G3 X115.366 Y107.31 I-6.457 J-9.144 E.00957
G1 X115.358 Y107.294 F18000
;WIDTH:0.374047
G1 F1377
G2 X116.131 Y106.83 I-10.331 J-18.087 E.02408
; stop printing object Block.stl id:105326592607568 copy 0
;LAYER_CHANGE
;Z:4.84
;HEIGHT:0.2
G92 E0 ; zero the extruded length again
; BEFORE_LAYER_CHANGE 23 @ 4.84mm
G1 E-1.75 F6000
;WIPE_START
G1 X115.358 Y107.294 E-.75
;WIPE_END
; AFTER_LAYER_CHANGE 23 @ 4.84mm
;_SET_FAN_SPEED_CHANGING_LAYER
; printing object Block.stl id:105326592607568 copy 0
G1 X101.458 Y115.303 Z4.84 F18000
G1 E2.5 F6000
M204 P1000
;TYPE:Outer wall
;WIDTH:0.42
G1 F1366
G1 X115.303 Y101.458 E.5955
G1 X117.852 Y104.007 E.10964
G1 X118.542 Y104.697 E.02965
G1 X104.697 Y118.542 E.5955
G1 X101.501 Y115.346 E.13747
G1 E-1.75 F6000
;WIPE_START
G1 F3600
G1 X102.206 Y114.636 E-.75
;WIPE_END
G1 X105.624 Y117.06 F18000
G1 E2.5 F6000
M204 P1500
;TYPE:Inner wall
;WIDTH:0.45
G1 F1366
G1 X104.697 Y117.987 E.04307
G1 X102.013 Y115.303 E.12463
G1 X102.94 Y114.376 E.04307
G1 X102.918 Y114.879 E.01654
G2 X105.121 Y117.082 I2.223 J-.021 E.11332
G1 X105.564 Y117.062 E.01457
G1 E-1.75 F6000
;WIPE_START
G1 X104.88 Y117.792 E-.75
;WIPE_END
G1 X106.921 Y114.702 F18000
G1 E2.5 F6000
M204 P1000
;TYPE:Outer wall
;WIDTH:0.42
G1 F1366
G1 X106.923 Y114.72 E.00058
G3 X104.881 Y113.085 I-1.802 J.158 E.25683
G1 X104.966 Y113.076 E.00259
G3 X106.846 Y114.332 I.155 J1.803 E.07426
G1 X106.909 Y114.643 E.00965
G1 E-1.75 F6000
;WIPE_START
G1 F3600
G1 X106.923 Y114.72 E-.05919
G1 X106.925 Y115.033 E-.23484
G1 X106.848 Y115.422 E-.29734
G1 X106.767 Y115.618 E-.15863
;WIPE_END
G1 X114.375 Y102.941 F18000
G1 E2.5 F6000
M204 P1500
;TYPE:Inner wall
;WIDTH:0.45
G1 F1366
G1 X115.303 Y102.013 E.04311
G1 X117.575 Y104.285 E.10549
G1 X117.987 Y104.697 E.01914
G1 X117.221 Y105.463 E.0356
G1 X117.065 Y105.389 E.00568
G2 X114.86 Y102.919 I-2.189 J-.265 E.12295
G1 X114.435 Y102.938 E.01398
G1 E-1.75 F6000
;WIPE_START
G1 X115.119 Y102.209 E-.75
;WIPE_END
G1 X115.026 Y106.924 F18000
G1 E2.5 F6000
M204 P1000
;TYPE:Outer wall
;WIDTH:0.42
G1 F1366
G1 X114.725 Y106.918 E.00916
G3 X114.639 Y103.327 I.153 J-1.8 E.16067
G1 X114.724 Y103.317 E.00259
G3 X115.084 Y106.913 I.154 J1.8 E.17107
G1 X115.044 Y107.317 F18000
M204 P1500
;TYPE:Inner wall
;WIDTH:0.45
G1 F1366
G1 X115.382 Y107.302 E.01113
G1 X107.463 Y115.222 E.36774
G1 X107.307 Y115.147 E.00568
G2 X105.102 Y112.677 I-2.203 J-.253 E.12273
G1 X104.617 Y112.699 E.01595
G1 X112.698 Y104.618 E.37525
G1 X112.676 Y105.121 E.01654
G2 X114.879 Y107.324 I2.223 J-.021 E.11332
G1 X114.984 Y107.319 E.00344
G1 E-1.75 F6000
;WIPE_START
G1 X115.382 Y107.302 E-.29934
G1 X114.957 Y107.727 E-.45066
;WIPE_END
G1 X115.408 Y107.081 F18000
G1 E2.5 F6000
M204 P2000
;TYPE:Gap infill
;WIDTH:0.124893
G1 F1366
G1 X115.584 Y107.049 E.00118
;WIDTH:0.151785
G1 X115.668 Y107.032 E.00075
;WIDTH:0.182079
G1 X115.755 Y107.011 E.00101
;WIDTH:0.215957
G1 X115.836 Y106.991 E.00117
;WIDTH:0.228853
G1 X115.853 Y106.979 E.00031
;WIDTH:0.201068
G1 X116.006 Y106.861 E.00246
;WIDTH:0.147251
G1 X116.33 Y106.569 E.00367
G1 X116.627 Y106.238 E.00374
;WIDTH:0.202528
G1 X116.738 Y106.093 E.00235
;WIDTH:0.242864
G1 X116.794 Y106.014 E.00156
;WIDTH:0.275129
G1 X116.845 Y105.941 E.00166
;WIDTH:0.29273
G1 X117.068 Y105.608 E.00808
G1 X117.052 Y105.6 F18000
;WIDTH:0.382925
G1 F1366
G3 X116.592 Y106.37 I-16.644 J-9.422 E.02459
G1 X117.156 Y104.153 F18000
;WIDTH:0.409497
G1 F1366
G3 X117.523 Y104.873 I-19.469 J10.386 E.02391
G1 X117.533 Y104.863 F18000
;WIDTH:0.311727
G1 F1366
G2 X117.102 Y104.107 I-25.367 J13.976 E.01887
G1 X117.096 Y104.111 F18000
;WIDTH:0.213474
G1 F1366
G1 X117.546 Y104.85 E.0119
G1 X117.567 Y104.83 F18000
;WIDTH:0.117377
G1 F1366
G2 X117.088 Y104.117 I-16.596 J10.624 E.00516
G1 X115.852 Y102.849 F18000
;WIDTH:0.396083
G1 F1366
G2 X115.127 Y102.477 I-8.941 J16.532 E.02321
G1 X115.141 Y102.463 F18000
;WIDTH:0.266727
G1 F1366
G1 X115.893 Y102.896 E.01568
G1 X115.886 Y102.908 F18000
;WIDTH:0.170649
G1 F1366
G1 X115.158 Y102.446 E.00888
G1 X114.348 Y103.163 F18000
;WIDTH:0.103073
G1 F1366
G1 X114.264 Y103.176 E.00041
;WIDTH:0.122886
G1 X114.177 Y103.193 E.00057
;WIDTH:0.150384
G1 X114.085 Y103.212 E.00081
;WIDTH:0.181369
G1 X114.002 Y103.232 E.00096
;WIDTH:0.208727
G2 X113.771 Y103.366 I.051 J.355 E.00366
;WIDTH:0.157564
G1 X113.557 Y103.549 E.0026
;WIDTH:0.14055
G1 X113.173 Y103.952 E.00438
;WIDTH:0.183298
G1 X113.075 Y104.076 E.00179
;WIDTH:0.22041
G1 X112.908 Y104.308 E.00409
G1 X112.92 Y104.594 F18000
;WIDTH:0.122797
G1 F1366
G1 X112.949 Y104.429 E.00108
;WIDTH:0.149637
G1 X112.967 Y104.334 E.00083
;WIDTH:0.165023
G1 X113.042 Y103.997 E.0034
G1 X112.432 Y105.171 F18000
;WIDTH:0.096919
G1 F1366
G1 X112.458 Y105.324 E.00067
G1 X113.725 Y108.467 F18000
;TYPE:Sparse infill
;WIDTH:0.45
G1 F1366
G1 X107.892 Y114.299 E.27081
G1 X107.603 Y114.313 E.0095
G2 X106.925 Y113.075 I-2.825 J.743 E.04681
G1 X113.081 Y106.919 E.28585
G3 X112.397 Y105.687 I1.988 J-1.91 E.04679
G1 X112.123 Y105.732 E.00911
G1 X112.116 Y105.692 E.00133
G1 X106.282 Y111.526 E.2709
G1 X104.59 Y112.921 F18000
;TYPE:Gap infill
;WIDTH:0.103079
G1 F1366
G1 X104.506 Y112.934 E.00041
;WIDTH:0.122901
G1 X104.419 Y112.951 E.00057
;WIDTH:0.150398
G1 X104.327 Y112.97 E.00081
;WIDTH:0.18138
G1 X104.244 Y112.991 E.00096
;WIDTH:0.216908
G2 X104.147 Y113.021 I-.009 J.142 E.00147
;WIDTH:0.201069
G1 X103.994 Y113.139 E.00246
;WIDTH:0.145254
G1 X103.673 Y113.428 E.00357
G1 X103.415 Y113.71 E.00315
;WIDTH:0.183298
G1 X103.317 Y113.834 E.00179
;WIDTH:0.220411
G1 X103.15 Y114.066 E.00409
G1 X103.161 Y114.351 F18000
;WIDTH:0.128745
G1 F1366
G1 X103.187 Y114.203 E.00104
;WIDTH:0.162165
G3 X103.286 Y113.753 I13.661 J2.773 E.00443
G1 X102.454 Y115.15 F18000
;WIDTH:0.209998
G1 F1366
G1 X102.904 Y115.889 E.01166
G1 X102.912 Y115.883 F18000
;WIDTH:0.11311
G1 F1366
G3 X102.433 Y115.171 I14.681 J-10.404 E.00486
G1 X102.845 Y115.847 F18000
;WIDTH:0.401103
G1 F1366
G3 X102.477 Y115.127 I19.511 J-10.409 E.02337
G1 X102.467 Y115.137 F18000
;WIDTH:0.309759
G1 F1366
G1 X102.89 Y115.893 E.01864
G1 X104.106 Y117.103 F18000
;WIDTH:0.27109
G1 F1366
G1 X104.859 Y117.537 E.01599
G1 X104.873 Y117.523 F18000
;WIDTH:0.406497
G1 F1366
G3 X104.148 Y117.151 I8.217 J-16.906 E.02389
G1 X104.827 Y117.57 F18000
;WIDTH:0.113549
G1 F1366
G3 X104.117 Y117.088 I14.471 J-22.099 E.00489
G1 X104.114 Y117.093 F18000
;WIDTH:0.167927
G1 F1366
G1 X104.844 Y117.552 E.0087
G1 X105.647 Y116.839 F18000
;WIDTH:0.124001
G1 F1366
G1 X105.823 Y116.807 E.00117
;WIDTH:0.151418
G1 X105.91 Y116.79 E.00077
;WIDTH:0.182081
G1 X105.997 Y116.769 E.00101
;WIDTH:0.215959
G1 X106.078 Y116.749 E.00117
;WIDTH:0.230601
G1 X106.087 Y116.743 E.00015
;WIDTH:0.204379
G1 X106.233 Y116.631 E.00241
;WIDTH:0.145413
G1 X106.503 Y116.394 E.00297
G1 X106.812 Y116.066 E.00372
;WIDTH:0.180255
G1 X106.922 Y115.929 E.00195
;WIDTH:0.214028
G1 X106.985 Y115.845 E.00145
;WIDTH:0.244658
G1 X107.038 Y115.77 E.0015
;WIDTH:0.275617
G1 X107.087 Y115.699 E.00162
;WIDTH:0.292732
G1 X107.31 Y115.366 E.00808
G1 X107.294 Y115.358 F18000
;WIDTH:0.382928
G1 F1366
G3 X106.834 Y116.128 I-16.681 J-9.444 E.02459
G1 X107.568 Y114.829 F18000
;WIDTH:0.116625
G1 F1366
G1 X107.542 Y114.676 E.00092
; stop printing object Block.stl id:105326592607568 copy 0
;LAYER_CHANGE
;Z:5.04
;HEIGHT:0.2
G92 E0 ; zero the extruded length again
; BEFORE_LAYER_CHANGE 24 @ 5.04mm
G1 E-2.34535 F6000
;WIPE_START
G1 X107.568 Y114.829 E-.15465
;WIPE_END
; AFTER_LAYER_CHANGE 24 @ 5.04mm
;_SET_FAN_SPEED_CHANGING_LAYER
; printing object Block.stl id:105326592607568 copy 0
G1 X101.458 Y115.303 Z5.04 F18000
G1 E2.5 F6000
M204 P1000
;TYPE:Outer wall
;WIDTH:0.42
G1 F1363
G1 X115.303 Y101.458 E.5955
G1 X117.817 Y103.972 E.10812
G1 X118.542 Y104.697 E.03117
G1 X104.697 Y118.542 E.5955
G1 X101.501 Y115.346 E.13747
G1 E-1.75 F6000
;WIPE_START
G1 F3600
G1 X102.206 Y114.636 E-.75
;WIPE_END
G1 X105.624 Y117.06 F18000
G1 E2.5 F6000
M204 P1500
;TYPE:Inner wall
;WIDTH:0.45
G1 F1363
G1 X104.697 Y117.987 E.04307
G1 X102.013 Y115.303 E.12463
G1 X102.94 Y114.376 E.04307
G1 X102.918 Y114.882 E.01662
G2 X105.121 Y117.082 I2.215 J-.015 E.11335
G1 X105.564 Y117.062 E.01457
G1 E-1.75 F6000
;WIPE_START
G1 X104.88 Y117.792 E-.75
;WIPE_END
G1 X106.92 Y114.699 F18000
G1 E2.5 F6000
M204 P1000
;TYPE:Outer wall
;WIDTH:0.42
G1 F1363
G1 X106.924 Y114.721 E.00069
G3 X104.881 Y113.085 I-1.803 J.157 E.25686
G1 X104.966 Y113.076 E.00259
G3 X106.846 Y114.332 I.155 J1.803 E.07427
G1 X106.908 Y114.64 E.00957
G1 E-1.75 F6000
;WIPE_START
G1 F3600
G1 X106.924 Y114.721 E-.06202
G1 X106.924 Y115.037 E-.23661
G1 X106.904 Y115.193 E-.11847
G1 X106.829 Y115.478 E-.22066
G1 X106.77 Y115.615 E-.11225
;WIPE_END
G1 X114.375 Y102.941 F18000
G1 E2.5 F6000
M204 P1500
;TYPE:Inner wall
;WIDTH:0.45
G1 F1363
G1 X115.303 Y102.013 E.04312
G1 X117.54 Y104.249 E.10385
G1 X117.987 Y104.697 E.02078
G1 X117.06 Y105.624 E.04307
G2 X116.914 Y104.278 I-2.823 J-.375 E.04489
G2 X114.859 Y102.919 I-2.039 J.849 E.08582
G1 X114.435 Y102.938 E.01396
G1 E-1.75 F6000
;WIPE_START
G1 X115.119 Y102.209 E-.75
;WIPE_END
G1 X115.021 Y106.924 F18000
G1 E2.5 F6000
M204 P1000
;TYPE:Outer wall
;WIDTH:0.42
G1 F1363
G1 X114.661 Y106.911 E.01095
G3 X114.639 Y103.327 I.217 J-1.794 E.15872
G1 X114.724 Y103.317 E.00259
G3 X115.079 Y106.913 I.154 J1.8 E.17121
G1 X115.038 Y107.317 F18000
M204 P1500
;TYPE:Inner wall
;WIDTH:0.45
G1 F1363
G1 X115.382 Y107.302 E.01131
G1 X107.302 Y115.382 E.37521
G2 X107.156 Y114.036 I-2.823 J-.375 E.04489
G2 X105.101 Y112.677 I-2.04 J.852 E.0858
G1 X104.617 Y112.699 E.01593
G1 X112.698 Y104.618 E.37526
G1 X112.676 Y105.121 E.01654
G2 X114.887 Y107.323 I2.223 J-.02 E.11357
G1 X114.978 Y107.319 E.00301
G1 E-1.75 F6000
;WIPE_START
G1 X115.382 Y107.302 E-.30337
G1 X114.961 Y107.723 E-.44663
;WIPE_END
G1 X115.408 Y107.081 F18000
G1 E2.5 F6000
M204 P2000
;TYPE:Gap infill
;WIDTH:0.124889
G1 F1363
G1 X115.584 Y107.049 E.00118
;WIDTH:0.151777
G1 X115.668 Y107.032 E.00075
;WIDTH:0.182072
G1 X115.755 Y107.011 E.00101
;WIDTH:0.215952
G1 X115.836 Y106.991 E.00117
;WIDTH:0.2306
G1 X115.845 Y106.985 E.00015
;WIDTH:0.204378
G1 X115.991 Y106.873 E.00241
;WIDTH:0.147929
G1 X116.332 Y106.567 E.00387
G1 X116.627 Y106.238 E.00375
;WIDTH:0.202528
G1 X116.738 Y106.093 E.00235
;WIDTH:0.230472
G1 X116.85 Y105.934 E.00294
G1 X116.839 Y105.649 F18000
;WIDTH:0.115784
G1 F1363
G1 X116.809 Y105.819 E.00101
;WIDTH:0.160029
G3 X116.713 Y106.248 I-13.142 J-2.712 E.00416
G1 X117.147 Y104.144 F18000
;WIDTH:0.397365
G1 F1363
G3 X117.523 Y104.873 I-17.439 J9.46 E.02345
G1 X117.536 Y104.861 F18000
;WIDTH:0.273999
G1 F1363
G2 X117.099 Y104.109 I-23.249 J13.018 E.01619
G1 X117.095 Y104.112 F18000
;WIDTH:0.20879
G1 F1363
G1 X117.548 Y104.849 E.01156
G1 X117.566 Y104.83 F18000
;WIDTH:0.11737
G1 F1363
G2 X117.088 Y104.117 I-16.408 J10.492 E.00515
G1 X115.172 Y102.432 F18000
;WIDTH:0.11257
G1 F1363
G3 X115.883 Y102.912 I-12.639 J19.479 E.00482
G1 X115.887 Y102.907 F18000
;WIDTH:0.176272
G1 F1363
G1 X115.155 Y102.449 E.00928
G1 X115.141 Y102.463 F18000
;WIDTH:0.266769
G1 F1363
G1 X115.894 Y102.897 E.01569
G1 X115.852 Y102.849 F18000
;WIDTH:0.396055
G1 F1363
G2 X115.127 Y102.477 I-8.929 J16.509 E.02321
G1 X114.348 Y103.163 F18000
;WIDTH:0.103042
G1 F1363
G1 X114.264 Y103.176 E.00041
;WIDTH:0.122817
G1 X114.177 Y103.193 E.00057
;WIDTH:0.150295
G1 X114.085 Y103.212 E.00081
;WIDTH:0.181281
G1 X114.002 Y103.233 E.00096
;WIDTH:0.216609
G2 X113.907 Y103.262 I-.01 J.137 E.00143
;WIDTH:0.202527
G1 X113.762 Y103.373 E.00235
;WIDTH:0.148059
G1 X113.367 Y103.735 E.00454
G1 X113.127 Y104.009 E.00309
;WIDTH:0.204379
G1 X113.015 Y104.155 E.00241
;WIDTH:0.228832
G1 X112.908 Y104.308 E.0028
G1 X112.919 Y104.593 F18000
;WIDTH:0.12853
G1 F1363
G1 X112.945 Y104.445 E.00103
;WIDTH:0.162096
G3 X113.044 Y103.995 I13.675 J2.774 E.00444
G1 X112.432 Y105.171 F18000
;WIDTH:0.0969209
G1 F1363
G1 X112.458 Y105.324 E.00067
G1 X111.449 Y106.36 F18000
;TYPE:Sparse infill
;WIDTH:0.45
G1 F1363
G1 X105.453 Y112.356 E.27841
G3 X106.816 Y112.975 I-.338 J2.555 E.04986
G1 X108.964 Y111.246 E.09053
G1 X110.827 Y108.964 E.09673
G1 X113.186 Y107.024 E.10029
G2 X114.549 Y107.642 I1.945 J-2.474 E.04963
G1 X108.555 Y113.637 E.27835
G1 X107.542 Y114.676 F18000
;TYPE:Gap infill
;WIDTH:0.116628
G1 F1363
G1 X107.568 Y114.829 E.00092
G1 X107.081 Y115.407 F18000
;WIDTH:0.112996
G1 F1363
G1 X107.055 Y115.557 E.00086
;WIDTH:0.148571
G1 X107.03 Y115.676 E.00104
;WIDTH:0.184121
G1 X107.01 Y115.756 E.00094
;WIDTH:0.218643
G3 X106.98 Y115.851 I-.14 J.008 E.00144
;WIDTH:0.202528
G1 X106.869 Y115.996 E.00235
;WIDTH:0.14793
G1 X106.574 Y116.325 E.00375
G1 X106.233 Y116.631 E.00387
;WIDTH:0.204376
G1 X106.087 Y116.743 E.00241
;WIDTH:0.230599
G1 X106.078 Y116.749 E.00015
;WIDTH:0.215954
G1 X105.997 Y116.769 E.00117
;WIDTH:0.182074
G1 X105.91 Y116.79 E.00101
;WIDTH:0.151353
G1 X105.823 Y116.807 E.00077
;WIDTH:0.123862
G1 X105.646 Y116.839 E.00117
G1 X104.873 Y117.523 F18000
;WIDTH:0.406498
G1 F1363
G3 X104.148 Y117.151 I8.216 J-16.905 E.02389
G1 X104.106 Y117.103 F18000
;WIDTH:0.271901
G1 F1363
G1 X104.859 Y117.537 E.01605
G1 X104.845 Y117.551 F18000
;WIDTH:0.178123
G1 F1363
G1 X104.113 Y117.093 E.00941
G1 X104.117 Y117.088 F18000
;WIDTH:0.115047
G1 F1363
G2 X104.828 Y117.568 I13.128 J-18.681 E.00499
G1 X102.886 Y115.889 F18000
;WIDTH:0.321434
G1 F1363
G1 X102.468 Y115.136 E.01934
G1 X102.477 Y115.127 F18000
;WIDTH:0.403352
G1 F1363
G2 X102.843 Y115.846 I23.356 J-11.448 E.02345
G1 X102.432 Y115.171 F18000
;WIDTH:0.113064
G1 F1363
G2 X102.912 Y115.883 I15.325 J-9.811 E.00486
G1 X102.904 Y115.889 F18000
;WIDTH:0.210583
G1 F1363
G1 X102.455 Y115.149 E.0117
G1 X103.286 Y113.753 F18000
;WIDTH:0.162081
G1 F1363
G2 X103.187 Y114.203 I13.556 J3.22 E.00444
;WIDTH:0.128515
G1 X103.161 Y114.351 E.00103
G1 X103.15 Y114.066 F18000
;WIDTH:0.228836
G1 F1363
G1 X103.257 Y113.913 E.0028
;WIDTH:0.205109
G1 X103.366 Y113.771 E.00234
;WIDTH:0.171494
G1 X103.431 Y113.691 E.00107
;WIDTH:0.145196
G1 X103.667 Y113.434 E.00288
G1 X104.002 Y113.132 E.00372
;WIDTH:0.202226
G1 X104.149 Y113.02 E.00237
;WIDTH:0.216622
G3 X104.244 Y112.991 I.085 J.108 E.00143
;WIDTH:0.181292
G1 X104.327 Y112.97 E.00096
;WIDTH:0.150305
G1 X104.419 Y112.952 E.00081
;WIDTH:0.122826
G1 X104.506 Y112.934 E.00057
;WIDTH:0.103046
G1 X104.59 Y112.921 E.00041
; stop printing object Block.stl id:105326592607568 copy 0
;LAYER_CHANGE
;Z:5.24
;HEIGHT:0.2
G92 E0 ; zero the extruded length again
; BEFORE_LAYER_CHANGE 25 @ 5.24mm
G1 E-2.41502 F6000
;WIPE_START
G1 X104.506 Y112.934 E-.08498
;WIPE_END
; AFTER_LAYER_CHANGE 25 @ 5.24mm
;_SET_FAN_SPEED_CHANGING_LAYER
; printing object Block.stl id:105326592607568 copy 0
G1 X101.458 Y115.303 Z5.24 F18000
G1 E2.5 F6000
M204 P1000
;TYPE:Outer wall
;WIDTH:0.42
G1 F1371
G1 X115.303 Y101.458 E.5955
G1 X117.782 Y103.937 E.1066
G1 X118.542 Y104.697 E.03269
G1 X104.697 Y118.542 E.5955
G1 X101.501 Y115.346 E.13747
G1 E-1.75 F6000
;WIPE_START
G1 F3600
G1 X102.206 Y114.636 E-.75
;WIPE_END
G1 X105.624 Y117.06 F18000
G1 E2.5 F6000
M204 P1500
;TYPE:Inner wall
;WIDTH:0.45
G1 F1371
G1 X104.697 Y117.987 E.04307
G1 X102.013 Y115.303 E.12463
G1 X102.956 Y114.36 E.04381
G1 X102.921 Y114.776 E.01373
G2 X105.121 Y117.082 I2.205 J.098 E.1169
G1 X105.564 Y117.062 E.01457
G1 E-1.75 F6000
;WIPE_START
G1 X104.88 Y117.792 E-.75
;WIPE_END
G1 X106.92 Y114.697 F18000
G1 E2.5 F6000
M204 P1000
;TYPE:Outer wall
;WIDTH:0.42
G1 F1371
G1 X106.923 Y114.72 E.00071
G3 X104.881 Y113.085 I-1.802 J.158 E.25679
G1 X104.966 Y113.076 E.00259
G3 X106.869 Y114.414 I.155 J1.802 E.07685
G1 X106.91 Y114.638 E.00693
G1 E-1.75 F6000
;WIPE_START
G1 F3600
G1 X106.923 Y114.72 E-.06248
G1 X106.925 Y115.033 E-.2349
G1 X106.848 Y115.422 E-.29727
G1 X106.769 Y115.614 E-.15534
;WIPE_END
G1 X114.375 Y102.941 F18000
G1 E2.5 F6000
M204 P1500
;TYPE:Inner wall
;WIDTH:0.45
G1 F1371
G1 X115.303 Y102.013 E.04312
G1 X117.504 Y104.214 E.10221
G1 X117.987 Y104.697 E.02242
G1 X117.221 Y105.463 E.0356
G1 X117.065 Y105.389 E.00568
G2 X114.858 Y102.919 I-2.195 J-.26 E.12291
G1 X114.435 Y102.939 E.01393
G1 E-1.75 F6000
;WIPE_START
G1 X115.119 Y102.209 E-.75
;WIPE_END
G1 X115.015 Y106.924 F18000
G1 E2.5 F6000
M204 P1000
;TYPE:Outer wall
;WIDTH:0.42
G1 F1371
G1 X114.721 Y106.922 E.00893
G3 X114.639 Y103.327 I.157 J-1.802 E.16077
G1 X114.724 Y103.317 E.00259
G3 X115.075 Y106.918 I.155 J1.802 E.17159
G1 X115.032 Y107.317 F18000
M204 P1500
;TYPE:Inner wall
;WIDTH:0.45
G1 F1371
G1 X115.382 Y107.302 E.01151
G1 X107.463 Y115.222 E.36774
G1 X107.307 Y115.147 E.00568
G2 X105.1 Y112.677 I-2.203 J-.253 E.12278
G1 X104.617 Y112.699 E.0159
G1 X112.714 Y104.602 E.376
G1 X112.679 Y105.018 E.01373
G2 X114.879 Y107.324 I2.205 J.098 E.1169
G1 X114.972 Y107.32 E.00306
G1 E-1.75 F6000
;WIPE_START
G1 X115.382 Y107.302 E-.30789
G1 X114.966 Y107.719 E-.44211
;WIPE_END
G1 X115.408 Y107.081 F18000
G1 E2.5 F6000
M204 P2000
;TYPE:Gap infill
;WIDTH:0.124886
G1 F1371
G1 X115.584 Y107.049 E.00118
;WIDTH:0.151771
G1 X115.668 Y107.032 E.00075
;WIDTH:0.182065
G1 X115.755 Y107.011 E.00101
;WIDTH:0.215949
G1 X115.837 Y106.991 E.00117
;WIDTH:0.230599
G1 X115.845 Y106.985 E.00015
;WIDTH:0.204377
G1 X115.991 Y106.873 E.00241
;WIDTH:0.147934
G1 X116.327 Y106.572 E.00382
G1 X116.627 Y106.238 E.0038
;WIDTH:0.202527
G1 X116.738 Y106.093 E.00235
;WIDTH:0.242865
G1 X116.794 Y106.014 E.00156
;WIDTH:0.275133
G1 X116.845 Y105.941 E.00166
;WIDTH:0.292735
G1 X117.068 Y105.608 E.00808
G1 X117.052 Y105.6 F18000
;WIDTH:0.383011
G1 F1371
G3 X116.592 Y106.369 I-16.596 J-9.39 E.02458
G1 X117.288 Y105.108 F18000
;WIDTH:0.156274
G1 F1371
G1 X117.514 Y104.512 E.00583
G1 X117.503 Y104.501 F18000
;WIDTH:0.336011
G1 F1371
G1 X117.303 Y105.093 E.01479
G1 X117.566 Y104.83 F18000
;WIDTH:0.117366
G1 F1371
G2 X117.088 Y104.117 I-16.408 J10.492 E.00515
G1 X117.097 Y104.111 F18000
;WIDTH:0.214209
G1 F1371
G1 X117.545 Y104.851 E.01195
G1 X117.531 Y104.865 F18000
;WIDTH:0.334015
G1 F1371
G1 X117.122 Y104.119 E.01998
G1 X115.895 Y102.894 F18000
;WIDTH:0.28564
G1 F1371
G1 X115.138 Y102.466 E.01703
G1 X115.127 Y102.477 F18000
;WIDTH:0.39727
G1 F1371
G3 X115.851 Y102.848 I-8.531 J17.541 E.02325
G1 X115.17 Y102.433 F18000
;WIDTH:0.114352
G1 F1371
G3 X115.883 Y102.912 I-10.624 J16.597 E.00495
G1 X115.888 Y102.904 F18000
;WIDTH:0.207995
G1 F1371
G1 X115.15 Y102.453 E.01151
G1 X114.348 Y103.163 F18000
;WIDTH:0.103003
G1 F1371
G1 X114.264 Y103.176 E.00041
;WIDTH:0.122733
G1 X114.178 Y103.193 E.00057
;WIDTH:0.150198
G1 X114.085 Y103.212 E.00081
;WIDTH:0.181187
G1 X114.002 Y103.233 E.00096
;WIDTH:0.216744
G2 X113.905 Y103.263 I-.009 J.141 E.00146
;WIDTH:0.200888
G1 X113.751 Y103.382 E.00247
;WIDTH:0.145238
G1 X113.431 Y103.67 E.00355
G1 X113.172 Y103.953 E.00316
;WIDTH:0.183458
G1 X113.075 Y104.076 E.00178
;WIDTH:0.208965
G2 X113.026 Y104.166 I.141 J.134 E.00139
;WIDTH:0.184237
G1 X113.004 Y104.25 E.00098
;WIDTH:0.153331
G1 X112.981 Y104.337 E.0008
;WIDTH:0.137684
G1 X112.942 Y104.514 E.00139
G1 X112.432 Y105.171 F18000
;WIDTH:0.09692
G1 F1371
G1 X112.458 Y105.324 E.00067
G1 X111.627 Y106.181 F18000
;TYPE:Sparse infill
;WIDTH:0.45
G1 F1371
G1 X105.453 Y112.355 E.28668
G3 X106.619 Y112.817 I-.308 J2.481 E.04163
G1 X106.891 Y112.545 E.01262
G1 X108.964 Y111.6 E.0748
G1 X109.527 Y111.036 E.02616
G1 X110.473 Y108.964 E.0748
G1 X111.036 Y108.4 E.02616
G1 X113.109 Y107.455 E.0748
G1 X113.38 Y107.183 E.01259
G2 X114.547 Y107.645 I1.412 J-1.867 E.04171
G1 X108.373 Y113.819 E.28669
G1 X107.542 Y114.676 F18000
;TYPE:Gap infill
;WIDTH:0.116639
G1 F1371
G1 X107.568 Y114.829 E.00092
G1 X106.834 Y116.127 F18000
;WIDTH:0.383013
G1 F1371
G2 X107.294 Y115.358 I-16.087 J-10.131 E.02459
G1 X107.31 Y115.366 F18000
;WIDTH:0.292734
G1 F1371
G1 X107.087 Y115.699 E.00808
;WIDTH:0.275131
G1 X107.036 Y115.772 E.00166
;WIDTH:0.242864
G1 X106.98 Y115.851 E.00156
;WIDTH:0.202527
G1 X106.869 Y115.996 E.00235
;WIDTH:0.145263
G1 X106.567 Y116.332 E.00373
G1 X106.304 Y116.573 E.00295
;WIDTH:0.181386
G1 X106.167 Y116.683 E.00196
;WIDTH:0.216296
G1 X106.078 Y116.749 E.00154
;WIDTH:0.215955
G1 X105.997 Y116.769 E.00117
;WIDTH:0.182078
G1 X105.91 Y116.79 E.00101
;WIDTH:0.151783
G1 X105.826 Y116.807 E.00075
;WIDTH:0.124891
G1 X105.65 Y116.839 E.00118
G1 X104.844 Y117.552 F18000
;WIDTH:0.167924
G1 F1371
G1 X104.115 Y117.094 E.00868
G1 X104.118 Y117.09 F18000
;WIDTH:0.117713
G1 F1371
G2 X104.83 Y117.567 I22.794 J-33.248 E.00517
G1 X104.148 Y117.151 F18000
;WIDTH:0.406508
G1 F1371
G2 X104.873 Y117.523 I8.93 J-16.51 E.0239
G1 X104.859 Y117.537 F18000
;WIDTH:0.271083
G1 F1371
G1 X104.108 Y117.104 E.01595
G1 X102.886 Y115.889 F18000
;WIDTH:0.321404
G1 F1371
G1 X102.468 Y115.136 E.01934
G1 X102.477 Y115.127 F18000
;WIDTH:0.403316
G1 F1371
G2 X102.843 Y115.846 I23.242 J-11.39 E.02345
G1 X102.432 Y115.171 F18000
;WIDTH:0.113
G1 F1371
G2 X102.912 Y115.883 I15.124 J-9.672 E.00485
G1 X102.904 Y115.889 F18000
;WIDTH:0.210591
G1 F1371
G1 X102.455 Y115.149 E.01171
G1 X103.184 Y114.272 F18000
;WIDTH:0.137698
G1 F1371
G1 X103.223 Y114.095 E.00139
;WIDTH:0.153345
G1 X103.246 Y114.008 E.0008
;WIDTH:0.184252
G1 X103.268 Y113.924 E.00098
;WIDTH:0.208973
G3 X103.317 Y113.834 I.19 J.043 E.00139
;WIDTH:0.183459
G1 X103.414 Y113.711 E.00178
;WIDTH:0.145238
G1 X103.673 Y113.428 E.00316
G1 X103.993 Y113.14 E.00355
;WIDTH:0.200888
G1 X104.147 Y113.021 E.00247
;WIDTH:0.216752
G3 X104.244 Y112.991 I.088 J.111 E.00146
;WIDTH:0.181194
G1 X104.327 Y112.97 E.00096
;WIDTH:0.150205
G1 X104.419 Y112.952 E.00081
;WIDTH:0.12274
G1 X104.506 Y112.934 E.00057
;WIDTH:0.103007
G1 X104.59 Y112.921 E.00041
; stop printing object Block.stl id:105326592607568 copy 0
;LAYER_CHANGE
;Z:5.44
;HEIGHT:0.2
G92 E0 ; zero the extruded length again
; BEFORE_LAYER_CHANGE 26 @ 5.44mm
G1 E-2.41535 F6000
;WIPE_START
G1 X104.506 Y112.934 E-.08465
;WIPE_END
; AFTER_LAYER_CHANGE 26 @ 5.44mm
;_SET_FAN_SPEED_CHANGING_LAYER
; printing object Block.stl id:105326592607568 copy 0
G1 X101.458 Y115.303 Z5.44 F18000
G1 E2.5 F6000
M204 P1000
;TYPE:Outer wall
;WIDTH:0.42
G1 F1401
G1 X115.303 Y101.458 E.5955
G1 X117.746 Y103.901 E.10508
G1 X118.542 Y104.697 E.03422
G1 X104.697 Y118.542 E.5955
G1 X101.501 Y115.346 E.13747
G1 E-1.75 F6000
;WIPE_START
G1 F3600
G1 X102.206 Y114.636 E-.75
;WIPE_END
G1 X105.389 Y117.065 F18000
G1 E2.5 F6000
M204 P1500
;TYPE:Inner wall
;WIDTH:0.45
G1 F1401
G1 X105.463 Y117.221 E.00568
G1 X104.697 Y117.987 E.0356
G1 X102.013 Y115.303 E.12463
G1 X102.956 Y114.36 E.0438
G1 X102.921 Y114.776 E.01372
G2 X105.329 Y117.071 I2.203 J.099 E.12373
G1 E-1.75 F6000
;WIPE_START
G1 X105.463 Y117.221 E-.1508
G1 X104.899 Y117.786 E-.5992
;WIPE_END
G1 X106.92 Y114.694 F18000
G1 E2.5 F6000
M204 P1000
;TYPE:Outer wall
;WIDTH:0.42
G1 F1401
G1 X106.922 Y114.72 E.0008
G3 X104.881 Y113.085 I-1.801 J.157 E.25663
G1 X104.966 Y113.076 E.00259
G3 X106.868 Y114.414 I.154 J1.802 E.07684
G1 X106.909 Y114.635 E.00684
G1 E-1.75 F6000
;WIPE_START
G1 F3600
G1 X106.922 Y114.72 E-.06465
G1 X106.925 Y115.033 E-.23486
G1 X106.847 Y115.423 E-.29814
G1 X106.77 Y115.611 E-.15235
;WIPE_END
G1 X114.375 Y102.941 F18000
G1 E2.5 F6000
M204 P1500
;TYPE:Inner wall
;WIDTH:0.45
G1 F1401
G1 X115.303 Y102.013 E.04313
G1 X117.469 Y104.178 E.10057
G1 X117.987 Y104.697 E.02406
G1 X117.221 Y105.463 E.0356
G1 X117.065 Y105.389 E.00568
G2 X114.858 Y102.919 I-2.203 J-.253 E.12281
G1 X114.434 Y102.939 E.01391
G1 E-1.75 F6000
;WIPE_START
G1 X115.119 Y102.209 E-.75
;WIPE_END
G1 X115.008 Y106.924 F18000
G1 E2.5 F6000
M204 P1000
;TYPE:Outer wall
;WIDTH:0.42
G1 F1401
G1 X114.639 Y106.915 E.01121
G3 X114.639 Y103.327 I.239 J-1.794 E.15833
G1 X114.724 Y103.317 E.00259
G3 X115.068 Y106.921 I.155 J1.803 E.17188
G1 X115.016 Y107.309 F18000
M204 P1500
;TYPE:Inner wall
;WIDTH:0.45
G1 F1401
G1 X115.147 Y107.307 E.0043
G1 X115.222 Y107.463 E.00568
G1 X107.463 Y115.222 E.36028
G1 X107.307 Y115.147 E.00568
G2 X105.1 Y112.677 I-2.189 J-.265 E.12303
G1 X104.616 Y112.699 E.01588
G1 X112.698 Y104.618 E.37526
G1 X112.676 Y105.121 E.01654
G2 X114.695 Y107.312 I2.218 J-.018 E.10725
G1 X114.956 Y107.31 E.00856
G1 E-1.75 F6000
;WIPE_START
G1 X115.147 Y107.307 E-.14322
G1 X115.222 Y107.463 E-.12976
G1 X114.772 Y107.912 E-.47702
;WIPE_END
G1 X115.366 Y107.31 F18000
G1 E2.5 F6000
M204 P2000
;TYPE:Gap infill
;WIDTH:0.285276
G1 F1401
G2 X115.77 Y107.038 I-6.007 J-9.353 E.00952
;WIDTH:0.245728
G1 X115.84 Y106.988 E.00141
;WIDTH:0.215639
G1 X115.925 Y106.925 E.00147
;WIDTH:0.181388
G1 X116.062 Y106.815 E.00196
;WIDTH:0.142092
G1 X116.327 Y106.572 E.00288
G1 X116.57 Y106.308 E.00287
;WIDTH:0.180255
G1 X116.68 Y106.171 E.00195
;WIDTH:0.214026
G1 X116.743 Y106.087 E.00145
;WIDTH:0.24466
G1 X116.796 Y106.012 E.0015
;WIDTH:0.275615
G1 X116.845 Y105.941 E.00162
;WIDTH:0.292726
G1 X117.068 Y105.608 E.00808
G1 X117.052 Y105.6 F18000
;WIDTH:0.38183
G1 F1401
G3 X116.588 Y106.373 I-18.037 J-10.302 E.02465
G1 X116.131 Y106.83 F18000
;WIDTH:0.37405
G1 F1401
G3 X115.358 Y107.294 I-11.093 J-17.605 E.02408
G1 X117.291 Y105.105 F18000
;WIDTH:0.215407
G1 F1401
G1 X117.512 Y104.509 E.00885
G1 X117.502 Y104.499 F18000
;WIDTH:0.344805
G1 F1401
G1 X117.305 Y105.091 E.01518
G1 X117.568 Y104.829 F18000
;WIDTH:0.115811
G1 F1401
G2 X117.088 Y104.117 I-15.03 J9.609 E.00505
G1 X117.096 Y104.111 F18000
;WIDTH:0.217995
G1 F1401
G3 X117.537 Y104.86 I-16.9 J10.436 E.01227
G1 X117.531 Y104.865 F18000
;WIDTH:0.334001
G1 F1401
G1 X117.122 Y104.119 E.01998
G1 X115.889 Y102.886 F18000
;WIDTH:0.321415
G1 F1401
G1 X115.136 Y102.468 E.01934
G1 X115.127 Y102.477 F18000
;WIDTH:0.404281
G1 F1401
G3 X115.845 Y102.842 I-10.801 J22.135 E.02347
G1 X115.17 Y102.434 F18000
;WIDTH:0.114352
G1 F1401
G3 X115.883 Y102.912 I-10.494 J16.411 E.00495
G1 X115.889 Y102.903 F18000
;WIDTH:0.210589
G1 F1401
G1 X115.149 Y102.455 E.0117
G1 X113.751 Y103.287 F18000
;WIDTH:0.157697
G1 F1401
G3 X114.177 Y103.194 I2.178 J8.871 E.00403
;WIDTH:0.122825
G1 X114.264 Y103.176 E.00058
;WIDTH:0.102977
G1 X114.348 Y103.163 E.00041
G1 X114.062 Y103.152 F18000
;WIDTH:0.227216
G1 F1401
G1 X113.89 Y103.274 E.00314
;WIDTH:0.200437
G1 X113.767 Y103.369 E.00198
;WIDTH:0.148149
G1 X113.431 Y103.67 E.00383
G1 X113.127 Y104.009 E.00386
;WIDTH:0.20438
G1 X113.015 Y104.155 E.00241
;WIDTH:0.228835
G1 X112.908 Y104.308 E.0028
G1 X112.92 Y104.594 F18000
;WIDTH:0.122715
G1 F1401
G1 X112.949 Y104.431 E.00107
;WIDTH:0.149433
G1 X112.967 Y104.335 E.00084
;WIDTH:0.164942
G1 X113.042 Y103.997 E.0034
G1 X111.807 Y106.001 F18000
;TYPE:Sparse infill
;WIDTH:0.45
G1 F1401
G1 X105.453 Y112.356 E.29506
G3 X106.406 Y112.677 I-.794 J3.925 E.03311
G1 X106.891 Y112.192 E.02254
G1 X108.964 Y111.953 E.0685
G1 X109.881 Y111.036 E.04257
G1 X110.119 Y108.964 E.0685
G1 X111.036 Y108.047 E.04257
G1 X113.109 Y107.808 E.0685
G1 X113.593 Y107.324 E.02248
G2 X114.542 Y107.65 I1.323 J-2.308 E.03314
G1 X108.184 Y114.007 E.2952
G1 X107.542 Y114.676 F18000
;TYPE:Gap infill
;WIDTH:0.116626
G1 F1401
G1 X107.568 Y114.829 E.00092
G1 X106.83 Y116.131 F18000
;WIDTH:0.38183
G1 F1401
G2 X107.294 Y115.358 I-17.534 J-11.052 E.02465
G1 X107.31 Y115.366 F18000
;WIDTH:0.292725
G1 F1401
G1 X107.087 Y115.699 E.00808
;WIDTH:0.275128
G1 X107.036 Y115.772 E.00166
;WIDTH:0.242868
G1 X106.98 Y115.851 E.00156
;WIDTH:0.203446
G1 X106.873 Y115.991 E.00227
;WIDTH:0.157178
G1 X106.693 Y116.201 E.00255
;WIDTH:0.139589
G1 X106.304 Y116.573 E.0042
;WIDTH:0.181389
G1 X106.167 Y116.683 E.00196
;WIDTH:0.21564
G1 X106.082 Y116.746 E.00147
;WIDTH:0.245727
G1 X106.012 Y116.796 E.00141
;WIDTH:0.285276
G3 X105.608 Y117.068 I-6.41 J-9.08 E.00952
G1 X105.6 Y117.052 F18000
;WIDTH:0.37404
G1 F1401
G2 X106.373 Y116.588 I-10.303 J-18.038 E.02409
G1 X105.107 Y117.29 F18000
;WIDTH:0.189328
G1 F1401
G1 X104.51 Y117.513 E.00752
G1 X104.5 Y117.503 F18000
;WIDTH:0.329628
G1 F1401
G1 X105.092 Y117.304 E.01444
G1 X104.83 Y117.567 F18000
;WIDTH:0.117373
G1 F1401
G3 X104.117 Y117.088 I10.631 J-16.608 E.00515
G1 X104.111 Y117.097 F18000
;WIDTH:0.214207
G1 F1401
G1 X104.851 Y117.545 E.01195
G1 X104.865 Y117.531 F18000
;WIDTH:0.334016
G1 F1401
G1 X104.119 Y117.122 E.01998
G1 X102.896 Y115.894 F18000
;WIDTH:0.269783
G1 F1401
G1 X102.464 Y115.14 E.0159
G1 X102.451 Y115.153 F18000
;WIDTH:0.195373
G1 F1401
G1 X102.906 Y115.887 E.01062
G1 X102.912 Y115.883 F18000
;WIDTH:0.113903
G1 F1401
G3 X102.433 Y115.171 I16.553 J-11.64 E.00491
G1 X102.477 Y115.127 F18000
;WIDTH:0.39606
G1 F1401
G2 X102.849 Y115.852 I16.865 J-8.196 E.02321
G1 X103.324 Y113.714 F18000
;WIDTH:0.166088
G1 F1401
G2 X103.221 Y114.1 I13.477 J3.801 E.00397
;WIDTH:0.136326
G1 X103.184 Y114.272 E.00133
G1 X103.181 Y114.018 F18000
;WIDTH:0.208311
G1 F1401
G1 X103.3 Y113.856 E.00268
;WIDTH:0.185327
G1 X103.425 Y113.698 E.00231
;WIDTH:0.145315
G1 X103.668 Y113.433 E.00297
G1 X104.004 Y113.131 E.00373
;WIDTH:0.202533
G1 X104.149 Y113.02 E.00235
;WIDTH:0.216457
G3 X104.244 Y112.991 I.085 J.108 E.00143
;WIDTH:0.181128
G1 X104.327 Y112.97 E.00096
;WIDTH:0.150139
G1 X104.419 Y112.952 E.00081
;WIDTH:0.122682
G1 X104.506 Y112.934 E.00057
;WIDTH:0.102979
G1 X104.59 Y112.921 E.00041
; stop printing object Block.stl id:105326592607568 copy 0
;LAYER_CHANGE
;Z:5.64
;HEIGHT:0.2
G92 E0 ; zero the extruded length again
; BEFORE_LAYER_CHANGE 27 @ 5.64mm
G1 E-2.41557 F6000
;WIPE_START
G1 X104.506 Y112.934 E-.08443
;WIPE_END
; AFTER_LAYER_CHANGE 27 @ 5.64mm
;_SET_FAN_SPEED_CHANGING_LAYER
; printing object Block.stl id:105326592607568 copy 0
G1 X101.458 Y115.303 Z5.64 F18000
G1 E2.5 F6000
M204 P1000
;TYPE:Outer wall
;WIDTH:0.42
G1 F1360
G1 X115.303 Y101.458 E.5955
G1 X117.711 Y103.866 E.10356
G1 X118.542 Y104.697 E.03574
G1 X104.697 Y118.542 E.5955
G1 X101.501 Y115.346 E.13747
G1 E-1.75 F6000
;WIPE_START
G1 F3600
G1 X102.206 Y114.636 E-.75
;WIPE_END
G1 X105.389 Y117.065 F18000
G1 E2.5 F6000
M204 P1500
;TYPE:Inner wall
;WIDTH:0.45
G1 F1360
G1 X105.463 Y117.221 E.00568
G1 X104.697 Y117.987 E.0356
G1 X102.013 Y115.303 E.12463
G1 X102.94 Y114.376 E.04307
G1 X102.918 Y114.882 E.01663
G2 X105.329 Y117.071 I2.221 J-.024 E.12
G1 E-1.75 F6000
;WIPE_START
G1 X105.463 Y117.221 E-.15112
G1 X104.899 Y117.785 E-.59888
;WIPE_END
G1 X106.919 Y114.691 F18000
G1 E2.5 F6000
M204 P1000
;TYPE:Outer wall
;WIDTH:0.42
G1 F1360
G1 X106.924 Y114.721 E.00093
G3 X104.881 Y113.085 I-1.803 J.157 E.25689
G1 X104.966 Y113.076 E.00259
G3 X106.864 Y114.391 I.155 J1.803 E.07617
G1 X106.908 Y114.632 E.00745
G1 E-1.75 F6000
;WIPE_START
G1 F3600
G1 X106.924 Y114.721 E-.06782
G1 X106.924 Y115.037 E-.23661
G1 X106.853 Y115.404 E-.28076
G1 X106.77 Y115.608 E-.16481
;WIPE_END
G1 X114.374 Y102.941 F18000
G1 E2.5 F6000
M204 P1500
;TYPE:Inner wall
;WIDTH:0.45
G1 F1360
G1 X115.303 Y102.013 E.04313
G1 X117.434 Y104.143 E.09892
G1 X117.987 Y104.697 E.02571
G1 X117.06 Y105.624 E.04307
G2 X116.911 Y104.271 I-2.804 J-.376 E.04514
G2 X114.857 Y102.919 I-2.034 J.853 E.08565
G1 X114.434 Y102.939 E.01389
G1 E-1.75 F6000
;WIPE_START
G1 X115.119 Y102.209 E-.75
;WIPE_END
G1 X115.001 Y106.924 F18000
G1 E2.5 F6000
M204 P1000
;TYPE:Outer wall
;WIDTH:0.42
G1 F1360
G1 X114.725 Y106.922 E.0084
G3 X114.639 Y103.327 I.154 J-1.803 E.16087
G1 X114.724 Y103.317 E.00259
G3 X115.061 Y106.92 I.155 J1.802 E.17201
G1 X115.018 Y107.318 F18000
M204 P1500
;TYPE:Inner wall
;WIDTH:0.45
G1 F1360
G1 X115.382 Y107.302 E.01196
G1 X107.302 Y115.382 E.37521
G2 X107.153 Y114.029 I-2.804 J-.376 E.04514
G2 X105.099 Y112.677 I-2.037 J.857 E.08563
G1 X104.616 Y112.7 E.01586
G1 X112.698 Y104.618 E.37527
G1 X112.676 Y105.121 E.01654
G2 X114.879 Y107.324 I2.223 J-.02 E.11332
G1 X114.958 Y107.32 E.00261
G1 E-1.75 F6000
;WIPE_START
G1 X115.382 Y107.302 E-.31825
G1 X114.975 Y107.709 E-.43175
;WIPE_END
G1 X115.408 Y107.081 F18000
G1 E2.5 F6000
M204 P2000
;TYPE:Gap infill
;WIDTH:0.124893
G1 F1360
G1 X115.584 Y107.049 E.00118
;WIDTH:0.151788
G1 X115.668 Y107.032 E.00075
;WIDTH:0.182084
G1 X115.755 Y107.011 E.00101
;WIDTH:0.215958
G1 X115.836 Y106.991 E.00117
;WIDTH:0.230602
G1 X115.845 Y106.985 E.00015
;WIDTH:0.204376
G1 X115.991 Y106.873 E.00241
;WIDTH:0.147928
G1 X116.332 Y106.567 E.00387
G1 X116.627 Y106.238 E.00375
;WIDTH:0.202526
G1 X116.738 Y106.093 E.00235
;WIDTH:0.218147
G2 X116.769 Y105.996 I-.113 J-.089 E.00148
;WIDTH:0.182526
G1 X116.789 Y105.913 E.00096
;WIDTH:0.150233
G1 X116.809 Y105.811 E.0009
;WIDTH:0.120278
G1 X116.828 Y105.715 E.00061
;WIDTH:0.101167
G1 X116.838 Y105.648 E.00032
G1 X117.523 Y104.873 F18000
;WIDTH:0.40475
G1 F1360
G2 X117.149 Y104.146 I-15.559 J7.55 E.02388
G1 X117.102 Y104.107 F18000
;WIDTH:0.258411
G1 F1360
G1 X117.538 Y104.858 E.01509
G1 X117.553 Y104.843 F18000
;WIDTH:0.167144
G1 F1360
G1 X117.093 Y104.114 E.00864
G1 X117.088 Y104.117 F18000
;WIDTH:0.113541
G1 F1360
G3 X117.569 Y104.827 I-21.279 J14.944 E.00489
G1 X115.888 Y102.885 F18000
;WIDTH:0.322618
G1 F1360
G1 X115.136 Y102.468 E.01939
G1 X115.127 Y102.477 F18000
;WIDTH:0.40427
G1 F1360
G3 X115.845 Y102.842 I-10.856 J22.246 E.02347
G1 X115.169 Y102.435 F18000
;WIDTH:0.115418
G1 F1360
G3 X115.883 Y102.912 I-9.612 J15.148 E.00502
G1 X115.889 Y102.903 F18000
;WIDTH:0.222659
G1 F1360
G1 X115.148 Y102.456 E.01255
G1 X114.347 Y103.163 F18000
;WIDTH:0.102943
G1 F1360
G1 X114.264 Y103.176 E.00041
;WIDTH:0.1226
G1 X114.178 Y103.194 E.00057
;WIDTH:0.150036
G1 X114.085 Y103.212 E.00081
;WIDTH:0.181026
G1 X114.002 Y103.233 E.00096
;WIDTH:0.208595
G2 X113.771 Y103.366 I.05 J.353 E.00365
;WIDTH:0.157564
G1 X113.557 Y103.549 E.0026
;WIDTH:0.144216
G1 X113.127 Y104.009 E.00514
;WIDTH:0.204379
G1 X113.015 Y104.155 E.00241
;WIDTH:0.228836
G1 X112.908 Y104.308 E.0028
G1 X112.92 Y104.594 F18000
;WIDTH:0.12269
G1 F1360
G1 X112.949 Y104.431 E.00107
;WIDTH:0.149364
G1 X112.967 Y104.335 E.00084
;WIDTH:0.164915
G1 X113.042 Y103.997 E.0034
G1 X112.43 Y105.174 F18000
;WIDTH:0.0969193
G1 F1360
G1 X112.459 Y105.342 E.00074
G1 X110.512 Y107.296 F18000
;TYPE:Sparse infill
;WIDTH:0.45
G1 F1360
G1 X112.116 Y105.693 E.07445
G1 X112.126 Y105.752 E.00198
G1 X112.4 Y105.706 E.00914
G2 X114.552 Y107.639 I2.478 J-.593 E.10102
G1 X113.777 Y108.415 E.03601
G1 X113.109 Y107.747 E.03101
G1 X111.036 Y108.108 E.06907
G1 X110.368 Y107.44 E.03101
G1 X109.513 Y108.296 E.03974
G1 X110.18 Y108.964 E.03101
G1 X109.82 Y111.036 E.06907
G1 X110.487 Y111.704 E.03101
G1 X109.632 Y112.56 E.03974
G1 X108.964 Y111.892 E.03101
G1 X106.891 Y112.253 E.06907
G1 X106.223 Y111.585 E.03101
G1 X105.693 Y112.115 E.02461
G1 X105.686 Y112.396 E.00923
G3 X107.644 Y114.548 I-.553 J2.469 E.10174
G1 X109.488 Y112.704 E.08561
G1 X107.08 Y115.406 F18000
;TYPE:Gap infill
;WIDTH:0.101168
G1 F1360
G1 X107.07 Y115.473 E.00032
;WIDTH:0.12028
G1 X107.051 Y115.569 E.00061
;WIDTH:0.150236
G1 X107.031 Y115.671 E.0009
;WIDTH:0.182531
G1 X107.011 Y115.754 E.00096
;WIDTH:0.218149
G3 X106.98 Y115.851 I-.144 J.008 E.00148
;WIDTH:0.202526
G1 X106.869 Y115.996 E.00235
;WIDTH:0.147141
G1 X106.567 Y116.332 E.00379
G1 X106.25 Y116.617 E.00358
;WIDTH:0.200703
G1 X106.096 Y116.737 E.00249
;WIDTH:0.226791
G1 X106.088 Y116.742 E.00013
;WIDTH:0.24373
G1 X106.015 Y116.793 E.00146
;WIDTH:0.284845
G3 X105.608 Y117.068 I-6.457 J-9.143 E.00958
G1 X105.6 Y117.052 F18000
;WIDTH:0.374044
G1 F1360
G2 X106.373 Y116.588 I-10.285 J-18.008 E.02409
G1 X105.108 Y117.288 F18000
;WIDTH:0.131624
G1 F1360
G1 X104.513 Y117.516 E.00456
G1 X104.501 Y117.504 F18000
;WIDTH:0.299626
G1 F1360
G1 X105.095 Y117.301 E.013
G1 X104.83 Y117.566 F18000
;WIDTH:0.117372
G1 F1360
G3 X104.117 Y117.088 I10.501 J-16.421 E.00516
G1 X104.111 Y117.097 F18000
;WIDTH:0.214205
G1 F1360
G1 X104.851 Y117.545 E.01195
G1 X104.866 Y117.531 F18000
;WIDTH:0.336748
G1 F1360
G1 X104.122 Y117.125 E.02008
G1 X102.886 Y115.889 F18000
;WIDTH:0.321425
G1 F1360
G1 X102.468 Y115.136 E.01934
G1 X102.477 Y115.127 F18000
;WIDTH:0.403222
G1 F1360
G2 X102.843 Y115.846 I23.389 J-11.468 E.02345
G1 X102.434 Y115.17 F18000
;WIDTH:0.114347
G1 F1360
G2 X102.912 Y115.883 I16.394 J-10.483 E.00495
G1 X102.903 Y115.889 F18000
;WIDTH:0.210577
G1 F1360
G1 X102.455 Y115.149 E.0117
G1 X103.161 Y114.35 F18000
;WIDTH:0.124893
G1 F1360
G1 X103.193 Y114.174 E.00118
;WIDTH:0.151787
G1 X103.21 Y114.09 E.00075
;WIDTH:0.182081
G1 X103.231 Y114.003 E.00101
;WIDTH:0.215957
G1 X103.251 Y113.922 E.00117
;WIDTH:0.216426
G1 X103.317 Y113.834 E.00153
;WIDTH:0.18362
G1 X103.413 Y113.713 E.00176
;WIDTH:0.142853
G1 X103.67 Y113.431 E.00307
G1 X103.933 Y113.189 E.00288
;WIDTH:0.177618
G1 X104.054 Y113.092 E.00168
;WIDTH:0.213098
G1 X104.16 Y113.011 E.00183
G1 X104.244 Y112.991 E.00118
;WIDTH:0.181037
G1 X104.327 Y112.97 E.00096
;WIDTH:0.150045
G1 X104.419 Y112.952 E.00081
;WIDTH:0.122605
G1 X104.506 Y112.934 E.00057
;WIDTH:0.102943
G1 X104.589 Y112.921 E.00041
G1 X105.171 Y112.433 F18000
;WIDTH:0.0969195
G1 F1360
G1 X105.324 Y112.457 E.00067
; stop printing object Block.stl id:105326592607568 copy 0
;LAYER_CHANGE
;Z:5.84
;HEIGHT:0.2
G92 E0 ; zero the extruded length again
; BEFORE_LAYER_CHANGE 28 @ 5.84mm
G1 E-2.34521 F6000
;WIPE_START
G1 X105.171 Y112.433 E-.15479
;WIPE_END
; AFTER_LAYER_CHANGE 28 @ 5.84mm
;_SET_FAN_SPEED_CHANGING_LAYER
; printing object Block.stl id:105326592607568 copy 0
G1 X101.458 Y115.303 Z5.84 F18000
G1 E2.5 F6000
M204 P1000
;TYPE:Outer wall
;WIDTH:0.42
G1 F1352
G1 X115.303 Y101.458 E.5955
G1 X117.676 Y103.83 E.10204
G1 X118.542 Y104.697 E.03726
G1 X104.697 Y118.542 E.5955
G1 X101.501 Y115.346 E.13747
G1 E-1.75 F6000
;WIPE_START
G1 F3600
G1 X102.206 Y114.636 E-.75
;WIPE_END
G1 X105.628 Y117.056 F18000
G1 E2.5 F6000
M204 P1500
;TYPE:Inner wall
;WIDTH:0.45
G1 F1352
G1 X104.697 Y117.987 E.04326
G1 X102.013 Y115.303 E.12463
G1 X102.956 Y114.36 E.0438
G1 X102.921 Y114.777 E.01372
G2 X105.124 Y117.082 I2.205 J.098 E.11699
G1 X105.568 Y117.059 E.01462
G1 E-1.75 F6000
;WIPE_START
G1 X104.884 Y117.788 E-.75
;WIPE_END
G1 X106.918 Y114.688 F18000
G1 E2.5 F6000
M204 P1000
;TYPE:Outer wall
;WIDTH:0.42
G1 F1352
G1 X106.923 Y114.721 E.00103
G3 X104.881 Y113.085 I-1.803 J.157 E.25682
G1 X104.966 Y113.076 E.00259
G3 X106.846 Y114.334 I.155 J1.803 E.07435
G1 X106.906 Y114.629 E.00915
G1 E-1.75 F6000
;WIPE_START
G1 F3600
G1 X106.923 Y114.721 E-.07027
G1 X106.918 Y115.095 E-.28013
G1 X106.847 Y115.423 E-.25204
G1 X106.768 Y115.603 E-.14756
;WIPE_END
G1 X114.374 Y102.942 F18000
G1 E2.5 F6000
M204 P1500
;TYPE:Inner wall
;WIDTH:0.45
G1 F1352
G1 X115.303 Y102.013 E.04313
G1 X117.398 Y104.108 E.09728
G1 X117.987 Y104.697 E.02735
G1 X117.044 Y105.64 E.0438
G2 X116.679 Y103.851 I-2.424 J-.436 E.0614
G2 X114.856 Y102.919 I-1.819 J1.307 E.06982
G1 X114.434 Y102.939 E.01386
G1 E-1.75 F6000
;WIPE_START
G1 X115.119 Y102.209 E-.75
;WIPE_END
G1 X114.995 Y106.923 F18000
G1 E2.5 F6000
M204 P1000
;TYPE:Outer wall
;WIDTH:0.42
G1 F1352
G1 X114.725 Y106.923 E.00821
G3 X114.639 Y103.327 I.154 J-1.803 E.1609
G1 X114.724 Y103.317 E.00259
G3 X115.057 Y106.921 I.155 J1.803 E.17216
G1 X115.055 Y106.921 E.00007
G1 X115.015 Y107.317 F18000
M204 P1500
;TYPE:Inner wall
;WIDTH:0.45
G1 F1352
G1 X115.386 Y107.298 E.0122
G1 X107.286 Y115.398 E.37613
G2 X106.925 Y113.615 I-2.426 J-.437 E.06119
G2 X105.098 Y112.677 I-1.823 J1.303 E.07003
G1 X104.616 Y112.7 E.01583
G1 X112.537 Y104.778 E.3678
G1 X112.693 Y104.853 E.00568
G2 X114.882 Y107.324 I2.204 J.252 E.1222
G1 X114.955 Y107.32 E.00241
G1 E-1.75 F6000
;WIPE_START
G1 X115.386 Y107.298 E-.32379
G1 X114.985 Y107.699 E-.42621
;WIPE_END
G1 X115.424 Y107.075 F18000
G1 E2.5 F6000
M204 P2000
;TYPE:Gap infill
;WIDTH:0.120342
G1 F1352
G1 X115.58 Y107.047 E.00099
;WIDTH:0.145277
G1 X115.667 Y107.029 E.00073
;WIDTH:0.17626
G1 X115.759 Y107.006 E.00102
;WIDTH:0.211455
G1 X115.845 Y106.985 E.00122
;WIDTH:0.226973
G1 X115.854 Y106.979 E.00015
;WIDTH:0.200612
G1 X116.009 Y106.858 E.0025
;WIDTH:0.142939
G1 X116.466 Y106.426 E.00507
;WIDTH:0.158597
G1 X116.631 Y106.233 E.00238
;WIDTH:0.196522
G2 X116.729 Y106.088 I-.61 J-.516 E.00217
G1 X116.754 Y105.995 E.00119
;WIDTH:0.15488
G1 X116.776 Y105.909 E.0008
;WIDTH:0.117932
G1 X116.817 Y105.727 E.00113
G1 X117.546 Y104.85 F18000
;WIDTH:0.213286
G1 F1352
G1 X117.096 Y104.111 E.01189
G1 X117.088 Y104.117 F18000
;WIDTH:0.117375
G1 F1352
G3 X117.566 Y104.83 I-15.927 J11.203 E.00516
G1 X117.155 Y104.152 F18000
;WIDTH:0.409209
G1 F1352
G3 X117.523 Y104.873 I-19.028 J10.168 E.02392
G1 X117.533 Y104.863 F18000
;WIDTH:0.311825
G1 F1352
G1 X117.11 Y104.107 E.0188
G1 X115.887 Y102.885 F18000
;WIDTH:0.322666
G1 F1352
G1 X115.136 Y102.468 E.01939
G1 X115.127 Y102.477 F18000
;WIDTH:0.404309
G1 F1352
G3 X115.845 Y102.842 I-10.897 J22.326 E.02347
G1 X115.169 Y102.435 F18000
;WIDTH:0.115453
G1 F1352
G3 X115.883 Y102.912 I-9.575 J15.096 E.00502
G1 X115.889 Y102.903 F18000
;WIDTH:0.223097
G1 F1352
G1 X115.148 Y102.456 E.01258
G1 X114.347 Y103.163 F18000
;WIDTH:0.102903
G1 F1352
G1 X114.264 Y103.176 E.00041
;WIDTH:0.122516
G1 X114.178 Y103.194 E.00057
;WIDTH:0.149941
G1 X114.086 Y103.212 E.00081
;WIDTH:0.180935
G1 X114.002 Y103.233 E.00096
;WIDTH:0.216529
G2 X113.904 Y103.263 I-.009 J.141 E.00146
;WIDTH:0.200611
G1 X113.749 Y103.384 E.0025
;WIDTH:0.144505
G1 X113.429 Y103.671 E.00353
G1 X113.189 Y103.934 E.00291
;WIDTH:0.171508
G1 X113.124 Y104.013 E.00107
;WIDTH:0.205108
G1 X113.015 Y104.155 E.00234
;WIDTH:0.244265
G1 X112.964 Y104.228 E.00144
;WIDTH:0.284959
G2 X112.69 Y104.634 I9.142 J6.456 E.00957
G1 X112.707 Y104.642 F18000
;WIDTH:0.375121
G1 F1352
G3 X113.166 Y103.873 I16.425 J9.283 E.024
G1 X112.432 Y105.171 F18000
;WIDTH:0.0969199
G1 F1352
G1 X112.458 Y105.324 E.00067
G1 X110.689 Y107.119 F18000
;TYPE:Sparse infill
;WIDTH:0.45
G1 F1352
G1 X112.116 Y105.692 E.06627
G1 X112.123 Y105.732 E.00133
G1 X112.4 Y105.686 E.00923
G2 X114.552 Y107.639 I2.476 J-.566 E.10158
G1 X113.6 Y108.592 E.04422
G1 X113.109 Y108.101 E.0228
G1 X111.036 Y107.754 E.06899
G1 X110.545 Y107.263 E.0228
G1 X109.336 Y108.473 E.05616
G1 X109.827 Y108.964 E.0228
G1 X110.173 Y111.036 E.06899
G1 X110.664 Y111.527 E.0228
G1 X109.455 Y112.737 E.05616
G1 X108.964 Y112.246 E.0228
G1 X106.891 Y111.899 E.06899
G1 X106.4 Y111.408 E.0228
G1 X105.451 Y112.357 E.04405
G3 X107.648 Y114.544 I-.319 J2.517 E.10947
G1 X109.311 Y112.881 E.07722
G1 X107.059 Y115.485 F18000
;TYPE:Gap infill
;WIDTH:0.11793
G1 F1352
G1 X107.018 Y115.667 E.00113
;WIDTH:0.154383
G1 X106.996 Y115.75 E.00077
;WIDTH:0.198109
G1 X106.973 Y115.839 E.00114
G3 X106.922 Y115.929 I-.249 J-.081 E.00131
;WIDTH:0.180258
G1 X106.812 Y116.066 E.00195
;WIDTH:0.144433
G1 X106.569 Y116.33 E.00293
G1 X106.251 Y116.616 E.00351
;WIDTH:0.200612
G1 X106.096 Y116.737 E.0025
;WIDTH:0.226971
G1 X106.087 Y116.743 E.00015
;WIDTH:0.211455
G1 X106 Y116.764 E.00122
;WIDTH:0.17626
G1 X105.909 Y116.787 E.00102
;WIDTH:0.145278
G1 X105.822 Y116.805 E.00073
;WIDTH:0.120343
G1 X105.666 Y116.833 E.00099
G1 X105.105 Y117.291 F18000
;WIDTH:0.210292
G1 F1352
G1 X104.509 Y117.512 E.00859
G1 X104.5 Y117.502 F18000
;WIDTH:0.333474
G1 F1352
G1 X105.092 Y117.305 E.01462
G1 X104.83 Y117.566 F18000
;WIDTH:0.117372
G1 F1352
G3 X104.117 Y117.088 I10.494 J-16.411 E.00516
G1 X104.111 Y117.097 F18000
;WIDTH:0.21628
G1 F1352
G1 X104.852 Y117.545 E.0121
G1 X104.866 Y117.53 F18000
;WIDTH:0.349111
G1 F1352
G1 X104.122 Y117.125 E.02091
G1 X102.886 Y115.889 F18000
;WIDTH:0.321393
G1 F1352
G1 X102.468 Y115.136 E.01934
G1 X102.477 Y115.127 F18000
;WIDTH:0.403171
G1 F1352
G2 X102.843 Y115.846 I23.532 J-11.542 E.02345
G1 X102.432 Y115.172 F18000
;WIDTH:0.112867
G1 F1352
G2 X102.912 Y115.883 I15.123 J-9.68 E.00484
G1 X102.904 Y115.889 F18000
;WIDTH:0.210571
G1 F1352
G1 X102.455 Y115.149 E.0117
G1 X103.183 Y114.273 F18000
;WIDTH:0.136502
G1 F1352
G1 X103.221 Y114.1 E.00133
;WIDTH:0.15322
G1 X103.246 Y114.001 E.00091
;WIDTH:0.198038
G3 X103.299 Y113.857 I.623 J.145 E.00193
;WIDTH:0.185558
G1 X103.425 Y113.698 E.00233
;WIDTH:0.145318
G1 X103.668 Y113.433 E.00297
G1 X104.004 Y113.131 E.00373
;WIDTH:0.20253
G1 X104.149 Y113.02 E.00235
;WIDTH:0.216276
G3 X104.244 Y112.991 I.085 J.107 E.00142
;WIDTH:0.18094
G1 X104.327 Y112.97 E.00096
;WIDTH:0.149945
G1 X104.419 Y112.952 E.00081
;WIDTH:0.122519
G1 X104.506 Y112.934 E.00057
;WIDTH:0.102904
G1 X104.589 Y112.921 E.00041
; stop printing object Block.stl id:105326592607568 copy 0
;LAYER_CHANGE
;Z:6.04
;HEIGHT:0.2
G92 E0 ; zero the extruded length again
; BEFORE_LAYER_CHANGE 29 @ 6.04mm
G1 E-2.41618 F6000
;WIPE_START
G1 X104.506 Y112.934 E-.08382
;WIPE_END
; AFTER_LAYER_CHANGE 29 @ 6.04mm
;_SET_FAN_SPEED_CHANGING_LAYER
; printing object Block.stl id:105326592607568 copy 0
G1 X101.458 Y115.303 Z6.04 F18000
G1 E2.5 F6000
M204 P1000
;TYPE:Outer wall
;WIDTH:0.42
G1 F1356
G1 X115.303 Y101.458 E.5955
G1 X117.64 Y103.795 E.10052
G1 X118.542 Y104.697 E.03878
G1 X104.697 Y118.542 E.5955
G1 X101.501 Y115.346 E.13747
G1 E-1.75 F6000
;WIPE_START
G1 F3600
G1 X102.206 Y114.636 E-.75
;WIPE_END
G1 X105.624 Y117.06 F18000
G1 E2.5 F6000
M204 P1500
;TYPE:Inner wall
;WIDTH:0.45
G1 F1356
G1 X104.697 Y117.987 E.04307
G1 X102.013 Y115.303 E.12463
G1 X102.94 Y114.376 E.04307
G1 X102.918 Y114.882 E.01664
G2 X105.122 Y117.082 I2.223 J-.024 E.11327
G1 X105.564 Y117.062 E.01453
G1 E-1.75 F6000
;WIPE_START
G1 X104.88 Y117.792 E-.75
;WIPE_END
G1 X106.917 Y114.685 F18000
G1 E2.5 F6000
M204 P1000
;TYPE:Outer wall
;WIDTH:0.42
G1 F1356
G1 X106.923 Y114.725 E.00123
G3 X104.881 Y113.085 I-1.803 J.153 E.25664
G1 X104.966 Y113.076 E.00259
G3 X106.846 Y114.335 I.155 J1.802 E.07436
G1 X106.905 Y114.626 E.00903
G1 E-1.75 F6000
;WIPE_START
G1 F3600
G1 X106.923 Y114.725 E-.07535
G1 X106.915 Y115.118 E-.29504
G1 X106.848 Y115.422 E-.23361
G1 X106.773 Y115.602 E-.14601
;WIPE_END
G1 X114.374 Y102.942 F18000
G1 E2.5 F6000
M204 P1500
;TYPE:Inner wall
;WIDTH:0.45
G1 F1356
G1 X115.303 Y102.013 E.04313
G1 X117.363 Y104.072 E.09564
G1 X117.987 Y104.697 E.02899
G1 X117.044 Y105.64 E.04379
G2 X116.679 Y103.851 I-2.425 J-.436 E.0614
G2 X114.855 Y102.919 I-1.819 J1.307 E.06984
G1 X114.434 Y102.939 E.01384
G1 E-1.75 F6000
;WIPE_START
G1 X115.119 Y102.209 E-.75
;WIPE_END
G1 X114.985 Y106.924 F18000
G1 E2.5 F6000
M204 P1000
;TYPE:Outer wall
;WIDTH:0.42
G1 F1356
G1 X114.721 Y106.922 E.00803
G3 X114.639 Y103.327 I.157 J-1.802 E.16077
G1 X114.724 Y103.317 E.00259
G3 X115.045 Y106.921 I.155 J1.802 E.17248
G1 X115.003 Y107.318 F18000
M204 P1500
;TYPE:Inner wall
;WIDTH:0.45
G1 F1356
G1 X115.382 Y107.302 E.01248
G1 X107.463 Y115.222 E.36774
G1 X107.307 Y115.147 E.00568
G2 X105.097 Y112.677 I-2.196 J-.259 E.123
G1 X104.616 Y112.7 E.01581
G1 X112.698 Y104.618 E.37527
G1 X112.676 Y105.121 E.01654
G2 X114.879 Y107.324 I2.223 J-.02 E.11332
G1 X114.943 Y107.321 E.00209
G1 E-1.75 F6000
;WIPE_START
G1 X115.382 Y107.302 E-.33
G1 X114.986 Y107.698 E-.42
;WIPE_END
G1 X114.829 Y107.568 F18000
G1 E2.5 F6000
M204 P2000
;TYPE:Gap infill
;WIDTH:0.116639
G1 F1356
G1 X114.676 Y107.542 E.00092
G1 X115.408 Y107.081 F18000
;WIDTH:0.124884
G1 F1356
G1 X115.584 Y107.049 E.00118
;WIDTH:0.15177
G1 X115.668 Y107.032 E.00075
;WIDTH:0.182066
G1 X115.755 Y107.011 E.00101
;WIDTH:0.21595
G1 X115.837 Y106.991 E.00117
;WIDTH:0.230597
G1 X115.845 Y106.985 E.00015
;WIDTH:0.204375
G1 X115.991 Y106.873 E.00241
;WIDTH:0.147929
G1 X116.332 Y106.567 E.00387
G1 X116.627 Y106.238 E.00375
;WIDTH:0.196159
G2 X116.729 Y106.088 I-.651 J-.551 E.00225
G1 X116.754 Y105.995 E.00119
;WIDTH:0.154992
G1 X116.777 Y105.909 E.0008
;WIDTH:0.117983
G1 X116.817 Y105.727 E.00113
G1 X117.523 Y104.873 F18000
;WIDTH:0.395638
G1 F1356
G2 X117.146 Y104.144 I-17.984 J8.827 E.02336
G1 X117.104 Y104.105 F18000
;WIDTH:0.275693
G1 F1356
G1 X117.536 Y104.86 E.01633
G1 X117.548 Y104.849 F18000
;WIDTH:0.208779
G1 F1356
G1 X117.095 Y104.112 E.01157
G1 X117.088 Y104.117 F18000
;WIDTH:0.115677
G1 F1356
G3 X117.568 Y104.828 I-14.511 J10.301 E.00504
G1 X115.895 Y102.895 F18000
;WIDTH:0.272694
G1 F1356
G1 X115.139 Y102.465 E.01612
G1 X115.151 Y102.452 F18000
;WIDTH:0.206201
G1 F1356
G1 X115.888 Y102.905 E.01138
G1 X115.883 Y102.912 F18000
;WIDTH:0.114364
G1 F1356
G2 X115.17 Y102.433 I-11.251 J15.995 E.00495
G1 X115.127 Y102.477 F18000
;WIDTH:0.396074
G1 F1356
G3 X115.852 Y102.849 I-8.211 J16.895 E.02321
G1 X114.347 Y103.163 F18000
;WIDTH:0.102867
G1 F1356
G1 X114.264 Y103.176 E.0004
;WIDTH:0.122438
G1 X114.178 Y103.194 E.00057
;WIDTH:0.149848
G1 X114.086 Y103.212 E.00081
;WIDTH:0.180845
G1 X114.002 Y103.233 E.00096
;WIDTH:0.216187
G2 X113.907 Y103.262 I-.011 J.136 E.00142
;WIDTH:0.202528
G1 X113.762 Y103.373 E.00235
;WIDTH:0.147928
G1 X113.433 Y103.668 E.00375
G1 X113.127 Y104.009 E.00387
;WIDTH:0.204379
G1 X113.015 Y104.155 E.00241
;WIDTH:0.228834
G1 X112.908 Y104.308 E.0028
G1 X112.919 Y104.594 F18000
;WIDTH:0.124415
G1 F1356
G1 X112.951 Y104.418 E.00117
;WIDTH:0.151588
G1 X112.968 Y104.332 E.00076
;WIDTH:0.165775
G1 X113.043 Y103.996 E.00341
G1 X112.432 Y105.171 F18000
;WIDTH:0.0969194
G1 F1356
G1 X112.458 Y105.324 E.00067
G1 X110.866 Y106.943 F18000
;TYPE:Sparse infill
;WIDTH:0.45
G1 F1356
G1 X112.116 Y105.692 E.05806
G1 X112.123 Y105.732 E.00134
G1 X112.399 Y105.687 E.00917
G2 X114.313 Y107.603 I2.465 J-.547 E.09388
G1 X114.299 Y107.892 E.0095
G1 X113.423 Y108.769 E.04069
G1 X113.109 Y108.454 E.01459
G1 X111.036 Y107.401 E.07633
G1 X110.722 Y107.086 E.01459
G1 X109.159 Y108.649 E.07258
G1 X109.473 Y108.964 E.01459
G1 X110.527 Y111.036 E.07633
G1 X110.841 Y111.351 E.01459
G1 X109.278 Y112.914 E.07258
G1 X108.964 Y112.599 E.01459
G1 X106.891 Y111.546 E.07633
G1 X106.577 Y111.231 E.01459
G1 X105.693 Y112.115 E.04103
G1 X105.686 Y112.397 E.00925
G3 X107.65 Y114.542 I-.574 J2.496 E.10154
G1 X109.134 Y113.057 E.06892
G1 X106.835 Y116.127 F18000
;TYPE:Gap infill
;WIDTH:0.383163
G1 F1356
G2 X107.293 Y115.358 I-15.942 J-10.037 E.02457
G1 X107.31 Y115.366 F18000
;WIDTH:0.292732
G1 F1356
G1 X107.087 Y115.699 E.00808
;WIDTH:0.275131
G1 X107.036 Y115.772 E.00166
;WIDTH:0.242864
G1 X106.98 Y115.851 E.00156
;WIDTH:0.202528
G1 X106.869 Y115.996 E.00235
;WIDTH:0.147934
G1 X106.568 Y116.331 E.00381
G1 X106.233 Y116.631 E.0038
;WIDTH:0.204377
G1 X106.087 Y116.743 E.00241
;WIDTH:0.230601
G1 X106.078 Y116.749 E.00015
;WIDTH:0.215957
G1 X105.997 Y116.769 E.00117
;WIDTH:0.182075
G1 X105.91 Y116.79 E.00101
;WIDTH:0.15178
G1 X105.826 Y116.807 E.00075
;WIDTH:0.124891
G1 X105.65 Y116.839 E.00118
G1 X105.107 Y117.29 F18000
;WIDTH:0.18704
G1 F1356
G1 X104.51 Y117.513 E.00741
G1 X104.5 Y117.503 F18000
;WIDTH:0.329135
G1 F1356
G1 X105.092 Y117.304 E.01442
G1 X104.83 Y117.566 F18000
;WIDTH:0.11737
G1 F1356
G3 X104.117 Y117.088 I10.492 J-16.408 E.00515
G1 X104.111 Y117.097 F18000
;WIDTH:0.214203
G1 F1356
G1 X104.851 Y117.545 E.01195
G1 X104.865 Y117.531 F18000
;WIDTH:0.334018
G1 F1356
G1 X104.119 Y117.122 E.01998
G1 X102.886 Y115.889 F18000
;WIDTH:0.321407
G1 F1356
G1 X102.468 Y115.136 E.01934
G1 X102.477 Y115.127 F18000
;WIDTH:0.403136
G1 F1356
G2 X102.843 Y115.846 I23.705 J-11.631 E.02344
G1 X102.433 Y115.17 F18000
;WIDTH:0.11435
G1 F1356
G2 X102.912 Y115.883 I16.595 J-10.623 E.00495
G1 X102.903 Y115.889 F18000
;WIDTH:0.210585
G1 F1356
G1 X102.455 Y115.149 E.0117
G1 X103.161 Y114.35 F18000
;WIDTH:0.124888
G1 F1356
G1 X103.193 Y114.174 E.00118
;WIDTH:0.151778
G1 X103.21 Y114.09 E.00075
;WIDTH:0.182072
G1 X103.231 Y114.003 E.00101
;WIDTH:0.215951
G1 X103.251 Y113.922 E.00117
;WIDTH:0.216298
G1 X103.317 Y113.833 E.00154
;WIDTH:0.181391
G1 X103.427 Y113.696 E.00196
;WIDTH:0.144514
G1 X103.673 Y113.428 E.00298
G1 X103.99 Y113.142 E.0035
;WIDTH:0.200521
G1 X104.146 Y113.021 E.0025
;WIDTH:0.216453
G3 X104.244 Y112.991 I.088 J.111 E.00146
;WIDTH:0.18084
G1 X104.327 Y112.97 E.00096
;WIDTH:0.149846
G1 X104.419 Y112.952 E.00081
;WIDTH:0.122444
G1 X104.506 Y112.934 E.00057
;WIDTH:0.102872
G1 X104.589 Y112.921 E.0004
G1 X105.171 Y112.433 F18000
;WIDTH:0.0969197
G1 F1356
G1 X105.324 Y112.457 E.00067
; stop printing object Block.stl id:105326592607568 copy 0
;LAYER_CHANGE
;Z:6.24
;HEIGHT:0.2
G92 E0 ; zero the extruded length again
; BEFORE_LAYER_CHANGE 30 @ 6.24mm
G1 E-2.34525 F6000
;WIPE_START
G1 X105.171 Y112.433 E-.15475
;WIPE_END
; AFTER_LAYER_CHANGE 30 @ 6.24mm
;_SET_FAN_SPEED_CHANGING_LAYER
; printing object Block.stl id:105326592607568 copy 0
G1 X101.458 Y115.303 Z6.24 F18000
G1 E2.5 F6000
M204 P1000
;TYPE:Outer wall
;WIDTH:0.42
G1 F1371
G1 X115.303 Y101.458 E.5955
G1 X117.605 Y103.76 E.099
G1 X118.542 Y104.697 E.0403
G1 X104.697 Y118.542 E.5955
G1 X101.501 Y115.346 E.13747
G1 E-1.75 F6000
;WIPE_START
G1 F3600
G1 X102.206 Y114.636 E-.75
;WIPE_END
G1 X105.624 Y117.06 F18000
G1 E2.5 F6000
M204 P1500
;TYPE:Inner wall
;WIDTH:0.45
G1 F1371
G1 X104.697 Y117.987 E.04307
G1 X102.013 Y115.303 E.12463
G1 X102.779 Y114.537 E.0356
G1 X102.935 Y114.611 E.00568
G2 X105.121 Y117.082 I2.204 J.252 E.12211
G1 X105.564 Y117.062 E.01457
G1 E-1.75 F6000
;WIPE_START
G1 X104.88 Y117.792 E-.75
;WIPE_END
G1 X106.917 Y114.681 F18000
G1 E2.5 F6000
M204 P1000
;TYPE:Outer wall
;WIDTH:0.42
G1 F1371
G1 X106.923 Y114.721 E.00126
G3 X104.881 Y113.085 I-1.803 J.157 E.25686
G1 X104.966 Y113.076 E.00259
G3 X106.869 Y114.411 I.155 J1.803 E.07677
G1 X106.907 Y114.621 E.00651
G1 E-1.75 F6000
;WIPE_START
G1 F3600
G1 X106.923 Y114.721 E-.07598
G1 X106.918 Y115.093 E-.27907
G1 X106.847 Y115.423 E-.25312
G1 X106.775 Y115.598 E-.14183
;WIPE_END
G1 X114.374 Y102.942 F18000
G1 E2.5 F6000
M204 P1500
;TYPE:Inner wall
;WIDTH:0.45
G1 F1371
G1 X115.303 Y102.013 E.04314
G1 X117.328 Y104.037 E.094
G1 X117.987 Y104.697 E.03063
G1 X117.044 Y105.64 E.04379
G2 X116.723 Y103.917 I-2.439 J-.437 E.05881
G2 X114.854 Y102.919 I-1.847 J1.209 E.07255
G1 X114.434 Y102.939 E.01381
G1 E-1.75 F6000
;WIPE_START
G1 X115.119 Y102.21 E-.75
;WIPE_END
G1 X114.977 Y106.923 F18000
G1 E2.5 F6000
M204 P1000
;TYPE:Outer wall
;WIDTH:0.42
G1 F1371
G1 X114.64 Y106.914 E.01026
G3 X114.639 Y103.327 I.239 J-1.794 E.15832
G1 X114.724 Y103.317 E.00259
G3 X115.037 Y106.923 I.155 J1.803 E.17281
G1 X114.994 Y107.319 F18000
M204 P1500
;TYPE:Inner wall
;WIDTH:0.45
G1 F1371
G1 X115.382 Y107.302 E.01276
G1 X107.286 Y115.398 E.37593
G2 X106.925 Y113.616 I-2.428 J-.436 E.06115
G2 X105.096 Y112.677 I-1.824 J1.302 E.07012
G1 X104.616 Y112.7 E.01578
G1 X112.537 Y104.778 E.36781
G1 X112.693 Y104.853 E.00568
G2 X114.879 Y107.324 I2.204 J.252 E.12211
G1 X114.934 Y107.321 E.00181
G1 E-1.75 F6000
;WIPE_START
G1 X115.382 Y107.302 E-.33651
G1 X114.992 Y107.692 E-.41349
;WIPE_END
G1 X115.404 Y107.08 F18000
G1 E2.5 F6000
M204 P2000
;TYPE:Gap infill
;WIDTH:0.123869
G1 F1371
G1 X115.581 Y107.049 E.00117
;WIDTH:0.151366
G1 X115.668 Y107.032 E.00077
;WIDTH:0.182086
G1 X115.755 Y107.011 E.00101
;WIDTH:0.215961
G1 X115.836 Y106.991 E.00117
;WIDTH:0.228753
G1 X115.854 Y106.978 E.00032
;WIDTH:0.20043
G1 X116.01 Y106.857 E.00251
;WIDTH:0.144368
G1 X116.327 Y106.572 E.00349
G1 X116.57 Y106.308 E.00293
;WIDTH:0.180255
G1 X116.68 Y106.171 E.00195
;WIDTH:0.198288
G2 X116.731 Y106.081 I-.199 J-.173 E.00131
G1 X116.754 Y105.992 E.00115
;WIDTH:0.154617
G1 X116.777 Y105.909 E.00078
;WIDTH:0.118038
G1 X116.817 Y105.727 E.00113
G1 X117.291 Y105.105 F18000
;WIDTH:0.215408
G1 F1371
G1 X117.512 Y104.509 E.00885
G1 X117.502 Y104.499 F18000
;WIDTH:0.344788
G1 F1371
G1 X117.305 Y105.091 E.01518
G1 X117.554 Y104.842 F18000
;WIDTH:0.128683
G1 F1371
G1 X117.088 Y104.117 E.00596
G1 X117.097 Y104.111 F18000
;WIDTH:0.214209
G1 F1371
G1 X117.545 Y104.851 E.01195
G1 X117.531 Y104.865 F18000
;WIDTH:0.334021
G1 F1371
G1 X117.122 Y104.119 E.01998
G1 X115.894 Y102.897 F18000
;WIDTH:0.267045
G1 F1371
G1 X115.141 Y102.463 E.01571
G1 X115.154 Y102.449 F18000
;WIDTH:0.178662
G1 F1371
G1 X115.887 Y102.907 E.00945
G1 X115.883 Y102.912 F18000
;WIDTH:0.112789
G1 F1371
G2 X115.172 Y102.432 I-12.789 J18.197 E.00484
G1 X115.127 Y102.477 F18000
;WIDTH:0.396052
G1 F1371
G3 X115.852 Y102.849 I-8.216 J16.905 E.02321
G1 X114.347 Y103.163 F18000
;WIDTH:0.102831
G1 F1371
G1 X114.264 Y103.176 E.0004
;WIDTH:0.122135
G1 X114.179 Y103.193 E.00056
;WIDTH:0.148969
G1 X114.089 Y103.212 E.00078
;WIDTH:0.18668
G1 X113.966 Y103.241 E.00147
;WIDTH:0.217743
G2 X113.833 Y103.317 I.135 J.392 E.00218
;WIDTH:0.180755
G1 X113.692 Y103.43 E.002
;WIDTH:0.145412
G1 X113.428 Y103.673 E.00296
G1 X113.127 Y104.009 E.00373
;WIDTH:0.204381
G1 X113.015 Y104.155 E.00241
;WIDTH:0.244267
G1 X112.964 Y104.228 E.00144
;WIDTH:0.28496
G2 X112.69 Y104.634 I9.13 J6.447 E.00957
G1 X112.707 Y104.642 F18000
;WIDTH:0.375176
G1 F1371
G3 X113.165 Y103.873 I16.358 J9.241 E.02399
G1 X111.121 Y106.688 F18000
;TYPE:Sparse infill
;WIDTH:0.45
G1 F1371
G1 X112.356 Y105.453 E.05734
G2 X114.546 Y107.645 I2.579 J-.386 E.10897
G1 X113.168 Y109.023 E.06398
G1 X110.977 Y106.832 E.10176
G1 X108.904 Y108.904 E.09623
G1 X111.096 Y111.096 E.10176
G1 X109.023 Y113.168 E.09623
G1 X106.832 Y110.977 E.10176
G1 X105.452 Y112.357 E.06409
G3 X107.644 Y114.547 I-.314 J2.508 E.10954
G1 X108.879 Y113.312 E.05734
G1 X107.059 Y115.485 F18000
;TYPE:Gap infill
;WIDTH:0.11804
G1 F1371
G1 X107.019 Y115.667 E.00113
;WIDTH:0.155115
G1 X106.996 Y115.753 E.0008
;WIDTH:0.196224
G1 X106.971 Y115.846 E.00119
G3 X106.869 Y115.996 I-.757 J-.404 E.00225
;WIDTH:0.145238
G1 X106.567 Y116.332 E.00372
G1 X106.305 Y116.572 E.00294
;WIDTH:0.178344
G1 X106.186 Y116.668 E.00166
;WIDTH:0.216194
G1 X105.934 Y116.85 E.00435
G1 X105.646 Y116.839 F18000
;WIDTH:0.12387
G1 F1371
G1 X105.823 Y116.807 E.00117
;WIDTH:0.151368
G1 X105.91 Y116.79 E.00077
;WIDTH:0.165787
G1 X106.246 Y116.716 E.00341
G1 X104.148 Y117.151 F18000
;WIDTH:0.406501
G1 F1371
G2 X104.873 Y117.523 I8.931 J-16.513 E.02389
G1 X104.828 Y117.568 F18000
;WIDTH:0.115338
G1 F1371
G3 X104.117 Y117.088 I12.132 J-18.753 E.00501
G1 X104.113 Y117.093 F18000
;WIDTH:0.180529
G1 F1371
G1 X104.846 Y117.551 E.00958
G1 X104.859 Y117.537 F18000
;WIDTH:0.272121
G1 F1371
G1 X104.106 Y117.103 E.01606
G1 X102.886 Y115.889 F18000
;WIDTH:0.321422
G1 F1371
G1 X102.468 Y115.136 E.01934
G1 X102.477 Y115.127 F18000
;WIDTH:0.403078
G1 F1371
G2 X102.843 Y115.846 I23.538 J-11.547 E.02344
G1 X102.433 Y115.17 F18000
;WIDTH:0.114363
G1 F1371
G2 X102.912 Y115.883 I16.472 J-10.537 E.00495
G1 X102.903 Y115.889 F18000
;WIDTH:0.210587
G1 F1371
G1 X102.455 Y115.149 E.0117
G1 X103.407 Y113.631 F18000
;WIDTH:0.375185
G1 F1371
G2 X102.948 Y114.4 I15.876 J9.996 E.02399
G1 X102.934 Y114.393 F18000
;WIDTH:0.286572
G1 F1371
G3 X103.206 Y113.984 I12.545 J8.046 E.00966
;WIDTH:0.233177
G1 X103.298 Y113.858 E.00239
;WIDTH:0.185791
G1 X103.425 Y113.698 E.00235
;WIDTH:0.144544
G1 X103.673 Y113.428 E.003
G1 X103.99 Y113.143 E.0035
;WIDTH:0.200434
G1 X104.146 Y113.022 E.00251
;WIDTH:0.216383
G3 X104.244 Y112.991 I.088 J.111 E.00146
;WIDTH:0.180761
G1 X104.328 Y112.97 E.00096
;WIDTH:0.149763
G1 X104.419 Y112.952 E.00081
;WIDTH:0.12237
G1 X104.506 Y112.934 E.00057
;WIDTH:0.102837
G1 X104.589 Y112.921 E.0004
; stop printing object Block.stl id:105326592607568 copy 0
;LAYER_CHANGE
;Z:6.44
;HEIGHT:0.2
G92 E0 ; zero the extruded length again
; BEFORE_LAYER_CHANGE 31 @ 6.44mm
G1 E-2.41674 F6000
;WIPE_START
G1 X104.506 Y112.934 E-.08326
;WIPE_END
; AFTER_LAYER_CHANGE 31 @ 6.44mm
;_SET_FAN_SPEED_CHANGING_LAYER
; printing object Block.stl id:105326592607568 copy 0
G1 X101.458 Y115.303 Z6.44 F18000
G1 E2.5 F6000
M204 P1000
;TYPE:Outer wall
;WIDTH:0.42
G1 F1387
G1 X115.303 Y101.458 E.5955
G1 X117.57 Y103.724 E.09748
G1 X118.542 Y104.697 E.04182
G1 X104.697 Y118.542 E.5955
G1 X101.501 Y115.346 E.13747
G1 E-1.75 F6000
;WIPE_START
G1 F3600
G1 X102.206 Y114.636 E-.75
;WIPE_END
G1 X105.389 Y117.065 F18000
G1 E2.5 F6000
M204 P1500
;TYPE:Inner wall
;WIDTH:0.45
G1 F1387
G1 X105.463 Y117.221 E.00568
G1 X104.697 Y117.987 E.0356
G1 X102.013 Y115.303 E.12463
G1 X102.956 Y114.36 E.04379
G1 X102.921 Y114.777 E.01372
G2 X105.329 Y117.071 I2.203 J.099 E.12372
G1 E-1.75 F6000
;WIPE_START
G1 X105.463 Y117.221 E-.15083
G1 X104.899 Y117.786 E-.59917
;WIPE_END
G1 X106.916 Y114.677 F18000
G1 E2.5 F6000
M204 P1000
;TYPE:Outer wall
;WIDTH:0.42
G1 F1387
G1 X106.924 Y114.721 E.00138
G3 X104.881 Y113.085 I-1.803 J.157 E.25689
G1 X104.966 Y113.076 E.00259
G3 X106.863 Y114.389 I.155 J1.803 E.07608
G1 X106.905 Y114.618 E.00708
G1 E-1.75 F6000
;WIPE_START
G1 F3600
G1 X106.924 Y114.721 E-.07893
G1 X106.924 Y115.036 E-.23613
G1 X106.847 Y115.423 E-.29611
G1 X106.777 Y115.594 E-.13883
;WIPE_END
G1 X114.374 Y102.942 F18000
G1 E2.5 F6000
M204 P1500
;TYPE:Inner wall
;WIDTH:0.45
G1 F1387
G1 X115.303 Y102.013 E.04314
G1 X117.292 Y104.002 E.09236
G1 X117.987 Y104.697 E.03227
G1 X117.221 Y105.463 E.0356
G1 X117.065 Y105.389 E.00568
G2 X114.854 Y102.919 I-2.203 J-.253 E.12293
G1 X114.434 Y102.939 E.01379
G1 E-1.75 F6000
;WIPE_START
G1 X115.118 Y102.21 E-.75
;WIPE_END
G1 X114.959 Y106.926 F18000
G1 E2.5 F6000
M204 P1000
;TYPE:Outer wall
;WIDTH:0.42
G1 F1387
G1 X114.879 Y106.931 E.00244
G3 X114.639 Y103.327 I0 J-1.81 E.16564
G1 X114.724 Y103.317 E.00259
G3 X115.119 Y106.915 I.155 J1.803 E.17033
G1 X115.019 Y106.922 E.00304
G1 X114.967 Y107.31 F18000
M204 P1500
;TYPE:Inner wall
;WIDTH:0.45
G1 F1387
G1 X115.147 Y107.307 E.0059
G1 X115.222 Y107.463 E.00568
G1 X107.302 Y115.382 E.36774
G2 X107.152 Y114.026 I-2.808 J-.376 E.04524
G2 X105.096 Y112.677 I-2.036 J.862 E.08562
G1 X104.616 Y112.7 E.01576
G1 X112.698 Y104.618 E.37528
G1 X112.676 Y105.121 E.01654
G2 X114.695 Y107.312 I2.218 J-.018 E.10725
G1 X114.907 Y107.311 E.00696
G1 E-1.75 F6000
;WIPE_START
G1 X115.147 Y107.307 E-.17986
G1 X115.222 Y107.463 E-.12978
G1 X114.806 Y107.878 E-.44036
;WIPE_END
G1 X115.365 Y107.308 F18000
G1 E2.5 F6000
M204 P2000
;TYPE:Gap infill
;WIDTH:0.286438
G1 F1387
G2 X115.775 Y107.035 I-8.104 J-12.63 E.00968
;WIDTH:0.242642
G1 X115.85 Y106.98 E.0015
;WIDTH:0.215464
G1 X115.919 Y106.929 E.00119
;WIDTH:0.182192
G1 X116.062 Y106.815 E.00206
;WIDTH:0.139589
G1 X116.451 Y106.443 E.0042
;WIDTH:0.157175
G1 X116.631 Y106.233 E.00255
;WIDTH:0.203441
G1 X116.738 Y106.093 E.00227
;WIDTH:0.242863
G1 X116.794 Y106.014 E.00156
;WIDTH:0.275127
G1 X116.845 Y105.941 E.00166
;WIDTH:0.292726
G1 X117.068 Y105.608 E.00808
G1 X117.052 Y105.6 F18000
;WIDTH:0.383256
G1 F1387
G3 X116.593 Y106.368 I-16.311 J-9.211 E.02457
G1 X116.131 Y106.83 F18000
;WIDTH:0.374044
G1 F1387
G3 X115.358 Y107.294 I-11.088 J-17.594 E.02408
G1 X113.312 Y108.879 F18000
;TYPE:Sparse infill
;WIDTH:0.45
G1 F1387
G1 X114.542 Y107.65 E.05709
G3 X112.356 Y105.453 I.465 J-2.648 E.10845
G1 X110.977 Y106.832 E.06404
G1 X113.168 Y109.023 E.10176
G1 X111.096 Y111.096 E.09623
G1 X108.904 Y108.904 E.10176
G1 X106.832 Y110.977 E.09623
G1 X109.023 Y113.168 E.10176
G1 X107.644 Y114.548 E.06405
G2 X105.72 Y112.403 I-2.546 J.348 E.10043
G1 X105.768 Y112.128 E.00915
G1 X105.693 Y112.115 E.00249
G1 X106.688 Y111.121 E.04617
G1 X105.356 Y112.46 F18000
;TYPE:Gap infill
;WIDTH:0.099259
G1 F1387
G1 X105.175 Y112.428 E.00083
G1 X104.588 Y112.921 F18000
;WIDTH:0.102803
G1 F1387
G1 X104.506 Y112.934 E.0004
;WIDTH:0.122298
G1 X104.419 Y112.952 E.00057
;WIDTH:0.149682
G1 X104.328 Y112.97 E.00081
;WIDTH:0.180682
G1 X104.244 Y112.991 E.00096
;WIDTH:0.216316
G2 X104.146 Y113.022 I-.009 J.141 E.00146
;WIDTH:0.21284
G1 X104.068 Y113.082 E.00136
;WIDTH:0.187145
G1 X103.985 Y113.147 E.00122
;WIDTH:0.144303
G1 X103.673 Y113.428 E.00344
G1 X103.425 Y113.698 E.003
;WIDTH:0.185907
G1 X103.298 Y113.859 E.00236
;WIDTH:0.20941
G1 X103.181 Y114.019 E.00266
G1 X103.183 Y114.274 F18000
;WIDTH:0.136832
G1 F1387
G1 X103.221 Y114.1 E.00134
;WIDTH:0.166609
G3 X103.324 Y113.715 I13.747 J3.452 E.00398
G1 X102.455 Y115.149 F18000
;WIDTH:0.21059
G1 F1387
G1 X102.903 Y115.889 E.0117
G1 X102.912 Y115.883 F18000
;WIDTH:0.114354
G1 F1387
G3 X102.434 Y115.17 I15.927 J-11.203 E.00495
G1 X102.843 Y115.846 F18000
;WIDTH:0.40304
G1 F1387
G3 X102.477 Y115.127 I23.232 J-12.3 E.02345
G1 X102.468 Y115.136 F18000
;WIDTH:0.321409
G1 F1387
G1 X102.886 Y115.889 E.01934
G1 X104.119 Y117.122 F18000
;WIDTH:0.334014
G1 F1387
G1 X104.865 Y117.531 E.01998
G1 X104.851 Y117.545 F18000
;WIDTH:0.21421
G1 F1387
G1 X104.111 Y117.097 E.01195
G1 X104.117 Y117.088 F18000
;WIDTH:0.117378
G1 F1387
G2 X104.83 Y117.566 I11.154 J-15.857 E.00516
G1 X105.092 Y117.304 F18000
;WIDTH:0.328841
G1 F1387
G1 X104.5 Y117.503 E.01441
G1 X104.51 Y117.513 F18000
;WIDTH:0.185516
G1 F1387
G1 X105.107 Y117.29 E.00733
G1 X106.373 Y116.588 F18000
;WIDTH:0.374042
G1 F1387
G3 X105.6 Y117.052 I-11.069 J-17.564 E.02408
G1 X105.608 Y117.068 F18000
;WIDTH:0.284964
G1 F1387
G2 X106.014 Y116.794 I-6.059 J-9.43 E.00957
;WIDTH:0.244272
G1 X106.087 Y116.743 E.00144
;WIDTH:0.204383
G1 X106.233 Y116.631 E.00241
;WIDTH:0.147934
G1 X106.568 Y116.331 E.0038
G1 X106.869 Y115.996 E.00381
;WIDTH:0.202529
G1 X106.98 Y115.851 E.00235
;WIDTH:0.21834
G2 X107.011 Y115.755 I-.112 J-.089 E.00147
;WIDTH:0.18314
G1 X107.031 Y115.673 E.00095
;WIDTH:0.152201
G1 X107.049 Y115.581 E.00083
;WIDTH:0.12442
G1 X107.067 Y115.494 E.00058
;WIDTH:0.103774
G1 X107.08 Y115.404 E.00045
G1 X113.042 Y103.996 F18000
;WIDTH:0.165785
G1 F1387
G1 X112.968 Y104.332 E.00341
;WIDTH:0.151367
G1 X112.951 Y104.419 E.00077
;WIDTH:0.12387
G1 X112.92 Y104.596 E.00117
G1 X112.908 Y104.308 F18000
;WIDTH:0.228836
G1 F1387
G1 X113.015 Y104.155 E.0028
;WIDTH:0.20438
G1 X113.127 Y104.009 E.00241
;WIDTH:0.148137
G1 X113.433 Y103.668 E.00388
G1 X113.767 Y103.369 E.0038
;WIDTH:0.199875
G1 X113.887 Y103.276 E.00192
;WIDTH:0.22658
G1 X114.062 Y103.153 E.00317
G1 X114.346 Y103.163 F18000
;WIDTH:0.102797
G1 F1387
G1 X114.264 Y103.176 E.0004
;WIDTH:0.122457
G1 X114.176 Y103.194 E.00058
;WIDTH:0.157301
G2 X113.751 Y103.288 I1.742 J8.893 E.00402
G1 X115.852 Y102.849 F18000
;WIDTH:0.396076
G1 F1387
G2 X115.127 Y102.477 I-8.974 J16.598 E.02321
G1 X115.172 Y102.432 F18000
;WIDTH:0.112822
G1 F1387
G3 X115.883 Y102.912 I-12.218 J18.877 E.00484
G1 X115.887 Y102.907 F18000
;WIDTH:0.17906
G1 F1387
G1 X115.154 Y102.449 E.00948
G1 X115.141 Y102.463 F18000
;WIDTH:0.267097
G1 F1387
G1 X115.894 Y102.897 E.01571
G1 X117.114 Y104.111 F18000
;WIDTH:0.326655
G1 F1387
G1 X117.532 Y104.864 E.0197
G1 X117.523 Y104.873 F18000
;WIDTH:0.410191
G1 F1387
G2 X117.157 Y104.154 I-23.711 J11.637 E.02391
G1 X117.566 Y104.83 F18000
;WIDTH:0.116881
G1 F1387
G2 X117.088 Y104.117 I-16.603 J10.623 E.00512
G1 X117.097 Y104.111 F18000
;WIDTH:0.214205
G1 F1387
G1 X117.545 Y104.851 E.01195
; stop printing object Block.stl id:105326592607568 copy 0
;LAYER_CHANGE
;Z:6.64
;HEIGHT:0.2
G92 E0 ; zero the extruded length again
; BEFORE_LAYER_CHANGE 32 @ 6.64mm
G1 E-1.75 F6000
;WIPE_START
G1 X117.097 Y104.111 E-.75
;WIPE_END
; AFTER_LAYER_CHANGE 32 @ 6.64mm
;_SET_FAN_SPEED_CHANGING_LAYER
; printing object Block.stl id:105326592607568 copy 0
G1 X101.458 Y115.303 Z6.64 F18000
G1 E2.5 F6000
M204 P1000
;TYPE:Outer wall
;WIDTH:0.42
G1 F1379
G1 X115.303 Y101.458 E.5955
G1 X117.534 Y103.689 E.09596
G1 X118.542 Y104.697 E.04334
G1 X104.697 Y118.542 E.5955
G1 X101.501 Y115.346 E.13747
G1 E-1.75 F6000
;WIPE_START
G1 F3600
G1 X102.206 Y114.636 E-.75
;WIPE_END
G1 X105.389 Y117.065 F18000
G1 E2.5 F6000
M204 P1500
;TYPE:Inner wall
;WIDTH:0.45
G1 F1379
G1 X105.463 Y117.221 E.00568
G1 X104.697 Y117.987 E.0356
G1 X102.013 Y115.303 E.12463
G1 X102.94 Y114.376 E.04307
G1 X102.918 Y114.882 E.01665
G2 X105.329 Y117.071 I2.221 J-.025 E.11998
G1 E-1.75 F6000
;WIPE_START
G1 X105.463 Y117.221 E-.15114
G1 X104.899 Y117.785 E-.59886
;WIPE_END
G1 X106.915 Y114.672 F18000
G1 E2.5 F6000
M204 P1000
;TYPE:Outer wall
;WIDTH:0.42
G1 F1379
G1 X106.924 Y114.72 E.00147
G3 X104.881 Y113.085 I-1.803 J.159 E.25694
G1 X104.966 Y113.076 E.00259
G3 X106.846 Y114.332 I.155 J1.803 E.07427
G1 X106.903 Y114.614 E.00875
G1 E-1.75 F6000
;WIPE_START
G1 F3600
G1 X106.924 Y114.72 E-.08126
G1 X106.925 Y115.033 E-.23514
G1 X106.848 Y115.422 E-.29708
G1 X106.778 Y115.59 E-.13652
;WIPE_END
G1 X114.374 Y102.942 F18000
G1 E2.5 F6000
M204 P1500
;TYPE:Inner wall
;WIDTH:0.45
G1 F1379
G1 X115.303 Y102.013 E.04314
G1 X117.257 Y103.966 E.09072
G1 X117.987 Y104.697 E.03391
G1 X117.221 Y105.463 E.0356
G1 X117.065 Y105.389 E.00568
G2 X114.853 Y102.919 I-2.203 J-.253 E.12296
G1 X114.434 Y102.939 E.01377
G1 E-1.75 F6000
;WIPE_START
G1 X115.118 Y102.21 E-.75
;WIPE_END
G1 X114.936 Y106.923 F18000
G1 E2.5 F6000
M204 P1000
;TYPE:Outer wall
;WIDTH:0.42
G1 F1379
G1 X114.721 Y106.923 E.00651
G3 X114.639 Y103.327 I.157 J-1.803 E.16081
G1 X114.724 Y103.317 E.00259
G3 X115.06 Y106.921 I.155 J1.803 E.17208
G1 X114.996 Y106.922 E.00196
G1 X114.956 Y107.32 F18000
M204 P1500
;TYPE:Inner wall
;WIDTH:0.45
G1 F1379
G1 X115.387 Y107.297 E.01415
G1 X107.463 Y115.222 E.36795
G1 X107.307 Y115.147 E.00568
G2 X105.095 Y112.677 I-2.196 J-.259 E.12308
G1 X104.616 Y112.7 E.01574
G1 X112.698 Y104.618 E.37528
G1 X112.676 Y105.124 E.01665
G2 X114.882 Y107.324 I2.224 J-.024 E.11332
G1 X114.897 Y107.323 E.00047
G1 E-1.75 F6000
;WIPE_START
G1 X115.387 Y107.297 E-.36827
G1 X115.027 Y107.657 E-.38173
;WIPE_END
G1 X115.427 Y107.075 F18000
G1 E2.5 F6000
M204 P2000
;TYPE:Gap infill
;WIDTH:0.119957
G1 F1379
G1 X115.58 Y107.046 E.00097
;WIDTH:0.144552
G1 X115.667 Y107.029 E.00073
;WIDTH:0.175565
G1 X115.759 Y107.006 E.00102
;WIDTH:0.210914
G1 X115.847 Y106.984 E.00122
;WIDTH:0.213969
G1 X115.933 Y106.917 E.0015
;WIDTH:0.18771
G1 X116.011 Y106.856 E.00116
;WIDTH:0.144303
G1 X116.327 Y106.572 E.00348
G1 X116.57 Y106.308 E.00293
;WIDTH:0.180255
G1 X116.68 Y106.171 E.00195
;WIDTH:0.214028
G1 X116.743 Y106.087 E.00145
;WIDTH:0.244659
G1 X116.796 Y106.012 E.0015
;WIDTH:0.275616
G1 X116.845 Y105.941 E.00162
;WIDTH:0.29273
G1 X117.068 Y105.608 E.00808
G1 X117.051 Y105.6 F18000
;WIDTH:0.383288
G1 F1379
G3 X116.593 Y106.368 I-16.269 J-9.185 E.02457
G1 X117.552 Y104.844 F18000
;WIDTH:0.16792
G1 F1379
G1 X117.093 Y104.114 E.0087
G1 X117.088 Y104.117 F18000
;WIDTH:0.113535
G1 F1379
G3 X117.57 Y104.827 I-21.6 J15.169 E.00488
G1 X117.151 Y104.148 F18000
;WIDTH:0.406514
G1 F1379
G3 X117.523 Y104.873 I-16.545 J8.947 E.02389
G1 X117.537 Y104.859 F18000
;WIDTH:0.271079
G1 F1379
G1 X117.103 Y104.106 E.01599
G1 X115.895 Y102.895 F18000
;WIDTH:0.272689
G1 F1379
G1 X115.139 Y102.465 E.01612
G1 X115.151 Y102.452 F18000
;WIDTH:0.206201
G1 F1379
G1 X115.888 Y102.905 E.01138
G1 X115.883 Y102.912 F18000
;WIDTH:0.114358
G1 F1379
G2 X115.17 Y102.434 I-11.207 J15.933 E.00495
G1 X115.127 Y102.477 F18000
;WIDTH:0.396071
G1 F1379
G3 X115.852 Y102.849 I-8.223 J16.919 E.02321
G1 X113.75 Y103.288 F18000
;WIDTH:0.157218
G1 F1379
G3 X114.176 Y103.194 I2.154 J8.726 E.00402
;WIDTH:0.122377
G1 X114.264 Y103.176 E.00057
;WIDTH:0.102758
G1 X114.346 Y103.163 E.0004
G1 X114.061 Y103.153 F18000
;WIDTH:0.226448
G1 F1379
G1 X113.886 Y103.277 E.00317
;WIDTH:0.199759
G1 X113.767 Y103.369 E.00191
;WIDTH:0.157083
G1 X113.557 Y103.549 E.00254
;WIDTH:0.140928
G1 X113.169 Y103.958 E.00446
;WIDTH:0.184027
G1 X113.075 Y104.076 E.00172
;WIDTH:0.220464
G1 X112.908 Y104.308 E.00409
G1 X112.92 Y104.594 F18000
;WIDTH:0.122586
G1 F1379
G1 X112.948 Y104.433 E.00105
;WIDTH:0.149019
G1 X112.967 Y104.335 E.00085
;WIDTH:0.164776
G1 X113.041 Y103.997 E.0034
G1 X113.312 Y108.879 F18000
;TYPE:Sparse infill
;WIDTH:0.45
G1 F1379
G1 X114.547 Y107.645 E.05733
G3 X112.353 Y105.455 I.39 J-2.584 E.10893
G1 X110.977 Y106.832 E.06393
G1 X113.168 Y109.023 E.10176
G1 X111.096 Y111.096 E.09623
G1 X108.904 Y108.904 E.10176
G1 X106.832 Y110.977 E.09623
G1 X109.023 Y113.168 E.10176
G1 X107.892 Y114.299 E.05252
G1 X107.603 Y114.313 E.0095
G2 X105.453 Y112.355 I-2.47 J.553 E.1017
G1 X106.688 Y111.121 E.05733
G1 X104.588 Y112.922 F18000
;TYPE:Gap infill
;WIDTH:0.102761
G1 F1379
G1 X104.506 Y112.934 E.0004
;WIDTH:0.122205
G1 X104.42 Y112.952 E.00057
;WIDTH:0.149574
G1 X104.328 Y112.97 E.00081
;WIDTH:0.180578
G1 X104.244 Y112.991 E.00096
;WIDTH:0.215925
G2 X104.149 Y113.02 I-.011 J.135 E.00142
;WIDTH:0.202145
G1 X104.002 Y113.133 E.00238
;WIDTH:0.147913
G1 X103.671 Y113.43 E.00377
G1 X103.369 Y113.767 E.00383
;WIDTH:0.204379
G1 X103.257 Y113.913 E.00241
;WIDTH:0.228834
G1 X103.15 Y114.066 E.0028
G1 X103.161 Y114.352 F18000
;WIDTH:0.124379
G1 F1379
G1 X103.193 Y114.176 E.00117
;WIDTH:0.151575
G1 X103.21 Y114.09 E.00076
;WIDTH:0.165779
G1 X103.284 Y113.754 E.00341
G1 X102.455 Y115.149 F18000
;WIDTH:0.210584
G1 F1379
G1 X102.904 Y115.889 E.01171
G1 X102.912 Y115.883 F18000
;WIDTH:0.112689
G1 F1379
G3 X102.432 Y115.172 I14.559 J-10.343 E.00483
G1 X102.843 Y115.846 F18000
;WIDTH:0.402988
G1 F1379
G3 X102.477 Y115.127 I23.29 J-12.33 E.02344
G1 X102.468 Y115.136 F18000
;WIDTH:0.321405
G1 F1379
G1 X102.886 Y115.889 E.01934
G1 X104.105 Y117.105 F18000
;WIDTH:0.276853
G1 F1379
G1 X104.861 Y117.535 E.01641
G1 X104.849 Y117.548 F18000
;WIDTH:0.208769
G1 F1379
G1 X104.112 Y117.095 E.01156
G1 X104.117 Y117.088 F18000
;WIDTH:0.117368
G1 F1379
G2 X104.83 Y117.566 I11.204 J-15.929 E.00515
G1 X104.873 Y117.523 F18000
;WIDTH:0.406502
G1 F1379
G3 X104.148 Y117.151 I8.205 J-16.884 E.02389
G1 X106.373 Y116.588 F18000
;WIDTH:0.374053
G1 F1379
G3 X105.6 Y117.052 I-11.068 J-17.562 E.02408
G1 X105.608 Y117.068 F18000
;WIDTH:0.285279
G1 F1379
G2 X106.012 Y116.796 I-6.014 J-9.363 E.00952
;WIDTH:0.24573
G1 X106.082 Y116.746 E.00141
;WIDTH:0.215644
G1 X106.167 Y116.683 E.00147
;WIDTH:0.181391
G1 X106.304 Y116.573 E.00196
;WIDTH:0.142094
G1 X106.569 Y116.33 E.00288
G1 X106.812 Y116.066 E.00287
;WIDTH:0.180261
G1 X106.922 Y115.929 E.00195
;WIDTH:0.214031
G1 X106.985 Y115.845 E.00145
;WIDTH:0.244659
G1 X107.038 Y115.77 E.0015
;WIDTH:0.275615
G1 X107.087 Y115.699 E.00162
;WIDTH:0.292728
G1 X107.31 Y115.366 E.00808
G1 X107.293 Y115.358 F18000
;WIDTH:0.383287
G1 F1379
G3 X106.835 Y116.126 I-16.303 J-9.204 E.02457
G1 X107.568 Y114.829 F18000
;WIDTH:0.116641
G1 F1379
G1 X107.542 Y114.676 E.00092
; stop printing object Block.stl id:105326592607568 copy 0
;LAYER_CHANGE
;Z:6.84
;HEIGHT:0.2
G92 E0 ; zero the extruded length again
; BEFORE_LAYER_CHANGE 33 @ 6.84mm
G1 E-2.34529 F6000
;WIPE_START
G1 X107.568 Y114.829 E-.15471
;WIPE_END
; AFTER_LAYER_CHANGE 33 @ 6.84mm
;_SET_FAN_SPEED_CHANGING_LAYER
; printing object Block.stl id:105326592607568 copy 0
G1 X101.458 Y115.303 Z6.84 F18000
G1 E2.5 F6000
M204 P1000
;TYPE:Outer wall
;WIDTH:0.42
G1 F1353
G1 X115.303 Y101.458 E.5955
G1 X117.499 Y103.654 E.09443
G1 X118.542 Y104.697 E.04486
G1 X104.697 Y118.542 E.5955
G1 X101.501 Y115.346 E.13747
G1 E-1.75 F6000
;WIPE_START
G1 F3600
G1 X102.206 Y114.636 E-.75
;WIPE_END
G1 X105.624 Y117.06 F18000
G1 E2.5 F6000
M204 P1500
;TYPE:Inner wall
;WIDTH:0.45
G1 F1353
G1 X104.697 Y117.987 E.04307
G1 X102.013 Y115.303 E.12463
G1 X102.94 Y114.376 E.04307
G1 X102.918 Y114.882 E.01665
G2 X105.121 Y117.082 I2.208 J-.009 E.11343
G1 X105.564 Y117.062 E.01457
G1 E-1.75 F6000
;WIPE_START
G1 X104.88 Y117.792 E-.75
;WIPE_END
G1 X106.912 Y114.657 F18000
G1 E2.5 F6000
M204 P1000
;TYPE:Outer wall
;WIDTH:0.42
G1 F1353
G1 X106.931 Y114.879 E.00677
G3 X104.729 Y113.112 I-1.809 J-.002 E.24714
G1 X104.887 Y113.084 E.00488
G3 X106.903 Y114.563 I.235 J1.793 E.08397
G1 X106.906 Y114.597 E.00105
G1 E-1.75 F6000
;WIPE_START
G1 F3600
G1 X106.931 Y114.879 E-.21194
G1 X106.904 Y115.193 E-.23664
G1 X106.792 Y115.575 E-.29812
G1 X106.79 Y115.579 E-.00329
;WIPE_END
G1 X114.363 Y102.953 F18000
G1 E2.5 F6000
M204 P1500
;TYPE:Inner wall
;WIDTH:0.45
G1 F1353
G1 X115.303 Y102.013 E.04365
G1 X117.222 Y103.931 E.08907
G1 X117.987 Y104.697 E.03556
G1 X117.06 Y105.624 E.04307
G2 X116.917 Y104.283 I-2.831 J-.376 E.0447
G2 X114.844 Y102.919 I-2.042 J.845 E.08651
G1 X114.423 Y102.948 E.01386
G1 E-1.75 F6000
;WIPE_START
G1 X115.108 Y102.22 E-.75
;WIPE_END
G1 X114.939 Y106.926 F18000
G1 E2.5 F6000
M204 P1000
;TYPE:Outer wall
;WIDTH:0.42
G1 F1353
G1 X114.877 Y106.929 E.0019
G3 X114.487 Y103.354 I.004 J-1.809 E.16073
G1 X114.645 Y103.326 E.00488
G3 X115.193 Y106.902 I.235 J1.794 E.17048
G1 X114.999 Y106.92 E.00594
G1 X114.956 Y107.32 F18000
M204 P1500
;TYPE:Inner wall
;WIDTH:0.45
G1 F1353
G1 X115.382 Y107.302 E.014
G1 X107.302 Y115.382 E.37521
G2 X107.114 Y113.941 I-2.761 J-.373 E.04827
G2 X105.086 Y112.677 I-1.999 J.948 E.08289
G1 X104.605 Y112.711 E.01583
G1 X112.698 Y104.618 E.37579
G1 X112.676 Y105.121 E.01654
G2 X114.873 Y107.324 I2.224 J-.021 E.11314
G1 X114.896 Y107.323 E.00075
G1 E-1.75 F6000
;WIPE_START
G1 X115.382 Y107.302 E-.36489
G1 X115.019 Y107.665 E-.38511
;WIPE_END
G1 X115.407 Y107.081 F18000
G1 E2.5 F6000
M204 P2000
;TYPE:Gap infill
;WIDTH:0.133989
G1 F1353
G1 X115.574 Y107.052 E.00124
;WIDTH:0.150657
G1 X115.674 Y107.03 E.00089
;WIDTH:0.183967
G1 X115.758 Y107.01 E.00097
;WIDTH:0.216504
G1 X115.836 Y106.991 E.00114
;WIDTH:0.230605
G1 X115.845 Y106.985 E.00015
;WIDTH:0.204383
G1 X115.991 Y106.873 E.00241
;WIDTH:0.144216
G1 X116.451 Y106.443 E.00514
;WIDTH:0.157175
G1 X116.631 Y106.233 E.00255
;WIDTH:0.203438
G1 X116.738 Y106.093 E.00227
;WIDTH:0.218337
G2 X116.769 Y105.997 I-.112 J-.089 E.00147
;WIDTH:0.183131
G1 X116.789 Y105.915 E.00095
;WIDTH:0.152617
G1 X116.807 Y105.826 E.00081
;WIDTH:0.125689
G1 X116.824 Y105.741 E.00057
;WIDTH:0.104665
G1 X116.839 Y105.65 E.00046
G1 X117.564 Y104.832 F18000
;WIDTH:0.120268
G1 F1353
G2 X117.088 Y104.117 I-13.897 J8.738 E.00536
G1 X117.1 Y104.109 F18000
;WIDTH:0.249754
G1 F1353
G1 X117.541 Y104.856 E.01447
G1 X117.523 Y104.873 F18000
;WIDTH:0.40443
G1 F1353
G2 X117.148 Y104.145 I-15.362 J7.453 E.02388
G1 X115.894 Y102.897 F18000
;WIDTH:0.267197
G1 F1353
G1 X115.141 Y102.463 E.01572
G1 X115.154 Y102.449 F18000
;WIDTH:0.179846
G1 F1353
G1 X115.887 Y102.907 E.00953
G1 X115.883 Y102.912 F18000
;WIDTH:0.112898
G1 F1353
G2 X115.172 Y102.432 I-12.764 J18.16 E.00484
G1 X115.127 Y102.477 F18000
;WIDTH:0.396057
G1 F1353
G3 X115.852 Y102.849 I-8.216 J16.905 E.02321
G1 X114.289 Y103.178 F18000
;WIDTH:0.121323
G1 F1353
G1 X114.089 Y103.22 E.00129
;WIDTH:0.162477
G1 X114.002 Y103.243 E.00087
;WIDTH:0.19779
G1 X113.893 Y103.272 E.00141
G1 X113.736 Y103.394 E.00248
;WIDTH:0.145251
G1 X113.431 Y103.67 E.0034
G1 X113.164 Y103.964 E.00328
;WIDTH:0.182522
G1 X113.093 Y104.054 E.00129
;WIDTH:0.216076
G1 X112.908 Y104.308 E.00439
G1 X112.92 Y104.595 F18000
;WIDTH:0.122167
G1 F1353
G1 X112.948 Y104.436 E.00103
;WIDTH:0.148522
G1 X112.967 Y104.335 E.00088
;WIDTH:0.164756
G1 X113.041 Y103.997 E.0034
G1 X113.312 Y108.879 F18000
;TYPE:Sparse infill
;WIDTH:0.45
G1 F1353
G1 X114.543 Y107.648 E.05716
G3 X112.356 Y105.453 I.399 J-2.585 E.10891
G1 X110.977 Y106.832 E.06404
G1 X113.168 Y109.023 E.10176
G1 X111.096 Y111.096 E.09623
G1 X108.904 Y108.904 E.10176
G1 X106.832 Y110.977 E.09623
G1 X109.023 Y113.168 E.10176
G1 X107.644 Y114.548 E.06405
G2 X105.719 Y112.403 I-2.671 J.46 E.09977
G1 X105.767 Y112.128 E.00916
G1 X105.693 Y112.115 E.00245
G1 X106.688 Y111.121 E.04617
G1 X105.356 Y112.46 F18000
;TYPE:Gap infill
;WIDTH:0.0992917
G1 F1353
G1 X105.175 Y112.428 E.00083
G1 X104.53 Y112.936 F18000
;WIDTH:0.121321
G1 F1353
G1 X104.331 Y112.978 E.00129
;WIDTH:0.162473
G1 X104.244 Y113.001 E.00087
;WIDTH:0.197789
G1 X104.135 Y113.03 E.00141
G1 X103.978 Y113.152 E.00248
;WIDTH:0.145252
G1 X103.673 Y113.428 E.0034
G1 X103.406 Y113.722 E.00328
;WIDTH:0.182522
G1 X103.335 Y113.812 E.00129
;WIDTH:0.213609
G1 X103.251 Y113.922 E.0019
;WIDTH:0.215953
G1 X103.231 Y114.003 E.00117
;WIDTH:0.182076
G1 X103.21 Y114.09 E.00101
;WIDTH:0.151567
G1 X103.193 Y114.176 E.00076
;WIDTH:0.124365
G1 X103.161 Y114.352 E.00117
G1 X102.703 Y114.901 F18000
;WIDTH:0.266438
G1 F1353
G1 X102.493 Y115.496 E.01138
G1 X102.432 Y115.172 F18000
;WIDTH:0.112644
G1 F1353
G2 X102.912 Y115.883 I15.017 J-9.618 E.00483
G1 X102.904 Y115.889 F18000
;WIDTH:0.210573
G1 F1353
G1 X102.455 Y115.149 E.01171
G1 X102.47 Y115.134 F18000
;WIDTH:0.33068
G1 F1353
G1 X102.872 Y115.875 E.01958
G1 X104.119 Y117.122 F18000
;WIDTH:0.334019
G1 F1353
G1 X104.865 Y117.531 E.01998
G1 X104.851 Y117.545 F18000
;WIDTH:0.214206
G1 F1353
G1 X104.111 Y117.096 E.01196
G1 X104.117 Y117.088 F18000
;WIDTH:0.114092
G1 F1353
G2 X104.827 Y117.569 I9.564 J-13.36 E.00493
G1 X105.091 Y117.305 F18000
;WIDTH:0.335083
G1 F1353
G1 X104.499 Y117.502 E.01469
G1 X104.509 Y117.512 F18000
;WIDTH:0.210288
G1 F1353
G1 X105.105 Y117.291 E.00859
G1 X105.643 Y116.838 F18000
;WIDTH:0.123136
G1 F1353
G1 X105.821 Y116.808 E.00116
;WIDTH:0.151034
G1 X105.91 Y116.79 E.00079
;WIDTH:0.182072
G1 X105.997 Y116.769 E.00101
;WIDTH:0.215954
G1 X106.078 Y116.749 E.00117
;WIDTH:0.215198
G1 X106.177 Y116.673 E.00173
;WIDTH:0.186482
G1 X106.259 Y116.61 E.00119
;WIDTH:0.147079
G1 X106.567 Y116.332 E.00349
G1 X106.869 Y115.996 E.00379
;WIDTH:0.202524
G1 X106.98 Y115.851 E.00235
;WIDTH:0.23047
G1 X107.092 Y115.692 E.00294
G1 X107.081 Y115.407 F18000
;WIDTH:0.115789
G1 F1353
G1 X107.051 Y115.577 E.00101
;WIDTH:0.160042
G3 X106.955 Y116.006 I-13.184 J-2.721 E.00416
; stop printing object Block.stl id:105326592607568 copy 0
;LAYER_CHANGE
;Z:7.04
;HEIGHT:0.2
G92 E0 ; zero the extruded length again
; BEFORE_LAYER_CHANGE 34 @ 7.04mm
G1 E-2.05975 F6000
;WIPE_START
G1 X107.051 Y115.577 E-.44025
;WIPE_END
; AFTER_LAYER_CHANGE 34 @ 7.04mm
;_SET_FAN_SPEED_CHANGING_LAYER
; printing object Block.stl id:105326592607568 copy 0
G1 X101.458 Y115.303 Z7.04 F18000
G1 E2.5 F6000
M204 P1000
;TYPE:Outer wall
;WIDTH:0.42
G1 F1344
G1 X115.303 Y101.458 E.5955
G1 X117.464 Y103.618 E.09291
G1 X118.542 Y104.697 E.04638
G1 X104.697 Y118.542 E.5955
G1 X101.501 Y115.346 E.13747
G1 E-1.75 F6000
;WIPE_START
G1 F3600
G1 X102.206 Y114.636 E-.75
;WIPE_END
G1 X105.624 Y117.06 F18000
G1 E2.5 F6000
M204 P1500
;TYPE:Inner wall
;WIDTH:0.45
G1 F1344
G1 X104.697 Y117.987 E.04307
G1 X102.013 Y115.303 E.12463
G1 X102.94 Y114.376 E.04307
G1 X102.918 Y114.882 E.01665
G2 X105.115 Y117.082 I2.224 J-.024 E.11303
G1 X105.564 Y117.062 E.01476
G1 E-1.75 F6000
;WIPE_START
G1 X104.88 Y117.792 E-.75
;WIPE_END
G1 X106.911 Y114.653 F18000
G1 E2.5 F6000
M204 P1000
;TYPE:Outer wall
;WIDTH:0.42
G1 F1344
G1 X106.931 Y114.879 E.00691
G3 X104.729 Y113.112 I-1.809 J-.002 E.24714
G1 X104.887 Y113.084 E.00488
G3 X106.903 Y114.565 I.235 J1.793 E.08402
G1 X106.906 Y114.593 E.00087
G1 E-1.75 F6000
;WIPE_START
G1 F3600
G1 X106.931 Y114.879 E-.21528
G1 X106.894 Y115.243 E-.27432
G1 X106.793 Y115.572 E-.25793
G1 X106.792 Y115.575 E-.00247
;WIPE_END
G1 X114.363 Y102.953 F18000
G1 E2.5 F6000
M204 P1500
;TYPE:Inner wall
;WIDTH:0.45
G1 F1344
G1 X115.303 Y102.013 E.04365
G1 X117.186 Y103.896 E.08743
G1 X117.987 Y104.697 E.0372
G1 X117.06 Y105.624 E.04307
G2 X116.913 Y104.275 I-2.824 J-.375 E.045
G2 X114.843 Y102.919 I-2.04 J.855 E.08622
G1 X114.423 Y102.948 E.01383
G1 E-1.75 F6000
;WIPE_START
G1 X115.108 Y102.22 E-.75
;WIPE_END
G1 X114.93 Y106.926 F18000
G1 E2.5 F6000
M204 P1000
;TYPE:Outer wall
;WIDTH:0.42
G1 F1344
G1 X114.879 Y106.923 E.00155
G3 X114.487 Y103.354 I.001 J-1.806 E.16054
G1 X114.645 Y103.326 E.00488
G3 X115.22 Y106.891 I.234 J1.791 E.16932
G1 X114.989 Y106.919 E.00706
G1 X114.947 Y107.321 F18000
M204 P1500
;TYPE:Inner wall
;WIDTH:0.45
G1 F1344
G1 X115.382 Y107.302 E.0143
G1 X107.302 Y115.382 E.37521
G2 X107.156 Y114.036 I-2.824 J-.375 E.04489
G2 X105.085 Y112.677 I-2.042 J.853 E.08633
G1 X104.605 Y112.711 E.0158
G1 X112.698 Y104.618 E.37579
G1 X112.676 Y105.121 E.01654
G2 X114.879 Y107.324 I2.208 J-.005 E.11353
G1 X114.887 Y107.323 E.00027
G1 E-1.75 F6000
;WIPE_START
G1 X115.382 Y107.302 E-.37174
G1 X115.026 Y107.658 E-.37826
;WIPE_END
G1 X115.402 Y107.08 F18000
G1 E2.5 F6000
M204 P2000
;TYPE:Gap infill
;WIDTH:0.123144
G1 F1344
G1 X115.579 Y107.05 E.00116
;WIDTH:0.151035
G1 X115.668 Y107.032 E.00079
;WIDTH:0.182069
G1 X115.755 Y107.011 E.00101
;WIDTH:0.21595
G1 X115.837 Y106.991 E.00117
;WIDTH:0.230598
G1 X115.845 Y106.985 E.00015
;WIDTH:0.204378
G1 X115.991 Y106.873 E.00241
;WIDTH:0.146303
G1 X116.332 Y106.567 E.00381
G1 X116.591 Y106.283 E.00321
;WIDTH:0.181841
G1 X116.665 Y106.188 E.00135
;WIDTH:0.210584
G1 X116.735 Y106.098 E.00154
;WIDTH:0.218688
G2 X116.769 Y105.997 I-.119 J-.096 E.00154
;WIDTH:0.18313
G1 X116.789 Y105.915 E.00095
;WIDTH:0.152
G1 X116.808 Y105.822 E.00084
;WIDTH:0.123844
G1 X116.825 Y105.734 E.00059
;WIDTH:0.103374
G1 X116.838 Y105.645 E.00044
G1 X117.151 Y104.148 F18000
;WIDTH:0.40651
G1 F1344
G3 X117.523 Y104.873 I-16.566 J8.958 E.02389
G1 X117.568 Y104.828 F18000
;WIDTH:0.115428
G1 F1344
G2 X117.088 Y104.117 I-14.805 J9.47 E.00502
G1 X117.095 Y104.112 F18000
;WIDTH:0.208768
G1 F1344
G1 X117.548 Y104.849 E.01157
G1 X117.536 Y104.861 F18000
;WIDTH:0.276854
G1 F1344
G1 X117.105 Y104.105 E.01641
G1 X115.857 Y102.854 F18000
;WIDTH:0.390115
G1 F1344
G2 X115.127 Y102.477 I-7.714 J14.038 E.02301
G1 X115.146 Y102.458 F18000
;WIDTH:0.230411
G1 F1344
G1 X115.891 Y102.901 E.01311
G1 X115.883 Y102.912 F18000
;WIDTH:0.115657
G1 F1344
G2 X115.169 Y102.435 I-10.083 J14.323 E.00504
G1 X114.288 Y103.178 F18000
;WIDTH:0.121681
G1 F1344
G1 X114.086 Y103.221 E.00131
;WIDTH:0.165539
G1 X113.99 Y103.247 E.00099
;WIDTH:0.205218
G2 X113.879 Y103.282 I-.008 J.164 E.00156
;WIDTH:0.202964
G1 X113.789 Y103.353 E.00147
;WIDTH:0.175615
G1 X113.695 Y103.428 E.00129
;WIDTH:0.145494
G1 X113.428 Y103.673 E.003
G1 X113.127 Y104.009 E.00373
;WIDTH:0.204383
G1 X113.015 Y104.155 E.00241
;WIDTH:0.230603
G1 X113.009 Y104.164 E.00015
;WIDTH:0.215955
G1 X112.989 Y104.245 E.00117
;WIDTH:0.182077
G1 X112.968 Y104.332 E.00101
;WIDTH:0.151168
G1 X112.95 Y104.42 E.00078
;WIDTH:0.123429
G1 X112.92 Y104.597 E.00117
G1 X112.432 Y105.171 F18000
;WIDTH:0.0969193
G1 F1344
G1 X112.458 Y105.324 E.00067
G1 X111.121 Y106.688 F18000
;TYPE:Sparse infill
;WIDTH:0.45
G1 F1344
G1 X112.116 Y105.692 E.04623
G1 X112.123 Y105.732 E.00133
G1 X112.397 Y105.687 E.00911
G2 X114.551 Y107.641 I2.531 J-.626 E.10129
G1 X113.168 Y109.023 E.06421
G1 X110.977 Y106.832 E.10176
G1 X108.904 Y108.904 E.09623
G1 X111.096 Y111.096 E.10176
G1 X109.023 Y113.168 E.09623
G1 X106.832 Y110.977 E.10176
G1 X105.452 Y112.357 E.06408
G3 X107.604 Y114.313 I-.315 J2.508 E.10173
G1 X107.892 Y114.299 E.00949
G1 X108.879 Y113.312 E.04583
G1 X107.542 Y114.676 F18000
;TYPE:Gap infill
;WIDTH:0.116633
G1 F1344
G1 X107.568 Y114.829 E.00092
G1 X107.08 Y115.403 F18000
;WIDTH:0.103374
G1 F1344
G1 X107.067 Y115.492 E.00044
;WIDTH:0.123844
G1 X107.05 Y115.58 E.00059
;WIDTH:0.152
G1 X107.031 Y115.673 E.00084
;WIDTH:0.183129
G1 X107.011 Y115.755 E.00095
;WIDTH:0.218334
G3 X106.98 Y115.851 I-.142 J.008 E.00147
;WIDTH:0.202527
G1 X106.869 Y115.996 E.00235
;WIDTH:0.147935
G1 X106.57 Y116.329 E.00379
G1 X106.233 Y116.631 E.00383
;WIDTH:0.20438
G1 X106.087 Y116.743 E.00241
;WIDTH:0.230597
G1 X106.078 Y116.749 E.00015
;WIDTH:0.215951
G1 X105.997 Y116.769 E.00117
;WIDTH:0.182068
G1 X105.91 Y116.79 E.00101
;WIDTH:0.151035
G1 X105.821 Y116.808 E.00079
;WIDTH:0.123144
G1 X105.643 Y116.838 E.00116
G1 X105.098 Y117.298 F18000
;WIDTH:0.281174
G1 F1344
G1 X104.503 Y117.506 E.01211
G1 X104.83 Y117.567 F18000
;WIDTH:0.11737
G1 F1344
G3 X104.117 Y117.088 I10.625 J-16.598 E.00515
G1 X104.111 Y117.097 F18000
;WIDTH:0.214204
G1 F1344
G1 X104.851 Y117.545 E.01195
G1 X104.866 Y117.531 F18000
;WIDTH:0.337333
G1 F1344
G1 X104.122 Y117.125 E.02011
G1 X102.873 Y115.875 F18000
;WIDTH:0.330621
G1 F1344
G1 X102.47 Y115.134 E.01958
G1 X102.455 Y115.149 F18000
;WIDTH:0.210585
G1 F1344
G1 X102.903 Y115.889 E.0117
G1 X102.912 Y115.883 F18000
;WIDTH:0.114351
G1 F1344
G3 X102.434 Y115.17 I15.929 J-11.205 E.00495
G1 X102.493 Y115.496 F18000
;WIDTH:0.267297
G1 F1344
G1 X102.703 Y114.901 E.01142
G1 X103.284 Y113.754 F18000
;WIDTH:0.165774
G1 F1344
G1 X103.21 Y114.09 E.00341
;WIDTH:0.151168
G1 X103.192 Y114.178 E.00078
;WIDTH:0.123429
G1 X103.162 Y114.355 E.00117
G1 X103.15 Y114.066 F18000
;WIDTH:0.228835
G1 F1344
G1 X103.257 Y113.913 E.0028
;WIDTH:0.203844
G1 X103.372 Y113.763 E.00245
;WIDTH:0.147297
G1 X103.668 Y113.433 E.00374
G1 X103.977 Y113.152 E.00352
;WIDTH:0.197685
G1 X104.135 Y113.031 E.00248
G1 X104.244 Y113.001 E.00141
;WIDTH:0.162354
G1 X104.331 Y112.979 E.00087
;WIDTH:0.121267
G1 X104.53 Y112.936 E.00129
; stop printing object Block.stl id:105326592607568 copy 0
;LAYER_CHANGE
;Z:7.24
;HEIGHT:0.2
G92 E0 ; zero the extruded length again
; BEFORE_LAYER_CHANGE 35 @ 7.24mm
G1 E-2.29663 F6000
;WIPE_START
G1 X104.331 Y112.979 E-.20337
;WIPE_END
; AFTER_LAYER_CHANGE 35 @ 7.24mm
;_SET_FAN_SPEED_CHANGING_LAYER
; printing object Block.stl id:105326592607568 copy 0
G1 X101.458 Y115.303 Z7.24 F18000
G1 E2.5 F6000
M204 P1000
;TYPE:Outer wall
;WIDTH:0.42
G1 F1392
G1 X115.303 Y101.458 E.5955
G1 X117.428 Y103.583 E.09139
G1 X118.542 Y104.697 E.0479
G1 X104.697 Y118.542 E.5955
G1 X101.501 Y115.346 E.13747
G1 E-1.75 F6000
;WIPE_START
G1 F3600
G1 X102.206 Y114.636 E-.75
;WIPE_END
G1 X105.389 Y117.065 F18000
G1 E2.5 F6000
M204 P1500
;TYPE:Inner wall
;WIDTH:0.45
G1 F1392
G1 X105.463 Y117.221 E.00568
G1 X104.697 Y117.987 E.0356
G1 X102.013 Y115.303 E.12463
G1 X102.94 Y114.376 E.04307
G1 X102.918 Y114.883 E.01665
G2 X105.329 Y117.071 I2.206 J-.008 E.12025
G1 E-1.75 F6000
;WIPE_START
G1 X105.463 Y117.221 E-.15088
G1 X104.899 Y117.785 E-.59912
;WIPE_END
G1 X106.915 Y114.653 F18000
G1 E2.5 F6000
M204 P1000
;TYPE:Outer wall
;WIDTH:0.42
G1 F1392
G1 X106.921 Y115.039 E.01174
G3 X104.729 Y113.112 I-1.799 J-.164 E.24194
G1 X104.887 Y113.084 E.00488
G3 X106.906 Y114.594 I.234 J1.792 E.08487
G1 E-1.75 F6000
;WIPE_START
G1 F3600
G1 X106.921 Y115.039 E-.33413
G1 X106.848 Y115.422 E-.29239
G1 X106.785 Y115.574 E-.12349
;WIPE_END
G1 X114.363 Y102.953 F18000
G1 E2.5 F6000
M204 P1500
;TYPE:Inner wall
;WIDTH:0.45
G1 F1392
G1 X115.303 Y102.013 E.04366
G1 X117.151 Y103.86 E.08579
G1 X117.987 Y104.697 E.03884
G1 X117.06 Y105.624 E.04307
G2 X116.914 Y104.278 I-2.824 J-.375 E.04489
G2 X114.842 Y102.919 I-2.056 J.874 E.08624
G1 X114.423 Y102.949 E.01381
G1 E-1.75 F6000
;WIPE_START
G1 X115.108 Y102.22 E-.75
;WIPE_END
G1 X114.922 Y106.928 F18000
G1 E2.5 F6000
M204 P1000
;TYPE:Outer wall
;WIDTH:0.42
G1 F1392
G1 X114.879 Y106.929 E.00129
G3 X114.487 Y103.354 I.001 J-1.809 E.16081
G1 X114.645 Y103.326 E.00488
G3 X115.118 Y106.913 I.235 J1.794 E.17277
G1 X114.981 Y106.924 E.00418
G1 X114.947 Y107.319 F18000
M204 P1500
;TYPE:Inner wall
;WIDTH:0.45
G1 F1392
G1 X115.147 Y107.307 E.00658
G1 X115.222 Y107.463 E.00568
G1 X107.302 Y115.382 E.36774
G2 X107.156 Y114.036 I-2.824 J-.375 E.04489
G2 X105.084 Y112.677 I-2.062 J.884 E.08619
G1 X104.605 Y112.711 E.01578
G1 X112.698 Y104.618 E.3758
G1 X112.676 Y105.121 E.01654
G2 X114.879 Y107.32 I2.221 J-.022 E.11324
G1 X114.887 Y107.32 E.00025
G1 E-1.75 F6000
;WIPE_START
G1 X115.147 Y107.307 E-.19531
G1 X115.222 Y107.463 E-.12978
G1 X114.821 Y107.863 E-.42491
;WIPE_END
G1 X115.366 Y107.31 F18000
G1 E2.5 F6000
M204 P2000
;TYPE:Gap infill
;WIDTH:0.284965
G1 F1392
G2 X115.772 Y107.036 I-6.052 J-9.42 E.00957
;WIDTH:0.244265
G1 X115.845 Y106.985 E.00144
;WIDTH:0.204379
G1 X115.991 Y106.873 E.00241
;WIDTH:0.145412
G1 X116.261 Y106.636 E.00297
G1 X116.57 Y106.308 E.00372
;WIDTH:0.180262
G1 X116.68 Y106.171 E.00195
;WIDTH:0.225242
G1 X116.85 Y105.934 E.00429
G1 X117.291 Y105.105 F18000
;WIDTH:0.215405
G1 F1392
G1 X117.512 Y104.509 E.00885
G1 X117.502 Y104.499 F18000
;WIDTH:0.344805
G1 F1392
G1 X117.305 Y105.091 E.01518
G1 X117.566 Y104.83 F18000
;WIDTH:0.117372
G1 F1392
G2 X117.088 Y104.117 I-16.419 J10.5 E.00516
G1 X117.097 Y104.111 F18000
;WIDTH:0.214201
G1 F1392
G1 X117.545 Y104.851 E.01195
G1 X117.531 Y104.865 F18000
;WIDTH:0.333997
G1 F1392
G1 X117.122 Y104.119 E.01998
G1 X115.857 Y102.854 F18000
;WIDTH:0.390191
G1 F1392
G2 X115.127 Y102.477 I-7.72 J14.051 E.02302
G1 X115.146 Y102.458 F18000
;WIDTH:0.230841
G1 F1392
G1 X115.891 Y102.901 E.01314
G1 X115.883 Y102.912 F18000
;WIDTH:0.115671
G1 F1392
G2 X115.169 Y102.435 I-10.144 J14.411 E.00504
G1 X114.288 Y103.178 F18000
;WIDTH:0.121218
G1 F1392
G1 X114.089 Y103.221 E.00128
;WIDTH:0.162258
G1 X114.002 Y103.243 E.00087
;WIDTH:0.197591
G1 X113.892 Y103.273 E.00141
G1 X113.735 Y103.395 E.00249
;WIDTH:0.145247
G1 X113.431 Y103.67 E.00339
G1 X113.163 Y103.965 E.00329
;WIDTH:0.182762
G1 X113.093 Y104.055 E.00128
;WIDTH:0.216201
G1 X112.908 Y104.308 E.00438
G1 X112.92 Y104.594 F18000
;WIDTH:0.122184
G1 F1392
G1 X112.948 Y104.437 E.00102
;WIDTH:0.148382
G1 X112.967 Y104.335 E.00088
;WIDTH:0.164699
G1 X113.041 Y103.997 E.0034
G1 E-2.15411 F6000
;WIPE_START
G1 X112.967 Y104.335 E-.34589
;WIPE_END
G1 X116.131 Y106.83 F18000
G1 E2.5 F6000
;WIDTH:0.374054
G1 F1392
G3 X115.358 Y107.294 I-11.063 J-17.552 E.02409
G1 X113.312 Y108.879 F18000
;TYPE:Sparse infill
;WIDTH:0.45
G1 F1392
G1 X114.547 Y107.644 E.05736
G3 X112.358 Y105.45 I.301 J-2.49 E.10969
G1 X110.977 Y106.832 E.06414
G1 X113.168 Y109.023 E.10176
G1 X111.096 Y111.096 E.09623
G1 X108.904 Y108.904 E.10176
G1 X106.832 Y110.977 E.09623
G1 X109.023 Y113.168 E.10176
G1 X107.645 Y114.546 E.06398
G2 X105.452 Y112.357 I-2.51 J.322 E.10952
G1 X106.688 Y111.121 E.05739
G1 X104.53 Y112.936 F18000
;TYPE:Gap infill
;WIDTH:0.121216
G1 F1392
G1 X104.331 Y112.979 E.00128
;WIDTH:0.162254
G1 X104.244 Y113.001 E.00087
;WIDTH:0.19759
G1 X104.134 Y113.031 E.00141
G1 X103.977 Y113.153 E.00249
;WIDTH:0.144232
G1 X103.673 Y113.428 E.00335
G1 X103.425 Y113.698 E.003
;WIDTH:0.18727
G1 X103.291 Y113.867 E.00251
;WIDTH:0.212265
G1 X103.15 Y114.065 E.00332
G1 X103.162 Y114.352 F18000
;WIDTH:0.122711
G1 F1392
G1 X103.19 Y114.193 E.00104
;WIDTH:0.149272
G1 X103.21 Y114.089 E.00091
;WIDTH:0.166097
G1 X103.285 Y113.754 E.00342
G1 X102.703 Y114.901 F18000
;WIDTH:0.268156
G1 F1392
G1 X102.493 Y115.496 E.01147
G1 X102.433 Y115.17 F18000
;WIDTH:0.114352
G1 F1392
G2 X102.912 Y115.883 I16.599 J-10.625 E.00495
G1 X102.903 Y115.889 F18000
;WIDTH:0.210578
G1 F1392
G1 X102.455 Y115.149 E.0117
G1 X102.47 Y115.134 F18000
;WIDTH:0.330571
G1 F1392
G1 X102.873 Y115.875 E.01958
G1 X104.122 Y117.125 F18000
;WIDTH:0.337421
G1 F1392
G1 X104.866 Y117.53 E.02011
G1 X104.851 Y117.545 F18000
;WIDTH:0.214203
G1 F1392
G1 X104.111 Y117.097 E.01195
G1 X104.117 Y117.088 F18000
;WIDTH:0.117365
G1 F1392
G2 X104.83 Y117.567 I11.341 J-16.124 E.00515
G1 X104.503 Y117.506 F18000
;WIDTH:0.280358
G1 F1392
G1 X105.098 Y117.298 E.01207
G1 X106.373 Y116.588 F18000
;WIDTH:0.374043
G1 F1392
G3 X105.6 Y117.052 I-11.063 J-17.552 E.02409
G1 X105.608 Y117.068 F18000
;WIDTH:0.284961
G1 F1392
G2 X106.014 Y116.794 I-6.037 J-9.398 E.00957
;WIDTH:0.244266
G1 X106.087 Y116.743 E.00144
;WIDTH:0.205109
G1 X106.229 Y116.634 E.00234
;WIDTH:0.171417
G1 X106.309 Y116.569 E.00107
;WIDTH:0.145124
G1 X106.636 Y116.261 E.0037
G1 X106.869 Y115.996 E.00291
;WIDTH:0.202529
G1 X106.98 Y115.851 E.00235
;WIDTH:0.218339
G2 X107.011 Y115.755 I-.112 J-.089 E.00147
;WIDTH:0.183138
G1 X107.031 Y115.673 E.00095
;WIDTH:0.152004
G1 X107.05 Y115.58 E.00084
;WIDTH:0.123835
G1 X107.067 Y115.492 E.00059
;WIDTH:0.103365
G1 X107.08 Y115.403 E.00044
; stop printing object Block.stl id:105326592607568 copy 0
;LAYER_CHANGE
;Z:7.44
;HEIGHT:0.2
G92 E0 ; zero the extruded length again
; BEFORE_LAYER_CHANGE 36 @ 7.44mm
G1 E-2.41003 F6000
;WIPE_START
G1 X107.067 Y115.492 E-.08997
;WIPE_END
; AFTER_LAYER_CHANGE 36 @ 7.44mm
;_SET_FAN_SPEED_CHANGING_LAYER
; printing object Block.stl id:105326592607568 copy 0
G1 X101.458 Y115.303 Z7.44 F18000
G1 E2.5 F6000
M204 P1000
;TYPE:Outer wall
;WIDTH:0.42
G1 F1345
G1 X115.303 Y101.458 E.5955
G1 X117.393 Y103.548 E.08987
G1 X118.542 Y104.697 E.04942
G1 X104.697 Y118.542 E.5955
G1 X101.501 Y115.346 E.13747
G1 E-1.75 F6000
;WIPE_START
G1 F3600
G1 X102.206 Y114.636 E-.75
;WIPE_END
G1 X105.624 Y117.06 F18000
G1 E2.5 F6000
M204 P1500
;TYPE:Inner wall
;WIDTH:0.45
G1 F1345
G1 X104.697 Y117.987 E.04307
G1 X102.013 Y115.303 E.12463
G1 X102.94 Y114.376 E.04307
G1 X102.918 Y114.883 E.01666
G2 X105.115 Y117.082 I2.209 J-.009 E.11324
G1 X105.564 Y117.062 E.01475
G1 E-1.75 F6000
;WIPE_START
G1 X104.88 Y117.792 E-.75
;WIPE_END
G1 X106.911 Y114.644 F18000
G1 E2.5 F6000
M204 P1000
;TYPE:Outer wall
;WIDTH:0.42
G1 F1345
G1 X106.93 Y114.879 E.00717
G3 X104.729 Y113.112 I-1.808 J-.002 E.24707
G1 X104.887 Y113.084 E.00488
G3 X106.903 Y114.563 I.235 J1.793 E.08396
G1 X106.905 Y114.584 E.00064
G1 E-1.75 F6000
;WIPE_START
G1 F3600
G1 X106.93 Y114.879 E-.22184
G1 X106.904 Y115.193 E-.23661
G1 X106.87 Y115.348 E-.11843
G1 X106.786 Y115.563 E-.17312
;WIPE_END
G1 X114.363 Y102.953 F18000
G1 E2.5 F6000
M204 P1500
;TYPE:Inner wall
;WIDTH:0.45
G1 F1345
G1 X115.303 Y102.013 E.04366
G1 X117.116 Y103.825 E.08415
G1 X117.987 Y104.697 E.04048
G1 X117.06 Y105.624 E.04307
G2 X116.916 Y104.283 I-2.831 J-.376 E.04471
G2 X114.842 Y102.919 I-2.042 J.845 E.08658
G1 X114.423 Y102.949 E.01378
G1 E-1.75 F6000
;WIPE_START
G1 X115.108 Y102.22 E-.75
;WIPE_END
G1 X114.911 Y106.928 F18000
G1 E2.5 F6000
M204 P1000
;TYPE:Outer wall
;WIDTH:0.42
G1 F1345
G1 X114.877 Y106.929 E.00105
G3 X114.487 Y103.354 I.003 J-1.809 E.16074
G1 X114.645 Y103.326 E.00488
G3 X115.193 Y106.902 I.235 J1.794 E.17048
G1 X114.971 Y106.923 E.00679
G1 X114.928 Y107.322 F18000
M204 P1500
;TYPE:Inner wall
;WIDTH:0.45
G1 F1345
G1 X115.382 Y107.302 E.01493
G1 X107.302 Y115.382 E.37521
G2 X107.158 Y114.041 I-2.831 J-.376 E.04471
G2 X105.084 Y112.677 I-2.048 J.855 E.08653
G1 X104.605 Y112.711 E.01575
G1 X112.698 Y104.618 E.3758
G1 X112.676 Y105.121 E.01654
G2 X114.868 Y107.324 I2.208 J-.005 E.11318
G1 E-1.75 F6000
;WIPE_START
G1 X115.382 Y107.302 E-.38603
G1 X115.039 Y107.645 E-.36397
;WIPE_END
G1 X115.407 Y107.081 F18000
G1 E2.5 F6000
M204 P2000
;TYPE:Gap infill
;WIDTH:0.133989
G1 F1345
G1 X115.574 Y107.052 E.00124
;WIDTH:0.150661
G1 X115.674 Y107.03 E.00089
;WIDTH:0.183972
G1 X115.758 Y107.01 E.00097
;WIDTH:0.216505
G1 X115.836 Y106.991 E.00114
;WIDTH:0.215049
G1 X115.936 Y106.915 E.00174
;WIDTH:0.186115
G1 X116.018 Y106.851 E.0012
;WIDTH:0.144257
G1 X116.327 Y106.572 E.0034
G1 X116.57 Y106.308 E.00293
;WIDTH:0.180258
G1 X116.68 Y106.171 E.00195
;WIDTH:0.215731
G2 X116.769 Y105.997 I-.178 J-.201 E.00279
;WIDTH:0.183139
G1 X116.789 Y105.915 E.00095
;WIDTH:0.152398
G1 X116.807 Y105.824 E.00082
;WIDTH:0.125011
G1 X116.824 Y105.739 E.00058
;WIDTH:0.104189
G1 X116.839 Y105.648 E.00045
G1 X117.564 Y104.832 F18000
;WIDTH:0.120159
G1 F1345
G2 X117.088 Y104.117 I-14.03 J8.83 E.00535
G1 X117.1 Y104.109 F18000
;WIDTH:0.248393
G1 F1345
G1 X117.541 Y104.856 E.01437
G1 X117.523 Y104.873 F18000
;WIDTH:0.404271
G1 F1345
G2 X117.148 Y104.145 I-15.263 J7.404 E.02387
G1 X115.896 Y102.894 F18000
;WIDTH:0.290939
G1 F1345
G1 X115.138 Y102.466 E.01741
G1 X115.127 Y102.477 F18000
;WIDTH:0.39789
G1 F1345
G3 X115.85 Y102.847 I-8.665 J17.813 E.02327
G1 X115.17 Y102.433 F18000
;WIDTH:0.114352
G1 F1345
G3 X115.883 Y102.912 I-10.632 J16.608 E.00495
G1 X115.888 Y102.904 F18000
;WIDTH:0.208547
G1 F1345
G1 X115.15 Y102.454 E.01155
G1 X114.288 Y103.178 F18000
;WIDTH:0.121597
G1 F1345
G1 X114.086 Y103.221 E.00131
;WIDTH:0.165403
G1 X113.989 Y103.247 E.00099
;WIDTH:0.205235
G2 X113.878 Y103.283 I-.007 J.167 E.00157
;WIDTH:0.202631
G1 X113.789 Y103.354 E.00146
;WIDTH:0.175498
G1 X113.695 Y103.428 E.00128
;WIDTH:0.145491
G1 X113.364 Y103.739 E.00376
G1 X113.127 Y104.009 E.00297
;WIDTH:0.204383
G1 X113.015 Y104.155 E.00241
;WIDTH:0.230606
G1 X113.009 Y104.164 E.00015
;WIDTH:0.215959
G1 X112.989 Y104.245 E.00117
;WIDTH:0.18208
G1 X112.968 Y104.332 E.00101
;WIDTH:0.151559
G1 X112.951 Y104.418 E.00076
;WIDTH:0.124336
G1 X112.919 Y104.594 E.00117
G1 X113.312 Y108.879 F18000
;TYPE:Sparse infill
;WIDTH:0.45
G1 F1345
G1 X114.543 Y107.648 E.05716
G3 X112.356 Y105.453 I.331 J-2.517 E.10945
G1 X110.977 Y106.832 E.06403
G1 X113.168 Y109.023 E.10176
G1 X111.096 Y111.096 E.09623
G1 X108.904 Y108.904 E.10176
G1 X106.832 Y110.977 E.09623
G1 X109.023 Y113.168 E.10176
G1 X107.644 Y114.548 E.06406
G2 X105.686 Y112.396 I-2.495 J.303 E.10185
G1 X105.694 Y112.115 E.00924
G1 X106.688 Y111.121 E.04616
G1 X105.324 Y112.457 F18000
;TYPE:Gap infill
;WIDTH:0.0969211
G1 F1345
G1 X105.171 Y112.433 E.00067
G1 X104.53 Y112.936 F18000
;WIDTH:0.121164
G1 F1345
G1 X104.331 Y112.979 E.00128
;WIDTH:0.161908
G1 X104.245 Y113.001 E.00085
;WIDTH:0.199721
G1 X104.134 Y113.031 E.00145
G1 X104.004 Y113.131 E.00208
;WIDTH:0.147928
G1 X103.675 Y113.426 E.00375
G1 X103.369 Y113.767 E.00387
;WIDTH:0.204383
G1 X103.257 Y113.913 E.00241
;WIDTH:0.230605
G1 X103.251 Y113.922 E.00015
;WIDTH:0.215958
G1 X103.231 Y114.003 E.00117
;WIDTH:0.182078
G1 X103.21 Y114.09 E.00101
;WIDTH:0.151557
G1 X103.193 Y114.176 E.00076
;WIDTH:0.124336
G1 X103.161 Y114.352 E.00117
G1 X102.703 Y114.901 F18000
;WIDTH:0.269001
G1 F1345
G1 X102.493 Y115.496 E.01151
G1 X102.434 Y115.17 F18000
;WIDTH:0.11436
G1 F1345
G2 X102.912 Y115.883 I16.345 J-10.448 E.00495
G1 X102.903 Y115.889 F18000
;WIDTH:0.210584
G1 F1345
G1 X102.455 Y115.149 E.0117
G1 X102.47 Y115.134 F18000
;WIDTH:0.330543
G1 F1345
G1 X102.873 Y115.875 E.01958
G1 X104.123 Y117.125 F18000
;WIDTH:0.337495
G1 F1345
G1 X104.866 Y117.53 E.02011
G1 X104.851 Y117.545 F18000
;WIDTH:0.214206
G1 F1345
G1 X104.111 Y117.097 E.01195
G1 X104.117 Y117.088 F18000
;WIDTH:0.11737
G1 F1345
G2 X104.83 Y117.566 I11.206 J-15.931 E.00515
G1 X104.503 Y117.506 F18000
;WIDTH:0.279542
G1 F1345
G1 X105.098 Y117.298 E.01203
G1 X105.646 Y116.839 F18000
;WIDTH:0.123865
G1 F1345
G1 X105.823 Y116.807 E.00117
;WIDTH:0.151356
G1 X105.91 Y116.79 E.00077
;WIDTH:0.182074
G1 X105.997 Y116.769 E.00101
;WIDTH:0.215953
G1 X106.078 Y116.749 E.00117
;WIDTH:0.230604
G1 X106.087 Y116.743 E.00015
;WIDTH:0.204384
G1 X106.233 Y116.631 E.00241
;WIDTH:0.147934
G1 X106.568 Y116.331 E.00381
G1 X106.869 Y115.996 E.00381
;WIDTH:0.202526
G1 X106.98 Y115.851 E.00235
;WIDTH:0.230474
G1 X107.092 Y115.692 E.00294
G1 X107.081 Y115.407 F18000
;WIDTH:0.115791
G1 F1345
G1 X107.051 Y115.577 E.00101
;WIDTH:0.160047
G3 X106.955 Y116.006 I-13.108 J-2.705 E.00416
; stop printing object Block.stl id:105326592607568 copy 0
;LAYER_CHANGE
;Z:7.64
;HEIGHT:0.2
G92 E0 ; zero the extruded length again
; BEFORE_LAYER_CHANGE 37 @ 7.64mm
G1 E-2.05971 F6000
;WIPE_START
G1 X107.051 Y115.577 E-.44029
;WIPE_END
; AFTER_LAYER_CHANGE 37 @ 7.64mm
;_SET_FAN_SPEED_CHANGING_LAYER
; printing object Block.stl id:105326592607568 copy 0
G1 X101.458 Y115.303 Z7.64 F18000
G1 E2.5 F6000
M204 P1000
;TYPE:Outer wall
;WIDTH:0.42
G1 F1353
G1 X115.303 Y101.458 E.5955
G1 X117.357 Y103.512 E.08835
G1 X118.542 Y104.697 E.05094
G1 X104.697 Y118.542 E.5955
G1 X101.501 Y115.346 E.13747
G1 E-1.75 F6000
;WIPE_START
G1 F3600
G1 X102.206 Y114.636 E-.75
;WIPE_END
G1 X105.629 Y117.055 F18000
G1 E2.5 F6000
M204 P1500
;TYPE:Inner wall
;WIDTH:0.45
G1 F1353
G1 X104.697 Y117.987 E.04331
G1 X102.013 Y115.303 E.12463
G1 X102.948 Y114.368 E.04343
G1 X102.918 Y114.877 E.01675
G2 X105.126 Y117.082 I2.209 J-.004 E.11378
G1 X105.57 Y117.058 E.01457
G1 E-1.75 F6000
;WIPE_START
G1 X104.885 Y117.787 E-.75
;WIPE_END
G1 X106.91 Y114.638 F18000
G1 E2.5 F6000
M204 P1000
;TYPE:Outer wall
;WIDTH:0.42
G1 F1353
G1 X106.931 Y114.879 E.00735
G3 X104.729 Y113.112 I-1.809 J-.001 E.24725
G1 X104.887 Y113.084 E.00488
G3 X106.904 Y114.563 I.235 J1.794 E.08398
G1 X106.905 Y114.578 E.00047
G1 E-1.75 F6000
;WIPE_START
G1 F3600
G1 X106.931 Y114.879 E-.22632
G1 X106.895 Y115.241 E-.27276
G1 X106.797 Y115.561 E-.25092
;WIPE_END
G1 X114.363 Y102.953 F18000
G1 E2.5 F6000
M204 P1500
;TYPE:Inner wall
;WIDTH:0.45
G1 F1353
G1 X115.303 Y102.013 E.04366
G1 X117.08 Y103.79 E.08251
G1 X117.987 Y104.697 E.04212
G1 X117.06 Y105.624 E.04307
G2 X116.914 Y104.278 I-2.824 J-.375 E.04489
G2 X114.841 Y102.919 I-2.056 J.874 E.08629
G1 X114.423 Y102.949 E.01376
G1 E-1.75 F6000
;WIPE_START
G1 X115.108 Y102.22 E-.75
;WIPE_END
G1 X114.902 Y106.929 F18000
G1 E2.5 F6000
M204 P1000
;TYPE:Outer wall
;WIDTH:0.42
G1 F1353
G1 X114.881 Y106.929 E.00065
G3 X114.487 Y103.354 I-.001 J-1.809 E.16086
G1 X114.645 Y103.326 E.00488
G3 X115.268 Y106.887 I.235 J1.794 E.16815
G1 X114.962 Y106.922 E.00938
G1 X114.923 Y107.322 F18000
M204 P1500
;TYPE:Inner wall
;WIDTH:0.45
G1 F1353
G1 X115.387 Y107.297 E.01527
G1 X107.302 Y115.382 E.37545
G2 X107.1 Y113.914 I-2.741 J-.372 E.04927
G2 X105.083 Y112.677 I-1.979 J.964 E.08204
G1 X104.605 Y112.711 E.01573
G1 X112.698 Y104.618 E.3758
G1 X112.676 Y105.121 E.01654
G2 X114.863 Y107.324 I2.224 J-.021 E.1128
G1 E-1.75 F6000
;WIPE_START
G1 X115.387 Y107.297 E-.39376
G1 X115.052 Y107.632 E-.35624
;WIPE_END
G1 X115.43 Y107.074 F18000
G1 E2.5 F6000
M204 P2000
;TYPE:Gap infill
;WIDTH:0.119507
G1 F1353
G1 X115.58 Y107.046 E.00094
;WIDTH:0.143678
G1 X115.666 Y107.028 E.00072
;WIDTH:0.174374
G1 X115.758 Y107.005 E.001
;WIDTH:0.209201
G1 X115.844 Y106.984 E.0012
;WIDTH:0.205078
G1 X115.987 Y106.876 E.00234
;WIDTH:0.171416
G1 X116.067 Y106.81 E.00107
;WIDTH:0.145124
G1 X116.33 Y106.569 E.00294
G1 X116.627 Y106.238 E.00367
;WIDTH:0.202532
G1 X116.738 Y106.093 E.00235
;WIDTH:0.218332
G2 X116.769 Y105.997 I-.112 J-.089 E.00147
;WIDTH:0.183129
G1 X116.789 Y105.915 E.00095
;WIDTH:0.151986
G1 X116.808 Y105.822 E.00084
;WIDTH:0.123802
G1 X116.825 Y105.733 E.00059
;WIDTH:0.103345
G1 X116.838 Y105.644 E.00044
G1 X117.291 Y105.105 F18000
;WIDTH:0.215404
G1 F1353
G1 X117.512 Y104.509 E.00885
G1 X117.502 Y104.499 F18000
;WIDTH:0.344789
G1 F1353
G1 X117.305 Y105.091 E.01518
G1 X117.566 Y104.83 F18000
;WIDTH:0.117368
G1 F1353
G2 X117.088 Y104.117 I-16.284 J10.406 E.00515
G1 X117.097 Y104.111 F18000
;WIDTH:0.214213
G1 F1353
G1 X117.545 Y104.851 E.01195
G1 X117.531 Y104.865 F18000
;WIDTH:0.334021
G1 F1353
G1 X117.122 Y104.119 E.01998
G1 X115.857 Y102.854 F18000
;WIDTH:0.39034
G1 F1353
G2 X115.127 Y102.477 I-7.742 J14.095 E.02302
G1 X115.145 Y102.458 F18000
;WIDTH:0.23172
G1 F1353
G1 X115.891 Y102.901 E.0132
G1 X115.883 Y102.912 F18000
;WIDTH:0.115744
G1 F1353
G2 X115.169 Y102.435 I-10.095 J14.341 E.00504
G1 X114.288 Y103.178 F18000
;WIDTH:0.12111
G1 F1353
G1 X114.089 Y103.221 E.00128
;WIDTH:0.161558
G1 X114.005 Y103.243 E.00084
;WIDTH:0.202699
G1 X113.913 Y103.267 E.00122
G2 X113.806 Y103.338 I.282 J.537 E.00167
;WIDTH:0.176674
G1 X113.691 Y103.431 E.00159
;WIDTH:0.143389
G1 X113.428 Y103.673 E.00289
G1 X113.162 Y103.966 E.00321
;WIDTH:0.183005
G1 X113.092 Y104.055 E.00128
;WIDTH:0.216327
G1 X112.908 Y104.308 E.00438
G1 X112.92 Y104.598 F18000
;WIDTH:0.123401
G1 F1353
G1 X112.95 Y104.42 E.00117
;WIDTH:0.151159
G1 X112.968 Y104.332 E.00078
;WIDTH:0.16578
G1 X113.042 Y103.996 E.00341
G1 X113.312 Y108.879 F18000
;TYPE:Sparse infill
;WIDTH:0.45
G1 F1353
G1 X114.551 Y107.641 E.05752
G3 X112.355 Y105.454 I.328 J-2.526 E.1094
G1 X110.977 Y106.832 E.06399
G1 X113.168 Y109.023 E.10176
G1 X111.096 Y111.096 E.09623
G1 X108.904 Y108.904 E.10176
G1 X106.832 Y110.977 E.09623
G1 X109.023 Y113.168 E.10176
G1 X107.644 Y114.548 E.06406
G2 X105.452 Y112.357 I-2.506 J.315 E.10955
G1 X106.688 Y111.121 E.05739
G1 X104.529 Y112.936 F18000
;TYPE:Gap infill
;WIDTH:0.121112
G1 F1353
G1 X104.331 Y112.979 E.00128
;WIDTH:0.162039
G1 X104.244 Y113.001 E.00087
;WIDTH:0.197394
G1 X104.134 Y113.031 E.00142
G1 X103.976 Y113.154 E.0025
;WIDTH:0.145243
G1 X103.673 Y113.428 E.00337
G1 X103.404 Y113.724 E.0033
;WIDTH:0.183006
G1 X103.334 Y113.813 E.00128
;WIDTH:0.211798
G1 X103.261 Y113.911 E.00166
;WIDTH:0.205514
G1 X103.239 Y113.999 E.00119
;WIDTH:0.17045
G1 X103.216 Y114.092 E.00099
;WIDTH:0.139883
G1 X103.198 Y114.179 E.00069
;WIDTH:0.117742
G1 X103.172 Y114.314 E.00083
G1 X102.703 Y114.901 F18000
;WIDTH:0.269863
G1 F1353
G1 X102.493 Y115.496 E.01155
G1 X102.432 Y115.172 F18000
;WIDTH:0.11248
G1 F1353
G2 X102.912 Y115.883 I14.679 J-9.389 E.00482
G1 X102.904 Y115.889 F18000
;WIDTH:0.210603
G1 F1353
G1 X102.455 Y115.149 E.01171
G1 X102.47 Y115.134 F18000
;WIDTH:0.330494
G1 F1353
G1 X102.873 Y115.875 E.01957
G1 X104.119 Y117.122 F18000
;WIDTH:0.334005
G1 F1353
G1 X104.865 Y117.531 E.01998
G1 X104.851 Y117.545 F18000
;WIDTH:0.214204
G1 F1353
G1 X104.111 Y117.097 E.01195
G1 X104.117 Y117.088 F18000
;WIDTH:0.117373
G1 F1353
G2 X104.83 Y117.567 I11.249 J-15.992 E.00516
G1 X105.092 Y117.304 F18000
;WIDTH:0.328002
G1 F1353
G1 X104.5 Y117.503 E.01437
G1 X104.51 Y117.513 F18000
;WIDTH:0.180973
G1 F1353
G1 X105.107 Y117.289 E.0071
G1 X105.672 Y116.832 F18000
;WIDTH:0.119509
G1 F1353
G1 X105.822 Y116.804 E.00094
;WIDTH:0.143682
G1 X105.908 Y116.786 E.00072
;WIDTH:0.174378
G1 X106 Y116.764 E.001
;WIDTH:0.209206
G1 X106.086 Y116.742 E.0012
;WIDTH:0.205078
G1 X106.229 Y116.634 E.00234
;WIDTH:0.171416
G1 X106.309 Y116.569 E.00107
;WIDTH:0.145124
G1 X106.636 Y116.261 E.0037
G1 X106.869 Y115.996 E.00291
;WIDTH:0.20253
G1 X106.98 Y115.851 E.00235
;WIDTH:0.218332
G2 X107.011 Y115.755 I-.112 J-.089 E.00147
;WIDTH:0.183129
G1 X107.031 Y115.673 E.00095
;WIDTH:0.151988
G1 X107.05 Y115.58 E.00084
;WIDTH:0.123808
G1 X107.067 Y115.491 E.00059
;WIDTH:0.103348
G1 X107.08 Y115.402 E.00044
; stop printing object Block.stl id:105326592607568 copy 0
;LAYER_CHANGE
;Z:7.84
;HEIGHT:0.2
G92 E0 ; zero the extruded length again
; BEFORE_LAYER_CHANGE 38 @ 7.84mm
G1 E-2.41006 F6000
;WIPE_START
G1 X107.067 Y115.491 E-.08994
;WIPE_END
; AFTER_LAYER_CHANGE 38 @ 7.84mm
;_SET_FAN_SPEED_CHANGING_LAYER
; printing object Block.stl id:105326592607568 copy 0
G1 X101.458 Y115.303 Z7.84 F18000
G1 E2.5 F6000
M204 P1000
;TYPE:Outer wall
;WIDTH:0.42
G1 F1343
G1 X115.303 Y101.458 E.5955
G1 X117.322 Y103.477 E.08683
G1 X118.542 Y104.697 E.05246
G1 X104.697 Y118.542 E.5955
G1 X101.501 Y115.346 E.13747
G1 E-1.75 F6000
;WIPE_START
G1 F3600
G1 X102.206 Y114.636 E-.75
;WIPE_END
G1 X105.624 Y117.06 F18000
G1 E2.5 F6000
M204 P1500
;TYPE:Inner wall
;WIDTH:0.45
G1 F1343
G1 X104.697 Y117.987 E.04307
G1 X102.013 Y115.303 E.12463
G1 X102.948 Y114.368 E.04342
G1 X102.918 Y114.877 E.01675
G2 X105.121 Y117.082 I2.209 J-.004 E.11359
G1 X105.564 Y117.062 E.01457
G1 E-1.75 F6000
;WIPE_START
G1 X104.88 Y117.792 E-.75
;WIPE_END
G1 X106.912 Y114.638 F18000
G1 E2.5 F6000
M204 P1000
;TYPE:Outer wall
;WIDTH:0.42
G1 F1343
G1 X106.924 Y115.039 E.0122
G3 X104.729 Y113.112 I-1.802 J-.161 E.24236
G1 X104.887 Y113.084 E.00488
G3 X106.906 Y114.579 I.235 J1.794 E.08447
G1 E-1.75 F6000
;WIPE_START
G1 F3600
G1 X106.924 Y115.039 E-.34551
G1 X106.848 Y115.422 E-.29263
G1 X106.791 Y115.56 E-.11186
;WIPE_END
G1 X114.363 Y102.953 F18000
G1 E2.5 F6000
M204 P1500
;TYPE:Inner wall
;WIDTH:0.45
G1 F1343
G1 X115.303 Y102.013 E.04366
G1 X117.045 Y103.754 E.08087
G1 X117.987 Y104.697 E.04376
G1 X117.06 Y105.624 E.04307
G2 X116.914 Y104.278 I-2.835 J-.374 E.04489
G2 X114.84 Y102.919 I-2.039 J.849 E.08645
G1 X114.423 Y102.949 E.01373
G1 E-1.75 F6000
;WIPE_START
G1 X115.108 Y102.22 E-.75
;WIPE_END
G1 X114.893 Y106.93 F18000
G1 E2.5 F6000
M204 P1000
;TYPE:Outer wall
;WIDTH:0.42
G1 F1343
G1 X114.879 Y106.921 E.0005
G3 X114.487 Y103.354 I0 J-1.805 E.16044
G1 X114.645 Y103.326 E.00488
G3 X115.222 Y106.888 I.234 J1.79 E.16912
G1 X114.952 Y106.922 E.00828
G1 X114.91 Y107.322 F18000
M204 P1500
;TYPE:Inner wall
;WIDTH:0.45
G1 F1343
G1 X115.382 Y107.302 E.01554
G1 X107.302 Y115.382 E.37521
G2 X107.1 Y113.913 I-2.741 J-.372 E.04929
G2 X105.082 Y112.677 I-1.985 J.975 E.08199
G1 X104.605 Y112.711 E.0157
G1 X112.698 Y104.618 E.3758
G1 X112.676 Y105.121 E.01654
G2 X114.85 Y107.323 I2.223 J-.021 E.11235
G1 E-1.75 F6000
;WIPE_START
G1 X115.382 Y107.302 E-.39987
G1 X115.052 Y107.632 E-.35013
;WIPE_END
G1 X114.829 Y107.568 F18000
G1 E2.5 F6000
M204 P2000
;TYPE:Gap infill
;WIDTH:0.11664
G1 F1343
G1 X114.676 Y107.542 E.00092
G1 X115.402 Y107.08 F18000
;WIDTH:0.123175
G1 F1343
G1 X115.579 Y107.05 E.00116
;WIDTH:0.151049
G1 X115.668 Y107.032 E.00079
;WIDTH:0.182068
G1 X115.755 Y107.011 E.00101
;WIDTH:0.215951
G1 X115.836 Y106.991 E.00117
;WIDTH:0.230599
G1 X115.845 Y106.985 E.00015
;WIDTH:0.204377
G1 X115.991 Y106.873 E.00241
;WIDTH:0.146398
G1 X116.327 Y106.572 E.00376
G1 X116.593 Y106.28 E.00329
;WIDTH:0.182319
G1 X116.666 Y106.186 E.00134
;WIDTH:0.210799
G1 X116.735 Y106.098 E.00152
;WIDTH:0.218679
G2 X116.769 Y105.997 I-.118 J-.096 E.00154
;WIDTH:0.183134
G1 X116.789 Y105.915 E.00095
;WIDTH:0.151988
G1 X116.808 Y105.821 E.00084
;WIDTH:0.123795
G1 X116.825 Y105.733 E.00059
;WIDTH:0.10334
G1 X116.838 Y105.644 E.00044
G1 X117.289 Y105.108 F18000
;WIDTH:0.166387
G1 F1343
G1 X117.514 Y104.511 E.00635
G1 X117.503 Y104.501 F18000
;WIDTH:0.336992
G1 F1343
G1 X117.303 Y105.093 E.01483
G1 X117.567 Y104.83 F18000
;WIDTH:0.117372
G1 F1343
G2 X117.088 Y104.117 I-16.597 J10.625 E.00515
G1 X117.097 Y104.111 F18000
;WIDTH:0.214213
G1 F1343
G1 X117.545 Y104.851 E.01195
G1 X117.531 Y104.865 F18000
;WIDTH:0.334009
G1 F1343
G1 X117.122 Y104.119 E.01998
G1 X115.894 Y102.896 F18000
;WIDTH:0.26745
G1 F1343
G1 X115.141 Y102.463 E.01574
G1 X115.154 Y102.45 F18000
;WIDTH:0.181819
G1 F1343
G1 X115.887 Y102.906 E.00967
G1 X115.883 Y102.912 F18000
;WIDTH:0.113054
G1 F1343
G2 X115.172 Y102.432 I-12.594 J17.917 E.00485
G1 X115.127 Y102.477 F18000
;WIDTH:0.396075
G1 F1343
G3 X115.852 Y102.849 I-8.242 J16.955 E.02321
G1 X114.287 Y103.178 F18000
;WIDTH:0.121046
G1 F1343
G1 X114.09 Y103.221 E.00127
;WIDTH:0.161655
G1 X114.003 Y103.243 E.00085
;WIDTH:0.199345
G1 X113.892 Y103.273 E.00146
G1 X113.759 Y103.375 E.00211
;WIDTH:0.148402
G1 X113.428 Y103.672 E.00378
G1 X113.13 Y104.005 E.00381
;WIDTH:0.203869
G1 X113.015 Y104.155 E.00245
;WIDTH:0.228837
G1 X112.908 Y104.308 E.0028
G1 X112.92 Y104.596 F18000
;WIDTH:0.123874
G1 F1343
G1 X112.951 Y104.419 E.00117
;WIDTH:0.151371
G1 X112.968 Y104.332 E.00077
;WIDTH:0.165789
G1 X113.042 Y103.996 E.00341
G1 X110.944 Y106.864 F18000
;TYPE:Sparse infill
;WIDTH:0.45
G1 F1343
G1 X112.358 Y105.45 E.06566
G2 X114.313 Y107.603 I2.53 J-.333 E.10159
G1 X114.299 Y107.892 E.0095
G1 X113.345 Y108.847 E.04432
G1 X113.109 Y108.611 E.01096
G1 X111.036 Y107.244 E.0815
G1 X110.8 Y107.008 E.01096
G1 X109.081 Y108.728 E.07983
G1 X109.317 Y108.964 E.01096
G1 X110.683 Y111.036 E.0815
G1 X110.919 Y111.272 E.01096
G1 X109.2 Y112.992 E.07983
G1 X108.964 Y112.756 E.01096
G1 X106.891 Y111.389 E.0815
G1 X106.655 Y111.153 E.01096
G1 X105.695 Y112.114 E.04459
G1 X105.763 Y112.125 E.00228
G1 X105.717 Y112.402 E.00922
G3 X107.646 Y114.546 I-.588 J2.469 E.1007
G1 X109.056 Y113.136 E.06548
G1 X107.08 Y115.402 F18000
;TYPE:Gap infill
;WIDTH:0.103339
G1 F1343
G1 X107.067 Y115.491 E.00044
;WIDTH:0.123796
G1 X107.05 Y115.58 E.00059
;WIDTH:0.151988
G1 X107.031 Y115.673 E.00084
;WIDTH:0.183135
G1 X107.011 Y115.755 E.00095
;WIDTH:0.218338
G3 X106.98 Y115.851 I-.142 J.008 E.00147
;WIDTH:0.202526
G1 X106.869 Y115.996 E.00235
;WIDTH:0.147935
G1 X106.568 Y116.331 E.00381
G1 X106.233 Y116.631 E.00381
;WIDTH:0.204379
G1 X106.087 Y116.743 E.00241
;WIDTH:0.230599
G1 X106.078 Y116.749 E.00015
;WIDTH:0.215948
G1 X105.997 Y116.769 E.00117
;WIDTH:0.182065
G1 X105.91 Y116.79 E.00101
;WIDTH:0.151045
G1 X105.821 Y116.808 E.00079
;WIDTH:0.123173
G1 X105.644 Y116.838 E.00116
G1 X104.833 Y117.563 F18000
;WIDTH:0.121768
G1 F1343
G3 X104.118 Y117.09 I14.153 J-22.125 E.00546
G1 X104.112 Y117.098 F18000
;WIDTH:0.21689
G1 F1343
G1 X104.852 Y117.544 E.01212
G1 X104.867 Y117.529 F18000
;WIDTH:0.362613
G1 F1343
G1 X104.132 Y117.135 E.02152
G1 X102.873 Y115.876 F18000
;WIDTH:0.330433
G1 F1343
G1 X102.47 Y115.134 E.01957
G1 X102.455 Y115.149 F18000
;WIDTH:0.210589
G1 F1343
G1 X102.904 Y115.889 E.01171
G1 X102.912 Y115.883 F18000
;WIDTH:0.11243
G1 F1343
G3 X102.432 Y115.172 I14.253 J-10.141 E.00481
G1 X102.493 Y115.496 F18000
;WIDTH:0.270703
G1 F1343
G1 X102.703 Y114.901 E.01159
G1 X103.172 Y114.315 F18000
;WIDTH:0.117804
G1 F1343
G1 X103.198 Y114.179 E.00084
;WIDTH:0.140029
G1 X103.216 Y114.092 E.00069
;WIDTH:0.170611
G1 X103.239 Y113.999 E.00099
;WIDTH:0.205685
G1 X103.261 Y113.911 E.0012
;WIDTH:0.211861
G1 X103.334 Y113.814 E.00166
;WIDTH:0.183126
G1 X103.403 Y113.725 E.00127
;WIDTH:0.145465
G1 X103.673 Y113.428 E.00331
G1 X103.98 Y113.15 E.00343
;WIDTH:0.197847
G1 X104.134 Y113.031 E.00243
G1 X104.244 Y113.001 E.00142
;WIDTH:0.161905
G1 X104.331 Y112.979 E.00087
;WIDTH:0.121047
G1 X104.529 Y112.936 E.00127
G1 X105.175 Y112.429 F18000
;WIDTH:0.0969202
G1 F1343
G1 X105.354 Y112.459 E.00079
; stop printing object Block.stl id:105326592607568 copy 0
;LAYER_CHANGE
;Z:8.04
;HEIGHT:0.2
G92 E0 ; zero the extruded length again
; BEFORE_LAYER_CHANGE 39 @ 8.04mm
G1 E-2.31875 F6000
;WIPE_START
G1 X105.175 Y112.429 E-.18125
;WIPE_END
; AFTER_LAYER_CHANGE 39 @ 8.04mm
;_SET_FAN_SPEED_CHANGING_LAYER
; printing object Block.stl id:105326592607568 copy 0
G1 X101.458 Y115.303 Z8.04 F18000
G1 E2.5 F6000
M204 P1000
;TYPE:Outer wall
;WIDTH:0.42
G1 F1352
G1 X115.303 Y101.458 E.5955
G1 X117.287 Y103.442 E.08531
G1 X118.542 Y104.697 E.05398
G1 X104.697 Y118.542 E.5955
G1 X101.501 Y115.346 E.13747
G1 E-1.75 F6000
;WIPE_START
G1 F3600
G1 X102.206 Y114.636 E-.75
;WIPE_END
G1 X105.389 Y117.065 F18000
G1 E2.5 F6000
M204 P1500
;TYPE:Inner wall
;WIDTH:0.45
G1 F1352
G1 X105.463 Y117.221 E.00568
G1 X104.697 Y117.987 E.0356
G1 X102.013 Y115.303 E.12463
G1 X102.94 Y114.376 E.04307
G1 X102.918 Y114.883 E.01667
G2 X105.329 Y117.071 I2.219 J-.023 E.12001
G1 E-1.75 F6000
;WIPE_START
G1 X105.463 Y117.221 E-.15108
G1 X104.899 Y117.785 E-.59892
;WIPE_END
G1 X106.904 Y114.624 F18000
G1 E2.5 F6000
M204 P1000
;TYPE:Outer wall
;WIDTH:0.42
G1 F1352
G1 X106.932 Y114.88 E.00781
G3 X104.729 Y113.112 I-1.81 J-.001 E.24733
G1 X104.887 Y113.084 E.00487
G3 X106.89 Y114.489 I.235 J1.795 E.08171
G1 X106.898 Y114.565 E.0023
G1 E-1.75 F6000
;WIPE_START
G1 F3600
G1 X106.932 Y114.88 E-.23767
G1 X106.889 Y115.269 E-.29394
G1 X106.801 Y115.547 E-.21839
;WIPE_END
G1 X114.363 Y102.953 F18000
G1 E2.5 F6000
M204 P1500
;TYPE:Inner wall
;WIDTH:0.45
G1 F1352
G1 X115.303 Y102.013 E.04367
G1 X117.009 Y103.719 E.07922
G1 X117.987 Y104.697 E.04541
G1 X117.06 Y105.624 E.04307
G2 X116.914 Y104.278 I-2.811 J-.377 E.04489
G2 X114.839 Y102.919 I-2.039 J.849 E.08648
G1 X114.423 Y102.949 E.01371
G1 E-1.75 F6000
;WIPE_START
G1 X115.108 Y102.22 E-.75
;WIPE_END
G1 X114.883 Y106.931 F18000
G1 E2.5 F6000
M204 P1000
;TYPE:Outer wall
;WIDTH:0.42
G1 F1352
G1 X114.877 Y106.924 E.00028
G3 X114.487 Y103.354 I.003 J-1.807 E.16052
G1 X114.645 Y103.326 E.00487
G3 X115.192 Y106.897 I.235 J1.792 E.17024
G1 X114.943 Y106.924 E.00763
G1 X114.9 Y107.323 F18000
M204 P1500
;TYPE:Inner wall
;WIDTH:0.45
G1 F1352
G1 X115.382 Y107.302 E.01584
G1 X107.294 Y115.39 E.37556
G2 X107.222 Y114.217 I-2.764 J-.418 E.03888
G2 X105.081 Y112.677 I-2.131 J.705 E.09254
G1 X104.605 Y112.711 E.01568
G1 X112.698 Y104.618 E.37581
G1 X112.676 Y105.121 E.01654
G2 X114.84 Y107.323 I2.224 J-.021 E.11205
G1 E-1.75 F6000
;WIPE_START
G1 X115.382 Y107.302 E-.40685
G1 X115.059 Y107.625 E-.34315
;WIPE_END
G1 X115.407 Y107.081 F18000
G1 E2.5 F6000
M204 P2000
;TYPE:Gap infill
;WIDTH:0.133992
G1 F1352
G1 X115.574 Y107.052 E.00124
;WIDTH:0.150661
G1 X115.674 Y107.03 E.00089
;WIDTH:0.183971
G1 X115.758 Y107.01 E.00097
;WIDTH:0.216506
G1 X115.836 Y106.991 E.00114
;WIDTH:0.2306
G1 X115.845 Y106.985 E.00015
;WIDTH:0.205107
G1 X115.987 Y106.876 E.00234
;WIDTH:0.171416
G1 X116.067 Y106.81 E.00107
;WIDTH:0.141903
G1 X116.33 Y106.569 E.00285
G1 X116.57 Y106.308 E.00283
;WIDTH:0.180262
G1 X116.68 Y106.171 E.00195
;WIDTH:0.215957
G2 X116.768 Y105.999 I-.175 J-.199 E.00276
;WIDTH:0.184782
G1 X116.788 Y105.92 E.00093
;WIDTH:0.151834
G1 X116.809 Y105.819 E.00091
;WIDTH:0.115787
G1 X116.839 Y105.649 E.00101
G1 X117.297 Y105.099 F18000
;WIDTH:0.271563
G1 F1352
G1 X117.507 Y104.504 E.01164
G1 X117.567 Y104.83 F18000
;WIDTH:0.117366
G1 F1352
G2 X117.088 Y104.117 I-16.452 J10.523 E.00515
G1 X117.097 Y104.111 F18000
;WIDTH:0.214215
G1 F1352
G1 X117.545 Y104.851 E.01195
G1 X117.53 Y104.866 F18000
;WIDTH:0.339228
G1 F1352
G1 X117.127 Y104.124 E.02017
G1 X115.894 Y102.896 F18000
;WIDTH:0.26751
G1 F1352
G1 X115.141 Y102.463 E.01574
G1 X115.154 Y102.45 F18000
;WIDTH:0.182208
G1 F1352
G1 X115.887 Y102.906 E.0097
G1 X115.883 Y102.912 F18000
;WIDTH:0.113083
G1 F1352
G2 X115.172 Y102.432 I-12.72 J18.097 E.00486
G1 X115.127 Y102.477 F18000
;WIDTH:0.396048
G1 F1352
G3 X115.852 Y102.849 I-8.206 J16.884 E.02321
G1 X114.287 Y103.178 F18000
;WIDTH:0.120996
G1 F1352
G1 X114.09 Y103.221 E.00127
;WIDTH:0.161546
G1 X114.003 Y103.243 E.00085
;WIDTH:0.199548
G1 X113.892 Y103.273 E.00146
G1 X113.762 Y103.373 E.00207
;WIDTH:0.146364
G1 X113.426 Y103.675 E.00377
G1 X113.161 Y103.967 E.0033
;WIDTH:0.183246
G1 X113.092 Y104.056 E.00127
;WIDTH:0.216453
G1 X112.908 Y104.308 E.00437
G1 X112.92 Y104.598 F18000
;WIDTH:0.12338
G1 F1352
G1 X112.95 Y104.42 E.00117
;WIDTH:0.15115
G1 X112.968 Y104.332 E.00079
;WIDTH:0.165781
G1 X113.042 Y103.996 E.00341
G1 X110.767 Y107.041 F18000
;TYPE:Sparse infill
;WIDTH:0.45
G1 F1352
G1 X112.356 Y105.453 E.07375
G2 X114.543 Y107.648 I2.542 J-.346 E.10926
G1 X113.522 Y108.67 E.04744
G1 X113.109 Y108.257 E.01917
G1 X111.036 Y107.598 E.07141
G1 X110.623 Y107.185 E.01917
G1 X109.258 Y108.551 E.06342
G1 X109.67 Y108.964 E.01917
G1 X110.33 Y111.036 E.07141
G1 X110.742 Y111.449 E.01917
G1 X109.377 Y112.815 E.06342
G1 X108.964 Y112.402 E.01917
G1 X106.891 Y111.743 E.07141
G1 X106.478 Y111.33 E.01917
G1 X105.695 Y112.114 E.03638
G1 X105.763 Y112.125 E.00226
G1 X105.716 Y112.402 E.00923
G3 X107.646 Y114.546 I-.617 J2.496 E.10053
G1 X109.233 Y112.959 E.07368
G1 X107.07 Y115.443 F18000
;TYPE:Gap infill
;WIDTH:0.0991579
G1 F1352
G1 X107.062 Y115.492 E.00023
;WIDTH:0.114578
G1 X107.044 Y115.579 E.00051
;WIDTH:0.140882
G1 X107.025 Y115.671 E.00074
;WIDTH:0.171312
G1 X107.004 Y115.757 E.00092
;WIDTH:0.203389
G1 X106.979 Y115.853 E.00128
G1 X106.866 Y116 E.0024
;WIDTH:0.148133
G1 X106.576 Y116.324 E.00369
G1 X106.233 Y116.631 E.0039
;WIDTH:0.204378
G1 X106.087 Y116.743 E.00241
;WIDTH:0.244265
G1 X106.014 Y116.794 E.00144
;WIDTH:0.284967
G3 X105.608 Y117.068 I-6.465 J-9.156 E.00957
G1 X105.6 Y117.052 F18000
;WIDTH:0.374053
G1 F1352
G2 X106.373 Y116.588 I-10.328 J-18.081 E.02408
G1 X104.844 Y117.552 F18000
;WIDTH:0.167924
G1 F1352
G1 X104.115 Y117.094 E.00868
G1 X104.118 Y117.09 F18000
;WIDTH:0.117707
G1 F1352
G2 X104.83 Y117.566 I21.752 J-31.725 E.00517
G1 X104.148 Y117.151 F18000
;WIDTH:0.406497
G1 F1352
G2 X104.873 Y117.523 I8.932 J-16.515 E.02389
G1 X104.859 Y117.537 F18000
;WIDTH:0.271087
G1 F1352
G1 X104.108 Y117.104 E.01596
G1 X102.873 Y115.876 F18000
;WIDTH:0.330402
G1 F1352
G1 X102.47 Y115.134 E.01957
G1 X102.455 Y115.149 F18000
;WIDTH:0.210595
G1 F1352
G1 X102.904 Y115.889 E.01171
G1 X102.912 Y115.883 F18000
;WIDTH:0.112394
G1 F1352
G3 X102.432 Y115.172 I14.136 J-10.061 E.00481
G1 X102.493 Y115.496 F18000
;WIDTH:0.271554
G1 F1352
G1 X102.703 Y114.901 E.01164
G1 X103.287 Y113.752 F18000
;WIDTH:0.162013
G1 F1352
G2 X103.185 Y114.215 I11.466 J2.78 E.00456
;WIDTH:0.125273
G1 X103.161 Y114.351 E.00092
G1 X103.15 Y114.065 F18000
;WIDTH:0.213075
G1 F1352
G1 X103.294 Y113.863 E.00342
;WIDTH:0.186709
G1 X103.425 Y113.699 E.00243
;WIDTH:0.142291
G1 X103.67 Y113.431 E.00291
G1 X103.937 Y113.186 E.0029
;WIDTH:0.175314
G1 X104.03 Y113.112 E.00126
;WIDTH:0.20213
G1 X104.118 Y113.043 E.00144
;WIDTH:0.205231
G3 X104.231 Y113.005 I.107 J.134 E.0016
;WIDTH:0.165165
G1 X104.328 Y112.98 E.00099
;WIDTH:0.121453
G1 X104.529 Y112.936 E.0013
G1 X105.175 Y112.429 F18000
;WIDTH:0.0969207
G1 F1352
G1 X105.354 Y112.459 E.00079
; stop printing object Block.stl id:105326592607568 copy 0
;LAYER_CHANGE
;Z:8.24
;HEIGHT:0.2
G92 E0 ; zero the extruded length again
; BEFORE_LAYER_CHANGE 40 @ 8.24mm
G1 E-2.31904 F6000
;WIPE_START
G1 X105.175 Y112.429 E-.18096
;WIPE_END
; AFTER_LAYER_CHANGE 40 @ 8.24mm
;_SET_FAN_SPEED_CHANGING_LAYER
; printing object Block.stl id:105326592607568 copy 0
G1 X101.458 Y115.303 Z8.24 F18000
G1 E2.5 F6000
M204 P1000
;TYPE:Outer wall
;WIDTH:0.42
G1 F1335
G1 X115.303 Y101.458 E.5955
G1 X117.251 Y103.406 E.08379
G1 X118.542 Y104.697 E.0555
G1 X104.697 Y118.542 E.5955
G1 X101.501 Y115.346 E.13747
G1 E-1.75 F6000
;WIPE_START
G1 F3600
G1 X102.206 Y114.636 E-.75
;WIPE_END
G1 X105.624 Y117.06 F18000
G1 E2.5 F6000
M204 P1500
;TYPE:Inner wall
;WIDTH:0.45
G1 F1335
G1 X104.697 Y117.987 E.04307
G1 X102.013 Y115.303 E.12463
G1 X102.94 Y114.376 E.04307
G1 X102.918 Y114.879 E.01654
G2 X105.121 Y117.082 I2.208 J-.005 E.11353
G1 X105.564 Y117.062 E.01457
G1 E-1.75 F6000
;WIPE_START
G1 X104.88 Y117.792 E-.75
;WIPE_END
G1 X106.909 Y114.624 F18000
G1 E2.5 F6000
M204 P1000
;TYPE:Outer wall
;WIDTH:0.42
G1 F1335
G1 X106.931 Y114.881 E.00784
G3 X104.729 Y113.112 I-1.809 J-.004 E.24717
G1 X104.887 Y113.084 E.00487
G3 X106.904 Y114.565 I.235 J1.794 E.08403
G1 E-1.75 F6000
;WIPE_START
G1 F3600
G1 X106.931 Y114.881 E-.23845
G1 X106.889 Y115.269 E-.29263
G1 X106.801 Y115.548 E-.21892
;WIPE_END
G1 X114.363 Y102.953 F18000
G1 E2.5 F6000
M204 P1500
;TYPE:Inner wall
;WIDTH:0.45
G1 F1335
G1 X115.303 Y102.013 E.04367
G1 X116.974 Y103.683 E.07758
G1 X117.987 Y104.697 E.04705
G1 X117.06 Y105.624 E.04307
G2 X116.914 Y104.278 I-2.824 J-.375 E.04489
G2 X114.838 Y102.919 I-2.04 J.85 E.0865
G1 X114.423 Y102.949 E.01369
G1 E-1.75 F6000
;WIPE_START
G1 X115.108 Y102.22 E-.75
;WIPE_END
G1 X114.874 Y106.931 F18000
G1 E2.5 F6000
M204 P1000
;TYPE:Outer wall
;WIDTH:0.42
G1 F1335
G1 X114.521 Y106.888 E.01082
G3 X114.487 Y103.354 I.359 J-1.771 E.14961
G1 X114.645 Y103.326 E.00487
G3 X114.93 Y106.923 I.235 J1.791 E.17823
G1 X114.835 Y107.319 F18000
M204 P1500
;TYPE:Inner wall
;WIDTH:0.45
G1 F1335
G1 X114.879 Y107.324 E.00146
G1 X115.382 Y107.302 E.01654
G1 X107.294 Y115.39 E.37556
G2 X107.156 Y114.036 I-2.688 J-.409 E.04516
G2 X105.08 Y112.677 I-2.04 J.851 E.08649
G1 X104.605 Y112.711 E.01566
G1 X112.698 Y104.618 E.37581
G1 X112.676 Y105.121 E.01654
G2 X114.443 Y107.276 I2.223 J-.021 E.09889
G1 X114.775 Y107.313 E.01098
G1 E-1.75 F6000
;WIPE_START
G1 X114.879 Y107.324 E-.07832
G1 X115.382 Y107.302 E-.37783
G1 X115.105 Y107.579 E-.29385
;WIPE_END
G1 X115.402 Y107.08 F18000
G1 E2.5 F6000
M204 P2000
;TYPE:Gap infill
;WIDTH:0.123194
G1 F1335
G1 X115.579 Y107.05 E.00116
;WIDTH:0.151059
G1 X115.668 Y107.032 E.00079
;WIDTH:0.18207
G1 X115.755 Y107.011 E.00101
;WIDTH:0.215953
G1 X115.836 Y106.991 E.00117
;WIDTH:0.230601
G1 X115.845 Y106.985 E.00015
;WIDTH:0.204377
G1 X115.991 Y106.873 E.00241
;WIDTH:0.145411
G1 X116.327 Y106.572 E.00373
G1 X116.57 Y106.308 E.00296
;WIDTH:0.180867
G1 X116.683 Y106.167 E.00202
;WIDTH:0.217654
G1 X116.85 Y105.94 E.00397
G1 X116.838 Y105.644 F18000
;WIDTH:0.103323
G1 F1335
G1 X116.825 Y105.733 E.00044
;WIDTH:0.123348
G1 X116.808 Y105.819 E.00057
;WIDTH:0.150484
G1 X116.79 Y105.908 E.00079
;WIDTH:0.191128
G3 X116.705 Y106.257 I-10.696 J-2.443 E.00429
G1 X117.567 Y104.83 F18000
;WIDTH:0.117368
G1 F1335
G2 X117.088 Y104.117 I-16.597 J10.624 E.00515
G1 X117.098 Y104.11 F18000
;WIDTH:0.217995
G1 F1335
G1 X117.544 Y104.852 E.01223
G1 X117.528 Y104.868 F18000
;WIDTH:0.373815
G1 F1335
G1 X117.138 Y104.135 E.02217
G1 X115.894 Y102.896 F18000
;WIDTH:0.267564
G1 F1335
G1 X115.141 Y102.463 E.01574
G1 X115.154 Y102.45 F18000
;WIDTH:0.182612
G1 F1335
G1 X115.887 Y102.906 E.00973
G1 X115.883 Y102.912 F18000
;WIDTH:0.113108
G1 F1335
G2 X115.171 Y102.432 I-12.458 J17.723 E.00486
G1 X115.127 Y102.477 F18000
;WIDTH:0.396062
G1 F1335
G3 X115.852 Y102.849 I-8.233 J16.937 E.02321
G1 X114.287 Y103.179 F18000
;WIDTH:0.120939
G1 F1335
G1 X114.09 Y103.221 E.00127
;WIDTH:0.16168
G1 X114.002 Y103.244 E.00087
;WIDTH:0.197642
G1 X113.892 Y103.273 E.00143
G1 X113.737 Y103.393 E.00244
;WIDTH:0.145458
G1 X113.431 Y103.67 E.00342
G1 X113.16 Y103.968 E.00333
;WIDTH:0.183368
G1 X113.092 Y104.056 E.00127
;WIDTH:0.213946
G1 X113.009 Y104.164 E.00187
;WIDTH:0.215961
G1 X112.989 Y104.245 E.00117
;WIDTH:0.182084
G1 X112.968 Y104.332 E.00101
;WIDTH:0.151149
G1 X112.95 Y104.42 E.00079
;WIDTH:0.123373
G1 X112.92 Y104.598 E.00117
G1 X110.591 Y107.218 F18000
;TYPE:Sparse infill
;WIDTH:0.45
G1 F1335
G1 X112.356 Y105.453 E.08197
G2 X114.551 Y107.641 I2.568 J-.381 E.10904
G1 X113.698 Y108.493 E.03958
G1 X113.109 Y107.903 E.02738
G1 X111.036 Y107.952 E.06807
G1 X110.447 Y107.362 E.02738
G1 X109.434 Y108.374 E.047
G1 X110.024 Y108.964 E.02738
G1 X109.976 Y111.036 E.06807
G1 X110.566 Y111.626 E.02738
G1 X109.553 Y112.638 E.047
G1 X108.964 Y112.048 E.02738
G1 X106.891 Y112.097 E.06807
G1 X106.302 Y111.507 E.02738
G1 X105.695 Y112.114 E.02817
G1 X105.762 Y112.125 E.00225
G1 X105.716 Y112.402 E.00923
G3 X107.604 Y114.313 I-.697 J2.576 E.09242
G1 X107.892 Y114.299 E.00949
G1 X109.409 Y112.782 E.07045
G1 X107.542 Y114.676 F18000
;TYPE:Gap infill
;WIDTH:0.11663
G1 F1335
G1 X107.568 Y114.829 E.00092
G1 X106.935 Y116.026 F18000
;WIDTH:0.178364
G1 F1335
G2 X107.027 Y115.664 I-11.058 J-2.999 E.00409
G1 X107.028 Y115.66 E.00004
;WIDTH:0.126695
G1 X107.062 Y115.492 E.00116
;WIDTH:0.0992179
G1 X107.071 Y115.442 E.00023
G1 X107.079 Y115.715 F18000
;WIDTH:0.214634
G1 F1335
G1 X106.925 Y115.925 E.0036
;WIDTH:0.180867
G1 X106.812 Y116.066 E.00202
;WIDTH:0.142092
G1 X106.569 Y116.33 E.00287
G1 X106.304 Y116.573 E.00288
;WIDTH:0.181391
G1 X106.167 Y116.683 E.00196
;WIDTH:0.216299
G1 X106.078 Y116.749 E.00154
;WIDTH:0.215956
G1 X105.997 Y116.769 E.00117
;WIDTH:0.182082
G1 X105.91 Y116.79 E.00101
;WIDTH:0.151073
G1 X105.821 Y116.808 E.00079
;WIDTH:0.123201
G1 X105.644 Y116.838 E.00117
G1 X104.828 Y117.569 F18000
;WIDTH:0.114362
G1 F1335
G3 X104.117 Y117.088 I9.002 J-14.068 E.00495
G1 X104.11 Y117.097 F18000
;WIDTH:0.21699
G1 F1335
G1 X104.852 Y117.544 E.01216
G1 X104.867 Y117.529 F18000
;WIDTH:0.363699
G1 F1335
G1 X104.132 Y117.135 E.02158
G1 X102.862 Y115.865 F18000
;WIDTH:0.363419
G1 F1335
G1 X102.472 Y115.132 E.02148
G1 X102.456 Y115.148 F18000
;WIDTH:0.213613
G1 F1335
G1 X102.902 Y115.89 E.01192
G1 X102.912 Y115.883 F18000
;WIDTH:0.114362
G1 F1335
G3 X102.433 Y115.17 I16.19 J-11.387 E.00495
G1 X103.286 Y113.753 F18000
;WIDTH:0.167148
G1 F1335
G1 X103.211 Y114.087 E.00343
;WIDTH:0.152025
G1 X103.193 Y114.177 E.00081
;WIDTH:0.123817
G1 X103.162 Y114.356 E.00119
G1 X103.15 Y114.066 F18000
;WIDTH:0.213301
G1 F1335
G1 X103.294 Y113.863 E.00341
;WIDTH:0.186826
G1 X103.425 Y113.699 E.00244
;WIDTH:0.144322
G1 X103.673 Y113.428 E.003
G1 X103.979 Y113.151 E.00338
;WIDTH:0.197642
G1 X104.134 Y113.031 E.00244
G1 X104.244 Y113.002 E.00143
;WIDTH:0.16168
G1 X104.331 Y112.979 E.00087
;WIDTH:0.120939
G1 X104.529 Y112.937 E.00127
G1 X105.175 Y112.429 F18000
;WIDTH:0.0969211
G1 F1335
G1 X105.353 Y112.459 E.00079
; stop printing object Block.stl id:105326592607568 copy 0
;LAYER_CHANGE
;Z:8.44
;HEIGHT:0.2
G92 E0 ; zero the extruded length again
; BEFORE_LAYER_CHANGE 41 @ 8.44mm
G1 E-2.31933 F6000
;WIPE_START
G1 X105.175 Y112.429 E-.18067
;WIPE_END
; AFTER_LAYER_CHANGE 41 @ 8.44mm
;_SET_FAN_SPEED_CHANGING_LAYER
; printing object Block.stl id:105326592607568 copy 0
G1 X101.458 Y115.303 Z8.44 F18000
G1 E2.5 F6000
M204 P1000
;TYPE:Outer wall
;WIDTH:0.42
G1 F1349
G1 X115.303 Y101.458 E.5955
G1 X117.216 Y103.371 E.08227
G1 X118.542 Y104.697 E.05703
G1 X104.697 Y118.542 E.5955
G1 X101.501 Y115.346 E.13747
G1 E-1.75 F6000
;WIPE_START
G1 F3600
G1 X102.206 Y114.636 E-.75
;WIPE_END
G1 X105.624 Y117.06 F18000
G1 E2.5 F6000
M204 P1500
;TYPE:Inner wall
;WIDTH:0.45
G1 F1349
G1 X104.697 Y117.987 E.04307
G1 X102.013 Y115.303 E.12463
G1 X102.94 Y114.376 E.04307
G1 X102.918 Y114.879 E.01654
G2 X105.121 Y117.082 I2.208 J-.005 E.11353
G1 X105.564 Y117.062 E.01457
G1 E-1.75 F6000
;WIPE_START
G1 X104.88 Y117.792 E-.75
;WIPE_END
G1 X106.912 Y114.624 F18000
G1 E2.5 F6000
M204 P1000
;TYPE:Outer wall
;WIDTH:0.42
G1 F1349
G1 X106.927 Y114.879 E.00776
G3 X104.729 Y113.112 I-1.806 J-.005 E.24662
G1 X104.887 Y113.084 E.00487
G3 X106.9 Y114.565 I.234 J1.79 E.08397
G1 E-1.75 F6000
;WIPE_START
G1 F3600
G1 X106.927 Y114.879 E-.23605
G1 X106.895 Y115.238 E-.2703
G1 X106.8 Y115.549 E-.24365
;WIPE_END
G1 X114.363 Y102.953 F18000
G1 E2.5 F6000
M204 P1500
;TYPE:Inner wall
;WIDTH:0.45
G1 F1349
G1 X115.303 Y102.013 E.04367
G1 X116.939 Y103.648 E.07594
G1 X117.987 Y104.697 E.04869
G1 X117.06 Y105.624 E.04307
G2 X116.914 Y104.278 I-2.824 J-.375 E.04489
G2 X114.838 Y102.919 I-2.044 J.857 E.08649
G1 X114.423 Y102.949 E.01366
G1 E-1.75 F6000
;WIPE_START
G1 X115.108 Y102.22 E-.75
;WIPE_END
G1 X114.865 Y106.93 F18000
G1 E2.5 F6000
M204 P1000
;TYPE:Outer wall
;WIDTH:0.42
G1 F1349
G1 X114.566 Y106.901 E.00915
G3 X114.487 Y103.354 I.314 J-1.782 E.15122
G1 X114.645 Y103.326 E.00487
G3 X114.925 Y106.928 I.235 J1.794 E.17865
G1 X114.832 Y107.319 F18000
M204 P1500
;TYPE:Inner wall
;WIDTH:0.45
G1 F1349
G1 X114.883 Y107.324 E.0017
G1 X115.388 Y107.296 E.0166
G1 X107.302 Y115.382 E.37547
G2 X107.155 Y114.032 I-2.824 J-.375 E.04502
G2 X105.08 Y112.677 I-2.04 J.857 E.08638
G1 X104.605 Y112.711 E.01563
G1 X112.698 Y104.618 E.37581
G1 X112.676 Y105.121 E.01654
G2 X114.499 Y107.29 I2.208 J-.005 E.10098
G1 X114.772 Y107.314 E.009
G1 E-1.75 F6000
;WIPE_START
G1 X114.883 Y107.324 E-.08375
G1 X115.388 Y107.296 E-.37927
G1 X115.117 Y107.567 E-.28698
;WIPE_END
G1 X115.432 Y107.073 F18000
G1 E2.5 F6000
M204 P2000
;TYPE:Gap infill
;WIDTH:0.119174
G1 F1349
G1 X115.58 Y107.046 E.00092
;WIDTH:0.14301
G1 X115.666 Y107.028 E.00071
;WIDTH:0.173621
G1 X115.758 Y107.005 E.00099
;WIDTH:0.208363
G1 X115.844 Y106.983 E.00119
;WIDTH:0.204327
G1 X115.991 Y106.873 E.0024
;WIDTH:0.146472
G1 X116.332 Y106.567 E.00382
G1 X116.594 Y106.279 E.00326
;WIDTH:0.18268
G1 X116.667 Y106.185 E.00133
;WIDTH:0.210967
G1 X116.735 Y106.097 E.00151
;WIDTH:0.218667
G2 X116.769 Y105.997 I-.118 J-.095 E.00154
;WIDTH:0.183133
G1 X116.789 Y105.915 E.00095
;WIDTH:0.15197
G1 X116.808 Y105.821 E.00084
;WIDTH:0.123751
G1 X116.825 Y105.733 E.00059
;WIDTH:0.103308
G1 X116.838 Y105.644 E.00044
G1 X117.566 Y104.83 F18000
;WIDTH:0.117368
G1 F1349
G2 X117.088 Y104.117 I-16.285 J10.406 E.00515
G1 X117.098 Y104.11 F18000
;WIDTH:0.217946
G1 F1349
G1 X117.544 Y104.852 E.01222
G1 X117.528 Y104.868 F18000
;WIDTH:0.373266
G1 F1349
G1 X117.137 Y104.135 E.02214
G1 X115.856 Y102.854 F18000
;WIDTH:0.390611
G1 F1349
G2 X115.127 Y102.477 I-7.814 J14.241 E.02303
G1 X115.145 Y102.459 F18000
;WIDTH:0.23347
G1 F1349
G1 X115.891 Y102.901 E.01332
G1 X115.883 Y102.912 F18000
;WIDTH:0.115864
G1 F1349
G2 X115.169 Y102.435 I-9.98 J14.175 E.00505
G1 X113.721 Y103.317 F18000
;WIDTH:0.168508
G1 F1349
G3 X114.096 Y103.219 I3.177 J11.39 E.00392
;WIDTH:0.119973
G1 X114.287 Y103.179 E.00121
G1 X114.028 Y103.174 F18000
;WIDTH:0.212054
G1 F1349
G1 X113.833 Y103.317 E.00329
;WIDTH:0.180865
G1 X113.692 Y103.43 E.00202
;WIDTH:0.142193
G1 X113.428 Y103.673 E.00287
G1 X113.183 Y103.941 E.00291
;WIDTH:0.186941
G1 X113.052 Y104.106 E.00245
;WIDTH:0.213524
G1 X112.908 Y104.307 E.0034
G1 X112.92 Y104.598 F18000
;WIDTH:0.123799
G1 F1349
G1 X112.951 Y104.419 E.00119
;WIDTH:0.152007
G1 X112.969 Y104.329 E.00081
;WIDTH:0.16713
G1 X113.044 Y103.995 E.00343
G1 X111.888 Y105.921 F18000
;TYPE:Sparse infill
;WIDTH:0.45
G1 F1349
G1 X105.452 Y112.357 E.29885
G3 X106.303 Y112.623 I-.277 J2.376 E.02947
G1 X106.891 Y112.036 E.0273
G1 X108.964 Y112.109 E.06809
G1 X110.037 Y111.036 E.04983
G1 X109.963 Y108.964 E.06809
G1 X111.036 Y107.891 E.04983
G1 X113.109 Y107.964 E.06809
G1 X113.696 Y107.377 E.02726
G2 X114.547 Y107.645 I1.453 J-3.136 E.02937
G1 X108.11 Y114.082 E.29889
G1 X107.08 Y115.402 F18000
;TYPE:Gap infill
;WIDTH:0.103308
G1 F1349
G1 X107.067 Y115.491 E.00044
;WIDTH:0.123751
G1 X107.05 Y115.579 E.00059
;WIDTH:0.15197
G1 X107.031 Y115.673 E.00084
;WIDTH:0.183131
G1 X107.011 Y115.755 E.00095
;WIDTH:0.215733
G3 X106.922 Y115.929 I-.267 J-.027 E.00279
;WIDTH:0.180261
G1 X106.812 Y116.066 E.00195
;WIDTH:0.145412
G1 X106.503 Y116.394 E.00372
G1 X106.233 Y116.631 E.00297
;WIDTH:0.204379
G1 X106.087 Y116.743 E.00241
;WIDTH:0.230602
G1 X106.078 Y116.749 E.00015
;WIDTH:0.215962
G1 X105.997 Y116.769 E.00117
;WIDTH:0.182086
G1 X105.91 Y116.79 E.00101
;WIDTH:0.151077
G1 X105.821 Y116.808 E.00079
;WIDTH:0.12321
G1 X105.644 Y116.838 E.00117
G1 X104.831 Y117.565 F18000
;WIDTH:0.119377
G1 F1349
G3 X104.117 Y117.088 I9.207 J-14.568 E.0053
G1 X104.109 Y117.099 F18000
;WIDTH:0.23864
G1 F1349
G1 X104.855 Y117.541 E.01368
G1 X104.873 Y117.523 F18000
;WIDTH:0.403282
G1 F1349
G3 X104.144 Y117.146 I7.076 J-14.601 E.02387
G1 X102.863 Y115.865 F18000
;WIDTH:0.362889
G1 F1349
G1 X102.472 Y115.132 E.02144
G1 X102.456 Y115.148 F18000
;WIDTH:0.213552
G1 F1349
G1 X102.902 Y115.89 E.01192
G1 X102.912 Y115.883 F18000
;WIDTH:0.114353
G1 F1349
G3 X102.434 Y115.17 I15.808 J-11.12 E.00495
G1 X103.286 Y113.753 F18000
;WIDTH:0.167125
G1 F1349
G1 X103.211 Y114.087 E.00343
;WIDTH:0.152003
G1 X103.193 Y114.177 E.00081
;WIDTH:0.123797
G1 X103.162 Y114.356 E.00119
G1 X103.15 Y114.066 F18000
;WIDTH:0.213524
G1 F1349
G1 X103.294 Y113.864 E.0034
;WIDTH:0.186941
G1 X103.425 Y113.699 E.00245
;WIDTH:0.144291
G1 X103.673 Y113.428 E.003
G1 X103.979 Y113.152 E.00337
;WIDTH:0.197542
G1 X104.133 Y113.031 E.00244
G1 X104.244 Y113.002 E.00143
;WIDTH:0.161571
G1 X104.331 Y112.979 E.00087
;WIDTH:0.120887
G1 X104.528 Y112.937 E.00127
; stop printing object Block.stl id:105326592607568 copy 0
;LAYER_CHANGE
;Z:8.64
;HEIGHT:0.200001
G92 E0 ; zero the extruded length again
; BEFORE_LAYER_CHANGE 42 @ 8.64mm
G1 E-2.29855 F6000
;WIPE_START
G1 X104.331 Y112.979 E-.20145
;WIPE_END
; AFTER_LAYER_CHANGE 42 @ 8.64mm
;_SET_FAN_SPEED_CHANGING_LAYER
; printing object Block.stl id:105326592607568 copy 0
G1 X101.458 Y115.303 Z8.64 F18000
G1 E2.5 F6000
M204 P1000
;TYPE:Outer wall
;WIDTH:0.42
G1 F1355
G1 X115.303 Y101.458 E.5955
G1 X117.181 Y103.336 E.08075
G1 X118.542 Y104.697 E.05855
G1 X104.697 Y118.542 E.5955
G1 X101.501 Y115.346 E.13747
G1 E-1.75 F6000
;WIPE_START
G1 F3600
G1 X102.206 Y114.636 E-.75
;WIPE_END
G1 X105.624 Y117.06 F18000
G1 E2.5 F6000
M204 P1500
;TYPE:Inner wall
;WIDTH:0.45
G1 F1355
G1 X104.697 Y117.987 E.04307
G1 X102.013 Y115.303 E.12463
G1 X102.94 Y114.376 E.04307
G1 X102.918 Y114.879 E.01654
G2 X105.121 Y117.082 I2.208 J-.005 E.11353
G1 X105.564 Y117.062 E.01457
G1 E-1.75 F6000
;WIPE_START
G1 X104.88 Y117.792 E-.75
;WIPE_END
G1 X106.908 Y114.616 F18000
G1 E2.5 F6000
M204 P1000
;TYPE:Outer wall
;WIDTH:0.42
G1 F1355
G1 X106.929 Y114.879 E.00801
G3 X104.729 Y113.112 I-1.807 J-.003 E.24692
G1 X104.887 Y113.084 E.00487
G3 X106.901 Y114.557 I.235 J1.792 E.08375
G1 E-1.75 F6000
;WIPE_START
G1 F3600
G1 X106.929 Y114.879 E-.24244
G1 X106.904 Y115.193 E-.23654
G1 X106.802 Y115.54 E-.27102
;WIPE_END
G1 X114.363 Y102.953 F18000
G1 E2.5 F6000
M204 P1500
;TYPE:Inner wall
;WIDTH:0.45
G1 F1355
G1 X115.303 Y102.013 E.04367
G1 X116.903 Y103.613 E.0743
G1 X117.987 Y104.697 E.05033
G1 X117.06 Y105.624 E.04307
G2 X116.914 Y104.278 I-2.81 J-.377 E.04489
G2 X114.837 Y102.919 I-2.044 J.857 E.08651
G1 X114.423 Y102.949 E.01364
G1 E-1.75 F6000
;WIPE_START
G1 X115.108 Y102.22 E-.75
;WIPE_END
G1 X114.857 Y106.929 F18000
G1 E2.5 F6000
M204 P1000
;TYPE:Outer wall
;WIDTH:0.42
G1 F1355
G1 X114.486 Y106.886 E.01136
G3 X114.487 Y103.354 I.394 J-1.766 E.14878
G1 X114.645 Y103.326 E.00487
G3 X114.917 Y106.929 I.235 J1.794 E.17893
G1 X114.84 Y107.322 F18000
M204 P1500
;TYPE:Inner wall
;WIDTH:0.45
G1 F1355
G1 X114.879 Y107.324 E.00128
G1 X115.382 Y107.302 E.01654
G1 X107.302 Y115.382 E.37521
G2 X107.098 Y113.91 I-2.739 J-.372 E.0494
G2 X105.079 Y112.677 I-2.012 J1.025 E.08179
G1 X104.605 Y112.711 E.01561
G1 X112.698 Y104.618 E.37581
G1 X112.676 Y105.121 E.01654
G2 X114.689 Y107.315 I2.208 J-.005 E.10729
G1 X114.78 Y107.319 E.00299
G1 E-1.75 F6000
;WIPE_START
G1 X114.879 Y107.324 E-.07423
G1 X115.382 Y107.302 E-.37783
G1 X115.101 Y107.583 E-.29794
;WIPE_END
G1 X115.407 Y107.081 F18000
G1 E2.5 F6000
M204 P2000
;TYPE:Gap infill
;WIDTH:0.133988
G1 F1355
G1 X115.574 Y107.052 E.00124
;WIDTH:0.150663
G1 X115.674 Y107.03 E.00089
;WIDTH:0.183974
G1 X115.758 Y107.01 E.00097
;WIDTH:0.216507
G1 X115.836 Y106.991 E.00114
;WIDTH:0.230602
G1 X115.845 Y106.985 E.00015
;WIDTH:0.204378
G1 X115.991 Y106.873 E.00241
;WIDTH:0.145411
G1 X116.261 Y106.636 E.00297
G1 X116.57 Y106.308 E.00372
;WIDTH:0.180256
G1 X116.68 Y106.171 E.00195
;WIDTH:0.225241
G1 X116.85 Y105.934 E.00429
G1 X116.838 Y105.644 F18000
;WIDTH:0.1033
G1 F1355
G1 X116.825 Y105.733 E.00044
;WIDTH:0.123742
G1 X116.808 Y105.821 E.00059
;WIDTH:0.159155
G3 X116.716 Y106.246 I-9.756 J-1.895 E.00407
G1 X117.297 Y105.099 F18000
;WIDTH:0.274142
G1 F1355
G1 X117.507 Y104.504 E.01177
G1 X117.567 Y104.83 F18000
;WIDTH:0.117366
G1 F1355
G2 X117.088 Y104.117 I-16.596 J10.624 E.00515
G1 X117.097 Y104.111 F18000
;WIDTH:0.214193
G1 F1355
G1 X117.545 Y104.851 E.01195
G1 X117.53 Y104.866 F18000
;WIDTH:0.339015
G1 F1355
G1 X117.127 Y104.124 E.02017
G1 X115.856 Y102.854 F18000
;WIDTH:0.390677
G1 F1355
G2 X115.127 Y102.477 I-7.822 J14.257 E.02303
G1 X115.145 Y102.459 F18000
;WIDTH:0.233908
G1 F1355
G1 X115.891 Y102.901 E.01335
G1 X115.883 Y102.912 F18000
;WIDTH:0.115892
G1 F1355
G2 X115.169 Y102.435 I-9.925 J14.097 E.00506
G1 X113.719 Y103.319 F18000
;WIDTH:0.174739
G1 F1355
G3 X114.092 Y103.22 I3.564 J12.652 E.0041
;WIDTH:0.12046
G1 X114.286 Y103.179 E.00124
G1 X114.026 Y103.174 F18000
;WIDTH:0.211677
G1 F1355
G1 X113.832 Y103.318 E.00329
;WIDTH:0.1807
G1 X113.692 Y103.43 E.002
;WIDTH:0.143578
G1 X113.428 Y103.673 E.00291
G1 X113.159 Y103.969 E.00325
;WIDTH:0.183608
G1 X113.091 Y104.057 E.00126
;WIDTH:0.216641
G1 X112.908 Y104.308 E.00435
G1 X112.92 Y104.593 F18000
;WIDTH:0.122322
G1 F1355
G1 X112.947 Y104.44 E.00099
;WIDTH:0.147917
G1 X112.967 Y104.336 E.0009
;WIDTH:0.164525
G1 X113.041 Y103.998 E.0034
G1 X111.705 Y106.104 F18000
;TYPE:Sparse infill
;WIDTH:0.45
G1 F1355
G1 X105.452 Y112.357 E.29034
G3 X106.527 Y112.753 I-.502 J3.019 E.03786
G1 X106.891 Y112.389 E.0169
G1 X108.964 Y111.756 E.07115
G1 X109.683 Y111.036 E.03341
G1 X110.317 Y108.964 E.07115
G1 X111.036 Y108.244 E.03341
G1 X113.109 Y107.611 E.07115
G1 X113.474 Y107.246 E.01695
G2 X114.546 Y107.646 I1.594 J-2.635 E.03779
G1 X108.291 Y113.9 E.29041
G1 X107.542 Y114.676 F18000
;TYPE:Gap infill
;WIDTH:0.116639
G1 F1355
G1 X107.568 Y114.829 E.00092
G1 X106.953 Y116.008 F18000
;WIDTH:0.160739
G1 F1355
G2 X107.051 Y115.577 I-10.647 J-2.638 E.0042
;WIDTH:0.115792
G1 X107.081 Y115.407 E.00101
G1 X107.092 Y115.693 F18000
;WIDTH:0.223661
G1 F1355
G1 X106.949 Y115.893 E.00359
;WIDTH:0.186383
G1 X106.814 Y116.064 E.00252
;WIDTH:0.142172
G1 X106.569 Y116.33 E.00289
G1 X106.304 Y116.573 E.00288
;WIDTH:0.181393
G1 X106.167 Y116.683 E.00196
;WIDTH:0.216301
G1 X106.078 Y116.749 E.00154
;WIDTH:0.215952
G1 X105.997 Y116.769 E.00117
;WIDTH:0.182078
G1 X105.91 Y116.79 E.00101
;WIDTH:0.151361
G1 X105.823 Y116.807 E.00077
;WIDTH:0.123866
G1 X105.646 Y116.839 E.00117
G1 X104.831 Y117.565 F18000
;WIDTH:0.119412
G1 F1355
G3 X104.117 Y117.088 I9.272 J-14.662 E.0053
G1 X104.109 Y117.099 F18000
;WIDTH:0.239092
G1 F1355
G1 X104.855 Y117.541 E.01372
G1 X104.873 Y117.523 F18000
;WIDTH:0.403315
G1 F1355
G3 X104.144 Y117.146 I7.086 J-14.622 E.02387
G1 X102.886 Y115.889 F18000
;WIDTH:0.321399
G1 F1355
G1 X102.468 Y115.136 E.01934
G1 X102.477 Y115.127 F18000
;WIDTH:0.404269
G1 F1355
G2 X102.842 Y115.845 I22.242 J-10.854 E.02347
G1 X102.432 Y115.172 F18000
;WIDTH:0.112274
G1 F1355
G2 X102.912 Y115.883 I14.633 J-9.368 E.0048
G1 X102.904 Y115.889 F18000
;WIDTH:0.210591
G1 F1355
G1 X102.455 Y115.149 E.01171
G1 X103.162 Y114.351 F18000
;WIDTH:0.122321
G1 F1355
G1 X103.189 Y114.198 E.00099
;WIDTH:0.147911
G1 X103.209 Y114.094 E.0009
;WIDTH:0.181082
G1 X103.231 Y114.005 E.00102
;WIDTH:0.215664
G1 X103.251 Y113.922 E.00119
;WIDTH:0.214039
G1 X103.333 Y113.815 E.00186
;WIDTH:0.18361
G1 X103.401 Y113.727 E.00126
;WIDTH:0.146441
G1 X103.673 Y113.428 E.00337
G1 X104.004 Y113.131 E.00371
;WIDTH:0.199364
G1 X104.133 Y113.032 E.00206
G1 X104.245 Y113.001 E.00147
;WIDTH:0.16117
G1 X104.331 Y112.979 E.00085
;WIDTH:0.120825
G1 X104.528 Y112.937 E.00126
; stop printing object Block.stl id:105326592607568 copy 0
;LAYER_CHANGE
;Z:8.84
;HEIGHT:0.2
G92 E0 ; zero the extruded length again
; BEFORE_LAYER_CHANGE 43 @ 8.84mm
G1 E-2.29887 F6000
;WIPE_START
G1 X104.331 Y112.979 E-.20113
;WIPE_END
; AFTER_LAYER_CHANGE 43 @ 8.84mm
;_SET_FAN_SPEED_CHANGING_LAYER
; printing object Block.stl id:105326592607568 copy 0
G1 X101.458 Y115.303 Z8.84 F18000
G1 E2.5 F6000
M204 P1000
;TYPE:Outer wall
;WIDTH:0.42
G1 F1360
G1 X115.303 Y101.458 E.5955
G1 X117.145 Y103.3 E.07923
G1 X118.542 Y104.697 E.06007
G1 X104.697 Y118.542 E.5955
G1 X101.501 Y115.346 E.13747
G1 E-1.75 F6000
;WIPE_START
G1 F3600
G1 X102.206 Y114.636 E-.75
;WIPE_END
G1 X105.624 Y117.06 F18000
G1 E2.5 F6000
M204 P1500
;TYPE:Inner wall
;WIDTH:0.45
G1 F1360
G1 X104.697 Y117.987 E.04307
G1 X102.013 Y115.303 E.12463
G1 X102.94 Y114.376 E.04307
G1 X102.918 Y114.883 E.01668
G2 X105.116 Y117.082 I2.224 J-.025 E.11303
G1 X105.564 Y117.062 E.01474
G1 E-1.75 F6000
;WIPE_START
G1 X104.88 Y117.792 E-.75
;WIPE_END
G1 X106.908 Y114.612 F18000
G1 E2.5 F6000
M204 P1000
;TYPE:Outer wall
;WIDTH:0.42
G1 F1360
G1 X106.926 Y114.879 E.00813
G3 X104.729 Y113.112 I-1.805 J-.005 E.24653
G1 X104.887 Y113.084 E.00487
G3 X106.898 Y114.553 I.234 J1.79 E.08358
G1 E-1.75 F6000
;WIPE_START
G1 F3600
G1 X106.926 Y114.879 E-.24531
G1 X106.888 Y115.271 E-.29525
G1 X106.804 Y115.537 E-.20945
;WIPE_END
G1 X114.363 Y102.953 F18000
G1 E2.5 F6000
M204 P1500
;TYPE:Inner wall
;WIDTH:0.45
G1 F1360
G1 X115.303 Y102.013 E.04368
G1 X116.868 Y103.577 E.07266
G1 X117.987 Y104.697 E.05197
G1 X117.221 Y105.463 E.0356
G1 X117.065 Y105.389 E.00568
G2 X114.836 Y102.919 I-2.189 J-.265 E.12375
G1 X114.423 Y102.949 E.01361
G1 E-1.75 F6000
;WIPE_START
G1 X115.108 Y102.221 E-.75
;WIPE_END
G1 X114.849 Y106.928 F18000
G1 E2.5 F6000
M204 P1000
;TYPE:Outer wall
;WIDTH:0.42
G1 F1360
G1 X114.522 Y106.892 E.01
G3 X114.487 Y103.354 I.358 J-1.773 E.14984
G1 X114.645 Y103.326 E.00487
G3 X114.909 Y106.928 I.235 J1.794 E.17911
G1 X114.81 Y107.317 F18000
M204 P1500
;TYPE:Inner wall
;WIDTH:0.45
G1 F1360
G1 X114.879 Y107.324 E.00227
G1 X115.382 Y107.302 E.01654
G1 X107.463 Y115.222 E.36774
G1 X107.307 Y115.147 E.00568
G2 X105.078 Y112.677 I-2.188 J-.266 E.12376
G1 X104.605 Y112.711 E.01558
G1 X112.698 Y104.618 E.37582
G1 X112.676 Y105.121 E.01654
G2 X114.445 Y107.28 I2.208 J-.005 E.09917
G1 X114.751 Y107.311 E.0101
G1 E-1.75 F6000
;WIPE_START
G1 X114.879 Y107.324 E-.09686
G1 X115.382 Y107.302 E-.37783
G1 X115.123 Y107.561 E-.27531
;WIPE_END
G1 X115.402 Y107.08 F18000
G1 E2.5 F6000
M204 P2000
;TYPE:Gap infill
;WIDTH:0.123226
G1 F1360
G1 X115.579 Y107.05 E.00117
;WIDTH:0.151083
G1 X115.668 Y107.032 E.00079
;WIDTH:0.182084
G1 X115.755 Y107.011 E.00101
;WIDTH:0.215961
G1 X115.836 Y106.991 E.00117
;WIDTH:0.230601
G1 X115.845 Y106.985 E.00015
;WIDTH:0.204377
G1 X115.991 Y106.873 E.00241
;WIDTH:0.146521
G1 X116.332 Y106.567 E.00382
G1 X116.595 Y106.277 E.00327
;WIDTH:0.182915
G1 X116.667 Y106.185 E.00133
;WIDTH:0.211071
G1 X116.735 Y106.097 E.0015
;WIDTH:0.241683
G1 X116.793 Y106.015 E.00161
;WIDTH:0.274803
G1 X116.845 Y105.941 E.0017
;WIDTH:0.292724
G1 X117.068 Y105.608 E.00808
G1 X117.052 Y105.6 F18000
;WIDTH:0.381822
G1 F1360
G3 X116.588 Y106.373 I-18.029 J-10.297 E.02465
G1 X117.297 Y105.099 F18000
;WIDTH:0.274997
G1 F1360
G1 X117.507 Y104.504 E.01181
G1 X117.567 Y104.83 F18000
;WIDTH:0.117375
G1 F1360
G2 X117.088 Y104.117 I-16.544 J10.587 E.00516
G1 X117.097 Y104.111 F18000
;WIDTH:0.214201
G1 F1360
G1 X117.545 Y104.851 E.01195
G1 X117.53 Y104.866 F18000
;WIDTH:0.338959
G1 F1360
G1 X117.127 Y104.124 E.02016
G1 X115.856 Y102.853 F18000
;WIDTH:0.390754
G1 F1360
G2 X115.127 Y102.477 I-7.836 J14.285 E.02303
G1 X115.145 Y102.459 F18000
;WIDTH:0.234347
G1 F1360
G1 X115.891 Y102.901 E.01338
G1 X115.883 Y102.912 F18000
;WIDTH:0.115921
G1 F1360
G2 X115.169 Y102.435 I-9.989 J14.189 E.00506
G1 X114.286 Y103.179 F18000
;WIDTH:0.120769
G1 F1360
G1 X114.09 Y103.221 E.00126
;WIDTH:0.161056
G1 X114.003 Y103.243 E.00085
;WIDTH:0.19903
G1 X113.891 Y103.274 E.00147
G1 X113.759 Y103.375 E.0021
;WIDTH:0.146712
G1 X113.434 Y103.667 E.00366
G1 X113.159 Y103.97 E.00342
;WIDTH:0.183729
G1 X113.091 Y104.057 E.00126
;WIDTH:0.216702
G1 X112.908 Y104.308 E.00435
G1 X112.92 Y104.598 F18000
;WIDTH:0.123346
G1 F1360
G1 X112.95 Y104.421 E.00117
;WIDTH:0.15114
G1 X112.968 Y104.332 E.00079
;WIDTH:0.165786
G1 X113.043 Y103.996 E.00341
G1 X112.429 Y105.175 F18000
;WIDTH:0.0969196
G1 F1360
G1 X112.459 Y105.349 E.00077
G1 X113.351 Y108.84 F18000
;TYPE:Sparse infill
;WIDTH:0.45
G1 F1360
G1 X107.644 Y114.547 E.26499
G2 X106.731 Y112.903 I-2.762 J.457 E.06299
G1 X106.891 Y112.743 E.00743
G1 X108.964 Y111.402 E.08104
G1 X109.33 Y111.036 E.017
G1 X110.67 Y108.964 E.08104
G1 X111.036 Y108.598 E.017
G1 X113.109 Y107.257 E.08104
G1 X113.269 Y107.097 E.00743
G3 X112.399 Y105.713 I1.634 J-1.991 E.05461
G1 X112.127 Y105.76 E.00908
G1 X112.115 Y105.693 E.00223
G1 X106.465 Y111.344 E.26237
G1 X104.528 Y112.937 F18000
;TYPE:Gap infill
;WIDTH:0.120763
G1 F1360
G1 X104.332 Y112.979 E.00126
;WIDTH:0.161319
G1 X104.244 Y113.002 E.00086
;WIDTH:0.197333
G1 X104.133 Y113.032 E.00143
G1 X103.977 Y113.153 E.00246
;WIDTH:0.144228
G1 X103.673 Y113.428 E.00336
G1 X103.425 Y113.699 E.003
;WIDTH:0.187172
G1 X103.293 Y113.865 E.00247
;WIDTH:0.213973
G1 X103.15 Y114.066 E.00339
G1 X103.162 Y114.356 F18000
;WIDTH:0.123767
G1 F1360
G1 X103.193 Y114.177 E.00118
;WIDTH:0.151973
G1 X103.211 Y114.087 E.00081
;WIDTH:0.16709
G1 X103.286 Y113.753 E.00343
G1 X102.703 Y114.901 F18000
;WIDTH:0.274981
G1 F1360
G1 X102.493 Y115.496 E.01181
G1 X102.433 Y115.17 F18000
;WIDTH:0.114353
G1 F1360
G2 X102.912 Y115.883 I16.605 J-10.629 E.00495
G1 X102.903 Y115.889 F18000
;WIDTH:0.210574
G1 F1360
G1 X102.455 Y115.149 E.0117
G1 X102.47 Y115.134 F18000
;WIDTH:0.330197
G1 F1360
G1 X102.873 Y115.876 E.01957
G1 X104.123 Y117.126 F18000
;WIDTH:0.338038
G1 F1360
G1 X104.866 Y117.53 E.02013
G1 X104.851 Y117.545 F18000
;WIDTH:0.214198
G1 F1360
G1 X104.111 Y117.097 E.01195
G1 X104.117 Y117.088 F18000
;WIDTH:0.117361
G1 F1360
G2 X104.83 Y117.566 I11.205 J-15.929 E.00515
G1 X104.504 Y117.506 F18000
;WIDTH:0.27386
G1 F1360
G1 X105.098 Y117.298 E.01174
G1 X105.644 Y116.838 F18000
;WIDTH:0.123227
G1 F1360
G1 X105.821 Y116.808 E.00117
;WIDTH:0.151085
G1 X105.91 Y116.79 E.00079
;WIDTH:0.182083
G1 X105.997 Y116.769 E.00101
;WIDTH:0.215958
G1 X106.078 Y116.749 E.00117
;WIDTH:0.2147
G1 X106.181 Y116.671 E.00178
;WIDTH:0.185258
G1 X106.265 Y116.605 E.00122
;WIDTH:0.146804
G1 X106.567 Y116.332 E.00342
G1 X106.869 Y115.996 E.00378
;WIDTH:0.202529
G1 X106.98 Y115.851 E.00235
;WIDTH:0.242862
G1 X107.036 Y115.772 E.00156
;WIDTH:0.275126
G1 X107.087 Y115.699 E.00166
;WIDTH:0.292725
G1 X107.31 Y115.366 E.00808
G1 X107.294 Y115.358 F18000
;WIDTH:0.381832
G1 F1360
G3 X106.83 Y116.131 I-18.026 J-10.295 E.02465
; stop printing object Block.stl id:105326592607568 copy 0
;LAYER_CHANGE
;Z:9.04
;HEIGHT:0.2
G92 E0 ; zero the extruded length again
; BEFORE_LAYER_CHANGE 44 @ 9.04mm
G1 E-1.75 F6000
;WIPE_START
G1 X107.294 Y115.358 E-.75
;WIPE_END
; AFTER_LAYER_CHANGE 44 @ 9.04mm
;_SET_FAN_SPEED_CHANGING_LAYER
; printing object Block.stl id:105326592607568 copy 0
G1 X101.458 Y115.303 Z9.04 F18000
G1 E2.5 F6000
M204 P1000
;TYPE:Outer wall
;WIDTH:0.42
G1 F1352
G1 X115.303 Y101.458 E.5955
G1 X117.11 Y103.265 E.07771
G1 X118.542 Y104.697 E.06159
G1 X104.697 Y118.542 E.5955
G1 X101.501 Y115.346 E.13747
G1 E-1.75 F6000
;WIPE_START
G1 F3600
G1 X102.206 Y114.636 E-.75
;WIPE_END
G1 X105.63 Y117.054 F18000
G1 E2.5 F6000
M204 P1500
;TYPE:Inner wall
;WIDTH:0.45
G1 F1352
G1 X104.697 Y117.987 E.04335
G1 X102.013 Y115.303 E.12463
G1 X102.94 Y114.376 E.04307
G1 X102.918 Y114.876 E.01644
G2 X105.125 Y117.082 I2.208 J-.002 E.11377
G1 X105.57 Y117.057 E.01464
G1 E-1.75 F6000
;WIPE_START
G1 X104.886 Y117.786 E-.75
;WIPE_END
G1 X106.905 Y114.607 F18000
G1 E2.5 F6000
M204 P1000
;TYPE:Outer wall
;WIDTH:0.42
G1 F1352
G1 X106.931 Y114.879 E.00832
G3 X104.729 Y113.112 I-1.809 J-.002 E.24717
G1 X104.887 Y113.084 E.00487
G3 X106.897 Y114.53 I.235 J1.794 E.08294
G1 X106.899 Y114.547 E.00053
G1 E-1.75 F6000
;WIPE_START
G1 F3600
G1 X106.931 Y114.879 E-.25008
G1 X106.896 Y115.236 E-.26895
G1 X106.806 Y115.531 E-.23097
;WIPE_END
G1 X114.363 Y102.953 F18000
G1 E2.5 F6000
M204 P1500
;TYPE:Inner wall
;WIDTH:0.45
G1 F1352
G1 X115.303 Y102.013 E.04368
G1 X116.833 Y103.542 E.07102
G1 X117.987 Y104.697 E.05361
G1 X117.06 Y105.624 E.04307
G2 X116.914 Y104.278 I-2.833 J-.374 E.04489
G2 X114.835 Y102.919 I-2.045 J.858 E.08656
G1 X114.422 Y102.949 E.01359
G1 E-1.75 F6000
;WIPE_START
G1 X115.108 Y102.221 E-.75
;WIPE_END
G1 X114.842 Y106.927 F18000
G1 E2.5 F6000
M204 P1000
;TYPE:Outer wall
;WIDTH:0.42
G1 F1352
G1 X114.524 Y106.889 E.00975
G3 X114.487 Y103.354 I.356 J-1.771 E.14971
G1 X114.645 Y103.326 E.00487
G3 X114.901 Y106.924 I.235 J1.791 E.17912
G1 X114.803 Y107.316 F18000
M204 P1500
;TYPE:Inner wall
;WIDTH:0.45
G1 F1352
G1 X114.883 Y107.324 E.00264
G1 X115.388 Y107.296 E.01661
G1 X107.302 Y115.382 E.37549
G2 X107.156 Y114.036 I-2.824 J-.375 E.04489
G2 X105.077 Y112.677 I-2.069 J.894 E.08637
G1 X104.605 Y112.711 E.01556
G1 X112.698 Y104.618 E.37582
G1 X112.676 Y105.121 E.01654
G2 X114.445 Y107.28 I2.208 J-.005 E.0992
G1 X114.743 Y107.31 E.00984
G1 E-1.75 F6000
;WIPE_START
G1 X114.883 Y107.324 E-.10536
G1 X115.388 Y107.296 E-.37937
G1 X115.138 Y107.546 E-.26528
;WIPE_END
G1 X115.434 Y107.073 F18000
G1 E2.5 F6000
M204 P2000
;TYPE:Gap infill
;WIDTH:0.118935
G1 F1352
G1 X115.579 Y107.045 E.00091
;WIDTH:0.142521
G1 X115.666 Y107.028 E.00071
;WIDTH:0.173064
G1 X115.757 Y107.005 E.00099
;WIDTH:0.207734
G1 X115.844 Y106.983 E.00118
;WIDTH:0.204308
G1 X115.991 Y106.873 E.0024
;WIDTH:0.145412
G1 X116.327 Y106.572 E.00373
G1 X116.57 Y106.308 E.00296
;WIDTH:0.180633
G1 X116.682 Y106.168 E.00199
;WIDTH:0.214528
G2 X116.755 Y106.054 I-.43 J-.356 E.00189
G1 X116.773 Y105.981 E.00104
;WIDTH:0.179449
G1 X116.789 Y105.913 E.00077
;WIDTH:0.151521
G1 X116.808 Y105.821 E.00083
;WIDTH:0.123589
G1 X116.825 Y105.733 E.00058
;WIDTH:0.103282
G1 X116.838 Y105.644 E.00044
G1 X117.289 Y105.107 F18000
;WIDTH:0.171032
G1 F1352
G1 X117.514 Y104.511 E.00659
G1 X117.503 Y104.5 F18000
;WIDTH:0.337448
G1 F1352
G1 X117.303 Y105.093 E.01485
G1 X117.567 Y104.83 F18000
;WIDTH:0.117366
G1 F1352
G2 X117.088 Y104.117 I-16.606 J10.63 E.00515
G1 X117.097 Y104.111 F18000
;WIDTH:0.214203
G1 F1352
G1 X117.545 Y104.851 E.01195
G1 X117.531 Y104.865 F18000
;WIDTH:0.334018
G1 F1352
G1 X117.122 Y104.119 E.01998
G1 X115.856 Y102.853 F18000
;WIDTH:0.390839
G1 F1352
G2 X115.127 Y102.477 I-7.857 J14.33 E.02303
G1 X115.145 Y102.459 F18000
;WIDTH:0.23479
G1 F1352
G1 X115.891 Y102.901 E.01342
G1 X115.883 Y102.912 F18000
;WIDTH:0.11595
G1 F1352
G2 X115.169 Y102.435 I-9.902 J14.065 E.00506
G1 X114.286 Y103.179 F18000
;WIDTH:0.120712
G1 F1352
G1 X114.09 Y103.221 E.00126
;WIDTH:0.161212
G1 X114.002 Y103.244 E.00086
;WIDTH:0.19723
G1 X113.891 Y103.274 E.00143
G1 X113.735 Y103.395 E.00246
;WIDTH:0.14545
G1 X113.431 Y103.67 E.00339
G1 X113.158 Y103.97 E.00335
;WIDTH:0.18385
G1 X113.091 Y104.057 E.00126
;WIDTH:0.216767
G1 X112.908 Y104.308 E.00435
G1 X112.92 Y104.598 F18000
;WIDTH:0.123335
G1 F1352
G1 X112.95 Y104.421 E.00117
;WIDTH:0.151135
G1 X112.968 Y104.332 E.00079
;WIDTH:0.165785
G1 X113.043 Y103.996 E.00341
G1 X112.429 Y105.175 F18000
;WIDTH:0.0969196
G1 F1352
G1 X112.459 Y105.35 E.00077
G1 X111.529 Y106.279 F18000
;TYPE:Sparse infill
;WIDTH:0.45
G1 F1352
G1 X105.694 Y112.114 E.27096
G1 X105.686 Y112.396 E.00925
G3 X106.925 Y113.075 I-.573 J2.517 E.04699
G1 X113.081 Y106.919 E.28585
G2 X114.551 Y107.641 I1.749 J-1.703 E.05482
G1 X108.662 Y113.53 E.27344
G1 X107.08 Y115.402 F18000
;TYPE:Gap infill
;WIDTH:0.103281
G1 F1352
G1 X107.067 Y115.491 E.00044
;WIDTH:0.123711
G1 X107.05 Y115.579 E.00059
;WIDTH:0.151955
G1 X107.031 Y115.673 E.00084
;WIDTH:0.183129
G1 X107.011 Y115.755 E.00095
;WIDTH:0.218334
G3 X106.98 Y115.851 I-.142 J.008 E.00147
;WIDTH:0.202526
G1 X106.869 Y115.996 E.00235
;WIDTH:0.146782
G1 X106.57 Y116.329 E.00375
G1 X106.265 Y116.605 E.00345
;WIDTH:0.185136
G1 X106.181 Y116.67 E.00122
;WIDTH:0.212862
G1 X106.089 Y116.74 E.00159
;WIDTH:0.208606
G1 X106.001 Y116.762 E.00121
;WIDTH:0.173352
G1 X105.908 Y116.786 E.00101
;WIDTH:0.14252
G1 X105.821 Y116.803 E.00071
;WIDTH:0.118934
G1 X105.676 Y116.831 E.00091
G1 X104.83 Y117.566 F18000
;WIDTH:0.117372
G1 F1352
G3 X104.117 Y117.088 I10.494 J-16.411 E.00516
G1 X104.11 Y117.097 F18000
;WIDTH:0.217222
G1 F1352
G1 X104.852 Y117.544 E.01217
G1 X104.868 Y117.529 F18000
;WIDTH:0.365865
G1 F1352
G1 X104.133 Y117.135 E.02171
G1 X102.878 Y115.881 F18000
;WIDTH:0.326693
G1 F1352
G1 X102.469 Y115.135 E.01948
G1 X102.455 Y115.149 F18000
;WIDTH:0.210576
G1 F1352
G1 X102.904 Y115.889 E.01171
G1 X102.912 Y115.883 F18000
;WIDTH:0.11219
G1 F1352
G3 X102.432 Y115.172 I14.019 J-9.989 E.0048
G1 X102.697 Y114.907 F18000
;WIDTH:0.337464
G1 F1352
G1 X102.497 Y115.5 E.01485
G1 X102.486 Y115.489 F18000
;WIDTH:0.17103
G1 F1352
G1 X102.711 Y114.893 E.00659
G1 X103.284 Y113.754 F18000
;WIDTH:0.16577
G1 F1352
G1 X103.21 Y114.09 E.00341
;WIDTH:0.151122
G1 X103.192 Y114.179 E.00079
;WIDTH:0.123328
G1 X103.162 Y114.356 E.00117
G1 X103.15 Y114.066 F18000
;WIDTH:0.228832
G1 F1352
G1 X103.257 Y113.913 E.0028
;WIDTH:0.204376
G1 X103.369 Y113.767 E.00241
;WIDTH:0.147928
G1 X103.67 Y113.431 E.00382
G1 X104.004 Y113.131 E.0038
;WIDTH:0.199246
G1 X104.133 Y113.032 E.00205
G1 X104.245 Y113.001 E.00147
;WIDTH:0.16093
G1 X104.332 Y112.979 E.00085
;WIDTH:0.12071
G1 X104.528 Y112.937 E.00126
G1 X105.171 Y112.433 F18000
;WIDTH:0.0969202
G1 F1352
G1 X105.324 Y112.457 E.00067
; stop printing object Block.stl id:105326592607568 copy 0
;LAYER_CHANGE
;Z:9.24
;HEIGHT:0.2
G92 E0 ; zero the extruded length again
; BEFORE_LAYER_CHANGE 45 @ 9.24mm
G1 E-2.34531 F6000
;WIPE_START
G1 X105.171 Y112.433 E-.15469
;WIPE_END
; AFTER_LAYER_CHANGE 45 @ 9.24mm
;_SET_FAN_SPEED_CHANGING_LAYER
; printing object Block.stl id:105326592607568 copy 0
G1 X101.458 Y115.303 Z9.24 F18000
G1 E2.5 F6000
M204 P1000
;TYPE:Outer wall
;WIDTH:0.42
G1 F1357
G1 X115.303 Y101.458 E.5955
G1 X117.075 Y103.229 E.07619
G1 X118.542 Y104.697 E.06311
G1 X104.697 Y118.542 E.5955
G1 X101.501 Y115.346 E.13747
G1 E-1.75 F6000
;WIPE_START
G1 F3600
G1 X102.206 Y114.636 E-.75
;WIPE_END
G1 X105.624 Y117.06 F18000
G1 E2.5 F6000
M204 P1500
;TYPE:Inner wall
;WIDTH:0.45
G1 F1357
G1 X104.697 Y117.987 E.04307
G1 X102.013 Y115.303 E.12463
G1 X102.94 Y114.376 E.04307
G1 X102.918 Y114.879 E.01654
G2 X105.121 Y117.082 I2.208 J-.005 E.11353
G1 X105.564 Y117.062 E.01457
G1 E-1.75 F6000
;WIPE_START
G1 X104.88 Y117.792 E-.75
;WIPE_END
G1 X106.904 Y114.603 F18000
G1 E2.5 F6000
M204 P1000
;TYPE:Outer wall
;WIDTH:0.42
G1 F1357
G1 X106.932 Y114.879 E.00845
G3 X104.729 Y113.112 I-1.81 J-.001 E.2473
G1 X104.887 Y113.084 E.00487
G3 X106.898 Y114.529 I.235 J1.794 E.08293
G1 X106.899 Y114.543 E.00043
G1 E-1.75 F6000
;WIPE_START
G1 F3600
G1 X106.932 Y114.879 E-.25325
G1 X106.904 Y115.193 E-.2367
G1 X106.806 Y115.526 E-.26005
;WIPE_END
G1 X114.363 Y102.953 F18000
G1 E2.5 F6000
M204 P1500
;TYPE:Inner wall
;WIDTH:0.45
G1 F1357
G1 X115.303 Y102.013 E.04368
G1 X116.797 Y103.507 E.06937
G1 X117.987 Y104.697 E.05526
G1 X117.06 Y105.624 E.04307
G2 X116.914 Y104.278 I-2.824 J-.375 E.04489
G2 X114.834 Y102.919 I-2.061 J.883 E.08646
G1 X114.422 Y102.949 E.01357
G1 E-1.75 F6000
;WIPE_START
G1 X115.108 Y102.221 E-.75
;WIPE_END
G1 X114.834 Y106.927 F18000
G1 E2.5 F6000
M204 P1000
;TYPE:Outer wall
;WIDTH:0.42
G1 F1357
G1 X114.563 Y106.901 E.00829
G3 X114.487 Y103.354 I.317 J-1.781 E.15115
G1 X114.645 Y103.326 E.00487
G3 X114.894 Y106.929 I.235 J1.794 E.17961
G1 X114.8 Y107.317 F18000
M204 P1500
;TYPE:Inner wall
;WIDTH:0.45
G1 F1357
G1 X114.879 Y107.324 E.0026
G1 X115.382 Y107.302 E.01654
G1 X107.302 Y115.382 E.37521
G2 X107.097 Y113.908 I-2.738 J-.372 E.04948
G2 X105.076 Y112.677 I-1.986 J.985 E.08197
G1 X104.604 Y112.711 E.01554
G1 X112.698 Y104.618 E.37582
G1 X112.676 Y105.121 E.01654
G2 X114.492 Y107.286 I2.223 J-.02 E.10055
G1 X114.74 Y107.311 E.00819
G1 E-1.75 F6000
;WIPE_START
G1 X114.879 Y107.324 E-.10442
G1 X115.382 Y107.302 E-.37783
G1 X115.13 Y107.554 E-.26774
;WIPE_END
G1 X115.407 Y107.081 F18000
G1 E2.5 F6000
M204 P2000
;TYPE:Gap infill
;WIDTH:0.13399
G1 F1357
G1 X115.574 Y107.052 E.00124
;WIDTH:0.150654
G1 X115.674 Y107.03 E.00089
;WIDTH:0.183958
G1 X115.758 Y107.01 E.00097
;WIDTH:0.216499
G1 X115.837 Y106.991 E.00114
;WIDTH:0.230598
G1 X115.845 Y106.985 E.00015
;WIDTH:0.204377
G1 X115.991 Y106.873 E.00241
;WIDTH:0.146572
G1 X116.332 Y106.567 E.00382
G1 X116.596 Y106.276 E.00329
;WIDTH:0.183156
G1 X116.668 Y106.184 E.00132
;WIDTH:0.211183
G1 X116.735 Y106.097 E.00149
;WIDTH:0.229798
G1 X116.85 Y105.934 E.00301
G1 X116.838 Y105.644 F18000
;WIDTH:0.103277
G1 F1357
G1 X116.825 Y105.733 E.00044
;WIDTH:0.123708
G1 X116.808 Y105.821 E.00059
;WIDTH:0.159148
G3 X116.715 Y106.246 I-9.664 J-1.876 E.00407
G1 X117.546 Y104.85 F18000
;WIDTH:0.212579
G1 F1357
G1 X117.096 Y104.111 E.01184
G1 X117.088 Y104.117 F18000
;WIDTH:0.117364
G1 F1357
G3 X117.567 Y104.83 I-16.116 J11.335 E.00515
G1 X117.154 Y104.151 F18000
;WIDTH:0.408308
G1 F1357
G3 X117.523 Y104.873 I-18.124 J9.724 E.02391
G1 X117.534 Y104.863 F18000
;WIDTH:0.303507
G1 F1357
G1 X117.107 Y104.105 E.01828
G1 X115.856 Y102.853 F18000
;WIDTH:0.3909
G1 F1357
G2 X115.127 Y102.477 I-7.854 J14.324 E.02304
G1 X115.145 Y102.459 F18000
;WIDTH:0.235217
G1 F1357
G1 X115.891 Y102.901 E.01345
G1 X115.883 Y102.912 F18000
;WIDTH:0.115978
G1 F1357
G2 X115.169 Y102.435 I-9.874 J14.024 E.00506
G1 X114.285 Y103.179 F18000
;WIDTH:0.121159
G1 F1357
G1 X114.086 Y103.222 E.00129
;WIDTH:0.164673
G1 X113.988 Y103.248 E.00099
;WIDTH:0.205167
G2 X113.872 Y103.288 I-.003 J.18 E.00164
;WIDTH:0.201126
G1 X113.786 Y103.356 E.0014
;WIDTH:0.159882
G1 X113.56 Y103.546 E.00278
;WIDTH:0.141818
G1 X113.158 Y103.971 E.00467
;WIDTH:0.183972
G1 X113.09 Y104.058 E.00125
;WIDTH:0.216827
G1 X112.908 Y104.308 E.00434
G1 X112.919 Y104.594 F18000
;WIDTH:0.124242
G1 F1357
G1 X112.951 Y104.418 E.00117
;WIDTH:0.151519
G1 X112.968 Y104.332 E.00077
;WIDTH:0.165776
G1 X113.043 Y103.996 E.00341
G1 X111.349 Y106.459 F18000
;TYPE:Sparse infill
;WIDTH:0.45
G1 F1357
G1 X105.456 Y112.352 E.27364
G3 X106.925 Y113.075 I-.615 J3.103 E.05437
G1 X113.081 Y106.919 E.28585
G2 X114.548 Y107.644 I1.764 J-1.724 E.05476
G1 X108.657 Y113.534 E.27353
G1 X107.081 Y115.407 F18000
;TYPE:Gap infill
;WIDTH:0.115786
G1 F1357
G1 X107.051 Y115.577 E.00101
;WIDTH:0.151829
G1 X107.03 Y115.679 E.00091
;WIDTH:0.184776
G1 X107.01 Y115.758 E.00093
;WIDTH:0.219147
G3 X106.977 Y115.855 I-.148 J.005 E.0015
;WIDTH:0.211184
G1 X106.91 Y115.942 E.00149
;WIDTH:0.183156
G1 X106.838 Y116.034 E.00132
;WIDTH:0.143572
G1 X106.572 Y116.327 E.00321
G1 X106.304 Y116.573 E.00295
;WIDTH:0.181388
G1 X106.167 Y116.683 E.00196
;WIDTH:0.216295
G1 X106.078 Y116.749 E.00154
;WIDTH:0.215956
G1 X105.997 Y116.769 E.00117
;WIDTH:0.182081
G1 X105.91 Y116.79 E.00101
;WIDTH:0.151489
G1 X105.824 Y116.807 E.00077
;WIDTH:0.124167
G1 X105.647 Y116.839 E.00117
G1 X105.105 Y117.291 F18000
;WIDTH:0.210288
G1 F1357
G1 X104.509 Y117.512 E.00859
G1 X104.499 Y117.502 F18000
;WIDTH:0.335091
G1 F1357
G1 X105.091 Y117.305 E.01469
G1 X104.828 Y117.569 F18000
;WIDTH:0.114561
G1 F1357
G3 X104.117 Y117.088 I9.081 J-14.193 E.00496
G1 X104.111 Y117.096 F18000
;WIDTH:0.214211
G1 F1357
G1 X104.851 Y117.545 E.01196
G1 X104.865 Y117.531 F18000
;WIDTH:0.334011
G1 F1357
G1 X104.119 Y117.122 E.01998
G1 X102.893 Y115.895 F18000
;WIDTH:0.299293
G1 F1357
G1 X102.466 Y115.137 E.01798
G1 X102.477 Y115.127 F18000
;WIDTH:0.399097
G1 F1357
G2 X102.846 Y115.849 I18.522 J-9.015 E.0233
G1 X102.433 Y115.17 F18000
;WIDTH:0.114365
G1 F1357
G2 X102.912 Y115.883 I16.483 J-10.544 E.00495
G1 X102.904 Y115.889 F18000
;WIDTH:0.20929
G1 F1357
G1 X102.454 Y115.15 E.01161
G1 X103.283 Y113.756 F18000
;WIDTH:0.16444
G1 F1357
G1 X103.209 Y114.094 E.0034
;WIDTH:0.147709
G1 X103.189 Y114.199 E.00091
;WIDTH:0.122412
G1 X103.162 Y114.35 E.00098
G1 X103.15 Y114.066 F18000
;WIDTH:0.216829
G1 F1357
G1 X103.332 Y113.816 E.00434
;WIDTH:0.183973
G1 X103.4 Y113.729 E.00125
;WIDTH:0.14545
G1 X103.673 Y113.428 E.00336
G1 X103.976 Y113.154 E.00338
;WIDTH:0.197127
G1 X104.133 Y113.032 E.00247
G1 X104.244 Y113.002 E.00143
;WIDTH:0.161082
G1 X104.332 Y112.979 E.00086
;WIDTH:0.120649
G1 X104.527 Y112.937 E.00126
; stop printing object Block.stl id:105326592607568 copy 0
;LAYER_CHANGE
;Z:9.44
;HEIGHT:0.2
G92 E0 ; zero the extruded length again
; BEFORE_LAYER_CHANGE 46 @ 9.44mm
G1 E-2.29977 F6000
;WIPE_START
G1 X104.332 Y112.979 E-.20023
;WIPE_END
; AFTER_LAYER_CHANGE 46 @ 9.44mm
;_SET_FAN_SPEED_CHANGING_LAYER
; printing object Block.stl id:105326592607568 copy 0
G1 X101.458 Y115.303 Z9.44 F18000
G1 E2.5 F6000
M204 P1000
;TYPE:Outer wall
;WIDTH:0.42
G1 F1357
G1 X115.303 Y101.458 E.5955
G1 X117.039 Y103.194 E.07467
G1 X118.542 Y104.697 E.06463
G1 X104.697 Y118.542 E.5955
G1 X101.501 Y115.346 E.13747
G1 E-1.75 F6000
;WIPE_START
G1 F3600
G1 X102.206 Y114.636 E-.75
;WIPE_END
G1 X105.389 Y117.065 F18000
G1 E2.5 F6000
M204 P1500
;TYPE:Inner wall
;WIDTH:0.45
G1 F1357
G1 X105.463 Y117.221 E.00568
G1 X104.697 Y117.987 E.0356
G1 X102.013 Y115.303 E.12463
G1 X102.94 Y114.376 E.04307
G1 X102.918 Y114.879 E.01654
G2 X105.329 Y117.071 I2.203 J-.002 E.1204
G1 E-1.75 F6000
;WIPE_START
G1 X105.463 Y117.221 E-.15084
G1 X104.899 Y117.785 E-.59916
;WIPE_END
G1 X106.903 Y114.613 F18000
G1 E2.5 F6000
M204 P1000
;TYPE:Outer wall
;WIDTH:0.42
G1 F1357
G1 X106.924 Y114.719 E.00331
G3 X104.729 Y113.112 I-1.802 J.159 E.25212
G1 X104.887 Y113.084 E.00487
G3 X106.848 Y114.337 I.235 J1.794 E.07689
G1 X106.891 Y114.554 E.00674
G1 E-1.75 F6000
;WIPE_START
G1 F3600
G1 X106.924 Y114.719 E-.12653
G1 X106.924 Y115.039 E-.23969
G1 X106.848 Y115.422 E-.29261
G1 X106.802 Y115.534 E-.09117
;WIPE_END
G1 X114.362 Y102.953 F18000
G1 E2.5 F6000
M204 P1500
;TYPE:Inner wall
;WIDTH:0.45
G1 F1357
G1 X115.303 Y102.013 E.04368
G1 X116.762 Y103.471 E.06773
G1 X117.987 Y104.697 E.0569
G1 X117.06 Y105.624 E.04307
G2 X116.914 Y104.278 I-2.809 J-.377 E.04489
G2 X114.834 Y102.919 I-2.039 J.849 E.08666
G1 X114.422 Y102.949 E.01354
G1 E-1.75 F6000
;WIPE_START
G1 X115.108 Y102.221 E-.75
;WIPE_END
G1 X114.828 Y106.926 F18000
G1 E2.5 F6000
M204 P1000
;TYPE:Outer wall
;WIDTH:0.42
G1 F1357
G1 X114.524 Y106.893 E.0093
G3 X114.487 Y103.354 I.356 J-1.774 E.14992
G1 X114.645 Y103.326 E.00487
G3 X114.888 Y106.928 I.235 J1.794 E.17977
G1 X114.789 Y107.315 F18000
M204 P1500
;TYPE:Inner wall
;WIDTH:0.45
G1 F1357
G1 X114.879 Y107.324 E.00296
G1 X115.382 Y107.302 E.01654
G1 X107.302 Y115.382 E.37521
G2 X107.097 Y113.907 I-2.738 J-.372 E.0495
G2 X105.076 Y112.677 I-1.985 J.986 E.08197
G1 X104.604 Y112.712 E.01551
G1 X112.698 Y104.618 E.37582
G1 X112.676 Y105.121 E.01654
G2 X114.447 Y107.277 I2.223 J-.021 E.09904
G1 X114.73 Y107.308 E.00932
G1 E-1.75 F6000
;WIPE_START
G1 X114.879 Y107.324 E-.11256
G1 X115.382 Y107.302 E-.37783
G1 X115.138 Y107.546 E-.25961
;WIPE_END
G1 X115.402 Y107.08 F18000
G1 E2.5 F6000
M204 P2000
;TYPE:Gap infill
;WIDTH:0.123249
G1 F1357
G1 X115.579 Y107.05 E.00117
;WIDTH:0.151088
G1 X115.668 Y107.032 E.00079
;WIDTH:0.182076
G1 X115.755 Y107.011 E.00101
;WIDTH:0.215953
G1 X115.837 Y106.991 E.00117
;WIDTH:0.2306
G1 X115.845 Y106.985 E.00015
;WIDTH:0.205109
G1 X115.987 Y106.876 E.00234
;WIDTH:0.171417
G1 X116.067 Y106.81 E.00107
;WIDTH:0.143437
G1 X116.33 Y106.569 E.00289
G1 X116.596 Y106.276 E.00321
;WIDTH:0.183275
G1 X116.668 Y106.184 E.00132
;WIDTH:0.21124
G1 X116.735 Y106.097 E.00149
;WIDTH:0.218645
G2 X116.769 Y105.997 I-.118 J-.095 E.00153
;WIDTH:0.183127
G1 X116.789 Y105.915 E.00095
;WIDTH:0.151945
G1 X116.808 Y105.821 E.00084
;WIDTH:0.123686
G1 X116.825 Y105.733 E.00059
;WIDTH:0.103263
G1 X116.838 Y105.644 E.00044
G1 X117.297 Y105.099 F18000
;WIDTH:0.27755
G1 F1357
G1 X117.507 Y104.504 E.01194
G1 X117.567 Y104.83 F18000
;WIDTH:0.117372
G1 F1357
G2 X117.088 Y104.117 I-16.607 J10.631 E.00515
G1 X117.097 Y104.111 F18000
;WIDTH:0.214209
G1 F1357
G1 X117.545 Y104.851 E.01195
G1 X117.53 Y104.866 F18000
;WIDTH:0.338769
G1 F1357
G1 X117.127 Y104.124 E.02016
G1 X115.894 Y102.896 F18000
;WIDTH:0.267895
G1 F1357
G1 X115.141 Y102.463 E.01577
G1 X115.154 Y102.45 F18000
;WIDTH:0.184949
G1 F1357
G1 X115.887 Y102.906 E.00989
G1 X115.883 Y102.912 F18000
;WIDTH:0.113286
G1 F1357
G2 X115.171 Y102.432 I-12.369 J17.595 E.00487
G1 X115.127 Y102.477 F18000
;WIDTH:0.396075
G1 F1357
G3 X115.852 Y102.849 I-8.202 J16.878 E.02321
G1 X113.719 Y103.32 F18000
;WIDTH:0.174696
G1 F1357
G3 X114.092 Y103.221 I3.648 J12.94 E.00411
;WIDTH:0.120261
G1 X114.285 Y103.179 E.00123
G1 X114.026 Y103.175 F18000
;WIDTH:0.211505
G1 F1357
G1 X113.832 Y103.318 E.00327
;WIDTH:0.180679
G1 X113.692 Y103.43 E.002
;WIDTH:0.142203
G1 X113.428 Y103.673 E.00287
G1 X113.183 Y103.941 E.00291
;WIDTH:0.187518
G1 X113.049 Y104.109 E.0025
;WIDTH:0.214643
G1 X112.908 Y104.307 E.00337
G1 X112.92 Y104.598 F18000
;WIDTH:0.123722
G1 F1357
G1 X112.951 Y104.419 E.00118
;WIDTH:0.151926
G1 X112.969 Y104.329 E.00081
;WIDTH:0.167036
G1 X113.044 Y103.995 E.00343
G1 X112.432 Y105.171 F18000
;WIDTH:0.0969191
G1 F1357
G1 X112.458 Y105.324 E.00067
G1 X111.349 Y106.459 F18000
;TYPE:Sparse infill
;WIDTH:0.45
G1 F1357
G1 X105.456 Y112.352 E.27364
G3 X106.925 Y113.075 I-.617 J3.108 E.05436
G1 X113.081 Y106.919 E.28585
G2 X114.545 Y107.647 I1.857 J-1.897 E.05455
G1 X108.652 Y113.54 E.27362
G1 X107.08 Y115.402 F18000
;TYPE:Gap infill
;WIDTH:0.103262
G1 F1357
G1 X107.067 Y115.491 E.00044
;WIDTH:0.123683
G1 X107.05 Y115.579 E.00059
;WIDTH:0.151942
G1 X107.031 Y115.673 E.00084
;WIDTH:0.183124
G1 X107.011 Y115.755 E.00095
;WIDTH:0.218333
G3 X106.98 Y115.851 I-.142 J.008 E.00147
;WIDTH:0.202524
G1 X106.869 Y115.996 E.00235
;WIDTH:0.14522
G1 X106.572 Y116.327 E.00367
G1 X106.306 Y116.572 E.00298
;WIDTH:0.17679
G1 X106.196 Y116.66 E.00152
;WIDTH:0.210509
G1 X106.085 Y116.744 E.00188
;WIDTH:0.244797
G1 X106.013 Y116.795 E.00143
;WIDTH:0.285082
G3 X105.608 Y117.068 I-6.43 J-9.107 E.00955
G1 X105.6 Y117.052 F18000
;WIDTH:0.374051
G1 F1357
G2 X106.373 Y116.588 I-10.302 J-18.037 E.02409
G1 X105.099 Y117.298 F18000
;WIDTH:0.271416
G1 F1357
G1 X104.504 Y117.506 E.01162
G1 X104.83 Y117.567 F18000
;WIDTH:0.117378
G1 F1357
G3 X104.117 Y117.088 I10.632 J-16.608 E.00516
G1 X104.111 Y117.097 F18000
;WIDTH:0.214208
G1 F1357
G1 X104.851 Y117.545 E.01195
G1 X104.866 Y117.53 F18000
;WIDTH:0.338255
G1 F1357
G1 X104.123 Y117.126 E.02014
G1 X102.853 Y115.856 F18000
;WIDTH:0.391486
G1 F1357
G3 X102.477 Y115.127 I14.545 J-7.963 E.02306
G1 X102.459 Y115.145 F18000
;WIDTH:0.238538
G1 F1357
G1 X102.901 Y115.892 E.01369
G1 X102.912 Y115.883 F18000
;WIDTH:0.113919
G1 F1357
G3 X102.433 Y115.17 I12.27 J-8.757 E.00492
G1 X103.286 Y113.753 F18000
;WIDTH:0.167019
G1 F1357
G1 X103.211 Y114.087 E.00343
;WIDTH:0.151909
G1 X103.193 Y114.177 E.00081
;WIDTH:0.123711
G1 X103.162 Y114.356 E.00118
G1 X103.15 Y114.066 F18000
;WIDTH:0.214647
G1 F1357
G1 X103.291 Y113.867 E.00337
;WIDTH:0.187518
G1 X103.424 Y113.699 E.0025
;WIDTH:0.145588
G1 X103.675 Y113.425 E.00308
G1 X104.001 Y113.133 E.00362
;WIDTH:0.19883
G1 X104.132 Y113.032 E.00209
G1 X104.245 Y113.002 E.00147
;WIDTH:0.160676
G1 X104.332 Y112.979 E.00085
;WIDTH:0.120593
G1 X104.527 Y112.937 E.00125
; stop printing object Block.stl id:105326592607568 copy 0
;LAYER_CHANGE
;Z:9.64
;HEIGHT:0.200001
G92 E0 ; zero the extruded length again
; BEFORE_LAYER_CHANGE 47 @ 9.64mm
G1 E-2.30005 F6000
;WIPE_START
G1 X104.332 Y112.979 E-.19995
;WIPE_END
; AFTER_LAYER_CHANGE 47 @ 9.64mm
;_SET_FAN_SPEED_CHANGING_LAYER
; printing object Block.stl id:105326592607568 copy 0
G1 X101.458 Y115.303 Z9.64 F18000
G1 E2.5 F6000
M204 P1000
;TYPE:Outer wall
;WIDTH:0.42
G1 F1343
G1 X115.303 Y101.458 E.5955
G1 X117.004 Y103.159 E.07314
G1 X118.542 Y104.697 E.06615
G1 X104.697 Y118.542 E.5955
G1 X101.501 Y115.346 E.13747
G1 E-1.75 F6000
;WIPE_START
G1 F3600
G1 X102.206 Y114.636 E-.75
;WIPE_END
G1 X105.624 Y117.06 F18000
G1 E2.5 F6000
M204 P1500
;TYPE:Inner wall
;WIDTH:0.45
G1 F1343
G1 X104.697 Y117.987 E.04307
G1 X102.013 Y115.303 E.12463
G1 X102.94 Y114.376 E.04307
G1 X102.918 Y114.879 E.01654
G2 X105.121 Y117.082 I2.223 J-.021 E.11332
G1 X105.564 Y117.062 E.01457
G1 E-1.75 F6000
;WIPE_START
G1 X104.88 Y117.792 E-.75
;WIPE_END
G1 X106.907 Y114.599 F18000
G1 E2.5 F6000
M204 P1000
;TYPE:Outer wall
;WIDTH:0.42
G1 F1343
G1 X106.928 Y114.879 E.00854
G3 X104.729 Y113.112 I-1.807 J-.004 E.2468
G1 X104.887 Y113.084 E.00487
G3 X106.897 Y114.54 I.235 J1.791 E.08321
G1 E-1.75 F6000
;WIPE_START
G1 F3600
G1 X106.928 Y114.879 E-.25542
G1 X106.896 Y115.234 E-.26716
G1 X106.808 Y115.524 E-.22742
;WIPE_END
G1 X114.362 Y102.953 F18000
G1 E2.5 F6000
M204 P1500
;TYPE:Inner wall
;WIDTH:0.45
G1 F1343
G1 X115.303 Y102.013 E.04369
G1 X116.727 Y103.436 E.06609
G1 X117.987 Y104.697 E.05854
G1 X117.06 Y105.624 E.04307
G2 X116.914 Y104.278 I-2.824 J-.375 E.04489
G2 X114.833 Y102.919 I-2.039 J.849 E.08669
G1 X114.422 Y102.949 E.01352
G1 E-1.75 F6000
;WIPE_START
G1 X115.108 Y102.221 E-.75
;WIPE_END
G1 X114.819 Y106.929 F18000
G1 E2.5 F6000
M204 P1000
;TYPE:Outer wall
;WIDTH:0.42
G1 F1343
G1 X114.721 Y106.923 E.00297
G3 X114.487 Y103.354 I.159 J-1.803 E.15605
G1 X114.645 Y103.326 E.00487
G3 X114.879 Y106.93 I.235 J1.794 E.18011
G1 X114.785 Y107.316 F18000
M204 P1500
;TYPE:Inner wall
;WIDTH:0.45
G1 F1343
G1 X114.879 Y107.324 E.00309
G1 X115.382 Y107.302 E.01654
G1 X107.302 Y115.382 E.37521
G2 X107.097 Y113.907 I-2.737 J-.372 E.04953
G2 X105.075 Y112.677 I-1.998 J1.007 E.08188
G1 X104.604 Y112.712 E.01549
G1 X112.698 Y104.618 E.37583
G1 X112.676 Y105.121 E.01654
G2 X114.497 Y107.289 I2.208 J-.005 E.10091
G1 X114.725 Y107.31 E.00754
G1 E-1.75 F6000
;WIPE_START
G1 X114.879 Y107.324 E-.11563
G1 X115.382 Y107.302 E-.37783
G1 X115.14 Y107.544 E-.25654
;WIPE_END
G1 X114.825 Y107.572 F18000
G1 E2.5 F6000
M204 P2000
;TYPE:Gap infill
;WIDTH:0.123296
G1 F1343
G1 X114.647 Y107.541 E.00117
G1 X115.404 Y107.08 F18000
;WIDTH:0.123866
G1 F1343
G1 X115.581 Y107.049 E.00117
;WIDTH:0.151362
G1 X115.668 Y107.032 E.00077
;WIDTH:0.182082
G1 X115.755 Y107.011 E.00101
;WIDTH:0.215957
G1 X115.836 Y106.991 E.00117
;WIDTH:0.230601
G1 X115.845 Y106.985 E.00015
;WIDTH:0.205107
G1 X115.987 Y106.876 E.00234
;WIDTH:0.171416
G1 X116.067 Y106.81 E.00107
;WIDTH:0.143469
G1 X116.33 Y106.569 E.00289
G1 X116.597 Y106.275 E.00322
;WIDTH:0.183398
G1 X116.668 Y106.183 E.00132
;WIDTH:0.211302
G1 X116.736 Y106.097 E.00149
;WIDTH:0.218642
G2 X116.769 Y105.997 I-.117 J-.095 E.00153
;WIDTH:0.183139
G1 X116.789 Y105.915 E.00095
;WIDTH:0.151953
G1 X116.808 Y105.821 E.00084
;WIDTH:0.123678
G1 X116.825 Y105.733 E.00059
;WIDTH:0.103255
G1 X116.838 Y105.644 E.00044
G1 X117.567 Y104.83 F18000
;WIDTH:0.117388
G1 F1343
G2 X117.088 Y104.117 I-16.671 J10.676 E.00516
G1 X117.098 Y104.11 F18000
;WIDTH:0.217646
G1 F1343
G1 X117.544 Y104.852 E.0122
G1 X117.528 Y104.868 F18000
;WIDTH:0.37
G1 F1343
G1 X117.137 Y104.134 E.02195
G1 X115.894 Y102.896 F18000
;WIDTH:0.267951
G1 F1343
G1 X115.141 Y102.463 E.01577
G1 X115.154 Y102.45 F18000
;WIDTH:0.185354
G1 F1343
G1 X115.887 Y102.906 E.00992
G1 X115.883 Y102.912 F18000
;WIDTH:0.113317
G1 F1343
G2 X115.171 Y102.432 I-12.306 J17.505 E.00487
G1 X115.127 Y102.477 F18000
;WIDTH:0.396071
G1 F1343
G3 X115.852 Y102.849 I-8.192 J16.857 E.02321
G1 X114.285 Y103.179 F18000
;WIDTH:0.120539
G1 F1343
G1 X114.09 Y103.221 E.00125
;WIDTH:0.160046
G1 X114.006 Y103.243 E.00081
;WIDTH:0.202398
G1 X113.918 Y103.266 E.00118
G2 X113.829 Y103.32 I.124 J.302 E.00134
;WIDTH:0.180258
G1 X113.692 Y103.43 E.00195
;WIDTH:0.143739
G1 X113.428 Y103.673 E.00291
G1 X113.157 Y103.972 E.00329
;WIDTH:0.184213
G1 X113.09 Y104.058 E.00125
;WIDTH:0.216951
G1 X112.908 Y104.308 E.00433
G1 X112.92 Y104.598 F18000
;WIDTH:0.12331
G1 F1343
G1 X112.95 Y104.421 E.00117
;WIDTH:0.151129
G1 X112.968 Y104.332 E.00079
;WIDTH:0.165794
G1 X113.043 Y103.996 E.00341
G1 X113.725 Y108.467 F18000
;TYPE:Sparse infill
;WIDTH:0.45
G1 F1343
G1 X107.892 Y114.299 E.27083
G1 X107.604 Y114.313 E.00949
G2 X106.925 Y113.075 I-2.544 J.589 E.04694
G1 X113.081 Y106.919 E.28585
G3 X112.359 Y105.45 I1.905 J-1.849 E.05464
G1 X106.47 Y111.339 E.27345
G1 X105.351 Y112.458 F18000
;TYPE:Gap infill
;WIDTH:0.0969196
G1 F1343
G1 X105.175 Y112.429 E.00078
G1 X104.527 Y112.937 F18000
;WIDTH:0.120539
G1 F1343
G1 X104.332 Y112.979 E.00125
;WIDTH:0.160847
G1 X104.244 Y113.002 E.00086
;WIDTH:0.196918
G1 X104.132 Y113.032 E.00144
G1 X103.975 Y113.155 E.00248
;WIDTH:0.145448
G1 X103.673 Y113.428 E.00337
G1 X103.399 Y113.73 E.00337
;WIDTH:0.184214
G1 X103.332 Y113.817 E.00125
;WIDTH:0.216956
G1 X103.15 Y114.066 E.00433
G1 X103.162 Y114.356 F18000
;WIDTH:0.123301
G1 F1343
G1 X103.192 Y114.179 E.00117
;WIDTH:0.151113
G1 X103.21 Y114.09 E.00079
;WIDTH:0.165777
G1 X103.284 Y113.754 E.00341
G1 X102.433 Y115.17 F18000
;WIDTH:0.114358
G1 F1343
G2 X102.912 Y115.883 I16.473 J-10.537 E.00495
G1 X102.902 Y115.89 F18000
;WIDTH:0.213326
G1 F1343
G1 X102.456 Y115.148 E.0119
G1 X102.472 Y115.132 F18000
;WIDTH:0.359761
G1 F1343
G1 X102.863 Y115.866 E.02127
G1 X104.133 Y117.136 F18000
;WIDTH:0.367497
G1 F1343
G1 X104.868 Y117.529 E.0218
G1 X104.852 Y117.544 F18000
;WIDTH:0.217398
G1 F1343
G1 X104.11 Y117.097 E.01219
G1 X104.117 Y117.088 F18000
;WIDTH:0.114646
G1 F1343
G2 X104.828 Y117.569 I9.838 J-13.783 E.00497
G1 X105.646 Y116.839 F18000
;WIDTH:0.123863
G1 F1343
G1 X105.823 Y116.807 E.00117
;WIDTH:0.151356
G1 X105.91 Y116.79 E.00077
;WIDTH:0.182077
G1 X105.997 Y116.769 E.00101
;WIDTH:0.215953
G1 X106.078 Y116.749 E.00117
;WIDTH:0.2306
G1 X106.087 Y116.743 E.00015
;WIDTH:0.20511
G1 X106.229 Y116.634 E.00234
;WIDTH:0.171418
G1 X106.309 Y116.569 E.00107
;WIDTH:0.141905
G1 X106.572 Y116.327 E.00285
G1 X106.812 Y116.066 E.00283
;WIDTH:0.180257
G1 X106.922 Y115.929 E.00195
;WIDTH:0.21573
G2 X107.011 Y115.755 I-.178 J-.201 E.00279
;WIDTH:0.183139
G1 X107.031 Y115.673 E.00095
;WIDTH:0.151953
G1 X107.05 Y115.579 E.00084
;WIDTH:0.123676
G1 X107.067 Y115.491 E.00059
;WIDTH:0.103254
G1 X107.08 Y115.402 E.00044
G1 X107.568 Y114.829 F18000
;WIDTH:0.116638
G1 F1343
G1 X107.542 Y114.676 E.00092
; stop printing object Block.stl id:105326592607568 copy 0
;LAYER_CHANGE
;Z:9.84
;HEIGHT:0.2
G92 E0 ; zero the extruded length again
; BEFORE_LAYER_CHANGE 48 @ 9.84mm
G1 E-2.3453 F6000
;WIPE_START
G1 X107.568 Y114.829 E-.1547
;WIPE_END
; AFTER_LAYER_CHANGE 48 @ 9.84mm
;_SET_FAN_SPEED_CHANGING_LAYER
; printing object Block.stl id:105326592607568 copy 0
G1 X101.458 Y115.303 Z9.84 F18000
G1 E2.5 F6000
M204 P1000
;TYPE:Outer wall
;WIDTH:0.42
G1 F1362
G1 X115.303 Y101.458 E.5955
G1 X116.969 Y103.123 E.07162
G1 X118.542 Y104.697 E.06767
G1 X104.697 Y118.542 E.5955
G1 X101.501 Y115.346 E.13747
G1 E-1.75 F6000
;WIPE_START
G1 F3600
G1 X102.206 Y114.636 E-.75
;WIPE_END
G1 X105.624 Y117.06 F18000
G1 E2.5 F6000
M204 P1500
;TYPE:Inner wall
;WIDTH:0.45
G1 F1362
G1 X104.697 Y117.987 E.04307
G1 X102.013 Y115.303 E.12463
G1 X102.94 Y114.376 E.04307
G1 X102.918 Y114.879 E.01654
G2 X105.121 Y117.082 I2.208 J-.005 E.11353
G1 X105.564 Y117.062 E.01457
G1 E-1.75 F6000
;WIPE_START
G1 X104.88 Y117.792 E-.75
;WIPE_END
G1 X106.906 Y114.595 F18000
G1 E2.5 F6000
M204 P1000
;TYPE:Outer wall
;WIDTH:0.42
G1 F1362
G1 X106.928 Y114.881 E.00872
G3 X104.729 Y113.112 I-1.807 J-.006 E.24678
G1 X104.887 Y113.084 E.00487
G3 X106.896 Y114.536 I.235 J1.792 E.0831
G1 E-1.75 F6000
;WIPE_START
G1 F3600
G1 X106.928 Y114.881 E-.25971
G1 X106.889 Y115.269 E-.29237
G1 X106.81 Y115.521 E-.19792
;WIPE_END
G1 X114.362 Y102.954 F18000
G1 E2.5 F6000
M204 P1500
;TYPE:Inner wall
;WIDTH:0.45
G1 F1362
G1 X115.303 Y102.013 E.04369
G1 X116.691 Y103.401 E.06445
G1 X117.987 Y104.697 E.06018
G1 X117.06 Y105.624 E.04307
G2 X116.913 Y104.274 I-2.824 J-.375 E.04504
G2 X114.832 Y102.919 I-2.049 J.872 E.08647
G1 X114.422 Y102.949 E.01349
G1 E-1.75 F6000
;WIPE_START
G1 X115.107 Y102.221 E-.75
;WIPE_END
G1 X114.814 Y106.928 F18000
G1 E2.5 F6000
M204 P1000
;TYPE:Outer wall
;WIDTH:0.42
G1 F1362
G1 X114.722 Y106.92 E.00282
G3 X114.487 Y103.354 I.158 J-1.801 E.15593
G1 X114.645 Y103.326 E.00487
G3 X114.879 Y106.927 I.235 J1.793 E.17996
G1 X114.874 Y106.927 E.00015
G1 X114.78 Y107.315 F18000
M204 P1500
;TYPE:Inner wall
;WIDTH:0.45
G1 F1362
G1 X114.879 Y107.324 E.00325
G1 X115.382 Y107.302 E.01654
G1 X107.295 Y115.389 E.37552
G2 X107.073 Y113.858 I-2.622 J-.401 E.05155
G2 X105.074 Y112.677 I-1.955 J1.027 E.08027
G1 X104.604 Y112.712 E.01546
G1 X112.698 Y104.618 E.37583
G1 X112.676 Y105.121 E.01654
G2 X114.5 Y107.287 I2.223 J-.021 E.10079
G1 X114.721 Y107.309 E.0073
G1 E-1.75 F6000
;WIPE_START
G1 X114.879 Y107.324 E-.11918
G1 X115.382 Y107.302 E-.37783
G1 X115.144 Y107.54 E-.25298
;WIPE_END
G1 X115.408 Y107.081 F18000
G1 E2.5 F6000
M204 P2000
;TYPE:Gap infill
;WIDTH:0.124891
G1 F1362
G1 X115.584 Y107.049 E.00118
;WIDTH:0.151782
G1 X115.668 Y107.032 E.00075
;WIDTH:0.165776
G1 X116.004 Y106.957 E.00341
G1 X115.692 Y107.092 F18000
;WIDTH:0.22883
G1 F1362
G1 X115.845 Y106.985 E.0028
;WIDTH:0.205107
G1 X115.987 Y106.876 E.00234
;WIDTH:0.171418
G1 X116.067 Y106.81 E.00107
;WIDTH:0.141904
G1 X116.33 Y106.569 E.00285
G1 X116.57 Y106.308 E.00283
;WIDTH:0.180865
G1 X116.683 Y106.167 E.00202
;WIDTH:0.217652
G1 X116.85 Y105.94 E.00397
G1 X116.838 Y105.644 F18000
;WIDTH:0.103251
G1 F1362
G1 X116.825 Y105.733 E.00044
;WIDTH:0.123245
G1 X116.808 Y105.818 E.00057
;WIDTH:0.15045
G1 X116.79 Y105.908 E.00079
;WIDTH:0.191128
G3 X116.705 Y106.257 I-10.666 J-2.436 E.00429
G1 X117.546 Y104.85 F18000
;WIDTH:0.212448
G1 F1362
G1 X117.096 Y104.111 E.01183
G1 X117.088 Y104.117 F18000
;WIDTH:0.114796
G1 F1362
G3 X117.568 Y104.828 I-13.896 J9.91 E.00498
G1 X117.153 Y104.151 F18000
;WIDTH:0.408171
G1 F1362
G3 X117.523 Y104.873 I-17.992 J9.659 E.02391
G1 X117.534 Y104.863 F18000
;WIDTH:0.302064
G1 F1362
G1 X117.107 Y104.104 E.01819
G1 X115.895 Y102.895 F18000
;WIDTH:0.272696
G1 F1362
G1 X115.139 Y102.465 E.01612
G1 X115.151 Y102.452 F18000
;WIDTH:0.206197
G1 F1362
G1 X115.888 Y102.905 E.01138
G1 X115.883 Y102.912 F18000
;WIDTH:0.114352
G1 F1362
G2 X115.17 Y102.434 I-11.205 J15.93 E.00495
G1 X115.127 Y102.477 F18000
;WIDTH:0.396066
G1 F1362
G3 X115.852 Y102.849 I-8.224 J16.92 E.02321
G1 X114.285 Y103.179 F18000
;WIDTH:0.120475
G1 F1362
G1 X114.09 Y103.221 E.00125
;WIDTH:0.160419
G1 X114.004 Y103.244 E.00084
;WIDTH:0.198995
G1 X113.89 Y103.274 E.00148
G1 X113.762 Y103.373 E.00204
;WIDTH:0.146597
G1 X113.426 Y103.675 E.00377
G1 X113.156 Y103.973 E.00336
;WIDTH:0.184337
G1 X113.089 Y104.059 E.00124
;WIDTH:0.217018
G1 X112.908 Y104.308 E.00433
G1 X112.92 Y104.598 F18000
;WIDTH:0.123296
G1 F1362
G1 X112.95 Y104.421 E.00117
;WIDTH:0.151117
G1 X112.968 Y104.332 E.00079
;WIDTH:0.165785
G1 X113.043 Y103.996 E.00341
G1 X111.349 Y106.459 F18000
;TYPE:Sparse infill
;WIDTH:0.45
G1 F1362
G1 X105.456 Y112.352 E.27363
G3 X106.926 Y113.074 I-.423 J2.717 E.05459
G1 X113.081 Y106.919 E.28582
G2 X114.547 Y107.645 I1.772 J-1.734 E.05472
G1 X108.655 Y113.536 E.27356
G1 X107.072 Y115.438 F18000
;TYPE:Gap infill
;WIDTH:0.0997064
G1 F1362
G1 X107.063 Y115.493 E.00025
;WIDTH:0.115737
G1 X107.045 Y115.579 E.00052
;WIDTH:0.142214
G1 X107.026 Y115.671 E.00075
;WIDTH:0.172819
G1 X107.004 Y115.757 E.00093
;WIDTH:0.204416
G1 X106.98 Y115.851 E.00126
G1 X106.869 Y115.996 E.00238
;WIDTH:0.147807
G1 X106.567 Y116.332 E.00382
G1 X106.236 Y116.629 E.00376
;WIDTH:0.203913
G1 X106.087 Y116.743 E.00244
;WIDTH:0.230599
G1 X106.078 Y116.749 E.00015
;WIDTH:0.215958
G1 X105.997 Y116.769 E.00117
;WIDTH:0.182082
G1 X105.91 Y116.79 E.00101
;WIDTH:0.1515
G1 X105.824 Y116.807 E.00077
;WIDTH:0.124192
G1 X105.647 Y116.839 E.00117
G1 X104.85 Y117.546 F18000
;WIDTH:0.212306
G1 F1362
G1 X104.111 Y117.096 E.01182
G1 X104.117 Y117.088 F18000
;WIDTH:0.117363
G1 F1362
G2 X104.83 Y117.567 I11.335 J-16.116 E.00515
G1 X104.151 Y117.153 F18000
;WIDTH:0.408055
G1 F1362
G2 X104.873 Y117.523 I9.656 J-17.984 E.0239
G1 X104.862 Y117.534 F18000
;WIDTH:0.300819
G1 F1362
G1 X104.104 Y117.107 E.01811
G1 X102.886 Y115.889 F18000
;WIDTH:0.3214
G1 F1362
G1 X102.468 Y115.136 E.01934
G1 X102.477 Y115.127 F18000
;WIDTH:0.404271
G1 F1362
G2 X102.842 Y115.845 I22.242 J-10.854 E.02347
G1 X102.433 Y115.17 F18000
;WIDTH:0.114354
G1 F1362
G2 X102.912 Y115.883 I16.598 J-10.625 E.00495
G1 X102.903 Y115.889 F18000
;WIDTH:0.210599
G1 F1362
G1 X102.455 Y115.149 E.0117
G1 X103.286 Y113.753 F18000
;WIDTH:0.166992
G1 F1362
G1 X103.211 Y114.087 E.00343
;WIDTH:0.152285
G1 X103.193 Y114.175 E.00079
;WIDTH:0.124603
G1 X103.161 Y114.352 E.00119
G1 X103.15 Y114.066 F18000
;WIDTH:0.215095
G1 F1362
G1 X103.29 Y113.868 E.00336
;WIDTH:0.187748
G1 X103.424 Y113.699 E.00252
;WIDTH:0.145348
G1 X103.673 Y113.428 E.00304
G1 X104.004 Y113.131 E.00367
;WIDTH:0.198996
G1 X104.132 Y113.032 E.00204
G1 X104.246 Y113.002 E.00148
;WIDTH:0.160422
G1 X104.332 Y112.979 E.00084
;WIDTH:0.120475
G1 X104.527 Y112.937 E.00125
; stop printing object Block.stl id:105326592607568 copy 0
;LAYER_CHANGE
;Z:10.04
;HEIGHT:0.2
G92 E0 ; zero the extruded length again
; BEFORE_LAYER_CHANGE 49 @ 10.04mm
G1 E-2.30065 F6000
;WIPE_START
G1 X104.332 Y112.979 E-.19935
;WIPE_END
; AFTER_LAYER_CHANGE 49 @ 10.04mm
;_SET_FAN_SPEED_CHANGING_LAYER
; printing object Block.stl id:105326592607568 copy 0
G1 X101.458 Y115.303 Z10.04 F18000
G1 E2.5 F6000
M204 P1000
;TYPE:Outer wall
;WIDTH:0.42
G1 F1355
G1 X115.303 Y101.458 E.5955
G1 X116.933 Y103.088 E.0701
G1 X118.542 Y104.697 E.06919
G1 X104.697 Y118.542 E.5955
G1 X101.501 Y115.346 E.13747
G1 E-1.75 F6000
;WIPE_START
G1 F3600
G1 X102.206 Y114.636 E-.75
;WIPE_END
G1 X105.624 Y117.06 F18000
G1 E2.5 F6000
M204 P1500
;TYPE:Inner wall
;WIDTH:0.45
G1 F1355
G1 X104.697 Y117.987 E.04307
G1 X102.013 Y115.303 E.12463
G1 X102.94 Y114.376 E.04307
G1 X102.918 Y114.879 E.01654
G2 X105.121 Y117.082 I2.223 J-.021 E.11332
G1 X105.564 Y117.062 E.01457
G1 E-1.75 F6000
;WIPE_START
G1 X104.88 Y117.792 E-.75
;WIPE_END
G1 X106.906 Y114.593 F18000
G1 E2.5 F6000
M204 P1000
;TYPE:Outer wall
;WIDTH:0.42
G1 F1355
G1 X106.926 Y114.881 E.00878
G3 X104.729 Y113.112 I-1.805 J-.007 E.24647
G1 X104.887 Y113.084 E.00487
G3 X106.894 Y114.535 I.234 J1.79 E.08301
G1 E-1.75 F6000
;WIPE_START
G1 F3600
G1 X106.926 Y114.881 E-.26103
G1 X106.889 Y115.269 E-.29223
G1 X106.81 Y115.519 E-.19675
;WIPE_END
G1 X114.362 Y102.954 F18000
G1 E2.5 F6000
M204 P1500
;TYPE:Inner wall
;WIDTH:0.45
G1 F1355
G1 X115.303 Y102.013 E.04369
G1 X116.656 Y103.365 E.06281
G1 X117.987 Y104.697 E.06182
G1 X117.053 Y105.631 E.04337
G2 X116.836 Y104.111 I-2.621 J-.401 E.05115
G2 X114.831 Y102.919 I-1.964 J1.021 E.08066
G1 X114.422 Y102.949 E.01347
G1 E-1.75 F6000
;WIPE_START
G1 X115.107 Y102.221 E-.75
;WIPE_END
G1 X114.812 Y106.925 F18000
G1 E2.5 F6000
M204 P1000
;TYPE:Outer wall
;WIDTH:0.42
G1 F1355
G1 X114.527 Y106.889 E.00874
G3 X114.487 Y103.354 I.352 J-1.772 E.14982
G1 X114.645 Y103.326 E.00486
G3 X114.881 Y106.924 I.235 J1.791 E.17974
G1 X114.872 Y106.924 E.00026
G1 X114.774 Y107.313 F18000
M204 P1500
;TYPE:Inner wall
;WIDTH:0.45
G1 F1355
G1 X114.884 Y107.324 E.00361
G1 X115.389 Y107.295 E.01661
G1 X107.295 Y115.389 E.37581
G2 X107.155 Y114.034 I-2.697 J-.406 E.04521
G2 X105.073 Y112.677 I-2.044 J.86 E.08661
G1 X104.604 Y112.712 E.01544
G1 X112.698 Y104.618 E.37583
G1 X112.676 Y105.121 E.01654
G2 X114.449 Y107.281 I2.208 J-.005 E.09933
G1 X114.715 Y107.307 E.00875
G1 E-1.75 F6000
;WIPE_START
G1 X114.884 Y107.324 E-.12744
G1 X115.389 Y107.295 E-.37951
G1 X115.16 Y107.524 E-.24305
;WIPE_END
G1 X115.437 Y107.072 F18000
G1 E2.5 F6000
M204 P2000
;TYPE:Gap infill
;WIDTH:0.118558
G1 F1355
G1 X115.579 Y107.045 E.00088
;WIDTH:0.141727
G1 X115.666 Y107.027 E.00071
;WIDTH:0.172482
G1 X115.759 Y107.004 E.001
;WIDTH:0.207685
G1 X115.847 Y106.982 E.00121
;WIDTH:0.212562
G1 X115.941 Y106.911 E.00161
;WIDTH:0.184529
G1 X116.026 Y106.844 E.00124
;WIDTH:0.143824
G1 X116.327 Y106.572 E.0033
G1 X116.57 Y106.308 E.00292
;WIDTH:0.180262
G1 X116.68 Y106.171 E.00195
;WIDTH:0.210266
G2 X116.74 Y106.086 I-.835 J-.661 E.00141
G1 X116.763 Y105.996 E.00125
;WIDTH:0.172467
G1 X116.784 Y105.913 E.0009
;WIDTH:0.142371
G1 X116.803 Y105.821 E.00075
;WIDTH:0.115876
G1 X116.821 Y105.735 E.00052
;WIDTH:0.0997726
G1 X116.83 Y105.679 E.00026
G1 X117.289 Y105.107 F18000
;WIDTH:0.174896
G1 F1355
G1 X117.513 Y104.511 E.00679
G1 X117.503 Y104.5 F18000
;WIDTH:0.337904
G1 F1355
G1 X117.303 Y105.093 E.01487
G1 X117.567 Y104.83 F18000
;WIDTH:0.117376
G1 F1355
G2 X117.088 Y104.117 I-16.469 J10.535 E.00516
G1 X117.097 Y104.111 F18000
;WIDTH:0.214199
G1 F1355
G1 X117.545 Y104.851 E.01195
G1 X117.531 Y104.865 F18000
;WIDTH:0.334
G1 F1355
G1 X117.122 Y104.119 E.01998
G1 X115.856 Y102.853 F18000
;WIDTH:0.391202
G1 F1355
G2 X115.127 Y102.477 I-7.928 J14.472 E.02305
G1 X115.145 Y102.459 F18000
;WIDTH:0.236967
G1 F1355
G1 X115.891 Y102.9 E.01357
G1 X115.883 Y102.912 F18000
;WIDTH:0.116094
G1 F1355
G2 X115.169 Y102.435 I-9.857 J13.999 E.00507
G1 X114.284 Y103.179 F18000
;WIDTH:0.120954
G1 F1355
G1 X114.086 Y103.222 E.00128
;WIDTH:0.164326
G1 X113.988 Y103.248 E.00099
;WIDTH:0.205083
G2 X113.869 Y103.29 I-.002 J.186 E.00167
;WIDTH:0.200458
G1 X113.784 Y103.357 E.00138
;WIDTH:0.159411
G1 X113.557 Y103.549 E.00279
;WIDTH:0.142023
G1 X113.156 Y103.973 E.00467
;WIDTH:0.184456
G1 X113.089 Y104.059 E.00124
;WIDTH:0.214377
G1 X113.009 Y104.164 E.00182
;WIDTH:0.215956
G1 X112.989 Y104.245 E.00117
;WIDTH:0.182075
G1 X112.968 Y104.332 E.00101
;WIDTH:0.151101
G1 X112.95 Y104.421 E.00079
;WIDTH:0.12328
G1 X112.92 Y104.598 E.00117
G1 X113.726 Y108.466 F18000
;TYPE:Sparse infill
;WIDTH:0.45
G1 F1355
G1 X107.896 Y114.296 E.2707
G1 X107.886 Y114.235 E.002
G1 X107.598 Y114.285 E.00958
G2 X106.926 Y113.074 I-2.493 J.592 E.04605
G1 X113.081 Y106.919 E.28581
G3 X112.356 Y105.453 I2.326 J-2.063 E.05435
G1 X106.465 Y111.344 E.27353
G1 X105.35 Y112.458 F18000
;TYPE:Gap infill
;WIDTH:0.0969207
G1 F1355
G1 X105.175 Y112.429 E.00077
G1 X104.526 Y112.937 F18000
;WIDTH:0.120411
G1 F1355
G1 X104.332 Y112.979 E.00124
;WIDTH:0.160584
G1 X104.244 Y113.002 E.00086
;WIDTH:0.196704
G1 X104.132 Y113.033 E.00144
G1 X103.974 Y113.156 E.00249
;WIDTH:0.145447
G1 X103.673 Y113.428 E.00336
G1 X103.398 Y113.731 E.00339
;WIDTH:0.184457
G1 X103.331 Y113.817 E.00124
;WIDTH:0.217078
G1 X103.15 Y114.066 E.00432
G1 X103.162 Y114.356 F18000
;WIDTH:0.12328
G1 F1355
G1 X103.192 Y114.179 E.00117
;WIDTH:0.151099
G1 X103.21 Y114.09 E.00079
;WIDTH:0.16577
G1 X103.284 Y113.754 E.00341
G1 X102.849 Y115.852 F18000
;WIDTH:0.396074
G1 F1355
G3 X102.477 Y115.127 I16.524 J-8.936 E.02321
G1 X102.432 Y115.171 F18000
;WIDTH:0.113392
G1 F1355
G2 X102.912 Y115.883 I18.224 J-11.762 E.00488
G1 X102.906 Y115.887 F18000
;WIDTH:0.186364
G1 F1355
G1 X102.45 Y115.154 E.00999
G1 X102.463 Y115.14 F18000
;WIDTH:0.268134
G1 F1355
G1 X102.896 Y115.894 E.01579
G1 X104.119 Y117.122 F18000
;WIDTH:0.333999
G1 F1355
G1 X104.865 Y117.531 E.01998
G1 X104.851 Y117.545 F18000
;WIDTH:0.2142
G1 F1355
G1 X104.111 Y117.096 E.01196
G1 X104.117 Y117.088 F18000
;WIDTH:0.114733
G1 F1355
G2 X104.828 Y117.568 I9.893 J-13.866 E.00497
G1 X105.091 Y117.305 F18000
;WIDTH:0.335083
G1 F1355
G1 X104.499 Y117.502 E.01469
G1 X104.509 Y117.512 F18000
;WIDTH:0.210293
G1 F1355
G1 X105.105 Y117.291 E.00859
G1 X105.644 Y116.838 F18000
;WIDTH:0.123275
G1 F1355
G1 X105.821 Y116.808 E.00117
;WIDTH:0.151097
G1 X105.91 Y116.79 E.00079
;WIDTH:0.182073
G1 X105.997 Y116.769 E.00101
;WIDTH:0.215953
G1 X106.078 Y116.749 E.00117
;WIDTH:0.214407
G1 X106.183 Y116.669 E.00182
;WIDTH:0.184529
G1 X106.268 Y116.602 E.00124
;WIDTH:0.143824
G1 X106.569 Y116.33 E.0033
G1 X106.812 Y116.066 E.00292
;WIDTH:0.180262
G1 X106.922 Y115.929 E.00195
;WIDTH:0.210264
G2 X106.982 Y115.844 I-.836 J-.661 E.00141
G1 X107.005 Y115.755 E.00125
;WIDTH:0.172464
G1 X107.026 Y115.671 E.0009
;WIDTH:0.142367
G1 X107.045 Y115.579 E.00075
;WIDTH:0.11587
G1 X107.063 Y115.493 E.00052
;WIDTH:0.0997692
G1 X107.072 Y115.437 E.00026
G1 X107.571 Y114.825 F18000
;WIDTH:0.123076
G1 F1355
G1 X107.541 Y114.648 E.00116
; stop printing object Block.stl id:105326592607568 copy 0
;LAYER_CHANGE
;Z:10.24
;HEIGHT:0.2
G92 E0 ; zero the extruded length again
; BEFORE_LAYER_CHANGE 50 @ 10.24mm
G1 E-2.32089 F6000
;WIPE_START
G1 X107.571 Y114.825 E-.17911
;WIPE_END
; AFTER_LAYER_CHANGE 50 @ 10.24mm
;_SET_FAN_SPEED_CHANGING_LAYER
; printing object Block.stl id:105326592607568 copy 0
G1 X101.458 Y115.303 Z10.24 F18000
G1 E2.5 F6000
M204 P1000
;TYPE:Outer wall
;WIDTH:0.42
G1 F1339
G1 X115.303 Y101.458 E.5955
G1 X116.898 Y103.053 E.06858
G1 X118.542 Y104.697 E.07071
G1 X104.697 Y118.542 E.5955
G1 X101.501 Y115.346 E.13747
G1 E-1.75 F6000
;WIPE_START
G1 F3600
G1 X102.206 Y114.636 E-.75
;WIPE_END
G1 X105.642 Y117.043 F18000
G1 E2.5 F6000
M204 P1500
;TYPE:Inner wall
;WIDTH:0.45
G1 F1339
G1 X104.697 Y117.987 E.04387
G1 X102.013 Y115.303 E.12463
G1 X102.781 Y114.535 E.03569
G1 X102.938 Y114.61 E.00571
G2 X105.217 Y117.08 I2.186 J.269 E.12551
G1 X105.582 Y117.048 E.01202
G1 E-1.75 F6000
;WIPE_START
G1 X104.896 Y117.776 E-.75
;WIPE_END
G1 X106.905 Y114.597 F18000
G1 E2.5 F6000
M204 P1000
;TYPE:Outer wall
;WIDTH:0.42
G1 F1339
G1 X106.916 Y114.641 E.00136
G3 X104.729 Y113.112 I-1.794 J.237 E.25453
G1 X104.887 Y113.084 E.00486
G3 X106.823 Y114.262 I.235 J1.794 E.07449
G1 X106.891 Y114.539 E.00868
G1 E-1.75 F6000
;WIPE_START
G1 F3600
G1 X106.916 Y114.641 E-.07843
G1 X106.93 Y114.96 E-.23971
G1 X106.87 Y115.346 E-.29262
G1 X106.807 Y115.52 E-.13924
;WIPE_END
G1 X114.362 Y102.954 F18000
G1 E2.5 F6000
M204 P1500
;TYPE:Inner wall
;WIDTH:0.45
G1 F1339
G1 X115.303 Y102.013 E.0437
G1 X116.621 Y103.33 E.06117
G1 X117.987 Y104.697 E.06346
G1 X117.037 Y105.647 E.04413
G2 X116.785 Y104.015 I-2.34 J-.473 E.05535
G2 X114.83 Y102.919 I-1.916 J1.126 E.07711
G1 X114.422 Y102.949 E.01344
G1 E-1.75 F6000
;WIPE_START
G1 X115.107 Y102.221 E-.75
;WIPE_END
G1 X114.802 Y106.929 F18000
G1 E2.5 F6000
M204 P1000
;TYPE:Outer wall
;WIDTH:0.42
G1 F1339
G1 X114.8 Y106.921 E.00027
G3 X114.487 Y103.354 I.079 J-1.804 E.15814
G1 X114.645 Y103.326 E.00486
G3 X115.154 Y106.901 I.235 J1.791 E.17133
G1 X114.862 Y106.925 E.0089
G1 X114.786 Y107.313 F18000
M204 P1500
;TYPE:Inner wall
;WIDTH:0.45
G1 F1339
G1 X114.98 Y107.322 E.00638
G1 X115.405 Y107.279 E.01404
G1 X107.279 Y115.405 E.37734
G2 X106.929 Y113.622 I-2.317 J-.472 E.06124
G2 X105.072 Y112.677 I-1.841 J1.32 E.07109
G1 X104.604 Y112.712 E.01541
G1 X112.698 Y104.618 E.37584
G1 X112.677 Y105.113 E.01629
G2 X114.588 Y107.3 I2.227 J-.017 E.10387
G1 X114.726 Y107.309 E.00454
G1 E-1.75 F6000
;WIPE_START
G1 X114.98 Y107.322 E-.19078
G1 X115.405 Y107.279 E-.32082
G1 X115.181 Y107.503 E-.2384
;WIPE_END
G1 X114.827 Y107.569 F18000
G1 E2.5 F6000
M204 P2000
;TYPE:Gap infill
;WIDTH:0.115274
G1 F1339
G1 X114.661 Y107.54 E.00099
G1 X115.522 Y107.046 F18000
;WIDTH:0.102321
G1 F1339
G1 X115.577 Y107.034 E.00027
;WIDTH:0.127881
G1 X115.743 Y106.992 E.00117
;WIDTH:0.171181
G1 X115.843 Y106.964 E.00107
;WIDTH:0.197664
G2 X115.991 Y106.873 I-.079 J-.296 E.00221
;WIDTH:0.144874
G1 X116.266 Y106.632 E.003
G1 X116.54 Y106.342 E.00328
;WIDTH:0.176654
G1 X116.681 Y106.17 E.00239
;WIDTH:0.200714
G2 X116.727 Y106.066 I-.154 J-.131 E.00147
;WIDTH:0.170233
G1 X116.748 Y105.995 E.00075
;WIDTH:0.142531
G1 X116.771 Y105.905 E.00075
;WIDTH:0.116016
G1 X116.792 Y105.819 E.00052
;WIDTH:0.0998395
G1 X116.804 Y105.763 E.00026
G1 X117.287 Y105.109 F18000
;WIDTH:0.126412
G1 F1339
G1 X117.518 Y104.515 E.00429
G1 X117.503 Y104.5 F18000
;WIDTH:0.342441
G1 F1339
G1 X117.305 Y105.092 E.01507
G1 X117.534 Y104.862 F18000
;WIDTH:0.302099
G1 F1339
G1 X117.108 Y104.105 E.01816
G1 X117.089 Y104.117 F18000
;WIDTH:0.130014
G1 F1339
G1 X117.144 Y104.199 E.00069
;WIDTH:0.146561
G1 X117.198 Y104.28 E.00082
;WIDTH:0.164477
G1 X117.554 Y104.843 E.00652
G1 X115.852 Y102.849 F18000
;WIDTH:0.396075
G1 F1339
G2 X115.127 Y102.477 I-8.957 J16.564 E.02321
G1 X115.141 Y102.463 F18000
;WIDTH:0.265819
G1 F1339
G1 X115.893 Y102.897 E.0156
G1 X115.883 Y102.911 F18000
;WIDTH:0.112883
G1 F1339
G1 X115.804 Y102.858 E.00054
;WIDTH:0.156799
G2 X115.159 Y102.445 I-9.722 J14.464 E.00704
G1 X113.72 Y103.319 F18000
;WIDTH:0.167355
G1 F1339
G3 X114.096 Y103.22 I3.203 J11.441 E.0039
;WIDTH:0.119447
G1 X114.284 Y103.179 E.00118
G1 X114.026 Y103.175 F18000
;WIDTH:0.211753
G1 F1339
G1 X113.833 Y103.317 E.00325
;WIDTH:0.180869
G1 X113.692 Y103.43 E.00202
;WIDTH:0.145598
G1 X113.368 Y103.734 E.00368
G1 X113.125 Y104.012 E.00306
;WIDTH:0.194153
G1 X113.067 Y104.088 E.00116
;WIDTH:0.221517
G2 X113 Y104.2 I.127 J.153 E.00192
;WIDTH:0.196803
G1 X112.975 Y104.306 E.00136
;WIDTH:0.156611
G1 X112.95 Y104.418 E.00105
;WIDTH:0.136313
G1 X112.919 Y104.593 E.00134
G1 X113.719 Y108.472 F18000
;TYPE:Sparse infill
;WIDTH:0.45
G1 F1339
G1 X107.889 Y114.303 E.27073
G1 X107.877 Y114.24 E.00209
G1 X107.603 Y114.293 E.00916
G2 X106.923 Y113.077 I-3.385 J1.094 E.04605
G1 X113.08 Y106.92 E.28588
G3 X112.35 Y105.458 I2.439 J-2.131 E.05423
G1 X106.456 Y111.352 E.27368
G1 X103.961 Y113.078 F18000
;TYPE:Gap infill
;WIDTH:0.16794
G1 F1339
G3 X104.338 Y112.978 I2.742 J9.594 E.00394
;WIDTH:0.119447
G1 X104.526 Y112.938 E.00118
G1 X104.267 Y112.933 F18000
;WIDTH:0.206451
G1 F1339
G1 X104.038 Y113.104 E.00376
;WIDTH:0.168455
G1 X103.868 Y113.245 E.00224
;WIDTH:0.144462
G1 X103.607 Y113.495 E.00296
G1 X103.366 Y113.77 E.003
;WIDTH:0.196042
G1 X103.301 Y113.857 E.00135
;WIDTH:0.227405
G1 X103.229 Y113.952 E.00178
;WIDTH:0.264984
G1 X103.167 Y114.043 E.00196
;WIDTH:0.316137
G2 X102.939 Y114.393 I6.843 J4.703 E.00921
G1 X102.496 Y115.499 F18000
;WIDTH:0.334504
G1 F1339
G1 X102.697 Y114.906 E.01472
G1 X102.713 Y114.891 F18000
;WIDTH:0.117601
G1 F1339
G1 X102.481 Y115.483 E.00383
G1 X102.44 Y115.164 F18000
;WIDTH:0.132059
G1 F1339
G2 X102.911 Y115.883 I24.948 J-15.85 E.00618
G1 X102.903 Y115.889 F18000
;WIDTH:0.212554
G1 F1339
G1 X102.455 Y115.148 E.01183
G1 X102.469 Y115.135 F18000
;WIDTH:0.326704
G1 F1339
G1 X102.878 Y115.881 E.01948
G1 X104.841 Y117.555 F18000
;WIDTH:0.163083
G1 F1339
G1 X104.115 Y117.092 E.00835
G1 X104.106 Y117.105 F18000
;WIDTH:0.275006
G1 F1339
G1 X104.86 Y117.536 E.01626
G1 X105.735 Y116.814 F18000
;WIDTH:0.124885
G1 F1339
G1 X105.909 Y116.774 E.00118
;WIDTH:0.151773
G1 X105.992 Y116.754 E.00075
;WIDTH:0.165764
G1 X105.998 Y116.752 E.00005
;WIDTH:0.196842
G2 X106.161 Y116.687 I-.008 J-.257 E.00223
;WIDTH:0.182195
G1 X106.304 Y116.573 E.00206
;WIDTH:0.140148
G1 X106.755 Y116.132 E.00495
;WIDTH:0.168587
G1 X106.897 Y115.961 E.00225
;WIDTH:0.200375
G2 X106.968 Y115.825 I-.255 J-.22 E.00195
;WIDTH:0.171555
G1 X106.989 Y115.757 E.00074
;WIDTH:0.143371
G1 X107.012 Y115.664 E.00078
;WIDTH:0.116253
G1 X107.034 Y115.577 E.00053
;WIDTH:0.0998374
G1 X107.046 Y115.521 E.00026
G1 X107.569 Y114.827 F18000
;WIDTH:0.115452
G1 F1339
G1 X107.54 Y114.66 E.00099
; stop printing object Block.stl id:105326592607568 copy 0
;LAYER_CHANGE
;Z:10.44
;HEIGHT:0.2
G92 E0 ; zero the extruded length again
; BEFORE_LAYER_CHANGE 51 @ 10.44mm
G1 E-2.33034 F6000
;WIPE_START
G1 X107.569 Y114.827 E-.16966
;WIPE_END
; AFTER_LAYER_CHANGE 51 @ 10.44mm
;_SET_FAN_SPEED_CHANGING_LAYER
; printing object Block.stl id:105326592607568 copy 0
G1 X101.458 Y115.303 Z10.44 F18000
G1 E2.5 F6000
M204 P1000
;TYPE:Outer wall
;WIDTH:0.42
G1 F1337
G1 X115.303 Y101.458 E.5955
G1 X116.862 Y103.017 E.06706
G1 X118.542 Y104.697 E.07223
G1 X104.697 Y118.542 E.5955
G1 X101.501 Y115.346 E.13747
G1 E-1.75 F6000
;WIPE_START
G1 F3600
G1 X102.206 Y114.636 E-.75
;WIPE_END
G1 X105.642 Y117.043 F18000
G1 E2.5 F6000
M204 P1500
;TYPE:Inner wall
;WIDTH:0.45
G1 F1337
G1 X104.697 Y117.987 E.04387
G1 X102.013 Y115.303 E.12463
G1 X102.963 Y114.353 E.04413
G1 X102.92 Y114.778 E.01404
G2 X105.217 Y117.08 I2.205 J.096 E.11999
G1 X105.582 Y117.048 E.01202
G1 E-1.75 F6000
;WIPE_START
G1 X104.896 Y117.776 E-.75
;WIPE_END
G1 X106.904 Y114.596 F18000
G1 E2.5 F6000
M204 P1000
;TYPE:Outer wall
;WIDTH:0.42
G1 F1337
G1 X106.916 Y114.646 E.00156
G3 X104.729 Y113.112 I-1.794 J.231 E.25428
G1 X104.887 Y113.084 E.00486
G3 X106.822 Y114.26 I.235 J1.794 E.07442
G1 X106.89 Y114.538 E.00871
G1 E-1.75 F6000
;WIPE_START
G1 F3600
G1 X106.916 Y114.646 E-.08336
G1 X106.93 Y114.96 E-.23558
G1 X106.87 Y115.346 E-.29261
G1 X106.807 Y115.519 E-.13845
;WIPE_END
G1 X114.362 Y102.954 F18000
G1 E2.5 F6000
M204 P1500
;TYPE:Inner wall
;WIDTH:0.45
G1 F1337
G1 X115.303 Y102.013 E.0437
G1 X116.585 Y103.295 E.05952
G1 X117.987 Y104.697 E.06511
G1 X117.037 Y105.647 E.04413
G2 X116.596 Y103.742 I-2.313 J-.468 E.06622
G2 X114.83 Y102.919 I-1.761 J1.472 E.06606
G1 X114.422 Y102.949 E.01342
G1 E-1.75 F6000
;WIPE_START
G1 X115.107 Y102.221 E-.75
;WIPE_END
G1 X114.799 Y106.929 F18000
G1 E2.5 F6000
M204 P1000
;TYPE:Outer wall
;WIDTH:0.42
G1 F1337
G1 X114.799 Y106.919 E.00032
G3 X114.487 Y103.354 I.081 J-1.803 E.15801
G1 X114.645 Y103.326 E.00486
G3 X115.154 Y106.9 I.234 J1.79 E.17123
G1 X114.859 Y106.924 E.00902
G1 X114.779 Y107.311 F18000
M204 P1500
;TYPE:Inner wall
;WIDTH:0.45
G1 F1337
G1 X114.98 Y107.322 E.00662
G1 X115.405 Y107.279 E.01405
G1 X107.279 Y115.405 E.37734
G2 X107.026 Y113.773 I-2.354 J-.471 E.05534
G2 X105.072 Y112.677 I-1.936 J1.16 E.07701
G1 X104.604 Y112.712 E.01539
G1 X112.721 Y104.595 E.3769
G1 X112.678 Y105.02 E.01404
G2 X114.546 Y107.295 I2.219 J.082 E.10563
G1 X114.719 Y107.307 E.00569
G1 E-1.75 F6000
;WIPE_START
G1 X114.98 Y107.322 E-.19618
G1 X115.405 Y107.279 E-.32085
G1 X115.186 Y107.498 E-.23297
;WIPE_END
G1 X114.823 Y107.573 F18000
G1 E2.5 F6000
M204 P2000
;TYPE:Gap infill
;WIDTH:0.122388
G1 F1337
G1 X114.619 Y107.535 E.00133
G1 X115.523 Y107.045 F18000
;WIDTH:0.118419
G1 F1337
G1 X115.663 Y107.013 E.00088
;WIDTH:0.141427
G1 X115.748 Y106.991 E.0007
;WIDTH:0.168951
G1 X115.824 Y106.968 E.0008
;WIDTH:0.197723
G1 X115.895 Y106.947 E.00092
;WIDTH:0.186335
G1 X116.058 Y106.818 E.0024
;WIDTH:0.142299
G1 X116.266 Y106.632 E.00224
G1 X116.574 Y106.303 E.00361
;WIDTH:0.189114
G2 X116.727 Y106.065 I-.342 J-.389 E.00337
;WIDTH:0.17037
G1 X116.748 Y105.995 E.00075
;WIDTH:0.142675
G1 X116.771 Y105.905 E.00075
;WIDTH:0.116141
G1 X116.792 Y105.819 E.00052
;WIDTH:0.0998984
G1 X116.804 Y105.763 E.00026
G1 X117.287 Y105.109 F18000
;WIDTH:0.126411
G1 F1337
G1 X117.518 Y104.515 E.00429
G1 X117.504 Y104.501 F18000
;WIDTH:0.334493
G1 F1337
G1 X117.303 Y105.094 E.01472
G1 X117.563 Y104.833 F18000
;WIDTH:0.121768
G1 F1337
G2 X117.09 Y104.118 I-21.987 J14.058 E.00546
G1 X117.097 Y104.112 F18000
;WIDTH:0.214189
G1 F1337
G1 X117.545 Y104.851 E.01193
G1 X117.531 Y104.865 F18000
;WIDTH:0.33401
G1 F1337
G1 X117.122 Y104.119 E.01998
G1 X115.852 Y102.849 F18000
;WIDTH:0.396069
G1 F1337
G2 X115.127 Y102.477 I-8.938 J16.528 E.02321
G1 X115.141 Y102.463 F18000
;WIDTH:0.265817
G1 F1337
G1 X115.893 Y102.897 E.0156
G1 X115.885 Y102.908 F18000
;WIDTH:0.160788
G1 F1337
G1 X115.159 Y102.445 E.00819
G1 X113.721 Y103.317 F18000
;WIDTH:0.160525
G1 F1337
G3 X114.134 Y103.211 I2.849 J10.246 E.00404
;WIDTH:0.113756
G1 X114.284 Y103.18 E.00088
G1 X114.026 Y103.175 F18000
;WIDTH:0.211714
G1 F1337
G1 X113.833 Y103.317 E.00325
;WIDTH:0.180863
G1 X113.692 Y103.43 E.00202
;WIDTH:0.145608
G1 X113.367 Y103.735 E.0037
G1 X113.124 Y104.012 E.00304
;WIDTH:0.181117
G1 X112.954 Y104.237 E.00315
G1 X112.954 Y104.479 F18000
;WIDTH:0.124878
G1 F1337
G1 X112.994 Y104.315 E.00112
;WIDTH:0.153504
G1 X113.021 Y104.21 E.00097
;WIDTH:0.171208
G1 X113.098 Y103.941 E.00289
G1 X113.543 Y108.649 F18000
;TYPE:Sparse infill
;WIDTH:0.45
G1 F1337
G1 X107.649 Y114.542 E.27367
G2 X106.923 Y113.077 I-2.737 J.443 E.05451
G1 X113.078 Y106.922 E.2858
G3 X112.355 Y105.454 I1.761 J-1.781 E.05474
G1 X106.463 Y111.345 E.27355
G1 X104.526 Y112.938 F18000
;TYPE:Gap infill
;WIDTH:0.119521
G1 F1337
G1 X104.337 Y112.978 E.00119
;WIDTH:0.159483
G1 X104.246 Y113.002 E.00089
;WIDTH:0.198963
G1 X104.132 Y113.033 E.00149
G1 X104.004 Y113.131 E.00203
;WIDTH:0.143985
G1 X103.734 Y113.368 E.00293
G1 X103.483 Y113.63 E.00296
;WIDTH:0.169914
G1 X103.34 Y113.804 E.00231
;WIDTH:0.191407
G2 X103.253 Y114.001 I.232 J.22 E.00263
;WIDTH:0.156782
G1 X103.252 Y114.006 E.00005
;WIDTH:0.142659
G1 X103.23 Y114.094 E.00072
;WIDTH:0.119065
G1 X103.196 Y114.237 E.0009
G1 X102.713 Y114.891 F18000
;WIDTH:0.123262
G1 F1337
G1 X102.482 Y115.485 E.00413
G1 X102.497 Y115.5 F18000
;WIDTH:0.34254
G1 F1337
G1 X102.695 Y114.908 E.01507
G1 X102.466 Y115.138 F18000
;WIDTH:0.294146
G1 F1337
G1 X102.892 Y115.895 E.01761
G1 X102.907 Y115.886 F18000
;WIDTH:0.163068
G1 F1337
G1 X102.446 Y115.157 E.00835
G1 X104.841 Y117.555 F18000
;WIDTH:0.163075
G1 F1337
G1 X104.114 Y117.092 E.00835
G1 X104.106 Y117.105 F18000
;WIDTH:0.275068
G1 F1337
G1 X104.86 Y117.536 E.01626
G1 X105.729 Y116.814 F18000
;WIDTH:0.12265
G1 F1337
G1 X105.902 Y116.776 E.00114
;WIDTH:0.149832
G1 X105.987 Y116.755 E.00075
;WIDTH:0.182226
G1 X106.087 Y116.727 E.00117
;WIDTH:0.200766
G2 X106.233 Y116.631 I-.073 J-.269 E.00227
;WIDTH:0.14555
G1 X106.508 Y116.39 E.00302
G1 X106.816 Y116.061 E.00373
;WIDTH:0.189115
G2 X106.969 Y115.824 I-.342 J-.389 E.00337
;WIDTH:0.170369
G1 X106.99 Y115.753 E.00075
;WIDTH:0.142673
G1 X107.013 Y115.663 E.00075
;WIDTH:0.116141
G1 X107.034 Y115.577 E.00052
;WIDTH:0.0998986
G1 X107.046 Y115.521 E.00026
; stop printing object Block.stl id:105326592607568 copy 0
;LAYER_CHANGE
;Z:10.64
;HEIGHT:0.200001
G92 E0 ; zero the extruded length again
; BEFORE_LAYER_CHANGE 52 @ 10.64mm
G1 E-2.44273 F6000
;WIPE_START
G1 X107.034 Y115.577 E-.05727
;WIPE_END
; AFTER_LAYER_CHANGE 52 @ 10.64mm
;_SET_FAN_SPEED_CHANGING_LAYER
; printing object Block.stl id:105326592607568 copy 0
G1 X101.458 Y115.303 Z10.64 F18000
G1 E2.5 F6000
M204 P1000
;TYPE:Outer wall
;WIDTH:0.42
G1 F1351
G1 X115.303 Y101.458 E.5955
G1 X116.827 Y102.982 E.06554
G1 X118.542 Y104.697 E.07375
G1 X104.697 Y118.542 E.5955
G1 X101.501 Y115.346 E.13747
G1 E-1.75 F6000
;WIPE_START
G1 F3600
G1 X102.206 Y114.636 E-.75
;WIPE_END
G1 X105.642 Y117.043 F18000
G1 E2.5 F6000
M204 P1500
;TYPE:Inner wall
;WIDTH:0.45
G1 F1351
G1 X104.697 Y117.987 E.04387
G1 X102.013 Y115.303 E.12463
G1 X102.963 Y114.353 E.04412
G1 X102.92 Y114.779 E.01404
G2 X105.217 Y117.08 I2.219 J.082 E.11976
G1 X105.582 Y117.048 E.01202
G1 E-1.75 F6000
;WIPE_START
G1 X104.896 Y117.776 E-.75
;WIPE_END
G1 X106.904 Y114.595 F18000
G1 E2.5 F6000
M204 P1000
;TYPE:Outer wall
;WIDTH:0.42
G1 F1351
G1 X106.913 Y114.641 E.00143
G3 X104.727 Y113.112 I-1.792 J.235 E.25417
G1 X104.887 Y113.084 E.00493
G3 X106.821 Y114.262 I.234 J1.792 E.07444
G1 X106.89 Y114.537 E.0086
G1 E-1.75 F6000
;WIPE_START
G1 F3600
G1 X106.913 Y114.641 E-.08022
G1 X106.93 Y114.96 E-.23952
G1 X106.87 Y115.346 E-.29262
G1 X106.807 Y115.518 E-.13765
;WIPE_END
G1 X114.362 Y102.954 F18000
G1 E2.5 F6000
M204 P1500
;TYPE:Inner wall
;WIDTH:0.45
G1 F1351
G1 X115.303 Y102.013 E.0437
G1 X116.55 Y103.259 E.05788
G1 X117.987 Y104.697 E.06675
G1 X117.037 Y105.647 E.04412
G2 X116.654 Y103.817 I-2.376 J-.458 E.06304
G2 X114.829 Y102.919 I-1.818 J1.391 E.06921
G1 X114.422 Y102.949 E.0134
G1 E-1.75 F6000
;WIPE_START
G1 X115.107 Y102.221 E-.75
;WIPE_END
G1 X114.797 Y106.929 F18000
G1 E2.5 F6000
M204 P1000
;TYPE:Outer wall
;WIDTH:0.42
G1 F1351
G1 X114.415 Y106.861 E.0118
G3 X114.485 Y103.354 I.463 J-1.745 E.14619
G1 X114.645 Y103.326 E.00493
G3 X114.848 Y106.921 I.233 J1.79 E.1805
G1 X114.776 Y107.311 F18000
M204 P1500
;TYPE:Inner wall
;WIDTH:0.45
G1 F1351
G1 X114.98 Y107.322 E.0067
G1 X115.406 Y107.279 E.01405
G1 X107.279 Y115.405 E.37734
G2 X107.026 Y113.773 I-2.341 J-.473 E.05535
G2 X105.071 Y112.677 I-1.917 J1.126 E.07716
G1 X104.604 Y112.712 E.01537
G1 X112.721 Y104.595 E.3769
G1 X112.678 Y105.02 E.01404
G2 X114.547 Y107.295 I2.219 J.082 E.10565
G1 X114.716 Y107.307 E.00559
G1 E-1.75 F6000
;WIPE_START
G1 X114.98 Y107.322 E-.19799
G1 X115.406 Y107.279 E-.32086
G1 X115.188 Y107.496 E-.23115
;WIPE_END
G1 X114.823 Y107.573 F18000
G1 E2.5 F6000
M204 P2000
;TYPE:Gap infill
;WIDTH:0.122405
G1 F1351
G1 X114.62 Y107.535 E.00133
G1 X115.523 Y107.045 F18000
;WIDTH:0.118347
G1 F1351
G1 X115.663 Y107.012 E.00087
;WIDTH:0.141272
G1 X115.748 Y106.991 E.0007
;WIDTH:0.154958
G1 X115.753 Y106.99 E.00004
;WIDTH:0.18788
G2 X115.922 Y106.927 I-.003 J-.268 E.00215
;WIDTH:0.177837
G1 X116.098 Y106.785 E.00246
;WIDTH:0.140066
G1 X116.541 Y106.341 E.00492
;WIDTH:0.17679
G1 X116.681 Y106.17 E.00238
;WIDTH:0.200915
G2 X116.727 Y106.065 I-.155 J-.131 E.00148
;WIDTH:0.17053
G1 X116.748 Y105.995 E.00075
;WIDTH:0.142844
G1 X116.771 Y105.905 E.00075
;WIDTH:0.116282
G1 X116.792 Y105.819 E.00052
;WIDTH:0.0999633
G1 X116.804 Y105.762 E.00027
G1 X117.287 Y105.109 F18000
;WIDTH:0.126411
G1 F1351
G1 X117.518 Y104.515 E.00429
G1 X117.504 Y104.501 F18000
;WIDTH:0.334509
G1 F1351
G1 X117.303 Y105.094 E.01472
G1 X117.532 Y104.864 F18000
;WIDTH:0.330129
G1 F1351
G1 X117.118 Y104.115 E.01983
G1 X117.094 Y104.113 F18000
;WIDTH:0.187141
G1 F1351
G1 X117.55 Y104.846 E.01004
G1 X115.852 Y102.849 F18000
;WIDTH:0.396052
G1 F1351
G2 X115.127 Y102.477 I-8.942 J16.536 E.02321
G1 X115.141 Y102.463 F18000
;WIDTH:0.265819
G1 F1351
G1 X115.893 Y102.897 E.0156
G1 X115.886 Y102.908 F18000
;WIDTH:0.16079
G1 F1351
G1 X115.159 Y102.445 E.00819
G1 X113.724 Y103.315 F18000
;WIDTH:0.162737
G1 F1351
G3 X114.115 Y103.217 I2.155 J7.759 E.0039
;WIDTH:0.122229
G1 X114.221 Y103.193 E.00069
;WIDTH:0.101149
G1 X114.29 Y103.18 E.00033
G1 X114.026 Y103.176 F18000
;WIDTH:0.211681
G1 F1351
G1 X113.833 Y103.317 E.00325
;WIDTH:0.180403
G1 X113.689 Y103.433 E.00206
;WIDTH:0.140418
G1 X113.241 Y103.872 E.00493
;WIDTH:0.170013
G1 X113.097 Y104.047 E.00232
;WIDTH:0.191658
G1 X112.954 Y104.24 E.00289
G1 X112.954 Y104.48 F18000
;WIDTH:0.119132
G1 F1351
G1 X112.988 Y104.336 E.00091
;WIDTH:0.142806
G1 X113.01 Y104.248 E.00073
;WIDTH:0.156936
G1 X113.094 Y103.945 E.0029
G1 X112.431 Y105.173 F18000
;WIDTH:0.1031
G1 F1351
G1 X112.461 Y105.341 E.00083
G1 X111.598 Y106.21 F18000
;TYPE:Sparse infill
;WIDTH:0.45
G1 F1351
G1 X105.456 Y112.352 E.28518
G3 X106.659 Y112.844 I-.354 J2.58 E.04313
G1 X106.891 Y112.612 E.01078
G1 X108.964 Y111.533 E.07672
G1 X109.46 Y111.036 E.02306
G1 X110.54 Y108.964 E.07672
G1 X111.036 Y108.467 E.02306
G1 X113.109 Y107.388 E.07672
G1 X113.342 Y107.155 E.01081
G2 X114.252 Y107.593 I2.39 J-3.803 E.03324
G1 X114.195 Y107.87 E.0093
G1 X114.301 Y107.891 E.00354
G1 X108.225 Y113.966 E.28211
G1 X107.539 Y114.659 F18000
;TYPE:Gap infill
;WIDTH:0.115721
G1 F1351
G1 X107.569 Y114.827 E.001
G1 X107.046 Y115.52 F18000
;WIDTH:0.0999646
G1 F1351
G1 X107.034 Y115.577 E.00027
;WIDTH:0.116518
G1 X107.012 Y115.664 E.00053
;WIDTH:0.14366
G1 X106.989 Y115.757 E.00078
;WIDTH:0.171812
G1 X106.968 Y115.825 E.00074
;WIDTH:0.200584
G3 X106.898 Y115.959 I-.322 J-.083 E.00194
;WIDTH:0.168776
G1 X106.755 Y116.132 E.00227
;WIDTH:0.1439
G1 X106.508 Y116.39 E.00291
G1 X106.239 Y116.626 E.00292
;WIDTH:0.197044
G1 X106.122 Y116.716 E.00184
;WIDTH:0.204594
G1 X106.06 Y116.734 E.00084
;WIDTH:0.178286
G1 X105.992 Y116.754 E.00077
;WIDTH:0.151501
G1 X105.907 Y116.775 E.00077
;WIDTH:0.124219
G1 X105.733 Y116.814 E.00117
G1 X105.109 Y117.287 F18000
;WIDTH:0.123268
G1 F1351
G1 X104.515 Y117.518 E.00413
G1 X104.5 Y117.503 F18000
;WIDTH:0.327528
G1 F1351
G1 X105.092 Y117.305 E.01432
G1 X104.862 Y117.534 F18000
;WIDTH:0.3038
G1 F1351
G1 X104.106 Y117.108 E.01827
G1 X104.115 Y117.094 F18000
;WIDTH:0.167778
G1 F1351
G1 X104.844 Y117.553 E.00866
G1 X102.45 Y115.154 F18000
;WIDTH:0.183664
G1 F1351
G1 X102.906 Y115.887 E.0098
G1 X102.882 Y115.885 F18000
;WIDTH:0.321904
G1 F1351
G1 X102.468 Y115.136 E.01927
G1 X102.697 Y114.906 F18000
;WIDTH:0.334482
G1 F1351
G1 X102.496 Y115.499 E.01472
G1 X102.482 Y115.485 F18000
;WIDTH:0.12326
G1 F1351
G1 X102.713 Y114.891 E.00413
G1 X103.336 Y113.703 F18000
;WIDTH:0.156949
G1 F1351
G1 X103.251 Y114.006 E.0029
;WIDTH:0.142818
G1 X103.229 Y114.094 E.00073
;WIDTH:0.119139
G1 X103.196 Y114.238 E.00091
G1 X103.195 Y113.998 F18000
;WIDTH:0.191661
G1 F1351
G1 X103.339 Y113.805 E.00289
;WIDTH:0.170014
G1 X103.483 Y113.63 E.00232
;WIDTH:0.13764
G1 X103.868 Y113.245 E.00416
;WIDTH:0.168266
G1 X104.037 Y113.105 E.00222
;WIDTH:0.206207
G1 X104.267 Y112.934 E.00377
G1 X104.532 Y112.938 F18000
;WIDTH:0.101149
G1 F1351
G1 X104.462 Y112.951 E.00033
;WIDTH:0.122495
G1 X104.355 Y112.975 E.0007
;WIDTH:0.163511
G2 X103.964 Y113.075 I1.544 J6.914 E.00393
; stop printing object Block.stl id:105326592607568 copy 0
;LAYER_CHANGE
;Z:10.84
;HEIGHT:0.2
G92 E0 ; zero the extruded length again
; BEFORE_LAYER_CHANGE 53 @ 10.84mm
G1 E-2.09631 F6000
;WIPE_START
G1 X104.355 Y112.975 E-.40369
;WIPE_END
; AFTER_LAYER_CHANGE 53 @ 10.84mm
;_SET_FAN_SPEED_CHANGING_LAYER
; printing object Block.stl id:105326592607568 copy 0
G1 X101.458 Y115.303 Z10.84 F18000
G1 E2.5 F6000
M204 P1000
;TYPE:Outer wall
;WIDTH:0.42
G1 F1334
G1 X115.303 Y101.458 E.5955
G1 X116.792 Y102.947 E.06402
G1 X118.542 Y104.697 E.07527
G1 X104.697 Y118.542 E.5955
G1 X101.501 Y115.346 E.13747
G1 E-1.75 F6000
;WIPE_START
G1 F3600
G1 X102.206 Y114.636 E-.75
;WIPE_END
G1 X105.648 Y117.037 F18000
G1 E2.5 F6000
M204 P1500
;TYPE:Inner wall
;WIDTH:0.45
G1 F1334
G1 X104.697 Y117.987 E.04415
G1 X102.013 Y115.303 E.12463
G1 X102.781 Y114.534 E.0357
G1 X102.938 Y114.61 E.0057
G2 X105.222 Y117.08 I2.186 J.269 E.12567
G1 X105.588 Y117.043 E.01208
G1 E-1.75 F6000
;WIPE_START
G1 X104.902 Y117.77 E-.75
;WIPE_END
G1 X106.904 Y114.594 F18000
G1 E2.5 F6000
M204 P1000
;TYPE:Outer wall
;WIDTH:0.42
G1 F1334
G1 X106.912 Y114.643 E.00151
G3 X104.729 Y113.112 I-1.791 J.231 E.25386
G1 X104.887 Y113.084 E.00486
G3 X106.82 Y114.261 I.235 J1.791 E.07439
G1 X106.889 Y114.536 E.00863
G1 E-1.75 F6000
;WIPE_START
G1 F3600
G1 X106.912 Y114.643 E-.08228
G1 X106.93 Y114.96 E-.23788
G1 X106.87 Y115.346 E-.29262
G1 X106.808 Y115.517 E-.13723
;WIPE_END
G1 X114.362 Y102.954 F18000
G1 E2.5 F6000
M204 P1500
;TYPE:Inner wall
;WIDTH:0.45
G1 F1334
G1 X115.303 Y102.013 E.0437
G1 X116.515 Y103.224 E.05624
G1 X117.987 Y104.697 E.06839
G1 X117.037 Y105.647 E.04412
G2 X116.654 Y103.816 I-2.369 J-.459 E.06307
G2 X114.828 Y102.919 I-1.783 J1.321 E.06938
G1 X114.422 Y102.949 E.01337
G1 E-1.75 F6000
;WIPE_START
G1 X115.107 Y102.221 E-.75
;WIPE_END
G1 X114.793 Y106.926 F18000
G1 E2.5 F6000
M204 P1000
;TYPE:Outer wall
;WIDTH:0.42
G1 F1334
G1 X114.722 Y106.919 E.00216
G3 X114.487 Y103.354 I.158 J-1.801 E.15587
G1 X114.645 Y103.326 E.00486
G3 X114.963 Y106.924 I.235 J1.792 E.17732
G1 X114.853 Y106.925 E.00337
G1 X114.785 Y107.317 F18000
M204 P1500
;TYPE:Inner wall
;WIDTH:0.45
G1 F1334
G1 X114.988 Y107.321 E.00664
G1 X115.406 Y107.278 E.0138
G1 X107.279 Y115.405 E.37734
G2 X107.026 Y113.773 I-2.355 J-.471 E.05534
G2 X105.07 Y112.677 I-1.923 J1.138 E.07714
G1 X104.604 Y112.712 E.01534
G1 X112.698 Y104.618 E.37584
G1 X112.677 Y105.113 E.01629
G2 X114.687 Y107.313 I2.22 J-.011 E.10726
G1 X114.725 Y107.314 E.00125
G1 E-1.75 F6000
;WIPE_START
G1 X114.988 Y107.321 E-.19673
G1 X115.406 Y107.278 E-.31513
G1 X115.181 Y107.503 E-.23814
;WIPE_END
G1 X115.524 Y107.045 F18000
G1 E2.5 F6000
M204 P2000
;TYPE:Gap infill
;WIDTH:0.118283
G1 F1334
G1 X115.663 Y107.012 E.00087
;WIDTH:0.141129
G1 X115.748 Y106.991 E.0007
;WIDTH:0.154809
G1 X115.753 Y106.989 E.00004
;WIDTH:0.187746
G2 X115.922 Y106.927 I-.003 J-.268 E.00214
;WIDTH:0.177769
G1 X116.098 Y106.784 E.00247
;WIDTH:0.141184
G1 X116.39 Y106.508 E.00318
G1 X116.574 Y106.303 E.00219
;WIDTH:0.189211
G2 X116.727 Y106.065 I-.345 J-.391 E.00338
;WIDTH:0.170672
G1 X116.748 Y105.995 E.00075
;WIDTH:0.142993
G1 X116.771 Y105.905 E.00075
;WIDTH:0.11642
G1 X116.793 Y105.819 E.00052
;WIDTH:0.10003
G1 X116.804 Y105.762 E.00027
G1 X117.536 Y104.86 F18000
;WIDTH:0.274717
G1 F1334
G1 X117.105 Y104.106 E.01624
G1 X117.092 Y104.115 F18000
;WIDTH:0.163074
G1 F1334
G1 X117.555 Y104.841 E.00835
G1 X115.852 Y102.849 F18000
;WIDTH:0.396072
G1 F1334
G2 X115.127 Y102.477 I-8.927 J16.506 E.02321
G1 X115.141 Y102.463 F18000
;WIDTH:0.265805
G1 F1334
G1 X115.893 Y102.897 E.0156
G1 X115.885 Y102.908 F18000
;WIDTH:0.160765
G1 F1334
G1 X115.159 Y102.445 E.00819
G1 X113.72 Y103.319 F18000
;WIDTH:0.166955
G1 F1334
G3 X114.096 Y103.22 I3.2 J11.41 E.0039
;WIDTH:0.119267
G1 X114.283 Y103.18 E.00118
G1 X114.025 Y103.176 F18000
;WIDTH:0.211039
G1 F1334
G1 X113.83 Y103.32 E.00329
;WIDTH:0.176351
G1 X113.655 Y103.462 E.00242
;WIDTH:0.13881
G1 X113.241 Y103.872 E.00451
;WIDTH:0.170108
G1 X113.097 Y104.047 E.00233
;WIDTH:0.191845
G1 X112.908 Y104.301 E.00379
G1 X112.919 Y104.593 F18000
;WIDTH:0.135442
G1 F1334
G1 X112.949 Y104.421 E.0013
;WIDTH:0.15169
G1 X112.97 Y104.328 E.00083
;WIDTH:0.183811
G1 X112.989 Y104.24 E.00103
;WIDTH:0.201109
G1 X113.052 Y103.986 E.00334
G1 X113.115 Y109.077 F18000
;TYPE:Sparse infill
;WIDTH:0.45
G1 F1334
G1 X107.65 Y114.541 E.25375
G2 X106.447 Y112.703 I-2.644 J.416 E.07434
G1 X106.891 Y112.259 E.02062
G1 X108.964 Y111.886 E.06914
G1 X109.814 Y111.036 E.03948
G1 X110.186 Y108.964 E.06914
G1 X111.036 Y108.114 E.03948
G1 X113.109 Y107.741 E.06914
G1 X113.553 Y107.297 E.02063
G3 X112.35 Y105.458 I1.411 J-2.235 E.0744
G1 X106.885 Y110.923 E.25376
G1 X104.525 Y112.938 F18000
;TYPE:Gap infill
;WIDTH:0.119267
G1 F1334
G1 X104.338 Y112.978 E.00118
;WIDTH:0.158281
G1 X104.244 Y113.002 E.00091
;WIDTH:0.198619
G1 X104.131 Y113.033 E.00147
G1 X104.004 Y113.131 E.00202
;WIDTH:0.143985
G1 X103.734 Y113.368 E.00293
G1 X103.483 Y113.63 E.00296
;WIDTH:0.170109
G1 X103.339 Y113.805 E.00233
;WIDTH:0.207561
G1 X103.274 Y113.892 E.00143
;WIDTH:0.249114
G2 X102.923 Y114.385 I9.707 J7.276 E.01008
G1 X102.94 Y114.394 F18000
;WIDTH:0.329256
G1 F1334
G1 X103.458 Y113.58 E.02227
G1 X102.464 Y115.14 F18000
;WIDTH:0.26854
G1 F1334
G1 X102.895 Y115.894 E.0158
G1 X102.908 Y115.885 F18000
;WIDTH:0.160771
G1 F1334
G1 X102.445 Y115.159 E.00819
G1 X104.106 Y117.104 F18000
;WIDTH:0.275183
G1 F1334
G1 X104.86 Y117.536 E.01628
G1 X104.844 Y117.552 F18000
;WIDTH:0.167917
G1 F1334
G1 X104.114 Y117.093 E.0087
G1 X104.117 Y117.088 F18000
;WIDTH:0.113537
G1 F1334
G2 X104.827 Y117.569 I14.942 J-21.275 E.00488
G1 X105.766 Y116.803 F18000
;WIDTH:0.101959
G1 F1334
G1 X105.819 Y116.792 E.00026
;WIDTH:0.127467
G1 X105.985 Y116.75 E.00117
;WIDTH:0.170686
G1 X106.085 Y116.722 E.00107
;WIDTH:0.19749
G2 X106.233 Y116.631 I-.079 J-.297 E.0022
;WIDTH:0.145551
G1 X106.508 Y116.39 E.00302
G1 X106.816 Y116.061 E.00373
;WIDTH:0.189211
G2 X106.969 Y115.823 I-.345 J-.391 E.00338
;WIDTH:0.170671
G1 X106.99 Y115.753 E.00075
;WIDTH:0.142994
G1 X107.013 Y115.663 E.00075
;WIDTH:0.116421
G1 X107.034 Y115.577 E.00052
;WIDTH:0.10003
G1 X107.046 Y115.52 E.00027
; stop printing object Block.stl id:105326592607568 copy 0
;LAYER_CHANGE
;Z:11.04
;HEIGHT:0.2
G92 E0 ; zero the extruded length again
; BEFORE_LAYER_CHANGE 54 @ 11.04mm
G1 E-2.44153 F6000
;WIPE_START
G1 X107.034 Y115.577 E-.05847
;WIPE_END
; AFTER_LAYER_CHANGE 54 @ 11.04mm
;_SET_FAN_SPEED_CHANGING_LAYER
; printing object Block.stl id:105326592607568 copy 0
G1 X101.458 Y115.303 Z11.04 F18000
G1 E2.5 F6000
M204 P1000
;TYPE:Outer wall
;WIDTH:0.42
G1 F1373
G1 X115.303 Y101.458 E.5955
G1 X116.756 Y102.911 E.0625
G1 X118.542 Y104.697 E.07679
G1 X104.697 Y118.542 E.5955
G1 X101.501 Y115.346 E.13747
G1 E-1.75 F6000
;WIPE_START
G1 F3600
G1 X102.206 Y114.636 E-.75
;WIPE_END
G1 X105.642 Y117.043 F18000
G1 E2.5 F6000
M204 P1500
;TYPE:Inner wall
;WIDTH:0.45
G1 F1373
G1 X104.697 Y117.987 E.04387
G1 X102.013 Y115.303 E.12463
G1 X102.781 Y114.534 E.0357
G1 X102.938 Y114.61 E.0057
G2 X105.217 Y117.08 I2.203 J.253 E.1252
G1 X105.582 Y117.048 E.01202
G1 E-1.75 F6000
;WIPE_START
G1 X104.896 Y117.776 E-.75
;WIPE_END
G1 X106.904 Y114.593 F18000
G1 E2.5 F6000
M204 P1000
;TYPE:Outer wall
;WIDTH:0.42
G1 F1373
G1 X106.915 Y114.641 E.00147
G3 X104.729 Y113.112 I-1.793 J.237 E.25445
G1 X104.887 Y113.084 E.00486
G3 X106.823 Y114.262 I.235 J1.794 E.07448
G1 X106.89 Y114.535 E.00856
G1 E-1.75 F6000
;WIPE_START
G1 F3600
G1 X106.915 Y114.641 E-.08136
G1 X106.93 Y114.96 E-.23966
G1 X106.87 Y115.346 E-.29262
G1 X106.808 Y115.516 E-.13635
;WIPE_END
G1 X114.362 Y102.954 F18000
G1 E2.5 F6000
M204 P1500
;TYPE:Inner wall
;WIDTH:0.45
G1 F1373
G1 X115.303 Y102.013 E.04371
G1 X116.479 Y103.188 E.0546
G1 X117.987 Y104.697 E.07003
G1 X117.037 Y105.647 E.04412
G2 X116.688 Y103.864 I-2.403 J-.454 E.06112
G2 X114.827 Y102.919 I-1.82 J1.278 E.07131
G1 X114.422 Y102.949 E.01335
G1 E-1.75 F6000
;WIPE_START
G1 X115.107 Y102.221 E-.75
;WIPE_END
G1 X114.794 Y106.929 F18000
G1 E2.5 F6000
M204 P1000
;TYPE:Outer wall
;WIDTH:0.42
G1 F1373
G1 X114.415 Y106.86 E.01171
G3 X114.487 Y103.354 I.464 J-1.745 E.14619
G1 X114.645 Y103.326 E.00486
G3 X114.848 Y106.92 I.234 J1.79 E.18058
G1 X114.773 Y107.311 F18000
M204 P1500
;TYPE:Inner wall
;WIDTH:0.45
G1 F1373
G1 X114.98 Y107.322 E.00679
G1 X115.406 Y107.278 E.01405
G1 X107.279 Y115.405 E.37734
G2 X107.026 Y113.773 I-2.343 J-.472 E.05535
G2 X105.069 Y112.677 I-1.936 J1.16 E.07708
G1 X104.604 Y112.712 E.01532
G1 X112.721 Y104.595 E.37689
G1 X112.678 Y105.021 E.01404
G2 X114.548 Y107.298 I2.203 J.098 E.10595
G1 X114.714 Y107.307 E.00545
G1 E-1.75 F6000
;WIPE_START
G1 X114.98 Y107.322 E-.20017
G1 X115.406 Y107.278 E-.3209
G1 X115.19 Y107.494 E-.22893
;WIPE_END
G1 X114.823 Y107.573 F18000
G1 E2.5 F6000
M204 P2000
;TYPE:Gap infill
;WIDTH:0.12246
G1 F1373
G1 X114.62 Y107.535 E.00133
G1 X115.524 Y107.045 F18000
;WIDTH:0.118216
G1 F1373
G1 X115.662 Y107.012 E.00086
;WIDTH:0.14098
G1 X115.748 Y106.991 E.0007
;WIDTH:0.154647
G1 X115.753 Y106.989 E.00004
;WIDTH:0.187608
G2 X115.922 Y106.927 I-.003 J-.268 E.00214
;WIDTH:0.177701
G1 X116.099 Y106.783 E.00248
;WIDTH:0.140065
G1 X116.542 Y106.34 E.00492
;WIDTH:0.176924
G1 X116.681 Y106.17 E.00237
;WIDTH:0.201122
G2 X116.727 Y106.065 I-.156 J-.132 E.00148
;WIDTH:0.170834
G1 X116.748 Y105.995 E.00075
;WIDTH:0.143164
G1 X116.771 Y105.905 E.00076
;WIDTH:0.116562
G1 X116.793 Y105.819 E.00053
;WIDTH:0.100095
G1 X116.805 Y105.761 E.00027
G1 X117.287 Y105.109 F18000
;WIDTH:0.12641
G1 F1373
G1 X117.518 Y104.515 E.00429
G1 X117.504 Y104.501 F18000
;WIDTH:0.334514
G1 F1373
G1 X117.303 Y105.094 E.01472
G1 X117.556 Y104.84 F18000
;WIDTH:0.161321
G1 F1373
G1 X117.092 Y104.115 E.00822
G1 X117.099 Y104.11 F18000
;WIDTH:0.239846
G1 F1373
G1 X117.541 Y104.855 E.01376
G1 X117.531 Y104.866 F18000
;WIDTH:0.335839
G1 F1373
G1 X117.124 Y104.121 E.02005
G1 X115.852 Y102.849 F18000
;WIDTH:0.39607
G1 F1373
G2 X115.127 Y102.477 I-8.966 J16.582 E.02321
G1 X115.141 Y102.463 F18000
;WIDTH:0.265812
G1 F1373
G1 X115.893 Y102.897 E.0156
G1 X115.885 Y102.908 F18000
;WIDTH:0.160781
G1 F1373
G1 X115.159 Y102.445 E.00819
G1 X114.283 Y103.18 F18000
;WIDTH:0.119953
G1 F1373
G1 X114.091 Y103.221 E.00122
;WIDTH:0.159514
G1 X114.004 Y103.244 E.00085
;WIDTH:0.198634
G1 X113.889 Y103.275 E.00149
G1 X113.762 Y103.373 E.00201
;WIDTH:0.148204
G1 X113.368 Y103.734 E.00454
G1 X113.124 Y104.012 E.00314
;WIDTH:0.181151
G1 X112.953 Y104.238 E.00316
G1 X112.954 Y104.481 F18000
;WIDTH:0.124739
G1 F1373
G1 X112.993 Y104.316 E.00112
;WIDTH:0.153363
G1 X113.02 Y104.212 E.00096
;WIDTH:0.170902
G1 X113.097 Y103.942 E.0029
G1 X112.431 Y105.173 F18000
;WIDTH:0.103145
G1 F1373
G1 X112.461 Y105.342 E.00084
G1 X111.962 Y105.846 F18000
;TYPE:Sparse infill
;WIDTH:0.45
G1 F1373
G1 X105.456 Y112.352 E.30211
G3 X106.219 Y112.577 I-1.658 J7.034 E.02613
G1 X106.891 Y111.905 E.03121
G1 X108.964 Y112.24 E.06893
G1 X110.167 Y111.036 E.05589
G1 X109.833 Y108.964 E.06893
G1 X111.036 Y107.76 E.05589
G1 X113.109 Y108.095 E.06893
G1 X113.781 Y107.423 E.03121
G2 X114.252 Y107.593 I2.624 J-6.53 E.01646
G1 X114.195 Y107.871 E.0093
G1 X114.301 Y107.891 E.00353
G1 X107.882 Y114.264 E.297
G1 X107.539 Y114.658 F18000
;TYPE:Gap infill
;WIDTH:0.115986
G1 F1373
G1 X107.569 Y114.827 E.00101
G1 X107.046 Y115.519 F18000
;WIDTH:0.100096
G1 F1373
G1 X107.035 Y115.577 E.00027
;WIDTH:0.116562
G1 X107.013 Y115.663 E.00053
;WIDTH:0.143164
G1 X106.99 Y115.753 E.00076
;WIDTH:0.170834
G1 X106.969 Y115.823 E.00075
;WIDTH:0.189257
G3 X106.816 Y116.061 I-.5 J-.154 E.00338
;WIDTH:0.143513
G1 X106.508 Y116.39 E.00366
G1 X106.272 Y116.599 E.00256
;WIDTH:0.19046
G1 X105.986 Y116.816 E.00427
G1 X105.729 Y116.814 F18000
;WIDTH:0.123325
G1 F1373
G1 X105.905 Y116.775 E.00117
;WIDTH:0.151125
G1 X105.992 Y116.754 E.00079
;WIDTH:0.165776
G1 X106.286 Y116.675 E.00302
G1 X105.109 Y117.287 F18000
;WIDTH:0.123265
G1 F1373
G1 X104.515 Y117.518 E.00413
G1 X104.5 Y117.503 F18000
;WIDTH:0.327348
G1 F1373
G1 X105.092 Y117.304 E.01431
G1 X104.862 Y117.534 F18000
;WIDTH:0.30479
G1 F1373
G1 X104.106 Y117.109 E.01833
G1 X104.117 Y117.089 F18000
;WIDTH:0.130117
G1 F1373
G1 X104.199 Y117.144 E.00069
;WIDTH:0.146715
G1 X104.281 Y117.198 E.00083
;WIDTH:0.164706
G1 X104.843 Y117.553 E.00653
G1 X102.446 Y115.157 F18000
;WIDTH:0.162969
G1 F1373
G1 X102.907 Y115.886 E.00835
G1 X102.893 Y115.895 F18000
;WIDTH:0.29272
G1 F1373
G1 X102.466 Y115.138 E.01752
G1 X102.695 Y114.909 F18000
;WIDTH:0.342925
G1 F1373
G1 X102.497 Y115.5 E.01509
G1 X102.481 Y115.483 F18000
;WIDTH:0.11798
G1 F1373
G1 X102.713 Y114.891 E.00385
G1 X103.458 Y113.58 F18000
;WIDTH:0.329263
G1 F1373
G1 X102.94 Y114.394 E.02227
G1 X102.923 Y114.385 F18000
;WIDTH:0.249173
G1 F1373
G3 X103.274 Y113.892 I10.053 J6.778 E.01007
;WIDTH:0.20771
G1 X103.338 Y113.806 E.00143
;WIDTH:0.17021
G1 X103.483 Y113.631 E.00234
;WIDTH:0.137641
G1 X103.868 Y113.245 E.00416
;WIDTH:0.168077
G1 X104.036 Y113.106 E.0022
;WIDTH:0.205963
G1 X104.266 Y112.934 E.00377
; stop printing object Block.stl id:105326592607568 copy 0
;LAYER_CHANGE
;Z:11.24
;HEIGHT:0.2
G92 E0 ; zero the extruded length again
; BEFORE_LAYER_CHANGE 55 @ 11.24mm
G1 E-2.21302 F6000
;WIPE_START
G1 X104.036 Y113.106 E-.28698
;WIPE_END
; AFTER_LAYER_CHANGE 55 @ 11.24mm
;_SET_FAN_SPEED_CHANGING_LAYER
; printing object Block.stl id:105326592607568 copy 0
G1 X101.458 Y115.303 Z11.24 F18000
G1 E2.5 F6000
M204 P1000
;TYPE:Outer wall
;WIDTH:0.42
G1 F1341
G1 X115.303 Y101.458 E.5955
G1 X116.721 Y102.876 E.06098
G1 X118.542 Y104.697 E.07832
G1 X104.697 Y118.542 E.5955
G1 X101.501 Y115.346 E.13747
G1 E-1.75 F6000
;WIPE_START
G1 F3600
G1 X102.206 Y114.636 E-.75
;WIPE_END
G1 X105.642 Y117.043 F18000
G1 E2.5 F6000
M204 P1500
;TYPE:Inner wall
;WIDTH:0.45
G1 F1341
G1 X104.697 Y117.987 E.04387
G1 X102.013 Y115.303 E.12463
G1 X102.782 Y114.534 E.0357
G1 X102.938 Y114.61 E.0057
G2 X105.217 Y117.08 I2.185 J.27 E.12552
G1 X105.582 Y117.048 E.01202
G1 E-1.75 F6000
;WIPE_START
G1 X104.896 Y117.776 E-.75
;WIPE_END
G1 X106.904 Y114.593 F18000
G1 E2.5 F6000
M204 P1000
;TYPE:Outer wall
;WIDTH:0.42
G1 F1341
G1 X106.916 Y114.641 E.00148
G3 X104.729 Y113.112 I-1.794 J.237 E.25454
G1 X104.886 Y113.084 E.00486
G3 X106.823 Y114.262 I.235 J1.794 E.07449
G1 X106.89 Y114.535 E.00856
G1 E-1.75 F6000
;WIPE_START
G1 F3600
G1 X106.916 Y114.641 E-.08153
G1 X106.93 Y114.96 E-.23969
G1 X106.87 Y115.345 E-.29263
G1 X106.808 Y115.516 E-.13615
;WIPE_END
G1 X114.362 Y102.954 F18000
G1 E2.5 F6000
M204 P1500
;TYPE:Inner wall
;WIDTH:0.45
G1 F1341
G1 X115.303 Y102.013 E.04371
G1 X116.444 Y103.153 E.05296
G1 X117.987 Y104.697 E.07167
G1 X117.037 Y105.647 E.04411
G2 X116.683 Y103.858 I-2.404 J-.454 E.06136
G2 X114.826 Y102.919 I-1.812 J1.279 E.07111
G1 X114.422 Y102.949 E.01332
G1 E-1.75 F6000
;WIPE_START
G1 X115.107 Y102.221 E-.75
;WIPE_END
G1 X114.793 Y106.929 F18000
G1 E2.5 F6000
M204 P1000
;TYPE:Outer wall
;WIDTH:0.42
G1 F1341
G1 X114.413 Y106.868 E.01171
G3 X114.487 Y103.354 I.467 J-1.748 E.1465
G1 X114.645 Y103.326 E.00486
G3 X114.853 Y106.929 I.235 J1.794 E.18087
G1 X114.772 Y107.311 F18000
M204 P1500
;TYPE:Inner wall
;WIDTH:0.45
G1 F1341
G1 X114.967 Y107.322 E.00642
G1 X115.39 Y107.294 E.01391
G1 X107.279 Y115.405 E.37661
G2 X106.925 Y113.616 I-2.404 J-.454 E.06136
G2 X105.068 Y112.677 I-1.816 J1.286 E.07109
G1 X104.604 Y112.712 E.01529
G1 X112.698 Y104.618 E.37585
G1 X112.677 Y105.113 E.01629
G2 X114.549 Y107.295 I2.221 J-.011 E.10268
G1 X114.712 Y107.307 E.00538
G1 E-1.75 F6000
;WIPE_START
G1 X114.967 Y107.322 E-.19157
G1 X115.39 Y107.294 E-.31772
G1 X115.163 Y107.521 E-.24071
;WIPE_END
G1 X114.823 Y107.573 F18000
G1 E2.5 F6000
M204 P2000
;TYPE:Gap infill
;WIDTH:0.122481
G1 F1341
G1 X114.62 Y107.535 E.00133
G1 X115.442 Y107.07 F18000
;WIDTH:0.123394
G1 F1341
G1 X115.577 Y107.045 E.00089
;WIDTH:0.137819
G1 X115.665 Y107.025 E.00068
;WIDTH:0.166386
G1 X115.748 Y107.005 E.00086
;WIDTH:0.202317
G1 X115.857 Y106.976 E.00145
G1 X115.991 Y106.873 E.00218
;WIDTH:0.148041
G1 X116.266 Y106.632 E.0031
G1 X116.627 Y106.238 E.00453
;WIDTH:0.197594
G2 X116.721 Y106.09 I-.444 J-.385 E.0022
;WIDTH:0.17387
G1 X116.75 Y105.989 E.00111
;WIDTH:0.141902
G1 X116.772 Y105.902 E.00071
;WIDTH:0.116297
G1 X116.793 Y105.819 E.00051
;WIDTH:0.100164
G1 X116.805 Y105.76 E.00028
G1 X117.287 Y105.109 F18000
;WIDTH:0.126411
G1 F1341
G1 X117.518 Y104.515 E.00429
G1 X117.504 Y104.501 F18000
;WIDTH:0.334491
G1 F1341
G1 X117.303 Y105.094 E.01472
G1 X117.556 Y104.84 F18000
;WIDTH:0.160264
G1 F1341
G1 X117.193 Y104.272 E.00638
;WIDTH:0.143667
G1 X117.141 Y104.194 E.00076
;WIDTH:0.128085
G1 X117.089 Y104.117 E.00064
G1 X117.099 Y104.11 F18000
;WIDTH:0.239394
G1 F1341
G1 X117.541 Y104.855 E.01373
G1 X117.531 Y104.866 F18000
;WIDTH:0.335797
G1 F1341
G1 X117.124 Y104.121 E.02005
G1 X115.852 Y102.849 F18000
;WIDTH:0.396072
G1 F1341
G2 X115.127 Y102.477 I-8.947 J16.545 E.02321
G1 X115.141 Y102.463 F18000
;WIDTH:0.265801
G1 F1341
G1 X115.893 Y102.897 E.0156
G1 X115.886 Y102.908 F18000
;WIDTH:0.160777
G1 F1341
G1 X115.159 Y102.445 E.00819
G1 X113.721 Y103.318 F18000
;WIDTH:0.160562
G1 F1341
G3 X114.131 Y103.212 I2.85 J10.219 E.00402
;WIDTH:0.113986
G1 X114.283 Y103.18 E.00089
G1 X114.025 Y103.176 F18000
;WIDTH:0.205606
G1 F1341
G1 X113.758 Y103.377 E.00439
;WIDTH:0.147778
G1 X113.368 Y103.734 E.00447
G1 X113.129 Y104.007 E.00307
;WIDTH:0.198149
G1 X113.041 Y104.12 E.00179
;WIDTH:0.216563
G1 X112.908 Y104.303 E.00316
G1 X112.919 Y104.593 F18000
;WIDTH:0.135443
G1 F1341
G1 X112.949 Y104.421 E.0013
;WIDTH:0.151229
G1 X112.969 Y104.331 E.0008
;WIDTH:0.182427
G1 X112.988 Y104.245 E.00099
;WIDTH:0.19888
G1 X113.051 Y103.988 E.00333
G1 X112.43 Y105.174 F18000
;WIDTH:0.103387
G1 F1341
G1 X112.461 Y105.343 E.00084
G1 X110.656 Y107.153 F18000
;TYPE:Sparse infill
;WIDTH:0.45
G1 F1341
G1 X112.117 Y105.691 E.06785
G1 X112.13 Y105.762 E.00234
G1 X112.398 Y105.71 E.00896
G2 X114.252 Y107.593 I2.52 J-.627 E.09104
G1 X114.195 Y107.871 E.0093
G1 X114.301 Y107.891 E.00352
G1 X113.633 Y108.558 E.031
G1 X113.109 Y108.034 E.02435
G1 X111.036 Y107.821 E.06841
G1 X110.512 Y107.297 E.02435
G1 X109.369 Y108.439 E.05306
G1 X109.894 Y108.964 E.02435
G1 X110.106 Y111.036 E.06841
G1 X110.631 Y111.561 E.02435
G1 X109.488 Y112.703 E.05306
G1 X108.964 Y112.179 E.02435
G1 X106.891 Y111.966 E.06841
G1 X106.367 Y111.442 E.02435
G1 X105.453 Y112.356 E.04245
G3 X107.603 Y114.29 I-.432 J2.642 E.10031
G1 X107.877 Y114.237 E.00918
G1 X107.889 Y114.303 E.00219
G1 X109.344 Y112.847 E.06758
G1 X107.539 Y114.657 F18000
;TYPE:Gap infill
;WIDTH:0.116125
G1 F1341
G1 X107.57 Y114.827 E.00102
G1 X107.047 Y115.519 F18000
;WIDTH:0.100163
G1 F1341
G1 X107.035 Y115.577 E.00028
;WIDTH:0.116295
G1 X107.014 Y115.66 E.00051
;WIDTH:0.1419
G1 X106.992 Y115.747 E.00071
;WIDTH:0.173869
G1 X106.963 Y115.848 E.00111
;WIDTH:0.197593
G3 X106.869 Y115.996 I-.538 J-.237 E.0022
;WIDTH:0.148041
G1 X106.508 Y116.39 E.00453
G1 X106.233 Y116.631 E.0031
;WIDTH:0.200767
G3 X106.087 Y116.727 I-.219 J-.173 E.00227
;WIDTH:0.182232
G1 X105.987 Y116.755 E.00117
;WIDTH:0.15025
G1 X105.905 Y116.775 E.00073
;WIDTH:0.123626
G1 X105.733 Y116.814 E.00115
G1 X104.86 Y117.536 F18000
;WIDTH:0.275301
G1 F1341
G1 X104.106 Y117.105 E.01628
G1 X104.114 Y117.092 F18000
;WIDTH:0.163085
G1 F1341
G1 X104.841 Y117.555 E.00835
G1 X102.876 Y115.879 F18000
;WIDTH:0.328918
G1 F1341
G1 X102.469 Y115.134 E.01958
G1 X102.459 Y115.145 F18000
;WIDTH:0.236489
G1 F1341
G1 X102.901 Y115.89 E.01353
G1 X102.908 Y115.885 F18000
;WIDTH:0.159268
G1 F1341
G1 X102.444 Y115.16 E.00808
G1 X102.697 Y114.906 F18000
;WIDTH:0.334499
G1 F1341
G1 X102.496 Y115.499 E.01472
G1 X102.481 Y115.484 F18000
;WIDTH:0.118072
G1 F1341
G1 X102.713 Y114.891 E.00386
G1 X103.458 Y113.58 F18000
;WIDTH:0.329255
G1 F1341
G1 X102.94 Y114.394 E.02227
G1 X102.923 Y114.385 F18000
;WIDTH:0.249227
G1 F1341
G3 X103.274 Y113.892 I10.047 J6.772 E.01006
;WIDTH:0.207857
G1 X103.338 Y113.807 E.00142
;WIDTH:0.170305
G1 X103.483 Y113.631 E.00235
;WIDTH:0.13876
G1 X103.896 Y113.221 E.0045
;WIDTH:0.176216
G1 X104.072 Y113.078 E.00243
;WIDTH:0.21095
G1 X104.267 Y112.934 E.00329
; stop printing object Block.stl id:105326592607568 copy 0
;LAYER_CHANGE
;Z:11.44
;HEIGHT:0.2
G92 E0 ; zero the extruded length again
; BEFORE_LAYER_CHANGE 56 @ 11.44mm
G1 E-2.25749 F6000
;WIPE_START
G1 X104.072 Y113.078 E-.24251
;WIPE_END
; AFTER_LAYER_CHANGE 56 @ 11.44mm
;_SET_FAN_SPEED_CHANGING_LAYER
; printing object Block.stl id:105326592607568 copy 0
G1 X101.458 Y115.303 Z11.44 F18000
G1 E2.5 F6000
M204 P1000
;TYPE:Outer wall
;WIDTH:0.42
G1 F1330
G1 X115.303 Y101.458 E.5955
G1 X116.686 Y102.841 E.05946
G1 X118.542 Y104.697 E.07984
G1 X104.697 Y118.542 E.5955
G1 X101.501 Y115.346 E.13747
G1 E-1.75 F6000
;WIPE_START
G1 F3600
G1 X102.206 Y114.636 E-.75
;WIPE_END
G1 X105.642 Y117.043 F18000
G1 E2.5 F6000
M204 P1500
;TYPE:Inner wall
;WIDTH:0.45
G1 F1330
G1 X104.697 Y117.987 E.04387
G1 X102.013 Y115.303 E.12463
G1 X102.963 Y114.353 E.04411
G1 X102.92 Y114.779 E.01404
G2 X105.217 Y117.08 I2.212 J.089 E.11987
G1 X105.582 Y117.048 E.01202
G1 E-1.75 F6000
;WIPE_START
G1 X104.896 Y117.776 E-.75
;WIPE_END
G1 X106.904 Y114.593 F18000
G1 E2.5 F6000
M204 P1000
;TYPE:Outer wall
;WIDTH:0.42
G1 F1330
G1 X106.915 Y114.641 E.00147
G3 X104.727 Y113.112 I-1.794 J.238 E.25454
G1 X104.886 Y113.084 E.00493
G3 X106.822 Y114.262 I.234 J1.794 E.07446
G1 X106.89 Y114.535 E.00856
G1 E-1.75 F6000
;WIPE_START
G1 F3600
G1 X106.915 Y114.641 E-.08134
G1 X106.93 Y114.96 E-.23963
G1 X106.87 Y115.345 E-.29262
G1 X106.808 Y115.516 E-.1364
;WIPE_END
G1 X114.362 Y102.954 F18000
G1 E2.5 F6000
M204 P1500
;TYPE:Inner wall
;WIDTH:0.45
G1 F1330
G1 X115.303 Y102.013 E.04371
G1 X116.408 Y103.118 E.05132
G1 X117.987 Y104.697 E.07331
G1 X117.037 Y105.647 E.04411
G2 X116.787 Y104.02 I-2.354 J-.47 E.05517
G2 X114.826 Y102.919 I-1.91 J1.105 E.07748
G1 X114.422 Y102.95 E.0133
G1 E-1.75 F6000
;WIPE_START
G1 X115.107 Y102.221 E-.75
;WIPE_END
G1 X114.791 Y106.926 F18000
G1 E2.5 F6000
M204 P1000
;TYPE:Outer wall
;WIDTH:0.42
G1 F1330
G1 X114.722 Y106.916 E.00211
G3 X114.485 Y103.354 I.156 J-1.799 E.15576
G1 X114.645 Y103.326 E.00493
G3 X114.963 Y106.921 I.234 J1.791 E.1771
G1 X114.851 Y106.924 E.00343
G1 X114.783 Y107.317 F18000
M204 P1500
;TYPE:Inner wall
;WIDTH:0.45
G1 F1330
G1 X114.988 Y107.321 E.00671
G1 X115.406 Y107.278 E.0138
G1 X107.279 Y115.405 E.37734
G2 X107.026 Y113.773 I-2.345 J-.472 E.05535
G2 X105.068 Y112.677 I-1.935 J1.16 E.07714
G1 X104.604 Y112.712 E.01527
G1 X112.721 Y104.595 E.37689
G1 X112.678 Y105.021 E.01404
G2 X114.687 Y107.313 I2.219 J.081 E.11028
G1 X114.723 Y107.314 E.00119
G1 E-1.75 F6000
;WIPE_START
G1 X114.988 Y107.321 E-.19837
G1 X115.406 Y107.278 E-.31518
G1 X115.183 Y107.501 E-.23646
;WIPE_END
G1 X115.525 Y107.045 F18000
G1 E2.5 F6000
M204 P2000
;TYPE:Gap infill
;WIDTH:0.118087
G1 F1330
G1 X115.662 Y107.012 E.00085
;WIDTH:0.140687
G1 X115.748 Y106.991 E.0007
;WIDTH:0.168253
G1 X115.824 Y106.968 E.0008
;WIDTH:0.197206
G1 X115.896 Y106.947 E.00093
;WIDTH:0.185555
G1 X116.062 Y106.815 E.00244
;WIDTH:0.145035
G1 X116.39 Y106.508 E.0037
G1 X116.623 Y106.242 E.00291
;WIDTH:0.195857
G2 X116.728 Y106.065 I-.261 J-.272 E.00257
;WIDTH:0.17114
G1 X116.748 Y105.995 E.00075
;WIDTH:0.143488
G1 X116.771 Y105.905 E.00076
;WIDTH:0.116844
G1 X116.793 Y105.819 E.00053
;WIDTH:0.100228
G1 X116.805 Y105.76 E.00028
G1 X117.555 Y104.841 F18000
;WIDTH:0.163084
G1 F1330
G1 X117.092 Y104.115 E.00835
G1 X117.103 Y104.108 F18000
;WIDTH:0.268578
G1 F1330
G1 X117.538 Y104.858 E.01579
G1 X117.528 Y104.868 F18000
;WIDTH:0.363536
G1 F1330
G1 X117.134 Y104.131 E.0216
G1 X115.852 Y102.849 F18000
;WIDTH:0.396072
G1 F1330
G2 X115.127 Y102.477 I-8.918 J16.488 E.02321
G1 X115.141 Y102.463 F18000
;WIDTH:0.26581
G1 F1330
G1 X115.893 Y102.897 E.0156
G1 X115.886 Y102.908 F18000
;WIDTH:0.160767
G1 F1330
G1 X115.159 Y102.445 E.00819
G1 X114.289 Y103.181 F18000
;WIDTH:0.101351
G1 F1330
G1 X114.218 Y103.193 E.00034
;WIDTH:0.121988
G1 X114.116 Y103.217 E.00066
;WIDTH:0.154335
G1 X114.01 Y103.242 E.00098
;WIDTH:0.197648
G1 X113.889 Y103.276 E.00158
G1 X113.762 Y103.373 E.00199
;WIDTH:0.147792
G1 X113.492 Y103.61 E.00304
G1 X113.132 Y104.003 E.00451
;WIDTH:0.194908
G1 X113.051 Y104.107 E.00162
;WIDTH:0.198647
G1 X113.03 Y104.177 E.00091
;WIDTH:0.170195
G1 X113.008 Y104.251 E.0008
;WIDTH:0.142747
G1 X112.987 Y104.337 E.00071
;WIDTH:0.119043
G1 X112.953 Y104.482 E.00091
G1 X112.43 Y105.173 F18000
;WIDTH:0.103189
G1 F1330
G1 X112.461 Y105.344 E.00084
G1 X110.833 Y106.976 F18000
;TYPE:Sparse infill
;WIDTH:0.45
G1 F1330
G1 X112.117 Y105.692 E.05963
G1 X112.129 Y105.762 E.00236
G1 X112.398 Y105.711 E.00898
G2 X114.547 Y107.644 I2.564 J-.689 E.10038
G1 X113.456 Y108.735 E.05065
G1 X113.109 Y108.388 E.01614
G1 X111.036 Y107.467 E.07445
G1 X110.689 Y107.12 E.01614
G1 X109.192 Y108.616 E.06948
G1 X109.54 Y108.964 E.01614
G1 X110.46 Y111.036 E.07445
G1 X110.808 Y111.384 E.01614
G1 X109.311 Y112.88 E.06948
G1 X108.964 Y112.533 E.01614
G1 X106.891 Y111.612 E.07445
G1 X106.544 Y111.265 E.01614
G1 X105.456 Y112.352 E.05049
G3 X107.602 Y114.289 I-.337 J2.531 E.1009
G1 X107.877 Y114.236 E.00919
G1 X107.889 Y114.303 E.00221
G1 X109.167 Y113.024 E.05937
G1 X107.539 Y114.656 F18000
;TYPE:Gap infill
;WIDTH:0.116263
G1 F1330
G1 X107.57 Y114.827 E.00102
G1 X107.047 Y115.518 F18000
;WIDTH:0.100226
G1 F1330
G1 X107.035 Y115.577 E.00028
;WIDTH:0.116839
G1 X107.013 Y115.663 E.00053
;WIDTH:0.143482
G1 X106.99 Y115.753 E.00076
;WIDTH:0.171135
G1 X106.97 Y115.823 E.00075
;WIDTH:0.195856
G3 X106.865 Y116 I-.365 J-.095 E.00257
;WIDTH:0.145036
G1 X106.632 Y116.266 E.00291
G1 X106.304 Y116.573 E.0037
;WIDTH:0.182189
G1 X106.161 Y116.687 E.00206
;WIDTH:0.196852
G3 X105.998 Y116.752 I-.171 J-.192 E.00223
;WIDTH:0.165775
G1 X105.992 Y116.754 E.00005
;WIDTH:0.151359
G1 X105.906 Y116.775 E.00077
;WIDTH:0.123865
G1 X105.731 Y116.814 E.00117
G1 X105.109 Y117.287 F18000
;WIDTH:0.123265
G1 F1330
G1 X104.515 Y117.518 E.00413
G1 X104.5 Y117.503 F18000
;WIDTH:0.327163
G1 F1330
G1 X105.092 Y117.304 E.01431
G1 X104.827 Y117.57 F18000
;WIDTH:0.113536
G1 F1330
G3 X104.117 Y117.088 I14.359 J-21.938 E.00488
G1 X104.113 Y117.094 F18000
;WIDTH:0.171164
G1 F1330
G1 X104.845 Y117.551 E.00893
G1 X104.862 Y117.534 F18000
;WIDTH:0.305783
G1 F1330
G1 X104.106 Y117.109 E.01839
G1 X102.866 Y115.869 F18000
;WIDTH:0.357922
G1 F1330
G1 X102.472 Y115.132 E.02122
G1 X102.462 Y115.142 F18000
;WIDTH:0.263915
G1 F1330
G1 X102.897 Y115.892 E.01547
G1 X102.908 Y115.885 F18000
;WIDTH:0.160778
G1 F1330
G1 X102.445 Y115.159 E.00819
G1 X103.335 Y113.704 F18000
;WIDTH:0.157564
G1 F1330
G1 X103.251 Y114.007 E.00291
;WIDTH:0.143412
G1 X103.229 Y114.094 E.00073
;WIDTH:0.119417
G1 X103.195 Y114.24 E.00093
G1 X103.195 Y113.999 F18000
;WIDTH:0.192418
G1 F1330
G1 X103.337 Y113.807 E.00288
;WIDTH:0.170402
G1 X103.483 Y113.631 E.00236
;WIDTH:0.14372
G1 X103.734 Y113.368 E.00295
G1 X104 Y113.135 E.00288
;WIDTH:0.205577
G1 X104.267 Y112.934 E.00438
G1 X104.531 Y112.939 F18000
;WIDTH:0.101352
G1 F1330
G1 X104.459 Y112.951 E.00034
;WIDTH:0.122416
G1 X104.356 Y112.976 E.00068
;WIDTH:0.162493
G2 X103.965 Y113.074 I1.781 J7.9 E.00389
; stop printing object Block.stl id:105326592607568 copy 0
;LAYER_CHANGE
;Z:11.64
;HEIGHT:0.200001
G92 E0 ; zero the extruded length again
; BEFORE_LAYER_CHANGE 57 @ 11.64mm
G1 E-2.09695 F6000
;WIPE_START
G1 X104.356 Y112.976 E-.40305
;WIPE_END
; AFTER_LAYER_CHANGE 57 @ 11.64mm
;_SET_FAN_SPEED_CHANGING_LAYER
; printing object Block.stl id:105326592607568 copy 0
G1 X101.458 Y115.303 Z11.64 F18000
G1 E2.5 F6000
M204 P1000
;TYPE:Outer wall
;WIDTH:0.42
G1 F1325
G1 X115.303 Y101.458 E.5955
G1 X116.65 Y102.805 E.05794
G1 X118.542 Y104.697 E.08136
G1 X104.697 Y118.542 E.5955
G1 X101.501 Y115.346 E.13747
G1 E-1.75 F6000
;WIPE_START
G1 F3600
G1 X102.206 Y114.636 E-.75
;WIPE_END
G1 X105.648 Y117.036 F18000
G1 E2.5 F6000
M204 P1500
;TYPE:Inner wall
;WIDTH:0.45
G1 F1325
G1 X104.697 Y117.987 E.04417
G1 X102.013 Y115.303 E.12463
G1 X102.782 Y114.534 E.0357
G1 X102.938 Y114.61 E.0057
G2 X105.222 Y117.08 I2.203 J.254 E.12538
G1 X105.588 Y117.042 E.01208
G1 E-1.75 F6000
;WIPE_START
G1 X104.902 Y117.77 E-.75
;WIPE_END
G1 X106.907 Y114.59 F18000
G1 E2.5 F6000
M204 P1000
;TYPE:Outer wall
;WIDTH:0.42
G1 F1325
G1 X106.906 Y114.599 E.00028
G3 X104.729 Y113.112 I-1.785 J.276 E.25525
G1 X104.886 Y113.084 E.00486
G3 X106.82 Y114.261 I.235 J1.791 E.07439
G1 X106.892 Y114.532 E.00853
G1 E-1.75 F6000
;WIPE_START
G1 F3600
G1 X106.906 Y114.599 E-.05137
G1 X106.929 Y114.794 E-.14783
G1 X106.924 Y115.037 E-.18182
G1 X106.87 Y115.348 E-.23668
G1 X106.809 Y115.513 E-.1323
;WIPE_END
G1 X117.038 Y105.647 F18000
G1 E2.5 F6000
M204 P1500
;TYPE:Inner wall
;WIDTH:0.45
G1 F1325
G2 X116.784 Y104.015 I-2.346 J-.471 E.05535
G2 X114.825 Y102.919 I-1.935 J1.159 E.07716
G1 X114.362 Y102.954 E.01525
G1 X115.303 Y102.013 E.04372
G1 X117.987 Y104.697 E.12463
G1 X117.08 Y105.604 E.04213
G1 E-1.75 F6000
;WIPE_START
G1 X117.08 Y105.221 E-.28727
G1 X117.062 Y104.828 E-.29483
G1 X117.02 Y104.608 E-.1679
;WIPE_END
G1 X114.794 Y106.929 F18000
G1 E2.5 F6000
M204 P1000
;TYPE:Outer wall
;WIDTH:0.42
G1 F1325
G1 X114.489 Y106.886 E.00936
G3 X114.485 Y103.354 I.389 J-1.767 E.14884
G1 X114.644 Y103.326 E.00493
G3 X114.853 Y106.928 I.234 J1.794 E.18074
G1 X114.777 Y107.313 F18000
M204 P1500
;TYPE:Inner wall
;WIDTH:0.45
G1 F1325
G1 X114.98 Y107.322 E.00668
G1 X115.406 Y107.278 E.01405
G1 X107.302 Y115.382 E.37631
G2 X107.117 Y113.948 I-2.791 J-.37 E.04802
G2 X105.067 Y112.677 I-2 J.936 E.0838
G1 X104.604 Y112.712 E.01525
G1 X112.698 Y104.618 E.37586
G1 X112.677 Y105.113 E.01629
G2 X114.592 Y107.304 I2.207 J.004 E.10433
G1 X114.717 Y107.31 E.00412
G1 E-1.75 F6000
;WIPE_START
G1 X114.98 Y107.322 E-.19762
G1 X115.406 Y107.278 E-.32097
G1 X115.188 Y107.496 E-.23142
;WIPE_END
G1 X115.526 Y107.044 F18000
G1 E2.5 F6000
M204 P2000
;TYPE:Gap infill
;WIDTH:0.118022
G1 F1325
G1 X115.662 Y107.012 E.00085
;WIDTH:0.14054
G1 X115.748 Y106.99 E.0007
;WIDTH:0.168114
G1 X115.824 Y106.968 E.0008
;WIDTH:0.197099
G1 X115.896 Y106.946 E.00093
;WIDTH:0.189548
G1 X116.032 Y106.839 E.00205
;WIDTH:0.141731
G1 X116.266 Y106.632 E.00249
G1 X116.514 Y106.373 E.00285
;WIDTH:0.169245
G1 X116.658 Y106.198 E.00232
;WIDTH:0.201107
G2 X116.727 Y106.067 I-.244 J-.211 E.00191
;WIDTH:0.172473
G1 X116.747 Y105.999 E.00074
;WIDTH:0.14441
G1 X116.771 Y105.906 E.00078
;WIDTH:0.117206
G1 X116.793 Y105.819 E.00054
;WIDTH:0.100297
G1 X116.805 Y105.759 E.00028
G1 X117.287 Y105.109 F18000
;WIDTH:0.126411
G1 F1325
G1 X117.518 Y104.515 E.00429
G1 X117.503 Y104.5 F18000
;WIDTH:0.343264
G1 F1325
G1 X117.305 Y105.091 E.0151
G1 X117.534 Y104.862 F18000
;WIDTH:0.298633
G1 F1325
G1 X117.107 Y104.105 E.01793
G1 X117.089 Y104.117 F18000
;WIDTH:0.129881
G1 F1325
G1 X117.143 Y104.198 E.00069
;WIDTH:0.146362
G1 X117.198 Y104.28 E.00082
;WIDTH:0.164187
G1 X117.554 Y104.842 E.00651
G1 X115.852 Y102.849 F18000
;WIDTH:0.39607
G1 F1325
G2 X115.127 Y102.477 I-8.937 J16.524 E.02321
G1 X115.141 Y102.463 F18000
;WIDTH:0.265822
G1 F1325
G1 X115.893 Y102.897 E.0156
G1 X115.885 Y102.908 F18000
;WIDTH:0.160788
G1 F1325
G1 X115.159 Y102.445 E.00819
G1 X114.289 Y103.181 F18000
;WIDTH:0.1014
G1 F1325
G1 X114.217 Y103.194 E.00034
;WIDTH:0.122029
G1 X114.116 Y103.217 E.00066
;WIDTH:0.154262
G1 X114.01 Y103.242 E.00097
;WIDTH:0.197575
G1 X113.888 Y103.276 E.00158
G1 X113.762 Y103.373 E.00199
;WIDTH:0.143986
G1 X113.492 Y103.61 E.00293
G1 X113.241 Y103.873 E.00296
;WIDTH:0.1705
G1 X113.095 Y104.05 E.00236
;WIDTH:0.192607
G1 X112.908 Y104.301 E.00378
G1 X112.919 Y104.593 F18000
;WIDTH:0.135441
G1 F1325
G1 X112.949 Y104.421 E.0013
;WIDTH:0.151668
G1 X112.97 Y104.329 E.00083
;WIDTH:0.183753
G1 X112.989 Y104.24 E.00103
;WIDTH:0.201015
G1 X113.052 Y103.986 E.00334
G1 X112.426 Y105.177 F18000
;WIDTH:0.10473
G1 F1325
G1 X112.466 Y105.381 E.00103
G1 X111.009 Y106.799 F18000
;TYPE:Sparse infill
;WIDTH:0.45
G1 F1325
G1 X112.117 Y105.691 E.05145
G1 X112.139 Y105.804 E.00378
G1 X112.407 Y105.749 E.00899
G2 X114.549 Y107.642 I2.563 J-.741 E.09906
G1 X113.28 Y108.912 E.05896
G1 X110.865 Y106.943 E.10228
G1 X109.016 Y108.793 E.0859
G1 X110.984 Y111.207 E.10228
G1 X109.135 Y113.057 E.0859
G1 X106.72 Y111.088 E.10228
G1 X105.453 Y112.356 E.05887
G3 X107.583 Y114.253 I-.348 J2.535 E.09936
G1 X107.869 Y114.194 E.00957
G1 X107.89 Y114.302 E.0036
G1 X108.991 Y113.201 E.05112
G1 X107.534 Y114.619 F18000
;TYPE:Gap infill
;WIDTH:0.121159
G1 F1325
G1 X107.574 Y114.823 E.00131
G1 X106.948 Y116.014 F18000
;WIDTH:0.191393
G1 F1325
G2 X107.03 Y115.671 I-6.836 J-1.83 E.00421
;WIDTH:0.152382
G1 X107.05 Y115.583 E.0008
;WIDTH:0.116638
G1 X107.081 Y115.407 E.00106
G1 X107.092 Y115.699 F18000
;WIDTH:0.212887
G1 F1325
G1 X106.9 Y115.956 E.0044
;WIDTH:0.169249
G1 X106.755 Y116.131 E.00232
;WIDTH:0.144249
G1 X106.505 Y116.393 E.00296
G1 X106.233 Y116.631 E.00295
;WIDTH:0.197258
G3 X106.084 Y116.721 I-.229 J-.209 E.0022
;WIDTH:0.170018
G1 X105.985 Y116.75 E.00106
;WIDTH:0.126921
G1 X105.819 Y116.792 E.00116
;WIDTH:0.10149
G1 X105.768 Y116.802 E.00025
G1 X104.86 Y117.536 F18000
;WIDTH:0.275426
G1 F1325
G1 X104.106 Y117.105 E.01629
G1 X104.117 Y117.089 F18000
;WIDTH:0.128848
G1 F1325
G1 X104.196 Y117.142 E.00066
;WIDTH:0.144813
G1 X104.275 Y117.195 E.00078
;WIDTH:0.161928
G1 X104.841 Y117.555 E.00644
G1 X102.445 Y115.159 F18000
;WIDTH:0.156805
G1 F1325
G2 X102.858 Y115.804 I14.843 J-9.054 E.00704
;WIDTH:0.112885
G1 X102.911 Y115.883 E.00054
G1 X102.895 Y115.894 F18000
;WIDTH:0.268347
G1 F1325
G1 X102.464 Y115.14 E.01579
G1 X103.458 Y113.58 F18000
;WIDTH:0.329258
G1 F1325
G1 X102.94 Y114.393 E.02226
G1 X102.924 Y114.385 F18000
;WIDTH:0.249336
G1 F1325
G3 X103.273 Y113.893 I10.107 J6.814 E.01005
;WIDTH:0.208153
G1 X103.337 Y113.808 E.00141
;WIDTH:0.170499
G1 X103.483 Y113.631 E.00236
;WIDTH:0.143987
G1 X103.734 Y113.368 E.00296
G1 X104.004 Y113.131 E.00293
;WIDTH:0.198345
G1 X104.13 Y113.034 E.002
G1 X104.244 Y113.002 E.00148
;WIDTH:0.157737
G1 X104.338 Y112.978 E.0009
;WIDTH:0.119017
G1 X104.524 Y112.938 E.00116
; stop printing object Block.stl id:105326592607568 copy 0
;LAYER_CHANGE
;Z:11.84
;HEIGHT:0.2
G92 E0 ; zero the extruded length again
; BEFORE_LAYER_CHANGE 58 @ 11.84mm
G1 E-2.31029 F6000
;WIPE_START
G1 X104.338 Y112.978 E-.18971
;WIPE_END
; AFTER_LAYER_CHANGE 58 @ 11.84mm
;_SET_FAN_SPEED_CHANGING_LAYER
; printing object Block.stl id:105326592607568 copy 0
G1 X101.458 Y115.303 Z11.84 F18000
G1 E2.5 F6000
M204 P1000
;TYPE:Outer wall
;WIDTH:0.42
G1 F1342
G1 X115.303 Y101.458 E.5955
G1 X116.615 Y102.77 E.05642
G1 X118.542 Y104.697 E.08288
G1 X104.697 Y118.542 E.5955
G1 X101.501 Y115.346 E.13747
G1 E-1.75 F6000
;WIPE_START
G1 F3600
G1 X102.206 Y114.636 E-.75
;WIPE_END
G1 X105.642 Y117.043 F18000
G1 E2.5 F6000
M204 P1500
;TYPE:Inner wall
;WIDTH:0.45
G1 F1342
G1 X104.697 Y117.987 E.04387
G1 X102.013 Y115.303 E.12463
G1 X102.782 Y114.534 E.03571
G1 X102.938 Y114.61 E.0057
G2 X105.217 Y117.08 I2.186 J.269 E.12552
G1 X105.582 Y117.048 E.01202
G1 E-1.75 F6000
;WIPE_START
G1 X104.896 Y117.776 E-.75
;WIPE_END
G1 X106.907 Y114.591 F18000
G1 E2.5 F6000
M204 P1000
;TYPE:Outer wall
;WIDTH:0.42
G1 F1342
G1 X106.904 Y114.598 E.00025
G3 X104.727 Y113.112 I-1.785 J.276 E.2552
G1 X104.886 Y113.084 E.00493
G3 X106.818 Y114.261 I.233 J1.791 E.07436
G1 X106.892 Y114.533 E.00855
G1 E-1.75 F6000
;WIPE_START
G1 F3600
G1 X106.904 Y114.598 E-.05008
G1 X106.93 Y114.96 E-.2718
G1 X106.87 Y115.345 E-.29263
G1 X106.809 Y115.515 E-.13549
;WIPE_END
G1 X114.362 Y102.954 F18000
G1 E2.5 F6000
M204 P1500
;TYPE:Inner wall
;WIDTH:0.45
G1 F1342
G1 X115.303 Y102.013 E.04372
G1 X116.338 Y103.047 E.04803
G1 X117.987 Y104.697 E.0766
G1 X117.038 Y105.646 E.0441
G2 X116.683 Y103.858 I-2.394 J-.455 E.06137
G2 X114.824 Y102.919 I-1.815 J1.286 E.07117
G1 X114.422 Y102.95 E.01325
G1 E-1.75 F6000
;WIPE_START
G1 X115.107 Y102.221 E-.75
;WIPE_END
G1 X114.792 Y106.926 F18000
G1 E2.5 F6000
M204 P1000
;TYPE:Outer wall
;WIDTH:0.42
G1 F1342
G1 X114.722 Y106.919 E.00214
G3 X114.485 Y103.354 I.156 J-1.801 E.15587
G1 X114.644 Y103.326 E.00493
G3 X114.963 Y106.923 I.234 J1.792 E.17723
G1 X114.852 Y106.925 E.0034
G1 X114.785 Y107.317 F18000
M204 P1500
;TYPE:Inner wall
;WIDTH:0.45
G1 F1342
G1 X114.988 Y107.321 E.00668
G1 X115.406 Y107.278 E.0138
G1 X107.28 Y115.404 E.37734
G2 X106.929 Y113.622 I-2.38 J-.458 E.06113
G2 X105.066 Y112.677 I-1.841 J1.32 E.0713
G1 X104.604 Y112.712 E.01522
G1 X112.698 Y104.618 E.37586
G1 X112.677 Y105.113 E.01629
G2 X114.687 Y107.315 I2.204 J.006 E.10751
G1 X114.725 Y107.316 E.00123
G1 E-1.75 F6000
;WIPE_START
G1 X114.988 Y107.321 E-.19764
G1 X115.406 Y107.278 E-.31521
G1 X115.182 Y107.502 E-.23715
;WIPE_END
G1 X115.526 Y107.044 F18000
G1 E2.5 F6000
M204 P2000
;TYPE:Gap infill
;WIDTH:0.11796
G1 F1342
G1 X115.662 Y107.012 E.00085
;WIDTH:0.140398
G1 X115.748 Y106.99 E.0007
;WIDTH:0.154021
G1 X115.753 Y106.989 E.00004
;WIDTH:0.187055
G2 X115.922 Y106.927 I-.002 J-.269 E.00214
;WIDTH:0.177429
G1 X116.101 Y106.781 E.0025
;WIDTH:0.141082
G1 X116.39 Y106.508 E.00315
G1 X116.574 Y106.303 E.00218
;WIDTH:0.18945
G2 X116.728 Y106.065 I-.351 J-.396 E.00339
;WIDTH:0.17145
G1 X116.748 Y105.995 E.00075
;WIDTH:0.143817
G1 X116.771 Y105.905 E.00076
;WIDTH:0.117134
G1 X116.793 Y105.819 E.00053
;WIDTH:0.100366
G1 X116.805 Y105.759 E.00028
G1 X117.287 Y105.109 F18000
;WIDTH:0.126411
G1 F1342
G1 X117.518 Y104.515 E.00429
G1 X117.504 Y104.501 F18000
;WIDTH:0.334493
G1 F1342
G1 X117.303 Y105.094 E.01472
G1 X117.532 Y104.864 F18000
;WIDTH:0.329758
G1 F1342
G1 X117.117 Y104.115 E.01982
G1 X117.094 Y104.113 F18000
;WIDTH:0.184704
G1 F1342
G1 X117.55 Y104.846 E.00987
G1 X115.852 Y102.849 F18000
;WIDTH:0.396044
G1 F1342
G2 X115.127 Y102.477 I-8.952 J16.554 E.02321
G1 X115.141 Y102.463 F18000
;WIDTH:0.265819
G1 F1342
G1 X115.893 Y102.897 E.0156
G1 X115.883 Y102.911 F18000
;WIDTH:0.112884
G1 F1342
G1 X115.804 Y102.858 E.00054
;WIDTH:0.156804
G2 X115.159 Y102.445 I-9.7 J14.432 E.00704
G1 X114.288 Y103.181 F18000
;WIDTH:0.101448
G1 F1342
G1 X114.216 Y103.194 E.00035
;WIDTH:0.122072
G1 X114.116 Y103.217 E.00066
;WIDTH:0.154198
G1 X114.01 Y103.242 E.00097
;WIDTH:0.19751
G1 X113.888 Y103.276 E.00158
G1 X113.762 Y103.373 E.00199
;WIDTH:0.147974
G1 X113.368 Y103.734 E.00453
G1 X113.128 Y104.007 E.00308
;WIDTH:0.198495
G1 X113.04 Y104.122 E.00183
;WIDTH:0.217229
G1 X112.908 Y104.303 E.00314
G1 X112.919 Y104.593 F18000
;WIDTH:0.135447
G1 F1342
G1 X112.949 Y104.421 E.0013
;WIDTH:0.151219
G1 X112.969 Y104.331 E.0008
;WIDTH:0.182389
G1 X112.988 Y104.245 E.00099
;WIDTH:0.198817
G1 X113.051 Y103.988 E.00333
G1 X112.426 Y105.177 F18000
;WIDTH:0.104731
G1 F1342
G1 X112.466 Y105.381 E.00103
G1 X111.121 Y106.688 F18000
;TYPE:Sparse infill
;WIDTH:0.45
G1 F1342
G1 X112.117 Y105.691 E.04628
G1 X112.139 Y105.804 E.00379
G1 X112.407 Y105.749 E.00899
G2 X114.547 Y107.644 I2.571 J-.746 E.09901
G1 X113.168 Y109.023 E.06403
G1 X110.977 Y106.832 E.10176
G1 X108.904 Y108.904 E.09623
G1 X111.096 Y111.096 E.10176
G1 X109.023 Y113.168 E.09623
G1 X106.832 Y110.977 E.10176
G1 X105.456 Y112.352 E.06387
G3 X107.593 Y114.251 I-.337 J2.531 E.09961
G1 X107.87 Y114.194 E.00928
G1 X107.89 Y114.301 E.00359
G1 X108.879 Y113.312 E.04593
G1 X107.534 Y114.619 F18000
;TYPE:Gap infill
;WIDTH:0.122172
G1 F1342
G1 X107.573 Y114.823 E.00133
G1 X107.047 Y115.517 F18000
;WIDTH:0.100366
G1 F1342
G1 X107.035 Y115.577 E.00028
;WIDTH:0.117134
G1 X107.013 Y115.663 E.00053
;WIDTH:0.143816
G1 X106.99 Y115.754 E.00076
;WIDTH:0.171448
G1 X106.97 Y115.823 E.00075
;WIDTH:0.18945
G3 X106.816 Y116.061 I-.505 J-.158 E.00339
;WIDTH:0.141081
G1 X106.632 Y116.266 E.00218
G1 X106.343 Y116.54 E.00315
;WIDTH:0.177426
G1 X106.164 Y116.685 E.0025
;WIDTH:0.196468
G3 X105.995 Y116.753 I-.178 J-.199 E.00231
;WIDTH:0.164547
G1 X105.989 Y116.755 E.00006
;WIDTH:0.147998
G1 X105.886 Y116.779 E.0009
;WIDTH:0.122282
G1 X105.734 Y116.813 E.001
G1 X105.109 Y117.287 F18000
;WIDTH:0.123264
G1 F1342
G1 X104.515 Y117.518 E.00413
G1 X104.501 Y117.504 F18000
;WIDTH:0.32223
G1 F1342
G1 X105.094 Y117.303 E.0141
G1 X104.839 Y117.558 F18000
;WIDTH:0.157653
G1 F1342
G1 X104.267 Y117.189 E.00629
;WIDTH:0.141861
G1 X104.192 Y117.139 E.00072
;WIDTH:0.12688
G1 X104.117 Y117.089 E.00061
G1 X104.111 Y117.098 F18000
;WIDTH:0.219499
G1 F1342
G1 X104.853 Y117.543 E.01233
G1 X104.865 Y117.531 F18000
;WIDTH:0.334021
G1 F1342
G1 X104.119 Y117.122 E.01998
G1 X102.45 Y115.154 F18000
;WIDTH:0.181295
G1 F1342
G1 X102.906 Y115.887 E.00963
G1 X102.883 Y115.885 F18000
;WIDTH:0.321481
G1 F1342
G1 X102.468 Y115.136 E.01925
G1 X102.697 Y114.906 F18000
;WIDTH:0.334477
G1 F1342
G1 X102.496 Y115.499 E.01472
G1 X102.481 Y115.484 F18000
;WIDTH:0.118363
G1 F1342
G1 X102.713 Y114.891 E.00387
G1 X102.94 Y114.393 F18000
;WIDTH:0.316854
G1 F1342
G3 X103.165 Y114.046 I7.136 J4.391 E.00915
;WIDTH:0.266634
G1 X103.225 Y113.958 E.00192
;WIDTH:0.228987
G1 X103.299 Y113.86 E.00184
;WIDTH:0.196629
G1 X103.366 Y113.77 E.00139
;WIDTH:0.148214
G1 X103.61 Y113.492 E.00314
G1 X104.004 Y113.131 E.00454
;WIDTH:0.197513
G1 X104.13 Y113.034 E.00199
G1 X104.252 Y113 E.00158
;WIDTH:0.154199
G1 X104.358 Y112.975 E.00097
;WIDTH:0.122073
G1 X104.458 Y112.952 E.00066
;WIDTH:0.101448
G1 X104.53 Y112.939 E.00035
; stop printing object Block.stl id:105326592607568 copy 0
;LAYER_CHANGE
;Z:12.04
;HEIGHT:0.2
G92 E0 ; zero the extruded length again
; BEFORE_LAYER_CHANGE 59 @ 12.04mm
G1 E-2.42659 F6000
;WIPE_START
G1 X104.458 Y112.952 E-.07341
;WIPE_END
; AFTER_LAYER_CHANGE 59 @ 12.04mm
;_SET_FAN_SPEED_CHANGING_LAYER
; printing object Block.stl id:105326592607568 copy 0
G1 X101.458 Y115.303 Z12.04 F18000
G1 E2.5 F6000
M204 P1000
;TYPE:Outer wall
;WIDTH:0.42
G1 F1339
G1 X115.303 Y101.458 E.5955
G1 X116.58 Y102.734 E.0549
G1 X118.542 Y104.697 E.0844
G1 X104.697 Y118.542 E.5955
G1 X101.501 Y115.346 E.13747
G1 E-1.75 F6000
;WIPE_START
G1 F3600
G1 X102.206 Y114.636 E-.75
;WIPE_END
G1 X105.642 Y117.043 F18000
G1 E2.5 F6000
M204 P1500
;TYPE:Inner wall
;WIDTH:0.45
G1 F1339
G1 X104.697 Y117.987 E.04387
G1 X102.013 Y115.303 E.12463
G1 X102.782 Y114.534 E.03571
G1 X102.938 Y114.61 E.0057
G2 X105.217 Y117.08 I2.184 J.271 E.12555
G1 X105.582 Y117.048 E.01202
G1 E-1.75 F6000
;WIPE_START
G1 X104.896 Y117.776 E-.75
;WIPE_END
G1 X106.904 Y114.595 F18000
G1 E2.5 F6000
M204 P1000
;TYPE:Outer wall
;WIDTH:0.42
G1 F1339
G1 X106.912 Y114.641 E.00141
G3 X104.727 Y113.112 I-1.792 J.235 E.25407
G1 X104.886 Y113.084 E.00493
G3 X106.82 Y114.263 I.234 J1.792 E.07442
G1 X106.89 Y114.537 E.00862
G1 E-1.75 F6000
;WIPE_START
G1 F3600
G1 X106.912 Y114.641 E-.07963
G1 X106.93 Y114.96 E-.23945
G1 X106.87 Y115.345 E-.29263
G1 X106.807 Y115.519 E-.13829
;WIPE_END
G1 X114.362 Y102.954 F18000
G1 E2.5 F6000
M204 P1500
;TYPE:Inner wall
;WIDTH:0.45
G1 F1339
G1 X115.303 Y102.013 E.04372
G1 X116.302 Y103.012 E.04639
G1 X117.987 Y104.697 E.07824
G1 X117.038 Y105.646 E.04409
G2 X116.787 Y104.02 I-2.409 J-.461 E.05511
G2 X114.823 Y102.919 I-1.915 J1.114 E.07752
G1 X114.422 Y102.95 E.01323
G1 E-1.75 F6000
;WIPE_START
G1 X115.107 Y102.221 E-.75
;WIPE_END
G1 X114.796 Y106.929 F18000
G1 E2.5 F6000
M204 P1000
;TYPE:Outer wall
;WIDTH:0.42
G1 F1339
G1 X114.457 Y106.877 E.01043
G3 X114.487 Y103.354 I.423 J-1.758 E.14777
G1 X114.644 Y103.326 E.00485
G3 X114.854 Y106.927 I.235 J1.793 E.18071
G1 X114.778 Y107.313 F18000
M204 P1500
;TYPE:Inner wall
;WIDTH:0.45
G1 F1339
G1 X114.975 Y107.322 E.00647
G1 X115.4 Y107.284 E.01399
G1 X107.28 Y115.404 E.37703
G2 X107.029 Y113.778 I-2.347 J-.47 E.05517
G2 X105.065 Y112.677 I-1.913 J1.11 E.07754
G1 X104.604 Y112.712 E.0152
G1 X112.72 Y104.596 E.37689
G1 X112.678 Y105.021 E.01404
G2 X114.588 Y107.303 I2.207 J.093 E.10719
G1 X114.718 Y107.31 E.00429
G1 E-1.75 F6000
;WIPE_START
G1 X114.975 Y107.322 E-.19268
G1 X115.4 Y107.284 E-.31958
G1 X115.175 Y107.509 E-.23774
;WIPE_END
G1 X114.828 Y107.568 F18000
G1 E2.5 F6000
M204 P2000
;TYPE:Gap infill
;WIDTH:0.114167
G1 F1339
G1 X114.666 Y107.54 E.00094
G1 X115.489 Y107.056 F18000
;WIDTH:0.123863
G1 F1339
G1 X115.664 Y107.017 E.00117
;WIDTH:0.151355
G1 X115.75 Y106.996 E.00077
;WIDTH:0.165771
G1 X115.756 Y106.994 E.00005
;WIDTH:0.196952
G2 X115.922 Y106.927 I-.009 J-.263 E.00228
;WIDTH:0.177362
G1 X116.102 Y106.781 E.00251
;WIDTH:0.142866
G1 X116.39 Y106.508 E.0032
G1 X116.604 Y106.267 E.0026
;WIDTH:0.193511
G2 X116.728 Y106.065 I-.301 J-.325 E.00292
;WIDTH:0.171615
G1 X116.749 Y105.996 E.00075
;WIDTH:0.143992
G1 X116.771 Y105.905 E.00076
;WIDTH:0.11728
G1 X116.793 Y105.819 E.00053
;WIDTH:0.100432
G1 X116.805 Y105.758 E.00029
G1 X117.287 Y105.109 F18000
;WIDTH:0.12641
G1 F1339
G1 X117.518 Y104.515 E.00429
G1 X117.504 Y104.501 F18000
;WIDTH:0.334513
G1 F1339
G1 X117.303 Y105.094 E.01472
G1 X117.564 Y104.833 F18000
;WIDTH:0.12177
G1 F1339
G2 X117.09 Y104.118 I-22.297 J14.269 E.00546
G1 X117.097 Y104.112 F18000
;WIDTH:0.214211
G1 F1339
G1 X117.545 Y104.851 E.01193
G1 X117.531 Y104.865 F18000
;WIDTH:0.334013
G1 F1339
G1 X117.122 Y104.119 E.01998
G1 X115.852 Y102.849 F18000
;WIDTH:0.396074
G1 F1339
G2 X115.127 Y102.477 I-8.927 J16.504 E.02321
G1 X115.141 Y102.463 F18000
;WIDTH:0.265805
G1 F1339
G1 X115.893 Y102.897 E.0156
G1 X115.883 Y102.911 F18000
;WIDTH:0.112882
G1 F1339
G1 X115.804 Y102.858 E.00054
;WIDTH:0.156799
G2 X115.159 Y102.445 I-9.745 J14.498 E.00704
G1 X113.719 Y103.32 F18000
;WIDTH:0.166122
G1 F1339
G3 X114.097 Y103.22 I3.218 J11.445 E.00388
;WIDTH:0.118884
G1 X114.281 Y103.18 E.00116
G1 X114.024 Y103.177 F18000
;WIDTH:0.211418
G1 F1339
G1 X113.833 Y103.317 E.00322
;WIDTH:0.180355
G1 X113.688 Y103.433 E.00206
;WIDTH:0.145652
G1 X113.37 Y103.731 E.00361
G1 X113.128 Y104.007 E.00304
;WIDTH:0.197783
G2 X113.045 Y104.126 I.13 J.181 E.00185
;WIDTH:0.179985
G1 X113.008 Y104.254 E.00147
;WIDTH:0.142716
G1 X112.986 Y104.338 E.0007
;WIDTH:0.118995
G1 X112.953 Y104.484 E.00092
G1 X113.312 Y108.879 F18000
;TYPE:Sparse infill
;WIDTH:0.45
G1 F1339
G1 X114.304 Y107.888 E.04603
G1 X114.247 Y107.878 E.00189
G1 X114.299 Y107.605 E.00912
G3 X112.358 Y105.451 I.677 J-2.562 E.10076
G1 X110.977 Y106.832 E.06413
G1 X113.168 Y109.023 E.10176
G1 X111.096 Y111.096 E.09623
G1 X108.904 Y108.904 E.10176
G1 X106.832 Y110.977 E.09623
G1 X109.023 Y113.168 E.10176
G1 X107.889 Y114.302 E.05266
G1 X107.877 Y114.234 E.00227
G1 X107.602 Y114.287 E.0092
G2 X105.456 Y112.352 I-2.593 J.718 E.10015
G1 X106.688 Y111.121 E.05719
G1 X104.265 Y112.935 F18000
;TYPE:Gap infill
;WIDTH:0.205347
G1 F1339
G1 X104.033 Y113.108 E.00379
;WIDTH:0.167605
G1 X103.868 Y113.245 E.00216
;WIDTH:0.144156
G1 X103.607 Y113.495 E.00295
G1 X103.37 Y113.765 E.00294
;WIDTH:0.198614
G1 X103.281 Y113.881 E.00184
;WIDTH:0.238846
G1 X103.201 Y113.992 E.00216
;WIDTH:0.277724
G1 X103.152 Y114.065 E.00167
;WIDTH:0.321509
G2 X102.941 Y114.393 I7.371 J4.978 E.00878
G1 X102.713 Y114.891 F18000
;WIDTH:0.118453
G1 F1339
G1 X102.481 Y115.484 E.00388
G1 X102.496 Y115.499 F18000
;WIDTH:0.334502
G1 F1339
G1 X102.697 Y114.906 E.01472
G1 X102.437 Y115.167 F18000
;WIDTH:0.118265
G1 F1339
G2 X102.91 Y115.882 I21.987 J-14.058 E.00521
G1 X102.903 Y115.888 F18000
;WIDTH:0.210603
G1 F1339
G1 X102.455 Y115.149 E.01168
G1 X102.469 Y115.135 F18000
;WIDTH:0.326709
G1 F1339
G1 X102.878 Y115.881 E.01948
G1 X104.841 Y117.555 F18000
;WIDTH:0.161923
G1 F1339
G1 X104.275 Y117.195 E.00644
;WIDTH:0.144809
G1 X104.196 Y117.142 E.00078
;WIDTH:0.128846
G1 X104.117 Y117.089 E.00066
G1 X104.106 Y117.105 F18000
;WIDTH:0.275527
G1 F1339
G1 X104.86 Y117.536 E.01629
G1 X105.733 Y116.814 F18000
;WIDTH:0.124294
G1 F1339
G1 X105.907 Y116.775 E.00117
;WIDTH:0.151536
G1 X105.992 Y116.754 E.00077
;WIDTH:0.165771
G1 X105.998 Y116.752 E.00005
;WIDTH:0.196845
G2 X106.161 Y116.687 I-.008 J-.257 E.00223
;WIDTH:0.181776
G1 X106.307 Y116.571 E.00209
;WIDTH:0.142488
G1 X106.63 Y116.269 E.00355
G1 X106.816 Y116.061 E.00224
;WIDTH:0.189501
G2 X106.97 Y115.823 I-.353 J-.397 E.00339
;WIDTH:0.171616
G1 X106.99 Y115.754 E.00075
;WIDTH:0.143991
G1 X107.013 Y115.663 E.00076
;WIDTH:0.117283
G1 X107.035 Y115.577 E.00053
;WIDTH:0.100435
G1 X107.047 Y115.516 E.00029
G1 X107.57 Y114.826 F18000
;WIDTH:0.11668
G1 F1339
G1 X107.539 Y114.654 E.00104
; stop printing object Block.stl id:105326592607568 copy 0
;LAYER_CHANGE
;Z:12.24
;HEIGHT:0.2
G92 E0 ; zero the extruded length again
; BEFORE_LAYER_CHANGE 60 @ 12.24mm
G1 E-2.32515 F6000
;WIPE_START
G1 X107.57 Y114.826 E-.17485
;WIPE_END
; AFTER_LAYER_CHANGE 60 @ 12.24mm
;_SET_FAN_SPEED_CHANGING_LAYER
; printing object Block.stl id:105326592607568 copy 0
G1 X101.458 Y115.303 Z12.24 F18000
G1 E2.5 F6000
M204 P1000
;TYPE:Outer wall
;WIDTH:0.42
G1 F1331
G1 X115.303 Y101.458 E.5955
G1 X116.544 Y102.699 E.05338
G1 X118.542 Y104.697 E.08592
G1 X104.697 Y118.542 E.5955
G1 X101.501 Y115.346 E.13747
G1 E-1.75 F6000
;WIPE_START
G1 F3600
G1 X102.206 Y114.636 E-.75
;WIPE_END
G1 X105.642 Y117.043 F18000
G1 E2.5 F6000
M204 P1500
;TYPE:Inner wall
;WIDTH:0.45
G1 F1331
G1 X104.697 Y117.987 E.04387
G1 X102.013 Y115.303 E.12463
G1 X102.962 Y114.354 E.04409
G1 X102.92 Y114.779 E.01403
G2 X105.217 Y117.08 I2.219 J.082 E.11975
G1 X105.582 Y117.048 E.01202
G1 E-1.75 F6000
;WIPE_START
G1 X104.896 Y117.776 E-.75
;WIPE_END
G1 X106.905 Y114.596 F18000
G1 E2.5 F6000
M204 P1000
;TYPE:Outer wall
;WIDTH:0.42
G1 F1331
G1 X106.911 Y114.643 E.00145
G3 X104.729 Y113.112 I-1.79 J.23 E.25372
G1 X104.886 Y113.084 E.00485
G3 X106.844 Y114.337 I.235 J1.79 E.0768
G1 X106.892 Y114.538 E.00629
G1 E-1.75 F6000
;WIPE_START
G1 F3600
G1 X106.911 Y114.643 E-.08052
G1 X106.924 Y115.037 E-.29526
G1 X106.87 Y115.348 E-.23668
G1 X106.807 Y115.52 E-.13754
;WIPE_END
G1 X117.038 Y105.646 F18000
G1 E2.5 F6000
M204 P1500
;TYPE:Inner wall
;WIDTH:0.45
G1 F1331
G2 X116.758 Y103.971 I-2.347 J-.468 E.05701
G2 X114.822 Y102.919 I-1.886 J1.164 E.07569
G1 X114.362 Y102.954 E.01517
G1 X115.303 Y102.013 E.04373
G1 X117.987 Y104.697 E.12463
G1 X117.08 Y105.604 E.04212
G1 E-1.75 F6000
;WIPE_START
G1 X117.08 Y105.221 E-.28723
G1 X117.08 Y105.025 E-.14694
G1 X117.047 Y104.731 E-.22185
G1 X117.014 Y104.61 E-.09398
;WIPE_END
G1 X114.797 Y106.929 F18000
G1 E2.5 F6000
M204 P1000
;TYPE:Outer wall
;WIDTH:0.42
G1 F1331
G1 X114.414 Y106.867 E.01181
G3 X114.487 Y103.354 I.466 J-1.748 E.14647
G1 X114.644 Y103.326 E.00485
G3 X114.855 Y106.928 I.235 J1.794 E.18075
G1 X114.777 Y107.311 F18000
M204 P1500
;TYPE:Inner wall
;WIDTH:0.45
G1 F1331
G1 X114.98 Y107.322 E.0067
G1 X115.406 Y107.278 E.01405
G1 X107.302 Y115.382 E.37632
G2 X107.116 Y113.945 I-2.787 J-.37 E.04812
G2 X105.064 Y112.677 I-2.005 J.951 E.08371
G1 X104.604 Y112.712 E.01517
G1 X112.72 Y104.596 E.37688
G1 X112.678 Y105.021 E.01403
G2 X114.553 Y107.299 I2.206 J.095 E.10605
G1 X114.717 Y107.308 E.0054
G1 E-1.75 F6000
;WIPE_START
G1 X114.98 Y107.322 E-.19803
G1 X115.406 Y107.278 E-.32102
G1 X115.189 Y107.496 E-.23095
;WIPE_END
G1 X114.823 Y107.573 F18000
G1 E2.5 F6000
M204 P2000
;TYPE:Gap infill
;WIDTH:0.122588
G1 F1331
G1 X114.62 Y107.535 E.00133
G1 X115.527 Y107.044 F18000
;WIDTH:0.117838
G1 F1331
G1 X115.662 Y107.012 E.00084
;WIDTH:0.140113
G1 X115.748 Y106.99 E.00069
;WIDTH:0.16771
G1 X115.825 Y106.967 E.00081
;WIDTH:0.196803
G1 X115.897 Y106.946 E.00093
;WIDTH:0.194254
G1 X115.997 Y106.868 E.00155
;WIDTH:0.147744
G1 X116.266 Y106.632 E.00303
G1 X116.626 Y106.239 E.0045
;WIDTH:0.196904
G2 X116.712 Y106.12 I-.884 J-.728 E.00183
;WIDTH:0.181734
G1 X116.749 Y105.993 E.00149
;WIDTH:0.143528
G1 X116.772 Y105.904 E.00074
;WIDTH:0.117245
G1 X116.793 Y105.819 E.00052
;WIDTH:0.100502
G1 X116.806 Y105.758 E.00029
G1 X117.555 Y104.841 F18000
;WIDTH:0.163066
G1 F1331
G1 X117.092 Y104.115 E.00835
G1 X117.103 Y104.107 F18000
;WIDTH:0.271085
G1 F1331
G1 X117.537 Y104.859 E.01597
G1 X117.525 Y104.872 F18000
;WIDTH:0.400582
G1 F1331
G2 X117.143 Y104.14 I-22.655 J11.352 E.0238
G1 X115.852 Y102.849 F18000
;WIDTH:0.396069
G1 F1331
G2 X115.127 Y102.477 I-8.937 J16.524 E.02321
G1 X115.141 Y102.463 F18000
;WIDTH:0.265808
G1 F1331
G1 X115.893 Y102.897 E.0156
G1 X115.886 Y102.908 F18000
;WIDTH:0.160778
G1 F1331
G1 X115.159 Y102.445 E.00819
G1 X113.719 Y103.32 F18000
;WIDTH:0.165753
G1 F1331
G3 X114.097 Y103.22 I3.448 J12.357 E.00387
;WIDTH:0.118824
G1 X114.281 Y103.181 E.00116
G1 X114.024 Y103.177 F18000
;WIDTH:0.207929
G1 F1331
G1 X113.76 Y103.375 E.00439
;WIDTH:0.147957
G1 X113.368 Y103.734 E.0045
G1 X113.127 Y104.009 E.00309
;WIDTH:0.19834
G2 X113.035 Y104.157 I.198 J.226 E.00222
;WIDTH:0.17325
G1 X113.007 Y104.257 E.00109
;WIDTH:0.142179
G1 X112.986 Y104.34 E.00069
;WIDTH:0.11869
G1 X112.952 Y104.484 E.00091
G1 X111.121 Y106.688 F18000
;TYPE:Sparse infill
;WIDTH:0.45
G1 F1331
G1 X112.358 Y105.451 E.05745
G2 X114.253 Y107.593 I2.514 J-.315 E.09979
G1 X114.196 Y107.871 E.00931
G1 X114.301 Y107.891 E.0035
G1 X113.168 Y109.023 E.05258
G1 X110.977 Y106.832 E.10176
G1 X108.904 Y108.904 E.09623
G1 X111.096 Y111.096 E.10176
G1 X109.023 Y113.168 E.09623
G1 X106.832 Y110.977 E.10176
G1 X105.453 Y112.356 E.06404
G3 X107.642 Y114.549 I-.41 J2.599 E.10881
G1 X108.879 Y113.312 E.05744
G1 X106.949 Y116.012 F18000
;TYPE:Gap infill
;WIDTH:0.189999
G1 F1331
G2 X107.031 Y115.669 I-8.759 J-2.258 E.00418
;WIDTH:0.151908
G1 X107.05 Y115.583 E.00077
;WIDTH:0.116635
G1 X107.081 Y115.407 E.00106
G1 X107.092 Y115.697 F18000
;WIDTH:0.225245
G1 F1331
G1 X106.958 Y115.881 E.00334
;WIDTH:0.197354
G1 X106.868 Y115.997 E.00184
;WIDTH:0.14533
G1 X106.632 Y116.266 E.00296
G1 X106.3 Y116.576 E.00376
;WIDTH:0.182798
G1 X106.161 Y116.687 E.002
;WIDTH:0.196853
G3 X105.998 Y116.752 I-.171 J-.192 E.00223
;WIDTH:0.16578
G1 X105.992 Y116.754 E.00005
;WIDTH:0.151153
G1 X105.905 Y116.775 E.00079
;WIDTH:0.123385
G1 X105.729 Y116.814 E.00117
G1 X104.86 Y117.536 F18000
;WIDTH:0.275594
G1 F1331
G1 X104.106 Y117.105 E.0163
G1 X104.115 Y117.092 F18000
;WIDTH:0.163083
G1 F1331
G1 X104.841 Y117.555 E.00835
G1 X102.446 Y115.158 F18000
;WIDTH:0.162725
G1 F1331
G1 X102.907 Y115.886 E.00833
G1 X102.893 Y115.895 F18000
;WIDTH:0.289835
G1 F1331
G1 X102.466 Y115.138 E.01732
G1 X102.695 Y114.909 F18000
;WIDTH:0.343626
G1 F1331
G1 X102.497 Y115.5 E.01512
G1 X102.482 Y115.485 F18000
;WIDTH:0.123262
G1 F1331
G1 X102.713 Y114.891 E.00413
G1 X103.194 Y114.242 F18000
;WIDTH:0.119075
G1 F1331
G1 X103.228 Y114.096 E.00092
;WIDTH:0.142874
G1 X103.249 Y114.012 E.0007
;WIDTH:0.180018
G1 X103.286 Y113.885 E.00146
;WIDTH:0.197858
G3 X103.37 Y113.765 I.215 J.062 E.00186
;WIDTH:0.147895
G1 X103.61 Y113.492 E.00308
G1 X104.002 Y113.133 E.0045
;WIDTH:0.207928
G1 X104.266 Y112.935 E.00439
G1 X104.523 Y112.939 F18000
;WIDTH:0.118821
G1 F1331
G1 X104.339 Y112.979 E.00116
;WIDTH:0.165744
G2 X103.961 Y113.078 I3.123 J12.664 E.00387
; stop printing object Block.stl id:105326592607568 copy 0
;LAYER_CHANGE
;Z:12.44
;HEIGHT:0.2
G92 E0 ; zero the extruded length again
; BEFORE_LAYER_CHANGE 61 @ 12.44mm
G1 E-2.10978 F6000
;WIPE_START
G1 X104.339 Y112.979 E-.39022
;WIPE_END
; AFTER_LAYER_CHANGE 61 @ 12.44mm
;_SET_FAN_SPEED_CHANGING_LAYER
; printing object Block.stl id:105326592607568 copy 0
G1 X101.458 Y115.303 Z12.44 F18000
G1 E2.5 F6000
M204 P1000
;TYPE:Outer wall
;WIDTH:0.42
G1 F1365
G1 X115.303 Y101.458 E.5955
G1 X116.509 Y102.664 E.05186
G1 X118.542 Y104.697 E.08744
G1 X104.697 Y118.542 E.5955
G1 X101.501 Y115.346 E.13747
G1 E-1.75 F6000
;WIPE_START
G1 F3600
G1 X102.206 Y114.636 E-.75
;WIPE_END
G1 X105.642 Y117.043 F18000
G1 E2.5 F6000
M204 P1500
;TYPE:Inner wall
;WIDTH:0.45
G1 F1365
G1 X104.697 Y117.987 E.04387
G1 X102.013 Y115.303 E.12463
G1 X102.782 Y114.534 E.03571
G1 X102.938 Y114.61 E.0057
G2 X105.217 Y117.08 I2.186 J.27 E.12552
G1 X105.582 Y117.048 E.01202
G1 E-1.75 F6000
;WIPE_START
G1 X104.896 Y117.776 E-.75
;WIPE_END
G1 X106.905 Y114.598 F18000
G1 E2.5 F6000
M204 P1000
;TYPE:Outer wall
;WIDTH:0.42
G1 F1365
G1 X106.913 Y114.641 E.00133
G3 X104.729 Y113.112 I-1.792 J.235 E.25411
G1 X104.886 Y113.084 E.00485
G3 X106.821 Y114.262 I.235 J1.792 E.07445
G1 X106.89 Y114.539 E.0087
G1 E-1.75 F6000
;WIPE_START
G1 F3600
G1 X106.913 Y114.641 E-.07785
G1 X106.93 Y114.96 E-.23951
G1 X106.87 Y115.345 E-.29265
G1 X106.806 Y115.521 E-.13999
;WIPE_END
G1 X114.362 Y102.954 F18000
G1 E2.5 F6000
M204 P1500
;TYPE:Inner wall
;WIDTH:0.45
G1 F1365
G1 X115.303 Y102.013 E.04373
G1 X116.232 Y102.941 E.04311
G1 X117.987 Y104.697 E.08152
G1 X117.038 Y105.646 E.04408
G2 X116.737 Y103.937 I-2.337 J-.469 E.05831
G2 X114.822 Y102.919 I-1.888 J1.241 E.07428
G1 X114.421 Y102.95 E.01318
G1 E-1.75 F6000
;WIPE_START
G1 X115.107 Y102.222 E-.75
;WIPE_END
G1 X114.798 Y106.93 F18000
G1 E2.5 F6000
M204 P1000
;TYPE:Outer wall
;WIDTH:0.42
G1 F1365
G1 X114.415 Y106.862 E.01184
G3 X114.487 Y103.354 I.464 J-1.745 E.14628
G1 X114.644 Y103.326 E.00485
G3 X114.85 Y106.922 I.235 J1.791 E.1806
G1 X114.778 Y107.311 F18000
M204 P1500
;TYPE:Inner wall
;WIDTH:0.45
G1 F1365
G1 X114.981 Y107.322 E.00665
G1 X115.406 Y107.278 E.01405
G1 X107.28 Y115.404 E.37734
G2 X107.026 Y113.773 I-2.35 J-.47 E.05534
G2 X105.064 Y112.677 I-1.935 J1.16 E.07726
G1 X104.603 Y112.712 E.01515
G1 X112.698 Y104.618 E.37587
G1 X112.677 Y105.113 E.01629
G2 X114.554 Y107.297 I2.219 J-.009 E.10288
G1 X114.719 Y107.307 E.00542
G1 E-1.75 F6000
;WIPE_START
G1 X114.981 Y107.322 E-.19681
G1 X115.406 Y107.278 E-.32104
G1 X115.187 Y107.497 E-.23215
;WIPE_END
G1 X114.823 Y107.573 F18000
G1 E2.5 F6000
M204 P2000
;TYPE:Gap infill
;WIDTH:0.122623
G1 F1365
G1 X114.62 Y107.535 E.00133
G1 X115.528 Y107.044 F18000
;WIDTH:0.117775
G1 F1365
G1 X115.662 Y107.012 E.00083
;WIDTH:0.139965
G1 X115.748 Y106.99 E.00069
;WIDTH:0.16757
G1 X115.825 Y106.967 E.00081
;WIDTH:0.196698
G1 X115.897 Y106.946 E.00093
;WIDTH:0.189094
G1 X116.034 Y106.837 E.00206
;WIDTH:0.146191
G1 X116.39 Y106.508 E.00404
G1 X116.627 Y106.238 E.00299
;WIDTH:0.197757
G2 X116.723 Y106.085 I-.441 J-.384 E.00227
;WIDTH:0.175759
G1 X116.748 Y105.995 E.00099
;WIDTH:0.145676
G1 X116.77 Y105.912 E.00071
;WIDTH:0.11447
G1 X116.806 Y105.757 E.00092
G1 X117.287 Y105.109 F18000
;WIDTH:0.126418
G1 F1365
G1 X117.518 Y104.515 E.00429
G1 X117.504 Y104.501 F18000
;WIDTH:0.334509
G1 F1365
G1 X117.303 Y105.094 E.01472
G1 X117.555 Y104.841 F18000
;WIDTH:0.161928
G1 F1365
G1 X117.195 Y104.275 E.00644
;WIDTH:0.144813
G1 X117.142 Y104.196 E.00078
;WIDTH:0.128849
G1 X117.089 Y104.117 E.00066
G1 X117.101 Y104.108 F18000
;WIDTH:0.264752
G1 F1365
G1 X117.539 Y104.857 E.01552
G1 X117.53 Y104.867 F18000
;WIDTH:0.340252
G1 F1365
G1 X117.128 Y104.125 E.02021
G1 X115.852 Y102.849 F18000
;WIDTH:0.396074
G1 F1365
G2 X115.127 Y102.477 I-8.947 J16.545 E.02321
G1 X115.141 Y102.463 F18000
;WIDTH:0.265806
G1 F1365
G1 X115.893 Y102.897 E.0156
G1 X115.886 Y102.908 F18000
;WIDTH:0.160773
G1 F1365
G1 X115.159 Y102.445 E.00819
G1 X113.718 Y103.32 F18000
;WIDTH:0.165842
G1 F1365
G3 X114.097 Y103.22 I3.24 J11.519 E.00388
;WIDTH:0.118757
G1 X114.281 Y103.181 E.00115
G1 X114.024 Y103.177 F18000
;WIDTH:0.211343
G1 F1365
G1 X113.833 Y103.317 E.00321
;WIDTH:0.180343
G1 X113.688 Y103.433 E.00206
;WIDTH:0.145655
G1 X113.37 Y103.732 E.00361
G1 X113.128 Y104.007 E.00304
;WIDTH:0.198847
G1 X113.038 Y104.124 E.00186
;WIDTH:0.217898
G1 X112.908 Y104.303 E.00312
G1 X112.919 Y104.593 F18000
;WIDTH:0.135444
G1 F1365
G1 X112.949 Y104.421 E.0013
;WIDTH:0.1512
G1 X112.969 Y104.331 E.0008
;WIDTH:0.182338
G1 X112.988 Y104.246 E.00099
;WIDTH:0.198738
G1 X113.05 Y103.988 E.00333
G1 X112.426 Y105.177 F18000
;WIDTH:0.104729
G1 F1365
G1 X112.466 Y105.381 E.00104
G1 X111.121 Y106.688 F18000
;TYPE:Sparse infill
;WIDTH:0.45
G1 F1365
G1 X112.117 Y105.691 E.04628
G1 X112.139 Y105.805 E.0038
G1 X112.407 Y105.749 E.00898
G2 X114.253 Y107.593 I2.505 J-.662 E.08977
G1 X114.196 Y107.871 E.00931
G1 X114.301 Y107.891 E.00349
G1 X113.168 Y109.023 E.05258
G1 X110.977 Y106.832 E.10176
G1 X108.904 Y108.904 E.09623
G1 X111.096 Y111.096 E.10176
G1 X109.023 Y113.168 E.09623
G1 X106.832 Y110.977 E.10176
G1 X105.456 Y112.352 E.06387
G3 X107.601 Y114.286 I-.337 J2.531 E.10079
G1 X107.877 Y114.233 E.00921
G1 X107.889 Y114.302 E.00232
G1 X108.879 Y113.312 E.04597
G1 X107.539 Y114.653 F18000
;TYPE:Gap infill
;WIDTH:0.116976
G1 F1365
G1 X107.57 Y114.826 E.00105
G1 X107.048 Y115.515 F18000
;WIDTH:0.100576
G1 F1365
G1 X107.035 Y115.577 E.00029
;WIDTH:0.117781
G1 X107.013 Y115.664 E.00054
;WIDTH:0.145027
G1 X106.99 Y115.757 E.00079
;WIDTH:0.173016
G1 X106.969 Y115.824 E.00074
;WIDTH:0.201535
G3 X106.902 Y115.954 I-.306 J-.076 E.00189
;WIDTH:0.169624
G1 X106.756 Y116.131 E.00235
;WIDTH:0.140538
G1 X106.307 Y116.571 E.00494
;WIDTH:0.181767
G1 X106.161 Y116.687 E.00209
;WIDTH:0.197093
G3 X105.999 Y116.752 I-.288 J-.489 E.00218
;WIDTH:0.150656
G1 X105.899 Y116.777 E.00089
;WIDTH:0.133989
G1 X105.734 Y116.814 E.00124
G1 X105.109 Y117.287 F18000
;WIDTH:0.123267
G1 F1365
G1 X104.515 Y117.518 E.00413
G1 X104.501 Y117.504 F18000
;WIDTH:0.322227
G1 F1365
G1 X105.094 Y117.303 E.0141
G1 X104.841 Y117.555 F18000
;WIDTH:0.161907
G1 F1365
G1 X104.275 Y117.195 E.00644
;WIDTH:0.144796
G1 X104.196 Y117.142 E.00078
;WIDTH:0.128837
G1 X104.117 Y117.089 E.00066
G1 X104.108 Y117.101 F18000
;WIDTH:0.264748
G1 F1365
G1 X104.857 Y117.539 E.01552
G1 X104.867 Y117.53 F18000
;WIDTH:0.340248
G1 F1365
G1 X104.125 Y117.128 E.02021
G1 X102.878 Y115.881 F18000
;WIDTH:0.326709
G1 F1365
G1 X102.469 Y115.135 E.01948
G1 X102.455 Y115.149 F18000
;WIDTH:0.210586
G1 F1365
G1 X102.903 Y115.888 E.01168
G1 X102.91 Y115.882 F18000
;WIDTH:0.118272
G1 F1365
G3 X102.437 Y115.167 I21.239 J-14.586 E.00521
G1 X102.697 Y114.906 F18000
;WIDTH:0.334503
G1 F1365
G1 X102.496 Y115.499 E.01472
G1 X102.481 Y115.484 F18000
;WIDTH:0.118657
G1 F1365
G1 X102.713 Y114.891 E.00389
G1 X103.459 Y113.58 F18000
;WIDTH:0.329249
G1 F1365
G1 X102.941 Y114.393 E.02226
G1 X102.926 Y114.386 F18000
;WIDTH:0.249445
G1 F1365
G3 X103.28 Y113.882 I13.132 J8.848 E.01026
;WIDTH:0.198844
G1 X103.37 Y113.765 E.00186
;WIDTH:0.14798
G1 X103.61 Y113.492 E.00308
G1 X104.004 Y113.131 E.00453
;WIDTH:0.198137
G3 X104.152 Y113.028 I.691 J.83 E.00226
G1 X104.246 Y113.003 E.00122
;WIDTH:0.15853
G1 X104.333 Y112.98 E.00084
;WIDTH:0.119499
G1 X104.523 Y112.939 E.0012
; stop printing object Block.stl id:105326592607568 copy 0
;LAYER_CHANGE
;Z:12.64
;HEIGHT:0.200001
G92 E0 ; zero the extruded length again
; BEFORE_LAYER_CHANGE 62 @ 12.64mm
G1 E-2.30606 F6000
;WIPE_START
G1 X104.333 Y112.98 E-.19394
;WIPE_END
; AFTER_LAYER_CHANGE 62 @ 12.64mm
;_SET_FAN_SPEED_CHANGING_LAYER
; printing object Block.stl id:105326592607568 copy 0
G1 X101.458 Y115.303 Z12.64 F18000
G1 E2.5 F6000
M204 P1000
;TYPE:Outer wall
;WIDTH:0.42
G1 F1347
G1 X115.303 Y101.458 E.5955
G1 X116.474 Y102.628 E.05033
G1 X118.542 Y104.697 E.08896
G1 X104.697 Y118.542 E.5955
G1 X101.501 Y115.346 E.13747
G1 E-1.75 F6000
;WIPE_START
G1 F3600
G1 X102.206 Y114.636 E-.75
;WIPE_END
G1 X105.642 Y117.043 F18000
G1 E2.5 F6000
M204 P1500
;TYPE:Inner wall
;WIDTH:0.45
G1 F1347
G1 X104.697 Y117.987 E.04387
G1 X102.013 Y115.303 E.12463
G1 X102.782 Y114.534 E.03571
G1 X102.938 Y114.61 E.0057
G2 X105.217 Y117.08 I2.186 J.27 E.12552
G1 X105.582 Y117.048 E.01202
G1 E-1.75 F6000
;WIPE_START
G1 X104.896 Y117.776 E-.75
;WIPE_END
G1 X106.905 Y114.599 F18000
G1 E2.5 F6000
M204 P1000
;TYPE:Outer wall
;WIDTH:0.42
G1 F1347
G1 X106.915 Y114.64 E.00129
G3 X104.729 Y113.112 I-1.793 J.237 E.25445
G1 X104.886 Y113.084 E.00485
G3 X106.822 Y114.262 I.235 J1.793 E.07448
G1 X106.891 Y114.541 E.00874
G1 E-1.75 F6000
;WIPE_START
G1 F3600
G1 X106.915 Y114.64 E-.07689
G1 X106.93 Y114.96 E-.23961
G1 X106.87 Y115.345 E-.29266
G1 X106.806 Y115.522 E-.14084
;WIPE_END
G1 X114.361 Y102.954 F18000
G1 E2.5 F6000
M204 P1500
;TYPE:Inner wall
;WIDTH:0.45
G1 F1347
G1 X115.303 Y102.013 E.04373
G1 X116.196 Y102.906 E.04147
G1 X117.987 Y104.697 E.08316
G1 X117.038 Y105.646 E.04408
G2 X116.784 Y104.015 I-2.392 J-.463 E.0553
G2 X114.821 Y102.919 I-1.935 J1.16 E.07728
G1 X114.421 Y102.95 E.01316
G1 E-1.75 F6000
;WIPE_START
G1 X115.107 Y102.222 E-.75
;WIPE_END
G1 X114.8 Y106.929 F18000
G1 E2.5 F6000
M204 P1000
;TYPE:Outer wall
;WIDTH:0.42
G1 F1347
G1 X114.799 Y106.923 E.00021
G3 X114.487 Y103.354 I.08 J-1.805 E.15818
G1 X114.644 Y103.326 E.00485
G3 X115.192 Y106.897 I.235 J1.792 E.17024
G1 X114.86 Y106.925 E.01015
G1 X114.78 Y107.312 F18000
M204 P1500
;TYPE:Inner wall
;WIDTH:0.45
G1 F1347
G1 X114.967 Y107.322 E.00618
G1 X115.39 Y107.294 E.01391
G1 X107.28 Y115.404 E.37658
G2 X107.029 Y113.779 I-2.349 J-.469 E.0551
G2 X105.063 Y112.677 I-1.918 J1.116 E.07764
G1 X104.603 Y112.713 E.01513
G1 X112.72 Y104.596 E.37688
G1 X112.678 Y105.021 E.01403
G2 X114.555 Y107.296 I2.219 J.081 E.10588
G1 X114.72 Y107.307 E.00544
G1 E-1.75 F6000
;WIPE_START
G1 X114.967 Y107.322 E-.18606
G1 X115.39 Y107.294 E-.31772
G1 X115.158 Y107.526 E-.24622
;WIPE_END
G1 X114.823 Y107.573 F18000
G1 E2.5 F6000
M204 P2000
;TYPE:Gap infill
;WIDTH:0.122642
G1 F1347
G1 X114.62 Y107.535 E.00133
G1 X115.442 Y107.07 F18000
;WIDTH:0.123384
G1 F1347
G1 X115.577 Y107.045 E.00089
;WIDTH:0.137811
G1 X115.665 Y107.025 E.00068
;WIDTH:0.166382
G1 X115.748 Y107.005 E.00086
;WIDTH:0.202318
G1 X115.857 Y106.976 E.00145
G1 X115.991 Y106.873 E.00218
;WIDTH:0.147852
G1 X116.266 Y106.632 E.00309
G1 X116.623 Y106.242 E.00447
;WIDTH:0.196233
G2 X116.728 Y106.064 I-.267 J-.277 E.00259
;WIDTH:0.17209
G1 X116.749 Y105.996 E.00075
;WIDTH:0.144493
G1 X116.772 Y105.905 E.00077
;WIDTH:0.117718
G1 X116.793 Y105.819 E.00053
;WIDTH:0.100639
G1 X116.806 Y105.756 E.0003
G1 X117.287 Y105.109 F18000
;WIDTH:0.12641
G1 F1347
G1 X117.518 Y104.515 E.00429
G1 X117.504 Y104.501 F18000
;WIDTH:0.334493
G1 F1347
G1 X117.303 Y105.094 E.01472
G1 X117.556 Y104.84 F18000
;WIDTH:0.159972
G1 F1347
G1 X117.192 Y104.272 E.00637
;WIDTH:0.143466
G1 X117.141 Y104.194 E.00075
;WIDTH:0.127951
G1 X117.089 Y104.117 E.00064
G1 X117.099 Y104.11 F18000
;WIDTH:0.236328
G1 F1347
G1 X117.541 Y104.855 E.01351
G1 X117.531 Y104.866 F18000
;WIDTH:0.335456
G1 F1347
G1 X117.123 Y104.12 E.02004
G1 X115.852 Y102.849 F18000
;WIDTH:0.396061
G1 F1347
G2 X115.127 Y102.477 I-8.93 J16.511 E.02321
G1 X115.141 Y102.463 F18000
;WIDTH:0.265808
G1 F1347
G1 X115.893 Y102.897 E.0156
G1 X115.885 Y102.908 F18000
;WIDTH:0.160778
G1 F1347
G1 X115.159 Y102.445 E.00819
G1 X113.719 Y103.32 F18000
;WIDTH:0.165474
G1 F1347
G3 X114.097 Y103.221 I3.488 J12.506 E.00386
;WIDTH:0.118691
G1 X114.28 Y103.181 E.00115
G1 X114.024 Y103.177 F18000
;WIDTH:0.207748
G1 F1347
G1 X113.76 Y103.375 E.00438
;WIDTH:0.147896
G1 X113.368 Y103.734 E.0045
G1 X113.128 Y104.007 E.00308
;WIDTH:0.198014
G2 X113.044 Y104.128 I.134 J.183 E.00188
;WIDTH:0.18007
G1 X113.007 Y104.254 E.00145
;WIDTH:0.14318
G1 X112.986 Y104.338 E.00071
;WIDTH:0.119229
G1 X112.952 Y104.486 E.00093
G1 X112.43 Y105.174 F18000
;WIDTH:0.103322
G1 F1347
G1 X112.461 Y105.348 E.00086
G1 X113.312 Y108.879 F18000
;TYPE:Sparse infill
;WIDTH:0.45
G1 F1347
G1 X114.301 Y107.891 E.04589
G1 X114.196 Y107.871 E.00349
G1 X114.253 Y107.593 E.00931
G3 X112.399 Y105.715 I.665 J-2.51 E.09091
G1 X112.13 Y105.767 E.00899
G1 X112.117 Y105.692 E.00249
G1 X110.977 Y106.832 E.05293
G1 X113.168 Y109.023 E.10176
G1 X111.096 Y111.096 E.09623
G1 X108.904 Y108.904 E.10176
G1 X106.832 Y110.977 E.09623
G1 X109.023 Y113.168 E.10176
G1 X107.889 Y114.302 E.05266
G1 X107.877 Y114.232 E.00234
G1 X107.601 Y114.285 E.00921
G2 X105.456 Y112.352 I-2.559 J.682 E.10028
G1 X106.688 Y111.121 E.05719
G1 X104.522 Y112.939 F18000
;TYPE:Gap infill
;WIDTH:0.119437
G1 F1347
G1 X104.333 Y112.98 E.00119
;WIDTH:0.158396
G1 X104.246 Y113.003 E.00084
;WIDTH:0.198066
G1 X104.152 Y113.028 E.00122
G2 X104.004 Y113.131 I.537 J.926 E.00226
;WIDTH:0.147982
G1 X103.61 Y113.492 E.00453
G1 X103.37 Y113.765 E.00308
;WIDTH:0.198962
G1 X103.28 Y113.883 E.00187
;WIDTH:0.249549
G2 X102.926 Y114.386 I12.788 J9.357 E.01025
G1 X102.941 Y114.393 F18000
;WIDTH:0.329262
G1 F1347
G1 X103.458 Y113.58 E.02226
G1 X102.713 Y114.891 F18000
;WIDTH:0.118762
G1 F1347
G1 X102.481 Y115.484 E.00389
G1 X102.497 Y115.5 F18000
;WIDTH:0.343871
G1 F1347
G1 X102.695 Y114.909 E.01513
G1 X102.466 Y115.138 F18000
;WIDTH:0.288878
G1 F1347
G1 X102.893 Y115.895 E.01725
G1 X102.907 Y115.886 F18000
;WIDTH:0.162638
G1 F1347
G1 X102.446 Y115.158 E.00832
G1 X104.105 Y117.105 F18000
;WIDTH:0.275707
G1 F1347
G1 X104.86 Y117.536 E.01632
G1 X104.844 Y117.552 F18000
;WIDTH:0.167918
G1 F1347
G1 X104.114 Y117.093 E.0087
G1 X104.117 Y117.088 F18000
;WIDTH:0.113536
G1 F1347
G2 X104.827 Y117.57 I15.058 J-21.441 E.00488
G1 X105.729 Y116.814 F18000
;WIDTH:0.123403
G1 F1347
G1 X105.905 Y116.775 E.00117
;WIDTH:0.15116
G1 X105.992 Y116.754 E.00078
;WIDTH:0.16578
G1 X105.998 Y116.752 E.00005
;WIDTH:0.196851
G2 X106.161 Y116.687 I-.008 J-.257 E.00223
;WIDTH:0.182796
G1 X106.3 Y116.576 E.002
;WIDTH:0.142411
G1 X106.632 Y116.266 E.00365
G1 X106.818 Y116.058 E.00225
;WIDTH:0.190017
G2 X106.97 Y115.822 I-.297 J-.358 E.00337
;WIDTH:0.17209
G1 X106.991 Y115.754 E.00075
;WIDTH:0.144493
G1 X107.014 Y115.663 E.00077
;WIDTH:0.11772
G1 X107.035 Y115.577 E.00053
;WIDTH:0.10064
G1 X107.048 Y115.514 E.0003
G1 X107.57 Y114.826 F18000
;WIDTH:0.11711
G1 F1347
G1 X107.539 Y114.652 E.00106
; stop printing object Block.stl id:105326592607568 copy 0
;LAYER_CHANGE
;Z:12.84
;HEIGHT:0.2
G92 E0 ; zero the extruded length again
; BEFORE_LAYER_CHANGE 63 @ 12.84mm
G1 E-2.32336 F6000
;WIPE_START
G1 X107.57 Y114.826 E-.17664
;WIPE_END
; AFTER_LAYER_CHANGE 63 @ 12.84mm
;_SET_FAN_SPEED_CHANGING_LAYER
; printing object Block.stl id:105326592607568 copy 0
G1 X101.458 Y115.303 Z12.84 F18000
G1 E2.5 F6000
M204 P1000
;TYPE:Outer wall
;WIDTH:0.42
G1 F1346
G1 X115.303 Y101.458 E.5955
G1 X116.438 Y102.593 E.04881
G1 X118.542 Y104.697 E.09048
G1 X104.697 Y118.542 E.5955
G1 X101.501 Y115.346 E.13747
G1 E-1.75 F6000
;WIPE_START
G1 F3600
G1 X102.206 Y114.636 E-.75
;WIPE_END
G1 X105.642 Y117.043 F18000
G1 E2.5 F6000
M204 P1500
;TYPE:Inner wall
;WIDTH:0.45
G1 F1346
G1 X104.697 Y117.987 E.04387
G1 X102.013 Y115.303 E.12463
G1 X102.782 Y114.534 E.03571
G1 X102.938 Y114.61 E.0057
G2 X105.217 Y117.08 I2.198 J.258 E.1253
G1 X105.582 Y117.048 E.01202
G1 E-1.75 F6000
;WIPE_START
G1 X104.896 Y117.776 E-.75
;WIPE_END
G1 X106.906 Y114.601 F18000
G1 E2.5 F6000
M204 P1000
;TYPE:Outer wall
;WIDTH:0.42
G1 F1346
G1 X106.911 Y114.641 E.00124
G3 X104.729 Y113.112 I-1.79 J.233 E.25379
G1 X104.886 Y113.084 E.00485
G3 X106.819 Y114.263 I.235 J1.79 E.07443
G1 X106.891 Y114.542 E.00879
G1 E-1.75 F6000
;WIPE_START
G1 F3600
G1 X106.911 Y114.641 E-.07536
G1 X106.93 Y114.96 E-.23939
G1 X106.87 Y115.345 E-.29266
G1 X106.805 Y115.524 E-.1426
;WIPE_END
G1 X117.038 Y105.646 F18000
G1 E2.5 F6000
M204 P1500
;TYPE:Inner wall
;WIDTH:0.45
G1 F1346
G2 X116.787 Y104.02 I-2.409 J-.46 E.0551
G2 X114.82 Y102.919 I-1.944 J1.166 E.07744
G1 X114.361 Y102.955 E.0151
G1 X115.303 Y102.013 E.04374
G1 X117.987 Y104.697 E.12463
G1 X117.081 Y105.603 E.0421
G1 E-1.75 F6000
;WIPE_START
G1 X117.08 Y105.221 E-.28718
G1 X117.063 Y104.833 E-.29063
G1 X117.03 Y104.644 E-.14413
G1 X117.019 Y104.608 E-.02806
;WIPE_END
G1 X114.802 Y106.929 F18000
G1 E2.5 F6000
M204 P1000
;TYPE:Outer wall
;WIDTH:0.42
G1 F1346
G1 X114.799 Y106.927 E.00012
G3 X114.487 Y103.354 I.081 J-1.807 E.15836
G1 X114.644 Y103.326 E.00485
G3 X115.164 Y106.906 I.235 J1.794 E.17135
G1 X114.862 Y106.926 E.00921
G1 X114.782 Y107.311 F18000
M204 P1500
;TYPE:Inner wall
;WIDTH:0.45
G1 F1346
G1 X114.981 Y107.322 E.00652
G1 X115.407 Y107.278 E.01406
G1 X107.28 Y115.404 E.37734
G2 X107.029 Y113.778 I-2.351 J-.469 E.05515
G2 X105.062 Y112.677 I-1.915 J1.115 E.07763
G1 X104.603 Y112.713 E.0151
G1 X112.698 Y104.618 E.37587
G1 X112.677 Y105.113 E.01629
G2 X114.555 Y107.3 I2.205 J.006 E.10314
G1 X114.722 Y107.308 E.00551
G1 E-1.75 F6000
;WIPE_START
G1 X114.981 Y107.322 E-.19399
G1 X115.407 Y107.278 E-.32108
G1 X115.185 Y107.499 E-.23493
;WIPE_END
G1 X114.823 Y107.573 F18000
G1 E2.5 F6000
M204 P2000
;TYPE:Gap infill
;WIDTH:0.122673
G1 F1346
G1 X114.62 Y107.535 E.00133
G1 X115.529 Y107.043 F18000
;WIDTH:0.117661
G1 F1346
G1 X115.662 Y107.012 E.00083
;WIDTH:0.139692
G1 X115.748 Y106.99 E.00069
;WIDTH:0.167311
G1 X115.825 Y106.967 E.00081
;WIDTH:0.196502
G1 X115.897 Y106.945 E.00094
;WIDTH:0.188869
G1 X116.036 Y106.836 E.00207
;WIDTH:0.146145
G1 X116.39 Y106.508 E.00402
G1 X116.627 Y106.238 E.00299
;WIDTH:0.197877
G2 X116.723 Y106.085 I-.446 J-.387 E.00227
;WIDTH:0.17616
G1 X116.748 Y105.996 E.00099
;WIDTH:0.146033
G1 X116.771 Y105.913 E.00072
;WIDTH:0.114633
G1 X116.806 Y105.756 E.00093
G1 X117.287 Y105.109 F18000
;WIDTH:0.126413
G1 F1346
G1 X117.518 Y104.515 E.00429
G1 X117.504 Y104.501 F18000
;WIDTH:0.334517
G1 F1346
G1 X117.303 Y105.094 E.01472
G1 X117.558 Y104.839 F18000
;WIDTH:0.157648
G1 F1346
G1 X117.189 Y104.267 E.00629
;WIDTH:0.141858
G1 X117.139 Y104.192 E.00072
;WIDTH:0.126879
G1 X117.089 Y104.117 E.00061
G1 X117.098 Y104.111 F18000
;WIDTH:0.219512
G1 F1346
G1 X117.543 Y104.853 E.01233
G1 X117.531 Y104.865 F18000
;WIDTH:0.333995
G1 F1346
G1 X117.122 Y104.119 E.01998
G1 X115.852 Y102.849 F18000
;WIDTH:0.396068
G1 F1346
G2 X115.127 Y102.477 I-8.939 J16.529 E.02321
G1 X115.141 Y102.463 F18000
;WIDTH:0.265804
G1 F1346
G1 X115.893 Y102.897 E.0156
G1 X115.885 Y102.908 F18000
;WIDTH:0.16078
G1 F1346
G1 X115.159 Y102.445 E.00819
G1 X113.719 Y103.319 F18000
;WIDTH:0.160552
G1 F1346
G3 X114.125 Y103.214 I2.929 J10.468 E.00397
;WIDTH:0.114408
G1 X114.28 Y103.181 E.00092
G1 X114.023 Y103.177 F18000
;WIDTH:0.210579
G1 F1346
G1 X113.829 Y103.32 E.00326
;WIDTH:0.175673
G1 X113.649 Y103.467 E.00249
;WIDTH:0.144919
G1 X113.368 Y103.734 E.00319
G1 X113.124 Y104.013 E.00305
;WIDTH:0.194382
G1 X113.067 Y104.088 E.00116
;WIDTH:0.221343
G2 X112.997 Y104.21 I.15 J.167 E.00205
;WIDTH:0.193584
G1 X112.974 Y104.312 E.00127
;WIDTH:0.155404
G1 X112.95 Y104.418 E.00099
;WIDTH:0.136114
G1 X112.919 Y104.593 E.00133
G1 X112.43 Y105.174 F18000
;WIDTH:0.103626
G1 F1346
G1 X112.461 Y105.348 E.00087
G1 X113.312 Y108.879 F18000
;TYPE:Sparse infill
;WIDTH:0.45
G1 F1346
G1 X114.301 Y107.891 E.04589
G1 X114.196 Y107.871 E.00348
G1 X114.253 Y107.593 E.00931
G3 X112.399 Y105.715 I.688 J-2.533 E.09079
G1 X112.131 Y105.767 E.00898
G1 X112.117 Y105.692 E.00252
G1 X110.977 Y106.832 E.05294
G1 X113.168 Y109.023 E.10176
G1 X111.096 Y111.096 E.09623
G1 X108.904 Y108.904 E.10176
G1 X106.832 Y110.977 E.09623
G1 X109.023 Y113.168 E.10176
G1 X107.889 Y114.302 E.05265
G1 X107.877 Y114.231 E.00236
G1 X107.601 Y114.285 E.00921
G2 X105.453 Y112.356 I-2.578 J.71 E.10015
G1 X106.688 Y111.121 E.05735
G1 X104.265 Y112.935 F18000
;TYPE:Gap infill
;WIDTH:0.210576
G1 F1346
G1 X104.071 Y113.078 E.00326
;WIDTH:0.175673
G1 X103.891 Y113.225 E.00249
;WIDTH:0.14492
G1 X103.61 Y113.492 E.00319
G1 X103.366 Y113.771 E.00305
;WIDTH:0.196998
G1 X103.297 Y113.861 E.00141
;WIDTH:0.229975
G1 X103.223 Y113.961 E.00188
;WIDTH:0.267672
G1 X103.164 Y114.048 E.0019
;WIDTH:0.317318
G2 X102.94 Y114.393 I6.949 J4.757 E.00911
G1 X102.713 Y114.891 F18000
;WIDTH:0.118864
G1 F1346
G1 X102.481 Y115.484 E.0039
G1 X102.496 Y115.499 F18000
;WIDTH:0.334502
G1 F1346
G1 X102.697 Y114.906 E.01472
G1 X102.437 Y115.167 F18000
;WIDTH:0.118267
G1 F1346
G2 X102.91 Y115.882 I21.874 J-13.98 E.00521
G1 X102.903 Y115.888 F18000
;WIDTH:0.210592
G1 F1346
G1 X102.455 Y115.149 E.01168
G1 X102.469 Y115.135 F18000
;WIDTH:0.326716
G1 F1346
G1 X102.878 Y115.881 E.01948
G1 X104.843 Y117.553 F18000
;WIDTH:0.166476
G1 F1346
G1 X104.114 Y117.093 E.00859
G1 X104.107 Y117.11 F18000
;WIDTH:0.309272
G1 F1346
G1 X104.863 Y117.534 E.01861
G1 X105.092 Y117.304 F18000
;WIDTH:0.326484
G1 F1346
G1 X104.5 Y117.503 E.01428
G1 X104.515 Y117.518 F18000
;WIDTH:0.123263
G1 F1346
G1 X105.109 Y117.287 E.00413
G1 X105.729 Y116.814 F18000
;WIDTH:0.123413
G1 F1346
G1 X105.905 Y116.775 E.00117
;WIDTH:0.151162
G1 X105.992 Y116.754 E.00078
;WIDTH:0.178293
G1 X106.06 Y116.734 E.00077
;WIDTH:0.204596
G1 X106.122 Y116.716 E.00084
;WIDTH:0.191609
G1 X106.278 Y116.595 E.00237
;WIDTH:0.143175
G1 X106.508 Y116.39 E.00249
G1 X106.814 Y116.064 E.00362
;WIDTH:0.181211
G1 X106.925 Y115.925 E.00199
;WIDTH:0.202143
G2 X106.97 Y115.822 I-.153 J-.129 E.00146
;WIDTH:0.172258
G1 X106.991 Y115.754 E.00075
;WIDTH:0.144672
G1 X107.014 Y115.663 E.00077
;WIDTH:0.117874
G1 X107.035 Y115.577 E.00053
;WIDTH:0.100712
G1 X107.048 Y115.514 E.0003
G1 X107.57 Y114.826 F18000
;WIDTH:0.117265
G1 F1346
G1 X107.539 Y114.652 E.00106
; stop printing object Block.stl id:105326592607568 copy 0
;LAYER_CHANGE
;Z:13.04
;HEIGHT:0.2
G92 E0 ; zero the extruded length again
; BEFORE_LAYER_CHANGE 64 @ 13.04mm
G1 E-2.32272 F6000
;WIPE_START
G1 X107.57 Y114.826 E-.17728
;WIPE_END
; AFTER_LAYER_CHANGE 64 @ 13.04mm
;_SET_FAN_SPEED_CHANGING_LAYER
; printing object Block.stl id:105326592607568 copy 0
G1 X101.458 Y115.303 Z13.04 F18000
G1 E2.5 F6000
M204 P1000
;TYPE:Outer wall
;WIDTH:0.42
G1 F1350
G1 X115.303 Y101.458 E.5955
G1 X116.403 Y102.558 E.04729
G1 X118.542 Y104.697 E.092
G1 X104.697 Y118.542 E.5955
G1 X101.501 Y115.346 E.13747
G1 E-1.75 F6000
;WIPE_START
G1 F3600
G1 X102.206 Y114.636 E-.75
;WIPE_END
G1 X105.642 Y117.043 F18000
G1 E2.5 F6000
M204 P1500
;TYPE:Inner wall
;WIDTH:0.45
G1 F1350
G1 X104.697 Y117.987 E.04387
G1 X102.013 Y115.303 E.12463
G1 X102.782 Y114.534 E.03571
G1 X102.938 Y114.61 E.0057
G2 X105.217 Y117.08 I2.188 J.268 E.12549
G1 X105.582 Y117.048 E.01202
G1 E-1.75 F6000
;WIPE_START
G1 X104.896 Y117.776 E-.75
;WIPE_END
G1 X106.909 Y114.598 F18000
G1 E2.5 F6000
M204 P1000
;TYPE:Outer wall
;WIDTH:0.42
G1 F1350
G1 X106.925 Y114.959 E.011
G3 X104.727 Y113.112 I-1.805 J-.084 E.24437
G1 X104.886 Y113.084 E.00492
G3 X106.895 Y114.541 I.234 J1.792 E.0832
G1 E-1.75 F6000
;WIPE_START
G1 F3600
G1 X106.925 Y114.959 E-.31484
G1 X106.87 Y115.345 E-.29231
G1 X106.805 Y115.524 E-.14284
;WIPE_END
G1 X114.361 Y102.955 F18000
G1 E2.5 F6000
M204 P1500
;TYPE:Inner wall
;WIDTH:0.45
G1 F1350
G1 X115.303 Y102.013 E.04374
G1 X116.126 Y102.835 E.03818
G1 X117.987 Y104.697 E.08645
G1 X117.038 Y105.646 E.04407
G2 X116.787 Y104.02 I-2.361 J-.467 E.05514
G2 X114.819 Y102.919 I-1.915 J1.114 E.07765
G1 X114.421 Y102.95 E.01311
G1 E-1.75 F6000
;WIPE_START
G1 X115.107 Y102.222 E-.75
;WIPE_END
G1 X114.804 Y106.929 F18000
G1 E2.5 F6000
M204 P1000
;TYPE:Outer wall
;WIDTH:0.42
G1 F1350
G1 X114.799 Y106.919 E.00034
G3 X114.485 Y103.354 I.079 J-1.803 E.15804
G1 X114.644 Y103.326 E.00492
G3 X115.163 Y106.898 I.233 J1.79 E.17087
G1 X114.864 Y106.924 E.00915
G1 X114.784 Y107.312 F18000
M204 P1500
;TYPE:Inner wall
;WIDTH:0.45
G1 F1350
G1 X114.981 Y107.322 E.00646
G1 X115.407 Y107.277 E.01406
G1 X107.28 Y115.404 E.37734
G2 X106.922 Y113.611 I-2.382 J-.457 E.06155
G2 X105.061 Y112.677 I-1.841 J1.348 E.071
G1 X104.603 Y112.713 E.01508
G1 X112.72 Y104.596 E.37688
G1 X112.678 Y105.021 E.01403
G2 X114.556 Y107.299 I2.206 J.095 E.10615
G1 X114.724 Y107.308 E.00555
G1 E-1.75 F6000
;WIPE_START
G1 X114.981 Y107.322 E-.19246
G1 X115.407 Y107.277 E-.3211
G1 X115.184 Y107.5 E-.23644
;WIPE_END
G1 X114.823 Y107.573 F18000
G1 E2.5 F6000
M204 P2000
;TYPE:Gap infill
;WIDTH:0.122688
G1 F1350
G1 X114.621 Y107.535 E.00132
G1 X115.529 Y107.043 F18000
;WIDTH:0.117605
G1 F1350
G1 X115.662 Y107.012 E.00082
;WIDTH:0.139556
G1 X115.748 Y106.99 E.00069
;WIDTH:0.153119
G1 X115.753 Y106.989 E.00004
;WIDTH:0.186252
G2 X115.922 Y106.927 I-.002 J-.27 E.00213
;WIDTH:0.17702
G1 X116.105 Y106.778 E.00254
;WIDTH:0.141089
G1 X116.39 Y106.508 E.00311
G1 X116.576 Y106.3 E.00222
;WIDTH:0.190121
G2 X116.729 Y106.064 I-.298 J-.36 E.00338
;WIDTH:0.172423
G1 X116.749 Y105.996 E.00075
;WIDTH:0.144846
G1 X116.772 Y105.905 E.00077
;WIDTH:0.118029
G1 X116.793 Y105.819 E.00054
;WIDTH:0.100786
G1 X116.806 Y105.755 E.0003
G1 X117.287 Y105.109 F18000
;WIDTH:0.126407
G1 F1350
G1 X117.518 Y104.515 E.00429
G1 X117.504 Y104.501 F18000
;WIDTH:0.334475
G1 F1350
G1 X117.303 Y105.094 E.01472
G1 X117.555 Y104.841 F18000
;WIDTH:0.161924
G1 F1350
G1 X117.195 Y104.275 E.00644
;WIDTH:0.144808
G1 X117.142 Y104.196 E.00078
;WIDTH:0.128845
G1 X117.089 Y104.117 E.00066
G1 X117.101 Y104.108 F18000
;WIDTH:0.264743
G1 F1350
G1 X117.539 Y104.857 E.01552
G1 X117.53 Y104.867 F18000
;WIDTH:0.340254
G1 F1350
G1 X117.128 Y104.126 E.02021
G1 X115.852 Y102.849 F18000
;WIDTH:0.396052
G1 F1350
G2 X115.127 Y102.477 I-8.933 J16.516 E.02321
G1 X115.141 Y102.463 F18000
;WIDTH:0.265813
G1 F1350
G1 X115.893 Y102.897 E.0156
G1 X115.883 Y102.911 F18000
;WIDTH:0.112883
G1 F1350
G1 X115.804 Y102.858 E.00054
;WIDTH:0.156803
G2 X115.159 Y102.445 I-9.699 J14.43 E.00704
G1 X113.721 Y103.317 F18000
;WIDTH:0.16192
G1 F1350
G3 X114.111 Y103.219 I2.216 J7.927 E.00385
;WIDTH:0.122725
G1 X114.212 Y103.195 E.00067
;WIDTH:0.101725
G1 X114.287 Y103.181 E.00036
G1 X114.023 Y103.177 F18000
;WIDTH:0.211227
G1 F1350
G1 X113.833 Y103.317 E.00319
;WIDTH:0.180868
G1 X113.692 Y103.43 E.00202
;WIDTH:0.145336
G1 X113.366 Y103.736 E.00369
G1 X113.128 Y104.007 E.00298
;WIDTH:0.181239
G1 X112.951 Y104.241 E.00328
G1 X112.952 Y104.487 F18000
;WIDTH:0.124382
G1 F1350
G1 X112.991 Y104.319 E.00113
;WIDTH:0.152973
G1 X113.017 Y104.219 E.00092
;WIDTH:0.169966
G1 X113.095 Y103.944 E.00293
G1 X111.121 Y106.688 F18000
;TYPE:Sparse infill
;WIDTH:0.45
G1 F1350
G1 X112.354 Y105.454 E.05728
G2 X114.253 Y107.593 I2.615 J-.409 E.09922
G1 X114.196 Y107.871 E.00931
G1 X114.3 Y107.891 E.00348
G1 X113.168 Y109.023 E.05257
G1 X110.977 Y106.832 E.10176
G1 X108.904 Y108.904 E.09623
G1 X111.096 Y111.096 E.10176
G1 X109.023 Y113.168 E.09623
G1 X106.832 Y110.977 E.10176
G1 X105.453 Y112.356 E.06404
G3 X107.593 Y114.251 I-.327 J2.525 E.09964
G1 X107.869 Y114.193 E.00928
G1 X107.89 Y114.301 E.00362
G1 X108.879 Y113.312 E.04593
G1 X107.534 Y114.618 F18000
;TYPE:Gap infill
;WIDTH:0.122057
G1 F1350
G1 X107.573 Y114.823 E.00133
G1 X107.048 Y115.513 F18000
;WIDTH:0.100785
G1 F1350
G1 X107.035 Y115.577 E.0003
;WIDTH:0.118027
G1 X107.014 Y115.663 E.00054
;WIDTH:0.144843
G1 X106.991 Y115.754 E.00077
;WIDTH:0.17242
G1 X106.971 Y115.822 E.00075
;WIDTH:0.202187
G3 X106.923 Y115.927 I-.207 J-.03 E.0015
;WIDTH:0.177616
G1 X106.789 Y116.092 E.00231
;WIDTH:0.139285
G1 X106.37 Y116.516 E.00463
;WIDTH:0.168308
G1 X106.206 Y116.652 E.00216
;WIDTH:0.188367
G1 X105.987 Y116.815 E.0032
G1 X105.731 Y116.814 F18000
;WIDTH:0.124335
G1 F1350
G1 X105.908 Y116.774 E.00119
;WIDTH:0.152294
G1 X105.996 Y116.753 E.0008
;WIDTH:0.167236
G1 X106.288 Y116.673 E.00303
G1 X104.86 Y117.536 F18000
;WIDTH:0.27583
G1 F1350
G1 X104.106 Y117.105 E.01632
G1 X104.114 Y117.092 F18000
;WIDTH:0.163082
G1 F1350
G1 X104.841 Y117.555 E.00835
G1 X102.878 Y115.881 F18000
;WIDTH:0.326714
G1 F1350
G1 X102.469 Y115.135 E.01948
G1 X102.455 Y115.149 F18000
;WIDTH:0.210592
G1 F1350
G1 X102.903 Y115.888 E.01168
G1 X102.91 Y115.882 F18000
;WIDTH:0.118266
G1 F1350
G3 X102.436 Y115.167 I21.824 J-14.985 E.00521
G1 X102.697 Y114.906 F18000
;WIDTH:0.334483
G1 F1350
G1 X102.496 Y115.499 E.01472
G1 X102.481 Y115.484 F18000
;WIDTH:0.118972
G1 F1350
G1 X102.713 Y114.891 E.00391
G1 X103.447 Y113.592 F18000
;WIDTH:0.333192
G1 F1350
G1 X102.942 Y114.394 E.02219
G1 X102.932 Y114.389 F18000
;WIDTH:0.283366
G1 F1350
G3 X103.208 Y113.984 I12.52 J8.221 E.0095
;WIDTH:0.243779
G1 X103.257 Y113.913 E.00139
;WIDTH:0.204377
G1 X103.369 Y113.767 E.00241
;WIDTH:0.144243
G1 X103.607 Y113.495 E.00295
G1 X103.868 Y113.245 E.00295
;WIDTH:0.167129
G1 X104.03 Y113.11 E.00211
;WIDTH:0.204719
G1 X104.264 Y112.936 E.00381
; stop printing object Block.stl id:105326592607568 copy 0
;LAYER_CHANGE
;Z:13.24
;HEIGHT:0.2
G92 E0 ; zero the extruded length again
; BEFORE_LAYER_CHANGE 65 @ 13.24mm
G1 E-2.20803 F6000
;WIPE_START
G1 X104.03 Y113.11 E-.29197
;WIPE_END
; AFTER_LAYER_CHANGE 65 @ 13.24mm
;_SET_FAN_SPEED_CHANGING_LAYER
; printing object Block.stl id:105326592607568 copy 0
G1 X101.458 Y115.303 Z13.24 F18000
G1 E2.5 F6000
M204 P1000
;TYPE:Outer wall
;WIDTH:0.42
G1 F1333
G1 X115.303 Y101.458 E.5955
G1 X116.367 Y102.522 E.04577
G1 X118.542 Y104.697 E.09352
G1 X104.697 Y118.542 E.5955
G1 X101.501 Y115.346 E.13747
G1 E-1.75 F6000
;WIPE_START
G1 F3600
G1 X102.206 Y114.636 E-.75
;WIPE_END
G1 X105.649 Y117.035 F18000
G1 E2.5 F6000
M204 P1500
;TYPE:Inner wall
;WIDTH:0.45
G1 F1333
G1 X104.697 Y117.987 E.0442
G1 X102.013 Y115.303 E.12463
G1 X102.962 Y114.354 E.04406
G1 X102.92 Y114.78 E.01403
G2 X105.223 Y117.08 I2.206 J.095 E.12014
G1 X105.589 Y117.042 E.01209
G1 E-1.75 F6000
;WIPE_START
G1 X104.903 Y117.769 E-.75
;WIPE_END
G1 X106.906 Y114.605 F18000
G1 E2.5 F6000
M204 P1000
;TYPE:Outer wall
;WIDTH:0.42
G1 F1333
G1 X106.912 Y114.647 E.00129
G3 X104.727 Y113.112 I-1.792 J.229 E.2539
G1 X104.886 Y113.084 E.00492
G3 X106.819 Y114.261 I.234 J1.792 E.07437
G1 X106.891 Y114.547 E.00896
G1 E-1.75 F6000
;WIPE_START
G1 F3600
G1 X106.912 Y114.647 E-.0767
G1 X106.93 Y114.959 E-.23501
G1 X106.87 Y115.345 E-.29266
G1 X106.804 Y115.528 E-.14563
;WIPE_END
G1 X117.038 Y105.646 F18000
G1 E2.5 F6000
M204 P1500
;TYPE:Inner wall
;WIDTH:0.45
G1 F1333
G2 X116.756 Y103.967 I-2.35 J-.467 E.05712
G2 X114.818 Y102.919 I-1.886 J1.172 E.07567
G1 X114.361 Y102.955 E.01505
G1 X115.303 Y102.013 E.04374
G1 X117.987 Y104.697 E.12463
G1 X117.081 Y105.603 E.0421
G1 E-1.75 F6000
;WIPE_START
G1 X117.08 Y105.22 E-.28715
G1 X117.08 Y105.025 E-.14663
G1 X117.047 Y104.731 E-.22182
G1 X117.014 Y104.609 E-.09439
;WIPE_END
G1 X114.804 Y106.926 F18000
G1 E2.5 F6000
M204 P1000
;TYPE:Outer wall
;WIDTH:0.42
G1 F1333
G1 X114.721 Y106.922 E.00251
G3 X114.485 Y103.354 I.157 J-1.802 E.15602
G1 X114.644 Y103.326 E.00492
G3 X114.964 Y106.927 I.234 J1.794 E.1774
G1 X114.864 Y106.926 E.00303
G1 X114.797 Y107.317 F18000
M204 P1500
;TYPE:Inner wall
;WIDTH:0.45
G1 F1333
G1 X114.988 Y107.321 E.00629
G1 X115.407 Y107.277 E.01381
G1 X107.28 Y115.404 E.37733
G2 X107.029 Y113.778 I-2.362 J-.467 E.05514
G2 X105.06 Y112.677 I-1.915 J1.115 E.07768
G1 X104.603 Y112.713 E.01505
G1 X112.72 Y104.596 E.37688
G1 X112.678 Y105.022 E.01403
G2 X114.687 Y107.313 I2.216 J.084 E.11031
G1 X114.737 Y107.315 E.00163
G1 E-1.75 F6000
;WIPE_START
G1 X114.988 Y107.321 E-.18866
G1 X115.407 Y107.277 E-.31535
G1 X115.175 Y107.509 E-.24599
;WIPE_END
G1 X115.53 Y107.043 F18000
G1 E2.5 F6000
M204 P2000
;TYPE:Gap infill
;WIDTH:0.117553
G1 F1333
G1 X115.662 Y107.012 E.00082
;WIDTH:0.139426
G1 X115.748 Y106.99 E.00069
;WIDTH:0.16706
G1 X115.825 Y106.967 E.00081
;WIDTH:0.196316
G1 X115.898 Y106.945 E.00094
;WIDTH:0.188647
G1 X116.037 Y106.835 E.00208
;WIDTH:0.146101
G1 X116.39 Y106.508 E.00401
G1 X116.627 Y106.238 E.00299
;WIDTH:0.198134
G2 X116.722 Y106.09 I-.468 J-.405 E.00221
;WIDTH:0.1758
G1 X116.751 Y105.989 E.00113
;WIDTH:0.143586
G1 X116.773 Y105.902 E.00073
;WIDTH:0.117768
G1 X116.793 Y105.819 E.00052
;WIDTH:0.100856
G1 X116.807 Y105.755 E.00031
G1 X117.555 Y104.841 F18000
;WIDTH:0.161932
G1 F1333
G1 X117.195 Y104.275 E.00644
;WIDTH:0.144815
G1 X117.142 Y104.196 E.00078
;WIDTH:0.128851
G1 X117.089 Y104.117 E.00066
G1 X117.103 Y104.107 F18000
;WIDTH:0.271093
G1 F1333
G1 X117.537 Y104.859 E.01597
G1 X117.525 Y104.872 F18000
;WIDTH:0.400603
G1 F1333
G2 X117.143 Y104.14 I-22.679 J11.364 E.0238
G1 X115.852 Y102.849 F18000
;WIDTH:0.396067
G1 F1333
G2 X115.127 Y102.477 I-8.917 J16.486 E.02321
G1 X115.141 Y102.463 F18000
;WIDTH:0.265823
G1 F1333
G1 X115.893 Y102.897 E.01561
G1 X115.883 Y102.911 F18000
;WIDTH:0.112884
G1 F1333
G1 X115.804 Y102.858 E.00054
;WIDTH:0.156803
G2 X115.159 Y102.445 I-9.77 J14.536 E.00704
G1 X113.72 Y103.319 F18000
;WIDTH:0.162778
G1 F1333
G3 X114.108 Y103.219 I1.951 J6.794 E.00388
;WIDTH:0.123078
G1 X114.211 Y103.195 E.00068
;WIDTH:0.101772
G1 X114.286 Y103.182 E.00036
G1 X114.022 Y103.178 F18000
;WIDTH:0.204594
G1 F1333
G1 X113.787 Y103.353 E.00381
;WIDTH:0.167033
G1 X113.626 Y103.487 E.00211
;WIDTH:0.144506
G1 X113.365 Y103.737 E.00295
G1 X113.124 Y104.013 E.003
;WIDTH:0.181293
G1 X112.951 Y104.242 E.0032
G1 X112.952 Y104.487 F18000
;WIDTH:0.124355
G1 F1333
G1 X112.991 Y104.32 E.00113
;WIDTH:0.152943
G1 X113.016 Y104.22 E.00092
;WIDTH:0.169882
G1 X113.094 Y103.944 E.00293
G1 X112.427 Y105.177 F18000
;WIDTH:0.104296
G1 F1333
G1 X112.466 Y105.382 E.00103
G1 X110.977 Y106.831 F18000
;TYPE:Sparse infill
;WIDTH:0.45
G1 F1333
G1 X112.117 Y105.691 E.05294
G1 X112.139 Y105.805 E.00381
G1 X112.407 Y105.749 E.00899
G2 X114.547 Y107.644 I2.462 J-.625 E.09967
G1 X113.312 Y108.88 E.05738
G1 X110.834 Y106.975 E.10263
G1 X109.047 Y108.761 E.08293
G1 X110.953 Y111.239 E.10263
G1 X109.166 Y113.025 E.08293
G1 X106.688 Y111.12 E.10263
G1 X105.456 Y112.352 E.05722
G3 X107.649 Y114.542 I-.337 J2.531 E.10935
G1 X109.023 Y113.169 E.06377
G1 X107.048 Y115.513 F18000
;TYPE:Gap infill
;WIDTH:0.100857
G1 F1333
G1 X107.035 Y115.577 E.00031
;WIDTH:0.118183
G1 X107.014 Y115.663 E.00054
;WIDTH:0.145028
G1 X106.991 Y115.754 E.00077
;WIDTH:0.172595
G1 X106.971 Y115.822 E.00074
;WIDTH:0.196428
G3 X106.865 Y116 I-.376 J-.102 E.0026
;WIDTH:0.145157
G1 X106.632 Y116.266 E.00292
G1 X106.3 Y116.576 E.00375
;WIDTH:0.185872
G1 X106.14 Y116.703 E.00235
;WIDTH:0.19631
G1 X106.067 Y116.725 E.00094
;WIDTH:0.167054
G1 X105.99 Y116.748 E.00081
;WIDTH:0.139421
G1 X105.904 Y116.77 E.00069
;WIDTH:0.117552
G1 X105.772 Y116.801 E.00082
G1 X105.109 Y117.287 F18000
;WIDTH:0.123266
G1 F1333
G1 X104.515 Y117.518 E.00413
G1 X104.501 Y117.504 F18000
;WIDTH:0.322226
G1 F1333
G1 X105.094 Y117.303 E.0141
G1 X104.838 Y117.558 F18000
;WIDTH:0.157642
G1 F1333
G1 X104.267 Y117.189 E.00629
;WIDTH:0.141854
G1 X104.192 Y117.139 E.00072
;WIDTH:0.126876
G1 X104.117 Y117.089 E.00061
G1 X104.111 Y117.098 F18000
;WIDTH:0.219503
G1 F1333
G1 X104.853 Y117.543 E.01233
G1 X104.865 Y117.531 F18000
;WIDTH:0.333999
G1 F1333
G1 X104.119 Y117.122 E.01998
G1 X102.445 Y115.159 F18000
;WIDTH:0.160777
G1 F1333
G1 X102.908 Y115.885 E.00819
G1 X102.896 Y115.894 F18000
;WIDTH:0.267944
G1 F1333
G1 X102.463 Y115.14 E.01576
G1 X103.336 Y113.702 F18000
;WIDTH:0.169885
G1 F1333
G1 X103.258 Y113.978 E.00293
;WIDTH:0.152947
G1 X103.233 Y114.078 E.00092
;WIDTH:0.124357
G1 X103.193 Y114.245 E.00113
G1 X103.193 Y114 F18000
;WIDTH:0.181291
G1 F1333
G1 X103.366 Y113.771 E.0032
;WIDTH:0.144506
G1 X103.607 Y113.495 E.003
G1 X103.868 Y113.245 E.00295
;WIDTH:0.167033
G1 X104.029 Y113.111 E.00211
;WIDTH:0.204595
G1 X104.264 Y112.936 E.00381
G1 X104.528 Y112.94 F18000
;WIDTH:0.101772
G1 F1333
G1 X104.453 Y112.953 E.00036
;WIDTH:0.123077
G1 X104.35 Y112.977 E.00068
;WIDTH:0.162778
G2 X103.962 Y113.077 I1.555 J6.859 E.00388
; stop printing object Block.stl id:105326592607568 copy 0
;LAYER_CHANGE
;Z:13.44
;HEIGHT:0.2
G92 E0 ; zero the extruded length again
; BEFORE_LAYER_CHANGE 66 @ 13.44mm
G1 E-2.09893 F6000
;WIPE_START
G1 X104.35 Y112.977 E-.40107
;WIPE_END
; AFTER_LAYER_CHANGE 66 @ 13.44mm
;_SET_FAN_SPEED_CHANGING_LAYER
; printing object Block.stl id:105326592607568 copy 0
G1 X101.458 Y115.303 Z13.44 F18000
G1 E2.5 F6000
M204 P1000
;TYPE:Outer wall
;WIDTH:0.42
G1 F1327
G1 X115.303 Y101.458 E.5955
G1 X116.332 Y102.487 E.04425
G1 X118.542 Y104.697 E.09504
G1 X104.697 Y118.542 E.5955
G1 X101.501 Y115.346 E.13747
G1 E-1.75 F6000
;WIPE_START
G1 F3600
G1 X102.206 Y114.636 E-.75
;WIPE_END
G1 X105.642 Y117.043 F18000
G1 E2.5 F6000
M204 P1500
;TYPE:Inner wall
;WIDTH:0.45
G1 F1327
G1 X104.697 Y117.987 E.04387
G1 X102.013 Y115.303 E.12463
G1 X102.782 Y114.534 E.03572
G1 X102.938 Y114.61 E.0057
G2 X105.217 Y117.08 I2.202 J.255 E.12524
G1 X105.582 Y117.048 E.01202
G1 E-1.75 F6000
;WIPE_START
G1 X104.896 Y117.776 E-.75
;WIPE_END
G1 X106.907 Y114.606 F18000
G1 E2.5 F6000
M204 P1000
;TYPE:Outer wall
;WIDTH:0.42
G1 F1327
G1 X106.914 Y114.64 E.00106
G3 X104.727 Y113.112 I-1.794 J.237 E.25447
G1 X104.886 Y113.084 E.00492
G3 X106.821 Y114.262 I.234 J1.794 E.07445
G1 X106.893 Y114.548 E.00897
G1 E-1.75 F6000
;WIPE_START
G1 F3600
G1 X106.914 Y114.64 E-.07121
G1 X106.93 Y114.958 E-.23844
G1 X106.869 Y115.351 E-.29814
G1 X106.804 Y115.529 E-.14221
;WIPE_END
G1 X117.038 Y105.646 F18000
G1 E2.5 F6000
M204 P1500
;TYPE:Inner wall
;WIDTH:0.45
G1 F1327
G2 X116.787 Y104.02 I-2.354 J-.468 E.05514
G2 X114.818 Y102.919 I-1.911 J1.107 E.07773
G1 X114.361 Y102.955 E.01503
G1 X115.303 Y102.013 E.04374
G1 X117.987 Y104.697 E.12463
G1 X117.081 Y105.603 E.04209
G1 E-1.75 F6000
;WIPE_START
G1 X117.08 Y105.22 E-.28714
G1 X117.062 Y104.828 E-.29474
G1 X117.02 Y104.608 E-.16813
;WIPE_END
G1 X114.808 Y106.929 F18000
G1 E2.5 F6000
M204 P1000
;TYPE:Outer wall
;WIDTH:0.42
G1 F1327
G1 X114.8 Y106.92 E.00035
G3 X114.485 Y103.354 I.077 J-1.804 E.15813
G1 X114.644 Y103.326 E.00492
G3 X115.117 Y106.906 I.234 J1.79 E.17236
G1 X114.868 Y106.925 E.00758
G1 X114.791 Y107.314 F18000
M204 P1500
;TYPE:Inner wall
;WIDTH:0.45
G1 F1327
G1 X114.975 Y107.322 E.00604
G1 X115.4 Y107.284 E.01399
G1 X107.284 Y115.4 E.37681
G2 X107.117 Y113.948 I-2.616 J-.434 E.0486
G2 X105.06 Y112.677 I-1.996 J.931 E.08406
G1 X104.603 Y112.713 E.01503
G1 X112.698 Y104.618 E.37588
G1 X112.677 Y105.113 E.01629
G2 X114.592 Y107.304 I2.206 J.004 E.10432
G1 X114.731 Y107.311 E.0046
G1 E-1.75 F6000
;WIPE_START
G1 X114.975 Y107.322 E-.18291
G1 X115.4 Y107.284 E-.31958
G1 X115.166 Y107.518 E-.24751
;WIPE_END
G1 X115.488 Y107.056 F18000
G1 E2.5 F6000
M204 P2000
;TYPE:Gap infill
;WIDTH:0.123443
G1 F1327
G1 X115.663 Y107.017 E.00117
;WIDTH:0.151175
G1 X115.75 Y106.996 E.00078
;WIDTH:0.178293
G1 X115.818 Y106.976 E.00077
;WIDTH:0.204596
G1 X115.88 Y106.958 E.00084
;WIDTH:0.197046
G1 X115.997 Y106.868 E.00184
;WIDTH:0.145341
G1 X116.266 Y106.632 E.00296
G1 X116.576 Y106.3 E.00376
;WIDTH:0.190226
G2 X116.729 Y106.064 I-.3 J-.361 E.00339
;WIDTH:0.172768
G1 X116.749 Y105.996 E.00074
;WIDTH:0.145212
G1 X116.772 Y105.905 E.00077
;WIDTH:0.118343
G1 X116.793 Y105.819 E.00054
;WIDTH:0.100932
G1 X116.807 Y105.754 E.00031
G1 X117.287 Y105.109 F18000
;WIDTH:0.126412
G1 F1327
G1 X117.518 Y104.515 E.00429
G1 X117.503 Y104.5 F18000
;WIDTH:0.344308
G1 F1327
G1 X117.305 Y105.091 E.01515
G1 X117.534 Y104.862 F18000
;WIDTH:0.294179
G1 F1327
G1 X117.107 Y104.105 E.01762
G1 X117.093 Y104.114 F18000
;WIDTH:0.165072
G1 F1327
G1 X117.554 Y104.842 E.00849
G1 X115.852 Y102.849 F18000
;WIDTH:0.396067
G1 F1327
G2 X115.127 Y102.477 I-8.947 J16.545 E.02321
G1 X115.141 Y102.463 F18000
;WIDTH:0.26582
G1 F1327
G1 X115.893 Y102.897 E.0156
G1 X115.883 Y102.911 F18000
;WIDTH:0.112885
G1 F1327
G1 X115.804 Y102.858 E.00054
;WIDTH:0.156807
G2 X115.159 Y102.445 I-9.724 J14.467 E.00704
G1 X113.719 Y103.319 F18000
;WIDTH:0.162718
G1 F1327
G3 X114.108 Y103.219 I1.951 J6.785 E.00387
;WIDTH:0.123119
G1 X114.21 Y103.195 E.00068
;WIDTH:0.101818
G1 X114.286 Y103.182 E.00037
G1 X114.021 Y103.178 F18000
;WIDTH:0.204469
G1 F1327
G1 X113.787 Y103.353 E.00382
;WIDTH:0.166939
G1 X113.626 Y103.487 E.0021
;WIDTH:0.143892
G1 X113.368 Y103.734 E.0029
G1 X113.132 Y104.003 E.00292
;WIDTH:0.191436
G1 X113.067 Y104.085 E.00125
;WIDTH:0.204129
G1 X112.908 Y104.302 E.0035
G1 X112.919 Y104.593 F18000
;WIDTH:0.135441
G1 F1327
G1 X112.949 Y104.421 E.0013
;WIDTH:0.151414
G1 X112.969 Y104.33 E.00081
;WIDTH:0.18299
G1 X112.989 Y104.243 E.001
;WIDTH:0.199785
G1 X113.051 Y103.987 E.00333
G1 X112.429 Y105.174 F18000
;WIDTH:0.103716
G1 F1327
G1 X112.461 Y105.35 E.00088
G1 X110.801 Y107.008 F18000
;TYPE:Sparse infill
;WIDTH:0.45
G1 F1327
G1 X112.117 Y105.692 E.06111
G1 X112.131 Y105.769 E.00259
G1 X112.399 Y105.717 E.00898
G2 X114.549 Y107.642 I2.569 J-.706 E.10012
G1 X113.488 Y108.703 E.04926
G1 X113.109 Y108.324 E.01762
G1 X111.036 Y107.531 E.07285
G1 X110.657 Y107.152 E.01762
G1 X109.224 Y108.584 E.06652
G1 X109.604 Y108.964 E.01762
G1 X110.396 Y111.036 E.07285
G1 X110.776 Y111.416 E.01762
G1 X109.343 Y112.848 E.06652
G1 X108.964 Y112.469 E.01762
G1 X106.891 Y111.676 E.07285
G1 X106.512 Y111.297 E.01762
G1 X105.456 Y112.352 E.04901
G3 X107.601 Y114.283 I-.425 J2.629 E.10012
G1 X107.876 Y114.229 E.00923
G1 X107.89 Y114.302 E.00243
G1 X109.199 Y112.992 E.06082
G1 X107.539 Y114.65 F18000
;TYPE:Gap infill
;WIDTH:0.117711
G1 F1327
G1 X107.57 Y114.826 E.00108
G1 X107.056 Y115.489 F18000
;WIDTH:0.103771
G1 F1327
G1 X107.038 Y115.578 E.00045
;WIDTH:0.124411
G1 X107.017 Y115.664 E.00058
;WIDTH:0.152186
G1 X106.994 Y115.756 E.00083
;WIDTH:0.179339
G1 X106.976 Y115.818 E.00071
;WIDTH:0.206528
G3 X106.925 Y115.925 I-.227 J-.043 E.00158
;WIDTH:0.181606
G1 X106.816 Y116.061 E.00195
;WIDTH:0.1423
G1 X106.508 Y116.39 E.00361
G1 X106.3 Y116.576 E.00224
;WIDTH:0.182799
G1 X106.161 Y116.687 E.002
;WIDTH:0.196847
G3 X105.998 Y116.752 I-.171 J-.192 E.00223
;WIDTH:0.165774
G1 X105.992 Y116.754 E.00005
;WIDTH:0.151175
G1 X105.905 Y116.775 E.00078
;WIDTH:0.123442
G1 X105.73 Y116.814 E.00117
G1 X104.86 Y117.536 F18000
;WIDTH:0.275944
G1 F1327
G1 X104.106 Y117.105 E.01632
G1 X104.117 Y117.089 F18000
;WIDTH:0.128846
G1 F1327
G1 X104.196 Y117.142 E.00066
;WIDTH:0.144809
G1 X104.275 Y117.195 E.00078
;WIDTH:0.161925
G1 X104.841 Y117.555 E.00644
G1 X102.446 Y115.158 F18000
;WIDTH:0.162467
G1 F1327
G1 X102.907 Y115.886 E.00831
G1 X102.893 Y115.895 F18000
;WIDTH:0.286943
G1 F1327
G1 X102.466 Y115.138 E.01711
G1 X102.695 Y114.909 F18000
;WIDTH:0.34432
G1 F1327
G1 X102.497 Y115.5 E.01515
G1 X102.481 Y115.484 F18000
;WIDTH:0.119174
G1 F1327
G1 X102.713 Y114.891 E.00392
G1 X103.458 Y113.58 F18000
;WIDTH:0.32926
G1 F1327
G1 X102.941 Y114.393 E.02225
G1 X102.926 Y114.386 F18000
;WIDTH:0.249967
G1 F1327
G3 X103.278 Y113.885 I13.259 J8.932 E.01022
;WIDTH:0.199425
G1 X103.37 Y113.765 E.00191
;WIDTH:0.144171
G1 X103.607 Y113.495 E.00294
G1 X103.868 Y113.245 E.00294
;WIDTH:0.166939
G1 X104.029 Y113.111 E.0021
;WIDTH:0.204468
G1 X104.263 Y112.936 E.00382
; stop printing object Block.stl id:105326592607568 copy 0
;LAYER_CHANGE
;Z:13.64
;HEIGHT:0.200001
G92 E0 ; zero the extruded length again
; BEFORE_LAYER_CHANGE 67 @ 13.64mm
G1 E-2.20705 F6000
;WIPE_START
G1 X104.029 Y113.111 E-.29295
;WIPE_END
; AFTER_LAYER_CHANGE 67 @ 13.64mm
;_SET_FAN_SPEED_CHANGING_LAYER
; printing object Block.stl id:105326592607568 copy 0
G1 X101.458 Y115.303 Z13.64 F18000
G1 E2.5 F6000
M204 P1000
;TYPE:Outer wall
;WIDTH:0.42
G1 F1340
G1 X115.303 Y101.458 E.5955
G1 X116.297 Y102.452 E.04273
G1 X118.542 Y104.697 E.09656
G1 X104.697 Y118.542 E.5955
G1 X101.501 Y115.346 E.13747
G1 E-1.75 F6000
;WIPE_START
G1 F3600
G1 X102.206 Y114.636 E-.75
;WIPE_END
G1 X105.642 Y117.043 F18000
G1 E2.5 F6000
M204 P1500
;TYPE:Inner wall
;WIDTH:0.45
G1 F1340
G1 X104.697 Y117.987 E.04387
G1 X102.013 Y115.303 E.12463
G1 X102.961 Y114.355 E.04406
G1 X102.92 Y114.78 E.01403
G2 X105.217 Y117.08 I2.205 J.094 E.11995
G1 X105.582 Y117.048 E.01202
G1 E-1.75 F6000
;WIPE_START
G1 X104.896 Y117.776 E-.75
;WIPE_END
G1 X106.906 Y114.602 F18000
G1 E2.5 F6000
M204 P1000
;TYPE:Outer wall
;WIDTH:0.42
G1 F1340
G1 X106.929 Y114.959 E.01089
G3 X104.729 Y113.112 I-1.808 J-.081 E.24483
G1 X104.886 Y113.084 E.00485
G3 X106.9 Y114.543 I.235 J1.794 E.08337
G1 E-1.75 F6000
;WIPE_START
G1 F3600
G1 X106.929 Y114.959 E-.31331
G1 X106.889 Y115.268 E-.23356
G1 X106.802 Y115.525 E-.20313
;WIPE_END
G1 X114.361 Y102.955 F18000
G1 E2.5 F6000
M204 P1500
;TYPE:Inner wall
;WIDTH:0.45
G1 F1340
G1 X115.303 Y102.013 E.04375
G1 X116.02 Y102.729 E.03326
G1 X117.987 Y104.697 E.09137
G1 X117.039 Y105.645 E.04406
G2 X116.733 Y103.932 I-2.434 J-.45 E.05838
G2 X114.809 Y102.92 I-1.86 J1.2 E.07464
G1 X114.421 Y102.95 E.01277
G1 E-1.75 F6000
;WIPE_START
G1 X115.106 Y102.222 E-.75
;WIPE_END
G1 X114.81 Y106.929 F18000
G1 E2.5 F6000
M204 P1000
;TYPE:Outer wall
;WIDTH:0.42
G1 F1340
G1 X114.799 Y106.928 E.00034
G3 X114.487 Y103.354 I.081 J-1.808 E.15841
G1 X114.644 Y103.326 E.00485
G3 X115.17 Y106.906 I.235 J1.794 E.1712
G1 X114.87 Y106.925 E.00916
G1 X114.79 Y107.312 F18000
M204 P1500
;TYPE:Inner wall
;WIDTH:0.45
G1 F1340
G1 X114.967 Y107.322 E.00582
G1 X115.39 Y107.294 E.01391
G1 X107.281 Y115.404 E.37656
G2 X106.884 Y113.559 I-2.338 J-.462 E.06369
G2 X105.051 Y112.678 I-1.8 J1.397 E.06922
G1 X104.603 Y112.713 E.01474
G1 X112.719 Y104.596 E.37687
G1 X112.678 Y105.022 E.01403
G2 X114.566 Y107.3 I2.206 J.093 E.10646
G1 X114.73 Y107.309 E.0054
G1 E-1.75 F6000
;WIPE_START
G1 X114.967 Y107.322 E-.178
G1 X115.39 Y107.294 E-.31772
G1 X115.15 Y107.534 E-.25429
;WIPE_END
G1 X115.442 Y107.07 F18000
G1 E2.5 F6000
M204 P2000
;TYPE:Gap infill
;WIDTH:0.123398
G1 F1340
G1 X115.577 Y107.045 E.00089
;WIDTH:0.13828
G1 X115.667 Y107.024 E.00071
;WIDTH:0.167761
G1 X115.754 Y107.004 E.00089
;WIDTH:0.183362
G1 X116.028 Y106.934 E.00321
G1 X115.719 Y107.076 F18000
;WIDTH:0.202419
G1 F1340
G1 X115.919 Y106.929 E.00319
;WIDTH:0.182308
G1 X116.061 Y106.816 E.00205
;WIDTH:0.142292
G1 X116.39 Y106.508 E.00361
G1 X116.576 Y106.3 E.00224
;WIDTH:0.190276
G2 X116.729 Y106.064 I-.301 J-.362 E.00339
;WIDTH:0.172932
G1 X116.749 Y105.996 E.00074
;WIDTH:0.145385
G1 X116.772 Y105.905 E.00077
;WIDTH:0.118494
G1 X116.793 Y105.819 E.00054
;WIDTH:0.101003
G1 X116.807 Y105.753 E.00031
G1 X117.287 Y105.109 F18000
;WIDTH:0.126416
G1 F1340
G1 X117.518 Y104.515 E.00429
G1 X117.504 Y104.501 F18000
;WIDTH:0.334489
G1 F1340
G1 X117.303 Y105.094 E.01472
G1 X117.558 Y104.839 F18000
;WIDTH:0.15847
G1 F1340
G1 X117.091 Y104.115 E.00802
G1 X117.098 Y104.111 F18000
;WIDTH:0.219506
G1 F1340
G1 X117.543 Y104.853 E.01233
G1 X117.531 Y104.865 F18000
;WIDTH:0.334008
G1 F1340
G1 X117.122 Y104.119 E.01998
G1 X115.852 Y102.849 F18000
;WIDTH:0.396059
G1 F1340
G2 X115.127 Y102.477 I-8.949 J16.549 E.02321
G1 X115.141 Y102.463 F18000
;WIDTH:0.265815
G1 F1340
G1 X115.893 Y102.897 E.0156
G1 X115.886 Y102.908 F18000
;WIDTH:0.160792
G1 F1340
G1 X115.159 Y102.445 E.00819
G1 X113.718 Y103.321 F18000
;WIDTH:0.164956
G1 F1340
G3 X114.097 Y103.221 I3.242 J11.49 E.00386
;WIDTH:0.118355
G1 X114.279 Y103.181 E.00113
G1 X114.022 Y103.178 F18000
;WIDTH:0.211105
G1 F1340
G1 X113.833 Y103.317 E.00318
;WIDTH:0.180865
G1 X113.692 Y103.43 E.00202
;WIDTH:0.144031
G1 X113.366 Y103.736 E.00365
G1 X113.148 Y103.983 E.00268
;WIDTH:0.192592
G1 X113.049 Y104.11 E.00194
;WIDTH:0.199958
G1 X113.029 Y104.178 E.0009
;WIDTH:0.171966
G1 X113.007 Y104.251 E.00079
;WIDTH:0.144625
G1 X112.986 Y104.337 E.00073
;WIDTH:0.119996
G1 X112.951 Y104.489 E.00097
G1 X112.43 Y105.174 F18000
;WIDTH:0.103432
G1 F1340
G1 X112.462 Y105.351 E.00088
G1 X110.624 Y107.185 F18000
;TYPE:Sparse infill
;WIDTH:0.45
G1 F1340
G1 X112.117 Y105.692 E.06931
G1 X112.131 Y105.77 E.00261
G1 X112.406 Y105.717 E.00921
G2 X114.549 Y107.642 I2.45 J-.571 E.10072
G1 X113.665 Y108.526 E.04105
G1 X113.109 Y107.97 E.02583
G1 X111.036 Y107.885 E.06811
G1 X110.48 Y107.329 E.02583
G1 X109.401 Y108.407 E.0501
G1 X109.957 Y108.964 E.02583
G1 X110.043 Y111.036 E.06811
G1 X110.599 Y111.593 E.02583
G1 X109.52 Y112.672 E.0501
G1 X108.964 Y112.115 E.02583
G1 X106.891 Y112.03 E.06811
G1 X106.335 Y111.474 E.02583
G1 X105.453 Y112.355 E.04095
G3 X107.599 Y114.282 I-.324 J2.519 E.10071
G1 X107.876 Y114.229 E.00927
G1 X107.89 Y114.302 E.00245
G1 X109.376 Y112.815 E.06902
G1 X107.538 Y114.649 F18000
;TYPE:Gap infill
;WIDTH:0.117868
G1 F1340
G1 X107.57 Y114.826 E.00109
G1 X107.049 Y115.511 F18000
;WIDTH:0.101004
G1 F1340
G1 X107.035 Y115.577 E.00031
;WIDTH:0.118497
G1 X107.014 Y115.663 E.00054
;WIDTH:0.145389
G1 X106.991 Y115.754 E.00077
;WIDTH:0.172936
G1 X106.971 Y115.822 E.00074
;WIDTH:0.190277
G3 X106.818 Y116.058 I-.454 J-.126 E.00339
;WIDTH:0.143252
G1 X106.508 Y116.39 E.00368
G1 X106.28 Y116.593 E.00247
;WIDTH:0.191282
G1 X106.122 Y116.716 E.0024
;WIDTH:0.204597
G1 X106.06 Y116.734 E.00084
;WIDTH:0.178292
G1 X105.992 Y116.754 E.00077
;WIDTH:0.151573
G1 X105.908 Y116.775 E.00076
;WIDTH:0.12438
G1 X105.733 Y116.814 E.00117
G1 X104.841 Y117.555 F18000
;WIDTH:0.16193
G1 F1340
G1 X104.275 Y117.195 E.00644
;WIDTH:0.144815
G1 X104.196 Y117.142 E.00078
;WIDTH:0.12885
G1 X104.117 Y117.089 E.00066
G1 X104.108 Y117.101 F18000
;WIDTH:0.26475
G1 F1340
G1 X104.857 Y117.539 E.01552
G1 X104.866 Y117.53 F18000
;WIDTH:0.338754
G1 F1340
G1 X104.124 Y117.127 E.02015
G1 X102.878 Y115.881 F18000
;WIDTH:0.326716
G1 F1340
G1 X102.469 Y115.135 E.01948
G1 X102.455 Y115.149 F18000
;WIDTH:0.210576
G1 F1340
G1 X102.903 Y115.888 E.01168
G1 X102.91 Y115.882 F18000
;WIDTH:0.118272
G1 F1340
G3 X102.437 Y115.167 I21.396 J-14.692 E.00521
G1 X102.697 Y114.906 F18000
;WIDTH:0.334489
G1 F1340
G1 X102.496 Y115.499 E.01472
G1 X102.482 Y115.485 F18000
;WIDTH:0.12326
G1 F1340
G1 X102.713 Y114.891 E.00413
G1 X103.193 Y114.247 F18000
;WIDTH:0.12
G1 F1340
G1 X103.228 Y114.095 E.00097
;WIDTH:0.144633
G1 X103.249 Y114.009 E.00073
;WIDTH:0.171973
G1 X103.271 Y113.936 E.00079
;WIDTH:0.199962
G1 X103.291 Y113.868 E.0009
;WIDTH:0.192594
G1 X103.39 Y113.741 E.00195
;WIDTH:0.142622
G1 X103.61 Y113.492 E.00267
G1 X103.867 Y113.245 E.00287
;WIDTH:0.166311
G1 X104.024 Y113.115 E.00202
;WIDTH:0.19902
G3 X104.149 Y113.029 I.532 J.637 E.00192
G1 X104.244 Y113.003 E.00124
;WIDTH:0.156297
G1 X104.339 Y112.979 E.00089
;WIDTH:0.118357
G1 X104.521 Y112.939 E.00113
; stop printing object Block.stl id:105326592607568 copy 0
;LAYER_CHANGE
;Z:13.84
;HEIGHT:0.2
G92 E0 ; zero the extruded length again
; BEFORE_LAYER_CHANGE 68 @ 13.84mm
G1 E-2.31379 F6000
;WIPE_START
G1 X104.339 Y112.979 E-.18621
;WIPE_END
; AFTER_LAYER_CHANGE 68 @ 13.84mm
;_SET_FAN_SPEED_CHANGING_LAYER
; printing object Block.stl id:105326592607568 copy 0
G1 X101.458 Y115.303 Z13.84 F18000
G1 E2.5 F6000
M204 P1000
;TYPE:Outer wall
;WIDTH:0.42
G1 F1378
G1 X115.303 Y101.458 E.5955
G1 X116.261 Y102.416 E.04121
G1 X118.542 Y104.697 E.09808
G1 X104.697 Y118.542 E.5955
G1 X101.501 Y115.346 E.13747
G1 E-1.75 F6000
;WIPE_START
G1 F3600
G1 X102.206 Y114.636 E-.75
;WIPE_END
G1 X105.642 Y117.043 F18000
G1 E2.5 F6000
M204 P1500
;TYPE:Inner wall
;WIDTH:0.45
G1 F1378
G1 X104.697 Y117.987 E.04387
G1 X102.013 Y115.303 E.12463
G1 X102.961 Y114.355 E.04405
G1 X102.92 Y114.78 E.01403
G2 X105.217 Y117.08 I2.205 J.094 E.11994
G1 X105.582 Y117.048 E.01202
G1 E-1.75 F6000
;WIPE_START
G1 X104.896 Y117.776 E-.75
;WIPE_END
G1 X106.907 Y114.611 F18000
G1 E2.5 F6000
M204 P1000
;TYPE:Outer wall
;WIDTH:0.42
G1 F1378
G1 X106.916 Y114.646 E.00111
G3 X104.729 Y113.112 I-1.795 J.232 E.25438
G1 X104.886 Y113.084 E.00484
G3 X106.823 Y114.261 I.235 J1.794 E.07448
G1 X106.893 Y114.552 E.00912
G1 E-1.75 F6000
;WIPE_START
G1 F3600
G1 X106.916 Y114.646 E-.07229
G1 X106.93 Y114.959 E-.23515
G1 X106.869 Y115.351 E-.29712
G1 X106.802 Y115.533 E-.14544
;WIPE_END
G1 X114.361 Y102.955 F18000
G1 E2.5 F6000
M204 P1500
;TYPE:Inner wall
;WIDTH:0.45
G1 F1378
G1 X115.303 Y102.013 E.04375
G1 X115.984 Y102.694 E.03162
G1 X117.987 Y104.697 E.09301
G1 X117.039 Y105.645 E.04405
G2 X116.641 Y103.8 I-2.335 J-.463 E.06372
G2 X114.808 Y102.92 I-1.799 J1.398 E.06922
G1 X114.421 Y102.95 E.01275
G1 E-1.75 F6000
;WIPE_START
G1 X115.106 Y102.222 E-.75
;WIPE_END
G1 X114.812 Y106.93 F18000
G1 E2.5 F6000
M204 P1000
;TYPE:Outer wall
;WIDTH:0.42
G1 F1378
G1 X114.799 Y106.928 E.00041
G3 X114.487 Y103.354 I.081 J-1.808 E.15841
G1 X114.644 Y103.326 E.00484
G3 X114.958 Y106.928 I.235 J1.794 E.1777
G1 X114.872 Y106.929 E.0026
G1 X114.812 Y107.322 F18000
M204 P1500
;TYPE:Inner wall
;WIDTH:0.45
G1 F1378
G1 X114.975 Y107.322 E.00534
G1 X115.4 Y107.284 E.01399
G1 X107.281 Y115.403 E.37699
G2 X107.029 Y113.778 I-2.356 J-.467 E.05513
G2 X105.05 Y112.678 I-1.935 J1.151 E.07788
G1 X104.603 Y112.713 E.01472
G1 X112.719 Y104.597 E.37687
G1 X112.678 Y105.022 E.01403
G2 X114.752 Y107.32 I2.205 J.094 E.11263
G1 E-1.75 F6000
;WIPE_START
G1 X114.975 Y107.322 E-.16702
G1 X115.4 Y107.284 E-.31958
G1 X115.151 Y107.533 E-.2634
;WIPE_END
G1 X115.489 Y107.056 F18000
G1 E2.5 F6000
M204 P2000
;TYPE:Gap infill
;WIDTH:0.123863
G1 F1378
G1 X115.664 Y107.017 E.00117
;WIDTH:0.151354
G1 X115.75 Y106.996 E.00077
;WIDTH:0.165769
G1 X115.756 Y106.994 E.00005
;WIDTH:0.196845
G2 X115.919 Y106.929 I-.008 J-.257 E.00223
;WIDTH:0.182193
G1 X116.062 Y106.815 E.00206
;WIDTH:0.145034
G1 X116.325 Y106.574 E.00294
G1 X116.623 Y106.242 E.00367
;WIDTH:0.196624
G2 X116.729 Y106.064 I-.274 J-.283 E.0026
;WIDTH:0.173107
G1 X116.749 Y105.996 E.00074
;WIDTH:0.14557
G1 X116.772 Y105.905 E.00078
;WIDTH:0.118654
G1 X116.793 Y105.819 E.00054
;WIDTH:0.101078
G1 X116.807 Y105.753 E.00032
G1 X117.287 Y105.109 F18000
;WIDTH:0.126414
G1 F1378
G1 X117.518 Y104.515 E.00429
G1 X117.504 Y104.501 F18000
;WIDTH:0.334506
G1 F1378
G1 X117.303 Y105.094 E.01472
G1 X117.563 Y104.833 F18000
;WIDTH:0.121773
G1 F1378
G2 X117.09 Y104.118 I-22.147 J14.167 E.00546
G1 X117.097 Y104.112 F18000
;WIDTH:0.214209
G1 F1378
G1 X117.545 Y104.851 E.01193
G1 X117.531 Y104.865 F18000
;WIDTH:0.334009
G1 F1378
G1 X117.122 Y104.119 E.01998
G1 X115.852 Y102.849 F18000
;WIDTH:0.396076
G1 F1378
G2 X115.127 Y102.477 I-8.927 J16.506 E.02321
G1 X115.141 Y102.463 F18000
;WIDTH:0.265826
G1 F1378
G1 X115.893 Y102.897 E.01561
G1 X115.883 Y102.911 F18000
;WIDTH:0.151566
G1 F1378
G2 X115.159 Y102.445 I-11.03 J16.336 E.00755
G1 X113.717 Y103.321 F18000
;WIDTH:0.164809
G1 F1378
G3 X114.097 Y103.221 I3.254 J11.527 E.00386
;WIDTH:0.118287
G1 X114.278 Y103.181 E.00113
G1 X114.022 Y103.178 F18000
;WIDTH:0.211067
G1 F1378
G1 X113.833 Y103.317 E.00318
;WIDTH:0.18087
G1 X113.692 Y103.43 E.00202
;WIDTH:0.145412
G1 X113.368 Y103.734 E.00367
G1 X113.127 Y104.009 E.00302
;WIDTH:0.198553
G2 X113.032 Y104.163 I.207 J.234 E.00231
;WIDTH:0.176039
G1 X113.01 Y104.246 E.00092
;WIDTH:0.146249
G1 X112.986 Y104.333 E.00075
;WIDTH:0.131185
G1 X112.951 Y104.489 E.00114
G1 X112.429 Y105.174 F18000
;WIDTH:0.103452
G1 F1378
G1 X112.462 Y105.352 E.00088
G1 X113.135 Y109.056 F18000
;TYPE:Sparse infill
;WIDTH:0.45
G1 F1378
G1 X107.89 Y114.302 E.24356
G1 X107.876 Y114.228 E.00247
G1 X107.594 Y114.283 E.00945
G2 X106.261 Y112.599 I-2.476 J.59 E.07278
G1 X106.891 Y111.969 E.02926
G1 X108.964 Y112.176 E.06839
G1 X110.104 Y111.036 E.05293
G1 X109.896 Y108.964 E.06839
G1 X111.036 Y107.824 E.05293
G1 X113.109 Y108.031 E.06839
G1 X113.739 Y107.401 E.02926
G3 X112.406 Y105.717 I1.129 J-2.263 E.07281
G1 X112.131 Y105.771 E.00921
G1 X112.117 Y105.692 E.00263
G1 X106.87 Y110.939 E.24364
G1 X104.52 Y112.94 F18000
;TYPE:Gap infill
;WIDTH:0.118288
G1 F1378
G1 X104.339 Y112.979 E.00113
;WIDTH:0.156147
G1 X104.244 Y113.003 E.00089
;WIDTH:0.198897
G1 X104.149 Y113.029 E.00124
G2 X104.023 Y113.116 I.406 J.724 E.00193
;WIDTH:0.166214
G1 X103.867 Y113.246 E.00201
;WIDTH:0.140285
G1 X103.61 Y113.492 E.0028
G1 X103.424 Y113.699 E.00219
;WIDTH:0.179718
G1 X103.328 Y113.819 E.0017
;WIDTH:0.196428
G1 X103.192 Y114.003 E.00282
G1 X103.193 Y114.247 F18000
;WIDTH:0.120364
G1 F1378
G1 X103.228 Y114.094 E.00098
;WIDTH:0.145307
G1 X103.25 Y114.007 E.00074
;WIDTH:0.159525
G1 X103.333 Y113.706 E.00293
G1 X102.713 Y114.891 F18000
;WIDTH:0.123262
G1 F1378
G1 X102.482 Y115.485 E.00413
G1 X102.496 Y115.499 F18000
;WIDTH:0.334494
G1 F1378
G1 X102.697 Y114.906 E.01472
G1 X102.437 Y115.167 F18000
;WIDTH:0.118266
G1 F1378
G2 X102.91 Y115.882 I22.146 J-14.166 E.00521
G1 X102.903 Y115.888 F18000
;WIDTH:0.210568
G1 F1378
G1 X102.455 Y115.149 E.01168
G1 X102.469 Y115.135 F18000
;WIDTH:0.326705
G1 F1378
G1 X102.878 Y115.881 E.01948
G1 X104.114 Y117.117 F18000
;WIDTH:0.318213
G1 F1378
G1 X104.865 Y117.532 E.01903
G1 X104.853 Y117.543 F18000
;WIDTH:0.218443
G1 F1378
G1 X104.111 Y117.098 E.01225
G1 X104.117 Y117.089 F18000
;WIDTH:0.126883
G1 F1378
G1 X104.192 Y117.139 E.00061
;WIDTH:0.141865
G1 X104.267 Y117.189 E.00072
;WIDTH:0.157658
G1 X104.838 Y117.558 E.00629
G1 X105.092 Y117.304 F18000
;WIDTH:0.325974
G1 F1378
G1 X104.5 Y117.503 E.01426
G1 X104.515 Y117.518 F18000
;WIDTH:0.123264
G1 F1378
G1 X105.109 Y117.287 E.00413
G1 X105.733 Y116.814 F18000
;WIDTH:0.124393
G1 F1378
G1 X105.908 Y116.775 E.00117
;WIDTH:0.15158
G1 X105.992 Y116.754 E.00076
;WIDTH:0.165774
G1 X105.998 Y116.752 E.00005
;WIDTH:0.196848
G2 X106.161 Y116.687 I-.008 J-.257 E.00223
;WIDTH:0.182199
G1 X106.304 Y116.573 E.00206
;WIDTH:0.144029
G1 X106.632 Y116.266 E.00366
G1 X106.85 Y116.019 E.00269
;WIDTH:0.194616
G2 X106.971 Y115.822 I-.304 J-.323 E.00287
;WIDTH:0.173108
G1 X106.991 Y115.754 E.00074
;WIDTH:0.145572
G1 X107.014 Y115.663 E.00078
;WIDTH:0.118656
G1 X107.035 Y115.577 E.00054
;WIDTH:0.10108
G1 X107.049 Y115.511 E.00032
G1 X107.571 Y114.826 F18000
;WIDTH:0.118023
G1 F1378
G1 X107.538 Y114.648 E.00109
; stop printing object Block.stl id:105326592607568 copy 0
;LAYER_CHANGE
;Z:14.04
;HEIGHT:0.2
G92 E0 ; zero the extruded length again
; BEFORE_LAYER_CHANGE 69 @ 14.04mm
G1 E-2.31962 F6000
;WIPE_START
G1 X107.571 Y114.826 E-.18038
;WIPE_END
; AFTER_LAYER_CHANGE 69 @ 14.04mm
;_SET_FAN_SPEED_CHANGING_LAYER
; printing object Block.stl id:105326592607568 copy 0
G1 X101.458 Y115.303 Z14.04 F18000
G1 E2.5 F6000
M204 P1000
;TYPE:Outer wall
;WIDTH:0.42
G1 F1347
G1 X115.303 Y101.458 E.5955
G1 X116.226 Y102.381 E.03969
G1 X118.542 Y104.697 E.0996
G1 X104.697 Y118.542 E.5955
G1 X101.501 Y115.346 E.13747
G1 E-1.75 F6000
;WIPE_START
G1 F3600
G1 X102.206 Y114.636 E-.75
;WIPE_END
G1 X105.642 Y117.043 F18000
G1 E2.5 F6000
M204 P1500
;TYPE:Inner wall
;WIDTH:0.45
G1 F1347
G1 X104.697 Y117.987 E.04387
G1 X102.013 Y115.303 E.12463
G1 X102.959 Y114.357 E.04392
G1 X102.922 Y114.759 E.01324
G2 X105.217 Y117.08 I2.203 J.116 E.12063
G1 X105.582 Y117.048 E.01202
G1 E-1.75 F6000
;WIPE_START
G1 X104.896 Y117.776 E-.75
;WIPE_END
G1 X106.908 Y114.612 F18000
G1 E2.5 F6000
M204 P1000
;TYPE:Outer wall
;WIDTH:0.42
G1 F1347
G1 X106.916 Y114.643 E.00096
G3 X104.729 Y113.112 I-1.794 J.235 E.25448
G1 X104.886 Y113.084 E.00484
G3 X106.822 Y114.26 I.235 J1.794 E.07444
G1 X106.894 Y114.554 E.00921
G1 E-1.75 F6000
;WIPE_START
G1 F3600
G1 X106.916 Y114.643 E-.06859
G1 X106.93 Y114.959 E-.23765
G1 X106.889 Y115.268 E-.23358
G1 X106.799 Y115.534 E-.21019
;WIPE_END
G1 X117.039 Y105.645 F18000
G1 E2.5 F6000
M204 P1500
;TYPE:Inner wall
;WIDTH:0.45
G1 F1347
G2 X116.622 Y103.774 I-2.354 J-.457 E.06475
G2 X114.807 Y102.92 I-1.78 J1.427 E.06818
G1 X114.361 Y102.955 E.01469
G1 X115.303 Y102.013 E.04375
G1 X117.987 Y104.697 E.12463
G1 X117.081 Y105.603 E.04208
G1 E-1.75 F6000
;WIPE_START
G1 X117.08 Y105.22 E-.28709
G1 X117.08 Y105.033 E-.14062
G1 X117.052 Y104.762 E-.20368
G1 X117.019 Y104.608 E-.11861
;WIPE_END
G1 X114.814 Y106.929 F18000
G1 E2.5 F6000
M204 P1000
;TYPE:Outer wall
;WIDTH:0.42
G1 F1347
G1 X114.8 Y106.928 E.00041
G3 X114.487 Y103.354 I.079 J-1.808 E.15846
G1 X114.644 Y103.326 E.00484
G3 X115.172 Y106.906 I.235 J1.794 E.17116
G1 X114.873 Y106.925 E.00909
G1 X114.814 Y107.322 F18000
M204 P1500
;TYPE:Inner wall
;WIDTH:0.45
G1 F1347
G1 X114.967 Y107.322 E.00505
G1 X115.39 Y107.294 E.01391
G1 X107.281 Y115.403 E.37655
G2 X107.029 Y113.778 I-2.364 J-.466 E.05512
G2 X105.049 Y112.678 I-1.936 J1.153 E.0779
G1 X104.603 Y112.713 E.01469
G1 X112.717 Y104.599 E.37675
G1 X112.68 Y105.001 E.01324
G2 X114.754 Y107.319 I2.203 J.117 E.11336
G1 E-1.75 F6000
;WIPE_START
G1 X114.967 Y107.322 E-.16028
G1 X115.39 Y107.294 E-.31773
G1 X115.134 Y107.55 E-.272
;WIPE_END
G1 X115.442 Y107.07 F18000
G1 E2.5 F6000
M204 P2000
;TYPE:Gap infill
;WIDTH:0.123383
G1 F1347
G1 X115.577 Y107.045 E.00089
;WIDTH:0.138262
G1 X115.667 Y107.024 E.00071
;WIDTH:0.167736
G1 X115.754 Y107.004 E.00089
;WIDTH:0.183334
G1 X116.028 Y106.934 E.0032
G1 X115.719 Y107.076 F18000
;WIDTH:0.202415
G1 F1347
G1 X115.919 Y106.929 E.00319
;WIDTH:0.182797
G1 X116.058 Y106.818 E.002
;WIDTH:0.145385
G1 X116.39 Y106.508 E.00376
G1 X116.627 Y106.238 E.00297
;WIDTH:0.198353
G2 X116.722 Y106.09 I-.48 J-.414 E.00221
;WIDTH:0.176627
G1 X116.751 Y105.989 E.00114
;WIDTH:0.144302
G1 X116.773 Y105.902 E.00073
;WIDTH:0.118399
G1 X116.794 Y105.819 E.00052
;WIDTH:0.101154
G1 X116.807 Y105.752 E.00032
G1 X117.555 Y104.841 F18000
;WIDTH:0.161918
G1 F1347
G1 X117.195 Y104.275 E.00644
;WIDTH:0.144806
G1 X117.142 Y104.196 E.00078
;WIDTH:0.128844
G1 X117.089 Y104.117 E.00066
G1 X117.104 Y104.107 F18000
;WIDTH:0.273634
G1 F1347
G1 X117.537 Y104.86 E.01616
G1 X117.307 Y105.089 F18000
;WIDTH:0.4125
G1 F1347
G1 X117.436 Y104.697 E.01232
G1 X117.139 Y104.136 E.01891
G1 X115.852 Y102.849 F18000
;WIDTH:0.39606
G1 F1347
G2 X115.127 Y102.477 I-8.951 J16.553 E.02321
G1 X115.141 Y102.463 F18000
;WIDTH:0.265804
G1 F1347
G1 X115.893 Y102.897 E.0156
G1 X115.885 Y102.908 F18000
;WIDTH:0.160767
G1 F1347
G1 X115.159 Y102.445 E.00819
G1 X113.717 Y103.321 F18000
;WIDTH:0.16465
G1 F1347
G3 X114.097 Y103.221 I3.283 J11.637 E.00386
;WIDTH:0.118219
G1 X114.278 Y103.182 E.00113
G1 X114.022 Y103.178 F18000
;WIDTH:0.211024
G1 F1347
G1 X113.833 Y103.317 E.00317
;WIDTH:0.181607
G1 X113.697 Y103.426 E.00195
;WIDTH:0.142263
G1 X113.368 Y103.734 E.00361
G1 X113.182 Y103.941 E.00223
;WIDTH:0.179816
G1 X113.085 Y104.062 E.00171
;WIDTH:0.196615
G1 X112.945 Y104.251 E.00292
G1 X112.946 Y104.504 F18000
;WIDTH:0.122693
G1 F1347
G1 X112.984 Y104.335 E.00111
;WIDTH:0.14947
G1 X113.006 Y104.248 E.00077
;WIDTH:0.163956
G1 X113.086 Y103.952 E.00299
G1 X111.741 Y106.067 F18000
;TYPE:Sparse infill
;WIDTH:0.45
G1 F1347
G1 X105.453 Y112.355 E.29199
G3 X106.484 Y112.73 I-.392 J2.687 E.03626
G1 X106.891 Y112.322 E.01891
G1 X108.964 Y111.823 E.07
G1 X109.75 Y111.036 E.03651
G1 X110.25 Y108.964 E.07
G1 X111.036 Y108.177 E.03651
G1 X113.109 Y107.678 E.07
G1 X113.516 Y107.271 E.01889
G2 X114.542 Y107.649 I1.859 J-3.46 E.03604
G1 X108.252 Y113.94 E.2921
G1 X107.049 Y115.51 F18000
;TYPE:Gap infill
;WIDTH:0.101153
G1 F1347
G1 X107.035 Y115.577 E.00032
;WIDTH:0.118812
G1 X107.014 Y115.663 E.00054
;WIDTH:0.145748
G1 X106.991 Y115.754 E.00078
;WIDTH:0.173273
G1 X106.971 Y115.822 E.00074
;WIDTH:0.202814
G3 X106.925 Y115.925 I-.202 J-.029 E.00147
;WIDTH:0.181605
G1 X106.816 Y116.061 E.00195
;WIDTH:0.1423
G1 X106.508 Y116.39 E.00361
G1 X106.3 Y116.576 E.00224
;WIDTH:0.182799
G1 X106.161 Y116.687 E.002
;WIDTH:0.196846
G3 X105.998 Y116.752 I-.171 J-.192 E.00223
;WIDTH:0.165769
G1 X105.992 Y116.754 E.00005
;WIDTH:0.151778
G1 X105.909 Y116.774 E.00075
;WIDTH:0.124888
G1 X105.735 Y116.814 E.00118
G1 X105.108 Y117.288 F18000
;WIDTH:0.126497
G1 F1347
G1 X104.514 Y117.517 E.00429
G1 X104.841 Y117.555 F18000
;WIDTH:0.16308
G1 F1347
G1 X104.115 Y117.092 E.00835
G1 X104.108 Y117.101 F18000
;WIDTH:0.264726
G1 F1347
G1 X104.857 Y117.539 E.01551
G1 X104.866 Y117.53 F18000
;WIDTH:0.338874
G1 F1347
G1 X104.124 Y117.127 E.02016
G1 X102.861 Y115.864 F18000
;WIDTH:0.4125
G1 F1347
G1 X102.564 Y115.303 E.01891
G1 X102.693 Y114.911 E.01232
G1 X102.463 Y115.14 F18000
;WIDTH:0.267734
G1 F1347
G1 X102.896 Y115.893 E.01574
G1 X102.908 Y115.885 F18000
;WIDTH:0.160788
G1 F1347
G1 X102.445 Y115.159 E.00819
G1 X103.188 Y114.262 F18000
;WIDTH:0.12568
G1 F1347
G1 X103.23 Y114.082 E.00123
;WIDTH:0.155564
G1 X103.254 Y113.985 E.0009
;WIDTH:0.194991
G3 X103.31 Y113.842 I.51 J.118 E.00189
G1 X103.374 Y113.761 E.00127
;WIDTH:0.147724
G1 X103.61 Y113.492 E.00303
G1 X104.001 Y113.134 E.00448
;WIDTH:0.205253
G1 X104.264 Y112.936 E.00431
G1 X104.52 Y112.94 F18000
;WIDTH:0.118219
G1 F1347
G1 X104.339 Y112.979 E.00113
;WIDTH:0.16465
G2 X103.959 Y113.08 I2.903 J11.739 E.00386
; stop printing object Block.stl id:105326592607568 copy 0
;LAYER_CHANGE
;Z:14.24
;HEIGHT:0.2
G92 E0 ; zero the extruded length again
; BEFORE_LAYER_CHANGE 70 @ 14.24mm
G1 E-2.10734 F6000
;WIPE_START
G1 X104.339 Y112.979 E-.39266
;WIPE_END
; AFTER_LAYER_CHANGE 70 @ 14.24mm
;_SET_FAN_SPEED_CHANGING_LAYER
; printing object Block.stl id:105326592607568 copy 0
G1 X101.458 Y115.303 Z14.24 F18000
G1 E2.5 F6000
M204 P1000
;TYPE:Outer wall
;WIDTH:0.42
G1 F1359
G1 X115.303 Y101.458 E.5955
G1 X116.191 Y102.346 E.03817
G1 X118.542 Y104.697 E.10113
G1 X104.697 Y118.542 E.5955
G1 X101.501 Y115.346 E.13747
G1 E-1.75 F6000
;WIPE_START
G1 F3600
G1 X102.206 Y114.636 E-.75
;WIPE_END
G1 X105.642 Y117.043 F18000
G1 E2.5 F6000
M204 P1500
;TYPE:Inner wall
;WIDTH:0.45
G1 F1359
G1 X104.697 Y117.987 E.04387
G1 X102.013 Y115.303 E.12463
G1 X102.961 Y114.355 E.04404
G1 X102.92 Y114.78 E.01402
G2 X105.217 Y117.08 I2.205 J.094 E.11994
G1 X105.582 Y117.048 E.01202
G1 E-1.75 F6000
;WIPE_START
G1 X104.896 Y117.776 E-.75
;WIPE_END
G1 X106.906 Y114.61 F18000
G1 E2.5 F6000
M204 P1000
;TYPE:Outer wall
;WIDTH:0.42
G1 F1359
G1 X106.928 Y114.959 E.01063
G3 X104.732 Y113.111 I-1.805 J-.084 E.24445
G1 X104.886 Y113.084 E.00474
G3 X106.9 Y114.551 I.237 J1.791 E.08361
G1 E-1.75 F6000
;WIPE_START
G1 F3600
G1 X106.928 Y114.959 E-.30709
G1 X106.889 Y115.268 E-.23347
G1 X106.799 Y115.533 E-.20944
;WIPE_END
G1 X114.361 Y102.955 F18000
G1 E2.5 F6000
M204 P1500
;TYPE:Inner wall
;WIDTH:0.45
G1 F1359
G1 X115.303 Y102.013 E.04376
G1 X115.913 Y102.623 E.02833
G1 X117.987 Y104.697 E.0963
G1 X117.039 Y105.645 E.04404
G2 X116.787 Y104.02 I-2.417 J-.457 E.05507
G2 X114.806 Y102.92 I-1.935 J1.151 E.07793
G1 X114.421 Y102.95 E.0127
G1 E-1.75 F6000
;WIPE_START
G1 X115.106 Y102.222 E-.75
;WIPE_END
G1 X114.826 Y106.923 F18000
G1 E2.5 F6000
M204 P1000
;TYPE:Outer wall
;WIDTH:0.42
G1 F1359
G1 X114.622 Y106.911 E.00622
G3 X114.491 Y103.353 I.259 J-1.791 E.15301
G1 X114.644 Y103.326 E.00474
G3 X114.958 Y106.928 I.237 J1.794 E.17778
G1 X114.886 Y106.925 E.00218
G1 X114.826 Y107.322 F18000
M204 P1500
;TYPE:Inner wall
;WIDTH:0.45
G1 F1359
G1 X114.975 Y107.322 E.0049
G1 X115.4 Y107.284 E.01399
G1 X107.281 Y115.403 E.37698
G2 X107.029 Y113.778 I-2.358 J-.467 E.05513
G2 X105.048 Y112.678 I-1.935 J1.152 E.07793
G1 X104.603 Y112.713 E.01467
G1 X112.719 Y104.597 E.37687
G1 X112.678 Y105.022 E.01402
G2 X114.766 Y107.32 I2.205 J.094 E.11307
G1 E-1.75 F6000
;WIPE_START
G1 X114.975 Y107.322 E-.15683
G1 X115.4 Y107.284 E-.31958
G1 X115.142 Y107.542 E-.27359
;WIPE_END
G1 X115.489 Y107.056 F18000
G1 E2.5 F6000
M204 P2000
;TYPE:Gap infill
;WIDTH:0.123866
G1 F1359
G1 X115.664 Y107.017 E.00117
;WIDTH:0.15136
G1 X115.75 Y106.996 E.00077
;WIDTH:0.165777
G1 X116.044 Y106.917 E.00302
G1 X115.744 Y107.058 F18000
;WIDTH:0.202422
G1 F1359
G1 X115.919 Y106.929 E.00279
;WIDTH:0.182195
G1 X116.062 Y106.815 E.00206
;WIDTH:0.140041
G1 X116.507 Y106.38 E.00487
;WIDTH:0.169272
G1 X116.669 Y106.184 E.00259
;WIDTH:0.202994
G2 X116.729 Y106.065 I-.211 J-.18 E.00174
;WIDTH:0.174302
G1 X116.749 Y105.999 E.00073
;WIDTH:0.146483
G1 X116.772 Y105.906 E.0008
;WIDTH:0.119125
G1 X116.794 Y105.819 E.00055
;WIDTH:0.101225
G1 X116.807 Y105.752 E.00033
G1 X117.287 Y105.109 F18000
;WIDTH:0.126417
G1 F1359
G1 X117.518 Y104.515 E.00429
G1 X117.504 Y104.501 F18000
;WIDTH:0.334487
G1 F1359
G1 X117.303 Y105.094 E.01472
G1 X117.563 Y104.833 F18000
;WIDTH:0.121765
G1 F1359
G2 X117.09 Y104.118 I-21.599 J13.792 E.00546
G1 X117.097 Y104.112 F18000
;WIDTH:0.214216
G1 F1359
G1 X117.545 Y104.851 E.01193
G1 X117.531 Y104.865 F18000
;WIDTH:0.334029
G1 F1359
G1 X117.122 Y104.119 E.01998
G1 X115.852 Y102.849 F18000
;WIDTH:0.396052
G1 F1359
G2 X115.127 Y102.477 I-8.922 J16.494 E.02321
G1 X115.141 Y102.463 F18000
;WIDTH:0.265811
G1 F1359
G1 X115.893 Y102.897 E.0156
G1 X115.883 Y102.911 F18000
;WIDTH:0.160384
G1 F1359
G2 X115.159 Y102.445 I-10.937 J16.196 E.00816
G1 X113.72 Y103.318 F18000
;WIDTH:0.161835
G1 F1359
G3 X114.105 Y103.22 I2.236 J7.964 E.00381
;WIDTH:0.12425
G1 X114.201 Y103.198 E.00065
;WIDTH:0.102923
G1 X114.282 Y103.182 E.0004
G1 X114.022 Y103.179 F18000
;WIDTH:0.21098
G1 F1359
G1 X113.833 Y103.317 E.00317
;WIDTH:0.180991
G1 X113.693 Y103.43 E.00201
;WIDTH:0.142117
G1 X113.368 Y103.734 E.00356
G1 X113.182 Y103.941 E.00223
;WIDTH:0.179916
G1 X113.085 Y104.063 E.00172
;WIDTH:0.193242
G2 X113.009 Y104.243 I.214 J.196 E.00242
;WIDTH:0.159866
G1 X113.008 Y104.249 E.00005
;WIDTH:0.145637
G1 X112.986 Y104.336 E.00074
;WIDTH:0.120539
G1 X112.951 Y104.49 E.00099
G1 X112.429 Y105.174 F18000
;WIDTH:0.103496
G1 F1359
G1 X112.462 Y105.353 E.00089
G1 X113.498 Y108.694 F18000
;TYPE:Sparse infill
;WIDTH:0.45
G1 F1359
G1 X107.89 Y114.302 E.2604
G1 X107.876 Y114.226 E.00252
G1 X107.593 Y114.281 E.00946
G2 X106.695 Y112.872 I-2.887 J.85 E.0556
G1 X106.891 Y112.676 E.00912
G1 X108.964 Y111.469 E.07875
G1 X109.397 Y111.036 E.0201
G1 X110.603 Y108.964 E.07875
G1 X111.036 Y108.531 E.0201
G1 X113.109 Y107.324 E.07875
G1 X113.305 Y107.128 E.00911
G3 X112.407 Y105.719 I1.761 J-2.114 E.05575
G1 X112.131 Y105.772 E.00922
G1 X112.117 Y105.692 E.00268
G1 X106.507 Y111.302 E.26048
G1 X103.962 Y113.076 F18000
;TYPE:Gap infill
;WIDTH:0.161836
G1 F1359
G3 X104.347 Y112.978 I2.243 J7.993 E.00381
;WIDTH:0.124252
G1 X104.443 Y112.956 E.00065
;WIDTH:0.102923
G1 X104.524 Y112.94 E.0004
G1 X104.264 Y112.937 F18000
;WIDTH:0.205113
G1 F1359
G1 X104 Y113.135 E.00432
;WIDTH:0.147598
G1 X103.61 Y113.492 E.00446
G1 X103.374 Y113.761 E.00302
;WIDTH:0.192897
G1 X103.31 Y113.842 E.00125
G2 X103.255 Y113.987 I.548 J.289 E.00187
;WIDTH:0.151464
G1 X103.231 Y114.083 E.00086
;WIDTH:0.123502
G1 X103.193 Y114.249 E.00111
G1 X102.713 Y114.891 F18000
;WIDTH:0.123262
G1 F1359
G1 X102.482 Y115.485 E.00413
G1 X102.496 Y115.499 F18000
;WIDTH:0.334487
G1 F1359
G1 X102.697 Y114.906 E.01472
G1 X102.436 Y115.167 F18000
;WIDTH:0.118272
G1 F1359
G2 X102.91 Y115.882 I22.298 J-14.27 E.00521
G1 X102.903 Y115.888 F18000
;WIDTH:0.210587
G1 F1359
G1 X102.455 Y115.149 E.01168
G1 X102.469 Y115.135 F18000
;WIDTH:0.326718
G1 F1359
G1 X102.878 Y115.881 E.01948
G1 X104.124 Y117.127 F18000
;WIDTH:0.338954
G1 F1359
G1 X104.866 Y117.53 E.02016
G1 X104.857 Y117.539 F18000
;WIDTH:0.264733
G1 F1359
G1 X104.108 Y117.101 E.01551
G1 X104.117 Y117.089 F18000
;WIDTH:0.128849
G1 F1359
G1 X104.196 Y117.142 E.00066
;WIDTH:0.144814
G1 X104.275 Y117.195 E.00078
;WIDTH:0.16193
G1 X104.841 Y117.555 E.00644
G1 X104.514 Y117.517 F18000
;WIDTH:0.126401
G1 F1359
G1 X105.108 Y117.288 E.00429
G1 X105.734 Y116.814 F18000
;WIDTH:0.13515
G1 F1359
G1 X105.904 Y116.777 E.00129
;WIDTH:0.151314
G1 X105.994 Y116.752 E.00082
;WIDTH:0.183272
G1 X106.081 Y116.729 E.00102
;WIDTH:0.200742
G2 X106.233 Y116.631 I-.074 J-.281 E.00234
;WIDTH:0.144206
G1 X106.505 Y116.393 E.00295
G1 X106.749 Y116.138 E.00288
;WIDTH:0.169272
G1 X106.911 Y115.942 E.00259
;WIDTH:0.202996
G2 X106.971 Y115.823 I-.211 J-.18 E.00174
;WIDTH:0.174308
G1 X106.991 Y115.757 E.00073
;WIDTH:0.146489
G1 X107.014 Y115.664 E.0008
;WIDTH:0.119131
G1 X107.036 Y115.577 E.00055
;WIDTH:0.101228
G1 X107.049 Y115.51 E.00033
G1 X107.571 Y114.826 F18000
;WIDTH:0.118332
G1 F1359
G1 X107.538 Y114.647 E.0011
; stop printing object Block.stl id:105326592607568 copy 0
;LAYER_CHANGE
;Z:14.44
;HEIGHT:0.2
G92 E0 ; zero the extruded length again
; BEFORE_LAYER_CHANGE 71 @ 14.44mm
G1 E-2.31837 F6000
;WIPE_START
G1 X107.571 Y114.826 E-.18163
;WIPE_END
; AFTER_LAYER_CHANGE 71 @ 14.44mm
;_SET_FAN_SPEED_CHANGING_LAYER
; printing object Block.stl id:105326592607568 copy 0
G1 X101.458 Y115.303 Z14.44 F18000
G1 E2.5 F6000
M204 P1000
;TYPE:Outer wall
;WIDTH:0.42
G1 F1359
G1 X115.303 Y101.458 E.5955
G1 X116.155 Y102.31 E.03665
G1 X118.542 Y104.697 E.10265
G1 X104.697 Y118.542 E.5955
G1 X101.501 Y115.346 E.13747
G1 E-1.75 F6000
;WIPE_START
G1 F3600
G1 X102.206 Y114.636 E-.75
;WIPE_END
G1 X105.642 Y117.043 F18000
G1 E2.5 F6000
M204 P1500
;TYPE:Inner wall
;WIDTH:0.45
G1 F1359
G1 X104.697 Y117.987 E.04387
G1 X102.013 Y115.303 E.12463
G1 X102.961 Y114.355 E.04404
G1 X102.92 Y114.78 E.01402
G2 X105.217 Y117.08 I2.205 J.094 E.11994
G1 X105.582 Y117.048 E.01202
G1 E-1.75 F6000
;WIPE_START
G1 X104.896 Y117.776 E-.75
;WIPE_END
G1 X106.909 Y114.617 F18000
G1 E2.5 F6000
M204 P1000
;TYPE:Outer wall
;WIDTH:0.42
G1 F1359
G1 X106.916 Y114.646 E.00091
G3 X104.729 Y113.112 I-1.795 J.232 E.25438
G1 X104.886 Y113.084 E.00484
G3 X106.822 Y114.261 I.235 J1.794 E.07448
G1 X106.895 Y114.559 E.00932
G1 E-1.75 F6000
;WIPE_START
G1 F3600
G1 X106.916 Y114.646 E-.06736
G1 X106.93 Y114.958 E-.23411
G1 X106.869 Y115.351 E-.29814
G1 X106.8 Y115.539 E-.15039
;WIPE_END
G1 X117.043 Y105.642 F18000
G1 E2.5 F6000
M204 P1500
;TYPE:Inner wall
;WIDTH:0.45
G1 F1359
G2 X116.787 Y104.02 I-2.438 J-.447 E.05495
G2 X114.806 Y102.92 I-1.935 J1.151 E.07796
G1 X114.361 Y102.955 E.01465
G1 X115.303 Y102.013 E.04376
G1 X117.987 Y104.697 E.12463
G1 X117.085 Y105.599 E.0419
G1 E-1.75 F6000
;WIPE_START
G1 X117.08 Y105.217 E-.28658
G1 X117.063 Y104.833 E-.28797
G1 X117.03 Y104.644 E-.14412
G1 X117.018 Y104.604 E-.03133
;WIPE_END
G1 X114.816 Y106.929 F18000
G1 E2.5 F6000
M204 P1000
;TYPE:Outer wall
;WIDTH:0.42
G1 F1359
G1 X114.8 Y106.928 E.00049
G3 X114.487 Y103.354 I.079 J-1.808 E.15846
G1 X114.644 Y103.326 E.00484
G3 X115.173 Y106.906 I.236 J1.794 E.17111
G1 X114.876 Y106.925 E.00905
G1 X114.799 Y107.314 F18000
M204 P1500
;TYPE:Inner wall
;WIDTH:0.45
G1 F1359
G1 X114.967 Y107.322 E.00553
G1 X115.39 Y107.294 E.01391
G1 X107.284 Y115.4 E.37637
G2 X107.117 Y113.948 I-2.428 J-.456 E.0487
G2 X105.048 Y112.678 I-2.002 J.941 E.08441
G1 X104.603 Y112.713 E.01465
G1 X112.719 Y104.597 E.37687
G1 X112.678 Y105.022 E.01402
G2 X114.596 Y107.304 I2.205 J.094 E.10745
G1 X114.739 Y107.311 E.00472
G1 E-1.75 F6000
;WIPE_START
G1 X114.967 Y107.322 E-.17122
G1 X115.39 Y107.294 E-.31771
G1 X115.144 Y107.54 E-.26107
;WIPE_END
G1 X115.442 Y107.07 F18000
G1 E2.5 F6000
M204 P2000
;TYPE:Gap infill
;WIDTH:0.123393
G1 F1359
G1 X115.577 Y107.045 E.00089
;WIDTH:0.138276
G1 X115.667 Y107.024 E.00071
;WIDTH:0.167757
G1 X115.754 Y107.004 E.00089
;WIDTH:0.183359
G1 X116.028 Y106.934 E.00321
G1 X115.719 Y107.076 F18000
;WIDTH:0.2027
G1 F1359
G1 X115.918 Y106.93 E.00318
;WIDTH:0.185146
G1 X116.04 Y106.833 E.00179
;WIDTH:0.143041
G1 X116.266 Y106.632 E.00244
G1 X116.574 Y106.303 E.00364
;WIDTH:0.181604
G1 X116.683 Y106.167 E.00195
;WIDTH:0.206527
G2 X116.734 Y106.06 I-.176 J-.15 E.00158
;WIDTH:0.179341
G1 X116.752 Y105.998 E.00071
;WIDTH:0.152611
G1 X116.774 Y105.909 E.00081
;WIDTH:0.125683
G1 X116.795 Y105.826 E.00057
;WIDTH:0.104662
G1 X116.814 Y105.735 E.00046
G1 X117.287 Y105.109 F18000
;WIDTH:0.126417
G1 F1359
G1 X117.518 Y104.515 E.00429
G1 X117.504 Y104.501 F18000
;WIDTH:0.334507
G1 F1359
G1 X117.303 Y105.094 E.01472
G1 X117.558 Y104.839 F18000
;WIDTH:0.157641
G1 F1359
G1 X117.189 Y104.267 E.00629
;WIDTH:0.141852
G1 X117.139 Y104.192 E.00072
;WIDTH:0.126875
G1 X117.089 Y104.117 E.00061
G1 X117.098 Y104.111 F18000
;WIDTH:0.219518
G1 F1359
G1 X117.543 Y104.853 E.01233
G1 X117.531 Y104.865 F18000
;WIDTH:0.334011
G1 F1359
G1 X117.122 Y104.119 E.01998
G1 X115.852 Y102.849 F18000
;WIDTH:0.39607
G1 F1359
G2 X115.127 Y102.477 I-8.937 J16.525 E.02321
G1 X115.141 Y102.463 F18000
;WIDTH:0.265803
G1 F1359
G1 X115.893 Y102.897 E.0156
G1 X115.885 Y102.908 F18000
;WIDTH:0.16078
G1 F1359
G1 X115.159 Y102.445 E.00819
G1 X113.717 Y103.321 F18000
;WIDTH:0.164175
G1 F1359
G3 X114.097 Y103.221 I3.456 J12.312 E.00384
;WIDTH:0.118076
G1 X114.277 Y103.182 E.00112
G1 X114.022 Y103.179 F18000
;WIDTH:0.206902
G1 F1359
G1 X113.76 Y103.375 E.00433
;WIDTH:0.145231
G1 X113.492 Y103.61 E.00294
G1 X113.182 Y103.941 E.00374
;WIDTH:0.180011
G1 X113.084 Y104.063 E.00173
;WIDTH:0.193346
G2 X113.009 Y104.243 I.213 J.195 E.00242
;WIDTH:0.160038
G1 X113.008 Y104.249 E.00005
;WIDTH:0.145803
G1 X112.986 Y104.336 E.00074
;WIDTH:0.120627
G1 X112.95 Y104.491 E.001
G1 X112.429 Y105.175 F18000
;WIDTH:0.103517
G1 F1359
G1 X112.462 Y105.354 E.00089
G1 X113.718 Y108.473 F18000
;TYPE:Sparse infill
;WIDTH:0.45
G1 F1359
G1 X107.89 Y114.302 E.27063
G1 X107.876 Y114.226 E.00254
G1 X107.599 Y114.28 E.00929
G2 X106.923 Y113.077 I-3.259 J1.038 E.0456
G1 X113.079 Y106.921 E.28585
G3 X112.407 Y105.719 I1.937 J-1.874 E.04571
G1 X112.131 Y105.773 E.00922
G1 X112.117 Y105.692 E.00271
G1 X106.29 Y111.519 E.27055
G1 X103.962 Y113.077 F18000
;TYPE:Gap infill
;WIDTH:0.163917
G1 F1359
G3 X104.333 Y112.982 I2.47 J8.819 E.00374
;WIDTH:0.129887
G1 X104.415 Y112.962 E.0006
;WIDTH:0.106628
G1 X104.519 Y112.94 E.00055
G1 X104.264 Y112.937 F18000
;WIDTH:0.206904
G1 F1359
G1 X104.001 Y113.133 E.00433
;WIDTH:0.145231
G1 X103.734 Y113.368 E.00294
G1 X103.424 Y113.7 E.00374
;WIDTH:0.180013
G1 X103.326 Y113.821 E.00173
;WIDTH:0.196997
G1 X103.192 Y114.004 E.00282
G1 X103.192 Y114.249 F18000
;WIDTH:0.120633
G1 F1359
G1 X103.228 Y114.094 E.001
;WIDTH:0.145815
G1 X103.25 Y114.007 E.00074
;WIDTH:0.160051
G1 X103.332 Y113.707 E.00294
G1 X102.713 Y114.891 F18000
;WIDTH:0.123262
G1 F1359
G1 X102.482 Y115.485 E.00413
G1 X102.496 Y115.499 F18000
;WIDTH:0.334506
G1 F1359
G1 X102.697 Y114.906 E.01472
G1 X102.438 Y115.165 F18000
;WIDTH:0.126545
G1 F1359
G2 X102.911 Y115.883 I24.531 J-15.643 E.00579
G1 X102.903 Y115.888 F18000
;WIDTH:0.211591
G1 F1359
G1 X102.455 Y115.149 E.01176
G1 X102.469 Y115.135 F18000
;WIDTH:0.326706
G1 F1359
G1 X102.878 Y115.881 E.01948
G1 X104.124 Y117.127 F18000
;WIDTH:0.338977
G1 F1359
G1 X104.866 Y117.53 E.02016
G1 X104.857 Y117.539 F18000
;WIDTH:0.264742
G1 F1359
G1 X104.108 Y117.101 E.01552
G1 X104.117 Y117.089 F18000
;WIDTH:0.128844
G1 F1359
G1 X104.196 Y117.142 E.00066
;WIDTH:0.144806
G1 X104.275 Y117.195 E.00078
;WIDTH:0.16192
G1 X104.841 Y117.555 E.00644
G1 X104.514 Y117.517 F18000
;WIDTH:0.126321
G1 F1359
G1 X105.108 Y117.288 E.00428
G1 X105.735 Y116.814 F18000
;WIDTH:0.124887
G1 F1359
G1 X105.909 Y116.774 E.00118
;WIDTH:0.151776
G1 X105.992 Y116.754 E.00075
;WIDTH:0.178287
G1 X106.06 Y116.734 E.00077
;WIDTH:0.204595
G1 X106.122 Y116.716 E.00084
;WIDTH:0.197045
G1 X106.239 Y116.626 E.00184
;WIDTH:0.145254
G1 X106.508 Y116.39 E.00296
G1 X106.816 Y116.061 E.00372
;WIDTH:0.181605
G1 X106.925 Y115.925 E.00195
;WIDTH:0.206528
G2 X106.976 Y115.818 I-.176 J-.15 E.00158
;WIDTH:0.179341
G1 X106.994 Y115.756 E.00071
;WIDTH:0.152187
G1 X107.017 Y115.664 E.00083
;WIDTH:0.124409
G1 X107.038 Y115.578 E.00058
;WIDTH:0.10377
G1 X107.056 Y115.489 E.00045
G1 X107.571 Y114.825 F18000
;WIDTH:0.118488
G1 F1359
G1 X107.538 Y114.646 E.00111
; stop printing object Block.stl id:105326592607568 copy 0
;LAYER_CHANGE
;Z:14.64
;HEIGHT:0.200001
G92 E0 ; zero the extruded length again
; BEFORE_LAYER_CHANGE 72 @ 14.64mm
G1 E-2.31775 F6000
;WIPE_START
G1 X107.571 Y114.825 E-.18225
;WIPE_END
; AFTER_LAYER_CHANGE 72 @ 14.64mm
;_SET_FAN_SPEED_CHANGING_LAYER
; printing object Block.stl id:105326592607568 copy 0
G1 X101.458 Y115.303 Z14.64 F18000
G1 E2.5 F6000
M204 P1000
;TYPE:Outer wall
;WIDTH:0.42
G1 F1342
G1 X115.303 Y101.458 E.5955
G1 X116.12 Y102.275 E.03513
G1 X118.542 Y104.697 E.10417
G1 X104.697 Y118.542 E.5955
G1 X101.501 Y115.346 E.13747
G1 E-1.75 F6000
;WIPE_START
G1 F3600
G1 X102.206 Y114.636 E-.75
;WIPE_END
G1 X105.632 Y117.052 F18000
G1 E2.5 F6000
M204 P1500
;TYPE:Inner wall
;WIDTH:0.45
G1 F1342
G1 X104.697 Y117.987 E.04343
G1 X102.013 Y115.303 E.12463
G1 X102.961 Y114.355 E.04403
G1 X102.92 Y114.78 E.01402
G2 X105.209 Y117.08 I2.206 J.093 E.11966
G1 X105.572 Y117.056 E.01194
G1 E-1.75 F6000
;WIPE_START
G1 X104.887 Y117.785 E-.75
;WIPE_END
G1 X106.909 Y114.615 F18000
G1 E2.5 F6000
M204 P1000
;TYPE:Outer wall
;WIDTH:0.42
G1 F1342
G1 X106.929 Y114.959 E.01049
G3 X104.729 Y113.112 I-1.808 J-.081 E.24486
G1 X104.886 Y113.084 E.00484
G3 X106.902 Y114.556 I.236 J1.794 E.08377
G1 E-1.75 F6000
;WIPE_START
G1 F3600
G1 X106.929 Y114.959 E-.30342
G1 X106.889 Y115.268 E-.2336
G1 X106.798 Y115.537 E-.21298
;WIPE_END
G1 X117.039 Y105.645 F18000
G1 E2.5 F6000
M204 P1500
;TYPE:Inner wall
;WIDTH:0.45
G1 F1342
G2 X116.787 Y104.02 I-2.367 J-.465 E.05511
G2 X114.805 Y102.92 I-1.935 J1.151 E.07798
G1 X114.361 Y102.955 E.01462
G1 X115.303 Y102.013 E.04376
G1 X117.987 Y104.697 E.12463
G1 X117.082 Y105.603 E.04206
G1 E-1.75 F6000
;WIPE_START
G1 X117.08 Y105.22 E-.28704
G1 X117.08 Y105.025 E-.14618
G1 X117.047 Y104.731 E-.22186
G1 X117.014 Y104.609 E-.09492
;WIPE_END
G1 X114.817 Y106.928 F18000
G1 E2.5 F6000
M204 P1000
;TYPE:Outer wall
;WIDTH:0.42
G1 F1342
G1 X114.799 Y106.928 E.00055
G3 X114.487 Y103.354 I.081 J-1.808 E.15842
G1 X114.644 Y103.326 E.00484
G3 X115.174 Y106.906 I.236 J1.794 E.17109
G1 X114.877 Y106.925 E.00905
G1 X114.817 Y107.322 F18000
M204 P1500
;TYPE:Inner wall
;WIDTH:0.45
G1 F1342
G1 X114.967 Y107.322 E.00494
G1 X115.39 Y107.294 E.01391
G1 X107.281 Y115.403 E.37653
G2 X106.808 Y113.463 I-2.341 J-.457 E.06764
G2 X105.047 Y112.678 I-1.726 J1.505 E.06536
G1 X104.603 Y112.713 E.01462
G1 X112.719 Y104.597 E.37686
G1 X112.678 Y105.022 E.01402
G2 X114.757 Y107.32 I2.205 J.094 E.11277
G1 E-1.75 F6000
;WIPE_START
G1 X114.967 Y107.322 E-.15769
G1 X115.39 Y107.294 E-.31772
G1 X115.131 Y107.553 E-.27459
;WIPE_END
G1 X115.442 Y107.07 F18000
G1 E2.5 F6000
M204 P2000
;TYPE:Gap infill
;WIDTH:0.123395
G1 F1342
G1 X115.577 Y107.045 E.00089
;WIDTH:0.138275
G1 X115.667 Y107.024 E.00071
;WIDTH:0.167753
G1 X115.754 Y107.004 E.00089
;WIDTH:0.183353
G1 X116.028 Y106.934 E.0032
G1 X115.719 Y107.076 F18000
;WIDTH:0.196882
G1 F1342
G1 X115.997 Y106.868 E.0043
;WIDTH:0.146864
G1 X116.266 Y106.632 E.003
G1 X116.61 Y106.259 E.00425
;WIDTH:0.19512
G2 X116.73 Y106.063 I-.305 J-.322 E.00285
;WIDTH:0.173799
G1 X116.75 Y105.996 E.00074
;WIDTH:0.146303
G1 X116.772 Y105.905 E.00078
;WIDTH:0.119291
G1 X116.794 Y105.819 E.00055
;WIDTH:0.101376
G1 X116.808 Y105.75 E.00033
G1 X117.555 Y104.841 F18000
;WIDTH:0.163084
G1 F1342
G1 X117.092 Y104.114 E.00835
G1 X117.103 Y104.107 F18000
;WIDTH:0.271097
G1 F1342
G1 X117.537 Y104.859 E.01597
G1 X117.525 Y104.872 F18000
;WIDTH:0.400581
G1 F1342
G2 X117.143 Y104.14 I-22.725 J11.388 E.0238
G1 X115.852 Y102.849 F18000
;WIDTH:0.396069
G1 F1342
G2 X115.127 Y102.477 I-8.927 J16.504 E.02321
G1 X115.141 Y102.463 F18000
;WIDTH:0.265815
G1 F1342
G1 X115.893 Y102.897 E.0156
G1 X115.885 Y102.908 F18000
;WIDTH:0.160786
G1 F1342
G1 X115.159 Y102.445 E.00819
G1 X113.717 Y103.322 F18000
;WIDTH:0.164195
G1 F1342
G3 X114.097 Y103.221 I3.247 J11.474 E.00385
;WIDTH:0.118005
G1 X114.277 Y103.182 E.00112
G1 X114.021 Y103.179 F18000
;WIDTH:0.205136
G1 F1342
G1 X113.759 Y103.376 E.0043
;WIDTH:0.147711
G1 X113.368 Y103.734 E.00448
G1 X113.132 Y104.003 E.00303
;WIDTH:0.192953
G1 X113.068 Y104.084 E.00125
G2 X113.013 Y104.23 I.548 J.291 E.00189
;WIDTH:0.15141
G1 X112.989 Y104.325 E.00086
;WIDTH:0.12347
G1 X112.95 Y104.492 E.00111
G1 X113.722 Y108.47 F18000
;TYPE:Sparse infill
;WIDTH:0.45
G1 F1342
G1 X107.892 Y114.299 E.27068
G1 X107.876 Y114.214 E.00283
G1 X107.596 Y114.267 E.00937
G2 X106.925 Y113.075 I-3.103 J.963 E.04525
G1 X113.079 Y106.921 E.28575
G3 X112.355 Y105.454 I1.887 J-1.843 E.05463
G1 X106.463 Y111.346 E.27357
G1 X103.959 Y113.08 F18000
;TYPE:Gap infill
;WIDTH:0.164039
G1 F1342
G3 X104.339 Y112.979 I3.385 J12.022 E.00384
;WIDTH:0.118007
G1 X104.519 Y112.94 E.00112
G1 X104.263 Y112.937 F18000
;WIDTH:0.20681
G1 F1342
G1 X104.001 Y113.133 E.00433
;WIDTH:0.147681
G1 X103.61 Y113.492 E.00449
G1 X103.374 Y113.761 E.00303
;WIDTH:0.192955
G1 X103.31 Y113.843 E.00125
G2 X103.255 Y113.988 I.549 J.291 E.00189
;WIDTH:0.151414
G1 X103.231 Y114.083 E.00086
;WIDTH:0.123473
G1 X103.192 Y114.25 E.00111
G1 X102.445 Y115.159 F18000
;WIDTH:0.160776
G1 F1342
G1 X102.908 Y115.885 E.00819
G1 X102.896 Y115.893 F18000
;WIDTH:0.267566
G1 F1342
G1 X102.463 Y115.141 E.01573
G1 X102.695 Y114.909 F18000
;WIDTH:0.411496
G1 F1342
G1 X102.564 Y115.303 E.01237
G1 X102.856 Y115.859 E.01867
G1 X104.124 Y117.127 F18000
;WIDTH:0.339052
G1 F1342
G1 X104.866 Y117.53 E.02017
G1 X104.857 Y117.539 F18000
;WIDTH:0.264747
G1 F1342
G1 X104.108 Y117.101 E.01552
G1 X104.117 Y117.089 F18000
;WIDTH:0.12885
G1 F1342
G1 X104.196 Y117.142 E.00066
;WIDTH:0.144816
G1 X104.275 Y117.195 E.00078
;WIDTH:0.161933
G1 X104.841 Y117.555 E.00644
G1 X104.514 Y117.517 F18000
;WIDTH:0.126222
G1 F1342
G1 X105.108 Y117.288 E.00428
G1 X106.27 Y116.692 F18000
;WIDTH:0.183355
G1 F1342
G1 X105.996 Y116.762 E.0032
;WIDTH:0.167754
G1 X105.909 Y116.782 E.00089
;WIDTH:0.138274
G1 X105.819 Y116.803 E.00071
;WIDTH:0.123392
G1 X105.684 Y116.828 E.00089
G1 X105.961 Y116.834 F18000
;WIDTH:0.19688
G1 F1342
G1 X106.239 Y116.626 E.0043
;WIDTH:0.144675
G1 X106.508 Y116.39 E.00294
G1 X106.798 Y116.082 E.00347
;WIDTH:0.178907
G1 X106.924 Y115.927 E.00219
;WIDTH:0.20309
G2 X106.972 Y115.821 I-.162 J-.138 E.00152
;WIDTH:0.173804
G1 X106.992 Y115.754 E.00074
;WIDTH:0.14631
G1 X107.014 Y115.663 E.00078
;WIDTH:0.119298
G1 X107.036 Y115.577 E.00055
;WIDTH:0.10138
G1 X107.05 Y115.508 E.00033
G1 X107.528 Y114.868 F18000
;WIDTH:0.1208
G1 F1342
G1 X107.565 Y114.773 E.00064
G1 X107.539 Y114.632 E.0009
; stop printing object Block.stl id:105326592607568 copy 0
;LAYER_CHANGE
;Z:14.84
;HEIGHT:0.2
G92 E0 ; zero the extruded length again
; BEFORE_LAYER_CHANGE 73 @ 14.84mm
G1 E-2.25414 F6000
;WIPE_START
G1 X107.565 Y114.773 E-.14333
G1 X107.528 Y114.868 E-.10253
;WIPE_END
; AFTER_LAYER_CHANGE 73 @ 14.84mm
;_SET_FAN_SPEED_CHANGING_LAYER
; printing object Block.stl id:105326592607568 copy 0
G1 X101.458 Y115.303 Z14.84 F18000
G1 E2.5 F6000
M204 P1000
;TYPE:Outer wall
;WIDTH:0.42
G1 F1342
G1 X115.303 Y101.458 E.5955
G1 X116.085 Y102.24 E.03361
G1 X118.542 Y104.697 E.10569
G1 X104.697 Y118.542 E.5955
G1 X101.501 Y115.346 E.13747
G1 E-1.75 F6000
;WIPE_START
G1 F3600
G1 X102.206 Y114.636 E-.75
;WIPE_END
G1 X105.642 Y117.043 F18000
G1 E2.5 F6000
M204 P1500
;TYPE:Inner wall
;WIDTH:0.45
G1 F1342
G1 X104.697 Y117.987 E.04387
G1 X102.013 Y115.303 E.12463
G1 X102.961 Y114.355 E.04402
G1 X102.92 Y114.78 E.01402
G2 X105.217 Y117.08 I2.205 J.094 E.11993
G1 X105.582 Y117.048 E.01202
G1 E-1.75 F6000
;WIPE_START
G1 X104.896 Y117.776 E-.75
;WIPE_END
G1 X106.907 Y114.616 F18000
G1 E2.5 F6000
M204 P1000
;TYPE:Outer wall
;WIDTH:0.42
G1 F1342
G1 X106.929 Y114.958 E.01042
G3 X104.729 Y113.112 I-1.808 J-.08 E.24488
G1 X104.886 Y113.084 E.00484
G3 X106.902 Y114.556 I.236 J1.794 E.08379
G1 E-1.75 F6000
;WIPE_START
G1 F3600
G1 X106.929 Y114.958 E-.30202
G1 X106.903 Y115.197 E-.18012
G1 X106.822 Y115.498 E-.23413
G1 X106.802 Y115.539 E-.03373
;WIPE_END
G1 X114.361 Y102.955 F18000
G1 E2.5 F6000
M204 P1500
;TYPE:Inner wall
;WIDTH:0.45
G1 F1342
G1 X115.303 Y102.013 E.04377
G1 X115.807 Y102.517 E.02341
G1 X117.987 Y104.697 E.10122
G1 X117.039 Y105.645 E.04402
G2 X116.787 Y104.02 I-2.368 J-.464 E.05511
G2 X114.804 Y102.92 I-1.933 J1.147 E.07803
G1 X114.421 Y102.95 E.01263
G1 E-1.75 F6000
;WIPE_START
G1 X115.106 Y102.222 E-.75
;WIPE_END
G1 X114.818 Y106.93 F18000
G1 E2.5 F6000
M204 P1000
;TYPE:Outer wall
;WIDTH:0.42
G1 F1342
G1 X114.8 Y106.928 E.00056
G3 X114.491 Y103.353 I.081 J-1.808 E.15846
G1 X114.644 Y103.326 E.00474
G3 X114.958 Y106.928 I.237 J1.794 E.1778
G1 X114.878 Y106.929 E.00242
G1 X114.818 Y107.322 F18000
M204 P1500
;TYPE:Inner wall
;WIDTH:0.45
G1 F1342
G1 X114.975 Y107.322 E.00514
G1 X115.4 Y107.284 E.01399
G1 X107.284 Y115.4 E.37681
G2 X107.117 Y113.948 I-2.429 J-.456 E.0487
G2 X105.046 Y112.678 I-2.002 J.941 E.08446
G1 X104.603 Y112.713 E.0146
G1 X112.719 Y104.597 E.37686
G1 X112.678 Y105.022 E.01402
G2 X114.759 Y107.32 I2.205 J.094 E.11282
G1 E-1.75 F6000
;WIPE_START
G1 X114.975 Y107.322 E-.16239
G1 X115.4 Y107.284 E-.31958
G1 X115.147 Y107.537 E-.26803
;WIPE_END
G1 X115.489 Y107.056 F18000
G1 E2.5 F6000
M204 P2000
;TYPE:Gap infill
;WIDTH:0.123863
G1 F1342
G1 X115.664 Y107.017 E.00117
;WIDTH:0.151356
G1 X115.75 Y106.996 E.00077
;WIDTH:0.178292
G1 X115.818 Y106.976 E.00077
;WIDTH:0.204597
G1 X115.88 Y106.958 E.00084
;WIDTH:0.197046
G1 X115.997 Y106.868 E.00184
;WIDTH:0.147791
G1 X116.39 Y106.508 E.00451
G1 X116.627 Y106.238 E.00304
;WIDTH:0.198478
G2 X116.724 Y106.085 I-.47 J-.407 E.00228
;WIDTH:0.178238
G1 X116.749 Y105.996 E.00101
;WIDTH:0.147871
G1 X116.771 Y105.913 E.00073
;WIDTH:0.111987
G1 X116.808 Y105.75 E.00093
G1 X117.555 Y104.841 F18000
;WIDTH:0.161926
G1 F1342
G1 X117.195 Y104.275 E.00644
;WIDTH:0.14481
G1 X117.142 Y104.196 E.00078
;WIDTH:0.128847
G1 X117.089 Y104.117 E.00066
G1 X117.103 Y104.107 F18000
;WIDTH:0.271093
G1 F1342
G1 X117.537 Y104.859 E.01597
G1 X117.525 Y104.872 F18000
;WIDTH:0.4006
G1 F1342
G2 X117.143 Y104.14 I-22.659 J11.354 E.0238
G1 X115.852 Y102.849 F18000
;WIDTH:0.396058
G1 F1342
G2 X115.127 Y102.477 I-8.932 J16.515 E.02321
G1 X115.141 Y102.463 F18000
;WIDTH:0.265822
G1 F1342
G1 X115.893 Y102.896 E.0156
G1 X115.882 Y102.911 F18000
;WIDTH:0.114514
G1 F1342
G1 X115.801 Y102.857 E.00056
;WIDTH:0.15933
G2 X115.159 Y102.445 I-9.546 J14.181 E.00716
G1 X114.282 Y103.182 F18000
;WIDTH:0.105585
G1 F1342
G1 X114.179 Y103.202 E.00053
;WIDTH:0.127942
G1 X114.096 Y103.222 E.00059
;WIDTH:0.15535
G1 X114.008 Y103.244 E.00082
;WIDTH:0.197673
G1 X113.907 Y103.271 E.00131
G2 X113.778 Y103.36 I.404 J.726 E.00196
;WIDTH:0.165745
G1 X113.625 Y103.488 E.00197
;WIDTH:0.144186
G1 X113.365 Y103.737 E.00294
G1 X113.128 Y104.008 E.00294
;WIDTH:0.198838
G2 X113.04 Y104.136 I.146 J.194 E.00199
;WIDTH:0.180498
G1 X113.006 Y104.254 E.00137
;WIDTH:0.144993
G1 X112.985 Y104.338 E.00072
;WIDTH:0.12019
G1 X112.95 Y104.492 E.00098
G1 X111.349 Y106.459 F18000
;TYPE:Sparse infill
;WIDTH:0.45
G1 F1342
G1 X105.456 Y112.352 E.27363
G3 X106.923 Y113.077 I-.46 J2.78 E.05451
G1 X113.079 Y106.921 E.28585
G2 X114.549 Y107.642 I1.782 J-1.771 E.05476
G1 X108.66 Y113.532 E.27346
G1 X106.917 Y116.044 F18000
;TYPE:Gap infill
;WIDTH:0.158757
G1 F1342
G2 X107.017 Y115.664 I-8.631 J-2.471 E.00367
;WIDTH:0.124416
G1 X107.038 Y115.578 E.00058
;WIDTH:0.103774
G1 X107.056 Y115.489 E.00045
G1 X107.058 Y115.744 F18000
;WIDTH:0.203938
G1 F1342
G1 X106.865 Y116 E.00416
;WIDTH:0.145158
G1 X106.632 Y116.266 E.00292
G1 X106.3 Y116.577 E.00375
;WIDTH:0.182801
G1 X106.161 Y116.687 E.002
;WIDTH:0.196848
G3 X105.998 Y116.752 I-.171 J-.192 E.00223
;WIDTH:0.165774
G1 X105.992 Y116.754 E.00005
;WIDTH:0.151357
G1 X105.906 Y116.775 E.00077
;WIDTH:0.123864
G1 X105.731 Y116.814 E.00117
G1 X105.108 Y117.288 F18000
;WIDTH:0.12612
G1 F1342
G1 X104.514 Y117.517 E.00427
G1 X104.841 Y117.555 F18000
;WIDTH:0.163082
G1 F1342
G1 X104.115 Y117.092 E.00835
G1 X104.108 Y117.101 F18000
;WIDTH:0.264748
G1 F1342
G1 X104.857 Y117.539 E.01552
G1 X104.866 Y117.53 F18000
;WIDTH:0.339084
G1 F1342
G1 X104.124 Y117.127 E.02017
G1 X102.872 Y115.875 F18000
;WIDTH:0.334534
G1 F1342
G1 X102.47 Y115.133 E.01982
G1 X102.461 Y115.143 F18000
;WIDTH:0.261983
G1 F1342
G1 X102.898 Y115.892 E.01533
G1 X102.907 Y115.886 F18000
;WIDTH:0.171149
G1 F1342
G1 X102.446 Y115.157 E.00891
G1 X102.697 Y114.906 F18000
;WIDTH:0.33449
G1 F1342
G1 X102.496 Y115.499 E.01472
G1 X102.482 Y115.485 F18000
;WIDTH:0.12326
G1 F1342
G1 X102.713 Y114.891 E.00413
G1 X103.332 Y113.707 F18000
;WIDTH:0.160419
G1 F1342
G1 X103.249 Y114.007 E.00295
;WIDTH:0.146169
G1 X103.228 Y114.094 E.00075
;WIDTH:0.120823
G1 X103.192 Y114.25 E.00101
G1 X103.191 Y114.004 F18000
;WIDTH:0.197378
G1 F1342
G1 X103.325 Y113.823 E.00282
;WIDTH:0.18021
G1 X103.424 Y113.7 E.00175
;WIDTH:0.14029
G1 X103.61 Y113.492 E.00219
G1 X103.867 Y113.246 E.0028
;WIDTH:0.165745
G1 X104.02 Y113.118 E.00197
;WIDTH:0.198264
G3 X104.149 Y113.03 I.534 J.637 E.00197
G1 X104.245 Y113.003 E.00124
;WIDTH:0.155365
G1 X104.339 Y112.979 E.00088
;WIDTH:0.11793
G1 X104.519 Y112.94 E.00111
; stop printing object Block.stl id:105326592607568 copy 0
;LAYER_CHANGE
;Z:15.04
;HEIGHT:0.2
G92 E0 ; zero the extruded length again
; BEFORE_LAYER_CHANGE 74 @ 15.04mm
G1 E-2.31608 F6000
;WIPE_START
G1 X104.339 Y112.979 E-.18392
;WIPE_END
; AFTER_LAYER_CHANGE 74 @ 15.04mm
;_SET_FAN_SPEED_CHANGING_LAYER
; printing object Block.stl id:105326592607568 copy 0
G1 X101.458 Y115.303 Z15.04 F18000
G1 E2.5 F6000
M204 P1000
;TYPE:Outer wall
;WIDTH:0.42
G1 F1345
G1 X115.303 Y101.458 E.5955
G1 X116.049 Y102.204 E.03209
G1 X118.542 Y104.697 E.10721
G1 X104.697 Y118.542 E.5955
G1 X101.501 Y115.346 E.13747
G1 E-1.75 F6000
;WIPE_START
G1 F3600
G1 X102.206 Y114.636 E-.75
;WIPE_END
G1 X105.632 Y117.052 F18000
G1 E2.5 F6000
M204 P1500
;TYPE:Inner wall
;WIDTH:0.45
G1 F1345
G1 X104.697 Y117.987 E.04343
G1 X102.013 Y115.303 E.12463
G1 X102.961 Y114.355 E.04402
G1 X102.92 Y114.78 E.01402
G2 X105.209 Y117.08 I2.205 J.094 E.11967
G1 X105.572 Y117.056 E.01194
G1 E-1.75 F6000
;WIPE_START
G1 X104.887 Y117.785 E-.75
;WIPE_END
G1 X106.909 Y114.619 F18000
G1 E2.5 F6000
M204 P1000
;TYPE:Outer wall
;WIDTH:0.42
G1 F1345
G1 X106.931 Y114.959 E.01036
G3 X104.732 Y113.111 I-1.808 J-.081 E.2449
G1 X104.886 Y113.084 E.00473
G3 X106.904 Y114.56 I.237 J1.794 E.08396
G1 E-1.75 F6000
;WIPE_START
G1 F3600
G1 X106.931 Y114.959 E-.30029
G1 X106.889 Y115.268 E-.23375
G1 X106.797 Y115.541 E-.21596
;WIPE_END
G1 X114.361 Y102.955 F18000
G1 E2.5 F6000
M204 P1500
;TYPE:Inner wall
;WIDTH:0.45
G1 F1345
G1 X115.303 Y102.013 E.04377
G1 X115.772 Y102.481 E.02177
G1 X117.987 Y104.697 E.10286
G1 X117.039 Y105.645 E.04402
G2 X116.787 Y104.02 I-2.369 J-.464 E.0551
G2 X114.803 Y102.92 I-1.935 J1.151 E.07804
G1 X114.42 Y102.951 E.01261
G1 E-1.75 F6000
;WIPE_START
G1 X115.106 Y102.222 E-.75
;WIPE_END
G1 X114.818 Y106.928 F18000
G1 E2.5 F6000
M204 P1000
;TYPE:Outer wall
;WIDTH:0.42
G1 F1345
G1 X114.799 Y106.928 E.00057
G3 X114.491 Y103.353 I.082 J-1.808 E.15845
G1 X114.644 Y103.326 E.00473
G3 X115.195 Y106.902 I.237 J1.794 E.17056
G1 X114.877 Y106.924 E.00969
G1 X114.818 Y107.322 F18000
M204 P1500
;TYPE:Inner wall
;WIDTH:0.45
G1 F1345
G1 X114.974 Y107.322 E.00513
G1 X115.398 Y107.286 E.01398
G1 X107.281 Y115.403 E.3769
G2 X106.808 Y113.463 I-2.341 J-.457 E.06763
G2 X105.045 Y112.678 I-1.726 J1.504 E.06542
G1 X104.603 Y112.713 E.01458
G1 X112.719 Y104.597 E.37686
G1 X112.678 Y105.022 E.01402
G2 X114.758 Y107.32 I2.205 J.094 E.11279
G1 E-1.75 F6000
;WIPE_START
G1 X114.974 Y107.322 E-.16221
G1 X115.398 Y107.286 E-.3193
G1 X115.145 Y107.539 E-.26849
;WIPE_END
G1 X115.482 Y107.058 F18000
G1 E2.5 F6000
M204 P2000
;TYPE:Gap infill
;WIDTH:0.125338
G1 F1345
G1 X115.665 Y107.018 E.00124
;WIDTH:0.153708
G1 X115.751 Y106.997 E.00079
;WIDTH:0.168294
G1 X116.042 Y106.919 E.00305
G1 X115.741 Y107.06 F18000
;WIDTH:0.196387
G1 F1345
G1 X115.996 Y106.869 E.00395
;WIDTH:0.145364
G1 X116.265 Y106.633 E.00295
G1 X116.574 Y106.303 E.00374
;WIDTH:0.181609
G1 X116.683 Y106.167 E.00195
;WIDTH:0.203392
G2 X116.73 Y106.063 I-.159 J-.134 E.00149
;WIDTH:0.17416
G1 X116.75 Y105.996 E.00074
;WIDTH:0.146688
G1 X116.773 Y105.905 E.00078
;WIDTH:0.11963
G1 X116.794 Y105.819 E.00055
;WIDTH:0.101537
G1 X116.808 Y105.749 E.00034
G1 X117.555 Y104.841 F18000
;WIDTH:0.16192
G1 F1345
G1 X117.195 Y104.275 E.00644
;WIDTH:0.144807
G1 X117.142 Y104.196 E.00078
;WIDTH:0.128845
G1 X117.089 Y104.117 E.00066
G1 X117.103 Y104.107 F18000
;WIDTH:0.271105
G1 F1345
G1 X117.537 Y104.859 E.01597
G1 X117.525 Y104.872 F18000
;WIDTH:0.400603
G1 F1345
G2 X117.143 Y104.14 I-22.66 J11.354 E.0238
G1 X115.852 Y102.849 F18000
;WIDTH:0.396071
G1 F1345
G2 X115.127 Y102.477 I-8.936 J16.524 E.02321
G1 X115.141 Y102.463 F18000
;WIDTH:0.261237
G1 F1345
G3 X115.888 Y102.904 I-9.709 J17.275 E.01528
G1 X115.883 Y102.911 F18000
;WIDTH:0.112885
G1 F1345
G1 X115.804 Y102.858 E.00054
;WIDTH:0.156807
G2 X115.159 Y102.445 I-9.772 J14.539 E.00704
G1 X113.72 Y103.319 F18000
;WIDTH:0.161497
G1 F1345
G3 X114.104 Y103.221 I2.261 J8.036 E.00379
;WIDTH:0.124347
G1 X114.198 Y103.198 E.00064
;WIDTH:0.103077
G1 X114.28 Y103.183 E.0004
G1 X114.021 Y103.179 F18000
;WIDTH:0.205056
G1 F1345
G1 X113.758 Y103.376 E.00429
;WIDTH:0.145252
G1 X113.493 Y103.609 E.00291
G1 X113.182 Y103.942 E.00376
;WIDTH:0.180308
G1 X113.083 Y104.065 E.00176
;WIDTH:0.197569
G1 X112.949 Y104.246 E.00281
G1 X112.95 Y104.493 F18000
;WIDTH:0.120912
G1 F1345
G1 X112.986 Y104.336 E.00101
;WIDTH:0.146333
G1 X113.007 Y104.249 E.00075
;WIDTH:0.160585
G1 X113.089 Y103.949 E.00295
G1 X112.429 Y105.175 F18000
;WIDTH:0.103583
G1 F1345
G1 X112.462 Y105.356 E.0009
G1 X113.722 Y108.47 F18000
;TYPE:Sparse infill
;WIDTH:0.45
G1 F1345
G1 X107.892 Y114.299 E.27068
G1 X107.876 Y114.214 E.00283
G1 X107.596 Y114.267 E.00937
G2 X106.925 Y113.075 I-3.103 J.963 E.04525
G1 X113.078 Y106.922 E.28573
G3 X112.407 Y105.722 I2.046 J-1.931 E.04561
G1 X112.132 Y105.775 E.00922
G1 X112.116 Y105.692 E.00278
G1 X106.29 Y111.518 E.27053
G1 X103.961 Y113.077 F18000
;TYPE:Gap infill
;WIDTH:0.161492
G1 F1345
G3 X104.346 Y112.979 I2.271 J8.078 E.00379
;WIDTH:0.124344
G1 X104.44 Y112.956 E.00064
;WIDTH:0.103074
G1 X104.522 Y112.941 E.0004
G1 X104.263 Y112.937 F18000
;WIDTH:0.20497
G1 F1345
G1 X104 Y113.135 E.0043
;WIDTH:0.147599
G1 X103.61 Y113.492 E.00446
G1 X103.374 Y113.761 E.00302
;WIDTH:0.193018
G1 X103.31 Y113.843 E.00125
G2 X103.254 Y113.99 I.549 J.292 E.00191
;WIDTH:0.151372
G1 X103.23 Y114.084 E.00085
;WIDTH:0.123452
G1 X103.192 Y114.251 E.00111
G1 X102.445 Y115.159 F18000
;WIDTH:0.156813
G1 F1345
G2 X102.858 Y115.804 I14.952 J-9.127 E.00704
;WIDTH:0.112887
G1 X102.911 Y115.883 E.00054
G1 X102.897 Y115.893 F18000
;WIDTH:0.26583
G1 F1345
G1 X102.463 Y115.141 E.01561
G1 X102.475 Y115.128 F18000
;WIDTH:0.389681
G1 F1345
G2 X102.857 Y115.86 I22.679 J-11.364 E.02307
G1 X104.125 Y117.127 F18000
;WIDTH:0.339123
G1 F1345
G1 X104.866 Y117.53 E.02016
G1 X104.857 Y117.539 F18000
;WIDTH:0.264747
G1 F1345
G1 X104.108 Y117.101 E.01552
G1 X104.114 Y117.092 F18000
;WIDTH:0.163088
G1 F1345
G1 X104.841 Y117.555 E.00835
G1 X104.515 Y117.517 F18000
;WIDTH:0.126029
G1 F1345
G1 X105.108 Y117.288 E.00427
G1 X106.27 Y116.692 F18000
;WIDTH:0.183352
G1 F1345
G1 X105.996 Y116.762 E.0032
;WIDTH:0.16775
G1 X105.909 Y116.782 E.00089
;WIDTH:0.138268
G1 X105.819 Y116.803 E.00071
;WIDTH:0.123385
G1 X105.684 Y116.828 E.00089
G1 X105.961 Y116.834 F18000
;WIDTH:0.202418
G1 F1345
G1 X106.161 Y116.687 E.00319
;WIDTH:0.182799
G1 X106.3 Y116.576 E.002
;WIDTH:0.142299
G1 X106.508 Y116.39 E.00224
G1 X106.816 Y116.061 E.00361
;WIDTH:0.181606
G1 X106.925 Y115.925 E.00195
;WIDTH:0.203392
G2 X106.972 Y115.821 I-.159 J-.134 E.00149
;WIDTH:0.174161
G1 X106.992 Y115.754 E.00074
;WIDTH:0.146688
G1 X107.014 Y115.663 E.00078
;WIDTH:0.119629
G1 X107.036 Y115.577 E.00055
;WIDTH:0.101536
G1 X107.05 Y115.507 E.00034
G1 X107.528 Y114.868 F18000
;WIDTH:0.120804
G1 F1345
G1 X107.565 Y114.773 E.00064
G1 X107.539 Y114.632 E.0009
; stop printing object Block.stl id:105326592607568 copy 0
;LAYER_CHANGE
;Z:15.24
;HEIGHT:0.2
G92 E0 ; zero the extruded length again
; BEFORE_LAYER_CHANGE 75 @ 15.24mm
G1 E-2.25415 F6000
;WIPE_START
G1 X107.565 Y114.773 E-.14334
G1 X107.528 Y114.868 E-.10251
;WIPE_END
; AFTER_LAYER_CHANGE 75 @ 15.24mm
;_SET_FAN_SPEED_CHANGING_LAYER
; printing object Block.stl id:105326592607568 copy 0
G1 X101.458 Y115.303 Z15.24 F18000
G1 E2.5 F6000
M204 P1000
;TYPE:Outer wall
;WIDTH:0.42
G1 F1365
G1 X115.303 Y101.458 E.5955
G1 X116.014 Y102.169 E.03057
G1 X118.542 Y104.697 E.10873
G1 X104.697 Y118.542 E.5955
G1 X101.501 Y115.346 E.13747
G1 E-1.75 F6000
;WIPE_START
G1 F3600
G1 X102.206 Y114.636 E-.75
;WIPE_END
G1 X105.642 Y117.043 F18000
G1 E2.5 F6000
M204 P1500
;TYPE:Inner wall
;WIDTH:0.45
G1 F1365
G1 X104.697 Y117.987 E.04387
G1 X102.013 Y115.303 E.12463
G1 X102.958 Y114.358 E.04391
G1 X102.922 Y114.764 E.01338
G2 X105.217 Y117.08 I2.202 J.113 E.1205
G1 X105.582 Y117.048 E.01202
G1 E-1.75 F6000
;WIPE_START
G1 X104.896 Y117.776 E-.75
;WIPE_END
G1 X106.907 Y114.62 F18000
G1 E2.5 F6000
M204 P1000
;TYPE:Outer wall
;WIDTH:0.42
G1 F1365
G1 X106.929 Y114.959 E.01035
G3 X104.729 Y113.112 I-1.808 J-.081 E.24484
G1 X104.886 Y113.084 E.00484
G3 X106.903 Y114.56 I.236 J1.794 E.0839
G1 E-1.75 F6000
;WIPE_START
G1 F3600
G1 X106.929 Y114.959 E-.30016
G1 X106.889 Y115.268 E-.23363
G1 X106.796 Y115.541 E-.21621
;WIPE_END
G1 X117.039 Y105.645 F18000
G1 E2.5 F6000
M204 P1500
;TYPE:Inner wall
;WIDTH:0.45
G1 F1365
G2 X116.787 Y104.02 I-2.406 J-.458 E.05507
G2 X114.802 Y102.92 I-1.924 J1.132 E.07813
G1 X114.361 Y102.955 E.01455
G1 X115.303 Y102.013 E.04378
G1 X117.987 Y104.697 E.12463
G1 X117.082 Y105.602 E.04204
G1 E-1.75 F6000
;WIPE_START
G1 X117.08 Y105.22 E-.287
G1 X117.063 Y104.833 E-.28984
G1 X117.03 Y104.645 E-.14332
G1 X117.019 Y104.607 E-.02984
;WIPE_END
G1 X114.818 Y106.928 F18000
G1 E2.5 F6000
M204 P1000
;TYPE:Outer wall
;WIDTH:0.42
G1 F1365
G1 X114.8 Y106.929 E.00053
G3 X114.487 Y103.354 I.079 J-1.808 E.1585
G1 X114.644 Y103.326 E.00484
G3 X115.196 Y106.903 I.236 J1.795 E.17045
G1 X114.878 Y106.924 E.00971
G1 X114.801 Y107.314 F18000
M204 P1500
;TYPE:Inner wall
;WIDTH:0.45
G1 F1365
G1 X114.975 Y107.322 E.00572
G1 X115.4 Y107.284 E.01399
G1 X107.281 Y115.403 E.37696
G2 X107.032 Y113.784 I-2.362 J-.464 E.05485
G2 X105.044 Y112.678 I-1.926 J1.121 E.07839
G1 X104.602 Y112.713 E.01455
G1 X112.698 Y104.618 E.37591
G1 X112.677 Y105.113 E.01629
G2 X114.599 Y107.305 I2.205 J.005 E.10459
G1 X114.741 Y107.312 E.00467
G1 E-1.75 F6000
;WIPE_START
G1 X114.975 Y107.322 E-.17558
G1 X115.4 Y107.284 E-.31958
G1 X115.159 Y107.525 E-.25484
;WIPE_END
G1 X115.488 Y107.056 F18000
G1 E2.5 F6000
M204 P2000
;TYPE:Gap infill
;WIDTH:0.123544
G1 F1365
G1 X115.663 Y107.017 E.00117
;WIDTH:0.151219
G1 X115.75 Y106.996 E.00078
;WIDTH:0.165772
G1 X115.756 Y106.994 E.00005
;WIDTH:0.19685
G2 X115.919 Y106.929 I-.008 J-.257 E.00223
;WIDTH:0.182193
G1 X116.062 Y106.815 E.00206
;WIDTH:0.145263
G1 X116.325 Y106.574 E.00295
G1 X116.627 Y106.238 E.00373
;WIDTH:0.192933
G2 X116.724 Y106.086 I-.478 J-.413 E.00219
G1 X116.746 Y106.006 E.00101
;WIDTH:0.152985
G1 X116.767 Y105.932 E.00068
;WIDTH:0.114884
G1 X116.808 Y105.748 E.00109
G1 X117.287 Y105.109 F18000
;WIDTH:0.126417
G1 F1365
G1 X117.518 Y104.515 E.00429
G1 X117.504 Y104.501 F18000
;WIDTH:0.33451
G1 F1365
G1 X117.303 Y105.094 E.01472
G1 X117.557 Y104.84 F18000
;WIDTH:0.16026
G1 F1365
G1 X117.092 Y104.115 E.00815
G1 X117.099 Y104.11 F18000
;WIDTH:0.230589
G1 F1365
G1 X117.542 Y104.854 E.01311
G1 X117.531 Y104.865 F18000
;WIDTH:0.334876
G1 F1365
G1 X117.123 Y104.12 E.02001
G1 X115.852 Y102.849 F18000
;WIDTH:0.396069
G1 F1365
G2 X115.127 Y102.477 I-8.948 J16.545 E.02321
G1 X115.141 Y102.463 F18000
;WIDTH:0.265822
G1 F1365
G1 X115.893 Y102.897 E.0156
G1 X115.883 Y102.911 F18000
;WIDTH:0.112883
G1 F1365
G1 X115.804 Y102.858 E.00054
;WIDTH:0.156803
G2 X115.159 Y102.445 I-9.701 J14.432 E.00704
G1 X113.716 Y103.322 F18000
;WIDTH:0.163564
G1 F1365
G3 X114.097 Y103.221 I3.422 J12.147 E.00383
;WIDTH:0.117785
G1 X114.276 Y103.182 E.00111
G1 X114.021 Y103.179 F18000
;WIDTH:0.206514
G1 F1365
G1 X113.759 Y103.375 E.00431
;WIDTH:0.145223
G1 X113.492 Y103.61 E.00294
G1 X113.182 Y103.942 E.00374
;WIDTH:0.180407
G1 X113.082 Y104.066 E.00176
;WIDTH:0.197758
G1 X112.908 Y104.301 E.00366
G1 X112.919 Y104.593 F18000
;WIDTH:0.135441
G1 F1365
G1 X112.949 Y104.421 E.0013
;WIDTH:0.151575
G1 X112.97 Y104.329 E.00082
;WIDTH:0.183469
G1 X112.989 Y104.241 E.00102
;WIDTH:0.200555
G1 X113.052 Y103.987 E.00333
G1 X112.429 Y105.175 F18000
;WIDTH:0.103986
G1 F1365
G1 X112.462 Y105.357 E.00091
G1 X113.718 Y108.473 F18000
;TYPE:Sparse infill
;WIDTH:0.45
G1 F1365
G1 X107.89 Y114.301 E.27061
G1 X107.876 Y114.222 E.00263
G1 X107.598 Y114.277 E.0093
G2 X106.923 Y113.077 I-3.271 J1.049 E.04551
G1 X113.083 Y106.917 E.28604
G3 X112.402 Y105.723 I1.696 J-1.76 E.04573
G1 X112.132 Y105.776 E.00903
G1 X112.117 Y105.692 E.00281
G1 X106.286 Y111.522 E.27072
G1 X103.958 Y113.081 F18000
;TYPE:Gap infill
;WIDTH:0.163699
G1 F1365
G3 X104.339 Y112.979 I3.284 J11.598 E.00384
;WIDTH:0.117783
G1 X104.518 Y112.94 E.00111
G1 X104.262 Y112.937 F18000
;WIDTH:0.205015
G1 F1365
G1 X104 Y113.134 E.00428
;WIDTH:0.145248
G1 X103.735 Y113.367 E.00291
G1 X103.424 Y113.7 E.00376
;WIDTH:0.180405
G1 X103.324 Y113.824 E.00177
;WIDTH:0.197759
G1 X103.187 Y114.01 E.0029
G1 X103.188 Y114.263 F18000
;WIDTH:0.122969
G1 F1365
G1 X103.226 Y114.093 E.00113
;WIDTH:0.149929
G1 X103.247 Y114.006 E.00077
;WIDTH:0.164415
G1 X103.328 Y113.711 E.003
G1 X102.713 Y114.891 F18000
;WIDTH:0.12015
G1 F1365
G1 X102.481 Y115.484 E.00397
G1 X102.496 Y115.499 F18000
;WIDTH:0.334503
G1 F1365
G1 X102.697 Y114.906 E.01472
G1 X102.437 Y115.167 F18000
;WIDTH:0.118263
G1 F1365
G2 X102.91 Y115.882 I22.149 J-14.169 E.00521
G1 X102.903 Y115.888 F18000
;WIDTH:0.210574
G1 F1365
G1 X102.455 Y115.149 E.01168
G1 X102.469 Y115.135 F18000
;WIDTH:0.326709
G1 F1365
G1 X102.878 Y115.881 E.01948
G1 X104.115 Y117.118 F18000
;WIDTH:0.3217
G1 F1365
G1 X104.865 Y117.532 E.01925
G1 X104.853 Y117.543 F18000
;WIDTH:0.218701
G1 F1365
G1 X104.111 Y117.098 E.01227
G1 X104.115 Y117.091 F18000
;WIDTH:0.158474
G1 F1365
G1 X104.839 Y117.558 E.00802
G1 X105.093 Y117.304 F18000
;WIDTH:0.325226
G1 F1365
G1 X104.501 Y117.503 E.01423
G1 X104.515 Y117.518 F18000
;WIDTH:0.123266
G1 F1365
G1 X105.109 Y117.287 E.00413
G1 X105.734 Y116.814 F18000
;WIDTH:0.133983
G1 F1365
G1 X105.899 Y116.777 E.00124
;WIDTH:0.150652
G1 X105.999 Y116.752 E.00089
;WIDTH:0.197093
G2 X106.161 Y116.687 I-.126 J-.553 E.00218
;WIDTH:0.182194
G1 X106.304 Y116.573 E.00206
;WIDTH:0.145035
G1 X106.567 Y116.332 E.00294
G1 X106.865 Y116 E.00367
;WIDTH:0.197097
G2 X106.972 Y115.821 I-.283 J-.29 E.00263
;WIDTH:0.174346
G1 X106.992 Y115.754 E.00074
;WIDTH:0.146883
G1 X107.015 Y115.663 E.00079
;WIDTH:0.119796
G1 X107.036 Y115.577 E.00055
;WIDTH:0.101613
G1 X107.05 Y115.506 E.00034
G1 X107.571 Y114.825 F18000
;WIDTH:0.119139
G1 F1365
G1 X107.538 Y114.643 E.00114
; stop printing object Block.stl id:105326592607568 copy 0
;LAYER_CHANGE
;Z:15.44
;HEIGHT:0.2
G92 E0 ; zero the extruded length again
; BEFORE_LAYER_CHANGE 76 @ 15.44mm
G1 E-2.31515 F6000
;WIPE_START
G1 X107.571 Y114.825 E-.18485
;WIPE_END
; AFTER_LAYER_CHANGE 76 @ 15.44mm
;_SET_FAN_SPEED_CHANGING_LAYER
; printing object Block.stl id:105326592607568 copy 0
G1 X101.458 Y115.303 Z15.44 F18000
G1 E2.5 F6000
M204 P1000
;TYPE:Outer wall
;WIDTH:0.42
G1 F1346
G1 X115.303 Y101.458 E.5955
G1 X115.979 Y102.133 E.02905
G1 X118.542 Y104.697 E.11025
G1 X104.697 Y118.542 E.5955
G1 X101.501 Y115.346 E.13747
G1 E-1.75 F6000
;WIPE_START
G1 F3600
G1 X102.206 Y114.636 E-.75
;WIPE_END
G1 X105.642 Y117.043 F18000
G1 E2.5 F6000
M204 P1500
;TYPE:Inner wall
;WIDTH:0.45
G1 F1346
G1 X104.697 Y117.987 E.04387
G1 X102.013 Y115.303 E.12463
G1 X102.958 Y114.358 E.04391
G1 X102.922 Y114.764 E.01341
G2 X105.217 Y117.08 I2.204 J.111 E.12045
G1 X105.582 Y117.048 E.01202
G1 E-1.75 F6000
;WIPE_START
G1 X104.896 Y117.776 E-.75
;WIPE_END
G1 X106.907 Y114.622 F18000
G1 E2.5 F6000
M204 P1000
;TYPE:Outer wall
;WIDTH:0.42
G1 F1346
G1 X106.929 Y114.959 E.01026
G3 X104.729 Y113.112 I-1.808 J-.081 E.24485
G1 X104.886 Y113.084 E.00484
G3 X106.903 Y114.562 I.236 J1.794 E.08396
G1 X106.903 Y114.562 E.00002
G1 E-1.75 F6000
;WIPE_START
G1 F3600
G1 X106.929 Y114.959 E-.29813
G1 X106.889 Y115.268 E-.23364
G1 X106.796 Y115.544 E-.21823
;WIPE_END
G1 X114.36 Y102.955 F18000
G1 E2.5 F6000
M204 P1500
;TYPE:Inner wall
;WIDTH:0.45
G1 F1346
G1 X115.303 Y102.013 E.04378
G1 X115.701 Y102.411 E.01848
G1 X117.987 Y104.697 E.10615
G1 X117.04 Y105.644 E.04401
G2 X116.787 Y104.02 I-2.37 J-.463 E.0551
G2 X114.802 Y102.92 I-1.923 J1.13 E.07817
G1 X114.42 Y102.951 E.01256
G1 E-1.75 F6000
;WIPE_START
G1 X115.106 Y102.223 E-.75
;WIPE_END
G1 X114.815 Y106.926 F18000
G1 E2.5 F6000
M204 P1000
;TYPE:Outer wall
;WIDTH:0.42
G1 F1346
G1 X114.721 Y106.923 E.00284
G3 X114.487 Y103.354 I.158 J-1.803 E.15606
G1 X114.644 Y103.326 E.00484
G3 X114.958 Y106.928 I.236 J1.794 E.17769
G1 X114.875 Y106.927 E.00253
G1 X114.807 Y107.318 F18000
M204 P1500
;TYPE:Inner wall
;WIDTH:0.45
G1 F1346
G1 X114.975 Y107.321 E.00553
G1 X115.39 Y107.294 E.01366
G1 X107.282 Y115.403 E.37651
G2 X107.029 Y113.778 I-2.364 J-.464 E.0551
G2 X105.044 Y112.678 I-1.923 J1.13 E.07817
G1 X104.602 Y112.714 E.01453
G1 X112.716 Y104.6 E.37676
G1 X112.68 Y105.006 E.01341
G2 X114.687 Y107.314 I2.203 J.111 E.11098
G1 X114.747 Y107.316 E.00196
G1 E-1.75 F6000
;WIPE_START
G1 X114.975 Y107.321 E-.17127
G1 X115.39 Y107.294 E-.31197
G1 X115.139 Y107.545 E-.26676
;WIPE_END
G1 X115.442 Y107.07 F18000
G1 E2.5 F6000
M204 P2000
;TYPE:Gap infill
;WIDTH:0.123375
G1 F1346
G1 X115.577 Y107.045 E.00089
;WIDTH:0.138257
G1 X115.667 Y107.024 E.00071
;WIDTH:0.167739
G1 X115.754 Y107.004 E.00089
;WIDTH:0.18334
G1 X116.028 Y106.934 E.0032
G1 X115.719 Y107.076 F18000
;WIDTH:0.19688
G1 F1346
G1 X115.997 Y106.868 E.0043
;WIDTH:0.145254
G1 X116.266 Y106.632 E.00296
G1 X116.574 Y106.303 E.00372
;WIDTH:0.181606
G1 X116.683 Y106.167 E.00195
;WIDTH:0.203623
G2 X116.73 Y106.063 I-.16 J-.135 E.0015
;WIDTH:0.174522
G1 X116.75 Y105.996 E.00074
;WIDTH:0.147071
G1 X116.773 Y105.905 E.00079
;WIDTH:0.11996
G1 X116.794 Y105.819 E.00055
;WIDTH:0.10169
G1 X116.809 Y105.748 E.00035
G1 X117.555 Y104.841 F18000
;WIDTH:0.161926
G1 F1346
G1 X117.195 Y104.275 E.00644
;WIDTH:0.144812
G1 X117.142 Y104.196 E.00078
;WIDTH:0.128848
G1 X117.089 Y104.117 E.00066
G1 X117.103 Y104.107 F18000
;WIDTH:0.271085
G1 F1346
G1 X117.537 Y104.859 E.01597
G1 X117.525 Y104.872 F18000
;WIDTH:0.400581
G1 F1346
G2 X117.143 Y104.14 I-22.621 J11.335 E.0238
G1 X115.852 Y102.849 F18000
;WIDTH:0.39605
G1 F1346
G2 X115.127 Y102.477 I-8.952 J16.554 E.02321
G1 X115.141 Y102.463 F18000
;WIDTH:0.265809
G1 F1346
G1 X115.895 Y102.898 E.01564
G1 X115.885 Y102.913 F18000
;WIDTH:0.112474
G1 F1346
G1 X115.806 Y102.86 E.00053
;WIDTH:0.155301
G2 X115.16 Y102.444 I-9.115 J13.457 E.00697
G1 X114.276 Y103.182 F18000
;WIDTH:0.11501
G1 F1346
G1 X114.115 Y103.217 E.00095
;WIDTH:0.151764
G1 X114.005 Y103.245 E.001
;WIDTH:0.197659
G1 X113.907 Y103.272 E.00127
G2 X113.776 Y103.362 I.403 J.727 E.00199
;WIDTH:0.165461
G1 X113.625 Y103.488 E.00194
;WIDTH:0.143889
G1 X113.365 Y103.737 E.00293
G1 X113.132 Y104.003 E.00289
;WIDTH:0.194847
G1 X113.068 Y104.085 E.00127
G2 X113.01 Y104.232 I.474 J.271 E.00195
;WIDTH:0.154688
G1 X112.987 Y104.326 E.00087
;WIDTH:0.125288
G1 X112.946 Y104.506 E.00122
G1 X112.475 Y105.129 F18000
;WIDTH:0.119813
G1 F1346
G1 X112.436 Y105.223 E.00063
G1 X112.462 Y105.357 E.00085
G1 X111.346 Y106.463 F18000
;TYPE:Sparse infill
;WIDTH:0.45
G1 F1346
G1 X105.454 Y112.354 E.27356
G3 X106.923 Y113.077 I-.371 J2.607 E.05465
G1 X113.077 Y106.923 E.28573
G2 X114.547 Y107.644 I1.981 J-2.179 E.05449
G1 X108.656 Y113.535 E.27354
G1 X107.538 Y114.643 F18000
;TYPE:Gap infill
;WIDTH:0.119308
G1 F1346
G1 X107.571 Y114.825 E.00114
G1 X107.051 Y115.506 F18000
;WIDTH:0.101692
G1 F1346
G1 X107.036 Y115.578 E.00035
;WIDTH:0.119964
G1 X107.015 Y115.663 E.00055
;WIDTH:0.147075
G1 X106.992 Y115.754 E.00079
;WIDTH:0.174526
G1 X106.972 Y115.821 E.00074
;WIDTH:0.203625
G3 X106.925 Y115.925 I-.207 J-.032 E.0015
;WIDTH:0.181605
G1 X106.816 Y116.061 E.00195
;WIDTH:0.142142
G1 X106.567 Y116.332 E.00294
G1 X106.304 Y116.573 E.00286
;WIDTH:0.182192
G1 X106.161 Y116.687 E.00206
;WIDTH:0.196847
G3 X105.998 Y116.752 I-.171 J-.192 E.00223
;WIDTH:0.165776
G1 X105.992 Y116.754 E.00005
;WIDTH:0.151623
G1 X105.908 Y116.775 E.00076
;WIDTH:0.124494
G1 X105.734 Y116.814 E.00118
G1 X105.108 Y117.288 F18000
;WIDTH:0.125839
G1 F1346
G1 X104.515 Y117.517 E.00426
G1 X104.5 Y117.503 F18000
;WIDTH:0.342441
G1 F1346
G1 X105.093 Y117.304 E.0151
G1 X104.841 Y117.555 F18000
;WIDTH:0.163078
G1 F1346
G1 X104.115 Y117.092 E.00835
G1 X104.108 Y117.101 F18000
;WIDTH:0.264738
G1 F1346
G1 X104.857 Y117.539 E.01552
G1 X104.866 Y117.53 F18000
;WIDTH:0.339236
G1 F1346
G1 X104.125 Y117.127 E.02017
G1 X102.878 Y115.881 F18000
;WIDTH:0.326716
G1 F1346
G1 X102.469 Y115.135 E.01948
G1 X102.455 Y115.149 F18000
;WIDTH:0.210582
G1 F1346
G1 X102.903 Y115.888 E.01168
G1 X102.91 Y115.882 F18000
;WIDTH:0.118265
G1 F1346
G3 X102.436 Y115.167 I21.824 J-14.985 E.00521
G1 X102.697 Y114.906 F18000
;WIDTH:0.334453
G1 F1346
G1 X102.496 Y115.499 E.01472
G1 X102.481 Y115.484 F18000
;WIDTH:0.120268
G1 F1346
G1 X102.713 Y114.891 E.00397
G1 X103.188 Y114.264 F18000
;WIDTH:0.125296
G1 F1346
G1 X103.228 Y114.084 E.00122
;WIDTH:0.154699
G1 X103.252 Y113.991 E.00087
;WIDTH:0.194852
G3 X103.31 Y113.843 I.532 J.123 E.00195
G1 X103.374 Y113.761 E.00127
;WIDTH:0.143889
G1 X103.607 Y113.495 E.00289
G1 X103.867 Y113.246 E.00293
;WIDTH:0.165461
G1 X104.018 Y113.12 E.00194
;WIDTH:0.19788
G3 X104.149 Y113.03 I.534 J.637 E.00199
G1 X104.245 Y113.003 E.00124
;WIDTH:0.154892
G1 X104.339 Y112.98 E.00088
;WIDTH:0.117712
G1 X104.518 Y112.941 E.0011
; stop printing object Block.stl id:105326592607568 copy 0
;LAYER_CHANGE
;Z:15.64
;HEIGHT:0.200001
G92 E0 ; zero the extruded length again
; BEFORE_LAYER_CHANGE 77 @ 15.64mm
G1 E-2.31727 F6000
;WIPE_START
G1 X104.339 Y112.98 E-.18273
;WIPE_END
; AFTER_LAYER_CHANGE 77 @ 15.64mm
;_SET_FAN_SPEED_CHANGING_LAYER
; printing object Block.stl id:105326592607568 copy 0
G1 X101.458 Y115.303 Z15.64 F18000
G1 E2.5 F6000
M204 P1000
;TYPE:Outer wall
;WIDTH:0.42
G1 F1357
G1 X115.303 Y101.458 E.5955
G1 X115.943 Y102.098 E.02752
G1 X118.542 Y104.697 E.11177
G1 X104.697 Y118.542 E.5955
G1 X101.501 Y115.346 E.13747
G1 E-1.75 F6000
;WIPE_START
G1 F3600
G1 X102.206 Y114.636 E-.75
;WIPE_END
G1 X105.642 Y117.043 F18000
G1 E2.5 F6000
M204 P1500
;TYPE:Inner wall
;WIDTH:0.45
G1 F1357
G1 X104.697 Y117.987 E.04387
G1 X102.013 Y115.303 E.12463
G1 X102.96 Y114.356 E.044
G1 X102.92 Y114.781 E.01402
G2 X105.217 Y117.08 I2.205 J.094 E.11992
G1 X105.582 Y117.048 E.01202
G1 E-1.75 F6000
;WIPE_START
G1 X104.896 Y117.776 E-.75
;WIPE_END
G1 X106.912 Y114.63 F18000
G1 E2.5 F6000
M204 P1000
;TYPE:Outer wall
;WIDTH:0.42
G1 F1357
G1 X106.919 Y114.662 E.00101
G3 X104.732 Y113.111 I-1.796 J.216 E.25393
G1 X104.886 Y113.084 E.00473
G3 X106.871 Y114.41 I.237 J1.794 E.07929
G1 X106.901 Y114.571 E.00497
G1 E-1.75 F6000
;WIPE_START
G1 F3600
G1 X106.919 Y114.662 E-.06987
G1 X106.93 Y114.959 E-.22283
G1 X106.869 Y115.351 E-.2974
G1 X106.796 Y115.551 E-.1599
;WIPE_END
G1 X117.04 Y105.644 F18000
G1 E2.5 F6000
M204 P1500
;TYPE:Inner wall
;WIDTH:0.45
G1 F1357
G2 X116.787 Y104.02 I-2.422 J-.455 E.05505
G2 X114.801 Y102.92 I-1.935 J1.151 E.07812
G1 X114.36 Y102.956 E.01451
G1 X115.303 Y102.013 E.04378
G1 X117.987 Y104.697 E.12463
G1 X117.082 Y105.602 E.04203
G1 E-1.75 F6000
;WIPE_START
G1 X117.08 Y105.219 E-.28696
G1 X117.063 Y104.833 E-.28968
G1 X117.013 Y104.608 E-.17335
;WIPE_END
G1 X114.815 Y106.929 F18000
G1 E2.5 F6000
M204 P1000
;TYPE:Outer wall
;WIDTH:0.42
G1 F1357
G1 X114.799 Y106.928 E.00048
G3 X114.491 Y103.353 I.082 J-1.808 E.15843
G1 X114.644 Y103.326 E.00473
G3 X115.177 Y106.905 I.237 J1.794 E.17108
G1 X114.875 Y106.925 E.00922
G1 X114.796 Y107.313 F18000
M204 P1500
;TYPE:Inner wall
;WIDTH:0.45
G1 F1357
G1 X114.967 Y107.322 E.00564
G1 X115.39 Y107.294 E.01391
G1 X107.282 Y115.402 E.37651
G2 X107.071 Y113.856 I-2.404 J-.461 E.05215
G2 X105.043 Y112.678 I-1.977 J1.069 E.08104
G1 X104.602 Y112.714 E.01451
G1 X112.698 Y104.618 E.37592
G1 X112.677 Y105.113 E.01629
G2 X114.574 Y107.301 I2.206 J.003 E.10373
G1 X114.736 Y107.31 E.00533
G1 E-1.75 F6000
;WIPE_START
G1 X114.967 Y107.322 E-.17377
G1 X115.39 Y107.294 E-.31772
G1 X115.146 Y107.538 E-.2585
;WIPE_END
G1 X115.442 Y107.07 F18000
G1 E2.5 F6000
M204 P2000
;TYPE:Gap infill
;WIDTH:0.123391
G1 F1357
G1 X115.577 Y107.045 E.00089
;WIDTH:0.138272
G1 X115.667 Y107.024 E.00071
;WIDTH:0.167748
G1 X115.754 Y107.004 E.00089
;WIDTH:0.183348
G1 X116.028 Y106.934 E.0032
G1 X115.719 Y107.076 F18000
;WIDTH:0.202415
G1 F1357
G1 X115.919 Y106.929 E.00319
;WIDTH:0.182795
G1 X116.058 Y106.818 E.002
;WIDTH:0.1423
G1 X116.266 Y106.632 E.00224
G1 X116.574 Y106.303 E.00361
;WIDTH:0.181604
G1 X116.683 Y106.167 E.00195
;WIDTH:0.203744
G2 X116.731 Y106.063 I-.161 J-.136 E.0015
;WIDTH:0.17472
G1 X116.75 Y105.996 E.00073
;WIDTH:0.147281
G1 X116.773 Y105.905 E.00079
;WIDTH:0.120142
G1 X116.794 Y105.819 E.00055
;WIDTH:0.101775
G1 X116.809 Y105.747 E.00035
G1 X117.287 Y105.109 F18000
;WIDTH:0.126407
G1 F1357
G1 X117.518 Y104.515 E.00429
G1 X117.504 Y104.501 F18000
;WIDTH:0.334472
G1 F1357
G1 X117.303 Y105.094 E.01472
G1 X117.562 Y104.834 F18000
;WIDTH:0.130033
G1 F1357
G2 X117.089 Y104.117 I-24.382 J15.568 E.00603
G1 X117.097 Y104.112 F18000
;WIDTH:0.214871
G1 F1357
G1 X117.545 Y104.851 E.01199
G1 X117.531 Y104.865 F18000
;WIDTH:0.334032
G1 F1357
G1 X117.122 Y104.119 E.01998
G1 X115.852 Y102.849 F18000
;WIDTH:0.396074
G1 F1357
G2 X115.127 Y102.477 I-8.936 J16.524 E.02321
G1 X115.141 Y102.463 F18000
;WIDTH:0.265814
G1 F1357
G1 X115.893 Y102.897 E.0156
G1 X115.883 Y102.911 F18000
;WIDTH:0.112884
G1 F1357
G1 X115.804 Y102.858 E.00054
;WIDTH:0.156805
G2 X115.159 Y102.445 I-9.722 J14.464 E.00704
G1 X113.719 Y103.32 F18000
;WIDTH:0.161225
G1 F1357
G3 X114.103 Y103.221 I2.286 J8.111 E.00378
;WIDTH:0.124404
G1 X114.196 Y103.199 E.00063
;WIDTH:0.103182
G1 X114.279 Y103.183 E.00041
G1 X114.02 Y103.18 F18000
;WIDTH:0.204934
G1 F1357
G1 X113.758 Y103.376 E.00427
;WIDTH:0.145242
G1 X113.493 Y103.609 E.00291
G1 X113.182 Y103.942 E.00376
;WIDTH:0.180604
G1 X113.082 Y104.067 E.00178
;WIDTH:0.198138
G1 X112.908 Y104.302 E.00365
G1 X112.919 Y104.593 F18000
;WIDTH:0.135438
G1 F1357
G1 X112.949 Y104.421 E.0013
;WIDTH:0.151562
G1 X112.97 Y104.329 E.00082
;WIDTH:0.183436
G1 X112.989 Y104.242 E.00102
;WIDTH:0.200501
G1 X113.052 Y103.987 E.00333
G1 X111.344 Y106.464 F18000
;TYPE:Sparse infill
;WIDTH:0.45
G1 F1357
G1 X105.453 Y112.355 E.27354
G3 X106.923 Y113.077 I-.488 J2.853 E.05451
G1 X113.079 Y106.921 E.28585
G2 X114.549 Y107.642 I1.781 J-1.77 E.05476
G1 X108.66 Y113.532 E.27346
G1 X107.051 Y115.505 F18000
;TYPE:Gap infill
;WIDTH:0.101774
G1 F1357
G1 X107.036 Y115.578 E.00035
;WIDTH:0.120139
G1 X107.015 Y115.663 E.00055
;WIDTH:0.147276
G1 X106.992 Y115.754 E.00079
;WIDTH:0.174716
G1 X106.972 Y115.821 E.00074
;WIDTH:0.203674
G3 X106.924 Y115.926 I-.213 J-.034 E.00153
;WIDTH:0.179259
G1 X106.8 Y116.079 E.00216
;WIDTH:0.141718
G1 X106.496 Y116.402 E.00354
G1 X106.3 Y116.576 E.00209
;WIDTH:0.182796
G1 X106.161 Y116.687 E.002
;WIDTH:0.196557
G3 X105.996 Y116.753 I-.173 J-.194 E.00225
;WIDTH:0.165049
G1 X105.99 Y116.754 E.00006
;WIDTH:0.149724
G1 X105.897 Y116.777 E.00083
;WIDTH:0.122836
G1 X105.732 Y116.814 E.00109
G1 X105.109 Y117.288 F18000
;WIDTH:0.125738
G1 F1357
G1 X104.515 Y117.517 E.00425
G1 X104.5 Y117.503 F18000
;WIDTH:0.341583
G1 F1357
G1 X105.093 Y117.304 E.01506
G1 X104.844 Y117.552 F18000
;WIDTH:0.167918
G1 F1357
G1 X104.114 Y117.093 E.0087
G1 X104.117 Y117.088 F18000
;WIDTH:0.113525
G1 F1357
G2 X104.827 Y117.57 I15.062 J-21.447 E.00488
G1 X104.125 Y117.127 F18000
;WIDTH:0.33929
G1 F1357
G1 X104.866 Y117.53 E.02017
G1 X104.857 Y117.539 F18000
;WIDTH:0.264734
G1 F1357
G1 X104.108 Y117.101 E.01553
G1 X102.848 Y115.851 F18000
;WIDTH:0.409872
G1 F1357
G1 X102.564 Y115.303 E.01827
G1 X102.699 Y114.905 E.01245
G1 X102.463 Y115.141 F18000
;WIDTH:0.267263
G1 F1357
G1 X102.896 Y115.893 E.01571
G1 X102.911 Y115.883 F18000
;WIDTH:0.112885
G1 F1357
G1 X102.858 Y115.804 E.00054
;WIDTH:0.156806
G3 X102.445 Y115.159 I14.532 J-9.768 E.00704
G1 X103.191 Y114.253 F18000
;WIDTH:0.120349
G1 F1357
G1 X103.227 Y114.097 E.001
;WIDTH:0.145256
G1 X103.247 Y114.014 E.00071
;WIDTH:0.176752
G1 X103.275 Y113.914 E.00112
;WIDTH:0.199384
G3 X103.369 Y113.767 I.282 J.076 E.00224
;WIDTH:0.144239
G1 X103.607 Y113.495 E.00295
G1 X103.867 Y113.246 E.00294
;WIDTH:0.165368
G1 X104.018 Y113.12 E.00194
;WIDTH:0.2028
G3 X104.149 Y113.03 I.534 J.636 E.00206
;WIDTH:0.188186
G1 X104.252 Y113.001 E.00125
;WIDTH:0.153117
G1 X104.347 Y112.979 E.00087
;WIDTH:0.123979
G1 X104.438 Y112.957 E.00061
;WIDTH:0.103183
G1 X104.521 Y112.941 E.00041
; stop printing object Block.stl id:105326592607568 copy 0
;LAYER_CHANGE
;Z:15.84
;HEIGHT:0.2
G92 E0 ; zero the extruded length again
; BEFORE_LAYER_CHANGE 78 @ 15.84mm
G1 E-2.41557 F6000
;WIPE_START
G1 X104.438 Y112.957 E-.08443
;WIPE_END
; AFTER_LAYER_CHANGE 78 @ 15.84mm
;_SET_FAN_SPEED_CHANGING_LAYER
; printing object Block.stl id:105326592607568 copy 0
G1 X101.458 Y115.303 Z15.84 F18000
G1 E2.5 F6000
M204 P1000
;TYPE:Outer wall
;WIDTH:0.42
G1 F1365
G1 X115.303 Y101.458 E.5955
G1 X115.908 Y102.063 E.026
G1 X118.542 Y104.697 E.11329
G1 X104.697 Y118.542 E.5955
G1 X101.501 Y115.346 E.13747
G1 E-1.75 F6000
;WIPE_START
G1 F3600
G1 X102.206 Y114.636 E-.75
;WIPE_END
G1 X105.642 Y117.043 F18000
G1 E2.5 F6000
M204 P1500
;TYPE:Inner wall
;WIDTH:0.45
G1 F1365
G1 X104.697 Y117.987 E.04387
G1 X102.013 Y115.303 E.12463
G1 X102.958 Y114.358 E.04391
G1 X102.921 Y114.766 E.01346
G2 X105.217 Y117.08 I2.205 J.108 E.12038
G1 X105.582 Y117.048 E.01202
G1 E-1.75 F6000
;WIPE_START
G1 X104.896 Y117.776 E-.75
;WIPE_END
G1 X106.913 Y114.63 F18000
G1 E2.5 F6000
M204 P1000
;TYPE:Outer wall
;WIDTH:0.42
G1 F1365
G1 X106.915 Y114.643 E.00038
G3 X104.729 Y113.112 I-1.794 J.235 E.25449
G1 X104.886 Y113.084 E.00483
G3 X106.847 Y114.335 I.236 J1.794 E.07685
G1 X106.9 Y114.572 E.00739
G1 E-1.75 F6000
;WIPE_START
G1 F3600
G1 X106.915 Y114.643 E-.05448
G1 X106.93 Y114.958 E-.23663
G1 X106.869 Y115.348 E-.29593
G1 X106.795 Y115.552 E-.16296
;WIPE_END
G1 X117.043 Y105.642 F18000
G1 E2.5 F6000
M204 P1500
;TYPE:Inner wall
;WIDTH:0.45
G1 F1365
G2 X116.79 Y104.026 I-2.44 J-.446 E.0547
G2 X114.8 Y102.92 I-1.938 J1.143 E.07839
G1 X114.36 Y102.956 E.01448
G1 X115.303 Y102.013 E.04379
G1 X117.987 Y104.697 E.12463
G1 X117.085 Y105.599 E.0419
G1 E-1.75 F6000
;WIPE_START
G1 X117.08 Y105.217 E-.28658
G1 X117.063 Y104.833 E-.28796
G1 X117.012 Y104.605 E-.17547
;WIPE_END
G1 X114.813 Y106.929 F18000
G1 E2.5 F6000
M204 P1000
;TYPE:Outer wall
;WIDTH:0.42
G1 F1365
G1 X114.8 Y106.928 E.0004
G3 X114.487 Y103.354 I.079 J-1.808 E.15846
G1 X114.644 Y103.326 E.00483
G3 X115.178 Y106.905 I.236 J1.794 E.17096
G1 X114.873 Y106.925 E.00929
G1 X114.813 Y107.322 F18000
M204 P1500
;TYPE:Inner wall
;WIDTH:0.45
G1 F1365
G1 X114.967 Y107.322 E.00506
G1 X115.39 Y107.294 E.01391
G1 X107.284 Y115.4 E.37637
G2 X107.029 Y113.778 I-2.441 J-.446 E.05495
G2 X105.042 Y112.678 I-1.935 J1.152 E.07814
G1 X104.602 Y112.714 E.01448
G1 X112.718 Y104.598 E.37685
G1 X112.678 Y105.023 E.01402
G2 X114.753 Y107.32 I2.203 J.095 E.11266
G1 E-1.75 F6000
;WIPE_START
G1 X114.967 Y107.322 E-.16055
G1 X115.39 Y107.294 E-.31772
G1 X115.134 Y107.55 E-.27173
;WIPE_END
G1 X115.442 Y107.07 F18000
G1 E2.5 F6000
M204 P2000
;TYPE:Gap infill
;WIDTH:0.123387
G1 F1365
G1 X115.577 Y107.045 E.00089
;WIDTH:0.13827
G1 X115.667 Y107.024 E.00071
;WIDTH:0.167753
G1 X115.754 Y107.004 E.00089
;WIDTH:0.183355
G1 X116.028 Y106.934 E.00321
G1 X115.719 Y107.076 F18000
;WIDTH:0.202421
G1 F1365
G1 X115.919 Y106.929 E.00319
;WIDTH:0.182799
G1 X116.058 Y106.818 E.002
;WIDTH:0.1423
G1 X116.266 Y106.632 E.00224
G1 X116.574 Y106.303 E.00361
;WIDTH:0.181607
G1 X116.683 Y106.167 E.00195
;WIDTH:0.206527
G2 X116.734 Y106.06 I-.176 J-.15 E.00158
;WIDTH:0.179339
G1 X116.752 Y105.998 E.00071
;WIDTH:0.152611
G1 X116.774 Y105.909 E.00081
;WIDTH:0.125685
G1 X116.795 Y105.826 E.00057
;WIDTH:0.104663
G1 X116.814 Y105.735 E.00046
G1 X117.287 Y105.109 F18000
;WIDTH:0.12642
G1 F1365
G1 X117.518 Y104.515 E.00429
G1 X117.504 Y104.501 F18000
;WIDTH:0.334487
G1 F1365
G1 X117.303 Y105.094 E.01472
G1 X117.563 Y104.833 F18000
;WIDTH:0.121767
G1 F1365
G2 X117.09 Y104.118 I-21.989 J14.06 E.00546
G1 X117.097 Y104.112 F18000
;WIDTH:0.214214
G1 F1365
G1 X117.545 Y104.851 E.01193
G1 X117.531 Y104.865 F18000
;WIDTH:0.334029
G1 F1365
G1 X117.122 Y104.119 E.01998
G1 X115.852 Y102.849 F18000
;WIDTH:0.396068
G1 F1365
G2 X115.127 Y102.477 I-8.947 J16.546 E.02321
G1 X115.141 Y102.463 F18000
;WIDTH:0.265805
G1 F1365
G1 X115.893 Y102.897 E.0156
G1 X115.885 Y102.908 F18000
;WIDTH:0.160788
G1 F1365
G1 X115.159 Y102.445 E.00819
G1 X113.716 Y103.323 F18000
;WIDTH:0.163212
G1 F1365
G3 X114.097 Y103.222 I3.288 J11.594 E.00383
;WIDTH:0.117565
G1 X114.275 Y103.183 E.0011
G1 X114.02 Y103.18 F18000
;WIDTH:0.210634
G1 F1365
G1 X113.833 Y103.317 E.00313
;WIDTH:0.181608
G1 X113.697 Y103.426 E.00195
;WIDTH:0.145317
G1 X113.369 Y103.732 E.00371
G1 X113.132 Y104.003 E.00297
;WIDTH:0.193152
G1 X113.068 Y104.085 E.00126
G2 X113.011 Y104.235 I.55 J.294 E.00195
;WIDTH:0.151304
G1 X112.988 Y104.328 E.00084
;WIDTH:0.123431
G1 X112.949 Y104.496 E.00112
G1 X113.545 Y108.647 F18000
;TYPE:Sparse infill
;WIDTH:0.45
G1 F1365
G1 X107.65 Y114.541 E.27371
G2 X106.921 Y113.079 I-2.768 J.467 E.05444
G1 X113.081 Y106.919 E.28606
G3 X112.358 Y105.451 I2.181 J-1.988 E.05445
G1 X106.468 Y111.34 E.27347
G1 X104.517 Y112.941 F18000
;TYPE:Gap infill
;WIDTH:0.117566
G1 F1365
G1 X104.339 Y112.98 E.0011
;WIDTH:0.154562
G1 X104.245 Y113.004 E.00087
;WIDTH:0.197615
G1 X104.149 Y113.03 E.00124
G2 X104.017 Y113.121 I.401 J.727 E.002
;WIDTH:0.165274
G1 X103.867 Y113.246 E.00193
;WIDTH:0.140295
G1 X103.61 Y113.492 E.00279
G1 X103.424 Y113.7 E.00219
;WIDTH:0.180703
G1 X103.323 Y113.826 E.00179
;WIDTH:0.198331
G1 X103.186 Y114.011 E.00288
G1 X103.188 Y114.264 F18000
;WIDTH:0.123091
G1 F1365
G1 X103.226 Y114.093 E.00113
;WIDTH:0.150129
G1 X103.247 Y114.006 E.00077
;WIDTH:0.16461
G1 X103.327 Y113.711 E.003
G1 X102.713 Y114.891 F18000
;WIDTH:0.120502
G1 F1365
G1 X102.481 Y115.484 E.00398
G1 X102.496 Y115.499 F18000
;WIDTH:0.334505
G1 F1365
G1 X102.697 Y114.906 E.01472
G1 X102.438 Y115.166 F18000
;WIDTH:0.124606
G1 F1365
G2 X102.911 Y115.883 I23.616 J-15.053 E.00566
G1 X102.903 Y115.888 F18000
;WIDTH:0.211305
G1 F1365
G1 X102.455 Y115.149 E.01174
G1 X102.469 Y115.135 F18000
;WIDTH:0.326711
G1 F1365
G1 X102.878 Y115.881 E.01948
G1 X104.108 Y117.101 F18000
;WIDTH:0.264743
G1 F1365
G1 X104.857 Y117.539 E.01553
G1 X104.866 Y117.53 F18000
;WIDTH:0.339337
G1 F1365
G1 X104.125 Y117.127 E.02018
G1 X104.827 Y117.569 F18000
;WIDTH:0.113535
G1 F1365
G3 X104.117 Y117.088 I14.134 J-21.617 E.00488
G1 X104.114 Y117.093 F18000
;WIDTH:0.167921
G1 F1365
G1 X104.844 Y117.552 E.0087
G1 X105.093 Y117.304 F18000
;WIDTH:0.340729
G1 F1365
G1 X104.5 Y117.503 E.01502
G1 X104.515 Y117.517 F18000
;WIDTH:0.125627
G1 F1365
G1 X105.109 Y117.288 E.00425
G1 X105.735 Y116.814 F18000
;WIDTH:0.124887
G1 F1365
G1 X105.909 Y116.774 E.00118
;WIDTH:0.151779
G1 X105.992 Y116.754 E.00075
;WIDTH:0.178292
G1 X106.06 Y116.734 E.00077
;WIDTH:0.204598
G1 X106.122 Y116.716 E.00084
;WIDTH:0.19713
G1 X106.238 Y116.627 E.00183
;WIDTH:0.144863
G1 X106.507 Y116.391 E.00294
G1 X106.801 Y116.078 E.00353
;WIDTH:0.179331
G1 X106.924 Y115.926 E.00215
;WIDTH:0.206419
G2 X106.976 Y115.818 I-.18 J-.154 E.00161
;WIDTH:0.179343
G1 X106.994 Y115.756 E.00071
;WIDTH:0.152189
G1 X107.017 Y115.664 E.00083
;WIDTH:0.124412
G1 X107.038 Y115.578 E.00058
;WIDTH:0.103772
G1 X107.056 Y115.489 E.00045
; stop printing object Block.stl id:105326592607568 copy 0
;LAYER_CHANGE
;Z:16.04
;HEIGHT:0.200001
G92 E0 ; zero the extruded length again
; BEFORE_LAYER_CHANGE 79 @ 16.04mm
G1 E-2.4092 F6000
;WIPE_START
G1 X107.038 Y115.578 E-.0908
;WIPE_END
; AFTER_LAYER_CHANGE 79 @ 16.04mm
;_SET_FAN_SPEED_CHANGING_LAYER
; printing object Block.stl id:105326592607568 copy 0
G1 X101.458 Y115.303 Z16.04 F18000
G1 E2.5 F6000
M204 P1000
;TYPE:Outer wall
;WIDTH:0.42
G1 F1348
G1 X115.303 Y101.458 E.5955
G1 X115.873 Y102.027 E.02448
G1 X118.542 Y104.697 E.11481
G1 X104.697 Y118.542 E.5955
G1 X101.501 Y115.346 E.13747
G1 E-1.75 F6000
;WIPE_START
G1 F3600
G1 X102.206 Y114.636 E-.75
;WIPE_END
G1 X105.642 Y117.043 F18000
G1 E2.5 F6000
M204 P1500
;TYPE:Inner wall
;WIDTH:0.45
G1 F1348
G1 X104.697 Y117.987 E.04387
G1 X102.013 Y115.303 E.12463
G1 X102.96 Y114.356 E.04399
G1 X102.92 Y114.781 E.01401
G2 X105.217 Y117.08 I2.205 J.093 E.11991
G1 X105.582 Y117.048 E.01202
G1 E-1.75 F6000
;WIPE_START
G1 X104.896 Y117.776 E-.75
;WIPE_END
G1 X106.913 Y114.632 F18000
G1 E2.5 F6000
M204 P1000
;TYPE:Outer wall
;WIDTH:0.42
G1 F1348
G1 X106.915 Y114.643 E.00034
G3 X104.729 Y113.112 I-1.794 J.235 E.25448
G1 X104.886 Y113.084 E.00483
G3 X106.822 Y114.26 I.236 J1.794 E.07444
G1 X106.899 Y114.574 E.00983
G1 E-1.75 F6000
;WIPE_START
G1 F3600
G1 X106.915 Y114.643 E-.05345
G1 X106.93 Y114.959 E-.23705
G1 X106.869 Y115.351 E-.29745
G1 X106.795 Y115.554 E-.16206
;WIPE_END
G1 X114.36 Y102.956 F18000
G1 E2.5 F6000
M204 P1500
;TYPE:Inner wall
;WIDTH:0.45
G1 F1348
G1 X115.303 Y102.013 E.04379
G1 X115.595 Y102.305 E.01356
G1 X117.987 Y104.697 E.11107
G1 X117.04 Y105.644 E.04399
G2 X116.787 Y104.02 I-2.372 J-.462 E.05508
G2 X114.799 Y102.92 I-1.936 J1.153 E.07816
G1 X114.42 Y102.951 E.01249
G1 E-1.75 F6000
;WIPE_START
G1 X115.106 Y102.223 E-.75
;WIPE_END
G1 X114.819 Y106.923 F18000
G1 E2.5 F6000
M204 P1000
;TYPE:Outer wall
;WIDTH:0.42
G1 F1348
G1 X114.629 Y106.912 E.00581
G3 X114.487 Y103.354 I.251 J-1.792 E.15321
G1 X114.644 Y103.326 E.00483
G3 X114.958 Y106.928 I.236 J1.794 E.17768
G1 X114.879 Y106.925 E.0024
G1 X114.8 Y107.313 F18000
M204 P1500
;TYPE:Inner wall
;WIDTH:0.45
G1 F1348
G1 X114.975 Y107.322 E.00574
G1 X115.4 Y107.284 E.01399
G1 X107.282 Y115.402 E.37693
G2 X107.029 Y113.778 I-2.37 J-.463 E.05509
G2 X105.041 Y112.678 I-1.939 J1.159 E.07814
G1 X104.602 Y112.714 E.01446
G1 X112.718 Y104.598 E.37685
G1 X112.678 Y105.023 E.01401
G2 X114.576 Y107.302 I2.205 J.093 E.10676
G1 X114.741 Y107.31 E.00542
G1 E-1.75 F6000
;WIPE_START
G1 X114.975 Y107.322 E-.17614
G1 X115.4 Y107.284 E-.31958
G1 X115.16 Y107.524 E-.25428
;WIPE_END
G1 X115.489 Y107.056 F18000
G1 E2.5 F6000
M204 P2000
;TYPE:Gap infill
;WIDTH:0.12386
G1 F1348
G1 X115.664 Y107.017 E.00117
;WIDTH:0.151352
G1 X115.75 Y106.996 E.00077
;WIDTH:0.17829
G1 X115.818 Y106.976 E.00077
;WIDTH:0.204597
G1 X115.88 Y106.958 E.00084
;WIDTH:0.197044
G1 X115.997 Y106.868 E.00184
;WIDTH:0.143852
G1 X116.263 Y106.635 E.00288
G1 X116.507 Y106.38 E.00287
;WIDTH:0.170029
G1 X116.674 Y106.179 E.00268
;WIDTH:0.204011
G2 X116.73 Y106.063 I-.199 J-.17 E.00169
;WIDTH:0.17571
G1 X116.75 Y105.998 E.00073
;WIDTH:0.148076
G1 X116.773 Y105.906 E.0008
;WIDTH:0.120597
G1 X116.794 Y105.82 E.00056
;WIDTH:0.101934
G1 X116.809 Y105.746 E.00036
G1 X117.555 Y104.841 F18000
;WIDTH:0.163082
G1 F1348
G1 X117.092 Y104.115 E.00835
G1 X117.103 Y104.107 F18000
;WIDTH:0.271106
G1 F1348
G1 X117.537 Y104.859 E.01598
G1 X117.525 Y104.872 F18000
;WIDTH:0.400589
G1 F1348
G2 X117.143 Y104.14 I-22.731 J11.391 E.0238
G1 X115.862 Y102.859 F18000
;WIDTH:0.396058
G1 F1348
G1 X115.127 Y102.477 E.02358
G1 X115.141 Y102.463 F18000
;WIDTH:0.265815
G1 F1348
G1 X115.893 Y102.897 E.0156
G1 X115.886 Y102.908 F18000
;WIDTH:0.160792
G1 F1348
G1 X115.159 Y102.445 E.00819
G1 X114.275 Y103.183 F18000
;WIDTH:0.115135
G1 F1348
G1 X114.113 Y103.218 E.00096
;WIDTH:0.151672
G1 X114.005 Y103.245 E.00098
;WIDTH:0.197292
G1 X113.907 Y103.272 E.00126
G2 X113.774 Y103.363 I.401 J.728 E.00201
;WIDTH:0.165179
G1 X113.625 Y103.488 E.00192
;WIDTH:0.144238
G1 X113.365 Y103.737 E.00294
G1 X113.127 Y104.009 E.00295
;WIDTH:0.199505
G2 X113.033 Y104.156 I.187 J.223 E.00224
;WIDTH:0.17718
G1 X113.005 Y104.256 E.00113
;WIDTH:0.145631
G1 X112.984 Y104.339 E.00071
;WIDTH:0.120562
G1 X112.949 Y104.496 E.00101
G1 X112.472 Y105.132 F18000
;WIDTH:0.105644
G1 F1348
G1 X112.435 Y105.227 E.00052
G1 X112.461 Y105.368 E.00073
G1 X113.328 Y108.863 F18000
;TYPE:Sparse infill
;WIDTH:0.45
G1 F1348
G1 X107.65 Y114.542 E.26367
G2 X106.694 Y112.876 I-2.524 J.342 E.06465
G1 X106.891 Y112.679 E.00916
G1 X108.964 Y111.466 E.07884
G1 X109.394 Y111.036 E.01996
G1 X110.606 Y108.964 E.07884
G1 X111.036 Y108.534 E.01996
G1 X113.109 Y107.321 E.07884
G1 X113.306 Y107.124 E.00916
G3 X112.404 Y105.733 I1.873 J-2.203 E.0552
G1 X112.106 Y105.789 E.00996
G1 X112.097 Y105.712 E.00256
G1 X106.49 Y111.319 E.26035
G1 X104.516 Y112.941 F18000
;TYPE:Gap infill
;WIDTH:0.115134
G1 F1348
G1 X104.355 Y112.976 E.00096
;WIDTH:0.151667
G1 X104.247 Y113.003 E.00098
;WIDTH:0.197289
G1 X104.149 Y113.03 E.00126
G2 X104.016 Y113.121 I.401 J.727 E.00201
;WIDTH:0.16518
G1 X103.867 Y113.246 E.00192
;WIDTH:0.140295
G1 X103.61 Y113.492 E.00279
G1 X103.424 Y113.7 E.00219
;WIDTH:0.180799
G1 X103.322 Y113.826 E.0018
;WIDTH:0.198519
G1 X103.19 Y114.006 E.00281
G1 X103.191 Y114.254 F18000
;WIDTH:0.121412
G1 F1348
G1 X103.227 Y114.094 E.00104
;WIDTH:0.147238
G1 X103.249 Y114.007 E.00075
;WIDTH:0.161523
G1 X103.33 Y113.709 E.00296
G1 X102.713 Y114.891 F18000
;WIDTH:0.12326
G1 F1348
G1 X102.482 Y115.485 E.00413
G1 X102.496 Y115.499 F18000
;WIDTH:0.334506
G1 F1348
G1 X102.697 Y114.906 E.01472
G1 X102.446 Y115.158 F18000
;WIDTH:0.168808
G1 F1348
G1 X102.907 Y115.886 E.00875
G1 X102.898 Y115.892 F18000
;WIDTH:0.261723
G1 F1348
G1 X102.461 Y115.143 E.01531
G1 X102.47 Y115.133 F18000
;WIDTH:0.334543
G1 F1348
G1 X102.872 Y115.874 E.01982
G1 X104.116 Y117.119 F18000
;WIDTH:0.323708
G1 F1348
G1 X104.865 Y117.531 E.01937
G1 X104.853 Y117.543 F18000
;WIDTH:0.218841
G1 F1348
G1 X104.111 Y117.098 E.01228
G1 X104.117 Y117.089 F18000
;WIDTH:0.126876
G1 F1348
G1 X104.192 Y117.139 E.00061
;WIDTH:0.141855
G1 X104.267 Y117.189 E.00072
;WIDTH:0.157646
G1 X104.839 Y117.558 E.00629
G1 X105.093 Y117.304 F18000
;WIDTH:0.324769
G1 F1348
G1 X104.501 Y117.503 E.01421
G1 X104.515 Y117.518 F18000
;WIDTH:0.123263
G1 F1348
G1 X105.109 Y117.287 E.00413
G1 X105.734 Y116.814 F18000
;WIDTH:0.124533
G1 F1348
G1 X105.908 Y116.774 E.00118
;WIDTH:0.151635
G1 X105.992 Y116.754 E.00076
;WIDTH:0.178292
G1 X106.06 Y116.734 E.00077
;WIDTH:0.204597
G1 X106.122 Y116.716 E.00084
;WIDTH:0.197045
G1 X106.239 Y116.626 E.00184
;WIDTH:0.145112
G1 X106.508 Y116.39 E.00295
G1 X106.812 Y116.066 E.00366
;WIDTH:0.180866
G1 X106.925 Y115.925 E.00202
;WIDTH:0.203984
G2 X106.973 Y115.82 I-.162 J-.137 E.00151
;WIDTH:0.175092
G1 X106.992 Y115.754 E.00073
;WIDTH:0.147671
G1 X107.015 Y115.664 E.00079
;WIDTH:0.120482
G1 X107.036 Y115.578 E.00055
;WIDTH:0.101934
G1 X107.051 Y115.504 E.00036
; stop printing object Block.stl id:105326592607568 copy 0
;LAYER_CHANGE
;Z:16.24
;HEIGHT:0.199999
G92 E0 ; zero the extruded length again
; BEFORE_LAYER_CHANGE 80 @ 16.24mm
G1 E-2.42465 F6000
;WIPE_START
G1 X107.036 Y115.578 E-.07535
;WIPE_END
; AFTER_LAYER_CHANGE 80 @ 16.24mm
;_SET_FAN_SPEED_CHANGING_LAYER
; printing object Block.stl id:105326592607568 copy 0
G1 X101.458 Y115.303 Z16.24 F18000
G1 E2.5 F6000
M204 P1000
;TYPE:Outer wall
;WIDTH:0.42
G1 F1371
G1 X115.303 Y101.458 E.5955
G1 X115.837 Y101.992 E.02296
G1 X118.542 Y104.697 E.11633
G1 X104.697 Y118.542 E.5955
G1 X101.501 Y115.346 E.13747
G1 E-1.75 F6000
;WIPE_START
G1 F3600
G1 X102.206 Y114.636 E-.75
;WIPE_END
G1 X105.642 Y117.043 F18000
G1 E2.5 F6000
M204 P1500
;TYPE:Inner wall
;WIDTH:0.45
G1 F1371
G1 X104.697 Y117.987 E.04387
G1 X102.013 Y115.303 E.12463
G1 X102.96 Y114.356 E.04399
G1 X102.92 Y114.781 E.01401
G2 X105.217 Y117.08 I2.205 J.093 E.11991
G1 X105.582 Y117.048 E.01202
G1 E-1.75 F6000
;WIPE_START
G1 X104.896 Y117.776 E-.75
;WIPE_END
G1 X106.909 Y114.63 F18000
G1 E2.5 F6000
M204 P1000
;TYPE:Outer wall
;WIDTH:0.42
G1 F1371
G1 X106.929 Y114.958 E.01001
G3 X104.729 Y113.112 I-1.808 J-.08 E.24488
G1 X104.886 Y113.084 E.00483
G3 X106.904 Y114.57 I.236 J1.794 E.08421
G1 E-1.75 F6000
;WIPE_START
G1 F3600
G1 X106.929 Y114.958 E-.29166
G1 X106.869 Y115.348 E-.29584
G1 X106.791 Y115.55 E-.16249
;WIPE_END
G1 X114.36 Y102.956 F18000
G1 E2.5 F6000
M204 P1500
;TYPE:Inner wall
;WIDTH:0.45
G1 F1371
G1 X115.303 Y102.013 E.04379
G1 X115.56 Y102.269 E.01192
G1 X117.987 Y104.697 E.11271
G1 X117.043 Y105.642 E.04387
G2 X116.875 Y104.19 I-2.429 J-.456 E.0487
G2 X114.798 Y102.92 I-2.002 J.94 E.08464
G1 X114.42 Y102.951 E.01247
G1 E-1.75 F6000
;WIPE_START
G1 X115.105 Y102.223 E-.75
;WIPE_END
G1 X114.809 Y106.929 F18000
G1 E2.5 F6000
M204 P1000
;TYPE:Outer wall
;WIDTH:0.42
G1 F1371
G1 X114.8 Y106.928 E.00026
G3 X114.487 Y103.354 I.079 J-1.808 E.15847
G1 X114.644 Y103.326 E.00483
G3 X115.179 Y106.905 I.236 J1.794 E.17091
G1 X114.869 Y106.925 E.00947
G1 X114.792 Y107.314 F18000
M204 P1500
;TYPE:Inner wall
;WIDTH:0.45
G1 F1371
G1 X114.967 Y107.322 E.00578
G1 X115.39 Y107.294 E.01391
G1 X107.284 Y115.4 E.37637
G2 X107.029 Y113.778 I-2.449 J-.445 E.05494
G2 X105.04 Y112.678 I-1.935 J1.152 E.07819
G1 X104.602 Y112.714 E.01444
G1 X112.716 Y104.6 E.37677
G1 X112.679 Y105.009 E.01351
G2 X114.597 Y107.305 I2.201 J.11 E.10793
G1 X114.732 Y107.311 E.00444
G1 E-1.75 F6000
;WIPE_START
G1 X114.967 Y107.322 E-.17694
G1 X115.39 Y107.294 E-.31772
G1 X115.149 Y107.535 E-.25534
;WIPE_END
G1 X115.442 Y107.07 F18000
G1 E2.5 F6000
M204 P2000
;TYPE:Gap infill
;WIDTH:0.123386
G1 F1371
G1 X115.577 Y107.045 E.00089
;WIDTH:0.138267
G1 X115.667 Y107.024 E.00071
;WIDTH:0.167746
G1 X115.754 Y107.004 E.00089
;WIDTH:0.183346
G1 X116.028 Y106.934 E.0032
G1 X115.719 Y107.076 F18000
;WIDTH:0.20242
G1 F1371
G1 X115.919 Y106.929 E.00319
;WIDTH:0.182194
G1 X116.062 Y106.815 E.00206
;WIDTH:0.140041
G1 X116.507 Y106.38 E.00487
;WIDTH:0.170113
G1 X116.674 Y106.178 E.00269
;WIDTH:0.20797
G1 X116.816 Y105.987 E.00317
G1 X116.814 Y105.735 F18000
;WIDTH:0.104663
G1 F1371
G1 X116.795 Y105.826 E.00046
;WIDTH:0.125797
G1 X116.774 Y105.91 E.00058
;WIDTH:0.159437
G3 X116.674 Y106.287 I-8.109 J-1.94 E.00367
G1 X117.287 Y105.109 F18000
;WIDTH:0.126418
G1 F1371
G1 X117.518 Y104.515 E.00429
G1 X117.504 Y104.501 F18000
;WIDTH:0.33449
G1 F1371
G1 X117.303 Y105.094 E.01472
G1 X117.555 Y104.841 F18000
;WIDTH:0.161927
G1 F1371
G1 X117.195 Y104.275 E.00644
;WIDTH:0.144812
G1 X117.142 Y104.196 E.00078
;WIDTH:0.128848
G1 X117.089 Y104.117 E.00066
G1 X117.101 Y104.108 F18000
;WIDTH:0.26475
G1 F1371
G1 X117.539 Y104.857 E.01552
G1 X117.53 Y104.867 F18000
;WIDTH:0.340258
G1 F1371
G1 X117.128 Y104.126 E.02021
G1 X115.852 Y102.849 F18000
;WIDTH:0.398714
G1 F1371
G2 X115.303 Y102.564 I-6.844 J12.503 E.01773
;WIDTH:0.402079
G1 X115.303 Y102.432 E.00382
;WIDTH:0.388614
G1 X115.303 Y102.3 E.00367
G1 X115.159 Y102.445 F18000
;WIDTH:0.16079
G1 F1371
G1 X115.886 Y102.908 E.00819
G1 X115.893 Y102.897 F18000
;WIDTH:0.265813
G1 F1371
G1 X115.141 Y102.463 E.0156
G1 X113.716 Y103.323 F18000
;WIDTH:0.16278
G1 F1371
G3 X114.097 Y103.222 I3.403 J12.031 E.00382
;WIDTH:0.117413
G1 X114.274 Y103.183 E.00109
G1 X114.019 Y103.18 F18000
;WIDTH:0.20602
G1 F1371
G1 X113.759 Y103.375 E.00428
;WIDTH:0.145213
G1 X113.492 Y103.61 E.00293
G1 X113.182 Y103.942 E.00375
;WIDTH:0.180897
G1 X113.08 Y104.069 E.00181
;WIDTH:0.198709
G1 X112.944 Y104.253 E.00288
G1 X112.946 Y104.507 F18000
;WIDTH:0.12317
G1 F1371
G1 X112.984 Y104.335 E.00114
;WIDTH:0.150259
G1 X113.005 Y104.249 E.00077
;WIDTH:0.164737
G1 X113.085 Y103.954 E.003
G1 X111.741 Y106.067 F18000
;TYPE:Sparse infill
;WIDTH:0.45
G1 F1371
G1 X105.454 Y112.354 E.29192
G3 X106.487 Y112.729 I-.401 J2.714 E.03633
G1 X106.891 Y112.325 E.01875
G1 X108.964 Y111.82 E.07004
G1 X109.747 Y111.036 E.03638
G1 X110.253 Y108.964 E.07004
G1 X111.036 Y108.18 E.03638
G1 X113.109 Y107.675 E.07004
G1 X113.514 Y107.269 E.01884
G2 X114.542 Y107.65 I1.818 J-3.331 E.0361
G1 X108.253 Y113.939 E.29204
G1 X107.539 Y114.632 F18000
;TYPE:Gap infill
;WIDTH:0.120803
G1 F1371
G1 X107.565 Y114.773 E.0009
G1 X107.528 Y114.868 E.00064
G1 X107.056 Y115.489 F18000
;WIDTH:0.114583
G1 F1371
G1 X107.016 Y115.672 E.00108
;WIDTH:0.153585
G1 X106.994 Y115.755 E.00077
;WIDTH:0.194892
G1 X106.969 Y115.845 E.00114
G3 X106.869 Y115.996 I-.673 J-.338 E.00223
;WIDTH:0.145264
G1 X106.567 Y116.332 E.00373
G1 X106.304 Y116.573 E.00295
;WIDTH:0.182194
G1 X106.161 Y116.687 E.00206
;WIDTH:0.196847
G3 X105.998 Y116.752 I-.171 J-.192 E.00223
;WIDTH:0.165774
G1 X105.992 Y116.754 E.00005
;WIDTH:0.151356
G1 X105.906 Y116.775 E.00077
;WIDTH:0.123863
G1 X105.731 Y116.814 E.00117
G1 X105.109 Y117.287 F18000
;WIDTH:0.123266
G1 F1371
G1 X104.515 Y117.518 E.00413
G1 X104.501 Y117.503 F18000
;WIDTH:0.324662
G1 F1371
G1 X105.093 Y117.304 E.0142
G1 X104.838 Y117.558 F18000
;WIDTH:0.158473
G1 F1371
G1 X104.115 Y117.091 E.00802
G1 X104.111 Y117.098 F18000
;WIDTH:0.218898
G1 F1371
G1 X104.853 Y117.543 E.01228
G1 X104.865 Y117.531 F18000
;WIDTH:0.324207
G1 F1371
G1 X104.116 Y117.119 E.0194
G1 X102.872 Y115.875 F18000
;WIDTH:0.334528
G1 F1371
G1 X102.47 Y115.133 E.01982
G1 X102.461 Y115.143 F18000
;WIDTH:0.261686
G1 F1371
G1 X102.898 Y115.892 E.0153
G1 X102.907 Y115.886 F18000
;WIDTH:0.168405
G1 F1371
G1 X102.446 Y115.158 E.00872
G1 X102.697 Y114.906 F18000
;WIDTH:0.334482
G1 F1371
G1 X102.496 Y115.499 E.01472
G1 X102.482 Y115.485 F18000
;WIDTH:0.12326
G1 F1371
G1 X102.713 Y114.891 E.00413
G1 X103.191 Y114.255 F18000
;WIDTH:0.121514
G1 F1371
G1 X103.227 Y114.094 E.00105
;WIDTH:0.147418
G1 X103.249 Y114.007 E.00075
;WIDTH:0.16171
G1 X103.25 Y114.002 E.00005
;WIDTH:0.194359
G3 X103.322 Y113.827 I.278 J.012 E.00236
;WIDTH:0.180899
G1 X103.424 Y113.7 E.00181
;WIDTH:0.140297
G1 X103.61 Y113.492 E.00219
G1 X103.867 Y113.246 E.00279
;WIDTH:0.165086
G1 X104.016 Y113.122 E.00191
;WIDTH:0.19735
G3 X104.149 Y113.03 I.534 J.636 E.00202
G1 X104.245 Y113.004 E.00124
;WIDTH:0.154226
G1 X104.339 Y112.98 E.00087
;WIDTH:0.11741
G1 X104.516 Y112.941 E.00109
; stop printing object Block.stl id:105326592607568 copy 0
;LAYER_CHANGE
;Z:16.44
;HEIGHT:0.200001
G92 E0 ; zero the extruded length again
; BEFORE_LAYER_CHANGE 81 @ 16.44mm
G1 E-2.31891 F6000
;WIPE_START
G1 X104.339 Y112.98 E-.18109
;WIPE_END
; AFTER_LAYER_CHANGE 81 @ 16.44mm
;_SET_FAN_SPEED_CHANGING_LAYER
; printing object Block.stl id:105326592607568 copy 0
G1 X101.458 Y115.303 Z16.44 F18000
G1 E2.5 F6000
M204 P1000
;TYPE:Outer wall
;WIDTH:0.42
G1 F1372
G1 X115.303 Y101.458 E.5955
G1 X115.802 Y101.957 E.02144
G1 X118.542 Y104.697 E.11785
G1 X104.697 Y118.542 E.5955
G1 X101.501 Y115.346 E.13747
G1 E-1.75 F6000
;WIPE_START
G1 F3600
G1 X102.206 Y114.636 E-.75
;WIPE_END
G1 X105.632 Y117.052 F18000
G1 E2.5 F6000
M204 P1500
;TYPE:Inner wall
;WIDTH:0.45
G1 F1372
G1 X104.697 Y117.987 E.04343
G1 X102.013 Y115.303 E.12463
G1 X102.96 Y114.356 E.04398
G1 X102.92 Y114.781 E.01401
G2 X105.209 Y117.08 I2.205 J.093 E.11965
G1 X105.572 Y117.056 E.01194
G1 E-1.75 F6000
;WIPE_START
G1 X104.887 Y117.785 E-.75
;WIPE_END
G1 X106.913 Y114.636 F18000
G1 E2.5 F6000
M204 P1000
;TYPE:Outer wall
;WIDTH:0.42
G1 F1372
G1 X106.916 Y114.646 E.00033
G3 X104.729 Y113.112 I-1.795 J.232 E.2544
G1 X104.886 Y113.084 E.00483
G3 X106.822 Y114.26 I.236 J1.794 E.07445
G1 X106.899 Y114.577 E.00993
G1 E-1.75 F6000
;WIPE_START
G1 F3600
G1 X106.916 Y114.646 E-.05313
G1 X106.93 Y114.959 E-.23474
G1 X106.869 Y115.351 E-.29752
G1 X106.793 Y115.557 E-.16461
;WIPE_END
G1 X117.04 Y105.644 F18000
G1 E2.5 F6000
M204 P1500
;TYPE:Inner wall
;WIDTH:0.45
G1 F1372
G2 X116.787 Y104.02 I-2.373 J-.462 E.05508
G2 X114.798 Y102.92 I-1.935 J1.152 E.07822
G1 X114.36 Y102.956 E.01441
G1 X115.303 Y102.013 E.0438
G1 X117.987 Y104.697 E.12463
G1 X117.083 Y105.601 E.04201
G1 E-1.75 F6000
;WIPE_START
G1 X117.08 Y105.219 E-.2869
G1 X117.063 Y104.833 E-.28939
G1 X117.017 Y104.606 E-.17371
;WIPE_END
G1 X114.806 Y106.929 F18000
G1 E2.5 F6000
M204 P1000
;TYPE:Outer wall
;WIDTH:0.42
G1 F1372
G1 X114.799 Y106.928 E.0002
G3 X114.487 Y103.354 I.08 J-1.808 E.15844
G1 X114.644 Y103.326 E.00483
G3 X115.18 Y106.904 I.236 J1.794 E.17089
G1 X114.866 Y106.925 E.00958
G1 X114.787 Y107.313 F18000
M204 P1500
;TYPE:Inner wall
;WIDTH:0.45
G1 F1372
G1 X114.967 Y107.322 E.00593
G1 X115.39 Y107.294 E.01391
G1 X107.282 Y115.402 E.37648
G2 X107.029 Y113.778 I-2.374 J-.461 E.05507
G2 X105.04 Y112.678 I-1.935 J1.152 E.07822
G1 X104.602 Y112.714 E.01441
G1 X112.718 Y104.598 E.37685
G1 X112.678 Y105.023 E.01401
G2 X114.577 Y107.302 I2.202 J.096 E.10684
G1 X114.727 Y107.31 E.00493
G1 E-1.75 F6000
;WIPE_START
G1 X114.967 Y107.322 E-.18042
G1 X115.39 Y107.294 E-.31772
G1 X115.153 Y107.531 E-.25186
;WIPE_END
G1 X115.442 Y107.07 F18000
G1 E2.5 F6000
M204 P2000
;TYPE:Gap infill
;WIDTH:0.123401
G1 F1372
G1 X115.577 Y107.045 E.00089
;WIDTH:0.138283
G1 X115.667 Y107.024 E.00071
;WIDTH:0.167766
G1 X115.754 Y107.004 E.00089
;WIDTH:0.183369
G1 X116.028 Y106.934 E.00321
G1 X115.719 Y107.076 F18000
;WIDTH:0.196882
G1 F1372
G1 X115.997 Y106.868 E.00431
;WIDTH:0.147598
G1 X116.266 Y106.632 E.00302
G1 X116.623 Y106.242 E.00446
;WIDTH:0.19752
G2 X116.731 Y106.062 I-.292 J-.297 E.00265
;WIDTH:0.175471
G1 X116.751 Y105.996 E.00073
;WIDTH:0.148078
G1 X116.773 Y105.906 E.0008
;WIDTH:0.12084
G1 X116.794 Y105.82 E.00056
;WIDTH:0.102104
G1 X116.81 Y105.744 E.00037
G1 X117.287 Y105.109 F18000
;WIDTH:0.126412
G1 F1372
G1 X117.518 Y104.515 E.00429
G1 X117.504 Y104.501 F18000
;WIDTH:0.334474
G1 F1372
G1 X117.303 Y105.094 E.01472
G1 X117.555 Y104.841 F18000
;WIDTH:0.163086
G1 F1372
G1 X117.092 Y104.114 E.00835
G1 X117.101 Y104.108 F18000
;WIDTH:0.264761
G1 F1372
G1 X117.539 Y104.857 E.01552
G1 X117.53 Y104.867 F18000
;WIDTH:0.340246
G1 F1372
G1 X117.128 Y104.126 E.02021
G1 X115.852 Y102.849 F18000
;WIDTH:0.396067
G1 F1372
G2 X115.127 Y102.477 I-8.947 J16.545 E.02321
G1 X115.141 Y102.463 F18000
;WIDTH:0.265816
G1 F1372
G1 X115.893 Y102.897 E.0156
G1 X115.883 Y102.911 F18000
;WIDTH:0.112883
G1 F1372
G1 X115.804 Y102.858 E.00054
;WIDTH:0.1568
G2 X115.159 Y102.445 I-9.701 J14.432 E.00704
G1 X113.715 Y103.324 F18000
;WIDTH:0.162707
G1 F1372
G3 X114.097 Y103.222 I3.268 J11.49 E.00382
;WIDTH:0.117332
G1 X114.274 Y103.183 E.00108
G1 X114.019 Y103.181 F18000
;WIDTH:0.210494
G1 F1372
G1 X113.833 Y103.317 E.00311
;WIDTH:0.180863
G1 X113.692 Y103.43 E.00202
;WIDTH:0.14153
G1 X113.488 Y103.614 E.00218
G1 X113.194 Y103.927 E.00341
;WIDTH:0.180854
G1 X113.071 Y104.08 E.00218
;WIDTH:0.193346
G2 X113.008 Y104.245 I.198 J.171 E.0022
;WIDTH:0.161402
G1 X113.006 Y104.25 E.00005
;WIDTH:0.14728
G1 X112.985 Y104.336 E.00075
;WIDTH:0.121447
G1 X112.948 Y104.498 E.00105
G1 X112.472 Y105.132 F18000
;WIDTH:0.105644
G1 F1372
G1 X112.435 Y105.227 E.00052
G1 X112.461 Y105.368 E.00073
G1 X112.965 Y109.227 F18000
;TYPE:Sparse infill
;WIDTH:0.45
G1 F1372
G1 X107.649 Y114.542 E.24681
G2 X106.263 Y112.6 I-2.633 J.414 E.08123
G1 X106.891 Y111.972 E.02917
G1 X108.964 Y112.173 E.06837
G1 X110.101 Y111.036 E.05279
G1 X109.899 Y108.964 E.06837
G1 X111.036 Y107.827 E.05279
G1 X113.109 Y108.028 E.06837
G1 X113.737 Y107.4 E.02917
G3 X112.404 Y105.733 I1.203 J-2.328 E.07218
G1 X112.106 Y105.789 E.00996
G1 X112.097 Y105.712 E.00256
G1 X106.852 Y110.956 E.24351
G1 X103.957 Y113.082 F18000
;TYPE:Gap infill
;WIDTH:0.162699
G1 F1372
G3 X104.339 Y112.98 I3.278 J11.53 E.00382
;WIDTH:0.117328
G1 X104.516 Y112.941 E.00108
G1 X104.261 Y112.939 F18000
;WIDTH:0.204709
G1 F1372
G1 X104 Y113.135 E.00426
;WIDTH:0.147597
G1 X103.61 Y113.492 E.00446
G1 X103.374 Y113.761 E.00302
;WIDTH:0.196039
G1 X103.288 Y113.872 E.00173
;WIDTH:0.201807
G1 X103.269 Y113.938 E.00088
;WIDTH:0.174475
G1 X103.248 Y114.009 E.00078
;WIDTH:0.147292
G1 X103.227 Y114.094 E.00075
;WIDTH:0.121454
G1 X103.19 Y114.256 E.00105
G1 X102.445 Y115.159 F18000
;WIDTH:0.156801
G1 F1372
G2 X102.858 Y115.804 I14.881 J-9.08 E.00704
;WIDTH:0.112883
G1 X102.911 Y115.883 E.00054
G1 X102.896 Y115.893 F18000
;WIDTH:0.267043
G1 F1372
G1 X102.463 Y115.141 E.01569
G1 X102.477 Y115.127 F18000
;WIDTH:0.406368
G1 F1372
G2 X102.847 Y115.849 I17.336 J-8.41 E.02379
G1 X104.125 Y117.128 F18000
;WIDTH:0.340248
G1 F1372
G1 X104.867 Y117.53 E.02021
G1 X104.857 Y117.539 F18000
;WIDTH:0.264749
G1 F1372
G1 X104.108 Y117.101 E.01552
G1 X104.117 Y117.089 F18000
;WIDTH:0.128846
G1 F1372
G1 X104.196 Y117.142 E.00066
;WIDTH:0.144809
G1 X104.275 Y117.195 E.00078
;WIDTH:0.161924
G1 X104.841 Y117.555 E.00644
G1 X105.094 Y117.303 F18000
;WIDTH:0.322219
G1 F1372
G1 X104.501 Y117.504 E.0141
G1 X104.515 Y117.518 F18000
;WIDTH:0.123266
G1 F1372
G1 X105.109 Y117.287 E.00413
G1 X106.27 Y116.692 F18000
;WIDTH:0.183351
G1 F1372
G1 X105.996 Y116.762 E.0032
;WIDTH:0.167751
G1 X105.909 Y116.782 E.00089
;WIDTH:0.138272
G1 X105.819 Y116.803 E.00071
;WIDTH:0.12339
G1 X105.684 Y116.828 E.00089
G1 X105.961 Y116.834 F18000
;WIDTH:0.202592
G1 F1372
G1 X106.161 Y116.688 E.00318
;WIDTH:0.184321
G1 X106.288 Y116.586 E.00187
;WIDTH:0.140836
G1 X106.508 Y116.39 E.00232
G1 X106.749 Y116.138 E.00275
;WIDTH:0.170195
G1 X106.916 Y115.936 E.0027
;WIDTH:0.204241
G2 X106.973 Y115.821 I-.197 J-.168 E.00168
;WIDTH:0.176027
G1 X106.992 Y115.756 E.00073
;WIDTH:0.148438
G1 X107.015 Y115.664 E.00081
;WIDTH:0.120938
G1 X107.036 Y115.578 E.00056
;WIDTH:0.102101
G1 X107.052 Y115.502 E.00037
; stop printing object Block.stl id:105326592607568 copy 0
;LAYER_CHANGE
;Z:16.64
;HEIGHT:0.199999
G92 E0 ; zero the extruded length again
; BEFORE_LAYER_CHANGE 82 @ 16.64mm
G1 E-2.42322 F6000
;WIPE_START
G1 X107.036 Y115.578 E-.07678
;WIPE_END
; AFTER_LAYER_CHANGE 82 @ 16.64mm
;_SET_FAN_SPEED_CHANGING_LAYER
; printing object Block.stl id:105326592607568 copy 0
G1 X101.458 Y115.303 Z16.64 F18000
G1 E2.5 F6000
M204 P1000
;TYPE:Outer wall
;WIDTH:0.42
G1 F1357
G1 X115.303 Y101.458 E.5955
G1 X115.766 Y101.921 E.01992
G1 X118.542 Y104.697 E.11937
G1 X104.697 Y118.542 E.5955
G1 X101.501 Y115.346 E.13747
G1 E-1.75 F6000
;WIPE_START
G1 F3600
G1 X102.206 Y114.636 E-.75
;WIPE_END
G1 X105.642 Y117.043 F18000
G1 E2.5 F6000
M204 P1500
;TYPE:Inner wall
;WIDTH:0.45
G1 F1357
G1 X104.697 Y117.987 E.04387
G1 X102.013 Y115.303 E.12463
G1 X102.96 Y114.356 E.04398
G1 X102.92 Y114.781 E.01401
G2 X105.217 Y117.08 I2.203 J.095 E.11993
G1 X105.582 Y117.048 E.01202
G1 E-1.75 F6000
;WIPE_START
G1 X104.896 Y117.776 E-.75
;WIPE_END
G1 X106.914 Y114.637 F18000
G1 E2.5 F6000
M204 P1000
;TYPE:Outer wall
;WIDTH:0.42
G1 F1357
G1 X106.915 Y114.643 E.00019
G3 X104.729 Y113.112 I-1.794 J.235 E.25449
G1 X104.885 Y113.084 E.00483
G3 X106.822 Y114.26 I.236 J1.794 E.07445
G1 X106.9 Y114.578 E.00997
G1 E-1.75 F6000
;WIPE_START
G1 F3600
G1 X106.915 Y114.643 E-.04971
G1 X106.93 Y114.958 E-.23662
G1 X106.885 Y115.283 E-.24596
G1 X106.791 Y115.558 E-.21771
;WIPE_END
G1 X114.36 Y102.956 F18000
G1 E2.5 F6000
M204 P1500
;TYPE:Inner wall
;WIDTH:0.45
G1 F1357
G1 X115.303 Y102.013 E.0438
G1 X115.489 Y102.199 E.00863
G1 X117.987 Y104.697 E.116
G1 X117.04 Y105.644 E.04398
G2 X116.787 Y104.02 I-2.374 J-.461 E.05507
G2 X114.797 Y102.92 I-1.924 J1.132 E.07832
G1 X114.42 Y102.951 E.01242
G1 E-1.75 F6000
;WIPE_START
G1 X115.105 Y102.223 E-.75
;WIPE_END
G1 X114.803 Y106.929 F18000
G1 E2.5 F6000
M204 P1000
;TYPE:Outer wall
;WIDTH:0.42
G1 F1357
G1 X114.8 Y106.928 E.0001
G3 X114.487 Y103.354 I.079 J-1.808 E.15846
G1 X114.644 Y103.326 E.00483
G3 X115.115 Y106.914 I.236 J1.794 E.17289
G1 X114.863 Y106.926 E.00768
G1 X114.752 Y107.318 F18000
M204 P1500
;TYPE:Inner wall
;WIDTH:0.45
G1 F1357
G1 X114.783 Y107.321 E.00103
G2 X114.975 Y107.322 I.101 J-2.205 E.00631
G1 X115.4 Y107.284 E.01399
G1 X107.284 Y115.4 E.37681
G2 X107.117 Y113.948 I-2.429 J-.456 E.0487
G2 X105.039 Y112.678 I-2.002 J.941 E.08469
G1 X104.602 Y112.714 E.01439
G1 X112.718 Y104.598 E.37685
G1 X112.678 Y105.023 E.01401
G2 X114.41 Y107.272 I2.205 J.093 E.10122
G1 X114.692 Y107.31 E.00935
G1 E-1.75 F6000
;WIPE_START
G1 X114.783 Y107.321 E-.06859
G1 X114.975 Y107.322 E-.14408
G1 X115.4 Y107.284 E-.31957
G1 X115.194 Y107.49 E-.21775
;WIPE_END
G1 X115.489 Y107.056 F18000
G1 E2.5 F6000
M204 P2000
;TYPE:Gap infill
;WIDTH:0.12387
G1 F1357
G1 X115.664 Y107.017 E.00117
;WIDTH:0.151367
G1 X115.75 Y106.996 E.00077
;WIDTH:0.165784
G1 X116.044 Y106.917 E.00301
G1 X115.744 Y107.058 F18000
;WIDTH:0.202412
G1 F1357
G1 X115.919 Y106.929 E.00279
;WIDTH:0.182797
G1 X116.058 Y106.818 E.002
;WIDTH:0.145158
G1 X116.39 Y106.508 E.00375
G1 X116.623 Y106.242 E.00292
;WIDTH:0.197592
G2 X116.731 Y106.062 I-.293 J-.298 E.00265
;WIDTH:0.17567
G1 X116.751 Y105.997 E.00073
;WIDTH:0.148285
G1 X116.773 Y105.906 E.0008
;WIDTH:0.121015
G1 X116.795 Y105.82 E.00056
;WIDTH:0.102184
G1 X116.81 Y105.744 E.00037
G1 X117.287 Y105.109 F18000
;WIDTH:0.126416
G1 F1357
G1 X117.518 Y104.515 E.00429
G1 X117.504 Y104.501 F18000
;WIDTH:0.33451
G1 F1357
G1 X117.303 Y105.094 E.01472
G1 X117.555 Y104.841 F18000
;WIDTH:0.163088
G1 F1357
G1 X117.092 Y104.115 E.00835
G1 X117.101 Y104.108 F18000
;WIDTH:0.264747
G1 F1357
G1 X117.539 Y104.857 E.01552
G1 X117.53 Y104.867 F18000
;WIDTH:0.340256
G1 F1357
G1 X117.128 Y104.125 E.02021
G1 X115.852 Y102.849 F18000
;WIDTH:0.396054
G1 F1357
G2 X115.127 Y102.477 I-8.951 J16.553 E.02321
G1 X115.141 Y102.463 F18000
;WIDTH:0.265814
G1 F1357
G1 X115.893 Y102.897 E.0156
G1 X115.886 Y102.908 F18000
;WIDTH:0.160788
G1 F1357
G1 X115.159 Y102.445 E.00819
G1 X113.715 Y103.324 F18000
;WIDTH:0.162535
G1 F1357
G3 X114.097 Y103.222 I3.29 J11.571 E.00382
;WIDTH:0.117254
G1 X114.273 Y103.183 E.00108
G1 X114.019 Y103.181 F18000
;WIDTH:0.204727
G1 F1357
G1 X113.758 Y103.376 E.00425
;WIDTH:0.145223
G1 X113.493 Y103.609 E.00291
G1 X113.182 Y103.942 E.00376
;WIDTH:0.181095
G1 X113.079 Y104.07 E.00183
;WIDTH:0.194593
G2 X113.008 Y104.244 I.205 J.185 E.00234
;WIDTH:0.162095
G1 X113.006 Y104.249 E.00005
;WIDTH:0.147792
G1 X112.985 Y104.336 E.00075
;WIDTH:0.121726
G1 X112.948 Y104.498 E.00106
G1 X110.622 Y107.186 F18000
;TYPE:Sparse infill
;WIDTH:0.45
G1 F1357
G1 X112.355 Y105.454 E.08043
G2 X114.549 Y107.642 I2.528 J-.341 E.10937
G1 X113.667 Y108.525 E.04099
G1 X113.109 Y107.967 E.0259
G1 X111.036 Y107.888 E.0681
G1 X110.479 Y107.33 E.0259
G1 X109.402 Y108.406 E.04996
G1 X109.96 Y108.964 E.0259
G1 X110.04 Y111.036 E.0681
G1 X110.598 Y111.594 E.0259
G1 X109.521 Y112.67 E.04996
G1 X108.964 Y112.112 E.0259
G1 X106.891 Y112.033 E.0681
G1 X106.333 Y111.475 E.0259
G1 X105.453 Y112.355 E.04088
G3 X107.65 Y114.541 I-.327 J2.525 E.1094
G1 X109.378 Y112.814 E.08021
G1 X107.056 Y115.493 F18000
;TYPE:Gap infill
;WIDTH:0.104665
G1 F1357
G1 X107.037 Y115.584 E.00046
;WIDTH:0.12569
G1 X107.016 Y115.667 E.00057
;WIDTH:0.152618
G1 X106.994 Y115.756 E.00081
;WIDTH:0.179347
G1 X106.976 Y115.818 E.00071
;WIDTH:0.198917
G3 X106.865 Y116 I-.433 J-.138 E.00271
;WIDTH:0.14504
G1 X106.635 Y116.263 E.00288
G1 X106.304 Y116.573 E.00374
;WIDTH:0.182191
G1 X106.161 Y116.687 E.00206
;WIDTH:0.196846
G3 X105.998 Y116.752 I-.171 J-.192 E.00223
;WIDTH:0.165769
G1 X105.992 Y116.754 E.00005
;WIDTH:0.151352
G1 X105.906 Y116.775 E.00077
;WIDTH:0.12386
G1 X105.731 Y116.814 E.00117
G1 X105.109 Y117.288 F18000
;WIDTH:0.125218
G1 F1357
G1 X104.515 Y117.518 E.00423
G1 X104.5 Y117.503 F18000
;WIDTH:0.337287
G1 F1357
G1 X105.093 Y117.303 E.01485
G1 X104.844 Y117.552 F18000
;WIDTH:0.167901
G1 F1357
G1 X104.114 Y117.093 E.0087
G1 X104.117 Y117.088 F18000
;WIDTH:0.113532
G1 F1357
G2 X104.827 Y117.57 I15.072 J-21.462 E.00488
G1 X104.125 Y117.128 F18000
;WIDTH:0.339523
G1 F1357
G1 X104.867 Y117.53 E.02018
G1 X104.857 Y117.539 F18000
;WIDTH:0.264745
G1 F1357
G1 X104.108 Y117.101 E.01553
G1 X102.878 Y115.881 F18000
;WIDTH:0.326714
G1 F1357
G1 X102.469 Y115.135 E.01948
G1 X102.455 Y115.149 F18000
;WIDTH:0.21116
G1 F1357
G1 X102.903 Y115.888 E.01173
G1 X102.911 Y115.883 F18000
;WIDTH:0.123475
G1 F1357
G3 X102.438 Y115.166 I23.114 J-15.769 E.00558
G1 X102.697 Y114.906 F18000
;WIDTH:0.33449
G1 F1357
G1 X102.496 Y115.499 E.01472
G1 X102.482 Y115.485 F18000
;WIDTH:0.12326
G1 F1357
G1 X102.713 Y114.891 E.00413
G1 X103.19 Y114.256 F18000
;WIDTH:0.121724
G1 F1357
G1 X103.227 Y114.094 E.00106
;WIDTH:0.147789
G1 X103.248 Y114.007 E.00075
;WIDTH:0.162092
G1 X103.25 Y114.002 E.00005
;WIDTH:0.194591
G3 X103.321 Y113.828 I.276 J.012 E.00234
;WIDTH:0.181092
G1 X103.424 Y113.7 E.00183
;WIDTH:0.146021
G1 X103.734 Y113.368 E.00378
G1 X104.014 Y113.123 E.0031
;WIDTH:0.19708
G3 X104.149 Y113.03 I.534 J.635 E.00203
G1 X104.245 Y113.004 E.00124
;WIDTH:0.153884
G1 X104.339 Y112.98 E.00087
;WIDTH:0.117249
G1 X104.515 Y112.941 E.00108
; stop printing object Block.stl id:105326592607568 copy 0
;LAYER_CHANGE
;Z:16.84
;HEIGHT:0.200001
G92 E0 ; zero the extruded length again
; BEFORE_LAYER_CHANGE 83 @ 16.84mm
G1 E-2.3198 F6000
;WIPE_START
G1 X104.339 Y112.98 E-.1802
;WIPE_END
; AFTER_LAYER_CHANGE 83 @ 16.84mm
;_SET_FAN_SPEED_CHANGING_LAYER
; printing object Block.stl id:105326592607568 copy 0
G1 X101.458 Y115.303 Z16.84 F18000
G1 E2.5 F6000
M204 P1000
;TYPE:Outer wall
;WIDTH:0.42
G1 F1353
G1 X115.303 Y101.458 E.5955
G1 X115.731 Y101.886 E.0184
G1 X118.542 Y104.697 E.12089
G1 X104.697 Y118.542 E.5955
G1 X101.501 Y115.346 E.13747
G1 E-1.75 F6000
;WIPE_START
G1 F3600
G1 X102.206 Y114.636 E-.75
;WIPE_END
G1 X105.642 Y117.043 F18000
G1 E2.5 F6000
M204 P1500
;TYPE:Inner wall
;WIDTH:0.45
G1 F1353
G1 X104.697 Y117.987 E.04387
G1 X102.013 Y115.303 E.12463
G1 X102.96 Y114.356 E.04397
G1 X102.92 Y114.781 E.01401
G2 X105.217 Y117.08 I2.206 J.092 E.11989
G1 X105.582 Y117.048 E.01202
G1 E-1.75 F6000
;WIPE_START
G1 X104.896 Y117.776 E-.75
;WIPE_END
G1 X106.914 Y114.638 F18000
G1 E2.5 F6000
M204 P1000
;TYPE:Outer wall
;WIDTH:0.42
G1 F1353
G1 X106.913 Y114.647 E.00025
G3 X104.729 Y113.112 I-1.792 J.229 E.25394
G1 X104.885 Y113.084 E.00483
G3 X106.82 Y114.261 I.235 J1.791 E.07444
G1 X106.9 Y114.58 E.00999
G1 E-1.75 F6000
;WIPE_START
G1 F3600
G1 X106.913 Y114.647 E-.05075
G1 X106.924 Y115.037 E-.29285
G1 X106.87 Y115.348 E-.23667
G1 X106.788 Y115.559 E-.16973
;WIPE_END
G1 X114.36 Y102.956 F18000
G1 E2.5 F6000
M204 P1500
;TYPE:Inner wall
;WIDTH:0.45
G1 F1353
G1 X115.303 Y102.013 E.0438
G1 X115.454 Y102.163 E.00699
G1 X117.987 Y104.697 E.11764
G1 X117.04 Y105.644 E.04397
G2 X116.787 Y104.02 I-2.427 J-.453 E.05502
G2 X114.796 Y102.92 I-1.935 J1.152 E.07827
G1 X114.42 Y102.951 E.0124
G1 E-1.75 F6000
;WIPE_START
G1 X115.105 Y102.223 E-.75
;WIPE_END
G1 X114.799 Y106.93 F18000
G1 E2.5 F6000
M204 P1000
;TYPE:Outer wall
;WIDTH:0.42
G1 F1353
G1 X114.491 Y106.887 E.00947
G3 X114.487 Y103.354 I.389 J-1.767 E.14896
G1 X114.644 Y103.326 E.00483
G3 X114.858 Y106.929 I.236 J1.794 E.18074
G1 X114.781 Y107.312 F18000
M204 P1500
;TYPE:Inner wall
;WIDTH:0.45
G1 F1353
G1 X114.975 Y107.322 E.00637
G1 X115.4 Y107.284 E.01399
G1 X107.302 Y115.382 E.37601
G2 X107.117 Y113.948 I-2.79 J-.37 E.04802
G2 X105.038 Y112.678 I-2.002 J.941 E.08472
G1 X104.602 Y112.714 E.01437
G1 X112.718 Y104.598 E.37684
G1 X112.678 Y105.023 E.01401
G2 X114.579 Y107.302 I2.206 J.092 E.10684
G1 X114.721 Y107.309 E.00469
G1 E-1.75 F6000
;WIPE_START
G1 X114.975 Y107.322 E-.19061
G1 X115.4 Y107.284 E-.31957
G1 X115.173 Y107.511 E-.23982
;WIPE_END
G1 X115.489 Y107.056 F18000
G1 E2.5 F6000
M204 P2000
;TYPE:Gap infill
;WIDTH:0.123875
G1 F1353
G1 X115.664 Y107.017 E.00117
;WIDTH:0.151375
G1 X115.75 Y106.996 E.00077
;WIDTH:0.165795
G1 X116.044 Y106.917 E.00302
G1 X115.744 Y107.058 F18000
;WIDTH:0.202424
G1 F1353
G1 X115.919 Y106.929 E.00279
;WIDTH:0.1828
G1 X116.058 Y106.818 E.002
;WIDTH:0.145384
G1 X116.39 Y106.508 E.00376
G1 X116.627 Y106.238 E.00297
;WIDTH:0.199083
G2 X116.725 Y106.086 I-.5 J-.431 E.00229
;WIDTH:0.1805
G1 X116.75 Y105.996 E.00103
;WIDTH:0.149872
G1 X116.772 Y105.913 E.00074
;WIDTH:0.112893
G1 X116.81 Y105.743 E.00098
G1 X117.287 Y105.109 F18000
;WIDTH:0.126417
G1 F1353
G1 X117.518 Y104.515 E.00429
G1 X117.504 Y104.501 F18000
;WIDTH:0.33448
G1 F1353
G1 X117.303 Y105.094 E.01472
G1 X117.563 Y104.833 F18000
;WIDTH:0.121759
G1 F1353
G2 X117.09 Y104.118 I-21.731 J13.882 E.00545
G1 X117.097 Y104.112 F18000
;WIDTH:0.214202
G1 F1353
G1 X117.545 Y104.851 E.01193
G1 X117.531 Y104.865 F18000
;WIDTH:0.334041
G1 F1353
G1 X117.122 Y104.119 E.01998
G1 X115.852 Y102.849 F18000
;WIDTH:0.396044
G1 F1353
G2 X115.127 Y102.477 I-8.933 J16.517 E.02321
G1 X115.141 Y102.463 F18000
;WIDTH:0.265808
G1 F1353
G1 X115.893 Y102.897 E.0156
G1 X115.886 Y102.908 F18000
;WIDTH:0.16079
G1 F1353
G1 X115.159 Y102.445 E.00819
G1 X113.715 Y103.323 F18000
;WIDTH:0.160135
G1 F1353
G3 X114.11 Y103.219 I3.118 J10.999 E.00386
;WIDTH:0.115291
G1 X114.273 Y103.183 E.00097
G1 X114.018 Y103.181 F18000
;WIDTH:0.210403
G1 F1353
G1 X113.833 Y103.317 E.0031
;WIDTH:0.180866
G1 X113.692 Y103.43 E.00202
;WIDTH:0.145115
G1 X113.365 Y103.737 E.0037
G1 X113.132 Y104.003 E.00291
;WIDTH:0.193337
G1 X113.068 Y104.085 E.00126
G2 X113.009 Y104.238 I.551 J.297 E.00199
;WIDTH:0.151251
G1 X112.987 Y104.329 E.00082
;WIDTH:0.123447
G1 X112.948 Y104.499 E.00113
G1 X112.428 Y105.176 F18000
;WIDTH:0.103775
G1 F1353
G1 X112.463 Y105.363 E.00093
G1 X110.799 Y107.009 F18000
;TYPE:Sparse infill
;WIDTH:0.45
G1 F1353
G1 X112.116 Y105.692 E.06116
G1 X112.133 Y105.782 E.00301
G1 X112.409 Y105.728 E.00924
G2 X114.549 Y107.642 I2.461 J-.598 E.10023
G1 X113.49 Y108.702 E.04919
G1 X113.109 Y108.321 E.01769
G1 X111.036 Y107.534 E.07278
G1 X110.655 Y107.153 E.01769
G1 X109.226 Y108.583 E.06638
G1 X109.607 Y108.964 E.01769
G1 X110.393 Y111.036 E.07278
G1 X110.774 Y111.417 E.01769
G1 X109.345 Y112.847 E.06638
G1 X108.964 Y112.466 E.01769
G1 X106.891 Y111.679 E.07278
G1 X106.51 Y111.298 E.01769
G1 X105.454 Y112.354 E.04904
G3 X107.597 Y114.271 I-.328 J2.523 E.1003
G1 X107.874 Y114.216 E.00929
G1 X107.89 Y114.301 E.00285
G1 X109.201 Y112.991 E.06086
G1 X107.537 Y114.637 F18000
;TYPE:Gap infill
;WIDTH:0.119356
G1 F1353
G1 X107.572 Y114.824 E.00117
G1 X107.081 Y115.407 F18000
;WIDTH:0.115784
G1 F1353
G1 X107.051 Y115.577 E.00101
;WIDTH:0.151824
G1 X107.029 Y115.679 E.00091
;WIDTH:0.184773
G1 X107.01 Y115.758 E.00093
;WIDTH:0.218844
G3 X106.98 Y115.851 I-.139 J.007 E.00143
;WIDTH:0.202528
G1 X106.869 Y115.996 E.00235
;WIDTH:0.145384
G1 X106.632 Y116.266 E.00297
G1 X106.3 Y116.576 E.00376
;WIDTH:0.182801
G1 X106.161 Y116.687 E.002
;WIDTH:0.202424
G1 X105.986 Y116.816 E.00279
G1 X105.734 Y116.814 F18000
;WIDTH:0.134003
G1 F1353
G1 X105.899 Y116.778 E.00124
;WIDTH:0.163718
G2 X106.289 Y116.673 I-3.27 J-12.914 E.00393
G1 X105.109 Y117.288 F18000
;WIDTH:0.125113
G1 F1353
G1 X104.515 Y117.518 E.00422
G1 X104.5 Y117.503 F18000
;WIDTH:0.336413
G1 F1353
G1 X105.093 Y117.303 E.0148
G1 X104.841 Y117.555 F18000
;WIDTH:0.16193
G1 F1353
G1 X104.275 Y117.195 E.00644
;WIDTH:0.144814
G1 X104.196 Y117.142 E.00078
;WIDTH:0.128849
G1 X104.117 Y117.089 E.00066
G1 X104.108 Y117.101 F18000
;WIDTH:0.264743
G1 F1353
G1 X104.857 Y117.539 E.01552
G1 X104.867 Y117.53 F18000
;WIDTH:0.33955
G1 F1353
G1 X104.125 Y117.128 E.02018
G1 X102.878 Y115.881 F18000
;WIDTH:0.326719
G1 F1353
G1 X102.469 Y115.135 E.01948
G1 X102.455 Y115.149 F18000
;WIDTH:0.211111
G1 F1353
G1 X102.903 Y115.888 E.01172
G1 X102.911 Y115.883 F18000
;WIDTH:0.123181
G1 F1353
G3 X102.438 Y115.166 I23.155 J-15.802 E.00556
G1 X102.697 Y114.906 F18000
;WIDTH:0.33446
G1 F1353
G1 X102.496 Y115.499 E.01472
G1 X102.482 Y115.485 F18000
;WIDTH:0.12326
G1 F1353
G1 X102.713 Y114.891 E.00413
G1 X103.19 Y114.257 F18000
;WIDTH:0.121691
G1 F1353
G1 X103.227 Y114.094 E.00106
;WIDTH:0.147708
G1 X103.248 Y114.008 E.00075
;WIDTH:0.161863
G1 X103.249 Y114.003 E.00005
;WIDTH:0.193659
G3 X103.313 Y113.839 I.259 J.005 E.00219
;WIDTH:0.1828
G1 X103.424 Y113.7 E.002
;WIDTH:0.145384
G1 X103.734 Y113.368 E.00376
G1 X104.004 Y113.131 E.00297
;WIDTH:0.195715
G3 X104.154 Y113.029 I.559 J.661 E.00224
G1 X104.254 Y113.003 E.00127
;WIDTH:0.15214
G1 X104.346 Y112.978 E.00084
;WIDTH:0.116048
G1 X104.515 Y112.941 E.00102
; stop printing object Block.stl id:105326592607568 copy 0
;LAYER_CHANGE
;Z:17.04
;HEIGHT:0.200001
G92 E0 ; zero the extruded length again
; BEFORE_LAYER_CHANGE 84 @ 17.04mm
G1 E-2.32751 F6000
;WIPE_START
G1 X104.346 Y112.978 E-.17249
;WIPE_END
; AFTER_LAYER_CHANGE 84 @ 17.04mm
;_SET_FAN_SPEED_CHANGING_LAYER
; printing object Block.stl id:105326592607568 copy 0
G1 X101.458 Y115.303 Z17.04 F18000
G1 E2.5 F6000
M204 P1000
;TYPE:Outer wall
;WIDTH:0.42
G1 F1357
G1 X115.303 Y101.458 E.5955
G1 X115.696 Y101.851 E.01688
G1 X118.542 Y104.697 E.12242
G1 X104.697 Y118.542 E.5955
G1 X101.501 Y115.346 E.13747
G1 E-1.75 F6000
;WIPE_START
G1 F3600
G1 X102.206 Y114.636 E-.75
;WIPE_END
G1 X105.642 Y117.043 F18000
G1 E2.5 F6000
M204 P1500
;TYPE:Inner wall
;WIDTH:0.45
G1 F1357
G1 X104.697 Y117.987 E.04387
G1 X102.013 Y115.303 E.12463
G1 X102.958 Y114.358 E.0439
G1 X102.921 Y114.771 E.01361
G2 X105.217 Y117.08 I2.202 J.106 E.12027
G1 X105.582 Y117.048 E.01202
G1 E-1.75 F6000
;WIPE_START
G1 X104.896 Y117.776 E-.75
;WIPE_END
G1 X106.909 Y114.635 F18000
G1 E2.5 F6000
M204 P1000
;TYPE:Outer wall
;WIDTH:0.42
G1 F1357
G1 X106.929 Y114.959 E.00985
G3 X104.729 Y113.112 I-1.808 J-.081 E.24487
G1 X104.885 Y113.084 E.00482
G3 X106.905 Y114.575 I.236 J1.794 E.08439
G1 E-1.75 F6000
;WIPE_START
G1 F3600
G1 X106.929 Y114.959 E-.28802
G1 X106.869 Y115.351 E-.29757
G1 X106.793 Y115.557 E-.16441
;WIPE_END
G1 X114.36 Y102.956 F18000
G1 E2.5 F6000
M204 P1500
;TYPE:Inner wall
;WIDTH:0.45
G1 F1357
G1 X115.303 Y102.013 E.04381
G1 X115.419 Y102.128 E.00535
G1 X117.987 Y104.697 E.11928
G1 X117.06 Y105.624 E.04307
G2 X116.876 Y104.191 I-2.792 J-.37 E.04796
G2 X114.795 Y102.92 I-2.003 J.94 E.0848
G1 X114.42 Y102.951 E.01237
G1 E-1.75 F6000
;WIPE_START
G1 X115.105 Y102.223 E-.75
;WIPE_END
G1 X114.796 Y106.929 F18000
G1 E2.5 F6000
M204 P1000
;TYPE:Outer wall
;WIDTH:0.42
G1 F1357
G1 X114.411 Y106.868 E.01184
G3 X114.487 Y103.354 I.468 J-1.748 E.14646
G1 X114.643 Y103.326 E.00483
G3 X114.855 Y106.929 I.236 J1.794 E.1808
G1 X114.752 Y107.318 F18000
M204 P1500
;TYPE:Inner wall
;WIDTH:0.45
G1 F1357
G1 X114.783 Y107.321 E.00103
G2 X114.975 Y107.322 I.1 J-2.204 E.00631
G1 X115.4 Y107.284 E.01399
G1 X107.282 Y115.402 E.37691
G2 X106.864 Y113.532 I-2.355 J-.454 E.06471
G2 X105.037 Y112.678 I-1.775 J1.415 E.0686
G1 X104.602 Y112.714 E.01434
G1 X112.716 Y104.6 E.37677
G1 X112.679 Y105.013 E.01361
G2 X114.489 Y107.288 I2.204 J.104 E.10422
G1 X114.692 Y107.311 E.00671
G1 E-1.75 F6000
;WIPE_START
G1 X114.783 Y107.321 E-.06844
G1 X114.975 Y107.322 E-.14409
G1 X115.4 Y107.284 E-.31958
G1 X115.194 Y107.49 E-.2179
;WIPE_END
G1 X115.489 Y107.056 F18000
G1 E2.5 F6000
M204 P2000
;TYPE:Gap infill
;WIDTH:0.123869
G1 F1357
G1 X115.664 Y107.017 E.00117
;WIDTH:0.151364
G1 X115.75 Y106.996 E.00077
;WIDTH:0.16578
G1 X115.756 Y106.994 E.00005
;WIDTH:0.196853
G2 X115.919 Y106.929 I-.008 J-.257 E.00223
;WIDTH:0.182797
G1 X116.058 Y106.818 E.002
;WIDTH:0.145157
G1 X116.39 Y106.508 E.00375
G1 X116.623 Y106.242 E.00292
;WIDTH:0.190264
G1 X116.688 Y106.161 E.00123
;WIDTH:0.218613
G1 X116.85 Y105.94 E.00389
G1 X116.839 Y105.649 F18000
;WIDTH:0.116635
G1 F1357
G1 X116.808 Y105.825 E.00106
;WIDTH:0.152119
G1 X116.789 Y105.912 E.00078
;WIDTH:0.19063
G3 X116.707 Y106.255 I-7.833 J-1.691 E.0042
G1 X117.288 Y105.108 F18000
;WIDTH:0.135642
G1 F1357
G1 X117.516 Y104.513 E.00477
G1 X117.504 Y104.501 F18000
;WIDTH:0.334487
G1 F1357
G1 X117.303 Y105.094 E.01472
G1 X117.554 Y104.842 F18000
;WIDTH:0.16919
G1 F1357
G1 X117.092 Y104.114 E.00878
G1 X117.102 Y104.108 F18000
;WIDTH:0.265208
G1 F1357
G1 X117.539 Y104.857 E.01555
G1 X117.53 Y104.867 F18000
;WIDTH:0.340256
G1 F1357
G1 X117.128 Y104.125 E.02021
G1 X115.852 Y102.849 F18000
;WIDTH:0.39606
G1 F1357
G2 X115.127 Y102.477 I-8.949 J16.549 E.02321
G1 X115.141 Y102.463 F18000
;WIDTH:0.265805
G1 F1357
G1 X115.893 Y102.897 E.01561
G1 X115.883 Y102.911 F18000
;WIDTH:0.114654
G1 F1357
G1 X115.801 Y102.856 E.00057
;WIDTH:0.159936
G2 X115.159 Y102.445 I-9.55 J14.183 E.00719
G1 X114.273 Y103.184 F18000
;WIDTH:0.117095
G1 F1357
G1 X114.097 Y103.222 E.00107
;WIDTH:0.153543
G1 X114.003 Y103.246 E.00087
;WIDTH:0.196811
G1 X113.907 Y103.273 E.00124
G2 X113.771 Y103.366 I.398 J.727 E.00205
;WIDTH:0.145948
G1 X113.492 Y103.61 E.00309
G1 X113.182 Y103.942 E.00377
;WIDTH:0.181294
G1 X113.078 Y104.071 E.00185
;WIDTH:0.199474
G1 X112.944 Y104.254 E.00286
G1 X112.945 Y104.507 F18000
;WIDTH:0.12333
G1 F1357
G1 X112.984 Y104.335 E.00114
;WIDTH:0.150518
G1 X113.005 Y104.249 E.00077
;WIDTH:0.164991
G1 X113.085 Y103.954 E.00301
G1 X112.472 Y105.132 F18000
;WIDTH:0.120003
G1 F1357
G1 X112.435 Y105.227 E.00064
G1 X112.461 Y105.368 E.00089
G1 X110.976 Y106.832 F18000
;TYPE:Sparse infill
;WIDTH:0.45
G1 F1357
G1 X112.108 Y105.7 E.05256
G1 X112.124 Y105.786 E.00284
G1 X112.404 Y105.733 E.00935
G2 X114.542 Y107.649 I2.505 J-.644 E.09995
G1 X113.313 Y108.879 E.05708
G1 X110.832 Y106.976 E.10264
G1 X109.049 Y108.76 E.0828
G1 X110.951 Y111.24 E.10264
G1 X109.168 Y113.024 E.0828
G1 X106.687 Y111.121 E.10264
G1 X105.453 Y112.355 E.0573
G3 X107.596 Y114.267 I-.325 J2.521 E.1002
G1 X107.876 Y114.214 E.00937
G1 X107.892 Y114.299 E.00283
G1 X109.024 Y113.168 E.05255
G1 X107.539 Y114.632 F18000
;TYPE:Gap infill
;WIDTH:0.120805
G1 F1357
G1 X107.565 Y114.773 E.0009
G1 X107.528 Y114.868 E.00064
G1 X107.052 Y115.5 F18000
;WIDTH:0.102357
G1 F1357
G1 X107.037 Y115.578 E.00038
;WIDTH:0.121382
G1 X107.015 Y115.664 E.00056
;WIDTH:0.148705
G1 X106.993 Y115.755 E.0008
;WIDTH:0.176063
G1 X106.974 Y115.82 E.00073
;WIDTH:0.196712
G3 X106.858 Y116.01 I-.427 J-.131 E.00279
;WIDTH:0.14453
G1 X106.635 Y116.263 E.00276
G1 X106.304 Y116.573 E.00372
;WIDTH:0.182191
G1 X106.161 Y116.687 E.00206
;WIDTH:0.196848
G3 X105.998 Y116.752 I-.171 J-.192 E.00223
;WIDTH:0.165774
G1 X105.992 Y116.754 E.00005
;WIDTH:0.151783
G1 X105.909 Y116.774 E.00075
;WIDTH:0.124891
G1 X105.735 Y116.814 E.00118
G1 X105.109 Y117.288 F18000
;WIDTH:0.12501
G1 F1357
G1 X104.515 Y117.518 E.00422
G1 X104.5 Y117.503 F18000
;WIDTH:0.335545
G1 F1357
G1 X105.093 Y117.303 E.01476
G1 X104.841 Y117.555 F18000
;WIDTH:0.163069
G1 F1357
G1 X104.115 Y117.092 E.00835
G1 X104.108 Y117.101 F18000
;WIDTH:0.264736
G1 F1357
G1 X104.857 Y117.539 E.01552
G1 X104.867 Y117.53 F18000
;WIDTH:0.339637
G1 F1357
G1 X104.125 Y117.128 E.02019
G1 X102.872 Y115.874 F18000
;WIDTH:0.334534
G1 F1357
G1 X102.47 Y115.133 E.01982
G1 X102.461 Y115.143 F18000
;WIDTH:0.260964
G1 F1357
G1 X102.899 Y115.892 E.01525
G1 X102.908 Y115.886 F18000
;WIDTH:0.160782
G1 F1357
G1 X102.445 Y115.159 E.00819
G1 X102.697 Y114.906 F18000
;WIDTH:0.334473
G1 F1357
G1 X102.496 Y115.499 E.01472
G1 X102.481 Y115.484 F18000
;WIDTH:0.121225
G1 F1357
G1 X102.713 Y114.891 E.00402
G1 X103.327 Y113.712 F18000
;WIDTH:0.164989
G1 F1357
G1 X103.247 Y114.007 E.00301
;WIDTH:0.150519
G1 X103.226 Y114.093 E.00077
;WIDTH:0.123332
G1 X103.187 Y114.266 E.00114
G1 X103.186 Y114.012 F18000
;WIDTH:0.199474
G1 F1357
G1 X103.32 Y113.829 E.00286
;WIDTH:0.18129
G1 X103.424 Y113.7 E.00185
;WIDTH:0.145947
G1 X103.734 Y113.368 E.00377
G1 X104.013 Y113.124 E.00309
;WIDTH:0.201951
G3 X104.149 Y113.031 I.534 J.635 E.00212
;WIDTH:0.187196
G1 X104.251 Y113.003 E.00122
;WIDTH:0.153863
G1 X104.336 Y112.982 E.00079
;WIDTH:0.127366
G1 X104.417 Y112.962 E.00057
;WIDTH:0.105553
G1 X104.515 Y112.942 E.00051
; stop printing object Block.stl id:105326592607568 copy 0
;LAYER_CHANGE
;Z:17.24
;HEIGHT:0.199999
G92 E0 ; zero the extruded length again
; BEFORE_LAYER_CHANGE 85 @ 17.24mm
G1 E-2.39987 F6000
;WIPE_START
G1 X104.417 Y112.962 E-.10013
;WIPE_END
; AFTER_LAYER_CHANGE 85 @ 17.24mm
;_SET_FAN_SPEED_CHANGING_LAYER
; printing object Block.stl id:105326592607568 copy 0
G1 X101.458 Y115.303 Z17.24 F18000
G1 E2.5 F6000
M204 P1000
;TYPE:Outer wall
;WIDTH:0.42
G1 F1366
G1 X115.303 Y101.458 E.5955
G1 X115.66 Y101.815 E.01536
G1 X118.542 Y104.697 E.12394
G1 X104.697 Y118.542 E.5955
G1 X101.501 Y115.346 E.13747
G1 E-1.75 F6000
;WIPE_START
G1 F3600
G1 X102.206 Y114.636 E-.75
;WIPE_END
G1 X105.642 Y117.043 F18000
G1 E2.5 F6000
M204 P1500
;TYPE:Inner wall
;WIDTH:0.45
G1 F1366
G1 X104.697 Y117.987 E.04387
G1 X102.013 Y115.303 E.12463
G1 X102.94 Y114.376 E.04307
G1 X102.919 Y114.871 E.01629
G2 X105.217 Y117.08 I2.207 J.003 E.11694
G1 X105.582 Y117.048 E.01202
G1 E-1.75 F6000
;WIPE_START
G1 X104.896 Y117.776 E-.75
;WIPE_END
G1 X106.908 Y114.637 F18000
G1 E2.5 F6000
M204 P1000
;TYPE:Outer wall
;WIDTH:0.42
G1 F1366
G1 X106.93 Y114.958 E.0098
G3 X104.732 Y113.111 I-1.808 J-.08 E.24492
G1 X104.885 Y113.084 E.00472
G3 X106.904 Y114.561 I.237 J1.794 E.08401
G1 X106.905 Y114.577 E.00046
G1 E-1.75 F6000
;WIPE_START
G1 F3600
G1 X106.93 Y114.958 E-.28672
G1 X106.903 Y115.197 E-.18019
G1 X106.822 Y115.498 E-.23412
G1 X106.793 Y115.557 E-.04897
;WIPE_END
G1 X117.043 Y105.642 F18000
G1 E2.5 F6000
M204 P1500
;TYPE:Inner wall
;WIDTH:0.45
G1 F1366
G2 X116.787 Y104.02 I-2.441 J-.446 E.05495
G2 X114.794 Y102.92 I-1.935 J1.152 E.07832
G1 X114.36 Y102.956 E.01432
G1 X115.303 Y102.013 E.04381
G1 X117.987 Y104.697 E.12463
G1 X117.085 Y105.599 E.0419
G1 E-1.75 F6000
;WIPE_START
G1 X117.08 Y105.217 E-.28658
G1 X117.063 Y104.833 E-.28796
G1 X117.012 Y104.605 E-.17546
;WIPE_END
G1 X114.792 Y106.929 F18000
G1 E2.5 F6000
M204 P1000
;TYPE:Outer wall
;WIDTH:0.42
G1 F1366
G1 X114.561 Y106.902 E.00705
G3 X114.487 Y103.354 I.318 J-1.782 E.1512
G1 X114.643 Y103.326 E.00482
G3 X114.852 Y106.93 I.236 J1.794 E.18097
G1 X114.748 Y107.318 F18000
M204 P1500
;TYPE:Inner wall
;WIDTH:0.45
G1 F1366
G1 X114.783 Y107.321 E.00116
G2 X114.975 Y107.322 I.1 J-2.205 E.00629
G1 X115.399 Y107.285 E.01398
G1 X107.284 Y115.4 E.37678
G2 X107.117 Y113.948 I-2.429 J-.456 E.0487
G2 X105.036 Y112.678 I-2.002 J.941 E.08477
G1 X104.602 Y112.714 E.01432
G1 X112.698 Y104.618 E.37595
G1 X112.677 Y105.113 E.01629
G2 X114.489 Y107.288 I2.207 J.003 E.10091
G1 X114.688 Y107.311 E.00658
G1 E-1.75 F6000
;WIPE_START
G1 X114.783 Y107.321 E-.0714
G1 X114.975 Y107.322 E-.14364
G1 X115.399 Y107.285 E-.31942
G1 X115.196 Y107.488 E-.21554
;WIPE_END
G1 X115.485 Y107.057 F18000
G1 E2.5 F6000
M204 P2000
;TYPE:Gap infill
;WIDTH:0.12465
G1 F1366
G1 X115.665 Y107.017 E.00121
;WIDTH:0.152621
G1 X115.751 Y106.996 E.00078
;WIDTH:0.16713
G1 X116.043 Y106.918 E.00303
G1 X115.742 Y107.059 F18000
;WIDTH:0.196227
G1 F1366
G1 X115.997 Y106.868 E.00393
;WIDTH:0.14779
G1 X116.39 Y106.508 E.00451
G1 X116.627 Y106.238 E.00304
;WIDTH:0.199997
G2 X116.726 Y106.092 I-.625 J-.529 E.00223
;WIDTH:0.183952
G1 X116.754 Y105.991 E.0012
;WIDTH:0.151113
G1 X116.775 Y105.906 E.00076
;WIDTH:0.125258
G1 X116.795 Y105.826 E.00055
;WIDTH:0.104663
G1 X116.814 Y105.735 E.00046
G1 X117.287 Y105.109 F18000
;WIDTH:0.126416
G1 F1366
G1 X117.518 Y104.515 E.00429
G1 X117.504 Y104.501 F18000
;WIDTH:0.334494
G1 F1366
G1 X117.303 Y105.094 E.01472
G1 X117.563 Y104.833 F18000
;WIDTH:0.121768
G1 F1366
G2 X117.09 Y104.118 I-22.148 J14.168 E.00546
G1 X117.097 Y104.112 F18000
;WIDTH:0.214196
G1 F1366
G1 X117.545 Y104.851 E.01193
G1 X117.531 Y104.865 F18000
;WIDTH:0.334025
G1 F1366
G1 X117.122 Y104.119 E.01998
G1 X115.852 Y102.849 F18000
;WIDTH:0.396046
G1 F1366
G2 X115.127 Y102.477 I-8.952 J16.553 E.02321
G1 X115.141 Y102.463 F18000
;WIDTH:0.265814
G1 F1366
G1 X115.893 Y102.897 E.0156
G1 X115.885 Y102.908 F18000
;WIDTH:0.160786
G1 F1366
G1 X115.159 Y102.445 E.00819
G1 X113.714 Y103.324 F18000
;WIDTH:0.161936
G1 F1366
G3 X114.097 Y103.222 I3.378 J11.894 E.0038
;WIDTH:0.117018
G1 X114.272 Y103.184 E.00107
G1 X114.018 Y103.181 F18000
;WIDTH:0.205505
G1 F1366
G1 X113.759 Y103.376 E.00425
;WIDTH:0.145201
G1 X113.492 Y103.61 E.00293
G1 X113.182 Y103.942 E.00375
;WIDTH:0.181386
G1 X113.078 Y104.072 E.00186
;WIDTH:0.199666
G1 X112.908 Y104.302 E.00361
G1 X112.919 Y104.593 F18000
;WIDTH:0.135443
G1 F1366
G1 X112.949 Y104.421 E.0013
;WIDTH:0.151514
G1 X112.97 Y104.329 E.00082
;WIDTH:0.183287
G1 X112.989 Y104.242 E.00101
;WIDTH:0.200259
G1 X113.052 Y103.987 E.00333
G1 X112.428 Y105.176 F18000
;WIDTH:0.104282
G1 F1366
G1 X112.463 Y105.364 E.00095
G1 X111.121 Y106.688 F18000
;TYPE:Sparse infill
;WIDTH:0.45
G1 F1366
G1 X112.116 Y105.692 E.04623
G1 X112.133 Y105.784 E.00307
G1 X112.41 Y105.73 E.00924
G2 X114.542 Y107.649 I2.515 J-.65 E.09981
G1 X113.168 Y109.023 E.0638
G1 X110.977 Y106.832 E.10176
G1 X108.904 Y108.904 E.09623
G1 X111.096 Y111.096 E.10176
G1 X109.023 Y113.168 E.09623
G1 X106.832 Y110.977 E.10176
G1 X105.453 Y112.355 E.06402
G3 X107.596 Y114.269 I-.324 J2.519 E.10027
G1 X107.875 Y114.214 E.00935
G1 X107.891 Y114.3 E.00287
G1 X108.879 Y113.312 E.04589
G1 X107.537 Y114.636 F18000
;TYPE:Gap infill
;WIDTH:0.120886
G1 F1366
G1 X107.572 Y114.824 E.00121
G1 X107.056 Y115.489 F18000
;WIDTH:0.103772
G1 F1366
G1 X107.038 Y115.578 E.00045
;WIDTH:0.123988
G1 X107.018 Y115.662 E.00056
;WIDTH:0.150694
G1 X106.996 Y115.749 E.00078
;WIDTH:0.183961
G1 X106.968 Y115.851 E.0012
;WIDTH:0.199998
G3 X106.869 Y115.996 I-.724 J-.384 E.00223
;WIDTH:0.145386
G1 X106.632 Y116.266 E.00297
G1 X106.3 Y116.576 E.00376
;WIDTH:0.182796
G1 X106.161 Y116.687 E.002
;WIDTH:0.202415
G1 X105.986 Y116.816 E.00279
G1 X105.732 Y116.814 F18000
;WIDTH:0.123133
G1 F1366
G1 X105.9 Y116.776 E.00111
;WIDTH:0.150294
G1 X105.991 Y116.754 E.00081
;WIDTH:0.165294
G1 X106.286 Y116.676 E.00301
G1 X105.109 Y117.288 F18000
;WIDTH:0.124904
G1 F1366
G1 X104.515 Y117.518 E.00421
G1 X104.5 Y117.503 F18000
;WIDTH:0.334689
G1 F1366
G1 X105.093 Y117.303 E.01472
G1 X104.841 Y117.555 F18000
;WIDTH:0.163086
G1 F1366
G1 X104.114 Y117.092 E.00835
G1 X104.108 Y117.101 F18000
;WIDTH:0.264738
G1 F1366
G1 X104.857 Y117.539 E.01552
G1 X104.867 Y117.53 F18000
;WIDTH:0.339648
G1 F1366
G1 X104.125 Y117.128 E.02019
G1 X102.872 Y115.874 F18000
;WIDTH:0.334528
G1 F1366
G1 X102.47 Y115.133 E.01982
G1 X102.461 Y115.143 F18000
;WIDTH:0.261485
G1 F1366
G1 X102.898 Y115.892 E.01529
G1 X102.908 Y115.886 F18000
;WIDTH:0.166442
G1 F1366
G1 X102.446 Y115.158 E.00859
G1 X102.697 Y114.906 F18000
;WIDTH:0.334484
G1 F1366
G1 X102.496 Y115.499 E.01472
G1 X102.484 Y115.487 F18000
;WIDTH:0.135642
G1 F1366
G1 X102.712 Y114.892 E.00477
G1 X103.292 Y113.747 F18000
;WIDTH:0.19802
G1 F1366
G1 X103.23 Y114.005 E.00333
;WIDTH:0.181883
G1 X103.211 Y114.09 E.00097
;WIDTH:0.151041
G1 X103.191 Y114.179 E.00079
;WIDTH:0.135432
G1 X103.161 Y114.351 E.0013
G1 X103.15 Y114.062 F18000
;WIDTH:0.223313
G1 F1366
G1 X103.269 Y113.898 E.00295
;WIDTH:0.201652
G1 X103.37 Y113.766 E.00212
;WIDTH:0.14802
G1 X103.61 Y113.492 E.00309
G1 X104.004 Y113.131 E.00453
;WIDTH:0.200544
G3 X104.149 Y113.031 I.61 J.727 E.00224
;WIDTH:0.186883
G1 X104.252 Y113.002 E.00124
;WIDTH:0.152331
G1 X104.344 Y112.98 E.00084
;WIDTH:0.124069
G1 X104.432 Y112.959 E.00059
;WIDTH:0.10344
G1 X104.518 Y112.942 E.00042
; stop printing object Block.stl id:105326592607568 copy 0
;LAYER_CHANGE
;Z:17.44
;HEIGHT:0.200001
G92 E0 ; zero the extruded length again
; BEFORE_LAYER_CHANGE 86 @ 17.44mm
G1 E-2.41297 F6000
;WIPE_START
G1 X104.432 Y112.959 E-.08703
;WIPE_END
; AFTER_LAYER_CHANGE 86 @ 17.44mm
;_SET_FAN_SPEED_CHANGING_LAYER
; printing object Block.stl id:105326592607568 copy 0
G1 X101.458 Y115.303 Z17.44 F18000
G1 E2.5 F6000
M204 P1000
;TYPE:Outer wall
;WIDTH:0.42
G1 F1371
G1 X115.303 Y101.458 E.5955
G1 X115.625 Y101.78 E.01384
G1 X118.542 Y104.697 E.12546
G1 X104.697 Y118.542 E.5955
G1 X101.501 Y115.346 E.13747
G1 E-1.75 F6000
;WIPE_START
G1 F3600
G1 X102.206 Y114.636 E-.75
;WIPE_END
G1 X105.642 Y117.043 F18000
G1 E2.5 F6000
M204 P1500
;TYPE:Inner wall
;WIDTH:0.45
G1 F1371
G1 X104.697 Y117.987 E.04387
G1 X102.013 Y115.303 E.12463
G1 X102.94 Y114.376 E.04307
G1 X102.919 Y114.871 E.01629
G2 X105.217 Y117.08 I2.207 J.003 E.11694
G1 X105.582 Y117.048 E.01202
G1 E-1.75 F6000
;WIPE_START
G1 X104.896 Y117.776 E-.75
;WIPE_END
G1 X106.916 Y114.642 F18000
G1 E2.5 F6000
M204 P1000
;TYPE:Outer wall
;WIDTH:0.42
G1 F1371
G1 X106.915 Y114.643 E.00004
G3 X104.729 Y113.112 I-1.794 J.235 E.25448
G1 X104.885 Y113.084 E.00482
G3 X106.822 Y114.26 I.236 J1.794 E.07445
G1 X106.901 Y114.584 E.01013
G1 E-1.75 F6000
;WIPE_START
G1 F3600
G1 X106.915 Y114.643 E-.04585
G1 X106.93 Y114.959 E-.23691
G1 X106.869 Y115.351 E-.29767
G1 X106.791 Y115.563 E-.16958
;WIPE_END
G1 X117.041 Y105.643 F18000
G1 E2.5 F6000
M204 P1500
;TYPE:Inner wall
;WIDTH:0.45
G1 F1371
G2 X116.829 Y104.098 I-2.457 J-.451 E.05209
G2 X114.794 Y102.92 I-1.976 J1.068 E.08126
G1 X114.36 Y102.956 E.0143
G1 X115.303 Y102.013 E.04382
G1 X117.987 Y104.697 E.12463
G1 X117.083 Y105.601 E.04198
G1 E-1.75 F6000
;WIPE_START
G1 X117.08 Y105.218 E-.28681
G1 X117.063 Y104.833 E-.28902
G1 X117.013 Y104.607 E-.17416
;WIPE_END
G1 X114.788 Y106.928 F18000
G1 E2.5 F6000
M204 P1000
;TYPE:Outer wall
;WIDTH:0.42
G1 F1371
G1 X114.491 Y106.887 E.00911
G3 X114.487 Y103.354 I.389 J-1.767 E.14896
G1 X114.643 Y103.326 E.00482
G3 X114.848 Y106.929 I.236 J1.794 E.18105
G1 X114.77 Y107.312 F18000
M204 P1500
;TYPE:Inner wall
;WIDTH:0.45
G1 F1371
G1 X114.975 Y107.322 E.00675
G1 X115.4 Y107.284 E.01399
G1 X107.283 Y115.401 E.37689
G2 X107.029 Y113.778 I-2.489 J-.442 E.05496
G2 X105.036 Y112.678 I-1.924 J1.131 E.07843
G1 X104.602 Y112.714 E.0143
G1 X112.698 Y104.618 E.37596
G1 X112.677 Y105.113 E.01629
G2 X114.581 Y107.303 I2.205 J.005 E.104
G1 X114.71 Y107.309 E.00424
G1 E-1.75 F6000
;WIPE_START
G1 X114.975 Y107.322 E-.19917
G1 X115.4 Y107.284 E-.31957
G1 X115.182 Y107.503 E-.23126
;WIPE_END
G1 X115.489 Y107.056 F18000
G1 E2.5 F6000
M204 P2000
;TYPE:Gap infill
;WIDTH:0.123869
G1 F1371
G1 X115.664 Y107.017 E.00117
;WIDTH:0.151367
G1 X115.75 Y106.996 E.00077
;WIDTH:0.165786
G1 X116.044 Y106.917 E.00302
G1 X115.744 Y107.058 F18000
;WIDTH:0.202418
G1 F1371
G1 X115.919 Y106.929 E.00279
;WIDTH:0.182192
G1 X116.062 Y106.815 E.00206
;WIDTH:0.142131
G1 X116.39 Y106.508 E.00359
G1 X116.574 Y106.303 E.0022
;WIDTH:0.180348
G1 X116.677 Y106.175 E.00182
;WIDTH:0.204841
G2 X116.732 Y106.062 I-.191 J-.163 E.00165
;WIDTH:0.176887
G1 X116.751 Y105.998 E.00072
;WIDTH:0.149408
G1 X116.773 Y105.906 E.00081
;WIDTH:0.12183
G1 X116.795 Y105.82 E.00057
;WIDTH:0.102529
G1 X116.811 Y105.741 E.00039
G1 X117.287 Y105.109 F18000
;WIDTH:0.126413
G1 F1371
G1 X117.518 Y104.515 E.00429
G1 X117.504 Y104.501 F18000
;WIDTH:0.33447
G1 F1371
G1 X117.303 Y105.094 E.01472
G1 X117.563 Y104.833 F18000
;WIDTH:0.121764
G1 F1371
G2 X117.09 Y104.118 I-21.6 J13.793 E.00546
G1 X117.097 Y104.112 F18000
;WIDTH:0.214197
G1 F1371
G1 X117.545 Y104.851 E.01193
G1 X117.531 Y104.865 F18000
;WIDTH:0.334033
G1 F1371
G1 X117.122 Y104.119 E.01998
G1 X115.852 Y102.849 F18000
;WIDTH:0.396072
G1 F1371
G2 X115.127 Y102.477 I-8.946 J16.542 E.02321
G1 X115.141 Y102.463 F18000
;WIDTH:0.265816
G1 F1371
G1 X115.893 Y102.897 E.0156
G1 X115.886 Y102.908 F18000
;WIDTH:0.160764
G1 F1371
G1 X115.159 Y102.445 E.00819
G1 X113.715 Y103.324 F18000
;WIDTH:0.160022
G1 F1371
G3 X114.108 Y103.22 I3.151 J11.09 E.00384
;WIDTH:0.115401
G1 X114.272 Y103.184 E.00098
G1 X114.018 Y103.182 F18000
;WIDTH:0.204559
G1 F1371
G1 X113.758 Y103.376 E.00423
;WIDTH:0.147653
G1 X113.368 Y103.734 E.00447
G1 X113.132 Y104.003 E.00303
;WIDTH:0.191372
G1 X113.068 Y104.085 E.00125
;WIDTH:0.203994
G1 X112.908 Y104.302 E.0035
G1 X112.919 Y104.593 F18000
;WIDTH:0.135717
G1 F1371
G1 X112.95 Y104.42 E.00131
;WIDTH:0.152711
G1 X112.971 Y104.324 E.00087
;WIDTH:0.186317
G1 X112.991 Y104.233 E.00108
;WIDTH:0.204112
G1 X113.052 Y103.987 E.0033
G1 X113.312 Y108.879 F18000
;TYPE:Sparse infill
;WIDTH:0.45
G1 F1371
G1 X114.549 Y107.642 E.05744
G3 X112.357 Y105.452 I.347 J-2.54 E.10927
G1 X110.977 Y106.832 E.06407
G1 X113.168 Y109.023 E.10176
G1 X111.096 Y111.096 E.09623
G1 X108.904 Y108.904 E.10176
G1 X106.832 Y110.977 E.09623
G1 X109.023 Y113.168 E.10176
G1 X107.65 Y114.542 E.06377
G2 X105.454 Y112.354 I-2.538 J.352 E.10928
G1 X106.688 Y111.121 E.05728
G1 X103.957 Y113.082 F18000
;TYPE:Gap infill
;WIDTH:0.160014
G1 F1371
G3 X104.35 Y112.978 I3.12 J10.966 E.00384
;WIDTH:0.115397
G1 X104.514 Y112.942 E.00098
G1 X104.26 Y112.94 F18000
;WIDTH:0.204555
G1 F1371
G1 X104 Y113.134 E.00423
;WIDTH:0.147886
G1 X103.61 Y113.492 E.00448
G1 X103.37 Y113.766 E.00309
;WIDTH:0.201772
G1 X103.268 Y113.898 E.00213
;WIDTH:0.223547
G1 X103.15 Y114.062 E.00294
G1 X103.161 Y114.351 F18000
;WIDTH:0.135434
G1 F1371
G1 X103.191 Y114.179 E.0013
;WIDTH:0.151034
G1 X103.211 Y114.09 E.00079
;WIDTH:0.18186
G1 X103.23 Y114.005 E.00097
;WIDTH:0.197984
G1 X103.292 Y113.747 E.00333
G1 X102.712 Y114.892 F18000
;WIDTH:0.135639
G1 F1371
G1 X102.484 Y115.487 E.00477
G1 X102.496 Y115.499 F18000
;WIDTH:0.334498
G1 F1371
G1 X102.697 Y114.906 E.01472
G1 X102.438 Y115.166 F18000
;WIDTH:0.122313
G1 F1371
G2 X102.911 Y115.882 I23.323 J-14.893 E.0055
G1 X102.903 Y115.888 F18000
;WIDTH:0.211001
G1 F1371
G1 X102.455 Y115.149 E.01171
G1 X102.469 Y115.135 F18000
;WIDTH:0.326708
G1 F1371
G1 X102.878 Y115.881 E.01948
G1 X104.125 Y117.128 F18000
;WIDTH:0.339705
G1 F1371
G1 X104.867 Y117.53 E.02019
G1 X104.857 Y117.539 F18000
;WIDTH:0.264753
G1 F1371
G1 X104.108 Y117.101 E.01552
G1 X104.117 Y117.089 F18000
;WIDTH:0.128845
G1 F1371
G1 X104.196 Y117.142 E.00066
;WIDTH:0.144808
G1 X104.275 Y117.195 E.00078
;WIDTH:0.161923
G1 X104.841 Y117.555 E.00644
G1 X105.093 Y117.303 F18000
;WIDTH:0.333811
G1 F1371
G1 X104.5 Y117.503 E.01467
G1 X104.515 Y117.518 F18000
;WIDTH:0.124805
G1 F1371
G1 X105.109 Y117.288 E.00421
G1 X106.286 Y116.675 F18000
;WIDTH:0.165769
G1 F1371
G1 X105.992 Y116.754 E.00302
;WIDTH:0.151677
G1 X105.908 Y116.774 E.00076
;WIDTH:0.12464
G1 X105.734 Y116.814 E.00118
G1 X105.986 Y116.816 F18000
;WIDTH:0.196218
G1 F1371
G1 X106.239 Y116.627 E.0039
;WIDTH:0.145303
G1 X106.507 Y116.391 E.00295
G1 X106.816 Y116.061 E.00373
;WIDTH:0.180348
G1 X106.919 Y115.933 E.00182
;WIDTH:0.204841
G2 X106.974 Y115.82 I-.191 J-.163 E.00165
;WIDTH:0.176887
G1 X106.993 Y115.756 E.00072
;WIDTH:0.149409
G1 X107.015 Y115.664 E.00081
;WIDTH:0.121832
G1 X107.037 Y115.578 E.00057
;WIDTH:0.102529
G1 X107.053 Y115.499 E.00039
; stop printing object Block.stl id:105326592607568 copy 0
;LAYER_CHANGE
;Z:17.64
;HEIGHT:0.199999
G92 E0 ; zero the extruded length again
; BEFORE_LAYER_CHANGE 87 @ 17.64mm
G1 E-2.41956 F6000
;WIPE_START
G1 X107.037 Y115.578 E-.08044
;WIPE_END
; AFTER_LAYER_CHANGE 87 @ 17.64mm
;_SET_FAN_SPEED_CHANGING_LAYER
; printing object Block.stl id:105326592607568 copy 0
G1 X101.458 Y115.303 Z17.64 F18000
G1 E2.5 F6000
M204 P1000
;TYPE:Outer wall
;WIDTH:0.42
G1 F1370
G1 X115.303 Y101.458 E.5955
G1 X115.59 Y101.745 E.01232
G1 X118.542 Y104.697 E.12698
G1 X104.697 Y118.542 E.5955
G1 X101.501 Y115.346 E.13747
G1 E-1.75 F6000
;WIPE_START
G1 F3600
G1 X102.206 Y114.636 E-.75
;WIPE_END
G1 X105.642 Y117.043 F18000
G1 E2.5 F6000
M204 P1500
;TYPE:Inner wall
;WIDTH:0.45
G1 F1370
G1 X104.697 Y117.987 E.04387
G1 X102.013 Y115.303 E.12463
G1 X102.957 Y114.358 E.04387
G1 X102.92 Y114.783 E.01399
G2 X105.217 Y117.08 I2.205 J.091 E.11984
G1 X105.582 Y117.048 E.01202
G1 E-1.75 F6000
;WIPE_START
G1 X104.896 Y117.776 E-.75
;WIPE_END
G1 X106.915 Y114.643 F18000
G1 E2.5 F6000
M204 P1000
;TYPE:Outer wall
;WIDTH:0.42
G1 F1370
G1 X106.917 Y114.646 E.0001
G3 X104.732 Y113.111 I-1.794 J.232 E.25443
G1 X104.885 Y113.084 E.00472
G3 X106.823 Y114.26 I.237 J1.794 E.07451
G1 X106.901 Y114.585 E.01016
G1 E-1.75 F6000
;WIPE_START
G1 F3600
G1 X106.917 Y114.646 E-.04729
G1 X106.93 Y114.958 E-.23419
G1 X106.87 Y115.348 E-.29563
G1 X106.791 Y115.564 E-.17289
;WIPE_END
G1 X117.043 Y105.642 F18000
G1 E2.5 F6000
M204 P1500
;TYPE:Inner wall
;WIDTH:0.45
G1 F1370
G2 X116.875 Y104.19 I-2.429 J-.456 E.0487
G2 X114.793 Y102.92 I-2.002 J.941 E.08483
G1 X114.36 Y102.956 E.01427
G1 X115.303 Y102.013 E.04382
G1 X117.987 Y104.697 E.12463
G1 X117.085 Y105.599 E.0419
G1 E-1.75 F6000
;WIPE_START
G1 X117.08 Y105.217 E-.28658
G1 X117.063 Y104.833 E-.28795
G1 X117.017 Y104.604 E-.17547
;WIPE_END
G1 X114.784 Y106.927 F18000
G1 E2.5 F6000
M204 P1000
;TYPE:Outer wall
;WIDTH:0.42
G1 F1370
G1 X114.491 Y106.887 E.009
G3 X114.487 Y103.354 I.388 J-1.767 E.14897
G1 X114.643 Y103.326 E.00482
G3 X114.844 Y106.929 I.236 J1.794 E.18115
G1 X114.767 Y107.313 F18000
M204 P1500
;TYPE:Inner wall
;WIDTH:0.45
G1 F1370
G1 X114.975 Y107.322 E.00683
G1 X115.4 Y107.284 E.01399
G1 X107.284 Y115.4 E.37681
G2 X107.117 Y113.948 I-2.429 J-.456 E.0487
G2 X105.035 Y112.678 I-2.002 J.941 E.08482
G1 X104.602 Y112.714 E.01427
G1 X112.716 Y104.6 E.37676
G1 X112.678 Y105.025 E.01399
G2 X114.592 Y107.304 I2.205 J.091 E.10722
G1 X114.707 Y107.31 E.0038
G1 E-1.75 F6000
;WIPE_START
G1 X114.975 Y107.322 E-.20107
G1 X115.4 Y107.284 E-.31957
G1 X115.183 Y107.501 E-.22936
;WIPE_END
G1 X115.489 Y107.056 F18000
G1 E2.5 F6000
M204 P2000
;TYPE:Gap infill
;WIDTH:0.123235
G1 F1370
G1 X115.662 Y107.018 E.00114
;WIDTH:0.150093
G1 X115.745 Y106.997 E.00074
;WIDTH:0.182246
G1 X115.845 Y106.969 E.00117
;WIDTH:0.200772
G2 X115.991 Y106.873 I-.073 J-.269 E.00227
;WIDTH:0.147514
G1 X116.266 Y106.632 E.00308
G1 X116.617 Y106.25 E.00438
;WIDTH:0.198054
G2 X116.734 Y106.06 I-.335 J-.337 E.00282
;WIDTH:0.17935
G1 X116.752 Y105.998 E.00071
;WIDTH:0.152224
G1 X116.775 Y105.906 E.00083
;WIDTH:0.124503
G1 X116.796 Y105.821 E.00058
;WIDTH:0.103834
G1 X116.814 Y105.731 E.00045
G1 X117.287 Y105.109 F18000
;WIDTH:0.126418
G1 F1370
G1 X117.518 Y104.515 E.00429
G1 X117.504 Y104.501 F18000
;WIDTH:0.334489
G1 F1370
G1 X117.303 Y105.094 E.01472
G1 X117.555 Y104.841 F18000
;WIDTH:0.163088
G1 F1370
G1 X117.092 Y104.115 E.00835
G1 X117.101 Y104.108 F18000
;WIDTH:0.264752
G1 F1370
G1 X117.539 Y104.857 E.01552
G1 X117.53 Y104.867 F18000
;WIDTH:0.340263
G1 F1370
G1 X117.128 Y104.126 E.02021
G1 X115.852 Y102.849 F18000
;WIDTH:0.396052
G1 F1370
G2 X115.127 Y102.477 I-8.941 J16.535 E.02321
G1 X115.141 Y102.463 F18000
;WIDTH:0.265815
G1 F1370
G1 X115.893 Y102.897 E.0156
G1 X115.885 Y102.908 F18000
;WIDTH:0.160788
G1 F1370
G1 X115.159 Y102.445 E.00819
G1 X113.716 Y103.322 F18000
;WIDTH:0.161455
G1 F1370
G3 X114.091 Y103.225 I2.414 J8.489 E.0037
;WIDTH:0.127679
G1 X114.174 Y103.205 E.00059
;WIDTH:0.105578
G1 X114.271 Y103.184 E.0005
G1 X114.017 Y103.182 F18000
;WIDTH:0.21021
G1 F1370
G1 X113.833 Y103.317 E.00308
;WIDTH:0.180867
G1 X113.692 Y103.43 E.00202
;WIDTH:0.145113
G1 X113.365 Y103.738 E.0037
G1 X113.132 Y104.003 E.00291
;WIDTH:0.196105
G1 X112.943 Y104.255 E.0039
G1 X112.944 Y104.511 F18000
;WIDTH:0.125158
G1 F1370
G1 X112.985 Y104.33 E.00122
;WIDTH:0.154066
G1 X113.007 Y104.24 E.00083
;WIDTH:0.169314
G1 X113.084 Y103.955 E.00301
G1 X112.428 Y105.176 F18000
;WIDTH:0.103861
G1 F1370
G1 X112.463 Y105.366 E.00095
G1 X113.312 Y108.879 F18000
;TYPE:Sparse infill
;WIDTH:0.45
G1 F1370
G1 X114.549 Y107.642 E.05744
G3 X112.41 Y105.731 I.33 J-2.523 E.10006
G1 X112.133 Y105.786 E.00926
G1 X112.116 Y105.692 E.00312
G1 X110.977 Y106.832 E.05291
G1 X113.168 Y109.023 E.10176
G1 X111.096 Y111.096 E.09623
G1 X108.904 Y108.904 E.10176
G1 X106.832 Y110.977 E.09623
G1 X109.023 Y113.168 E.10176
G1 X107.891 Y114.3 E.05256
G1 X107.875 Y114.213 E.00293
G1 X107.596 Y114.268 E.00935
G2 X105.453 Y112.355 I-2.466 J.607 E.10021
G1 X106.688 Y111.121 E.05734
G1 X103.958 Y113.08 F18000
;TYPE:Gap infill
;WIDTH:0.161113
G1 F1370
G3 X104.335 Y112.982 I2.435 J8.571 E.00371
;WIDTH:0.126389
G1 X104.421 Y112.961 E.0006
;WIDTH:0.104675
G1 X104.517 Y112.942 E.00049
G1 X104.259 Y112.94 F18000
;WIDTH:0.204511
G1 F1370
G1 X104 Y113.134 E.00423
;WIDTH:0.145204
G1 X103.734 Y113.367 E.00291
G1 X103.424 Y113.7 E.00376
;WIDTH:0.181588
G1 X103.319 Y113.831 E.00188
;WIDTH:0.20005
G1 X103.184 Y114.013 E.00287
G1 X103.186 Y114.265 F18000
;WIDTH:0.124997
G1 F1370
G1 X103.226 Y114.091 E.00118
;WIDTH:0.151999
G1 X103.246 Y114.007 E.00076
;WIDTH:0.166113
G1 X103.325 Y113.713 E.00302
G1 X102.713 Y114.891 F18000
;WIDTH:0.12326
G1 F1370
G1 X102.482 Y115.485 E.00413
G1 X102.496 Y115.499 F18000
;WIDTH:0.334477
G1 F1370
G1 X102.697 Y114.906 E.01472
G1 X102.442 Y115.161 F18000
;WIDTH:0.156852
G1 F1370
G1 X102.909 Y115.885 E.00791
G1 X102.902 Y115.889 F18000
;WIDTH:0.21664
G1 F1370
G1 X102.457 Y115.147 E.01213
G1 X102.469 Y115.135 F18000
;WIDTH:0.326723
G1 F1370
G1 X102.878 Y115.881 E.01948
G1 X104.125 Y117.128 F18000
;WIDTH:0.33975
G1 F1370
G1 X104.867 Y117.53 E.02019
G1 X104.857 Y117.539 F18000
;WIDTH:0.264739
G1 F1370
G1 X104.108 Y117.101 E.01552
G1 X104.117 Y117.089 F18000
;WIDTH:0.128847
G1 F1370
G1 X104.196 Y117.142 E.00066
;WIDTH:0.144811
G1 X104.275 Y117.195 E.00078
;WIDTH:0.161926
G1 X104.841 Y117.555 E.00644
G1 X105.093 Y117.303 F18000
;WIDTH:0.332952
G1 F1370
G1 X104.5 Y117.503 E.01463
G1 X104.515 Y117.518 F18000
;WIDTH:0.124689
G1 F1370
G1 X105.109 Y117.288 E.0042
G1 X106.286 Y116.675 F18000
;WIDTH:0.165774
G1 F1370
G1 X105.992 Y116.754 E.00301
;WIDTH:0.151783
G1 X105.909 Y116.774 E.00075
;WIDTH:0.124891
G1 X105.735 Y116.814 E.00118
G1 X105.986 Y116.816 F18000
;WIDTH:0.202529
G1 F1370
G1 X106.161 Y116.688 E.00278
;WIDTH:0.183824
G1 X106.292 Y116.583 E.00191
;WIDTH:0.145408
G1 X106.632 Y116.266 E.00384
G1 X106.865 Y116 E.00292
;WIDTH:0.203938
G1 X107.058 Y115.744 E.00416
G1 X107.056 Y115.489 F18000
;WIDTH:0.103773
G1 F1370
G1 X107.038 Y115.578 E.00045
;WIDTH:0.124416
G1 X107.017 Y115.664 E.00058
;WIDTH:0.158759
G3 X106.917 Y116.044 I-8.697 J-2.083 E.00367
G1 X107.572 Y114.824 F18000
;WIDTH:0.121268
G1 F1370
G1 X107.537 Y114.634 E.00122
; stop printing object Block.stl id:105326592607568 copy 0
;LAYER_CHANGE
;Z:17.84
;HEIGHT:0.200001
G92 E0 ; zero the extruded length again
; BEFORE_LAYER_CHANGE 88 @ 17.84mm
G1 E-2.30693 F6000
;WIPE_START
G1 X107.572 Y114.824 E-.19307
;WIPE_END
; AFTER_LAYER_CHANGE 88 @ 17.84mm
;_SET_FAN_SPEED_CHANGING_LAYER
; printing object Block.stl id:105326592607568 copy 0
G1 X101.458 Y115.303 Z17.84 F18000
G1 E2.5 F6000
M204 P1000
;TYPE:Outer wall
;WIDTH:0.42
G1 F1338
G1 X115.303 Y101.458 E.5955
G1 X115.554 Y101.709 E.0108
G1 X118.542 Y104.697 E.1285
G1 X104.697 Y118.542 E.5955
G1 X101.501 Y115.346 E.13747
G1 E-1.75 F6000
;WIPE_START
G1 F3600
G1 X102.206 Y114.636 E-.75
;WIPE_END
G1 X105.642 Y117.043 F18000
G1 E2.5 F6000
M204 P1500
;TYPE:Inner wall
;WIDTH:0.45
G1 F1338
G1 X104.697 Y117.987 E.04387
G1 X102.013 Y115.303 E.12463
G1 X102.959 Y114.357 E.04394
G1 X102.92 Y114.782 E.014
G2 X105.217 Y117.08 I2.206 J.092 E.11987
G1 X105.582 Y117.048 E.01202
G1 E-1.75 F6000
;WIPE_START
G1 X104.896 Y117.776 E-.75
;WIPE_END
G1 X106.916 Y114.644 F18000
G1 E2.5 F6000
M204 P1000
;TYPE:Outer wall
;WIDTH:0.42
G1 F1338
G1 X106.917 Y114.646 E.00007
G3 X104.732 Y113.111 I-1.794 J.232 E.25444
G1 X104.885 Y113.084 E.00472
G3 X106.823 Y114.26 I.238 J1.794 E.07451
G1 X106.902 Y114.586 E.0102
G1 E-1.75 F6000
;WIPE_START
G1 F3600
G1 X106.917 Y114.646 E-.04645
G1 X106.93 Y114.959 E-.2346
G1 X106.869 Y115.351 E-.29774
G1 X106.79 Y115.565 E-.17121
;WIPE_END
G1 X117.041 Y105.643 F18000
G1 E2.5 F6000
M204 P1500
;TYPE:Inner wall
;WIDTH:0.45
G1 F1338
G2 X116.79 Y104.026 I-2.493 J-.441 E.0547
G2 X114.792 Y102.92 I-1.938 J1.143 E.07865
G1 X114.36 Y102.956 E.01425
G1 X115.303 Y102.013 E.04382
G1 X117.987 Y104.697 E.12463
G1 X117.083 Y105.601 E.04197
G1 E-1.75 F6000
;WIPE_START
G1 X117.08 Y105.218 E-.28678
G1 X117.063 Y104.833 E-.28888
G1 X117.008 Y104.608 E-.17434
;WIPE_END
G1 X114.78 Y106.926 F18000
G1 E2.5 F6000
M204 P1000
;TYPE:Outer wall
;WIDTH:0.42
G1 F1338
G1 X114.411 Y106.867 E.01136
G3 X114.491 Y103.353 I.47 J-1.747 E.14647
G1 X114.643 Y103.326 E.00472
G3 X114.84 Y106.929 I.238 J1.794 E.18138
G1 X114.736 Y107.316 F18000
M204 P1500
;TYPE:Inner wall
;WIDTH:0.45
G1 F1338
G1 X114.783 Y107.321 E.00155
G2 X114.975 Y107.322 I.101 J-2.205 E.00631
G1 X115.4 Y107.284 E.01399
G1 X107.283 Y115.401 E.37688
G2 X107.032 Y113.784 I-2.493 J-.441 E.0547
G2 X105.034 Y112.678 I-1.938 J1.143 E.07865
G1 X104.601 Y112.715 E.01425
G1 X112.717 Y104.599 E.37684
G1 X112.678 Y105.024 E.014
G2 X114.489 Y107.288 I2.205 J.093 E.10386
G1 X114.676 Y107.309 E.00619
G1 E-1.75 F6000
;WIPE_START
G1 X114.783 Y107.321 E-.0804
G1 X114.975 Y107.322 E-.14409
G1 X115.4 Y107.284 E-.31957
G1 X115.205 Y107.479 E-.20594
;WIPE_END
G1 X115.489 Y107.056 F18000
G1 E2.5 F6000
M204 P2000
;TYPE:Gap infill
;WIDTH:0.123868
G1 F1338
G1 X115.664 Y107.017 E.00117
;WIDTH:0.151365
G1 X115.75 Y106.996 E.00077
;WIDTH:0.165783
G1 X116.044 Y106.917 E.00302
G1 X115.744 Y107.058 F18000
;WIDTH:0.196209
G1 F1338
G1 X115.997 Y106.868 E.0039
;WIDTH:0.147327
G1 X116.266 Y106.633 E.00301
G1 X116.618 Y106.249 E.00438
;WIDTH:0.197268
G2 X116.732 Y106.061 I-.314 J-.32 E.00277
;WIDTH:0.176872
G1 X116.751 Y105.997 E.00072
;WIDTH:0.149564
G1 X116.774 Y105.906 E.00081
;WIDTH:0.122134
G1 X116.795 Y105.82 E.00057
;WIDTH:0.102709
G1 X116.811 Y105.74 E.0004
G1 X117.287 Y105.109 F18000
;WIDTH:0.126417
G1 F1338
G1 X117.518 Y104.515 E.00429
G1 X117.504 Y104.501 F18000
;WIDTH:0.334486
G1 F1338
G1 X117.303 Y105.094 E.01472
G1 X117.554 Y104.842 F18000
;WIDTH:0.1676
G1 F1338
G1 X117.092 Y104.114 E.00867
G1 X117.102 Y104.108 F18000
;WIDTH:0.265083
G1 F1338
G1 X117.539 Y104.857 E.01554
G1 X117.53 Y104.867 F18000
;WIDTH:0.340275
G1 F1338
G1 X117.128 Y104.126 E.02021
G1 X115.852 Y102.849 F18000
;WIDTH:0.396055
G1 F1338
G2 X115.127 Y102.477 I-8.94 J16.531 E.02321
G1 X115.141 Y102.463 F18000
;WIDTH:0.265812
G1 F1338
G1 X115.893 Y102.897 E.0156
G1 X115.885 Y102.908 F18000
;WIDTH:0.160791
G1 F1338
G1 X115.159 Y102.445 E.00819
G1 X113.717 Y103.322 F18000
;WIDTH:0.160029
G1 F1338
G3 X114.098 Y103.223 I2.385 J8.411 E.00373
;WIDTH:0.124484
G1 X114.188 Y103.201 E.00061
;WIDTH:0.103527
G1 X114.274 Y103.184 E.00043
G1 X114.017 Y103.182 F18000
;WIDTH:0.205188
G1 F1338
G1 X113.759 Y103.376 E.00423
;WIDTH:0.147636
G1 X113.368 Y103.734 E.00447
G1 X113.132 Y104.003 E.00303
;WIDTH:0.194092
G1 X113.068 Y104.085 E.00127
G2 X113.009 Y104.236 I.18 J.156 E.00202
;WIDTH:0.166225
G1 X113.008 Y104.242 E.00005
;WIDTH:0.151239
G1 X112.986 Y104.331 E.00081
;WIDTH:0.123515
G1 X112.947 Y104.502 E.00114
G1 X112.428 Y105.176 F18000
;WIDTH:0.10388
G1 F1338
G1 X112.463 Y105.367 E.00095
G1 X111.121 Y106.688 F18000
;TYPE:Sparse infill
;WIDTH:0.45
G1 F1338
G1 X112.116 Y105.692 E.04622
G1 X112.134 Y105.786 E.00315
G1 X112.41 Y105.732 E.00926
G2 X114.542 Y107.649 I2.516 J-.654 E.09972
G1 X113.168 Y109.023 E.0638
G1 X110.977 Y106.832 E.10176
G1 X108.904 Y108.904 E.09623
G1 X111.096 Y111.096 E.10176
G1 X109.023 Y113.168 E.09623
G1 X106.832 Y110.977 E.10176
G1 X105.453 Y112.355 E.06402
G3 X107.595 Y114.267 I-.324 J2.519 E.10019
G1 X107.875 Y114.212 E.00936
G1 X107.891 Y114.3 E.00295
G1 X108.879 Y113.312 E.04587
G1 X107.537 Y114.633 F18000
;TYPE:Gap infill
;WIDTH:0.12145
G1 F1338
G1 X107.572 Y114.824 E.00123
G1 X107.053 Y115.498 F18000
;WIDTH:0.102709
G1 F1338
G1 X107.037 Y115.578 E.0004
;WIDTH:0.122134
G1 X107.016 Y115.664 E.00057
;WIDTH:0.149565
G1 X106.993 Y115.755 E.00081
;WIDTH:0.176872
G1 X106.974 Y115.819 E.00072
;WIDTH:0.197269
G3 X106.86 Y116.007 I-.428 J-.132 E.00277
;WIDTH:0.147328
G1 X106.508 Y116.391 E.00438
G1 X106.239 Y116.626 E.00301
;WIDTH:0.197088
G1 X106.122 Y116.716 E.00183
;WIDTH:0.204603
G1 X106.06 Y116.734 E.00084
;WIDTH:0.178299
G1 X105.992 Y116.754 E.00077
;WIDTH:0.151363
G1 X105.906 Y116.775 E.00077
;WIDTH:0.123868
G1 X105.731 Y116.814 E.00117
G1 X104.841 Y117.555 F18000
;WIDTH:0.163075
G1 F1338
G1 X104.115 Y117.092 E.00835
G1 X104.107 Y117.103 F18000
;WIDTH:0.270699
G1 F1338
G1 X104.859 Y117.537 E.01595
G1 X104.871 Y117.525 F18000
;WIDTH:0.396233
G1 F1338
G3 X104.138 Y117.141 I12.066 J-23.943 E.02359
G1 X102.847 Y115.85 F18000
;WIDTH:0.402451
G1 F1338
G3 X102.477 Y115.127 I16.917 J-9.12 E.02357
G1 X102.463 Y115.141 F18000
;WIDTH:0.2666
G1 F1338
G1 X102.896 Y115.893 E.01566
G1 X102.911 Y115.883 F18000
;WIDTH:0.112883
G1 F1338
G1 X102.858 Y115.804 E.00054
;WIDTH:0.156804
G3 X102.445 Y115.159 I14.468 J-9.725 E.00704
G1 X103.189 Y114.261 F18000
;WIDTH:0.121656
G1 F1338
G1 X103.226 Y114.097 E.00106
;WIDTH:0.147505
G1 X103.246 Y114.014 E.00072
;WIDTH:0.179315
G1 X103.274 Y113.913 E.00115
;WIDTH:0.200068
G3 X103.369 Y113.767 I.276 J.074 E.00225
;WIDTH:0.148397
G1 X103.734 Y113.368 E.00459
G1 X104.011 Y113.126 E.00313
;WIDTH:0.201452
G3 X104.149 Y113.031 I.533 J.632 E.00215
;WIDTH:0.186223
G1 X104.252 Y113.003 E.00123
;WIDTH:0.152016
G1 X104.343 Y112.981 E.00083
;WIDTH:0.124081
G1 X104.43 Y112.96 E.00059
;WIDTH:0.103525
G1 X104.516 Y112.943 E.00043
; stop printing object Block.stl id:105326592607568 copy 0
;LAYER_CHANGE
;Z:18.04
;HEIGHT:0.200001
G92 E0 ; zero the extruded length again
; BEFORE_LAYER_CHANGE 89 @ 18.04mm
G1 E-2.41206 F6000
;WIPE_START
G1 X104.43 Y112.96 E-.08794
;WIPE_END
; AFTER_LAYER_CHANGE 89 @ 18.04mm
;_SET_FAN_SPEED_CHANGING_LAYER
; printing object Block.stl id:105326592607568 copy 0
G1 X101.458 Y115.303 Z18.04 F18000
G1 E2.5 F6000
M204 P1000
;TYPE:Outer wall
;WIDTH:0.42
G1 F1373
G1 X115.303 Y101.458 E.5955
G1 X115.519 Y101.674 E.00928
G1 X118.542 Y104.697 E.13002
G1 X104.697 Y118.542 E.5955
G1 X101.501 Y115.346 E.13747
G1 E-1.75 F6000
;WIPE_START
G1 F3600
G1 X102.206 Y114.636 E-.75
;WIPE_END
G1 X105.642 Y117.043 F18000
G1 E2.5 F6000
M204 P1500
;TYPE:Inner wall
;WIDTH:0.45
G1 F1373
G1 X104.697 Y117.987 E.04387
G1 X102.013 Y115.303 E.12463
G1 X102.958 Y114.358 E.04389
G1 X102.921 Y114.775 E.01373
G2 X105.217 Y117.08 I2.205 J.1 E.12011
G1 X105.582 Y117.048 E.01202
G1 E-1.75 F6000
;WIPE_START
G1 X104.896 Y117.776 E-.75
;WIPE_END
G1 X106.916 Y114.645 F18000
G1 E2.5 F6000
M204 P1000
;TYPE:Outer wall
;WIDTH:0.42
G1 F1373
G1 X106.929 Y114.958 E.00953
G3 X104.729 Y113.112 I-1.808 J-.08 E.24487
G1 X104.885 Y113.084 E.00482
G3 X106.907 Y114.586 I.236 J1.794 E.08472
G1 E-1.75 F6000
;WIPE_START
G1 F3600
G1 X106.929 Y114.958 E-.27958
G1 X106.889 Y115.268 E-.23384
G1 X106.788 Y115.567 E-.23658
;WIPE_END
G1 X117.041 Y105.643 F18000
G1 E2.5 F6000
M204 P1500
;TYPE:Inner wall
;WIDTH:0.45
G1 F1373
G2 X116.787 Y104.02 I-2.495 J-.44 E.05494
G2 X114.791 Y102.92 I-1.935 J1.152 E.07843
G1 X114.359 Y102.957 E.01423
G1 X115.303 Y102.013 E.04383
G1 X117.987 Y104.697 E.12463
G1 X117.084 Y105.6 E.04197
G1 E-1.75 F6000
;WIPE_START
G1 X117.08 Y105.218 E-.28676
G1 X117.063 Y104.833 E-.28879
G1 X117.008 Y104.607 E-.17445
;WIPE_END
G1 X114.776 Y106.926 F18000
G1 E2.5 F6000
M204 P1000
;TYPE:Outer wall
;WIDTH:0.42
G1 F1373
G1 X114.491 Y106.887 E.00874
G3 X114.487 Y103.354 I.388 J-1.767 E.14897
G1 X114.643 Y103.326 E.00482
G3 X114.835 Y106.929 I.236 J1.794 E.18142
G1 X114.758 Y107.312 F18000
M204 P1500
;TYPE:Inner wall
;WIDTH:0.45
G1 F1373
G1 X114.967 Y107.322 E.0069
G1 X115.39 Y107.294 E.01391
G1 X107.283 Y115.401 E.37644
G2 X107.029 Y113.778 I-2.495 J-.44 E.05494
G2 X105.033 Y112.678 I-1.938 J1.156 E.07841
G1 X104.601 Y112.715 E.01423
G1 X112.698 Y104.618 E.37597
G1 X112.677 Y105.113 E.01629
G2 X114.583 Y107.303 I2.207 J.003 E.10404
G1 X114.698 Y107.309 E.00375
G1 E-1.75 F6000
;WIPE_START
G1 X114.967 Y107.322 E-.20261
G1 X115.39 Y107.294 E-.31772
G1 X115.174 Y107.51 E-.22967
;WIPE_END
G1 X115.442 Y107.07 F18000
G1 E2.5 F6000
M204 P2000
;TYPE:Gap infill
;WIDTH:0.123379
G1 F1373
G1 X115.577 Y107.045 E.00089
;WIDTH:0.13826
G1 X115.667 Y107.024 E.00071
;WIDTH:0.167739
G1 X115.754 Y107.004 E.00089
;WIDTH:0.183337
G1 X116.028 Y106.934 E.0032
G1 X115.719 Y107.076 F18000
;WIDTH:0.196877
G1 F1373
G1 X115.997 Y106.868 E.0043
;WIDTH:0.145247
G1 X116.266 Y106.632 E.00296
G1 X116.574 Y106.303 E.00372
;WIDTH:0.18063
G1 X116.678 Y106.173 E.00185
;WIDTH:0.208079
G1 X116.813 Y105.99 E.00302
G1 X116.811 Y105.739 F18000
;WIDTH:0.102796
G1 F1373
G1 X116.795 Y105.82 E.0004
;WIDTH:0.122387
G1 X116.774 Y105.906 E.00057
;WIDTH:0.156544
G3 X116.672 Y106.289 I-8.445 J-2.035 E.00363
G1 X117.287 Y105.109 F18000
;WIDTH:0.126417
G1 F1373
G1 X117.518 Y104.515 E.00429
G1 X117.504 Y104.501 F18000
;WIDTH:0.334468
G1 F1373
G1 X117.303 Y105.094 E.01472
G1 X117.555 Y104.842 F18000
;WIDTH:0.167208
G1 F1373
G1 X117.092 Y104.114 E.00864
G1 X117.102 Y104.108 F18000
;WIDTH:0.265058
G1 F1373
G1 X117.539 Y104.857 E.01554
G1 X117.53 Y104.867 F18000
;WIDTH:0.340276
G1 F1373
G1 X117.128 Y104.125 E.02021
G1 X115.852 Y102.849 F18000
;WIDTH:0.396044
G1 F1373
G2 X115.127 Y102.477 I-8.952 J16.556 E.0232
G1 X115.141 Y102.463 F18000
;WIDTH:0.265819
G1 F1373
G1 X115.893 Y102.897 E.0156
G1 X115.885 Y102.908 F18000
;WIDTH:0.160771
G1 F1373
G1 X115.159 Y102.445 E.00819
G1 X113.714 Y103.325 F18000
;WIDTH:0.161288
G1 F1373
G3 X114.097 Y103.222 I3.313 J11.607 E.0038
;WIDTH:0.116689
G1 X114.27 Y103.184 E.00105
G1 X114.017 Y103.182 F18000
;WIDTH:0.20439
G1 F1373
G1 X113.758 Y103.377 E.00422
;WIDTH:0.147597
G1 X113.368 Y103.734 E.00446
G1 X113.132 Y104.003 E.00302
;WIDTH:0.191382
G1 X113.068 Y104.085 E.00125
;WIDTH:0.204019
G1 X112.908 Y104.302 E.0035
G1 X112.919 Y104.593 F18000
;WIDTH:0.135654
G1 F1373
G1 X112.95 Y104.42 E.00131
;WIDTH:0.152419
G1 X112.971 Y104.326 E.00085
;WIDTH:0.185568
G1 X112.991 Y104.235 E.00106
;WIDTH:0.203137
G1 X113.052 Y103.987 E.00331
G1 X111.121 Y106.688 F18000
;TYPE:Sparse infill
;WIDTH:0.45
G1 F1373
G1 X112.357 Y105.452 E.05738
G2 X114.549 Y107.642 I2.567 J-.377 E.10906
G1 X113.168 Y109.023 E.06412
G1 X110.977 Y106.832 E.10176
G1 X108.904 Y108.904 E.09623
G1 X111.096 Y111.096 E.10176
G1 X109.023 Y113.168 E.09623
G1 X106.832 Y110.977 E.10176
G1 X105.454 Y112.354 E.06396
G3 X107.65 Y114.541 I-.341 J2.538 E.10929
G1 X108.879 Y113.312 E.05708
G1 X106.914 Y116.047 F18000
;TYPE:Gap infill
;WIDTH:0.156545
G1 F1373
G2 X107.016 Y115.664 I-8.33 J-2.415 E.00363
;WIDTH:0.122387
G1 X107.037 Y115.578 E.00057
;WIDTH:0.102796
G1 X107.053 Y115.497 E.0004
G1 X107.055 Y115.748 F18000
;WIDTH:0.208078
G1 F1373
G1 X106.92 Y115.931 E.00302
;WIDTH:0.180629
G1 X106.816 Y116.061 E.00185
;WIDTH:0.142555
G1 X106.508 Y116.39 E.00362
G1 X106.293 Y116.582 E.00231
;WIDTH:0.183659
G1 X106.161 Y116.688 E.00193
;WIDTH:0.202512
G1 X105.986 Y116.816 E.00279
G1 X105.734 Y116.814 F18000
;WIDTH:0.133992
G1 F1373
G1 X105.899 Y116.777 E.00124
;WIDTH:0.163704
G2 X106.289 Y116.673 I-3.257 J-12.864 E.00393
G1 X105.109 Y117.287 F18000
;WIDTH:0.124458
G1 F1373
G1 X104.515 Y117.518 E.00419
G1 X104.501 Y117.503 F18000
;WIDTH:0.331218
G1 F1373
G1 X105.093 Y117.303 E.01455
G1 X104.841 Y117.555 F18000
;WIDTH:0.163089
G1 F1373
G1 X104.115 Y117.092 E.00835
G1 X104.108 Y117.101 F18000
;WIDTH:0.264753
G1 F1373
G1 X104.857 Y117.539 E.01552
G1 X104.867 Y117.53 F18000
;WIDTH:0.339856
G1 F1373
G1 X104.125 Y117.128 E.0202
G1 X102.878 Y115.881 F18000
;WIDTH:0.326718
G1 F1373
G1 X102.469 Y115.135 E.01948
G1 X102.455 Y115.149 F18000
;WIDTH:0.210913
G1 F1373
G1 X102.903 Y115.888 E.01171
G1 X102.911 Y115.882 F18000
;WIDTH:0.121422
G1 F1373
G3 X102.437 Y115.166 I22.509 J-15.393 E.00543
G1 X102.697 Y114.906 F18000
;WIDTH:0.334487
G1 F1373
G1 X102.496 Y115.499 E.01472
G1 X102.482 Y115.484 F18000
;WIDTH:0.121869
G1 F1373
G1 X102.713 Y114.891 E.00406
G1 X103.326 Y113.712 F18000
;WIDTH:0.167955
G1 F1373
G1 X103.249 Y114 E.003
;WIDTH:0.152906
G1 X103.227 Y114.09 E.00082
;WIDTH:0.124518
G1 X103.187 Y114.267 E.00119
G1 X103.185 Y114.012 F18000
;WIDTH:0.196079
G1 F1373
G1 X103.374 Y113.761 E.00388
;WIDTH:0.14812
G1 X103.734 Y113.368 E.00452
G1 X104.01 Y113.126 E.00312
;WIDTH:0.196108
G3 X104.149 Y113.031 I.532 J.632 E.00208
G1 X104.245 Y113.004 E.00123
;WIDTH:0.15265
G1 X104.339 Y112.98 E.00086
;WIDTH:0.116688
G1 X104.512 Y112.942 E.00105
; stop printing object Block.stl id:105326592607568 copy 0
;LAYER_CHANGE
;Z:18.24
;HEIGHT:0.199999
G92 E0 ; zero the extruded length again
; BEFORE_LAYER_CHANGE 90 @ 18.24mm
G1 E-2.32291 F6000
;WIPE_START
G1 X104.339 Y112.98 E-.17709
;WIPE_END
; AFTER_LAYER_CHANGE 90 @ 18.24mm
;_SET_FAN_SPEED_CHANGING_LAYER
; printing object Block.stl id:105326592607568 copy 0
G1 X101.458 Y115.303 Z18.24 F18000
G1 E2.5 F6000
M204 P1000
;TYPE:Outer wall
;WIDTH:0.42
G1 F1354
G1 X115.303 Y101.458 E.5955
G1 X115.484 Y101.638 E.00776
G1 X118.542 Y104.697 E.13154
G1 X104.697 Y118.542 E.5955
G1 X101.501 Y115.346 E.13747
G1 E-1.75 F6000
;WIPE_START
G1 F3600
G1 X102.206 Y114.636 E-.75
;WIPE_END
G1 X105.642 Y117.043 F18000
G1 E2.5 F6000
M204 P1500
;TYPE:Inner wall
;WIDTH:0.45
G1 F1354
G1 X104.697 Y117.987 E.04387
G1 X102.013 Y115.303 E.12463
G1 X102.959 Y114.357 E.04393
G1 X102.92 Y114.782 E.014
G2 X105.217 Y117.08 I2.205 J.092 E.11987
G1 X105.582 Y117.048 E.01202
G1 E-1.75 F6000
;WIPE_START
G1 X104.896 Y117.776 E-.75
;WIPE_END
G1 X106.916 Y114.646 F18000
G1 E2.5 F6000
M204 P1000
;TYPE:Outer wall
;WIDTH:0.42
G1 F1354
G1 X106.924 Y115.037 E.01187
G3 X104.729 Y113.112 I-1.803 J-.158 E.24258
G1 X104.885 Y113.084 E.00482
G3 X106.907 Y114.587 I.236 J1.795 E.08476
G1 E-1.75 F6000
;WIPE_START
G1 F3600
G1 X106.924 Y115.037 E-.33742
G1 X106.87 Y115.348 E-.23664
G1 X106.789 Y115.568 E-.17594
;WIPE_END
G1 X117.06 Y105.624 F18000
G1 E2.5 F6000
M204 P1500
;TYPE:Inner wall
;WIDTH:0.45
G1 F1354
G2 X116.875 Y104.19 I-2.79 J-.37 E.04802
G2 X114.79 Y102.92 I-2.002 J.941 E.08491
G1 X114.359 Y102.957 E.01421
G1 X115.303 Y102.013 E.04383
G1 X117.987 Y104.697 E.12463
G1 X117.102 Y105.582 E.0411
G1 E-1.75 F6000
;WIPE_START
G1 X117.081 Y105.129 E-.34027
G1 X117.064 Y104.841 E-.21607
G1 X117.014 Y104.588 E-.19366
;WIPE_END
G1 X114.766 Y106.923 F18000
G1 E2.5 F6000
M204 P1000
;TYPE:Outer wall
;WIDTH:0.42
G1 F1354
G1 X114.721 Y106.923 E.00135
G3 X114.487 Y103.354 I.158 J-1.803 E.15607
G1 X114.643 Y103.326 E.00482
G3 X115.115 Y106.914 I.236 J1.794 E.17288
G1 X114.826 Y106.922 E.0088
G1 X114.759 Y107.317 F18000
M204 P1500
;TYPE:Inner wall
;WIDTH:0.45
G1 F1354
G1 X114.983 Y107.321 E.00736
G1 X115.4 Y107.284 E.01374
G1 X107.302 Y115.382 E.37601
G2 X107.117 Y113.948 I-2.79 J-.37 E.04802
G2 X105.032 Y112.678 I-2.002 J.941 E.08491
G1 X104.601 Y112.715 E.01421
G1 X112.717 Y104.599 E.37683
G1 X112.678 Y105.024 E.014
G2 X114.687 Y107.314 I2.205 J.093 E.11041
G1 X114.699 Y107.315 E.00037
G1 E-1.75 F6000
;WIPE_START
G1 X114.983 Y107.321 E-.21322
G1 X115.4 Y107.284 E-.31382
G1 X115.189 Y107.495 E-.22297
;WIPE_END
G1 X115.489 Y107.056 F18000
G1 E2.5 F6000
M204 P2000
;TYPE:Gap infill
;WIDTH:0.123868
G1 F1354
G1 X115.664 Y107.017 E.00117
;WIDTH:0.151364
G1 X115.75 Y106.996 E.00077
;WIDTH:0.16578
G1 X116.044 Y106.917 E.00301
G1 X115.744 Y107.058 F18000
;WIDTH:0.196203
G1 F1354
G1 X115.997 Y106.868 E.0039
;WIDTH:0.145289
G1 X116.266 Y106.632 E.00295
G1 X116.574 Y106.303 E.00373
;WIDTH:0.180726
G1 X116.679 Y106.172 E.00186
;WIDTH:0.216823
G1 X116.85 Y105.94 E.00405
G1 X116.839 Y105.649 F18000
;WIDTH:0.116633
G1 F1354
G1 X116.808 Y105.825 E.00106
;WIDTH:0.152177
G1 X116.789 Y105.912 E.00079
;WIDTH:0.190811
G3 X116.706 Y106.255 I-7.58 J-1.635 E.0042
G1 X117.555 Y104.841 F18000
;WIDTH:0.162493
G1 F1354
G1 X117.196 Y104.276 E.00646
;WIDTH:0.1452
G1 X117.142 Y104.197 E.00079
;WIDTH:0.129106
G1 X117.089 Y104.117 E.00067
G1 X117.104 Y104.107 F18000
;WIDTH:0.27561
G1 F1354
G1 X117.537 Y104.859 E.01629
G1 X117.525 Y104.872 F18000
;WIDTH:0.400816
G1 F1354
G2 X117.143 Y104.141 I-23.007 J11.531 E.0238
G1 X115.852 Y102.849 F18000
;WIDTH:0.396063
G1 F1354
G2 X115.127 Y102.477 I-8.946 J16.543 E.02321
G1 X115.141 Y102.463 F18000
;WIDTH:0.265819
G1 F1354
G1 X115.893 Y102.897 E.0156
G1 X115.883 Y102.911 F18000
;WIDTH:0.112883
G1 F1354
G1 X115.804 Y102.858 E.00054
;WIDTH:0.156803
G2 X115.159 Y102.445 I-9.7 J14.432 E.00704
G1 X114.27 Y103.184 F18000
;WIDTH:0.115524
G1 F1354
G1 X114.105 Y103.221 E.00099
;WIDTH:0.151197
G1 X114.004 Y103.246 E.00091
;WIDTH:0.195868
G1 X113.907 Y103.273 E.00124
G2 X113.768 Y103.368 I.392 J.726 E.00209
;WIDTH:0.148333
G1 X113.492 Y103.61 E.00312
G1 X113.127 Y104.009 E.00459
;WIDTH:0.200068
G2 X113.03 Y104.162 I.192 J.229 E.00234
;WIDTH:0.181022
G1 X113.008 Y104.245 E.00096
;WIDTH:0.150856
G1 X112.984 Y104.331 E.00078
;WIDTH:0.123224
G1 X112.946 Y104.504 E.00114
G1 X112.428 Y105.176 F18000
;WIDTH:0.103923
G1 F1354
G1 X112.463 Y105.368 E.00096
G1 X111.121 Y106.688 F18000
;TYPE:Sparse infill
;WIDTH:0.45
G1 F1354
G1 X112.116 Y105.692 E.04622
G1 X112.134 Y105.788 E.0032
G1 X112.411 Y105.734 E.00926
G2 X114.547 Y107.644 I2.475 J-.618 E.09994
G1 X113.168 Y109.023 E.06403
G1 X110.977 Y106.832 E.10176
G1 X108.904 Y108.904 E.09623
G1 X111.096 Y111.096 E.10176
G1 X109.023 Y113.168 E.09623
G1 X106.832 Y110.977 E.10176
G1 X105.454 Y112.354 E.06396
G3 X107.65 Y114.542 I-.332 J2.529 E.10937
G1 X108.879 Y113.312 E.05708
G1 X106.948 Y116.013 F18000
;TYPE:Gap infill
;WIDTH:0.19081
G1 F1354
G2 X107.03 Y115.67 I-7.51 J-1.98 E.0042
;WIDTH:0.152176
G1 X107.05 Y115.583 E.00079
;WIDTH:0.116633
G1 X107.081 Y115.407 E.00106
G1 X107.092 Y115.698 F18000
;WIDTH:0.216824
G1 F1354
G1 X106.921 Y115.93 E.00405
;WIDTH:0.180726
G1 X106.816 Y116.061 E.00186
;WIDTH:0.142325
G1 X106.631 Y116.267 E.00222
G1 X106.3 Y116.576 E.00364
;WIDTH:0.182802
G1 X106.161 Y116.687 E.002
;WIDTH:0.196856
G3 X105.998 Y116.752 I-.171 J-.192 E.00223
;WIDTH:0.165787
G1 X105.992 Y116.754 E.00005
;WIDTH:0.151311
G1 X105.906 Y116.775 E.00078
;WIDTH:0.123738
G1 X105.731 Y116.814 E.00117
G1 X105.109 Y117.287 F18000
;WIDTH:0.124362
G1 F1354
G1 X104.515 Y117.518 E.00418
G1 X104.501 Y117.503 F18000
;WIDTH:0.330343
G1 F1354
G1 X105.093 Y117.303 E.0145
G1 X104.841 Y117.555 F18000
;WIDTH:0.163085
G1 F1354
G1 X104.115 Y117.092 E.00835
G1 X104.108 Y117.101 F18000
;WIDTH:0.26475
G1 F1354
G1 X104.857 Y117.539 E.01552
G1 X104.867 Y117.53 F18000
;WIDTH:0.339861
G1 F1354
G1 X104.125 Y117.128 E.02019
G1 X102.87 Y115.873 F18000
;WIDTH:0.339795
G1 F1354
G1 X102.471 Y115.133 E.02014
G1 X102.461 Y115.143 F18000
;WIDTH:0.261808
G1 F1354
G1 X102.898 Y115.892 E.01531
G1 X102.908 Y115.885 F18000
;WIDTH:0.160784
G1 F1354
G1 X102.445 Y115.159 E.00819
G1 X102.698 Y114.906 F18000
;WIDTH:0.333834
G1 F1354
G1 X102.496 Y115.499 E.01469
G1 X102.482 Y115.485 F18000
;WIDTH:0.12326
G1 F1354
G1 X102.713 Y114.891 E.00413
G1 X103.188 Y114.262 F18000
;WIDTH:0.123559
G1 F1354
G1 X103.227 Y114.09 E.00114
;WIDTH:0.151247
G1 X103.249 Y114.001 E.0008
;WIDTH:0.166131
G1 X103.251 Y113.996 E.00005
;WIDTH:0.194185
G3 X103.309 Y113.843 I.24 J.005 E.00204
G1 X103.374 Y113.761 E.00127
;WIDTH:0.147635
G1 X103.61 Y113.492 E.00303
G1 X104 Y113.134 E.00447
;WIDTH:0.204377
G1 X104.258 Y112.94 E.00421
G1 X104.512 Y112.943 F18000
;WIDTH:0.115526
G1 F1354
G1 X104.347 Y112.979 E.00099
;WIDTH:0.159825
G2 X103.956 Y113.083 I2.806 J11.318 E.00382
; stop printing object Block.stl id:105326592607568 copy 0
;LAYER_CHANGE
;Z:18.44
;HEIGHT:0.200001
G92 E0 ; zero the extruded length again
; BEFORE_LAYER_CHANGE 91 @ 18.44mm
G1 E-2.09514 F6000
;WIPE_START
G1 X104.347 Y112.979 E-.40486
;WIPE_END
; AFTER_LAYER_CHANGE 91 @ 18.44mm
;_SET_FAN_SPEED_CHANGING_LAYER
; printing object Block.stl id:105326592607568 copy 0
G1 X101.458 Y115.303 Z18.44 F18000
G1 E2.5 F6000
M204 P1000
;TYPE:Outer wall
;WIDTH:0.42
G1 F1362
G1 X115.303 Y101.458 E.5955
G1 X115.448 Y101.603 E.00623
G1 X118.542 Y104.697 E.13306
G1 X104.697 Y118.542 E.5955
G1 X101.501 Y115.346 E.13747
G1 E-1.75 F6000
;WIPE_START
G1 F3600
G1 X102.206 Y114.636 E-.75
;WIPE_END
G1 X105.642 Y117.043 F18000
G1 E2.5 F6000
M204 P1500
;TYPE:Inner wall
;WIDTH:0.45
G1 F1362
G1 X104.697 Y117.987 E.04387
G1 X102.013 Y115.303 E.12463
G1 X102.94 Y114.376 E.04307
G1 X102.919 Y114.871 E.01629
G2 X105.217 Y117.08 I2.207 J.003 E.11694
G1 X105.582 Y117.048 E.01202
G1 E-1.75 F6000
;WIPE_START
G1 X104.896 Y117.776 E-.75
;WIPE_END
G1 X106.916 Y114.647 F18000
G1 E2.5 F6000
M204 P1000
;TYPE:Outer wall
;WIDTH:0.42
G1 F1362
G1 X106.93 Y114.958 E.00946
G3 X104.732 Y113.111 I-1.808 J-.08 E.24493
G1 X104.885 Y113.084 E.00471
G3 X106.909 Y114.588 I.238 J1.794 E.08484
G1 E-1.75 F6000
;WIPE_START
G1 F3600
G1 X106.93 Y114.958 E-.27794
G1 X106.87 Y115.348 E-.2958
G1 X106.789 Y115.569 E-.17627
;WIPE_END
G1 X117.041 Y105.643 F18000
G1 E2.5 F6000
M204 P1500
;TYPE:Inner wall
;WIDTH:0.45
G1 F1362
G2 X116.787 Y104.02 I-2.499 J-.439 E.05493
G2 X114.79 Y102.92 I-1.935 J1.152 E.07848
G1 X114.359 Y102.957 E.01418
G1 X115.303 Y102.013 E.04384
G1 X117.987 Y104.697 E.12463
G1 X117.084 Y105.6 E.04195
G1 E-1.75 F6000
;WIPE_START
G1 X117.08 Y105.218 E-.28673
G1 X117.063 Y104.833 E-.28863
G1 X117.008 Y104.607 E-.17464
;WIPE_END
G1 X114.766 Y106.926 F18000
G1 E2.5 F6000
M204 P1000
;TYPE:Outer wall
;WIDTH:0.42
G1 F1362
G1 X114.556 Y106.901 E.00645
G3 X114.491 Y103.353 I.325 J-1.78 E.15103
G1 X114.643 Y103.326 E.00471
G3 X114.826 Y106.929 I.238 J1.794 E.18185
G1 X114.75 Y107.312 F18000
M204 P1500
;TYPE:Inner wall
;WIDTH:0.45
G1 F1362
G1 X114.975 Y107.322 E.00741
G1 X115.4 Y107.284 E.01399
G1 X107.284 Y115.4 E.37681
G2 X107.029 Y113.778 I-2.441 J-.446 E.05495
G2 X105.032 Y112.678 I-1.935 J1.152 E.07848
G1 X104.601 Y112.715 E.01418
G1 X112.717 Y104.599 E.37683
G1 X112.678 Y105.024 E.014
G2 X114.598 Y107.305 I2.206 J.092 E.10746
G1 X114.69 Y107.309 E.00302
G1 E-1.75 F6000
;WIPE_START
G1 X114.975 Y107.322 E-.2142
G1 X115.4 Y107.284 E-.31957
G1 X115.196 Y107.488 E-.21623
;WIPE_END
G1 X115.489 Y107.056 F18000
G1 E2.5 F6000
M204 P2000
;TYPE:Gap infill
;WIDTH:0.12387
G1 F1362
G1 X115.664 Y107.017 E.00117
;WIDTH:0.151368
G1 X115.75 Y106.996 E.00077
;WIDTH:0.178303
G1 X115.818 Y106.976 E.00077
;WIDTH:0.204606
G1 X115.88 Y106.958 E.00084
;WIDTH:0.197048
G1 X115.997 Y106.868 E.00184
;WIDTH:0.145254
G1 X116.266 Y106.632 E.00296
G1 X116.574 Y106.303 E.00372
;WIDTH:0.181604
G1 X116.683 Y106.167 E.00195
;WIDTH:0.205462
G2 X116.733 Y106.061 I-.17 J-.144 E.00155
;WIDTH:0.17751
G1 X116.752 Y105.997 E.00072
;WIDTH:0.150241
G1 X116.774 Y105.906 E.00081
;WIDTH:0.122719
G1 X116.795 Y105.82 E.00057
;WIDTH:0.102981
G1 X116.812 Y105.737 E.00041
G1 X117.287 Y105.109 F18000
;WIDTH:0.126412
G1 F1362
G1 X117.518 Y104.515 E.00429
G1 X117.504 Y104.501 F18000
;WIDTH:0.334474
G1 F1362
G1 X117.303 Y105.094 E.01472
G1 X117.555 Y104.842 F18000
;WIDTH:0.166411
G1 F1362
G1 X117.092 Y104.114 E.00858
G1 X117.101 Y104.108 F18000
;WIDTH:0.264991
G1 F1362
G1 X117.539 Y104.857 E.01553
G1 X117.53 Y104.867 F18000
;WIDTH:0.340248
G1 F1362
G1 X117.128 Y104.126 E.02021
G1 X115.852 Y102.849 F18000
;WIDTH:0.396056
G1 F1362
G2 X115.127 Y102.477 I-8.92 J16.491 E.02321
G1 X115.141 Y102.463 F18000
;WIDTH:0.265824
G1 F1362
G1 X115.893 Y102.897 E.01561
G1 X115.885 Y102.908 F18000
;WIDTH:0.160784
G1 F1362
G1 X115.159 Y102.445 E.00819
G1 X113.716 Y103.323 F18000
;WIDTH:0.16037
G1 F1362
G3 X114.093 Y103.224 I2.443 J8.576 E.0037
;WIDTH:0.125766
G1 X114.18 Y103.203 E.00059
;WIDTH:0.10439
G1 X114.273 Y103.185 E.00047
G1 X114.016 Y103.183 F18000
;WIDTH:0.204333
G1 F1362
G1 X113.758 Y103.376 E.0042
;WIDTH:0.145188
G1 X113.492 Y103.61 E.00292
G1 X113.182 Y103.942 E.00375
;WIDTH:0.181981
G1 X113.075 Y104.076 E.00192
;WIDTH:0.195712
G2 X113.007 Y104.244 I.198 J.178 E.00228
;WIDTH:0.163931
G1 X113.005 Y104.249 E.00005
;WIDTH:0.14957
G1 X112.984 Y104.336 E.00076
;WIDTH:0.122768
G1 X112.946 Y104.505 E.00111
G1 X111.121 Y106.688 F18000
;TYPE:Sparse infill
;WIDTH:0.45
G1 F1362
G1 X112.355 Y105.454 E.05729
G2 X114.542 Y107.649 I2.546 J-.35 E.10923
G1 X113.168 Y109.023 E.06379
G1 X110.977 Y106.832 E.10176
G1 X108.904 Y108.904 E.09623
G1 X111.096 Y111.096 E.10176
G1 X109.023 Y113.168 E.09623
G1 X106.832 Y110.977 E.10176
G1 X105.453 Y112.355 E.06402
G3 X107.642 Y114.549 I-.341 J2.53 E.10935
G1 X108.879 Y113.312 E.05745
G1 X106.917 Y116.044 F18000
;TYPE:Gap infill
;WIDTH:0.158758
G1 F1362
G2 X107.017 Y115.664 I-8.594 J-2.462 E.00367
;WIDTH:0.124417
G1 X107.038 Y115.578 E.00058
;WIDTH:0.103774
G1 X107.056 Y115.489 E.00045
G1 X107.058 Y115.744 F18000
;WIDTH:0.209563
G1 F1362
G1 X106.925 Y115.925 E.00301
;WIDTH:0.181604
G1 X106.816 Y116.061 E.00195
;WIDTH:0.142144
G1 X106.563 Y116.337 E.003
G1 X106.304 Y116.573 E.0028
;WIDTH:0.182194
G1 X106.161 Y116.687 E.00206
;WIDTH:0.196854
G3 X105.998 Y116.752 I-.171 J-.192 E.00223
;WIDTH:0.165782
G1 X105.992 Y116.754 E.00005
;WIDTH:0.151364
G1 X105.906 Y116.775 E.00077
;WIDTH:0.123868
G1 X105.731 Y116.814 E.00117
G1 X105.109 Y117.287 F18000
;WIDTH:0.123263
G1 F1362
G1 X104.515 Y117.518 E.00413
G1 X104.501 Y117.504 F18000
;WIDTH:0.322213
G1 F1362
G1 X105.094 Y117.303 E.0141
G1 X104.839 Y117.558 F18000
;WIDTH:0.157644
G1 F1362
G1 X104.267 Y117.189 E.00629
;WIDTH:0.141855
G1 X104.192 Y117.139 E.00072
;WIDTH:0.126877
G1 X104.117 Y117.089 E.00061
G1 X104.111 Y117.098 F18000
;WIDTH:0.219497
G1 F1362
G1 X104.853 Y117.543 E.01233
G1 X104.865 Y117.531 F18000
;WIDTH:0.334001
G1 F1362
G1 X104.119 Y117.122 E.01998
G1 X102.872 Y115.874 F18000
;WIDTH:0.334531
G1 F1362
G1 X102.47 Y115.133 E.01982
G1 X102.461 Y115.143 F18000
;WIDTH:0.260979
G1 F1362
G1 X102.899 Y115.892 E.01525
G1 X102.908 Y115.885 F18000
;WIDTH:0.160794
G1 F1362
G1 X102.445 Y115.159 E.00819
G1 X102.697 Y114.906 F18000
;WIDTH:0.334474
G1 F1362
G1 X102.496 Y115.499 E.01472
G1 X102.484 Y115.487 F18000
;WIDTH:0.135644
G1 F1362
G1 X102.712 Y114.892 E.00477
G1 X103.293 Y113.745 F18000
;WIDTH:0.200056
G1 F1362
G1 X103.231 Y114.001 E.00333
;WIDTH:0.183157
G1 X103.211 Y114.088 E.00101
;WIDTH:0.151465
G1 X103.191 Y114.179 E.00082
;WIDTH:0.135434
G1 X103.161 Y114.351 E.0013
G1 X103.15 Y114.06 F18000
;WIDTH:0.200817
G1 F1362
G1 X103.317 Y113.834 E.00358
;WIDTH:0.18198
G1 X103.424 Y113.7 E.00192
;WIDTH:0.145378
G1 X103.734 Y113.368 E.00375
G1 X104.004 Y113.131 E.00297
;WIDTH:0.200337
G3 X104.149 Y113.032 I.574 J.682 E.00224
;WIDTH:0.18571
G1 X104.251 Y113.003 E.00123
;WIDTH:0.151691
G1 X104.342 Y112.981 E.00081
;WIDTH:0.124081
G1 X104.428 Y112.96 E.00058
;WIDTH:0.103603
G1 X104.515 Y112.943 E.00043
; stop printing object Block.stl id:105326592607568 copy 0
;LAYER_CHANGE
;Z:18.64
;HEIGHT:0.199999
G92 E0 ; zero the extruded length again
; BEFORE_LAYER_CHANGE 92 @ 18.64mm
G1 E-2.41121 F6000
;WIPE_START
G1 X104.428 Y112.96 E-.08879
;WIPE_END
; AFTER_LAYER_CHANGE 92 @ 18.64mm
;_SET_FAN_SPEED_CHANGING_LAYER
; printing object Block.stl id:105326592607568 copy 0
G1 X101.458 Y115.303 Z18.64 F18000
G1 E2.5 F6000
M204 P1000
;TYPE:Outer wall
;WIDTH:0.42
G1 F1339
G1 X115.303 Y101.458 E.5955
G1 X118.542 Y104.697 E.13929
G1 X104.697 Y118.542 E.5955
G1 X101.501 Y115.346 E.13747
G1 E-1.75 F6000
;WIPE_START
G1 F3600
G1 X102.206 Y114.636 E-.75
;WIPE_END
G1 X105.642 Y117.043 F18000
G1 E2.5 F6000
M204 P1500
;TYPE:Inner wall
;WIDTH:0.45
G1 F1339
G1 X104.697 Y117.987 E.04387
G1 X102.013 Y115.303 E.12463
G1 X102.958 Y114.357 E.04392
G1 X102.92 Y114.782 E.014
G2 X105.217 Y117.08 I2.205 J.092 E.11987
G1 X105.582 Y117.048 E.01202
G1 E-1.75 F6000
;WIPE_START
G1 X104.896 Y117.776 E-.75
;WIPE_END
G1 X106.912 Y114.652 F18000
G1 E2.5 F6000
M204 P1000
;TYPE:Outer wall
;WIDTH:0.42
G1 F1339
G1 X106.923 Y114.718 E.00204
G3 X104.729 Y113.112 I-1.802 J.16 E.2522
G1 X104.885 Y113.084 E.00481
G3 X106.869 Y114.411 I.236 J1.794 E.07926
G1 X106.902 Y114.593 E.00563
G1 E-1.75 F6000
;WIPE_START
G1 F3600
G1 X106.923 Y114.718 E-.09524
G1 X106.916 Y115.115 E-.29808
G1 X106.848 Y115.42 E-.23411
G1 X106.789 Y115.573 E-.12257
;WIPE_END
G1 X117.043 Y105.642 F18000
G1 E2.5 F6000
M204 P1500
;TYPE:Inner wall
;WIDTH:0.45
G1 F1339
G2 X116.875 Y104.19 I-2.429 J-.456 E.0487
G2 X114.789 Y102.92 I-2.002 J.941 E.08496
G1 X114.359 Y102.957 E.01416
G1 X115.303 Y102.013 E.04384
G1 X117.987 Y104.697 E.12463
G1 X117.085 Y105.599 E.0419
G1 E-1.75 F6000
;WIPE_START
G1 X117.08 Y105.217 E-.28658
G1 X117.064 Y104.841 E-.28221
G1 X117.017 Y104.604 E-.18121
;WIPE_END
G1 X114.763 Y106.925 F18000
G1 E2.5 F6000
M204 P1000
;TYPE:Outer wall
;WIDTH:0.42
G1 F1339
G1 X114.482 Y106.886 E.00861
G3 X114.487 Y103.354 I.397 J-1.765 E.14872
G1 X114.643 Y103.326 E.00481
G3 X114.823 Y106.929 I.236 J1.794 E.1818
G1 X114.745 Y107.312 F18000
M204 P1500
;TYPE:Inner wall
;WIDTH:0.45
G1 F1339
G1 X114.967 Y107.322 E.00729
G1 X115.39 Y107.294 E.01391
G1 X107.284 Y115.4 E.37637
G2 X107.029 Y113.778 I-2.45 J-.445 E.05494
G2 X105.031 Y112.678 I-1.935 J1.152 E.07851
G1 X104.601 Y112.715 E.01416
G1 X112.717 Y104.599 E.37683
G1 X112.678 Y105.024 E.014
G2 X114.591 Y107.304 I2.205 J.092 E.10722
G1 X114.686 Y107.309 E.00311
G1 E-1.75 F6000
;WIPE_START
G1 X114.967 Y107.322 E-.21163
G1 X115.39 Y107.294 E-.31771
G1 X115.182 Y107.502 E-.22066
;WIPE_END
G1 X115.442 Y107.07 F18000
G1 E2.5 F6000
M204 P2000
;TYPE:Gap infill
;WIDTH:0.123403
G1 F1339
G1 X115.577 Y107.045 E.00089
;WIDTH:0.138289
G1 X115.667 Y107.024 E.00071
;WIDTH:0.167773
G1 X115.754 Y107.004 E.00089
;WIDTH:0.183379
G1 X116.028 Y106.934 E.00321
G1 X115.719 Y107.076 F18000
;WIDTH:0.202414
G1 F1339
G1 X115.919 Y106.929 E.00319
;WIDTH:0.182797
G1 X116.058 Y106.818 E.002
;WIDTH:0.145157
G1 X116.39 Y106.508 E.00375
G1 X116.623 Y106.242 E.00292
;WIDTH:0.198916
G2 X116.734 Y106.06 I-.322 J-.32 E.00271
;WIDTH:0.179341
G1 X116.752 Y105.998 E.00071
;WIDTH:0.152612
G1 X116.774 Y105.909 E.00081
;WIDTH:0.125685
G1 X116.795 Y105.826 E.00057
;WIDTH:0.104663
G1 X116.814 Y105.735 E.00046
G1 X117.555 Y104.841 F18000
;WIDTH:0.162378
G1 F1339
G1 X117.195 Y104.276 E.00645
;WIDTH:0.145122
G1 X117.142 Y104.197 E.00079
;WIDTH:0.129055
G1 X117.089 Y104.117 E.00067
G1 X117.104 Y104.107 F18000
;WIDTH:0.274639
G1 F1339
G1 X117.537 Y104.859 E.01622
G1 X117.525 Y104.872 F18000
;WIDTH:0.400788
G1 F1339
G2 X117.143 Y104.141 I-22.965 J11.51 E.0238
G1 X115.852 Y102.849 F18000
;WIDTH:0.396058
G1 F1339
G2 X115.127 Y102.477 I-8.92 J16.492 E.02321
G1 X115.141 Y102.463 F18000
;WIDTH:0.265805
G1 F1339
G1 X115.893 Y102.897 E.0156
G1 X115.883 Y102.911 F18000
;WIDTH:0.112879
G1 F1339
G1 X115.804 Y102.858 E.00054
;WIDTH:0.156789
G2 X115.159 Y102.445 I-9.718 J14.458 E.00704
G1 X113.713 Y103.326 F18000
;WIDTH:0.160725
G1 F1339
G3 X114.098 Y103.223 I3.328 J11.638 E.00378
;WIDTH:0.11643
G1 X114.269 Y103.185 E.00104
G1 X114.016 Y103.183 F18000
;WIDTH:0.204284
G1 F1339
G1 X113.758 Y103.376 E.0042
;WIDTH:0.147628
G1 X113.368 Y103.734 E.00447
G1 X113.132 Y104.003 E.00303
;WIDTH:0.196621
G1 X113.044 Y104.118 E.00179
;WIDTH:0.203425
G1 X113.025 Y104.181 E.00086
;WIDTH:0.176687
G1 X113.005 Y104.25 E.00077
;WIDTH:0.149644
G1 X112.984 Y104.336 E.00076
;WIDTH:0.122824
G1 X112.946 Y104.505 E.00112
G1 X111.011 Y106.798 F18000
;TYPE:Sparse infill
;WIDTH:0.45
G1 F1339
G1 X112.354 Y105.454 E.06238
G2 X114.55 Y107.642 I2.508 J-.322 E.10953
G1 X113.278 Y108.913 E.05904
G1 X110.867 Y106.942 E.10227
G1 X109.014 Y108.794 E.08603
G1 X110.986 Y111.206 E.10227
G1 X109.133 Y113.058 E.08603
G1 X106.722 Y111.087 E.10227
G1 X105.453 Y112.355 E.05892
G3 X107.646 Y114.546 I-.347 J2.54 E.10928
G1 X108.989 Y113.202 E.06238
G1 X107.056 Y115.493 F18000
;TYPE:Gap infill
;WIDTH:0.104663
G1 F1339
G1 X107.037 Y115.584 E.00046
;WIDTH:0.125685
G1 X107.016 Y115.667 E.00057
;WIDTH:0.152614
G1 X106.994 Y115.756 E.00081
;WIDTH:0.179342
G1 X106.976 Y115.818 E.00071
;WIDTH:0.198915
G3 X106.865 Y116 I-.433 J-.138 E.00271
;WIDTH:0.147851
G1 X106.508 Y116.39 E.00447
G1 X106.233 Y116.631 E.00309
;WIDTH:0.200769
G3 X106.087 Y116.727 I-.219 J-.173 E.00227
;WIDTH:0.182236
G1 X105.987 Y116.755 E.00117
;WIDTH:0.150512
G1 X105.906 Y116.775 E.00072
;WIDTH:0.124271
G1 X105.735 Y116.814 E.00115
G1 X105.109 Y117.287 F18000
;WIDTH:0.12327
G1 F1339
G1 X104.515 Y117.518 E.00413
G1 X104.501 Y117.504 F18000
;WIDTH:0.323198
G1 F1339
G1 X105.093 Y117.303 E.01414
G1 X104.839 Y117.558 F18000
;WIDTH:0.158449
G1 F1339
G1 X104.115 Y117.091 E.00802
G1 X104.111 Y117.098 F18000
;WIDTH:0.219287
G1 F1339
G1 X104.853 Y117.543 E.01231
G1 X104.865 Y117.531 F18000
;WIDTH:0.330274
G1 F1339
G1 X104.118 Y117.121 E.01976
G1 X102.849 Y115.852 F18000
;WIDTH:0.396088
G1 F1339
G3 X102.477 Y115.127 I16.536 J-8.943 E.02321
G1 X102.463 Y115.141 F18000
;WIDTH:0.265813
G1 F1339
G1 X102.897 Y115.893 E.0156
G1 X102.908 Y115.885 F18000
;WIDTH:0.160777
G1 F1339
G1 X102.445 Y115.159 E.00819
G1 X103.188 Y114.263 F18000
;WIDTH:0.122894
G1 F1339
G1 X103.226 Y114.094 E.00112
;WIDTH:0.149781
G1 X103.247 Y114.007 E.00077
;WIDTH:0.164151
G1 X103.249 Y114.002 E.00005
;WIDTH:0.195847
G3 X103.316 Y113.834 I.265 J.009 E.00228
;WIDTH:0.182076
G1 X103.424 Y113.7 E.00193
;WIDTH:0.145184
G1 X103.734 Y113.368 E.00375
G1 X104 Y113.134 E.00292
;WIDTH:0.204284
G1 X104.258 Y112.941 E.0042
G1 X104.51 Y112.943 F18000
;WIDTH:0.105221
G1 F1339
G1 X104.416 Y112.963 E.00048
;WIDTH:0.126897
G1 X104.333 Y112.983 E.00058
;WIDTH:0.16052
G2 X103.957 Y113.081 I2.051 J8.604 E.00368
; stop printing object Block.stl id:105326592607568 copy 0
;LAYER_CHANGE
;Z:18.84
;HEIGHT:0.200001
G92 E0 ; zero the extruded length again
; BEFORE_LAYER_CHANGE 93 @ 18.84mm
G1 E-2.11191 F6000
;WIPE_START
G1 X104.333 Y112.983 E-.38809
;WIPE_END
; AFTER_LAYER_CHANGE 93 @ 18.84mm
;_SET_FAN_SPEED_CHANGING_LAYER
; printing object Block.stl id:105326592607568 copy 0
G1 X101.458 Y115.303 Z18.84 F18000
G1 E2.5 F6000
M204 P1000
;TYPE:Outer wall
;WIDTH:0.42
G1 F1359
G1 X115.303 Y101.458 E.5955
G1 X118.542 Y104.697 E.13929
G1 X104.697 Y118.542 E.5955
G1 X101.501 Y115.346 E.13747
G1 E-1.75 F6000
;WIPE_START
G1 F3600
G1 X102.206 Y114.636 E-.75
;WIPE_END
G1 X105.642 Y117.043 F18000
G1 E2.5 F6000
M204 P1500
;TYPE:Inner wall
;WIDTH:0.45
G1 F1359
G1 X104.697 Y117.987 E.04387
G1 X102.013 Y115.303 E.12463
G1 X102.957 Y114.358 E.04387
G1 X102.92 Y114.783 E.01399
G2 X105.217 Y117.08 I2.205 J.091 E.11984
G1 X105.582 Y117.048 E.01202
G1 E-1.75 F6000
;WIPE_START
G1 X104.896 Y117.776 E-.75
;WIPE_END
G1 X106.909 Y114.645 F18000
G1 E2.5 F6000
M204 P1000
;TYPE:Outer wall
;WIDTH:0.42
G1 F1359
G1 X106.929 Y114.958 E.00953
G3 X104.732 Y113.111 I-1.806 J-.081 E.24474
G1 X104.885 Y113.084 E.00471
G3 X106.904 Y114.569 I.238 J1.793 E.08423
G1 X106.905 Y114.585 E.00049
G1 E-1.75 F6000
;WIPE_START
G1 F3600
G1 X106.929 Y114.958 E-.27997
G1 X106.889 Y115.268 E-.23411
G1 X106.788 Y115.566 E-.23592
;WIPE_END
G1 X117.043 Y105.642 F18000
G1 E2.5 F6000
M204 P1500
;TYPE:Inner wall
;WIDTH:0.45
G1 F1359
G2 X116.79 Y104.026 I-2.437 J-.447 E.0547
G2 X114.788 Y102.92 I-1.939 J1.144 E.07878
G1 X114.359 Y102.957 E.01414
G1 X115.303 Y102.013 E.04384
G1 X117.987 Y104.697 E.12463
G1 X117.085 Y105.599 E.0419
G1 E-1.75 F6000
;WIPE_START
G1 X117.08 Y105.217 E-.28657
G1 X117.063 Y104.833 E-.28795
G1 X117.013 Y104.605 E-.17547
;WIPE_END
G1 X114.759 Y106.924 F18000
G1 E2.5 F6000
M204 P1000
;TYPE:Outer wall
;WIDTH:0.42
G1 F1359
G1 X114.491 Y106.887 E.00822
G3 X114.491 Y103.353 I.39 J-1.767 E.14898
G1 X114.643 Y103.326 E.00471
G3 X114.818 Y106.928 I.238 J1.794 E.18204
G1 X114.708 Y107.312 F18000
M204 P1500
;TYPE:Inner wall
;WIDTH:0.45
G1 F1359
G1 X114.782 Y107.321 E.00246
G2 X114.967 Y107.322 I.101 J-2.204 E.00608
G1 X115.39 Y107.294 E.01391
G1 X107.284 Y115.4 E.37637
G2 X107.029 Y113.778 I-2.45 J-.445 E.05494
G2 X105.03 Y112.678 I-1.914 J1.114 E.07868
G1 X104.601 Y112.715 E.01414
G1 X112.716 Y104.6 E.37679
G1 X112.678 Y105.025 E.01399
G2 X114.41 Y107.272 I2.205 J.092 E.10115
G1 X114.648 Y107.304 E.0079
G1 E-1.75 F6000
;WIPE_START
G1 X114.782 Y107.321 E-.10129
G1 X114.967 Y107.322 E-.13886
G1 X115.39 Y107.294 E-.31771
G1 X115.209 Y107.475 E-.19214
;WIPE_END
G1 X115.442 Y107.07 F18000
G1 E2.5 F6000
M204 P2000
;TYPE:Gap infill
;WIDTH:0.123394
G1 F1359
G1 X115.577 Y107.045 E.00089
;WIDTH:0.138262
G1 X115.667 Y107.024 E.00071
;WIDTH:0.167714
G1 X115.754 Y107.004 E.00089
;WIDTH:0.18329
G1 X116.028 Y106.934 E.0032
G1 X115.719 Y107.076 F18000
;WIDTH:0.197605
G1 F1359
G1 X115.996 Y106.869 E.00432
;WIDTH:0.145284
G1 X116.266 Y106.632 E.00296
G1 X116.574 Y106.303 E.00372
;WIDTH:0.18101
G1 X116.68 Y106.17 E.00189
;WIDTH:0.209046
G1 X116.816 Y105.986 E.00306
G1 X116.814 Y105.735 F18000
;WIDTH:0.104665
G1 F1359
G1 X116.795 Y105.826 E.00046
;WIDTH:0.125728
G1 X116.774 Y105.909 E.00057
;WIDTH:0.159212
G3 X116.675 Y106.286 I-8.452 J-2.024 E.00366
G1 X117.287 Y105.109 F18000
;WIDTH:0.126418
G1 F1359
G1 X117.518 Y104.515 E.00429
G1 X117.504 Y104.501 F18000
;WIDTH:0.334483
G1 F1359
G1 X117.303 Y105.094 E.01472
G1 X117.558 Y104.838 F18000
;WIDTH:0.157665
G1 F1359
G1 X117.189 Y104.267 E.00629
;WIDTH:0.14187
G1 X117.139 Y104.192 E.00072
;WIDTH:0.126887
G1 X117.089 Y104.117 E.00061
G1 X117.098 Y104.111 F18000
;WIDTH:0.21952
G1 F1359
G1 X117.543 Y104.853 E.01233
G1 X117.531 Y104.865 F18000
;WIDTH:0.334023
G1 F1359
G1 X117.122 Y104.119 E.01998
G1 X115.852 Y102.849 F18000
;WIDTH:0.396052
G1 F1359
G2 X115.127 Y102.477 I-8.942 J16.536 E.02321
G1 X115.141 Y102.463 F18000
;WIDTH:0.265808
G1 F1359
G1 X115.893 Y102.897 E.0156
G1 X115.885 Y102.908 F18000
;WIDTH:0.160787
G1 F1359
G1 X115.159 Y102.445 E.00819
G1 X113.715 Y103.323 F18000
;WIDTH:0.159504
G1 F1359
G3 X114.096 Y103.224 I2.435 J8.563 E.0037
;WIDTH:0.124486
G1 X114.184 Y103.203 E.0006
;WIDTH:0.103651
G1 X114.272 Y103.185 E.00044
G1 X114.016 Y103.183 F18000
;WIDTH:0.204648
G1 F1359
G1 X113.758 Y103.376 E.0042
;WIDTH:0.147864
G1 X113.368 Y103.734 E.00448
G1 X113.127 Y104.008 E.00309
;WIDTH:0.200645
G2 X113.032 Y104.15 I.162 J.212 E.0022
;WIDTH:0.1834
G1 X113.003 Y104.254 E.00123
;WIDTH:0.150655
G1 X112.983 Y104.335 E.00072
;WIDTH:0.124338
G1 X112.944 Y104.507 E.00115
G1 X110.834 Y106.974 F18000
;TYPE:Sparse infill
;WIDTH:0.45
G1 F1359
G1 X112.358 Y105.451 E.07075
G2 X114.542 Y107.65 I2.565 J-.364 E.10908
G1 X113.455 Y108.737 E.05047
G1 X113.109 Y108.39 E.01607
G1 X111.036 Y107.465 E.07453
G1 X110.69 Y107.118 E.01607
G1 X109.191 Y108.618 E.06961
G1 X109.537 Y108.964 E.01607
G1 X110.463 Y111.036 E.07453
G1 X110.809 Y111.382 E.01607
G1 X109.31 Y112.882 E.06961
G1 X108.964 Y112.535 E.01607
G1 X106.891 Y111.61 E.07453
G1 X106.545 Y111.263 E.01607
G1 X105.454 Y112.354 E.05065
G3 X107.646 Y114.546 I-.393 J2.585 E.10892
G1 X109.166 Y113.026 E.07058
G1 X106.917 Y116.045 F18000
;TYPE:Gap infill
;WIDTH:0.158879
G1 F1359
G2 X107.017 Y115.665 I-8.413 J-2.417 E.00367
;WIDTH:0.124454
G1 X107.038 Y115.578 E.00058
;WIDTH:0.103773
G1 X107.056 Y115.489 E.00045
G1 X107.058 Y115.745 F18000
;WIDTH:0.209047
G1 F1359
G1 X106.922 Y115.928 E.00306
;WIDTH:0.181011
G1 X106.816 Y116.061 E.00189
;WIDTH:0.145284
G1 X106.508 Y116.39 E.00372
G1 X106.238 Y116.627 E.00296
;WIDTH:0.197187
G1 X106.122 Y116.716 E.00183
;WIDTH:0.20453
G1 X106.06 Y116.734 E.00084
;WIDTH:0.17824
G1 X105.992 Y116.754 E.00077
;WIDTH:0.151287
G1 X105.906 Y116.775 E.00078
;WIDTH:0.123758
G1 X105.731 Y116.814 E.00117
G1 X105.109 Y117.287 F18000
;WIDTH:0.123253
G1 F1359
G1 X104.515 Y117.518 E.00413
G1 X104.501 Y117.504 F18000
;WIDTH:0.322225
G1 F1359
G1 X105.094 Y117.303 E.0141
G1 X104.841 Y117.555 F18000
;WIDTH:0.161922
G1 F1359
G1 X104.275 Y117.195 E.00644
;WIDTH:0.144808
G1 X104.196 Y117.142 E.00078
;WIDTH:0.128845
G1 X104.117 Y117.089 E.00066
G1 X104.108 Y117.101 F18000
;WIDTH:0.26474
G1 F1359
G1 X104.857 Y117.539 E.01552
G1 X104.867 Y117.53 F18000
;WIDTH:0.34024
G1 F1359
G1 X104.126 Y117.128 E.02021
G1 X102.872 Y115.874 F18000
;WIDTH:0.33453
G1 F1359
G1 X102.47 Y115.133 E.01982
G1 X102.461 Y115.143 F18000
;WIDTH:0.260985
G1 F1359
G1 X102.899 Y115.892 E.01525
G1 X102.908 Y115.885 F18000
;WIDTH:0.160785
G1 F1359
G1 X102.445 Y115.159 E.00819
G1 X102.697 Y114.906 F18000
;WIDTH:0.33449
G1 F1359
G1 X102.496 Y115.499 E.01472
G1 X102.482 Y115.485 F18000
;WIDTH:0.126425
G1 F1359
G1 X102.713 Y114.891 E.00429
G1 X103.186 Y114.265 F18000
;WIDTH:0.124345
G1 F1359
G1 X103.225 Y114.093 E.00115
;WIDTH:0.150665
G1 X103.245 Y114.012 E.00072
;WIDTH:0.183411
G1 X103.274 Y113.908 E.00123
;WIDTH:0.200647
G3 X103.369 Y113.766 I.257 J.07 E.0022
;WIDTH:0.147864
G1 X103.61 Y113.492 E.00309
G1 X104 Y113.134 E.00448
;WIDTH:0.204647
G1 X104.258 Y112.941 E.0042
G1 X104.514 Y112.943 F18000
;WIDTH:0.103651
G1 F1359
G1 X104.426 Y112.961 E.00044
;WIDTH:0.124485
G1 X104.338 Y112.982 E.0006
;WIDTH:0.159504
G2 X103.957 Y113.081 I2.043 J8.615 E.0037
; stop printing object Block.stl id:105326592607568 copy 0
;LAYER_CHANGE
;Z:19.04
;HEIGHT:0.200001
G92 E0 ; zero the extruded length again
; BEFORE_LAYER_CHANGE 94 @ 19.04mm
G1 E-2.10637 F6000
;WIPE_START
G1 X104.338 Y112.982 E-.39363
;WIPE_END
; AFTER_LAYER_CHANGE 94 @ 19.04mm
;_SET_FAN_SPEED_CHANGING_LAYER
; printing object Block.stl id:105326592607568 copy 0
G1 X101.458 Y115.303 Z19.04 F18000
G1 E2.5 F6000
M204 P1000
;TYPE:Outer wall
;WIDTH:0.42
G1 F1488
G1 X115.303 Y101.458 E.5955
G1 X115.342 Y101.497 E.00167
G1 X118.542 Y104.697 E.13762
G1 X104.697 Y118.542 E.5955
G1 X101.501 Y115.346 E.13747
G1 E-1.75 F6000
;WIPE_START
G1 F3600
G1 X102.206 Y114.636 E-.75
;WIPE_END
G1 X105.642 Y117.043 F18000
G1 E2.5 F6000
M204 P1500
;TYPE:Inner wall
;WIDTH:0.45
G1 F1488
G1 X104.697 Y117.987 E.04387
G1 X102.013 Y115.303 E.12463
G1 X102.958 Y114.358 E.0439
G1 X102.92 Y114.782 E.014
G2 X105.217 Y117.08 I2.205 J.092 E.11986
G1 X105.582 Y117.048 E.01202
G1 E-1.75 F6000
;WIPE_START
G1 X104.896 Y117.776 E-.75
;WIPE_END
G1 X106.909 Y114.646 F18000
G1 E2.5 F6000
M204 P1000
;TYPE:Outer wall
;WIDTH:0.42
G1 F1488
G1 X106.929 Y114.958 E.00952
G3 X104.729 Y113.112 I-1.808 J-.08 E.24488
G1 X104.885 Y113.084 E.00481
G3 X106.902 Y114.562 I.236 J1.794 E.08396
G1 X106.904 Y114.586 E.00074
G1 E-1.75 F6000
;WIPE_START
G1 F3600
G1 X106.929 Y114.958 E-.27987
G1 X106.889 Y115.268 E-.23396
G1 X106.794 Y115.568 E-.23617
;WIPE_END
G1 X117.043 Y105.642 F18000
G1 E2.5 F6000
M204 P1500
;TYPE:Inner wall
;WIDTH:0.45
G1 F1488
G2 X116.787 Y104.02 I-2.441 J-.446 E.05495
G2 X114.787 Y102.92 I-1.924 J1.132 E.07863
G1 X114.359 Y102.957 E.01411
G1 X115.303 Y102.013 E.04385
G1 X117.987 Y104.697 E.12463
G1 X117.085 Y105.599 E.0419
G1 E-1.75 F6000
;WIPE_START
G1 X117.08 Y105.217 E-.28657
G1 X117.063 Y104.833 E-.28797
G1 X117.012 Y104.605 E-.17546
;WIPE_END
G1 X114.754 Y106.924 F18000
G1 E2.5 F6000
M204 P1000
;TYPE:Outer wall
;WIDTH:0.42
G1 F1488
G1 X114.491 Y106.885 E.00809
G3 X114.487 Y103.354 I.388 J-1.766 E.14889
G1 X114.643 Y103.326 E.00481
G3 X114.814 Y106.926 I.236 J1.793 E.18193
G1 X114.704 Y107.311 F18000
M204 P1500
;TYPE:Inner wall
;WIDTH:0.45
G1 F1488
G1 X114.782 Y107.321 E.0026
G2 X114.975 Y107.322 I.101 J-2.205 E.00633
G1 X115.4 Y107.284 E.01399
G1 X107.284 Y115.4 E.37685
G2 X107.117 Y113.948 I-2.42 J-.458 E.04873
G2 X105.029 Y112.678 I-1.999 J.936 E.08504
G1 X104.601 Y112.715 E.01411
G1 X112.716 Y104.6 E.37682
G1 X112.678 Y105.024 E.014
G2 X114.41 Y107.272 I2.205 J.092 E.10118
G1 X114.644 Y107.303 E.00777
G1 E-1.75 F6000
;WIPE_START
G1 X114.782 Y107.321 E-.1045
G1 X114.975 Y107.322 E-.14454
G1 X115.4 Y107.284 E-.31956
G1 X115.229 Y107.456 E-.1814
;WIPE_END
G1 X115.489 Y107.056 F18000
G1 E2.5 F6000
M204 P2000
;TYPE:Gap infill
;WIDTH:0.123786
G1 F1488
G1 X115.664 Y107.017 E.00117
;WIDTH:0.151323
G1 X115.75 Y106.996 E.00078
;WIDTH:0.165773
G1 X115.756 Y106.994 E.00005
;WIDTH:0.19685
G2 X115.919 Y106.929 I-.008 J-.257 E.00223
;WIDTH:0.182793
G1 X116.058 Y106.818 E.002
;WIDTH:0.145384
G1 X116.39 Y106.508 E.00376
G1 X116.627 Y106.238 E.00297
;WIDTH:0.194679
G2 X116.727 Y106.087 I-.573 J-.49 E.00222
G1 X116.752 Y105.995 E.00117
;WIDTH:0.152422
G1 X116.775 Y105.91 E.00078
;WIDTH:0.116835
G1 X116.814 Y105.734 E.00107
G1 X117.287 Y105.109 F18000
;WIDTH:0.126424
G1 F1488
G1 X117.518 Y104.515 E.00429
G1 X117.504 Y104.501 F18000
;WIDTH:0.334499
G1 F1488
G1 X117.303 Y105.094 E.01472
G1 X117.531 Y104.865 F18000
;WIDTH:0.334018
G1 F1488
G1 X117.122 Y104.119 E.01998
G1 X117.097 Y104.112 F18000
;WIDTH:0.214195
G1 F1488
G1 X117.545 Y104.851 E.01193
G1 X117.564 Y104.833 F18000
;WIDTH:0.121772
G1 F1488
G2 X117.09 Y104.118 I-22.298 J14.27 E.00546
G1 X115.884 Y102.911 F18000
;WIDTH:0.11278
G1 F1488
G1 X115.804 Y102.859 E.00054
;WIDTH:0.156424
G2 X115.159 Y102.445 I-9.561 J14.197 E.00702
G1 X115.141 Y102.463 F18000
;WIDTH:0.265813
G1 F1488
G1 X115.893 Y102.897 E.01561
G1 X115.852 Y102.849 F18000
;WIDTH:0.396071
G1 F1488
G2 X115.127 Y102.477 I-8.909 J16.47 E.02321
G1 X114.268 Y103.185 F18000
;WIDTH:0.11565
G1 F1488
G1 X114.102 Y103.222 E.001
;WIDTH:0.159626
G2 X113.713 Y103.326 I2.849 J11.415 E.00379
G1 X113.758 Y103.376 F18000
;WIDTH:0.14762
G1 F1488
G1 X113.368 Y103.734 E.00447
G1 X113.132 Y104.003 E.00303
;WIDTH:0.194389
G1 X113.067 Y104.085 E.00128
G2 X113.007 Y104.241 I.184 J.161 E.00208
;WIDTH:0.165965
G1 X113.006 Y104.246 E.00005
;WIDTH:0.151282
G1 X112.984 Y104.334 E.00079
;WIDTH:0.123669
G1 X112.946 Y104.507 E.00116
G1 X112.471 Y105.133 F18000
;WIDTH:0.107914
G1 F1488
G1 X112.435 Y105.226 E.00053
G1 X112.463 Y105.372 E.00078
G1 X113.758 Y103.376 F18000
;WIDTH:0.204196
G1 F1488
G1 X114.015 Y103.183 E.00419
G1 X110.924 Y107.418 F18000
;TYPE:Sparse infill
;WIDTH:0.45
G1 F1488
G1 X112.154 Y106.188 E.05711
G2 X113.819 Y107.84 I2.721 J-1.078 E.07922
G1 X113.365 Y108.293 E.02107
G1 X113.109 Y108.037 E.0119
G1 X111.036 Y107.818 E.06843
G1 X110.78 Y107.562 E.0119
G1 X109.634 Y108.707 E.0532
G1 X109.891 Y108.964 E.0119
G1 X110.109 Y111.036 E.06843
G1 X110.366 Y111.293 E.0119
G1 X109.22 Y112.438 E.0532
G1 X108.964 Y112.182 E.0119
G1 X106.891 Y111.963 E.06843
G1 X106.635 Y111.707 E.0119
G1 X106.183 Y112.159 E.02098
G3 X107.845 Y113.813 I-1.084 J2.751 E.07917
G1 X109.076 Y112.582 E.05715
G1 X107.029 Y113.166 F18000
;TYPE:Internal solid infill
;WIDTH:0.384548
G1 F1488
G1 X107.322 Y113.578 E.01391
G2 X107.613 Y114.216 I15.661 J-6.77 E.01932
;WIDTH:0.420823
G1 X107.888 Y114.229 E.00838
G1 X108.039 Y114.132 E.00548
;WIDTH:0.38292
G1 X114.306 Y107.865 E.24305
;WIDTH:0.405111
G1 X114.353 Y107.779 E.00286
;WIDTH:0.435189
G1 X114.4 Y107.693 E.00309
G1 X114.248 Y107.601 E.00561
;WIDTH:0.385843
G1 X113.756 Y107.424 E.01447
G1 X113.327 Y107.157 E.01399
G1 X112.872 Y106.715 E.01752
G1 X112.571 Y106.236 E.01566
G1 X112.389 Y105.784 E.01349
;WIDTH:0.420991
G1 X112.113 Y105.771 E.00842
G1 X111.961 Y105.868 E.00553
;WIDTH:0.38292
G1 X105.699 Y112.13 E.24283
;WIDTH:0.407876
G1 X105.651 Y112.221 E.00303
;WIDTH:0.435576
G1 X105.603 Y112.312 E.00326
G1 X106.369 Y112.64 E.02639
;WIDTH:0.38292
G3 X106.985 Y113.125 I-1.085 J2.013 E.02162
G1 X107.537 Y114.628 F18000
;TYPE:Gap infill
;WIDTH:0.122742
G1 F1488
G1 X107.565 Y114.774 E.00096
G1 X107.525 Y114.854 E.00058
G1 X107.054 Y115.493 F18000
;WIDTH:0.114005
G1 F1488
G1 X107.015 Y115.672 E.00105
;WIDTH:0.152322
G1 X106.993 Y115.755 E.00076
;WIDTH:0.194203
G1 X106.969 Y115.845 E.00113
G3 X106.869 Y115.996 I-.645 J-.316 E.00222
;WIDTH:0.145384
G1 X106.632 Y116.266 E.00297
G1 X106.3 Y116.576 E.00376
;WIDTH:0.182799
G1 X106.161 Y116.687 E.002
;WIDTH:0.19685
G3 X105.998 Y116.752 I-.171 J-.192 E.00223
;WIDTH:0.165776
G1 X105.992 Y116.754 E.00005
;WIDTH:0.15174
G1 X105.909 Y116.774 E.00076
;WIDTH:0.124784
G1 X105.735 Y116.814 E.00118
G1 X105.109 Y117.287 F18000
;WIDTH:0.12389
G1 F1488
G1 X104.515 Y117.518 E.00416
G1 X104.501 Y117.504 F18000
;WIDTH:0.326859
G1 F1488
G1 X105.093 Y117.303 E.01433
G1 X104.867 Y117.53 F18000
;WIDTH:0.340034
G1 F1488
G1 X104.125 Y117.128 E.0202
G1 X104.108 Y117.101 F18000
;WIDTH:0.264745
G1 F1488
G1 X104.857 Y117.539 E.01552
G1 X104.841 Y117.555 F18000
;WIDTH:0.161933
G1 F1488
G1 X104.275 Y117.195 E.00644
;WIDTH:0.144815
G1 X104.196 Y117.142 E.00078
;WIDTH:0.12885
G1 X104.117 Y117.089 E.00066
G1 X102.911 Y115.882 F18000
;WIDTH:0.119922
G1 F1488
G3 X102.437 Y115.167 I22.183 J-15.199 E.00533
G1 X102.455 Y115.149 F18000
;WIDTH:0.210737
G1 F1488
G1 X102.903 Y115.888 E.01169
G1 X102.878 Y115.881 F18000
;WIDTH:0.326709
G1 F1488
G1 X102.469 Y115.135 E.01948
G1 X102.697 Y114.906 F18000
;WIDTH:0.334494
G1 F1488
G1 X102.496 Y115.499 E.01472
G1 X102.482 Y115.485 F18000
;WIDTH:0.123268
G1 F1488
G1 X102.713 Y114.891 E.00413
G1 X103.187 Y114.265 F18000
;WIDTH:0.123672
G1 F1488
G1 X103.226 Y114.092 E.00116
;WIDTH:0.151286
G1 X103.248 Y114.004 E.00079
;WIDTH:0.16597
G1 X103.249 Y113.999 E.00005
;WIDTH:0.194392
G3 X103.309 Y113.843 I.244 J.005 E.00208
G1 X103.374 Y113.761 E.00128
;WIDTH:0.14762
G1 X103.61 Y113.492 E.00303
G1 X104 Y113.134 E.00447
;WIDTH:0.204195
G1 X104.257 Y112.941 E.00419
G1 X104.344 Y112.98 F18000
;WIDTH:0.115651
G1 F1488
G1 X104.51 Y112.943 E.001
G1 X104.344 Y112.98 F18000
;WIDTH:0.159617
G1 F1488
G2 X103.955 Y113.084 I2.896 J11.6 E.00379
; stop printing object Block.stl id:105326592607568 copy 0
;LAYER_CHANGE
;Z:19.24
;HEIGHT:0.199999
G92 E0 ; zero the extruded length again
; BEFORE_LAYER_CHANGE 95 @ 19.24mm
G1 E-2.09721 F6000
;WIPE_START
G1 X104.344 Y112.98 E-.40279
;WIPE_END
; AFTER_LAYER_CHANGE 95 @ 19.24mm
;_SET_FAN_SPEED_CHANGING_LAYER
; printing object Block.stl id:105326592607568 copy 0
G1 X101.458 Y115.303 Z19.24 F18000
G1 E2.5 F6000
M204 P1000
;TYPE:Outer wall
;WIDTH:0.42
G1 F1705
G1 X115.307 Y101.462 E.5955
G1 X118.542 Y104.697 E.13914
G1 X104.697 Y118.542 E.5955
G1 X101.501 Y115.346 E.13747
G1 E-1.75 F6000
;WIPE_START
G1 F3600
G1 X102.206 Y114.637 E-.75
;WIPE_END
G1 X105.642 Y117.043 F18000
G1 E2.5 F6000
M204 P1500
;TYPE:Inner wall
;WIDTH:0.45
G1 F1705
G1 X104.697 Y117.987 E.04387
G1 X102.013 Y115.303 E.12463
G1 X102.94 Y114.376 E.04307
G1 X102.919 Y114.871 E.01629
G2 X105.217 Y117.08 I2.207 J.003 E.11694
G1 X105.582 Y117.048 E.01202
G1 E-1.75 F6000
;WIPE_START
G1 X104.896 Y117.776 E-.75
;WIPE_END
G1 X106.909 Y114.648 F18000
G1 E2.5 F6000
M204 P1000
;TYPE:Outer wall
;WIDTH:0.42
G1 F1705
G1 X106.929 Y114.958 E.00945
G3 X104.729 Y113.112 I-1.808 J-.08 E.24489
G1 X104.885 Y113.084 E.00481
G3 X106.902 Y114.562 I.236 J1.794 E.08396
G1 X106.904 Y114.588 E.00081
G1 E-1.75 F6000
;WIPE_START
G1 F3600
G1 X106.929 Y114.958 E-.27807
G1 X106.889 Y115.268 E-.23396
G1 X106.787 Y115.568 E-.23797
;WIPE_END
G1 X117.042 Y105.642 F18000
G1 E2.5 F6000
M204 P1500
;TYPE:Inner wall
;WIDTH:0.45
G1 F1705
G2 X116.79 Y104.026 I-2.507 J-.437 E.05466
G2 X114.786 Y102.92 I-1.939 J1.144 E.07883
G1 X114.359 Y102.957 E.01409
G1 X115.303 Y102.013 E.04385
G1 X117.987 Y104.697 E.12463
G1 X117.084 Y105.6 E.04193
G1 E-1.75 F6000
;WIPE_START
G1 X117.08 Y105.218 E-.28665
G1 X117.063 Y104.833 E-.28831
G1 X117.008 Y104.607 E-.17504
;WIPE_END
G1 X114.751 Y106.923 F18000
G1 E2.5 F6000
M204 P1000
;TYPE:Outer wall
;WIDTH:0.42
G1 F1705
G1 X114.484 Y106.887 E.00817
G3 X114.487 Y103.354 I.395 J-1.766 E.14882
G1 X114.643 Y103.326 E.00481
G3 X114.81 Y106.929 I.236 J1.795 E.18224
G1 X114.733 Y107.311 F18000
M204 P1500
;TYPE:Inner wall
;WIDTH:0.45
G1 F1705
G1 X114.975 Y107.322 E.00795
G1 X115.4 Y107.284 E.01399
G1 X107.284 Y115.4 E.37684
G2 X107.117 Y113.948 I-2.422 J-.458 E.04872
G2 X105.028 Y112.678 I-2.003 J.941 E.08504
G1 X104.601 Y112.715 E.01409
G1 X112.698 Y104.618 E.37599
G1 X112.677 Y105.113 E.01629
G2 X114.591 Y107.304 I2.207 J.003 E.1043
G1 X114.673 Y107.308 E.0027
G1 E-1.75 F6000
;WIPE_START
G1 X114.975 Y107.322 E-.2265
G1 X115.4 Y107.284 E-.31957
G1 X115.207 Y107.477 E-.20393
;WIPE_END
G1 X115.489 Y107.056 F18000
G1 E2.5 F6000
M204 P2000
;TYPE:Gap infill
;WIDTH:0.123804
G1 F1705
G1 X115.664 Y107.017 E.00117
;WIDTH:0.151336
G1 X115.75 Y106.996 E.00078
;WIDTH:0.178299
G1 X115.818 Y106.976 E.00077
;WIDTH:0.204602
G1 X115.88 Y106.958 E.00084
;WIDTH:0.197047
G1 X115.997 Y106.868 E.00184
;WIDTH:0.147478
G1 X116.266 Y106.632 E.00302
G1 X116.621 Y106.245 E.00443
;WIDTH:0.198275
G2 X116.734 Y106.06 I-.319 J-.32 E.00273
;WIDTH:0.178369
G1 X116.752 Y105.997 E.00072
;WIDTH:0.151154
G1 X116.774 Y105.906 E.00082
;WIDTH:0.123514
G1 X116.796 Y105.82 E.00058
;WIDTH:0.103352
G1 X116.813 Y105.734 E.00043
G1 X117.287 Y105.109 F18000
;WIDTH:0.126417
G1 F1705
G1 X117.518 Y104.515 E.00429
G1 X117.504 Y104.501 F18000
;WIDTH:0.33447
G1 F1705
G1 X117.303 Y105.094 E.01472
G1 X117.555 Y104.841 F18000
;WIDTH:0.164804
G1 F1705
G1 X117.092 Y104.114 E.00847
G1 X117.101 Y104.108 F18000
;WIDTH:0.264859
G1 F1705
G1 X117.539 Y104.857 E.01552
G1 X117.53 Y104.867 F18000
;WIDTH:0.34027
G1 F1705
G1 X117.128 Y104.126 E.02021
G1 X115.852 Y102.849 F18000
;WIDTH:0.396045
G1 F1705
G2 X115.127 Y102.477 I-8.972 J16.596 E.0232
G1 X115.141 Y102.463 F18000
;WIDTH:0.265807
G1 F1705
G1 X115.893 Y102.897 E.0156
G1 X115.885 Y102.908 F18000
;WIDTH:0.160775
G1 F1705
G1 X115.159 Y102.445 E.00819
G1 X114.268 Y103.185 F18000
;WIDTH:0.116183
G1 F1705
G1 X114.098 Y103.223 E.00103
;WIDTH:0.151543
G1 X114.004 Y103.247 E.00085
;WIDTH:0.195245
G1 X113.907 Y103.274 E.00123
G2 X113.765 Y103.371 I.388 J.725 E.00213
;WIDTH:0.147801
G1 X113.492 Y103.61 E.00307
G1 X113.134 Y104 E.00448
;WIDTH:0.191012
G1 X113.068 Y104.085 E.00129
;WIDTH:0.203982
G1 X112.908 Y104.302 E.0035
G1 X112.919 Y104.593 F18000
;WIDTH:0.135432
G1 F1705
G1 X112.949 Y104.421 E.0013
;WIDTH:0.151405
G1 X112.969 Y104.33 E.00081
;WIDTH:0.182978
G1 X112.989 Y104.243 E.001
;WIDTH:0.199773
G1 X113.051 Y103.987 E.00333
G1 X112.427 Y105.177 F18000
;WIDTH:0.104579
G1 F1705
G1 X112.463 Y105.372 E.00099
G1 X114.509 Y107.94 F18000
M204 P500
;TYPE:Internal Bridge
;WIDTH:0.379473
;HEIGHT:0.379473
G1 F1705
M106 S255
G1 X114.509 Y107.648 E.0133
G3 X114.08 Y107.542 I.052 J-1.135 E.02031
G1 X114.08 Y108.096 E.02526
G1 X113.65 Y108.525 E.0277
G1 X113.65 Y107.368 E.0528
G1 X113.221 Y107.073 E.02375
G1 X113.221 Y108.955 E.08582
G1 X112.792 Y109.384 E.0277
G1 X112.792 Y106.595 E.12721
G3 X112.404 Y105.751 I1.819 J-1.347 E.04269
G1 X112.362 Y105.759 E.00193
G1 X112.362 Y109.814 E.18494
G1 X111.933 Y110.243 E.0277
G1 X111.933 Y105.892 E.19847
G1 X111.503 Y106.321 E.0277
G1 X111.503 Y110.673 E.19847
G1 X111.074 Y111.102 E.0277
G1 X111.074 Y106.751 E.19847
G1 X110.644 Y107.18 E.0277
G1 X110.644 Y111.532 E.19847
G1 X110.215 Y111.961 E.0277
G1 X110.215 Y107.61 E.19847
G1 X109.785 Y108.039 E.0277
G1 X109.785 Y112.39 E.19847
G1 X109.356 Y112.82 E.0277
G1 X109.356 Y108.469 E.19847
G1 X108.926 Y108.898 E.0277
G1 X108.926 Y113.249 E.19847
G1 X108.497 Y113.679 E.0277
G1 X108.497 Y109.327 E.19847
G1 X108.067 Y109.757 E.0277
G1 X108.067 Y114.108 E.19847
G1 X107.897 Y114.279 E.01099
G1 X107.88 Y114.193 E.00398
G1 X107.638 Y114.241 E.01126
G1 X107.638 Y110.186 E.18493
G1 X107.208 Y110.616 E.0277
G1 X107.208 Y113.401 E.12701
G2 X106.779 Y112.934 I-1.811 J1.236 E.02903
G1 X106.779 Y111.045 E.08614
G1 X106.349 Y111.475 E.0277
G1 X106.349 Y112.632 E.0528
G2 X105.92 Y112.452 I-.893 J1.525 E.02131
G1 X105.92 Y111.904 E.02498
G1 X105.49 Y112.334 E.0277
G1 X105.49 Y112.541 E.00946
G1 X104.51 Y112.943 F18000
M204 P2000
;TYPE:Gap infill
;WIDTH:0.116182
;HEIGHT:0.2
G1 F1705
M106 S252
G1 X104.34 Y112.981 E.00103
;WIDTH:0.151545
G1 X104.246 Y113.005 E.00085
;WIDTH:0.195247
G1 X104.149 Y113.032 E.00123
G2 X104.007 Y113.129 I.388 J.725 E.00213
;WIDTH:0.147802
G1 X103.734 Y113.368 E.00307
G1 X103.376 Y113.758 E.00448
;WIDTH:0.191012
G1 X103.309 Y113.843 E.00129
;WIDTH:0.203983
G1 X103.15 Y114.06 E.0035
G1 X103.161 Y114.351 F18000
;WIDTH:0.135436
G1 F1705
G1 X103.191 Y114.179 E.0013
;WIDTH:0.151409
G1 X103.211 Y114.088 E.00081
;WIDTH:0.182982
G1 X103.231 Y114.001 E.001
;WIDTH:0.199775
G1 X103.293 Y113.745 E.00333
G1 X102.712 Y114.892 F18000
;WIDTH:0.135652
G1 F1705
G1 X102.484 Y115.487 E.00477
G1 X102.496 Y115.499 F18000
;WIDTH:0.33449
G1 F1705
G1 X102.697 Y114.906 E.01472
G1 X102.445 Y115.159 F18000
;WIDTH:0.162499
G1 F1705
G1 X102.908 Y115.886 E.00831
G1 X102.899 Y115.892 F18000
;WIDTH:0.261105
G1 F1705
G1 X102.461 Y115.143 E.01526
G1 X102.47 Y115.133 F18000
;WIDTH:0.334531
G1 F1705
G1 X102.872 Y115.874 E.01982
G1 X104.118 Y117.121 F18000
;WIDTH:0.331813
G1 F1705
G1 X104.865 Y117.531 E.01985
G1 X104.853 Y117.543 F18000
;WIDTH:0.219372
G1 F1705
G1 X104.111 Y117.098 E.01232
G1 X104.117 Y117.089 F18000
;WIDTH:0.126882
G1 F1705
G1 X104.192 Y117.139 E.00061
;WIDTH:0.141863
G1 X104.267 Y117.189 E.00072
;WIDTH:0.157656
G1 X104.839 Y117.558 E.00629
G1 X105.093 Y117.303 F18000
;WIDTH:0.322789
G1 F1705
G1 X104.501 Y117.504 E.01412
G1 X104.515 Y117.518 F18000
;WIDTH:0.123258
G1 F1705
G1 X105.109 Y117.287 E.00413
G1 X105.731 Y116.814 F18000
;WIDTH:0.123617
G1 F1705
G1 X105.904 Y116.775 E.00115
;WIDTH:0.151029
G1 X105.992 Y116.754 E.00078
;WIDTH:0.165619
G1 X105.997 Y116.753 E.00005
;WIDTH:0.196784
G2 X106.161 Y116.687 I-.007 J-.258 E.00223
;WIDTH:0.182197
G1 X106.304 Y116.573 E.00206
;WIDTH:0.145035
G1 X106.567 Y116.332 E.00294
G1 X106.865 Y116 E.00367
;WIDTH:0.198574
G2 X106.975 Y115.818 I-.314 J-.314 E.0027
;WIDTH:0.178369
G1 X106.994 Y115.755 E.00072
;WIDTH:0.151154
G1 X107.016 Y115.664 E.00082
;WIDTH:0.123514
G1 X107.038 Y115.578 E.00058
;WIDTH:0.103353
G1 X107.055 Y115.493 E.00043
G1 X107.526 Y114.871 F18000
;WIDTH:0.122892
G1 F1705
G1 X107.565 Y114.774 E.00068
G1 X107.537 Y114.628 E.00096
; stop printing object Block.stl id:105326592607568 copy 0
;LAYER_CHANGE
;Z:19.44
;HEIGHT:0.200001
G92 E0 ; zero the extruded length again
; BEFORE_LAYER_CHANGE 96 @ 19.44mm
G1 E-2.24622 F6000
;WIPE_START
G1 X107.565 Y114.774 E-.14903
G1 X107.526 Y114.871 E-.10475
;WIPE_END
; AFTER_LAYER_CHANGE 96 @ 19.44mm
;_SET_FAN_SPEED_CHANGING_LAYER
; printing object Block.stl id:105326592607568 copy 0
G1 X101.458 Y115.303 Z19.44 F18000
G1 E2.5 F6000
M204 P1000
;TYPE:Outer wall
;WIDTH:0.42
G1 F1765
G1 X115.303 Y101.458 E.5955
G1 X118.542 Y104.697 E.13929
G1 X104.697 Y118.542 E.5955
G1 X101.501 Y115.346 E.13747
G1 E-1.75 F6000
;WIPE_START
G1 F3600
G1 X102.206 Y114.636 E-.75
;WIPE_END
G1 X105.642 Y117.043 F18000
G1 E2.5 F6000
M204 P1500
;TYPE:Inner wall
;WIDTH:0.45
G1 F1765
G1 X104.697 Y117.987 E.04387
G1 X102.013 Y115.303 E.12463
G1 X102.957 Y114.358 E.04387
G1 X102.92 Y114.783 E.01399
G2 X105.217 Y117.08 I2.205 J.091 E.11984
G1 X105.582 Y117.048 E.01202
G1 E-1.75 F6000
;WIPE_START
G1 X104.896 Y117.776 E-.75
;WIPE_END
G1 X106.916 Y114.652 F18000
G1 E2.5 F6000
M204 P1000
;TYPE:Outer wall
;WIDTH:0.42
G1 F1765
G1 X106.93 Y114.958 E.00933
G3 X104.732 Y113.111 I-1.808 J-.08 E.24493
G1 X104.885 Y113.084 E.00471
G3 X106.909 Y114.592 I.238 J1.794 E.08497
G1 E-1.75 F6000
;WIPE_START
G1 F3600
G1 X106.93 Y114.958 E-.27468
G1 X106.916 Y115.115 E-.11848
G1 X106.848 Y115.42 E-.2341
G1 X106.789 Y115.573 E-.12274
;WIPE_END
G1 X117.043 Y105.642 F18000
G1 E2.5 F6000
M204 P1500
;TYPE:Inner wall
;WIDTH:0.45
G1 F1765
G2 X116.875 Y104.19 I-2.429 J-.456 E.0487
G2 X114.786 Y102.92 I-2.003 J.942 E.08506
G1 X114.359 Y102.957 E.01407
G1 X115.303 Y102.013 E.04386
G1 X117.987 Y104.697 E.12463
G1 X117.085 Y105.599 E.0419
G1 E-1.75 F6000
;WIPE_START
G1 X117.08 Y105.217 E-.28657
G1 X117.063 Y104.833 E-.28796
G1 X117.017 Y104.604 E-.17547
;WIPE_END
G1 X114.745 Y106.922 F18000
G1 E2.5 F6000
M204 P1000
;TYPE:Outer wall
;WIDTH:0.42
G1 F1765
G1 X114.485 Y106.886 E.00797
G3 X114.487 Y103.354 I.394 J-1.766 E.14881
G1 X114.643 Y103.326 E.00481
G3 X114.805 Y106.928 I.236 J1.794 E.18235
G1 X114.728 Y107.311 F18000
M204 P1500
;TYPE:Inner wall
;WIDTH:0.45
G1 F1765
G1 X114.975 Y107.322 E.00813
G1 X115.4 Y107.284 E.01399
G1 X107.284 Y115.4 E.37681
G2 X107.117 Y113.948 I-2.429 J-.456 E.0487
G2 X105.028 Y112.678 I-2.003 J.942 E.08506
G1 X104.601 Y112.715 E.01407
G1 X112.716 Y104.6 E.37682
G1 X112.678 Y105.025 E.014
G2 X114.591 Y107.304 I2.205 J.092 E.10722
G1 X114.668 Y107.308 E.00252
G1 E-1.75 F6000
;WIPE_START
G1 X114.975 Y107.322 E-.23072
G1 X115.4 Y107.284 E-.31957
G1 X115.211 Y107.473 E-.19971
;WIPE_END
G1 X115.489 Y107.056 F18000
G1 E2.5 F6000
M204 P2000
;TYPE:Gap infill
;WIDTH:0.12367
G1 F1765
G1 X115.663 Y107.017 E.00116
;WIDTH:0.151101
G1 X115.75 Y106.996 E.00078
;WIDTH:0.178196
G1 X115.818 Y106.976 E.00077
;WIDTH:0.20457
G1 X115.88 Y106.958 E.00085
;WIDTH:0.197061
G1 X115.997 Y106.868 E.00183
;WIDTH:0.145269
G1 X116.266 Y106.632 E.00296
G1 X116.574 Y106.303 E.00372
;WIDTH:0.181604
G1 X116.683 Y106.167 E.00195
;WIDTH:0.20956
G1 X116.816 Y105.986 E.00301
G1 X116.814 Y105.735 F18000
;WIDTH:0.104667
G1 F1765
G1 X116.795 Y105.826 E.00046
;WIDTH:0.125693
G1 X116.774 Y105.909 E.00057
;WIDTH:0.159094
G3 X116.675 Y106.286 I-8.647 J-2.072 E.00366
G1 X117.287 Y105.109 F18000
;WIDTH:0.126425
G1 F1765
G1 X117.518 Y104.515 E.00429
G1 X117.504 Y104.501 F18000
;WIDTH:0.334485
G1 F1765
G1 X117.303 Y105.094 E.01472
G1 X117.555 Y104.841 F18000
;WIDTH:0.16309
G1 F1765
G1 X117.092 Y104.115 E.00835
G1 X117.101 Y104.108 F18000
;WIDTH:0.264735
G1 F1765
G1 X117.539 Y104.857 E.01552
G1 X117.53 Y104.867 F18000
;WIDTH:0.340266
G1 F1765
G1 X117.128 Y104.126 E.02021
G1 X115.852 Y102.849 F18000
;WIDTH:0.396071
G1 F1765
G2 X115.127 Y102.477 I-8.944 J16.538 E.02321
G1 X115.141 Y102.463 F18000
;WIDTH:0.265833
G1 F1765
G1 X115.893 Y102.897 E.01561
G1 X115.886 Y102.908 F18000
;WIDTH:0.160792
G1 F1765
G1 X115.159 Y102.445 E.00819
G1 X113.715 Y103.324 F18000
;WIDTH:0.159745
G1 F1765
G3 X114.091 Y103.225 I2.452 J8.583 E.00367
;WIDTH:0.126246
G1 X114.174 Y103.205 E.00058
;WIDTH:0.104922
G1 X114.266 Y103.186 E.00047
G1 X114.015 Y103.184 F18000
;WIDTH:0.204101
G1 F1765
G1 X113.758 Y103.376 E.00418
;WIDTH:0.145169
G1 X113.492 Y103.61 E.00292
G1 X113.182 Y103.942 E.00375
;WIDTH:0.182473
G1 X113.072 Y104.079 E.00197
;WIDTH:0.201782
G1 X112.943 Y104.254 E.00279
G1 X112.945 Y104.508 F18000
;WIDTH:0.123418
G1 F1765
G1 X112.984 Y104.336 E.00115
;WIDTH:0.150639
G1 X113.005 Y104.25 E.00077
;WIDTH:0.165038
G1 X113.084 Y103.955 E.00301
G1 X111.172 Y106.698 F18000
;TYPE:Internal solid infill
;WIDTH:0.419999
G1 F1765
G1 X112.819 Y106.698 E.0501
G1 X112.539 Y106.242 E.01629
G1 X112.306 Y105.564 E.0218
G1 X111.215 Y106.656 E.04696
G1 X112.16 Y106.254 F18000
;WIDTH:0.462762
G1 F1765
G2 X112.153 Y106.345 I-.026 J.044 E.007
G1 X113.506 Y107.043 F18000
;WIDTH:0.430773
G1 F1765
G1 X110.744 Y107.043 E.0864
G1 X110.356 Y107.431 E.01716
G1 X113.835 Y107.431 E.10883
G1 X114.323 Y107.597 E.01613
G1 X114.582 Y107.631 E.00815
G1 X114.394 Y107.819 E.0083
G1 X109.968 Y107.819 E.13844
G1 X109.581 Y108.207 E.01716
G1 X114.006 Y108.207 E.13844
G1 X113.618 Y108.595 E.01716
G1 X109.193 Y108.595 E.13844
G1 X108.805 Y108.982 E.01716
G1 X113.23 Y108.982 E.13844
G1 X112.843 Y109.37 E.01716
G1 X108.417 Y109.37 E.13844
G1 X108.029 Y109.758 E.01716
G1 X112.455 Y109.758 E.13844
G1 X112.067 Y110.146 E.01716
G1 X107.641 Y110.146 E.13844
G1 X107.253 Y110.534 E.01716
G1 X111.679 Y110.534 E.13844
G1 X111.291 Y110.922 E.01716
G1 X106.866 Y110.922 E.13844
G1 X106.478 Y111.309 E.01716
G1 X110.903 Y111.309 E.13844
G1 X110.515 Y111.697 E.01716
G1 X106.09 Y111.697 E.13844
G1 X105.702 Y112.085 E.01716
G1 X110.128 Y112.085 E.13844
G1 X109.74 Y112.473 E.01716
G1 X105.901 Y112.473 E.12009
G3 X106.65 Y112.861 I-.969 J2.79 E.02649
G1 X109.352 Y112.861 E.08451
G1 X108.964 Y113.249 E.01716
G1 X107.056 Y113.249 E.05969
G3 X107.331 Y113.637 I-2.434 J2.018 E.01489
G1 X108.576 Y113.637 E.03896
G1 X108.188 Y114.024 E.01716
G1 X107.5 Y114.024 E.02154
G3 X107.609 Y114.412 I-1.182 J.541 E.01265
G1 X108.04 Y114.412 E.01351
G1 X107.056 Y115.493 F18000
;TYPE:Gap infill
;WIDTH:0.104665
G1 F1765
G1 X107.037 Y115.584 E.00046
;WIDTH:0.125689
G1 X107.016 Y115.667 E.00057
;WIDTH:0.152617
G1 X106.994 Y115.756 E.00081
;WIDTH:0.179344
G1 X106.976 Y115.818 E.00071
;WIDTH:0.206528
G3 X106.925 Y115.925 I-.227 J-.043 E.00158
;WIDTH:0.181601
G1 X106.816 Y116.061 E.00195
;WIDTH:0.145268
G1 X106.508 Y116.39 E.00372
G1 X106.239 Y116.626 E.00296
;WIDTH:0.197057
G1 X106.122 Y116.716 E.00183
;WIDTH:0.204594
G1 X106.06 Y116.734 E.00084
;WIDTH:0.178282
G1 X105.992 Y116.754 E.00077
;WIDTH:0.151772
G1 X105.909 Y116.774 E.00075
;WIDTH:0.124887
G1 X105.735 Y116.814 E.00118
G1 X105.109 Y117.287 F18000
;WIDTH:0.123276
G1 F1765
G1 X104.515 Y117.518 E.00413
G1 X104.501 Y117.504 F18000
;WIDTH:0.322228
G1 F1765
G1 X105.094 Y117.303 E.0141
G1 X104.839 Y117.558 F18000
;WIDTH:0.15764
G1 F1765
G1 X104.267 Y117.189 E.00629
;WIDTH:0.141851
G1 X104.192 Y117.139 E.00072
;WIDTH:0.126873
G1 X104.117 Y117.089 E.00061
G1 X104.111 Y117.098 F18000
;WIDTH:0.219508
G1 F1765
G1 X104.853 Y117.543 E.01233
G1 X104.865 Y117.531 F18000
;WIDTH:0.333988
G1 F1765
G1 X104.119 Y117.122 E.01998
G1 X102.872 Y115.874 F18000
;WIDTH:0.334526
G1 F1765
G1 X102.47 Y115.133 E.01982
G1 X102.461 Y115.143 F18000
;WIDTH:0.260974
G1 F1765
G1 X102.899 Y115.892 E.01525
G1 X102.908 Y115.885 F18000
;WIDTH:0.160801
G1 F1765
G1 X102.445 Y115.159 E.00819
G1 X102.697 Y114.906 F18000
;WIDTH:0.334514
G1 F1765
G1 X102.496 Y115.499 E.01472
G1 X102.482 Y115.485 F18000
;WIDTH:0.126427
G1 F1765
G1 X102.713 Y114.891 E.00429
G1 X103.325 Y113.714 F18000
;WIDTH:0.165872
G1 F1765
G1 X103.246 Y114.007 E.00302
;WIDTH:0.151416
G1 X103.225 Y114.094 E.00078
;WIDTH:0.123893
G1 X103.186 Y114.269 E.00117
G1 X103.184 Y114.014 F18000
;WIDTH:0.201777
G1 F1765
G1 X103.314 Y113.837 E.00281
;WIDTH:0.182471
G1 X103.424 Y113.7 E.00197
;WIDTH:0.145383
G1 X103.734 Y113.368 E.00376
G1 X104.004 Y113.131 E.00297
;WIDTH:0.200144
G3 X104.149 Y113.032 I.546 J.646 E.00223
;WIDTH:0.18466
G1 X104.251 Y113.003 E.00121
;WIDTH:0.151093
G1 X104.34 Y112.982 E.00079
;WIDTH:0.124033
G1 X104.424 Y112.961 E.00057
;WIDTH:0.10371
G1 X104.512 Y112.944 E.00044
; stop printing object Block.stl id:105326592607568 copy 0
;LAYER_CHANGE
;Z:19.64
;HEIGHT:0.199999
G92 E0 ; zero the extruded length again
; BEFORE_LAYER_CHANGE 97 @ 19.64mm
G1 E-2.40995 F6000
;WIPE_START
G1 X104.424 Y112.961 E-.09005
;WIPE_END
; AFTER_LAYER_CHANGE 97 @ 19.64mm
;_SET_FAN_SPEED_CHANGING_LAYER
; printing object Block.stl id:105326592607568 copy 0
G1 X101.458 Y115.303 Z19.64 F18000
G1 E2.5 F6000
M204 P1000
;TYPE:Outer wall
;WIDTH:0.42
G1 F1812
G1 X115.303 Y101.458 E.5955
G1 X118.542 Y104.697 E.13929
G1 X104.697 Y118.542 E.5955
G1 X101.501 Y115.346 E.13747
G1 E-1.75 F6000
;WIPE_START
G1 F3600
G1 X102.206 Y114.636 E-.75
;WIPE_END
G1 X105.642 Y117.043 F18000
G1 E2.5 F6000
M204 P1500
;TYPE:Inner wall
;WIDTH:0.45
G1 F1812
G1 X104.697 Y117.987 E.04387
G1 X102.013 Y115.303 E.12463
G1 X102.958 Y114.358 E.04389
G1 X102.92 Y114.783 E.01399
G2 X105.217 Y117.08 I2.205 J.092 E.11985
G1 X105.582 Y117.048 E.01202
G1 E-1.75 F6000
;WIPE_START
G1 X104.896 Y117.776 E-.75
;WIPE_END
G1 X106.916 Y114.652 F18000
G1 E2.5 F6000
M204 P1000
;TYPE:Outer wall
;WIDTH:0.42
G1 F1812
G1 X106.929 Y114.958 E.00932
G3 X104.729 Y113.112 I-1.808 J-.08 E.24489
G1 X104.885 Y113.084 E.00481
G3 X106.908 Y114.593 I.236 J1.794 E.08492
G1 E-1.75 F6000
;WIPE_START
G1 F3600
G1 X106.929 Y114.958 E-.27451
G1 X106.869 Y115.351 E-.29806
G1 X106.788 Y115.573 E-.17743
;WIPE_END
G1 X117.043 Y105.642 F18000
G1 E2.5 F6000
M204 P1500
;TYPE:Inner wall
;WIDTH:0.45
G1 F1812
G2 X116.787 Y104.02 I-2.441 J-.446 E.05495
G2 X114.785 Y102.92 I-1.925 J1.133 E.07871
G1 X114.359 Y102.957 E.01404
G1 X115.303 Y102.013 E.04386
G1 X117.987 Y104.697 E.12463
G1 X117.085 Y105.599 E.0419
G1 E-1.75 F6000
;WIPE_START
G1 X117.08 Y105.217 E-.28658
G1 X117.063 Y104.833 E-.28796
G1 X117.012 Y104.605 E-.17546
;WIPE_END
G1 X114.743 Y106.921 F18000
G1 E2.5 F6000
M204 P1000
;TYPE:Outer wall
;WIDTH:0.42
G1 F1812
G1 X114.411 Y106.868 E.01023
G3 X114.487 Y103.354 I.468 J-1.748 E.14648
G1 X114.643 Y103.326 E.00481
G3 X114.803 Y106.928 I.236 J1.794 E.18241
G1 X114.699 Y107.312 F18000
M204 P1500
;TYPE:Inner wall
;WIDTH:0.45
G1 F1812
G1 X114.783 Y107.321 E.00277
G2 X114.967 Y107.322 I.1 J-2.204 E.00606
G1 X115.39 Y107.294 E.01391
G1 X107.284 Y115.4 E.37637
G2 X107.029 Y113.778 I-2.441 J-.446 E.05495
G2 X105.027 Y112.678 I-1.935 J1.152 E.07864
G1 X104.601 Y112.715 E.01404
G1 X112.716 Y104.6 E.37682
G1 X112.678 Y105.025 E.01399
G2 X114.489 Y107.288 I2.205 J.092 E.10382
G1 X114.639 Y107.305 E.00497
G1 E-1.75 F6000
;WIPE_START
G1 X114.783 Y107.321 E-.10834
G1 X114.967 Y107.322 E-.13835
G1 X115.39 Y107.294 E-.31769
G1 X115.215 Y107.469 E-.18562
;WIPE_END
G1 X115.442 Y107.07 F18000
G1 E2.5 F6000
M204 P2000
;TYPE:Gap infill
;WIDTH:0.123407
G1 F1812
G1 X115.577 Y107.045 E.00089
;WIDTH:0.138284
G1 X115.667 Y107.024 E.00071
;WIDTH:0.167757
G1 X115.754 Y107.004 E.00089
;WIDTH:0.183356
G1 X116.028 Y106.934 E.00321
G1 X115.919 Y106.929 F18000
;WIDTH:0.182199
G1 F1812
G1 X116.062 Y106.815 E.00206
;WIDTH:0.142218
G1 X116.323 Y106.576 E.00284
G1 X116.57 Y106.308 E.00291
;WIDTH:0.180853
G1 X116.683 Y106.167 E.00202
;WIDTH:0.206527
G2 X116.734 Y106.06 I-.176 J-.15 E.00158
;WIDTH:0.179336
G1 X116.752 Y105.998 E.00071
;WIDTH:0.152606
G1 X116.774 Y105.909 E.00081
;WIDTH:0.12568
G1 X116.795 Y105.826 E.00057
;WIDTH:0.104661
G1 X116.814 Y105.735 E.00046
G1 X117.287 Y105.109 F18000
;WIDTH:0.126455
G1 F1812
G1 X117.518 Y104.515 E.00429
G1 X117.504 Y104.501 F18000
;WIDTH:0.334494
G1 F1812
G1 X117.303 Y105.094 E.01472
G1 X117.531 Y104.865 F18000
;WIDTH:0.334029
G1 F1812
G1 X117.122 Y104.119 E.01998
G1 X117.097 Y104.112 F18000
;WIDTH:0.214275
G1 F1812
G1 X117.545 Y104.851 E.01194
G1 X117.563 Y104.833 F18000
;WIDTH:0.122643
G1 F1812
G2 X117.089 Y104.118 I-21.844 J13.945 E.00552
G1 X115.885 Y102.908 F18000
;WIDTH:0.160778
G1 F1812
G1 X115.159 Y102.445 E.00819
G1 X115.141 Y102.463 F18000
;WIDTH:0.265829
G1 F1812
G1 X115.893 Y102.897 E.01561
G1 X115.852 Y102.849 F18000
;WIDTH:0.396066
G1 F1812
G2 X115.127 Y102.477 I-8.938 J16.526 E.02321
G1 X114.267 Y103.186 F18000
;WIDTH:0.115736
G1 F1812
G1 X114.1 Y103.223 E.00101
;WIDTH:0.159452
G2 X113.712 Y103.327 I2.918 J11.63 E.00377
G1 X113.758 Y103.377 F18000
;WIDTH:0.145153
G1 F1812
G1 X113.492 Y103.61 E.00292
G1 X113.182 Y103.942 E.00375
;WIDTH:0.182768
G1 X113.071 Y104.081 E.002
;WIDTH:0.196395
G2 X113.006 Y104.244 I.193 J.171 E.00222
;WIDTH:0.165208
G1 X113.004 Y104.25 E.00005
;WIDTH:0.150826
G1 X112.983 Y104.336 E.00077
;WIDTH:0.123538
G1 X112.945 Y104.509 E.00115
G1 X113.758 Y103.377 F18000
;WIDTH:0.204046
G1 F1812
G1 X114.014 Y103.184 E.00417
G1 E-2.17903 F6000
;WIPE_START
G1 X113.758 Y103.377 E-.32097
;WIPE_END
G1 X115.919 Y106.929 F18000
G1 E2.5 F6000
;WIDTH:0.202424
G1 F1812
G1 X115.719 Y107.076 E.00319
G1 X114.418 Y108.035 F18000
;TYPE:Internal solid infill
;WIDTH:0.426954
G1 F1812
G1 X114.418 Y107.61 E.01317
G3 X114.034 Y107.503 I.147 J-1.278 E.01239
G1 X114.034 Y108.179 E.02093
G1 X113.65 Y108.563 E.01682
G1 X113.65 Y107.338 E.03795
G3 X113.266 Y107.077 I.804 J-1.599 E.01441
G1 X113.266 Y108.947 E.05791
G1 X112.882 Y109.331 E.01682
G1 X112.882 Y106.683 E.08203
G3 X112.498 Y105.993 I1.959 J-1.543 E.02454
G1 X112.498 Y109.715 E.11527
G1 X112.114 Y110.099 E.01682
G1 X112.114 Y105.674 E.13708
G1 X111.73 Y106.058 E.01682
G1 X111.73 Y110.483 E.13708
G1 X111.346 Y110.867 E.01682
G1 X111.346 Y106.442 E.13708
G1 X110.962 Y106.826 E.01682
G1 X110.962 Y111.251 E.13708
G1 X110.578 Y111.635 E.01682
G1 X110.578 Y107.21 E.13708
G1 X110.194 Y107.594 E.01682
G1 X110.194 Y112.019 E.13708
G1 X109.81 Y112.403 E.01682
G1 X109.81 Y107.978 E.13708
G1 X109.425 Y108.362 E.01682
G1 X109.425 Y112.787 E.13708
G1 X109.245 Y112.967 E.00789
G1 X109.041 Y112.967 E.00632
G1 X109.041 Y108.746 E.13076
G1 X108.657 Y109.13 E.01682
G1 X108.657 Y112.967 E.11887
G1 X108.273 Y112.967 E.0119
G1 X108.273 Y109.514 E.10697
G1 X107.889 Y109.898 E.01682
G1 X107.889 Y112.967 E.09508
G1 X107.505 Y112.967 E.0119
G1 X107.505 Y110.282 E.08318
G1 X107.121 Y110.666 E.01682
G1 X107.121 Y112.967 E.07129
G1 X106.776 Y112.967 E.01068
G1 X106.737 Y112.931 E.00165
G1 X106.737 Y111.05 E.05827
G1 X106.353 Y111.434 E.01682
G1 X106.353 Y112.664 E.0381
G2 X105.969 Y112.498 I-.819 J1.368 E.013
G1 X105.969 Y111.818 E.02106
G1 X105.585 Y112.202 E.01682
G1 X105.585 Y112.56 E.0111
G1 X104.508 Y112.944 F18000
;TYPE:Gap infill
;WIDTH:0.104857
G1 F1812
G1 X104.416 Y112.963 E.00047
;WIDTH:0.126093
G1 X104.333 Y112.984 E.00057
;WIDTH:0.159544
G2 X103.956 Y113.082 I2.07 J8.655 E.00366
G1 X104 Y113.135 F18000
;WIDTH:0.145155
G1 F1812
G1 X103.734 Y113.368 E.00292
G1 X103.424 Y113.7 E.00375
;WIDTH:0.182566
G1 X103.314 Y113.837 E.00198
;WIDTH:0.201975
G1 X103.185 Y114.013 E.00279
G1 X103.246 Y114.008 F18000
;WIDTH:0.165282
G1 F1812
G1 X103.326 Y113.713 E.00301
G1 X103.246 Y114.008 F18000
;WIDTH:0.150876
G1 F1812
G1 X103.225 Y114.094 E.00077
;WIDTH:0.123563
G1 X103.187 Y114.267 E.00116
G1 X102.713 Y114.891 F18000
;WIDTH:0.126447
G1 F1812
G1 X102.482 Y115.485 E.00429
G1 X102.496 Y115.499 F18000
;WIDTH:0.334504
G1 F1812
G1 X102.697 Y114.906 E.01472
G1 X102.469 Y115.135 F18000
;WIDTH:0.326718
G1 F1812
G1 X102.878 Y115.881 E.01948
G1 X102.902 Y115.889 F18000
;WIDTH:0.216635
G1 F1812
G1 X102.457 Y115.147 E.01213
G1 X102.442 Y115.162 F18000
;WIDTH:0.156858
G1 F1812
G1 X102.909 Y115.885 E.00791
G1 X104.117 Y117.089 F18000
;WIDTH:0.126882
G1 F1812
G1 X104.192 Y117.139 E.00061
;WIDTH:0.141864
G1 X104.267 Y117.189 E.00072
;WIDTH:0.157656
G1 X104.838 Y117.558 E.00629
G1 X104.853 Y117.543 F18000
;WIDTH:0.219452
G1 F1812
G1 X104.111 Y117.098 E.01232
G1 X104.119 Y117.121 F18000
;WIDTH:0.332838
G1 F1812
G1 X104.865 Y117.531 E.01991
G1 X105.093 Y117.303 F18000
;WIDTH:0.322528
G1 F1812
G1 X104.501 Y117.504 E.01411
G1 X104.515 Y117.518 F18000
;WIDTH:0.123255
G1 F1812
G1 X105.109 Y117.287 E.00413
G1 X105.735 Y116.814 F18000
;WIDTH:0.124891
G1 F1812
G1 X105.909 Y116.774 E.00118
;WIDTH:0.151778
G1 X105.992 Y116.754 E.00075
;WIDTH:0.165766
G1 X106.286 Y116.675 E.00302
G1 X106.239 Y116.626 F18000
;WIDTH:0.196171
G1 F1812
G1 X105.986 Y116.816 E.0039
G1 X106.239 Y116.626 F18000
;WIDTH:0.147599
G1 F1812
G1 X106.508 Y116.39 E.00302
G1 X106.865 Y116 E.00446
;WIDTH:0.203932
G1 X107.058 Y115.744 E.00416
G1 X107.017 Y115.664 F18000
;WIDTH:0.124412
G1 F1812
G1 X107.038 Y115.578 E.00058
;WIDTH:0.103769
G1 X107.056 Y115.489 E.00045
G1 X107.017 Y115.664 F18000
;WIDTH:0.158762
G1 F1812
G3 X106.917 Y116.044 I-8.731 J-2.091 E.00367
G1 X108.823 Y113.307 F18000
;TYPE:Internal solid infill
;WIDTH:0.419999
G1 F1812
G1 X107.168 Y113.307 E.05032
G1 X107.376 Y113.598 E.01088
G1 X107.59 Y114.081 E.01608
G1 X107.659 Y114.47 E.01202
G1 X108.78 Y113.349 E.04821
G1 X107.886 Y113.66 F18000
;WIDTH:0.463544
G1 F1812
G2 X107.879 Y113.751 I-.026 J.044 E.00703
G1 X104.256 Y112.942 F18000
;TYPE:Gap infill
;WIDTH:0.204043
G1 F1812
G1 X104 Y113.135 E.00417
; stop printing object Block.stl id:105326592607568 copy 0
;LAYER_CHANGE
;Z:19.84
;HEIGHT:0.200001
G92 E0 ; zero the extruded length again
; BEFORE_LAYER_CHANGE 98 @ 19.84mm
G1 E-2.17905 F6000
;WIPE_START
G1 X104.256 Y112.942 E-.32095
;WIPE_END
; AFTER_LAYER_CHANGE 98 @ 19.84mm
;_SET_FAN_SPEED_CHANGING_LAYER
; printing object Block.stl id:105326592607568 copy 0
G1 X101.458 Y115.303 Z19.84 F18000
G1 E2.5 F6000
M204 P1000
;TYPE:Outer wall
;WIDTH:0.42
G1 F1762
G1 X115.303 Y101.458 E.5955
G1 X118.542 Y104.697 E.13929
G1 X104.697 Y118.542 E.5955
G1 X101.501 Y115.346 E.13747
G1 E-1.75 F6000
;WIPE_START
G1 F3600
G1 X102.206 Y114.636 E-.75
;WIPE_END
G1 X105.642 Y117.043 F18000
G1 E2.5 F6000
M204 P1500
;TYPE:Inner wall
;WIDTH:0.45
G1 F1762
G1 X104.697 Y117.987 E.04387
G1 X102.013 Y115.303 E.12463
G1 X102.94 Y114.376 E.04307
G1 X102.919 Y114.871 E.01629
G2 X105.217 Y117.08 I2.207 J.003 E.11694
G1 X105.582 Y117.048 E.01202
G1 E-1.75 F6000
;WIPE_START
G1 X104.896 Y117.776 E-.75
;WIPE_END
G1 X106.909 Y114.664 F18000
G1 E2.5 F6000
M204 P1000
;TYPE:Outer wall
;WIDTH:0.42
G1 F1762
G1 X106.93 Y114.8 E.00418
G3 X104.888 Y113.084 I-1.808 J.078 E.25455
G1 X105.042 Y113.07 E.0047
G3 X106.87 Y114.41 I.081 J1.808 E.0745
G1 X106.9 Y114.605 E.00599
G1 E-1.75 F6000
;WIPE_START
G1 F3600
G1 X106.93 Y114.8 E-.14797
G1 X106.916 Y115.115 E-.23674
G1 X106.822 Y115.498 E-.29561
G1 X106.783 Y115.582 E-.06968
;WIPE_END
G1 X117.043 Y105.642 F18000
G1 E2.5 F6000
M204 P1500
;TYPE:Inner wall
;WIDTH:0.45
G1 F1762
G2 X116.787 Y104.02 I-2.438 J-.447 E.05495
G2 X114.775 Y102.921 I-1.935 J1.151 E.07895
G1 X114.358 Y102.957 E.01374
G1 X115.303 Y102.013 E.04387
G1 X117.987 Y104.697 E.12463
G1 X117.085 Y105.599 E.0419
G1 E-1.75 F6000
;WIPE_START
G1 X117.08 Y105.217 E-.28657
G1 X117.063 Y104.833 E-.28796
G1 X117.03 Y104.644 E-.14413
G1 X117.018 Y104.604 E-.03134
;WIPE_END
G1 X114.728 Y106.92 F18000
G1 E2.5 F6000
M204 P1000
;TYPE:Outer wall
;WIDTH:0.42
G1 F1762
G1 X114.643 Y106.914 E.0026
G3 X114.643 Y103.326 I.234 J-1.794 E.15858
G1 X114.797 Y103.313 E.0047
G3 X114.958 Y106.928 I.081 J1.808 E.17288
G1 X114.788 Y106.922 E.00516
G1 X114.711 Y107.31 F18000
M204 P1500
;TYPE:Inner wall
;WIDTH:0.45
G1 F1762
G1 X114.975 Y107.322 E.00867
G1 X115.4 Y107.284 E.01399
G1 X107.284 Y115.4 E.37681
G2 X107.117 Y113.948 I-2.429 J-.456 E.0487
G2 X105.025 Y112.678 I-2.003 J.942 E.08515
G1 X104.6 Y112.716 E.01399
G1 X112.698 Y104.618 E.37601
G1 X112.677 Y105.113 E.01629
G2 X114.592 Y107.304 I2.207 J.003 E.10432
G1 X114.651 Y107.307 E.00196
G1 E-1.75 F6000
;WIPE_START
G1 X114.975 Y107.322 E-.24306
G1 X115.4 Y107.284 E-.31956
G1 X115.223 Y107.461 E-.18738
;WIPE_END
G1 X115.489 Y107.056 F18000
G1 E2.5 F6000
M204 P2000
;TYPE:Gap infill
;WIDTH:0.123863
G1 F1762
G1 X115.664 Y107.017 E.00117
;WIDTH:0.151354
G1 X115.75 Y106.996 E.00077
;WIDTH:0.165767
G1 X115.756 Y106.994 E.00005
;WIDTH:0.196845
G2 X115.919 Y106.929 I-.008 J-.257 E.00223
;WIDTH:0.182192
G1 X116.062 Y106.815 E.00206
;WIDTH:0.145035
G1 X116.325 Y106.574 E.00294
G1 X116.623 Y106.242 E.00367
;WIDTH:0.198918
G2 X116.734 Y106.06 I-.322 J-.32 E.00271
;WIDTH:0.179342
G1 X116.752 Y105.998 E.00071
;WIDTH:0.152186
G1 X116.775 Y105.906 E.00083
;WIDTH:0.124408
G1 X116.796 Y105.82 E.00058
;WIDTH:0.10377
G1 X116.814 Y105.731 E.00045
G1 X117.287 Y105.109 F18000
;WIDTH:0.126403
G1 F1762
G1 X117.518 Y104.515 E.00429
G1 X117.504 Y104.501 F18000
;WIDTH:0.334491
G1 F1762
G1 X117.303 Y105.094 E.01472
G1 X117.558 Y104.839 F18000
;WIDTH:0.158466
G1 F1762
G1 X117.091 Y104.115 E.00802
G1 X117.098 Y104.111 F18000
;WIDTH:0.219514
G1 F1762
G1 X117.543 Y104.853 E.01233
G1 X117.531 Y104.865 F18000
;WIDTH:0.334018
G1 F1762
G1 X117.122 Y104.119 E.01998
G1 X115.852 Y102.849 F18000
;WIDTH:0.396067
G1 F1762
G2 X115.127 Y102.477 I-8.935 J16.52 E.02321
G1 X115.141 Y102.463 F18000
;WIDTH:0.265803
G1 F1762
G1 X115.893 Y102.897 E.0156
G1 X115.885 Y102.908 F18000
;WIDTH:0.160773
G1 F1762
G1 X115.159 Y102.445 E.00819
G1 X114.266 Y103.186 F18000
;WIDTH:0.11579
G1 F1762
G1 X114.098 Y103.223 E.00101
;WIDTH:0.151834
G1 X113.997 Y103.249 E.00091
;WIDTH:0.194961
G2 X113.758 Y103.377 I.095 J.467 E.00337
;WIDTH:0.147851
G1 X113.368 Y103.734 E.00447
G1 X113.127 Y104.009 E.00309
;WIDTH:0.203377
G1 X113.02 Y104.149 E.00229
;WIDTH:0.226681
G1 X112.908 Y104.305 E.00283
G1 X112.919 Y104.593 F18000
;WIDTH:0.135436
G1 F1762
G1 X112.949 Y104.421 E.0013
;WIDTH:0.150925
G1 X112.969 Y104.333 E.00079
;WIDTH:0.181532
G1 X112.987 Y104.249 E.00096
;WIDTH:0.197458
G1 X113.05 Y103.989 E.00333
G1 X111.172 Y106.698 F18000
;TYPE:Internal solid infill
;WIDTH:0.419999
G1 F1762
G1 X112.82 Y106.698 E.05012
G1 X112.536 Y106.234 E.01656
G1 X112.351 Y105.702 E.01711
G1 X112.329 Y105.541 E.00494
G1 X111.215 Y106.656 E.04793
G1 X112.159 Y106.255 F18000
;WIDTH:0.462012
G1 F1762
G2 X112.152 Y106.346 I-.026 J.043 E.00696
G1 X113.513 Y107.043 F18000
;WIDTH:0.430773
G1 F1762
G1 X110.744 Y107.043 E.08661
G1 X110.356 Y107.431 E.01716
G1 X113.834 Y107.431 E.1088
G2 X114.581 Y107.631 I1.043 J-2.396 E.02428
G1 X114.394 Y107.819 E.00829
G1 X109.968 Y107.819 E.13844
G1 X109.581 Y108.207 E.01716
G1 X114.006 Y108.207 E.13844
G1 X113.618 Y108.594 E.01716
G1 X109.193 Y108.594 E.13844
G1 X108.805 Y108.982 E.01716
G1 X113.23 Y108.982 E.13844
G1 X112.843 Y109.37 E.01716
G1 X108.417 Y109.37 E.13844
G1 X108.029 Y109.758 E.01716
G1 X112.455 Y109.758 E.13844
G1 X112.067 Y110.146 E.01716
G1 X107.641 Y110.146 E.13844
G1 X107.253 Y110.534 E.01716
G1 X111.679 Y110.534 E.13844
G1 X111.291 Y110.922 E.01716
G1 X106.866 Y110.922 E.13844
G1 X106.478 Y111.309 E.01716
G1 X110.903 Y111.309 E.13844
G1 X110.515 Y111.697 E.01716
G1 X106.09 Y111.697 E.13844
G1 X105.702 Y112.085 E.01716
G1 X110.128 Y112.085 E.13844
G1 X109.74 Y112.473 E.01716
G1 X105.902 Y112.473 E.12006
G3 X106.656 Y112.861 I-.839 J2.56 E.02666
G1 X109.352 Y112.861 E.08432
G1 X108.964 Y113.249 E.01716
G1 X107.058 Y113.249 E.05964
G3 X107.331 Y113.637 I-1.965 J1.676 E.01486
G1 X108.576 Y113.637 E.03896
G1 X108.188 Y114.024 E.01716
G1 X107.5 Y114.024 E.02154
G3 X107.609 Y114.412 I-1.182 J.541 E.01265
G1 X108.04 Y114.412 E.01351
G1 X107.056 Y115.489 F18000
;TYPE:Gap infill
;WIDTH:0.103768
G1 F1762
G1 X107.038 Y115.578 E.00045
;WIDTH:0.124406
G1 X107.017 Y115.664 E.00058
;WIDTH:0.152184
G1 X106.994 Y115.756 E.00083
;WIDTH:0.17934
G1 X106.976 Y115.818 E.00071
;WIDTH:0.20653
G3 X106.925 Y115.925 I-.227 J-.043 E.00158
;WIDTH:0.180869
G1 X106.812 Y116.066 E.00202
;WIDTH:0.142217
G1 X106.565 Y116.334 E.00291
G1 X106.304 Y116.573 E.00284
;WIDTH:0.182188
G1 X106.161 Y116.687 E.00206
;WIDTH:0.20241
G1 X105.986 Y116.816 E.00279
G1 X105.735 Y116.814 F18000
;WIDTH:0.124889
G1 F1762
G1 X105.909 Y116.774 E.00118
;WIDTH:0.151778
G1 X105.992 Y116.754 E.00075
;WIDTH:0.165768
G1 X106.286 Y116.675 E.00302
G1 X105.109 Y117.287 F18000
;WIDTH:0.123259
G1 F1762
G1 X104.515 Y117.518 E.00413
G1 X104.501 Y117.504 F18000
;WIDTH:0.322209
G1 F1762
G1 X105.094 Y117.303 E.0141
G1 X104.841 Y117.555 F18000
;WIDTH:0.161933
G1 F1762
G1 X104.275 Y117.195 E.00644
;WIDTH:0.144816
G1 X104.196 Y117.142 E.00078
;WIDTH:0.12885
G1 X104.117 Y117.089 E.00066
G1 X104.108 Y117.101 F18000
;WIDTH:0.26474
G1 F1762
G1 X104.857 Y117.539 E.01552
G1 X104.867 Y117.53 F18000
;WIDTH:0.34027
G1 F1762
G1 X104.126 Y117.128 E.02021
G1 X102.878 Y115.881 F18000
;WIDTH:0.326705
G1 F1762
G1 X102.469 Y115.135 E.01948
G1 X102.455 Y115.149 F18000
;WIDTH:0.210594
G1 F1762
G1 X102.903 Y115.888 E.01168
G1 X102.91 Y115.882 F18000
;WIDTH:0.118277
G1 F1762
G3 X102.437 Y115.167 I21.535 J-14.788 E.00521
G1 X102.697 Y114.906 F18000
;WIDTH:0.334468
G1 F1762
G1 X102.496 Y115.499 E.01472
G1 X102.484 Y115.487 F18000
;WIDTH:0.135633
G1 F1762
G1 X102.712 Y114.892 E.00477
G1 X103.291 Y113.747 F18000
;WIDTH:0.197451
G1 F1762
G1 X103.229 Y114.007 E.00332
;WIDTH:0.181524
G1 X103.211 Y114.091 E.00096
;WIDTH:0.150918
G1 X103.191 Y114.179 E.00079
;WIDTH:0.135428
G1 X103.161 Y114.351 E.0013
G1 X103.15 Y114.063 F18000
;WIDTH:0.226682
G1 F1762
G1 X103.262 Y113.907 E.00283
;WIDTH:0.203377
G1 X103.369 Y113.767 E.00229
;WIDTH:0.147852
G1 X103.61 Y113.492 E.00309
G1 X104 Y113.135 E.00447
;WIDTH:0.198917
G3 X104.182 Y113.024 I.32 J.322 E.00271
;WIDTH:0.179339
G1 X104.244 Y113.006 E.00071
;WIDTH:0.152183
G1 X104.336 Y112.983 E.00083
;WIDTH:0.124406
G1 X104.422 Y112.962 E.00058
;WIDTH:0.103768
G1 X104.511 Y112.944 E.00045
; stop printing object Block.stl id:105326592607568 copy 0
;LAYER_CHANGE
;Z:20.04
;HEIGHT:0.200001
G92 E0 ; zero the extruded length again
; BEFORE_LAYER_CHANGE 99 @ 20.04mm
G1 E-2.40922 F6000
;WIPE_START
G1 X104.422 Y112.962 E-.09078
;WIPE_END
; AFTER_LAYER_CHANGE 99 @ 20.04mm
;_SET_FAN_SPEED_CHANGING_LAYER
; printing object Block.stl id:105326592607568 copy 0
G1 X101.458 Y115.303 Z20.04 F18000
G1 E2.5 F6000
M204 P1000
;TYPE:Outer wall
;WIDTH:0.42
G1 F2016
G1 X115.303 Y101.458 E.5955
G1 X118.542 Y104.697 E.13929
G1 X104.697 Y118.542 E.5955
G1 X101.501 Y115.346 E.13747
G1 E-1.75 F6000
;WIPE_START
G1 F3600
G1 X102.206 Y114.636 E-.75
;WIPE_END
G1 X114.722 Y106.919 F18000
G1 E2.5 F6000
G1 F2016
G1 X114.491 Y106.887 E.0071
G3 X114.487 Y103.354 I.388 J-1.767 E.14899
G1 X114.643 Y103.326 E.0048
G3 X114.8 Y106.928 I.236 J1.794 E.18248
G1 X114.782 Y106.926 E.00056
G1 E-1.75 F6000
;WIPE_START
G1 F3600
G1 X114.491 Y106.887 E-.22005
G1 X114.114 Y106.762 E-.29802
G1 X113.846 Y106.607 E-.23194
;WIPE_END
G1 X106.911 Y114.663 F18000
G1 E2.5 F6000
G1 F2016
G1 X106.926 Y114.8 E.00421
G3 X104.729 Y113.112 I-1.805 J.075 E.24926
G1 X104.885 Y113.084 E.0048
G3 X106.885 Y114.488 I.235 J1.791 E.08162
G1 X106.903 Y114.603 E.00355
G1 E-1.75 F6000
;WIPE_START
G1 F3600
G1 X106.926 Y114.8 E-.1488
G1 X106.904 Y115.194 E-.29533
G1 X106.823 Y115.495 E-.23412
G1 X106.781 Y115.581 E-.07175
;WIPE_END
G1 X107.023 Y115.676 F18000
G1 E2.5 F6000
M204 P2000
;TYPE:Gap infill
;WIDTH:0.138504
G1 F2016
G1 X107.045 Y115.575 E.0008
;WIDTH:0.109741
G1 X107.07 Y115.442 E.00073
G1 X107.023 Y115.676 F18000
;WIDTH:0.170253
G1 F2016
G1 X107.001 Y115.759 E.00089
;WIDTH:0.202767
G1 X106.976 Y115.857 E.00131
G1 X106.869 Y115.996 E.00226
;WIDTH:0.145263
G1 X106.567 Y116.332 E.00373
G1 X106.304 Y116.573 E.00295
;WIDTH:0.182254
G1 X106.161 Y116.688 E.00206
;WIDTH:0.202493
G1 X105.986 Y116.816 E.00279
G1 X105.992 Y116.754 F18000
;WIDTH:0.151787
G1 F2016
G1 X105.909 Y116.774 E.00075
;WIDTH:0.124894
G1 X105.735 Y116.814 E.00118
G1 X105.992 Y116.754 F18000
;WIDTH:0.16578
G1 F2016
G1 X106.286 Y116.675 E.00302
G1 E-2.19561 F6000
;WIPE_START
G1 X105.992 Y116.754 E-.30439
;WIPE_END
G1 X105.408 Y117.671 F18000
G1 E2.5 F6000
M204 P1000
;TYPE:Top surface
;WIDTH:0.444641
G1 F2016
G1 X105.408 Y116.778 E.02893
G1 X105.006 Y116.797 F18000
G1 F2016
G1 X105.006 Y118.073 E.04135
G1 X104.604 Y118.289 F18000
G1 F2016
G1 X104.604 Y116.731 E.05051
G1 X104.203 Y116.559 F18000
G1 F2016
G1 X104.203 Y117.888 E.04306
G1 X103.801 Y117.486 F18000
G1 F2016
G1 X103.801 Y116.263 E.03963
G1 X103.399 Y115.722 F18000
G1 F2016
G1 X103.399 Y117.084 E.04415
G1 X102.997 Y116.683 F18000
G1 F2016
G1 X102.997 Y114.398 E.07402
G1 X102.596 Y114.326 F18000
G1 F2016
G1 X102.596 Y116.281 E.06335
G1 X102.194 Y115.879 F18000
G1 F2016
G1 X102.194 Y114.727 E.03732
G1 E-1.75 F6000
;WIPE_START
G1 F3600
G1 X102.194 Y115.727 E-.75
;WIPE_END
G1 X103.25 Y115.722 F18000
G1 E2.5 F6000
M204 P2000
;TYPE:Gap infill
;WIDTH:0.0890406
G1 F2016
G1 X103.221 Y115.572 E.00057
G1 X103.237 Y115.547 E.00011
G1 E-2.31744 F6000
;WIPE_START
G1 X103.221 Y115.572 E-.02967
G1 X103.25 Y115.722 E-.15289
;WIPE_END
G1 X103.172 Y114.316 F18000
G1 E2.5 F6000
;WIDTH:0.122053
G1 F2016
G1 X103.196 Y114.186 E.00084
;WIDTH:0.137545
G1 X103.218 Y114.086 E.00078
;WIDTH:0.169581
G1 X103.241 Y113.999 E.00092
;WIDTH:0.202055
G1 X103.262 Y113.915 E.00111
;WIDTH:0.203854
G1 X103.369 Y113.766 E.00238
;WIDTH:0.145548
G1 X103.61 Y113.492 E.00302
G1 X103.94 Y113.184 E.00373
;WIDTH:0.181665
G1 X104.076 Y113.075 E.00195
;WIDTH:0.209624
G1 X104.256 Y112.942 E.00301
G1 X104.333 Y112.984 F18000
;WIDTH:0.125697
G1 F2016
G1 X104.417 Y112.963 E.00057
;WIDTH:0.104668
G1 X104.507 Y112.944 E.00046
G1 X104.333 Y112.984 F18000
;WIDTH:0.159103
G1 F2016
G2 X103.956 Y113.083 I2.08 J8.686 E.00366
G1 E-2.10986 F6000
;WIPE_START
G1 X104.333 Y112.984 E-.39014
;WIPE_END
G1 X112.93 Y104.558 F18000
G1 E2.5 F6000
;WIDTH:0.122055
G1 F2016
G1 X112.954 Y104.428 E.00084
;WIDTH:0.137546
G1 X112.976 Y104.328 E.00078
;WIDTH:0.169583
G1 X112.999 Y104.241 E.00092
;WIDTH:0.202059
G1 X113.02 Y104.157 E.00111
;WIDTH:0.203853
G1 X113.127 Y104.008 E.00238
;WIDTH:0.145409
G1 X113.368 Y103.734 E.00302
G1 X113.692 Y103.43 E.00367
;WIDTH:0.180922
G1 X113.834 Y103.317 E.00202
;WIDTH:0.209624
G1 X114.014 Y103.184 E.00301
G1 X114.091 Y103.226 F18000
;WIDTH:0.125696
G1 F2016
G1 X114.175 Y103.205 E.00057
;WIDTH:0.104669
G1 X114.265 Y103.186 E.00046
G1 X114.091 Y103.226 F18000
;WIDTH:0.159101
G1 F2016
G2 X113.714 Y103.325 I2.075 J8.667 E.00366
G1 E-2.10984 F6000
;WIPE_START
G1 X114.091 Y103.226 E-.39016
;WIPE_END
G1 X116.828 Y105.684 F18000
G1 E2.5 F6000
;WIDTH:0.109739
G1 F2016
G1 X116.803 Y105.817 E.00073
;WIDTH:0.138504
G1 X116.781 Y105.918 E.0008
;WIDTH:0.170256
G1 X116.759 Y106.001 E.00089
;WIDTH:0.202767
G1 X116.734 Y106.099 E.00131
G1 X116.627 Y106.238 E.00226
;WIDTH:0.147794
G1 X116.39 Y106.508 E.00304
G1 X115.997 Y106.868 E.00451
;WIDTH:0.196237
G1 X115.744 Y107.058 E.0039
G1 X115.75 Y106.996 F18000
;WIDTH:0.165784
G1 F2016
G1 X116.044 Y106.917 E.00302
G1 X115.75 Y106.996 F18000
;WIDTH:0.151791
G1 F2016
G1 X115.667 Y107.016 E.00075
;WIDTH:0.124896
G1 X115.493 Y107.056 E.00118
G1 X115.202 Y107.012 F18000
M204 P1000
;TYPE:Top surface
;WIDTH:0.428335
G1 F2016
G1 X115.202 Y107.876 E.02686
G1 X114.817 Y108.262 F18000
G1 F2016
G1 X114.817 Y107.042 E.03792
G1 X114.431 Y106.987 F18000
G1 F2016
G1 X114.431 Y108.647 E.05161
G1 X114.046 Y109.033 F18000
G1 F2016
G1 X114.046 Y106.854 E.06773
G1 X113.661 Y106.608 F18000
G1 F2016
G1 X113.661 Y109.418 E.08736
G1 X113.275 Y109.803 F18000
G1 F2016
G1 X113.275 Y106.172 E.11289
G1 E-1.75 F6000
;WIPE_START
G1 F3600
G1 X113.275 Y107.172 E-.75
;WIPE_END
G1 X112.89 Y104.665 F18000
G1 E2.5 F6000
G1 F2016
G1 X112.89 Y110.189 E.17171
G1 X112.504 Y110.574 F18000
G1 F2016
G1 X112.504 Y104.417 E.1914
G1 X112.119 Y104.802 F18000
G1 F2016
G1 X112.119 Y110.96 E.1914
G1 X111.734 Y111.345 F18000
G1 F2016
G1 X111.734 Y105.188 E.1914
G1 X111.348 Y105.573 F18000
G1 F2016
G1 X111.348 Y111.73 E.1914
G1 X110.963 Y112.116 F18000
G1 F2016
G1 X110.963 Y105.959 E.1914
G1 X110.577 Y106.344 F18000
G1 F2016
G1 X110.577 Y112.501 E.1914
G1 X110.192 Y112.887 F18000
G1 F2016
G1 X110.192 Y106.729 E.1914
G1 X109.807 Y107.115 F18000
G1 F2016
G1 X109.807 Y113.272 E.1914
G1 X109.421 Y113.657 F18000
G1 F2016
G1 X109.421 Y107.5 E.1914
G1 X109.036 Y107.886 F18000
G1 F2016
G1 X109.036 Y114.043 E.1914
G1 X108.65 Y114.428 F18000
G1 F2016
G1 X108.65 Y108.271 E.1914
G1 X108.265 Y108.657 F18000
G1 F2016
G1 X108.265 Y114.814 E.1914
G1 X107.879 Y115.199 F18000
G1 F2016
G1 X107.879 Y109.042 E.1914
G1 X107.494 Y109.427 F18000
G1 F2016
G1 X107.494 Y115.585 E.1914
G1 X107.109 Y115.335 F18000
G1 F2016
G1 X107.109 Y109.813 E.17165
G1 X106.723 Y110.198 F18000
G1 F2016
G1 X106.723 Y113.826 E.11277
G1 X106.338 Y113.391 F18000
G1 F2016
G1 X106.338 Y110.584 E.08728
G1 X105.952 Y110.969 F18000
G1 F2016
G1 X105.952 Y113.145 E.06765
G1 X105.567 Y113.013 F18000
G1 F2016
G1 X105.567 Y111.354 E.05156
G1 X105.182 Y111.74 F18000
G1 F2016
G1 X105.182 Y112.958 E.03787
G1 X104.796 Y112.99 F18000
G1 F2016
G1 X104.796 Y112.125 E.02687
G1 E-1.75 F6000
;WIPE_START
G1 F3600
G1 X104.796 Y112.99 E-.75
;WIPE_END
G1 X113.182 Y106.172 F18000
G1 E2.5 F6000
M204 P2000
;TYPE:Gap infill
;WIDTH:0.111277
G1 F2016
G3 X113.098 Y106.06 I.008 J-.094 E.00087
G1 E-2.34719 F6000
;WIPE_START
G1 X113.117 Y106.137 E-.07943
G1 X113.182 Y106.172 E-.07338
;WIPE_END
G1 X117.804 Y105.275 F18000
G1 E2.5 F6000
M204 P1000
;TYPE:Top surface
;WIDTH:0.44587
G1 F2016
G1 X117.804 Y104.119 E.03756
G1 X117.401 Y103.716 F18000
G1 F2016
G1 X117.401 Y105.677 E.06375
G1 X116.998 Y105.601 F18000
G1 F2016
G1 X116.998 Y103.313 E.07437
G1 X116.595 Y102.91 F18000
G1 F2016
G1 X116.595 Y104.266 E.04408
G1 X116.192 Y103.725 F18000
G1 F2016
G1 X116.192 Y102.507 E.03957
G1 X115.789 Y102.104 F18000
G1 F2016
G1 X115.789 Y103.436 E.04329
G1 X115.386 Y103.266 F18000
G1 F2016
G1 X115.386 Y101.701 E.05085
G1 X114.983 Y101.938 F18000
G1 F2016
G1 X114.983 Y103.202 E.04108
G1 X114.58 Y103.225 F18000
G1 F2016
G1 X114.58 Y102.341 E.02873
; stop printing object Block.stl id:105326592607568 copy 0
G1 E-1.75 F6000
;WIPE_START
G1 F3600
G1 X114.58 Y103.225 E-.75
;WIPE_END
M106 S0
;TYPE:Custom
; filament end gcode 
M140 S0; Heatbed off
M107; Fan off 
G91; relative positioning 
M83 ; extruder relative mode
G1 E-3 F3000 ;retract the filament a bit before lifting the nozzle, to release some of the pressure
G1 Z+0.5 F3000 ;move Z up a bit and retract filament even more
M104 S0; Extruder off
G28 X Y;move X/Y to min endstops, so the head is out of the way
G90; absolute positioning 
G1 Y220 F3000
M84 ;steppers off
M300 S1318 P266
; EXECUTABLE_BLOCK_END

; filament used [mm] = 582.16
; filament used [cm3] = 1.40
; filament used [g] = 1.74
; filament cost = 0.03
; total filament used [g] = 1.74
; total filament cost = 0.03
; total layers count = 100
; estimated printing time (normal mode) = 17m 23s
; estimated first layer printing time (normal mode) = 9s

; CONFIG_BLOCK_START
; accel_to_decel_enable = 1
; accel_to_decel_factor = 50%
; activate_air_filtration = 0
; activate_chamber_temp_control = 0
; adaptive_bed_mesh_margin = 0
; adaptive_pressure_advance = 0
; adaptive_pressure_advance_bridges = 0
; adaptive_pressure_advance_model = "0,0,0\n0,0,0"
; adaptive_pressure_advance_overhangs = 0
; additional_cooling_fan_speed = 70
; align_infill_direction_to_model = 0
; alternate_extra_wall = 0
; auxiliary_fan = 0
; bbl_calib_mark_logo = 1
; bbl_use_printhost = 0
; bed_custom_model = 
; bed_custom_texture = 
; bed_exclude_area = 0x0
; bed_mesh_max = 0,0
; bed_mesh_min = 0,0
; bed_mesh_probe_distance = 0,0
; before_layer_change_gcode = G92 E0 ; zero the extruded length again\n; BEFORE_LAYER_CHANGE [layer_num] @ [layer_z]mm
; best_object_pos = 0.5,0.5
; bottom_shell_layers = 3
; bottom_shell_thickness = 0.6
; bottom_solid_infill_flow_ratio = 1
; bottom_surface_density = 100%
; bottom_surface_pattern = monotonic
; bridge_acceleration = 50%
; bridge_angle = 0
; bridge_density = 100%
; bridge_flow = 0.9
; bridge_no_support = 1
; bridge_speed = 30
; brim_ears_detection_length = 1
; brim_ears_max_angle = 125
; brim_object_gap = 0.15
; brim_type = outer_only
; brim_width = 5
; calib_flowrate_topinfill_special_order = 0
; chamber_temperature = 0
; change_extrusion_role_gcode = 
; change_filament_gcode = 
; close_fan_the_first_x_layers = 1
; complete_print_exhaust_fan_speed = 80
; cool_plate_temp = 35
; cool_plate_temp_initial_layer = 35
; cooling_tube_length = 0
; cooling_tube_retraction = 0
; counterbore_hole_bridging = none
; curr_bed_type = High Temp Plate
; default_acceleration = 2000
; default_bed_type = 
; default_filament_colour = ""
; default_filament_profile = "Anycubic PLA @Anycubic Kobra 2 Neo 0.4 nozzle"
; default_jerk = 0
; default_junction_deviation = 0
; default_print_profile = 0.20mm Standard @Anycubic Kobra 2 Neo 0.4 nozzle
; deretraction_speed = 0
; detect_narrow_internal_solid_infill = 1
; detect_overhang_wall = 1
; detect_thin_wall = 0
; disable_m73 = 1
; dont_filter_internal_bridges = disabled
; dont_slow_down_outer_wall = 0
; draft_shield = disabled
; during_print_exhaust_fan_speed = 60
; elefant_foot_compensation = 0.075
; elefant_foot_compensation_layers = 1
; emit_machine_limits_to_gcode = 1
; enable_arc_fitting = 1
; enable_extra_bridge_layer = disabled
; enable_filament_ramming = 0
; enable_long_retraction_when_cut = 0
; enable_overhang_bridge_fan = 1
; enable_overhang_speed = 1
; enable_pressure_advance = 0
; enable_prime_tower = 0
; enable_support = 0
; enforce_support_layers = 0
; eng_plate_temp = 0
; eng_plate_temp_initial_layer = 0
; ensure_vertical_shell_thickness = ensure_all
; exclude_object = 0
; extra_loading_move = 0
; extra_perimeters_on_overhangs = 1
; extra_solid_infills = 
; extruder_clearance_height_to_lid = 20
; extruder_clearance_height_to_rod = 20
; extruder_clearance_radius = 20
; extruder_colour = #69A4FF
; extruder_offset = 0x0
; extrusion_rate_smoothing_external_perimeter_only = 0
; fan_cooling_layer_time = 100
; fan_kickstart = 0
; fan_max_speed = 100
; fan_min_speed = 80
; fan_speedup_overhangs = 1
; fan_speedup_time = 0
; filament_colour = #69A4FF
; filament_cooling_final_speed = 0
; filament_cooling_initial_speed = 0
; filament_cooling_moves = 0
; filament_cost = 20
; filament_density = 1.24
; filament_diameter = 1.75
; filament_end_gcode = "; filament end gcode \n"
; filament_flow_ratio = 0.97
; filament_ids = GFL99
; filament_is_support = 0
; filament_loading_speed = 0
; filament_loading_speed_start = 0
; filament_max_volumetric_speed = 12
; filament_minimal_purge_on_wipe_tower = 15
; filament_multitool_ramming = 0
; filament_multitool_ramming_flow = 10
; filament_multitool_ramming_volume = 10
; filament_notes = ""
; filament_ramming_parameters = "120 100 6.6 6.8 7.2 7.6 7.9 8.2 8.7 9.4 9.9 10.0| 0.05 6.6 0.45 6.8 0.95 7.8 1.45 8.3 1.95 9.7 2.45 10 2.95 7.6 3.45 7.6 3.95 7.6 4.45 7.6 4.95 7.6"
; filament_settings_id = "Anycubic PLA @Anycubic Kobra 2 Neo 0.4 nozzle"
; filament_shrink = 100%
; filament_shrinkage_compensation_z = 100%
; filament_soluble = 0
; filament_stamping_distance = 0
; filament_stamping_loading_speed = 0
; filament_start_gcode = "; filament start gcode\n"
; filament_toolchange_delay = 0
; filament_type = PLA
; filament_unloading_speed = 0
; filament_unloading_speed_start = 0
; filament_vendor = Anycubic
; filename_format = {input_filename_base}_{filament_type[0]}_{layer_height}_{print_time}.gcode
; fill_multiline = 1
; filter_out_gap_fill = 0
; first_layer_print_sequence = 0
; flush_into_infill = 0
; flush_into_objects = 0
; flush_into_support = 0
; flush_multiplier = 1
; flush_volumes_matrix = 0
; flush_volumes_vector = 140,140
; full_fan_speed_layer = 3
; fuzzy_skin = none
; fuzzy_skin_first_layer = 0
; fuzzy_skin_mode = displacement
; fuzzy_skin_noise_type = classic
; fuzzy_skin_octaves = 4
; fuzzy_skin_persistence = 0.5
; fuzzy_skin_point_distance = 0.8
; fuzzy_skin_scale = 1
; fuzzy_skin_thickness = 0.3
; gap_fill_target = topbottom
; gap_infill_speed = 100
; gcode_add_line_number = 0
; gcode_comments = 0
; gcode_flavor = marlin2
; gcode_label_objects = 1
; has_scarf_joint_seam = 0
; head_wrap_detect_zone = 
; high_current_on_filament_swap = 0
; hole_to_polyhole = 0
; hole_to_polyhole_threshold = 0.01
; hole_to_polyhole_twisted = 1
; host_type = octoprint
; hot_plate_temp = 60
; hot_plate_temp_initial_layer = 60
; idle_temperature = 0
; independent_support_layer_height = 1
; infill_anchor = 400
; infill_anchor_max = 10
; infill_combination = 0
; infill_combination_max_layer_height = 100%
; infill_direction = 45
; infill_jerk = 9
; infill_lock_depth = 1
; infill_overhang_angle = 60
; infill_shift_step = 0.4
; infill_wall_overlap = 15%
; initial_layer_acceleration = 500
; initial_layer_infill_speed = 50
; initial_layer_jerk = 9
; initial_layer_line_width = 0.5
; initial_layer_min_bead_width = 85%
; initial_layer_print_height = 0.24
; initial_layer_speed = 50
; initial_layer_travel_speed = 100%
; inner_wall_acceleration = 1500
; inner_wall_jerk = 10
; inner_wall_line_width = 0.45
; inner_wall_speed = 100
; interface_shells = 0
; interlocking_beam = 0
; interlocking_beam_layer_count = 2
; interlocking_beam_width = 0.8
; interlocking_boundary_avoidance = 2
; interlocking_depth = 2
; interlocking_orientation = 22.5
; internal_bridge_angle = 0
; internal_bridge_density = 100%
; internal_bridge_fan_speed = -1
; internal_bridge_flow = 1
; internal_bridge_speed = 150%
; internal_solid_infill_acceleration = 100%
; internal_solid_infill_line_width = 0.42
; internal_solid_infill_pattern = rectilinear
; internal_solid_infill_speed = 100
; ironing_angle = -1
; ironing_fan_speed = -1
; ironing_flow = 15%
; ironing_inset = 0
; ironing_pattern = rectilinear
; ironing_spacing = 0.1
; ironing_speed = 15
; ironing_type = no ironing
; is_infill_first = 0
; lateral_lattice_angle_1 = -45
; lateral_lattice_angle_2 = 45
; layer_change_gcode = ; AFTER_LAYER_CHANGE [layer_num] @ [layer_z]mm
; layer_height = 0.2
; line_width = 0.42
; long_retractions_when_cut = 0
; machine_end_gcode = M140 S0; Heatbed off\nM107; Fan off \nG91; relative positioning \nM83 ; extruder relative mode\nG1 E-3 F3000 ;retract the filament a bit before lifting the nozzle, to release some of the pressure\nG1 Z+0.5 F3000 ;move Z up a bit and retract filament even more\nM104 S0; Extruder off\nG28 X Y;move X/Y to min endstops, so the head is out of the way\nG90; absolute positioning \nG1 Y220 F3000\nM84 ;steppers off\nM300 S1318 P266
; machine_load_filament_time = 42
; machine_max_acceleration_e = 2000,2000
; machine_max_acceleration_extruding = 2000,2000
; machine_max_acceleration_retracting = 2000,2000
; machine_max_acceleration_travel = 20000,20000
; machine_max_acceleration_x = 2000,2000
; machine_max_acceleration_y = 2000,2000
; machine_max_acceleration_z = 800,800
; machine_max_jerk_e = 5,5
; machine_max_jerk_x = 10,10
; machine_max_jerk_y = 10,10
; machine_max_jerk_z = 2,2
; machine_max_junction_deviation = 0,0
; machine_max_speed_e = 100,100
; machine_max_speed_x = 300,300
; machine_max_speed_y = 300,300
; machine_max_speed_z = 8,8
; machine_min_extruding_rate = 0,0
; machine_min_travel_rate = 0,0
; machine_pause_gcode = M601
; machine_start_gcode = G21 ; metric values\nG90 ; use absolute coordinates\nM83 ; extruder relative mode\nM104 S[first_layer_temperature] ; set extruder temp\nM140 S[first_layer_bed_temperature] ; set bed temp\nG28; move X/Y/Z to min endstops\nM420 S1\nM300 S1318 P266\nG1 Z5 F5000 ; lift nozzle\nG1 X0 Y0  F3000\nG1 Z0.3; lift nozzle a bit\nG92 E0 ; zero after lift\nG1 X10 Y5 F1800 ; move to purge line start position\nM190 S[first_layer_bed_temperature] ; wait for bed temp\nM109 S[first_layer_temperature] ; wait for extruder temp\nG1 X60 Y5 E20 F500 ; Extrude 20mm of filament in a 5cm line. \nG92 E0 ; zero the extruded length again \nG1 E-4.5 F4000 ; Retract a little \nG92 E0 ; zero the extruded length again\nG1 X120 F4000 ; Quickly wipe away from the filament line\nM117 Printing... ; Display status message
; machine_tool_change_time = 0
; machine_unload_filament_time = 0
; make_overhang_printable = 0
; make_overhang_printable_angle = 55
; make_overhang_printable_hole_size = 0
; manual_filament_change = 0
; max_bridge_length = 10
; max_layer_height = 0.28
; max_resonance_avoidance_speed = 120
; max_travel_detour_distance = 0
; max_volumetric_extrusion_rate_slope = 0
; max_volumetric_extrusion_rate_slope_segment_length = 5
; min_bead_width = 85%
; min_feature_size = 25%
; min_layer_height = 0.08
; min_length_factor = 0.5
; min_resonance_avoidance_speed = 70
; min_skirt_length = 0
; min_width_top_surface = 300%
; minimum_sparse_infill_area = 15
; mmu_segmented_region_interlocking_depth = 0
; mmu_segmented_region_max_width = 0
; notes = 
; nozzle_diameter = 0.4
; nozzle_height = 4
; nozzle_hrc = 0
; nozzle_temperature = 190
; nozzle_temperature_initial_layer = 220
; nozzle_temperature_range_high = 230
; nozzle_temperature_range_low = 190
; nozzle_type = brass
; nozzle_volume = 0
; only_one_wall_first_layer = 0
; only_one_wall_top = 1
; ooze_prevention = 0
; other_layers_print_sequence = 0
; other_layers_print_sequence_nums = 0
; outer_wall_acceleration = 1000
; outer_wall_jerk = 10
; outer_wall_line_width = 0.42
; outer_wall_speed = 60
; overhang_1_4_speed = 60
; overhang_2_4_speed = 50
; overhang_3_4_speed = 30
; overhang_4_4_speed = 10
; overhang_fan_speed = 100
; overhang_fan_threshold = 50%
; overhang_reverse = 0
; overhang_reverse_internal_only = 0
; overhang_reverse_threshold = 50%
; parking_pos_retraction = 0
; pellet_flow_coefficient = 0.4157
; pellet_modded_printer = 0
; post_process = 
; precise_outer_wall = 0
; precise_z_height = 0
; preferred_orientation = 0
; preheat_steps = 1
; preheat_time = 30
; pressure_advance = 0.04
; prime_tower_brim_width = 5
; prime_tower_width = 45
; prime_volume = 45
; print_compatible_printers = "Anycubic Kobra 2 Neo 0.4 nozzle"
; print_flow_ratio = 1
; print_order = default
; print_sequence = by layer
; print_settings_id = 0.20mm Standard @Anycubic Kobra 2 Neo 0.4 nozzle
; printable_area = 0x0,220x0,220x220,0x220
; printable_height = 250
; printer_model = Anycubic Kobra 2 Neo
; printer_notes = 
; printer_settings_id = Anycubic Kobra 2 Neo 0.4 nozzle
; printer_structure = i3
; printer_technology = FFF
; printer_variant = 0.4
; printhost_authorization_type = key
; printhost_ssl_ignore_revoke = 0
; printing_by_object_gcode = 
; purge_in_prime_tower = 0
; raft_contact_distance = 0.1
; raft_expansion = 1.5
; raft_first_layer_density = 90%
; raft_first_layer_expansion = 2
; raft_layers = 0
; reduce_crossing_wall = 0
; reduce_fan_stop_start_freq = 1
; reduce_infill_retraction = 1
; required_nozzle_HRC = 0
; resolution = 0.012
; resonance_avoidance = 0
; retract_before_wipe = 70%
; retract_length_toolchange = 0
; retract_lift_above = 0.3
; retract_lift_below = 258
; retract_lift_enforce = All Surfaces
; retract_restart_extra = 0
; retract_restart_extra_toolchange = 0
; retract_when_changing_layer = 1
; retraction_distances_when_cut = 18
; retraction_length = 2.5
; retraction_minimum_travel = 1
; retraction_speed = 100
; role_based_wipe_speed = 1
; scan_first_layer = 0
; scarf_angle_threshold = 155
; scarf_joint_flow_ratio = 1
; scarf_joint_speed = 100%
; scarf_overhang_threshold = 40%
; seam_gap = 15%
; seam_position = aligned
; seam_slope_conditional = 0
; seam_slope_entire_loop = 0
; seam_slope_inner_walls = 0
; seam_slope_min_length = 20
; seam_slope_start_height = 0
; seam_slope_steps = 10
; seam_slope_type = none
; silent_mode = 0
; single_extruder_multi_material = 1
; single_extruder_multi_material_priming = 0
; single_loop_draft_shield = 0
; skeleton_infill_density = 25%
; skeleton_infill_line_width = 100%
; skin_infill_density = 25%
; skin_infill_depth = 2
; skin_infill_line_width = 100%
; skirt_distance = 2
; skirt_height = 1
; skirt_loops = 0
; skirt_speed = 50
; skirt_start_angle = -135
; skirt_type = combined
; slice_closing_radius = 0.049
; slicing_mode = regular
; slow_down_for_layer_cooling = 1
; slow_down_layer_time = 9
; slow_down_layers = 1
; slow_down_min_speed = 20
; slowdown_for_curled_perimeters = 0
; small_area_infill_flow_compensation = 0
; small_area_infill_flow_compensation_model = 0,0;"\n0.2,0.4444";"\n0.4,0.6145";"\n0.6,0.7059";"\n0.8,0.7619";"\n1.5,0.8571";"\n2,0.8889";"\n3,0.9231";"\n5,0.9520";"\n10,1"
; small_perimeter_speed = 50%
; small_perimeter_threshold = 0
; solid_infill_direction = 45
; solid_infill_filament = 1
; solid_infill_rotate_template = 0,90
; sparse_infill_acceleration = 100%
; sparse_infill_density = 15%
; sparse_infill_filament = 1
; sparse_infill_line_width = 0.45
; sparse_infill_pattern = crosshatch
; sparse_infill_rotate_template = 
; sparse_infill_speed = 150
; spiral_finishing_flow_ratio = 0
; spiral_mode = 0
; spiral_mode_max_xy_smoothing = 200%
; spiral_mode_smooth = 0
; spiral_starting_flow_ratio = 0
; staggered_inner_seams = 0
; standby_temperature_delta = -5
; start_end_points = 30x-3,54x245
; supertack_plate_temp = 35
; supertack_plate_temp_initial_layer = 35
; support_air_filtration = 1
; support_angle = 0
; support_base_pattern = rectilinear
; support_base_pattern_spacing = 0.2
; support_bottom_interface_spacing = 0.5
; support_bottom_z_distance = 0.1
; support_chamber_temp_control = 1
; support_critical_regions_only = 0
; support_expansion = 0
; support_filament = 0
; support_interface_bottom_layers = -1
; support_interface_filament = 0
; support_interface_loop_pattern = 0
; support_interface_not_for_body = 1
; support_interface_pattern = auto
; support_interface_spacing = 0.5
; support_interface_speed = 80
; support_interface_top_layers = 2
; support_ironing = 0
; support_ironing_flow = 10%
; support_ironing_pattern = rectilinear
; support_ironing_spacing = 0.1
; support_line_width = 0.4
; support_material_interface_fan_speed = -1
; support_multi_bed_types = 0
; support_object_first_layer_gap = 0.2
; support_object_xy_distance = 0.35
; support_on_build_plate_only = 1
; support_remove_small_overhang = 1
; support_speed = 100
; support_style = default
; support_threshold_angle = 40
; support_threshold_overlap = 50%
; support_top_z_distance = 0.1
; support_type = tree(auto)
; symmetric_infill_y_axis = 0
; temperature_vitrification = 60
; template_custom_gcode = 
; textured_cool_plate_temp = 40
; textured_cool_plate_temp_initial_layer = 40
; textured_plate_temp = 45
; textured_plate_temp_initial_layer = 45
; thick_bridges = 0
; thick_internal_bridges = 1
; thumbnails = 230x110/PNG
; thumbnails_format = PNG
; time_cost = 0
; time_lapse_gcode = 
; timelapse_type = 0
; top_bottom_infill_wall_overlap = 25%
; top_shell_layers = 3
; top_shell_thickness = 1
; top_solid_infill_flow_ratio = 1
; top_surface_acceleration = 1000
; top_surface_density = 100%
; top_surface_jerk = 9
; top_surface_line_width = 0.42
; top_surface_pattern = monotonicline
; top_surface_speed = 60
; travel_acceleration = 2000
; travel_jerk = 10
; travel_slope = 3
; travel_speed = 300
; travel_speed_z = 0
; tree_support_adaptive_layer_height = 1
; tree_support_angle_slow = 25
; tree_support_auto_brim = 1
; tree_support_branch_angle = 40
; tree_support_branch_angle_organic = 40
; tree_support_branch_diameter = 5
; tree_support_branch_diameter_angle = 5
; tree_support_branch_diameter_organic = 2
; tree_support_branch_distance = 5
; tree_support_branch_distance_organic = 1
; tree_support_brim_width = 3
; tree_support_tip_diameter = 0.8
; tree_support_top_rate = 30%
; tree_support_wall_count = 0
; upward_compatible_machine = 
; use_firmware_retraction = 0
; use_relative_e_distances = 1
; wall_direction = auto
; wall_distribution_count = 1
; wall_filament = 1
; wall_generator = classic
; wall_loops = 2
; wall_sequence = outer wall/inner wall
; wall_transition_angle = 10
; wall_transition_filter_deviation = 25%
; wall_transition_length = 100%
; wipe = 1
; wipe_before_external_loop = 0
; wipe_distance = 1
; wipe_on_loops = 0
; wipe_speed = 80%
; wipe_tower_bridging = 10
; wipe_tower_cone_angle = 15
; wipe_tower_extra_flow = 100%
; wipe_tower_extra_rib_length = 0
; wipe_tower_extra_spacing = 100%
; wipe_tower_filament = 0
; wipe_tower_fillet_wall = 1
; wipe_tower_max_purge_speed = 90
; wipe_tower_no_sparse_layers = 0
; wipe_tower_rib_width = 8
; wipe_tower_rotation_angle = 0
; wipe_tower_wall_type = rectangle
; wipe_tower_x = 0.000
; wipe_tower_x = 0
; wipe_tower_y = 250.000
; wipe_tower_y = 250
; wiping_volumes_extruders = 70,70,70,70,70,70,70,70,70,70
; xy_contour_compensation = 0
; xy_hole_compensation = 0.1
; z_hop = 0
; z_hop_types = Auto Lift
; z_offset = 0
; first_layer_bed_temperature = 60
; bed_shape = 0x0,220x0,220x220,0x220
; first_layer_temperature = 220
; first_layer_height = 0.240
; CONFIG_BLOCK_END


