(Block-name: Header)
(Block-expand: 0)
(Block-enable: 1)
( pcb2gcode 2.4.0 )
( Software-independent Gcode )

G94 ( Millimeters per minute feed rate. )
G21 ( Units == Millimeters. )

G90 ( Absolute coordinates. )
(Block-name: block)
(Block-expand: 0)
(Block-enable: 1)
G00 S12000 ( RPM spindle speed. )
G01 F200.00000 ( Feedrate. )


G00 Z5.00000 (Retract to tool change height)
(Block-name: block)
(Block-expand: 0)
(Block-enable: 1)
T0
M5      (Spindle stop.)
G04 P1.00000 (Wait for spindle to stop)
M3 ( Spindle on clockwise. )
G04 P1.00000 (Wait for spindle to get up to speed)
G04 P0 ( dwell for no time -- G64 should not smooth over this point )
G00 Z2.00000 ( retract )

G00 X-13.11032 Y37.21503 ( rapid move to begin. )
G01 F100.00000
( Mill infeed pass 1/1 )
G01 Z-0.10000
G04 P0 ( dwell for no time -- G64 should not smooth over this point )
G01 F200.00000
G01 X-13.11032 Y37.21503
G01 X-13.05416 Y37.20306
G01 X-12.89508 Y37.15138
G01 X-12.79960 Y37.10886
G01 X-12.65477 Y37.02524
G01 X-12.57019 Y36.96380
G01 X-12.44590 Y36.85188
G01 X-12.41273 Y36.81503
G01 X-11.37499 Y36.81503
G01 X-11.37499 Y36.87502
G01 X-11.36539 Y36.97256
G01 X-11.33694 Y37.06636
G01 X-11.29071 Y37.15280
G01 X-11.22853 Y37.22857
G01 X-11.15276 Y37.29075
G01 X-11.06633 Y37.33695
G01 X-10.97253 Y37.36540
G01 X-10.87499 Y37.37502
G01 X-10.65830 Y37.37502
G01 X-10.47502 Y37.33575
G01 X-10.38025 Y37.32069
G01 X-10.20255 Y37.30202
G01 X-10.11383 Y37.29735
G01 X-9.93613 Y37.29735
G01 X-9.84738 Y37.30202
G01 X-9.66968 Y37.32069
G01 X-9.57489 Y37.33575
G01 X-9.39155 Y37.37505
G01 X-9.30608 Y37.42438
G01 X-9.16234 Y37.52882
G01 X-9.08464 Y37.59877
G01 X-8.96575 Y37.73083
G01 X-8.90430 Y37.81538
G01 X-8.81546 Y37.96928
G01 X-8.77294 Y38.06479
G01 X-8.71802 Y38.23377
G01 X-8.69630 Y38.33603
G01 X-8.67774 Y38.51274
G01 X-8.67774 Y38.61729
G01 X-8.69630 Y38.79399
G01 X-8.71802 Y38.89625
G01 X-8.77294 Y39.06524
G01 X-8.81546 Y39.16074
G01 X-8.90430 Y39.31462
G01 X-8.96575 Y39.39920
G01 X-9.08464 Y39.53125
G01 X-9.16234 Y39.60121
G01 X-9.30608 Y39.70565
G01 X-9.39661 Y39.75790
G01 X-9.55896 Y39.83019
G01 X-9.65835 Y39.86250
G01 X-9.83219 Y39.89943
G01 X-9.93613 Y39.91035
G01 X-10.11383 Y39.91035
G01 X-10.21779 Y39.89943
G01 X-10.39160 Y39.86250
G01 X-10.49102 Y39.83019
G01 X-10.65335 Y39.75790
G01 X-10.74387 Y39.70565
G01 X-10.88764 Y39.60121
G01 X-10.96531 Y39.53125
G01 X-11.08423 Y39.39920
G01 X-11.11631 Y39.35503
G01 X-12.41273 Y39.35503
G01 X-12.44590 Y39.39188
G01 X-12.57019 Y39.50380
G01 X-12.65477 Y39.56524
G01 X-12.79960 Y39.64886
G01 X-12.89508 Y39.69138
G01 X-12.99894 Y39.72513
G01 X-13.05695 Y39.73435
G01 X-13.15847 Y39.74507
G01 X-13.37498 Y39.75521
G01 X-14.17496 Y39.75549
G01 X-14.39152 Y39.74553
G01 X-14.54755 Y39.72625
G01 X-14.39152 Y39.74553
G01 X-14.17496 Y39.75549
G01 X-13.37498 Y39.75521
G01 X-13.15847 Y39.74507
G01 X-12.99894 Y39.72513
G01 X-12.77267 Y39.72706
G01 X-12.64377 Y39.74817
G01 X-12.54435 Y39.78048
G01 X-12.49660 Y39.80174
G01 X-12.40610 Y39.85399
G01 X-12.36381 Y39.88472
G01 X-12.28614 Y39.95467
G01 X-12.25116 Y39.99351
G01 X-12.18969 Y40.07807
G01 X-12.16356 Y40.12333
G01 X-12.12106 Y40.21883
G01 X-12.10351 Y40.27502
G01 X-6.77500 Y40.27502
G01 X-6.67721 Y40.28223
G01 X-6.58107 Y40.30136
G01 X-6.53418 Y40.31558
G01 X-6.44360 Y40.35310
G01 X-6.40040 Y40.37619
G01 X-6.31889 Y40.43064
G01 X-6.27982 Y40.46280
G01 X-6.21886 Y40.49165
G01 X-6.10860 Y40.47939
G01 X-5.94137 Y40.47939
G01 X-5.83741 Y40.49033
G01 X-5.67381 Y40.52511
G01 X-5.57442 Y40.55739
G01 X-5.42161 Y40.62541
G01 X-5.33108 Y40.67768
G01 X-5.19578 Y40.77598
G01 X-5.11810 Y40.84593
G01 X-5.00619 Y40.97022
G01 X-4.94475 Y41.05477
G01 X-4.86113 Y41.19963
G01 X-4.81861 Y41.29511
G01 X-4.76695 Y41.45419
G01 X-4.74521 Y41.55642
G01 X-4.72773 Y41.72274
G01 X-4.72773 Y41.82729
G01 X-4.74521 Y41.99361
G01 X-4.76695 Y42.09584
G01 X-4.81861 Y42.25492
G01 X-4.86113 Y42.35040
G01 X-4.94475 Y42.49523
G01 X-5.00619 Y42.57981
G01 X-5.11810 Y42.70410
G01 X-5.19578 Y42.77405
G01 X-5.33108 Y42.87234
G01 X-5.42161 Y42.92462
G01 X-5.57442 Y42.99264
G01 X-5.67381 Y43.02492
G01 X-5.83741 Y43.05970
G01 X-5.94137 Y43.07064
G01 X-6.10860 Y43.07064
G01 X-6.21257 Y43.05970
G01 X-6.37617 Y43.02492
G01 X-6.47556 Y42.99264
G01 X-6.62836 Y42.92462
G01 X-6.71889 Y42.87234
G01 X-6.85419 Y42.77405
G01 X-6.93187 Y42.70410
G01 X-7.04378 Y42.57981
G01 X-7.10522 Y42.49523
G01 X-7.18884 Y42.35040
G01 X-7.23136 Y42.25492
G01 X-7.28302 Y42.09584
G01 X-7.30477 Y41.99361
G01 X-7.32224 Y41.82729
G01 X-7.32224 Y41.77501
G01 X-12.10351 Y41.77501
G01 X-12.12106 Y41.83120
G01 X-12.16356 Y41.92670
G01 X-12.18969 Y41.97197
G01 X-12.25116 Y42.05652
G01 X-12.28614 Y42.09536
G01 X-12.36381 Y42.16531
G01 X-12.40610 Y42.19602
G01 X-12.49660 Y42.24829
G01 X-12.54435 Y42.26955
G01 X-12.64377 Y42.30186
G01 X-12.77267 Y42.32297
G01 X-12.82500 Y42.32500
G01 X-14.01430 Y42.32500
G01 X-15.53101 Y43.83831
G01 X-15.56888 Y43.86940
G01 X-15.65039 Y43.92385
G01 X-15.69360 Y43.94694
G01 X-15.78417 Y43.98446
G01 X-15.83106 Y43.99868
G01 X-15.92720 Y44.01781
G01 X-16.02499 Y44.02502
G01 X-24.67499 Y44.02502
G01 X-24.67499 Y44.12502
G01 X-24.68459 Y44.22256
G01 X-24.71304 Y44.31636
G01 X-24.75926 Y44.40280
G01 X-24.82144 Y44.47856
G01 X-24.89721 Y44.54074
G01 X-24.98365 Y44.58695
G01 X-25.07745 Y44.61539
G01 X-25.17499 Y44.62502
G01 X-26.87498 Y44.62502
G01 X-26.97254 Y44.61539
G01 X-27.06632 Y44.58695
G01 X-27.15278 Y44.54074
G01 X-27.22855 Y44.47856
G01 X-27.29073 Y44.40280
G01 X-27.33693 Y44.31636
G01 X-27.36538 Y44.22256
G01 X-27.37498 Y44.12502
G01 X-27.37498 Y42.42500
G01 X-27.36538 Y42.32746
G01 X-27.33693 Y42.23366
G01 X-27.29073 Y42.14723
G01 X-27.22855 Y42.07146
G01 X-27.15278 Y42.00928
G01 X-27.06632 Y41.96308
G01 X-26.97254 Y41.93463
G01 X-26.87498 Y41.92500
G01 X-25.17499 Y41.92500
G01 X-25.07745 Y41.93463
G01 X-24.98365 Y41.96308
G01 X-24.89721 Y42.00928
G01 X-24.82144 Y42.07146
G01 X-24.75926 Y42.14723
G01 X-24.71304 Y42.23366
G01 X-24.68459 Y42.32746
G01 X-24.67499 Y42.42500
G01 X-24.67499 Y42.52503
G01 X-16.33563 Y42.52503
G01 X-15.46899 Y41.65838
G01 X-15.47498 Y41.57501
G01 X-15.47498 Y40.47502
G01 X-15.47224 Y40.42274
G01 X-15.46678 Y40.37078
G01 X-15.44506 Y40.26851
G01 X-15.42890 Y40.21883
G01 X-15.38638 Y40.12333
G01 X-15.36025 Y40.07807
G01 X-15.29881 Y39.99351
G01 X-15.26383 Y39.95467
G01 X-15.18616 Y39.88472
G01 X-15.14389 Y39.85399
G01 X-15.05337 Y39.80174
G01 X-15.00561 Y39.78048
G01 X-14.90620 Y39.74817
G01 X-14.85507 Y39.73730
G01 X-14.75149 Y39.72638
G01 X-14.54755 Y39.72625
G01 X-14.65489 Y39.69138
G01 X-14.75037 Y39.64886
G01 X-14.89522 Y39.56524
G01 X-14.97978 Y39.50380
G01 X-15.10406 Y39.39188
G01 X-15.17402 Y39.31421
G01 X-15.27231 Y39.17891
G01 X-15.32459 Y39.08838
G01 X-15.39261 Y38.93560
G01 X-15.42492 Y38.83618
G01 X-15.45969 Y38.67258
G01 X-15.47061 Y38.56865
G01 X-15.47061 Y38.40139
G01 X-15.45969 Y38.29742
G01 X-15.42492 Y38.13385
G01 X-15.39261 Y38.03443
G01 X-15.32459 Y37.88165
G01 X-15.27231 Y37.79113
G01 X-15.17402 Y37.65582
G01 X-15.10406 Y37.57815
G01 X-14.97978 Y37.46623
G01 X-14.89522 Y37.40479
G01 X-14.75037 Y37.32117
G01 X-14.65489 Y37.27866
G01 X-14.49584 Y37.22697
G01 X-14.43952 Y37.21503
G01 X-13.11032 Y37.21503
G01 X-13.05416 Y37.22697
G01 X-12.89508 Y37.27866
G01 X-12.79960 Y37.32117
G01 X-12.65477 Y37.40479
G01 X-12.57019 Y37.46623
G01 X-12.44590 Y37.57815
G01 X-12.37595 Y37.65582
G01 X-12.27765 Y37.79113
G01 X-12.24075 Y37.85503
G01 X-11.16854 Y37.85503
G01 X-11.14568 Y37.81538
G01 X-11.08423 Y37.73083
G01 X-10.96531 Y37.59877
G01 X-10.88764 Y37.52882
G01 X-10.74387 Y37.42438
G01 X-10.65830 Y37.37502
G01 X-10.47502 Y37.33575
G01 X-10.38025 Y37.32069
G01 X-10.20255 Y37.30202
G01 X-10.11383 Y37.29735
G01 X-9.93613 Y37.29735
G01 X-9.84738 Y37.30202
G01 X-9.66968 Y37.32069
G01 X-9.57489 Y37.33575
G01 X-9.39155 Y37.37505
G01 X-9.17499 Y37.37502
G01 X-9.07743 Y37.36540
G01 X-8.98365 Y37.33695
G01 X-8.89719 Y37.29075
G01 X-8.82142 Y37.22857
G01 X-8.75925 Y37.15280
G01 X-8.71304 Y37.06636
G01 X-8.68459 Y36.97256
G01 X-8.67499 Y36.87502
G01 X-8.67499 Y35.17500
G01 X-8.68459 Y35.07747
G01 X-8.71304 Y34.98366
G01 X-8.75925 Y34.89723
G01 X-8.82142 Y34.82146
G01 X-8.89719 Y34.75928
G01 X-8.98365 Y34.71308
G01 X-9.07743 Y34.68463
G01 X-9.17499 Y34.67500
G01 X-10.87499 Y34.67500
G01 X-10.97253 Y34.68463
G01 X-11.06633 Y34.71308
G01 X-11.15276 Y34.75928
G01 X-11.22853 Y34.82146
G01 X-11.29071 Y34.89723
G01 X-11.33694 Y34.98366
G01 X-11.36539 Y35.07747
G01 X-11.37499 Y35.17500
G01 X-11.37499 Y35.31503
G01 X-12.24075 Y35.31503
G01 X-12.27765 Y35.25113
G01 X-12.37595 Y35.11582
G01 X-12.44590 Y35.03815
G01 X-12.57019 Y34.92623
G01 X-12.65477 Y34.86479
G01 X-12.79960 Y34.78117
G01 X-12.89508 Y34.73866
G01 X-13.05416 Y34.68697
G01 X-13.11032 Y34.67503
G01 X-14.43952 Y34.67503
G01 X-14.49584 Y34.68697
G01 X-14.65489 Y34.73866
G01 X-14.75037 Y34.78117
G01 X-14.89522 Y34.86479
G01 X-14.97978 Y34.92623
G01 X-15.10406 Y35.03815
G01 X-15.17402 Y35.11582
G01 X-15.27595 Y35.25742
G01 X-15.17402 Y35.11582
G01 X-15.10406 Y35.03815
G01 X-14.97978 Y34.92623
G01 X-14.89522 Y34.86479
G01 X-14.75037 Y34.78117
G01 X-14.65489 Y34.73866
G01 X-14.49584 Y34.68697
G01 X-14.43952 Y34.67503
G01 X-14.49584 Y34.66306
G01 X-14.65489 Y34.61138
G01 X-14.75037 Y34.56886
G01 X-14.89522 Y34.48524
G01 X-14.97978 Y34.42380
G01 X-15.10406 Y34.31188
G01 X-15.17402 Y34.23421
G01 X-15.27595 Y34.09261
G01 X-15.30137 Y33.99804
G01 X-15.33691 Y33.83081
G01 X-15.35126 Y33.74054
G01 X-15.36883 Y33.57330
G01 X-15.37328 Y33.48865
G01 X-15.37328 Y33.32141
G01 X-15.36883 Y33.23675
G01 X-15.35126 Y33.06952
G01 X-15.33693 Y32.97927
G01 X-15.30137 Y32.81201
G01 X-15.27595 Y32.71740
G01 X-15.17402 Y32.57582
G01 X-15.10406 Y32.49815
G01 X-14.97978 Y32.38623
G01 X-14.89522 Y32.32479
G01 X-14.75037 Y32.24117
G01 X-14.65489 Y32.19866
G01 X-14.49584 Y32.14697
G01 X-14.39357 Y32.12522
G01 X-14.22726 Y32.10775
G01 X-14.02494 Y32.10501
G01 X-14.02494 Y30.83158
G01 X-14.10419 Y30.77405
G01 X-14.18187 Y30.70409
G01 X-14.29378 Y30.57981
G01 X-14.35522 Y30.49523
G01 X-14.43884 Y30.35040
G01 X-14.48136 Y30.25492
G01 X-14.52497 Y30.12058
G01 X-14.52497 Y29.64217
G01 X-14.61864 Y29.37773
G01 X-14.71494 Y29.02703
G01 X-14.71496 Y25.37502
G01 X-14.87498 Y25.37502
G01 X-14.97254 Y25.36539
G01 X-15.06632 Y25.33695
G01 X-15.15278 Y25.29074
G01 X-15.22855 Y25.22857
G01 X-15.29073 Y25.15280
G01 X-15.33693 Y25.06636
G01 X-15.36538 Y24.97256
G01 X-15.37498 Y24.87502
G01 X-15.37493 Y24.65447
G01 X-15.34318 Y24.51543
G01 X-15.31504 Y24.33776
G01 X-15.30543 Y24.24673
G01 X-15.29611 Y24.06903
G01 X-15.29611 Y23.98102
G01 X-15.30543 Y23.80332
G01 X-15.31504 Y23.71229
G01 X-15.34318 Y23.53461
G01 X-15.37495 Y23.39552
G01 X-15.37498 Y23.17500
G01 X-15.36538 Y23.07746
G01 X-15.33693 Y22.98366
G01 X-15.29073 Y22.89723
G01 X-15.22855 Y22.82146
G01 X-15.15278 Y22.75928
G01 X-15.06632 Y22.71308
G01 X-14.97254 Y22.68463
G01 X-14.87498 Y22.67500
G01 X-13.17498 Y22.67500
G01 X-13.07745 Y22.68463
G01 X-12.98362 Y22.71308
G01 X-12.89718 Y22.75928
G01 X-12.82142 Y22.82146
G01 X-12.75926 Y22.89723
G01 X-12.71303 Y22.98366
G01 X-12.68459 Y23.07746
G01 X-12.67499 Y23.17500
G01 X-12.67499 Y24.87502
G01 X-12.68459 Y24.97256
G01 X-12.71303 Y25.06636
G01 X-12.75926 Y25.15280
G01 X-12.82142 Y25.22857
G01 X-12.89718 Y25.29074
G01 X-12.98362 Y25.33695
G01 X-13.07745 Y25.36539
G01 X-13.17498 Y25.37502
G01 X-13.21496 Y25.37502
G01 X-13.21496 Y28.47938
G01 X-13.08741 Y28.49033
G01 X-12.92383 Y28.52510
G01 X-12.82439 Y28.55739
G01 X-12.67161 Y28.62541
G01 X-12.58108 Y28.67768
G01 X-12.44580 Y28.77598
G01 X-12.36810 Y28.84593
G01 X-12.25619 Y28.97021
G01 X-12.19477 Y29.05480
G01 X-12.11111 Y29.19963
G01 X-12.06861 Y29.29511
G01 X-12.01692 Y29.45419
G01 X-11.99521 Y29.55642
G01 X-11.97770 Y29.72274
G01 X-11.97770 Y29.82729
G01 X-11.99521 Y29.99361
G01 X-12.01692 Y30.09584
G01 X-12.06861 Y30.25492
G01 X-12.11111 Y30.35040
G01 X-12.19477 Y30.49523
G01 X-12.25619 Y30.57981
G01 X-12.36810 Y30.70409
G01 X-12.44580 Y30.77405
G01 X-12.52497 Y30.83158
G01 X-12.52497 Y32.42695
G01 X-12.44590 Y32.49815
G01 X-12.37595 Y32.57582
G01 X-12.27765 Y32.71113
G01 X-12.22541 Y32.80165
G01 X-12.15733 Y32.95443
G01 X-12.12508 Y33.05385
G01 X-12.09028 Y33.21742
G01 X-12.07938 Y33.32139
G01 X-12.07938 Y33.48865
G01 X-12.09028 Y33.59258
G01 X-12.12508 Y33.75618
G01 X-12.15733 Y33.85560
G01 X-12.22541 Y34.00838
G01 X-12.27765 Y34.09891
G01 X-12.37595 Y34.23421
G01 X-12.44590 Y34.31188
G01 X-12.57019 Y34.42380
G01 X-12.65477 Y34.48524
G01 X-12.79960 Y34.56886
G01 X-12.89508 Y34.61138
G01 X-13.05416 Y34.66306
G01 X-13.11032 Y34.67503
G04 P0 ( dwell for no time -- G64 should not smooth over this point )
G00 Z2.00000 ( retract )
(Block-name: block)
(Block-expand: 0)
(Block-enable: 1)

G00 X-27.94996 Y30.50315 ( rapid move to begin. )
G01 F100.00000
( Mill infeed pass 1/1 )
G01 Z-0.10000
G04 P0 ( dwell for no time -- G64 should not smooth over this point )
G01 F200.00000
G01 X-27.94996 Y30.50315
G01 X-27.86652 Y30.53445
G01 X-27.82144 Y30.57146
G01 X-27.75926 Y30.64722
G01 X-27.71306 Y30.73366
G01 X-27.68458 Y30.82746
G01 X-27.67498 Y30.92502
G01 X-27.67498 Y32.62502
G01 X-27.68458 Y32.72256
G01 X-27.71306 Y32.81636
G01 X-27.75926 Y32.90279
G01 X-27.82144 Y32.97856
G01 X-27.89721 Y33.04074
G01 X-27.98364 Y33.08694
G01 X-28.07744 Y33.11542
G01 X-28.17498 Y33.12502
G01 X-28.27498 Y33.12502
G01 X-28.27498 Y34.67500
G01 X-28.17498 Y34.67500
G01 X-28.07744 Y34.68463
G01 X-27.98364 Y34.71308
G01 X-27.89721 Y34.75928
G01 X-27.82144 Y34.82146
G01 X-27.75926 Y34.89723
G01 X-27.71306 Y34.98366
G01 X-27.68458 Y35.07747
G01 X-27.67498 Y35.17500
G01 X-27.67498 Y35.31503
G01 X-22.92922 Y35.31503
G01 X-22.89231 Y35.25113
G01 X-22.79402 Y35.11582
G01 X-22.72406 Y35.03815
G01 X-22.59978 Y34.92623
G01 X-22.51522 Y34.86479
G01 X-22.37037 Y34.78117
G01 X-22.27489 Y34.73866
G01 X-22.11584 Y34.68697
G01 X-22.05952 Y34.67503
G01 X-21.84433 Y34.67500
G01 X-20.73032 Y34.67503
G01 X-20.67416 Y34.68697
G01 X-20.51510 Y34.73866
G01 X-20.41960 Y34.78117
G01 X-20.27477 Y34.86479
G01 X-20.19019 Y34.92623
G01 X-20.06590 Y35.03815
G01 X-19.99595 Y35.11582
G01 X-19.89765 Y35.25113
G01 X-19.84541 Y35.34165
G01 X-19.79496 Y35.45491
G01 X-19.76974 Y35.59911
G01 X-19.75216 Y35.76634
G01 X-19.74716 Y35.86141
G01 X-19.74716 Y36.02865
G01 X-19.75216 Y36.12372
G01 X-19.76974 Y36.29095
G01 X-19.79494 Y36.43507
G01 X-19.79496 Y37.64436
G01 X-19.91620 Y37.76560
G01 X-19.99595 Y37.65582
G01 X-20.06590 Y37.57815
G01 X-20.19019 Y37.46623
G01 X-20.27477 Y37.40479
G01 X-20.41960 Y37.32117
G01 X-20.51510 Y37.27866
G01 X-20.67416 Y37.22697
G01 X-20.73032 Y37.21503
G01 X-22.05952 Y37.21503
G01 X-22.11584 Y37.22697
G01 X-22.27489 Y37.27866
G01 X-22.37037 Y37.32117
G01 X-22.51522 Y37.40479
G01 X-22.59813 Y37.46502
G01 X-22.72406 Y37.57815
G01 X-22.79402 Y37.65582
G01 X-22.89231 Y37.79113
G01 X-22.92922 Y37.85503
G01 X-27.88143 Y37.85503
G01 X-27.90432 Y37.81538
G01 X-27.96576 Y37.73083
G01 X-28.08466 Y37.59877
G01 X-28.16233 Y37.52882
G01 X-28.30609 Y37.42438
G01 X-28.39720 Y37.37352
G01 X-28.57490 Y37.33575
G01 X-28.66970 Y37.32069
G01 X-28.84739 Y37.30202
G01 X-28.93614 Y37.29735
G01 X-29.11384 Y37.29735
G01 X-29.20256 Y37.30202
G01 X-29.38026 Y37.32069
G01 X-29.47505 Y37.33575
G01 X-29.65829 Y37.37502
G01 X-29.87498 Y37.37502
G01 X-29.97254 Y37.36540
G01 X-30.06634 Y37.33695
G01 X-30.15278 Y37.29075
G01 X-30.22854 Y37.22857
G01 X-30.29072 Y37.15280
G01 X-30.33693 Y37.06636
G01 X-30.36537 Y36.97256
G01 X-30.37498 Y36.87502
G01 X-30.37495 Y36.65448
G01 X-30.37498 Y36.87502
G01 X-30.36537 Y36.97256
G01 X-30.33693 Y37.06636
G01 X-30.29072 Y37.15280
G01 X-30.22854 Y37.22857
G01 X-30.15278 Y37.29075
G01 X-30.06634 Y37.33695
G01 X-29.97254 Y37.36540
G01 X-29.87498 Y37.37502
G01 X-29.65829 Y37.37502
G01 X-29.74389 Y37.42438
G01 X-29.88765 Y37.52882
G01 X-29.96532 Y37.59877
G01 X-30.08422 Y37.73083
G01 X-30.14566 Y37.81538
G01 X-30.23451 Y37.96928
G01 X-30.27703 Y38.06479
G01 X-30.29497 Y38.11998
G01 X-30.29497 Y39.00992
G01 X-30.27703 Y39.06524
G01 X-30.23451 Y39.16074
G01 X-30.14566 Y39.31462
G01 X-30.08422 Y39.39920
G01 X-29.96532 Y39.53125
G01 X-29.88765 Y39.60121
G01 X-29.74389 Y39.70565
G01 X-29.65336 Y39.75790
G01 X-29.49103 Y39.83019
G01 X-29.39161 Y39.86250
G01 X-29.21780 Y39.89943
G01 X-29.11384 Y39.91035
G01 X-28.93614 Y39.91035
G01 X-28.83218 Y39.89943
G01 X-28.65837 Y39.86250
G01 X-28.55895 Y39.83019
G01 X-28.39662 Y39.75790
G01 X-28.30609 Y39.70565
G01 X-28.16233 Y39.60121
G01 X-28.08466 Y39.53125
G01 X-27.96576 Y39.39920
G01 X-27.93365 Y39.35503
G01 X-22.75726 Y39.35503
G01 X-22.72406 Y39.39188
G01 X-22.59978 Y39.50380
G01 X-22.51522 Y39.56524
G01 X-22.37037 Y39.64886
G01 X-22.27489 Y39.69138
G01 X-22.11584 Y39.74306
G01 X-22.05952 Y39.75503
G01 X-20.73037 Y39.75503
G01 X-20.67416 Y39.74306
G01 X-20.51510 Y39.69138
G01 X-20.41960 Y39.64886
G01 X-20.27477 Y39.56524
G01 X-20.19019 Y39.50380
G01 X-20.06590 Y39.39188
G01 X-20.03273 Y39.35503
G01 X-19.69499 Y39.35503
G01 X-19.60327 Y39.34843
G01 X-19.69499 Y39.35503
G01 X-20.03273 Y39.35503
G01 X-20.06590 Y39.39188
G01 X-20.19019 Y39.50380
G01 X-20.27477 Y39.56524
G01 X-20.41960 Y39.64886
G01 X-20.51510 Y39.69138
G01 X-20.67416 Y39.74306
G01 X-20.73037 Y39.75503
G01 X-20.67416 Y39.76697
G01 X-20.51510 Y39.81866
G01 X-20.41960 Y39.86117
G01 X-20.27477 Y39.94479
G01 X-20.23128 Y39.97639
G01 X-19.60327 Y39.34843
G01 X-19.51005 Y39.29902
G01 X-19.39222 Y39.22333
G01 X-19.28727 Y39.14035
G01 X-19.22105 Y39.07896
G01 X-18.57104 Y38.42895
G01 X-18.50964 Y38.36275
G01 X-18.42666 Y38.25777
G01 X-18.37693 Y38.18328
G01 X-18.30154 Y38.04665
G01 X-16.77597 Y36.52107
G01 X-16.77597 Y30.59957
G01 X-16.85522 Y30.49523
G01 X-16.93883 Y30.35040
G01 X-16.98135 Y30.25492
G01 X-17.03304 Y30.09584
G01 X-17.05476 Y29.99361
G01 X-17.07226 Y29.82729
G01 X-17.07226 Y29.72274
G01 X-17.06583 Y29.66165
G01 X-17.09934 Y29.62111
G01 X-17.15379 Y29.53961
G01 X-17.17688 Y29.49640
G01 X-17.21440 Y29.40582
G01 X-17.22862 Y29.35894
G01 X-17.24775 Y29.26280
G01 X-17.25255 Y29.21403
G01 X-17.25496 Y25.18234
G01 X-17.28389 Y25.16565
G01 X-17.42763 Y25.06120
G01 X-17.50533 Y24.99125
G01 X-17.62423 Y24.85920
G01 X-17.68567 Y24.77464
G01 X-17.77452 Y24.62074
G01 X-17.81704 Y24.52524
G01 X-17.83497 Y24.46992
G01 X-17.83497 Y23.57998
G01 X-17.81704 Y23.52478
G01 X-17.77452 Y23.42928
G01 X-17.68567 Y23.27541
G01 X-17.62423 Y23.19082
G01 X-17.50533 Y23.05877
G01 X-17.42763 Y22.98882
G01 X-17.28389 Y22.88437
G01 X-17.25496 Y22.86769
G01 X-17.25496 Y14.85569
G01 X-18.66301 Y13.44764
G01 X-18.69136 Y13.45064
G01 X-18.85862 Y13.45064
G01 X-18.96258 Y13.43971
G01 X-19.12615 Y13.40494
G01 X-19.22557 Y13.37263
G01 X-19.37835 Y13.30461
G01 X-19.46888 Y13.25234
G01 X-19.60418 Y13.15404
G01 X-19.68185 Y13.08409
G01 X-19.73504 Y13.02503
G01 X-21.06494 Y13.02503
G01 X-21.11810 Y13.08409
G01 X-21.19580 Y13.15404
G01 X-21.33110 Y13.25234
G01 X-21.42163 Y13.30461
G01 X-21.57441 Y13.37263
G01 X-21.67382 Y13.40494
G01 X-21.83740 Y13.43971
G01 X-21.94136 Y13.45064
G01 X-22.10862 Y13.45064
G01 X-22.21256 Y13.43971
G01 X-22.37616 Y13.40494
G01 X-22.47558 Y13.37263
G01 X-22.62836 Y13.30461
G01 X-22.71888 Y13.25234
G01 X-22.85419 Y13.15404
G01 X-22.93186 Y13.08409
G01 X-23.04377 Y12.95981
G01 X-23.10522 Y12.87525
G01 X-23.18883 Y12.73039
G01 X-23.23135 Y12.63491
G01 X-23.28304 Y12.47586
G01 X-23.30476 Y12.37360
G01 X-23.32226 Y12.20728
G01 X-23.32226 Y12.10276
G01 X-23.30476 Y11.93641
G01 X-23.28304 Y11.83418
G01 X-23.23135 Y11.67513
G01 X-23.18883 Y11.57962
G01 X-23.10522 Y11.43479
G01 X-23.04377 Y11.35021
G01 X-22.93186 Y11.22593
G01 X-22.85419 Y11.15600
G01 X-22.71888 Y11.05768
G01 X-22.62836 Y11.00543
G01 X-22.47558 Y10.93738
G01 X-22.37616 Y10.90510
G01 X-22.21256 Y10.87033
G01 X-22.10862 Y10.85940
G01 X-21.94136 Y10.85940
G01 X-21.83740 Y10.87033
G01 X-21.67382 Y10.90510
G01 X-21.57441 Y10.93738
G01 X-21.42163 Y11.00543
G01 X-21.33110 Y11.05768
G01 X-21.19580 Y11.15600
G01 X-21.11810 Y11.22593
G01 X-21.00621 Y11.35021
G01 X-20.94477 Y11.43479
G01 X-20.89265 Y11.52504
G01 X-19.90733 Y11.52504
G01 X-19.85521 Y11.43479
G01 X-19.79377 Y11.35021
G01 X-19.68185 Y11.22593
G01 X-19.60418 Y11.15600
G01 X-19.46888 Y11.05768
G01 X-19.37835 Y11.00543
G01 X-19.22557 Y10.93738
G01 X-19.12615 Y10.90510
G01 X-18.96258 Y10.87033
G01 X-18.85862 Y10.85940
G01 X-18.69136 Y10.85940
G01 X-18.58742 Y10.87033
G01 X-18.42382 Y10.90510
G01 X-18.32440 Y10.93738
G01 X-18.17162 Y11.00543
G01 X-18.08110 Y11.05768
G01 X-17.94579 Y11.15600
G01 X-17.86812 Y11.22593
G01 X-17.75620 Y11.35021
G01 X-17.69476 Y11.43479
G01 X-17.61115 Y11.57962
G01 X-17.56863 Y11.67513
G01 X-17.51694 Y11.83418
G01 X-17.49522 Y11.93641
G01 X-17.47772 Y12.10276
G01 X-17.47772 Y12.20728
G01 X-17.49522 Y12.37360
G01 X-17.51633 Y12.47302
G01 X-5.49463 Y24.49468
G01 X-5.43060 Y24.56893
G01 X-5.37614 Y24.65044
G01 X-5.35305 Y24.69364
G01 X-5.31554 Y24.78422
G01 X-5.30131 Y24.83111
G01 X-5.28219 Y24.92724
G01 X-5.27497 Y25.02501
G01 X-5.27497 Y33.09845
G01 X-5.19578 Y33.15598
G01 X-5.11810 Y33.22593
G01 X-5.00619 Y33.35022
G01 X-4.94475 Y33.43477
G01 X-4.86113 Y33.57963
G01 X-4.81861 Y33.67511
G01 X-4.76695 Y33.83419
G01 X-4.74521 Y33.93642
G01 X-4.72773 Y34.10274
G01 X-4.72773 Y34.20729
G01 X-4.74521 Y34.37361
G01 X-4.76695 Y34.47584
G01 X-4.81861 Y34.63492
G01 X-4.86113 Y34.73040
G01 X-4.94475 Y34.87523
G01 X-5.00619 Y34.95981
G01 X-5.11810 Y35.08410
G01 X-5.19578 Y35.15405
G01 X-5.33108 Y35.25234
G01 X-5.42161 Y35.30462
G01 X-5.57442 Y35.37264
G01 X-5.67381 Y35.40492
G01 X-5.83741 Y35.43970
G01 X-5.94137 Y35.45064
G01 X-6.10860 Y35.45064
G01 X-6.21257 Y35.43970
G01 X-6.37617 Y35.40492
G01 X-6.47556 Y35.37264
G01 X-6.62836 Y35.30462
G01 X-6.71889 Y35.25234
G01 X-6.85419 Y35.15405
G01 X-6.93187 Y35.08410
G01 X-7.04378 Y34.95981
G01 X-7.10522 Y34.87523
G01 X-7.18884 Y34.73040
G01 X-7.23136 Y34.63492
G01 X-7.28302 Y34.47584
G01 X-7.30477 Y34.37361
G01 X-7.32224 Y34.20729
G01 X-7.32224 Y34.10274
G01 X-7.30477 Y33.93642
G01 X-7.28302 Y33.83419
G01 X-7.23136 Y33.67511
G01 X-7.18884 Y33.57963
G01 X-7.10522 Y33.43477
G01 X-7.04378 Y33.35022
G01 X-6.93187 Y33.22593
G01 X-6.85419 Y33.15598
G01 X-6.77497 Y33.09845
G01 X-6.77497 Y25.33568
G01 X-15.75496 Y16.35568
G01 X-15.75496 Y22.95059
G01 X-15.70234 Y22.98882
G01 X-15.62466 Y23.05877
G01 X-15.50574 Y23.19082
G01 X-15.44432 Y23.27541
G01 X-15.37495 Y23.39552
G01 X-15.34318 Y23.53461
G01 X-15.31504 Y23.71229
G01 X-15.30543 Y23.80332
G01 X-15.29611 Y23.98102
G01 X-15.29611 Y24.06903
G01 X-15.30543 Y24.24673
G01 X-15.31504 Y24.33776
G01 X-15.34318 Y24.51543
G01 X-15.37493 Y24.65447
G01 X-15.44432 Y24.77464
G01 X-15.50574 Y24.85920
G01 X-15.62466 Y24.99125
G01 X-15.70234 Y25.06120
G01 X-15.75496 Y25.09943
G01 X-15.75496 Y28.47938
G01 X-15.69136 Y28.47938
G01 X-15.58740 Y28.49033
G01 X-15.42382 Y28.52510
G01 X-15.32441 Y28.55739
G01 X-15.17163 Y28.62541
G01 X-15.08110 Y28.67768
G01 X-14.94580 Y28.77598
G01 X-14.86810 Y28.84593
G01 X-14.75621 Y28.97021
G01 X-14.71494 Y29.02703
G01 X-14.61864 Y29.37773
G01 X-14.52497 Y29.64217
G01 X-14.52497 Y30.12058
G01 X-14.56863 Y30.25492
G01 X-14.61113 Y30.35040
G01 X-14.69477 Y30.49523
G01 X-14.75621 Y30.57981
G01 X-14.86810 Y30.70409
G01 X-14.94580 Y30.77405
G01 X-15.08110 Y30.87234
G01 X-15.17163 Y30.92462
G01 X-15.27597 Y30.97107
G01 X-15.27595 Y32.71740
G01 X-15.30137 Y32.81201
G01 X-15.33693 Y32.97927
G01 X-15.35126 Y33.06952
G01 X-15.36883 Y33.23675
G01 X-15.37328 Y33.32141
G01 X-15.37328 Y33.48865
G01 X-15.36883 Y33.57330
G01 X-15.35126 Y33.74054
G01 X-15.33691 Y33.83081
G01 X-15.30137 Y33.99804
G01 X-15.27595 Y34.09261
G01 X-15.27595 Y35.25742
G01 X-15.30137 Y35.35201
G01 X-15.33693 Y35.51927
G01 X-15.35126 Y35.60952
G01 X-15.36883 Y35.77675
G01 X-15.37328 Y35.86141
G01 X-15.37328 Y36.02865
G01 X-15.36883 Y36.11330
G01 X-15.35126 Y36.28054
G01 X-15.33691 Y36.37081
G01 X-15.30137 Y36.53804
G01 X-15.27595 Y36.63261
G01 X-15.17402 Y36.77421
G01 X-15.10406 Y36.85188
G01 X-14.97978 Y36.96380
G01 X-14.89522 Y37.02524
G01 X-14.75037 Y37.10886
G01 X-14.65489 Y37.15138
G01 X-14.49584 Y37.20306
G01 X-14.43952 Y37.21503
G01 X-14.49584 Y37.20306
G01 X-14.65489 Y37.15138
G01 X-14.75037 Y37.10886
G01 X-14.89522 Y37.02524
G01 X-14.97978 Y36.96380
G01 X-15.10406 Y36.85188
G01 X-15.17402 Y36.77421
G01 X-15.27595 Y36.63261
G01 X-15.27838 Y36.88074
G01 X-15.28318 Y36.92951
G01 X-15.30231 Y37.02565
G01 X-15.31653 Y37.07253
G01 X-15.35405 Y37.16311
G01 X-15.37714 Y37.20632
G01 X-15.43160 Y37.28782
G01 X-15.49563 Y37.36207
G01 X-19.80893 Y41.67537
G01 X-19.88318 Y41.73940
G01 X-19.94025 Y41.77755
G01 X-19.99595 Y41.85421
G01 X-20.06590 Y41.93188
G01 X-20.19019 Y42.04380
G01 X-20.27477 Y42.10524
G01 X-20.41960 Y42.18886
G01 X-20.51510 Y42.23138
G01 X-20.67416 Y42.28306
G01 X-20.77639 Y42.30478
G01 X-20.94271 Y42.32228
G01 X-20.99498 Y42.32500
G01 X-21.79498 Y42.32500
G01 X-22.01357 Y42.30478
G01 X-22.11584 Y42.28306
G01 X-22.27489 Y42.23138
G01 X-22.37037 Y42.18886
G01 X-22.51522 Y42.10524
G01 X-22.59978 Y42.04380
G01 X-22.72406 Y41.93188
G01 X-22.79402 Y41.85421
G01 X-22.89231 Y41.71891
G01 X-22.94459 Y41.62838
G01 X-23.01261 Y41.47560
G01 X-23.04492 Y41.37618
G01 X-23.07969 Y41.21258
G01 X-23.09061 Y41.10865
G01 X-23.09061 Y40.94139
G01 X-23.07969 Y40.83742
G01 X-23.04492 Y40.67385
G01 X-23.01261 Y40.57443
G01 X-22.94459 Y40.42165
G01 X-22.89231 Y40.33113
G01 X-22.79402 Y40.19582
G01 X-22.72406 Y40.11815
G01 X-22.59978 Y40.00623
G01 X-22.51522 Y39.94479
G01 X-22.37037 Y39.86117
G01 X-22.27489 Y39.81866
G01 X-22.11584 Y39.76697
G01 X-22.05952 Y39.75503
G01 X-20.73037 Y39.75503
G01 X-20.67416 Y39.74306
G01 X-20.51510 Y39.69138
G01 X-20.41960 Y39.64886
G01 X-20.27477 Y39.56524
G01 X-20.19019 Y39.50380
G01 X-20.06590 Y39.39188
G01 X-20.03273 Y39.35503
G01 X-19.69499 Y39.35503
G01 X-19.60327 Y39.34843
G01 X-19.46672 Y39.27306
G01 X-19.39222 Y39.22333
G01 X-19.28727 Y39.14035
G01 X-19.22105 Y39.07896
G01 X-18.57104 Y38.42895
G01 X-18.50964 Y38.36275
G01 X-18.42666 Y38.25777
G01 X-18.35097 Y38.13994
G01 X-18.30154 Y38.04665
G01 X-18.29496 Y37.95501
G01 X-18.29496 Y25.09943
G01 X-18.24234 Y25.06120
G01 X-18.16466 Y24.99125
G01 X-18.04574 Y24.85920
G01 X-17.98432 Y24.77464
G01 X-17.89547 Y24.62074
G01 X-17.85295 Y24.52524
G01 X-17.83497 Y24.46992
G01 X-17.83497 Y23.57998
G01 X-17.85295 Y23.52478
G01 X-17.89547 Y23.42928
G01 X-17.98432 Y23.27541
G01 X-18.02499 Y23.21940
G01 X-18.02499 Y20.83157
G01 X-17.94579 Y20.77404
G01 X-17.86812 Y20.70409
G01 X-17.75620 Y20.57981
G01 X-17.69476 Y20.49525
G01 X-17.61115 Y20.35039
G01 X-17.56863 Y20.25491
G01 X-17.51694 Y20.09586
G01 X-17.49522 Y19.99360
G01 X-17.47772 Y19.82728
G01 X-17.47772 Y19.72276
G01 X-17.49522 Y19.55641
G01 X-17.51694 Y19.45418
G01 X-17.56863 Y19.29513
G01 X-17.61115 Y19.19962
G01 X-17.69476 Y19.05479
G01 X-17.75620 Y18.97021
G01 X-17.86812 Y18.84593
G01 X-17.94579 Y18.77600
G01 X-18.08110 Y18.67768
G01 X-18.17162 Y18.62543
G01 X-18.32440 Y18.55738
G01 X-18.42382 Y18.52510
G01 X-18.58742 Y18.49033
G01 X-18.69136 Y18.47940
G01 X-18.85862 Y18.47940
G01 X-18.96258 Y18.49033
G01 X-19.12615 Y18.52510
G01 X-19.22557 Y18.55738
G01 X-19.37835 Y18.62543
G01 X-19.46888 Y18.67768
G01 X-19.60418 Y18.77600
G01 X-19.68185 Y18.84593
G01 X-19.79377 Y18.97021
G01 X-19.85521 Y19.05479
G01 X-19.93883 Y19.19962
G01 X-19.98135 Y19.29513
G01 X-20.03304 Y19.45418
G01 X-20.05478 Y19.55641
G01 X-20.07225 Y19.72276
G01 X-20.07225 Y19.82728
G01 X-20.05478 Y19.99360
G01 X-20.03304 Y20.09586
G01 X-19.98135 Y20.25491
G01 X-19.93883 Y20.35039
G01 X-19.85521 Y20.49525
G01 X-19.79377 Y20.57981
G01 X-19.68185 Y20.70409
G01 X-19.60418 Y20.77404
G01 X-19.52498 Y20.83157
G01 X-19.52498 Y22.74488
G01 X-19.57101 Y22.75984
G01 X-19.73337 Y22.83213
G01 X-19.82389 Y22.88437
G01 X-19.96763 Y22.98882
G01 X-20.04533 Y23.05877
G01 X-20.16423 Y23.19082
G01 X-20.22567 Y23.27541
G01 X-20.31452 Y23.42928
G01 X-20.35704 Y23.52478
G01 X-20.37497 Y23.58000
G01 X-20.37497 Y24.46992
G01 X-20.35704 Y24.52524
G01 X-20.31452 Y24.62074
G01 X-20.22567 Y24.77464
G01 X-20.16423 Y24.85920
G01 X-20.04533 Y24.99125
G01 X-19.96763 Y25.06120
G01 X-19.82389 Y25.16565
G01 X-19.79496 Y25.18234
G01 X-19.79496 Y32.91491
G01 X-19.76974 Y33.05911
G01 X-19.75216 Y33.22634
G01 X-19.74716 Y33.32141
G01 X-19.74716 Y33.48865
G01 X-19.75216 Y33.58372
G01 X-19.76974 Y33.75095
G01 X-19.79494 Y33.89507
G01 X-19.79496 Y35.45491
G01 X-19.76974 Y35.59911
G01 X-19.75216 Y35.76634
G01 X-19.74716 Y35.86141
G01 X-19.74716 Y36.02865
G01 X-19.75216 Y36.12372
G01 X-19.76974 Y36.29095
G01 X-19.78577 Y36.39187
G01 X-19.79494 Y36.43507
G01 X-19.84541 Y36.54838
G01 X-19.89765 Y36.63891
G01 X-19.99595 Y36.77421
G01 X-20.06590 Y36.85188
G01 X-20.19019 Y36.96380
G01 X-20.27477 Y37.02524
G01 X-20.41960 Y37.10886
G01 X-20.51510 Y37.15138
G01 X-20.67416 Y37.20306
G01 X-20.73032 Y37.21503
G01 X-22.05952 Y37.21503
G01 X-22.11584 Y37.20306
G01 X-22.27489 Y37.15138
G01 X-22.37037 Y37.10886
G01 X-22.51522 Y37.02524
G01 X-22.59978 Y36.96380
G01 X-22.72406 Y36.85188
G01 X-22.75726 Y36.81503
G01 X-27.67498 Y36.81503
G01 X-27.67498 Y36.87502
G01 X-27.68458 Y36.97256
G01 X-27.71306 Y37.06636
G01 X-27.75926 Y37.15280
G01 X-27.82144 Y37.22857
G01 X-27.89721 Y37.29075
G01 X-27.98364 Y37.33695
G01 X-28.07744 Y37.36540
G01 X-28.17498 Y37.37502
G01 X-28.39154 Y37.37505
G01 X-28.57490 Y37.33575
G01 X-28.66970 Y37.32069
G01 X-28.84739 Y37.30202
G01 X-28.93614 Y37.29735
G01 X-29.11384 Y37.29735
G01 X-29.20256 Y37.30202
G01 X-29.38026 Y37.32069
G01 X-29.47505 Y37.33575
G01 X-29.65829 Y37.37502
G01 X-29.87498 Y37.37502
G01 X-29.97254 Y37.36540
G01 X-30.06634 Y37.33695
G01 X-30.15278 Y37.29075
G01 X-30.18732 Y37.26240
G01 X-30.22854 Y37.22857
G01 X-30.29072 Y37.15280
G01 X-30.33693 Y37.06636
G01 X-30.36537 Y36.97256
G01 X-30.37498 Y36.87502
G01 X-30.37495 Y36.65448
G01 X-30.34315 Y36.51539
G01 X-30.31503 Y36.33771
G01 X-30.30546 Y36.24681
G01 X-30.29613 Y36.06908
G01 X-30.29613 Y35.98097
G01 X-30.30546 Y35.80325
G01 X-30.31503 Y35.71234
G01 X-30.34315 Y35.53467
G01 X-30.37495 Y35.39552
G01 X-30.44432 Y35.27538
G01 X-30.50576 Y35.19083
G01 X-30.62466 Y35.05877
G01 X-30.70233 Y34.98882
G01 X-30.81498 Y34.90698
G01 X-30.81498 Y32.89304
G01 X-30.70233 Y32.81120
G01 X-30.62466 Y32.74125
G01 X-30.50576 Y32.60920
G01 X-30.44432 Y32.52464
G01 X-30.37495 Y32.40447
G01 X-30.34315 Y32.26538
G01 X-30.31503 Y32.08771
G01 X-30.30546 Y31.99680
G01 X-30.29613 Y31.81908
G01 X-30.29613 Y31.73097
G01 X-30.30546 Y31.55324
G01 X-30.31503 Y31.46233
G01 X-30.34315 Y31.28466
G01 X-30.37495 Y31.14552
G01 X-30.37498 Y30.92502
G01 X-30.36537 Y30.82746
G01 X-30.33693 Y30.73366
G01 X-30.29072 Y30.64722
G01 X-30.22854 Y30.57146
G01 X-30.17081 Y30.52502
G01 X-30.22854 Y30.57146
G01 X-30.29072 Y30.64722
G01 X-30.33693 Y30.73366
G01 X-30.36537 Y30.82746
G01 X-30.37498 Y30.92502
G01 X-30.37495 Y31.14552
G01 X-30.44432 Y31.02540
G01 X-30.50576 Y30.94082
G01 X-30.62466 Y30.80877
G01 X-30.70233 Y30.73884
G01 X-30.84609 Y30.63437
G01 X-30.93662 Y30.58212
G01 X-31.06481 Y30.52505
G01 X-31.20340 Y30.50102
G01 X-31.38107 Y30.48235
G01 X-31.47612 Y30.47737
G01 X-31.65381 Y30.47737
G01 X-31.74889 Y30.48235
G01 X-31.95145 Y30.50397
G01 X-32.16458 Y30.64679
G01 X-32.23540 Y30.70110
G01 X-32.37093 Y30.81684
G01 X-32.43199 Y30.87481
G01 X-32.55437 Y31.00374
G01 X-32.61010 Y31.06904
G01 X-32.71922 Y31.21123
G01 X-32.77271 Y31.28916
G01 X-32.87472 Y31.45703
G01 X-32.89366 Y31.54603
G01 X-32.91226 Y31.72276
G01 X-32.91226 Y31.82728
G01 X-32.89366 Y32.00399
G01 X-32.87195 Y32.10625
G01 X-32.81703 Y32.27524
G01 X-32.77451 Y32.37074
G01 X-32.68566 Y32.52464
G01 X-32.62422 Y32.60920
G01 X-32.50532 Y32.74125
G01 X-32.42765 Y32.81120
G01 X-32.31498 Y32.89304
G01 X-32.31498 Y34.90698
G01 X-32.42765 Y34.98882
G01 X-32.50532 Y35.05877
G01 X-32.62422 Y35.19083
G01 X-32.68566 Y35.27538
G01 X-32.77451 Y35.42928
G01 X-32.81703 Y35.52479
G01 X-32.83497 Y35.58000
G01 X-32.83497 Y36.46992
G01 X-32.81703 Y36.52524
G01 X-32.77451 Y36.62074
G01 X-32.68566 Y36.77462
G01 X-32.62422 Y36.85920
G01 X-32.50532 Y36.99125
G01 X-32.42765 Y37.06121
G01 X-32.28389 Y37.16565
G01 X-32.19336 Y37.21790
G01 X-32.01612 Y37.29501
G01 X-31.11379 Y37.29504
G01 X-30.93662 Y37.37213
G01 X-30.84609 Y37.42438
G01 X-30.70233 Y37.52882
G01 X-30.62466 Y37.59877
G01 X-30.50576 Y37.73083
G01 X-30.44432 Y37.81538
G01 X-30.35547 Y37.96928
G01 X-30.31295 Y38.06479
G01 X-30.29497 Y38.11998
G01 X-30.29497 Y39.00992
G01 X-30.31295 Y39.06524
G01 X-30.35547 Y39.16074
G01 X-30.44432 Y39.31462
G01 X-30.50576 Y39.39920
G01 X-30.62466 Y39.53125
G01 X-30.70233 Y39.60121
G01 X-30.81498 Y39.68304
G01 X-30.81498 Y41.93841
G01 X-30.73365 Y41.96308
G01 X-30.64721 Y42.00928
G01 X-30.57144 Y42.07146
G01 X-30.50924 Y42.14723
G01 X-30.46304 Y42.23366
G01 X-30.43459 Y42.32746
G01 X-30.42499 Y42.42500
G01 X-30.42499 Y44.12502
G01 X-30.43459 Y44.22256
G01 X-30.46304 Y44.31636
G01 X-30.50924 Y44.40280
G01 X-30.57144 Y44.47856
G01 X-30.64721 Y44.54074
G01 X-30.73365 Y44.58695
G01 X-30.82745 Y44.61539
G01 X-30.92499 Y44.62502
G01 X-32.62498 Y44.62502
G01 X-32.72252 Y44.61539
G01 X-32.81632 Y44.58695
G01 X-32.90278 Y44.54074
G01 X-32.97855 Y44.47856
G01 X-33.04073 Y44.40280
G01 X-33.08693 Y44.31636
G01 X-33.11538 Y44.22256
G01 X-33.12498 Y44.12502
G01 X-33.12496 Y43.90450
G01 X-33.09318 Y43.76543
G01 X-33.06504 Y43.58776
G01 X-33.05544 Y43.49673
G01 X-33.04612 Y43.31903
G01 X-33.04612 Y43.23102
G01 X-33.05544 Y43.05332
G01 X-33.06504 Y42.96229
G01 X-33.09318 Y42.78461
G01 X-33.12496 Y42.64550
G01 X-33.19430 Y42.52541
G01 X-33.25574 Y42.44082
G01 X-33.35498 Y42.33061
G01 X-33.35498 Y39.68304
G01 X-33.24233 Y39.60121
G01 X-33.16466 Y39.53125
G01 X-33.04576 Y39.39920
G01 X-32.98432 Y39.31462
G01 X-32.89547 Y39.16074
G01 X-32.85295 Y39.06524
G01 X-32.83497 Y39.00992
G01 X-32.83497 Y38.12000
G01 X-32.81703 Y38.06479
G01 X-32.77451 Y37.96928
G01 X-32.68566 Y37.81538
G01 X-32.62422 Y37.73083
G01 X-32.50532 Y37.59877
G01 X-32.42765 Y37.52882
G01 X-32.28389 Y37.42438
G01 X-32.19336 Y37.37213
G01 X-32.01612 Y37.29501
G01 X-31.11379 Y37.29504
G01 X-30.93662 Y37.21790
G01 X-30.84609 Y37.16565
G01 X-30.70233 Y37.06121
G01 X-30.62466 Y36.99125
G01 X-30.50576 Y36.85920
G01 X-30.44432 Y36.77462
G01 X-30.37495 Y36.65448
G01 X-30.34315 Y36.51539
G01 X-30.31503 Y36.33771
G01 X-30.30546 Y36.24681
G01 X-30.29613 Y36.06908
G01 X-30.29613 Y35.98097
G01 X-30.30546 Y35.80325
G01 X-30.31503 Y35.71234
G01 X-30.34315 Y35.53467
G01 X-30.37495 Y35.39552
G01 X-30.37498 Y35.17500
G01 X-30.36537 Y35.07747
G01 X-30.33693 Y34.98366
G01 X-30.29072 Y34.89723
G01 X-30.22854 Y34.82146
G01 X-30.15278 Y34.75928
G01 X-30.06634 Y34.71308
G01 X-29.97254 Y34.68463
G01 X-29.87498 Y34.67500
G01 X-29.77498 Y34.67500
G01 X-29.77498 Y33.12502
G01 X-29.87498 Y33.12502
G01 X-29.97254 Y33.11542
G01 X-30.06634 Y33.08694
G01 X-30.15278 Y33.04074
G01 X-30.22854 Y32.97856
G01 X-30.29072 Y32.90279
G01 X-30.33693 Y32.81636
G01 X-30.36537 Y32.72256
G01 X-30.37498 Y32.62502
G01 X-30.37495 Y32.40447
G01 X-30.34315 Y32.26538
G01 X-30.31503 Y32.08771
G01 X-30.30546 Y31.99680
G01 X-30.29613 Y31.81908
G01 X-30.29613 Y31.73097
G01 X-30.30546 Y31.55324
G01 X-30.31503 Y31.46233
G01 X-30.34315 Y31.28466
G01 X-30.37495 Y31.14552
G01 X-30.44432 Y31.02540
G01 X-30.50576 Y30.94082
G01 X-30.62466 Y30.80877
G01 X-30.70233 Y30.73884
G01 X-30.84609 Y30.63437
G01 X-30.93662 Y30.58212
G01 X-31.06481 Y30.52505
G01 X-30.17081 Y30.52502
G01 X-30.03172 Y30.48868
G01 X-29.87498 Y30.47504
G01 X-28.17498 Y30.47504
G01 X-27.94996 Y30.50315
G01 X-27.89167 Y30.52502
G01 X-22.33496 Y30.52502
G01 X-22.33496 Y32.22540
G01 X-22.37037 Y32.24117
G01 X-22.51522 Y32.32479
G01 X-22.59978 Y32.38623
G01 X-22.72406 Y32.49815
G01 X-22.79402 Y32.57582
G01 X-22.89231 Y32.71113
G01 X-22.94459 Y32.80165
G01 X-23.01261 Y32.95443
G01 X-23.04492 Y33.05385
G01 X-23.07969 Y33.21742
G01 X-23.09061 Y33.32139
G01 X-23.09061 Y33.48865
G01 X-23.07969 Y33.59258
G01 X-23.04492 Y33.75618
G01 X-23.01261 Y33.85560
G01 X-22.94459 Y34.00838
G01 X-22.89231 Y34.09891
G01 X-22.79402 Y34.23421
G01 X-22.72406 Y34.31188
G01 X-22.59978 Y34.42380
G01 X-22.51522 Y34.48524
G01 X-22.37037 Y34.56886
G01 X-22.27489 Y34.61138
G01 X-22.11584 Y34.66306
G01 X-22.05952 Y34.67503
G01 X-20.73032 Y34.67503
G01 X-20.67416 Y34.66306
G01 X-20.51510 Y34.61138
G01 X-20.41960 Y34.56886
G01 X-20.27477 Y34.48524
G01 X-20.19019 Y34.42380
G01 X-20.06590 Y34.31188
G01 X-19.99595 Y34.23421
G01 X-19.89765 Y34.09891
G01 X-19.84541 Y34.00838
G01 X-19.79494 Y33.89507
G01 X-19.76974 Y33.75095
G01 X-19.75216 Y33.58372
G01 X-19.74716 Y33.48865
G01 X-19.74716 Y33.32141
G01 X-19.75216 Y33.22634
G01 X-19.76974 Y33.05911
G01 X-19.79496 Y32.91491
G01 X-19.84541 Y32.80165
G01 X-19.89765 Y32.71113
G01 X-19.99595 Y32.57582
G01 X-20.06590 Y32.49815
G01 X-20.19019 Y32.38623
G01 X-20.27477 Y32.32479
G01 X-20.41960 Y32.24117
G01 X-20.51510 Y32.19866
G01 X-20.67416 Y32.14697
G01 X-20.77639 Y32.12522
G01 X-20.83496 Y32.11908
G01 X-20.83496 Y25.09943
G01 X-20.78234 Y25.06120
G01 X-20.70466 Y24.99125
G01 X-20.58574 Y24.85920
G01 X-20.52432 Y24.77464
G01 X-20.43547 Y24.62074
G01 X-20.39295 Y24.52524
G01 X-20.37497 Y24.46992
G01 X-20.37497 Y23.58000
G01 X-20.39295 Y23.52478
G01 X-20.43547 Y23.42928
G01 X-20.52432 Y23.27541
G01 X-20.58574 Y23.19082
G01 X-20.70466 Y23.05877
G01 X-20.78234 Y22.98882
G01 X-20.92610 Y22.88437
G01 X-21.01662 Y22.83213
G01 X-21.17896 Y22.75984
G01 X-21.27497 Y22.72865
G01 X-21.27497 Y20.83157
G01 X-21.19580 Y20.77404
G01 X-21.11810 Y20.70409
G01 X-21.00621 Y20.57981
G01 X-20.94477 Y20.49525
G01 X-20.86113 Y20.35039
G01 X-20.81863 Y20.25491
G01 X-20.76694 Y20.09586
G01 X-20.74520 Y19.99360
G01 X-20.72773 Y19.82728
G01 X-20.72773 Y19.72276
G01 X-20.74520 Y19.55641
G01 X-20.76694 Y19.45418
G01 X-20.81863 Y19.29513
G01 X-20.86113 Y19.19962
G01 X-20.94477 Y19.05479
G01 X-21.00621 Y18.97021
G01 X-21.11810 Y18.84593
G01 X-21.19580 Y18.77600
G01 X-21.33110 Y18.67768
G01 X-21.42163 Y18.62543
G01 X-21.57441 Y18.55738
G01 X-21.67382 Y18.52510
G01 X-21.83740 Y18.49033
G01 X-21.94136 Y18.47940
G01 X-22.10862 Y18.47940
G01 X-22.21256 Y18.49033
G01 X-22.37616 Y18.52510
G01 X-22.47558 Y18.55738
G01 X-22.62836 Y18.62543
G01 X-22.71888 Y18.67768
G01 X-22.85419 Y18.77600
G01 X-22.93186 Y18.84593
G01 X-23.04377 Y18.97021
G01 X-23.10522 Y19.05479
G01 X-23.18883 Y19.19962
G01 X-23.23135 Y19.29513
G01 X-23.28304 Y19.45418
G01 X-23.30476 Y19.55641
G01 X-23.32226 Y19.72276
G01 X-23.32226 Y19.82728
G01 X-23.30476 Y19.99360
G01 X-23.28304 Y20.09586
G01 X-23.23135 Y20.25491
G01 X-23.18883 Y20.35039
G01 X-23.10522 Y20.49525
G01 X-23.04377 Y20.57981
G01 X-22.93186 Y20.70409
G01 X-22.85419 Y20.77404
G01 X-22.77497 Y20.83160
G01 X-22.77497 Y23.29151
G01 X-22.85452 Y23.42928
G01 X-22.89704 Y23.52478
G01 X-22.95195 Y23.69377
G01 X-22.97367 Y23.79603
G01 X-22.99224 Y23.97274
G01 X-22.99224 Y24.07728
G01 X-22.97367 Y24.25399
G01 X-22.95195 Y24.35625
G01 X-22.89704 Y24.52524
G01 X-22.85452 Y24.62074
G01 X-22.76567 Y24.77464
G01 X-22.70423 Y24.85920
G01 X-22.58533 Y24.99125
G01 X-22.50763 Y25.06120
G01 X-22.36389 Y25.16565
G01 X-22.33496 Y25.18234
G01 X-22.33496 Y29.02503
G01 X-32.25341 Y29.02503
G01 X-32.35117 Y29.03224
G01 X-32.44731 Y29.05137
G01 X-32.49420 Y29.06559
G01 X-32.58478 Y29.10311
G01 X-32.62798 Y29.12620
G01 X-32.70949 Y29.18065
G01 X-32.78373 Y29.24469
G01 X-34.63532 Y31.09627
G01 X-34.69935 Y31.17051
G01 X-34.75381 Y31.25202
G01 X-34.77690 Y31.29523
G01 X-34.81441 Y31.38580
G01 X-34.82864 Y31.43269
G01 X-34.84776 Y31.52883
G01 X-34.85498 Y31.62660
G01 X-34.85498 Y34.90698
G01 X-34.96765 Y34.98882
G01 X-35.04532 Y35.05877
G01 X-35.16422 Y35.19083
G01 X-35.22566 Y35.27538
G01 X-35.31451 Y35.42928
G01 X-35.35703 Y35.52479
G01 X-35.41195 Y35.69377
G01 X-35.43366 Y35.79603
G01 X-35.45226 Y35.97274
G01 X-35.45226 Y36.07729
G01 X-35.43366 Y36.25399
G01 X-35.41195 Y36.35625
G01 X-35.35703 Y36.52524
G01 X-35.31451 Y36.62074
G01 X-35.22566 Y36.77462
G01 X-35.16422 Y36.85920
G01 X-35.04532 Y36.99125
G01 X-34.96765 Y37.06121
G01 X-34.82389 Y37.16565
G01 X-34.73336 Y37.21790
G01 X-34.55612 Y37.29504
G01 X-33.65379 Y37.29504
G01 X-33.47662 Y37.37213
G01 X-33.38609 Y37.42438
G01 X-33.24233 Y37.52882
G01 X-33.16466 Y37.59877
G01 X-33.04576 Y37.73083
G01 X-32.98432 Y37.81538
G01 X-32.89547 Y37.96928
G01 X-32.85295 Y38.06479
G01 X-32.83497 Y38.12000
G01 X-32.83497 Y39.00992
G01 X-32.81703 Y39.06524
G01 X-32.77451 Y39.16074
G01 X-32.68566 Y39.31462
G01 X-32.62422 Y39.39920
G01 X-32.50532 Y39.53125
G01 X-32.42765 Y39.60121
G01 X-32.31498 Y39.68304
G01 X-32.31498 Y41.92500
G01 X-32.62498 Y41.92500
G01 X-32.72252 Y41.93463
G01 X-32.81632 Y41.96308
G01 X-32.90278 Y42.00928
G01 X-32.97855 Y42.07146
G01 X-33.04073 Y42.14723
G01 X-33.08693 Y42.23366
G01 X-33.11538 Y42.32746
G01 X-33.12498 Y42.42500
G01 X-33.12496 Y42.64550
G01 X-33.09318 Y42.78461
G01 X-33.06504 Y42.96229
G01 X-33.05544 Y43.05332
G01 X-33.04612 Y43.23102
G01 X-33.04612 Y43.31903
G01 X-33.05544 Y43.49673
G01 X-33.06504 Y43.58776
G01 X-33.09318 Y43.76543
G01 X-33.12496 Y43.90450
G01 X-33.19430 Y44.02464
G01 X-33.25574 Y44.10920
G01 X-33.37466 Y44.24125
G01 X-33.45234 Y44.31120
G01 X-33.59610 Y44.41565
G01 X-33.68663 Y44.46790
G01 X-33.84896 Y44.54019
G01 X-33.94837 Y44.57249
G01 X-34.12219 Y44.60943
G01 X-34.22615 Y44.62035
G01 X-34.40385 Y44.62035
G01 X-34.50778 Y44.60943
G01 X-34.68160 Y44.57249
G01 X-34.78101 Y44.54019
G01 X-34.94334 Y44.46790
G01 X-35.03387 Y44.41565
G01 X-35.17763 Y44.31120
G01 X-35.25533 Y44.24125
G01 X-35.37423 Y44.10920
G01 X-35.43567 Y44.02464
G01 X-35.52452 Y43.87074
G01 X-35.56704 Y43.77524
G01 X-35.62193 Y43.60625
G01 X-35.64367 Y43.50399
G01 X-35.66224 Y43.32728
G01 X-35.66224 Y43.22274
G01 X-35.64367 Y43.04603
G01 X-35.62193 Y42.94377
G01 X-35.56704 Y42.77478
G01 X-35.52452 Y42.67928
G01 X-35.43567 Y42.52541
G01 X-35.37423 Y42.44082
G01 X-35.25533 Y42.30877
G01 X-35.17763 Y42.23884
G01 X-35.03387 Y42.13437
G01 X-34.94334 Y42.08213
G01 X-34.85498 Y42.04278
G01 X-34.85498 Y39.68304
G01 X-34.96765 Y39.60121
G01 X-35.04532 Y39.53125
G01 X-35.16422 Y39.39920
G01 X-35.22566 Y39.31462
G01 X-35.31451 Y39.16074
G01 X-35.35703 Y39.06524
G01 X-35.41195 Y38.89625
G01 X-35.43366 Y38.79399
G01 X-35.45226 Y38.61729
G01 X-35.45226 Y38.51274
G01 X-35.43366 Y38.33603
G01 X-35.41195 Y38.23377
G01 X-35.35703 Y38.06479
G01 X-35.31451 Y37.96928
G01 X-35.22566 Y37.81538
G01 X-35.16422 Y37.73083
G01 X-35.04532 Y37.59877
G01 X-34.96765 Y37.52882
G01 X-34.82389 Y37.42438
G01 X-34.73336 Y37.37213
G01 X-34.55612 Y37.29504
G01 X-33.65379 Y37.29504
G01 X-33.47662 Y37.21790
G01 X-33.38609 Y37.16565
G01 X-33.24233 Y37.06121
G01 X-33.16466 Y36.99125
G01 X-33.04576 Y36.85920
G01 X-32.98432 Y36.77462
G01 X-32.89547 Y36.62074
G01 X-32.85295 Y36.52524
G01 X-32.83497 Y36.46992
G01 X-32.83497 Y35.58000
G01 X-32.85295 Y35.52479
G01 X-32.89547 Y35.42928
G01 X-32.98432 Y35.27538
G01 X-33.04576 Y35.19083
G01 X-33.16466 Y35.05877
G01 X-33.24233 Y34.98882
G01 X-33.35498 Y34.90698
G01 X-33.35498 Y31.93726
G01 X-32.87472 Y31.45703
G04 P0 ( dwell for no time -- G64 should not smooth over this point )
G00 Z2.00000 ( retract )
(Block-name: block)
(Block-expand: 0)
(Block-enable: 1)

G00 X-36.92680 Y19.21865 ( rapid move to begin. )
G01 F100.00000
( Mill infeed pass 1/1 )
G01 Z-0.10000
G04 P0 ( dwell for no time -- G64 should not smooth over this point )
G01 F200.00000
G01 X-36.92680 Y19.21865
G01 X-37.02439 Y19.17270
G01 X-37.04072 Y19.15281
G01 X-37.08693 Y19.06635
G01 X-37.11537 Y18.97255
G01 X-37.12056 Y18.92002
G01 X-39.92941 Y18.92002
G01 X-39.93460 Y18.97255
G01 X-39.96304 Y19.06635
G01 X-40.00925 Y19.15281
G01 X-40.07143 Y19.22858
G01 X-40.14719 Y19.29076
G01 X-40.23366 Y19.33696
G01 X-40.32743 Y19.36541
G01 X-40.42499 Y19.37501
G01 X-42.12499 Y19.37501
G01 X-42.22253 Y19.36541
G01 X-42.31633 Y19.33696
G01 X-42.40276 Y19.29076
G01 X-42.47853 Y19.22858
G01 X-42.54071 Y19.15281
G01 X-42.58691 Y19.06635
G01 X-42.61539 Y18.97255
G01 X-42.62499 Y18.87501
G01 X-42.62496 Y18.65451
G01 X-42.59319 Y18.51545
G01 X-42.56502 Y18.33772
G01 X-42.55544 Y18.24671
G01 X-42.54612 Y18.06904
G01 X-42.54612 Y17.98103
G01 X-42.55544 Y17.80333
G01 X-42.56502 Y17.71232
G01 X-42.59319 Y17.53460
G01 X-42.62496 Y17.39548
G01 X-42.69431 Y17.27539
G01 X-42.75575 Y17.19084
G01 X-42.87465 Y17.05878
G01 X-42.95234 Y16.98883
G01 X-43.06497 Y16.90699
G01 X-43.06497 Y16.30567
G01 X-40.69124 Y13.93194
G01 X-40.60861 Y13.94063
G01 X-40.44138 Y13.94063
G01 X-40.33741 Y13.92971
G01 X-40.17381 Y13.89493
G01 X-40.07440 Y13.86262
G01 X-39.92162 Y13.79460
G01 X-39.83109 Y13.74233
G01 X-39.69578 Y13.64403
G01 X-39.61811 Y13.57411
G01 X-39.50620 Y13.44980
G01 X-39.44476 Y13.36524
G01 X-39.36114 Y13.22041
G01 X-39.31862 Y13.12491
G01 X-39.26693 Y12.96585
G01 X-39.24521 Y12.86362
G01 X-39.22771 Y12.69727
G01 X-39.22771 Y12.59275
G01 X-39.24521 Y12.42643
G01 X-39.26693 Y12.32417
G01 X-39.31862 Y12.16512
G01 X-39.36114 Y12.06961
G01 X-39.44476 Y11.92478
G01 X-39.50620 Y11.84023
G01 X-39.61811 Y11.71594
G01 X-39.69578 Y11.64599
G01 X-39.83109 Y11.54769
G01 X-39.92162 Y11.49542
G01 X-40.07440 Y11.42740
G01 X-40.17381 Y11.39509
G01 X-40.33741 Y11.36032
G01 X-40.44138 Y11.34940
G01 X-40.60861 Y11.34940
G01 X-40.71257 Y11.36032
G01 X-40.87615 Y11.39509
G01 X-40.97556 Y11.42740
G01 X-41.12834 Y11.49542
G01 X-41.21887 Y11.54769
G01 X-41.35418 Y11.64599
G01 X-41.43187 Y11.71594
G01 X-41.54376 Y11.84023
G01 X-41.60520 Y11.92478
G01 X-41.68885 Y12.06961
G01 X-41.73134 Y12.16512
G01 X-41.78303 Y12.32417
G01 X-41.80477 Y12.42643
G01 X-41.82225 Y12.59275
G01 X-41.82225 Y12.69727
G01 X-41.80477 Y12.86362
G01 X-41.79416 Y12.91355
G01 X-44.34531 Y15.46468
G01 X-44.40934 Y15.53892
G01 X-44.46380 Y15.62043
G01 X-44.48689 Y15.66364
G01 X-44.52440 Y15.75421
G01 X-44.53863 Y15.80110
G01 X-44.55775 Y15.89724
G01 X-44.56255 Y15.94601
G01 X-44.56497 Y16.90697
G01 X-44.67764 Y16.98883
G01 X-44.75531 Y17.05878
G01 X-44.87424 Y17.19084
G01 X-44.93565 Y17.27539
G01 X-45.02450 Y17.42929
G01 X-45.06702 Y17.52477
G01 X-45.08498 Y17.58002
G01 X-45.08498 Y18.46996
G01 X-45.10294 Y18.52525
G01 X-45.14546 Y18.62073
G01 X-45.23431 Y18.77463
G01 X-45.29575 Y18.85918
G01 X-45.41465 Y18.99124
G01 X-45.49234 Y19.06119
G01 X-45.60497 Y19.14303
G01 X-45.60497 Y21.81387
G01 X-45.51162 Y21.85542
G01 X-45.42110 Y21.90769
G01 X-45.28579 Y22.00599
G01 X-45.20812 Y22.07594
G01 X-45.09621 Y22.20022
G01 X-45.03476 Y22.28478
G01 X-44.95115 Y22.42961
G01 X-44.90863 Y22.52512
G01 X-44.85694 Y22.68417
G01 X-44.84497 Y22.74036
G01 X-44.84497 Y24.06956
G01 X-44.85694 Y24.12585
G01 X-44.90863 Y24.28490
G01 X-44.95115 Y24.38041
G01 X-45.03476 Y24.52524
G01 X-45.09621 Y24.60980
G01 X-45.20812 Y24.73410
G01 X-45.28579 Y24.80403
G01 X-45.42110 Y24.90235
G01 X-45.51162 Y24.95460
G01 X-45.66440 Y25.02262
G01 X-45.76382 Y25.05493
G01 X-45.92742 Y25.08970
G01 X-46.03136 Y25.10063
G01 X-46.19862 Y25.10063
G01 X-46.30255 Y25.08970
G01 X-46.46615 Y25.05493
G01 X-46.56557 Y25.02262
G01 X-46.71835 Y24.95460
G01 X-46.80888 Y24.90235
G01 X-46.94418 Y24.80403
G01 X-47.02186 Y24.73410
G01 X-47.13377 Y24.60980
G01 X-47.19521 Y24.52524
G01 X-47.27883 Y24.38041
G01 X-47.32135 Y24.28490
G01 X-47.37304 Y24.12585
G01 X-47.38497 Y24.06956
G01 X-47.38497 Y22.74036
G01 X-47.37304 Y22.68417
G01 X-47.32135 Y22.52512
G01 X-47.27883 Y22.42961
G01 X-47.19521 Y22.28478
G01 X-47.13377 Y22.20022
G01 X-47.10496 Y22.16822
G01 X-47.10496 Y19.14306
G01 X-47.21764 Y19.06119
G01 X-47.29531 Y18.99124
G01 X-47.41424 Y18.85918
G01 X-47.47565 Y18.77463
G01 X-47.56450 Y18.62073
G01 X-47.60702 Y18.52525
G01 X-47.62498 Y18.46996
G01 X-47.62498 Y17.58002
G01 X-47.60702 Y17.52477
G01 X-47.56450 Y17.42929
G01 X-47.47565 Y17.27539
G01 X-47.41424 Y17.19084
G01 X-47.29531 Y17.05878
G01 X-47.21764 Y16.98883
G01 X-47.10496 Y16.90697
G01 X-47.10496 Y14.28500
G01 X-47.09775 Y14.18724
G01 X-47.07863 Y14.09110
G01 X-47.06440 Y14.04421
G01 X-47.02689 Y13.95363
G01 X-47.00380 Y13.91043
G01 X-46.94934 Y13.82892
G01 X-46.91825 Y13.79105
G01 X-46.04416 Y12.91353
G01 X-46.05478 Y12.86362
G01 X-46.07225 Y12.69727
G01 X-46.07225 Y12.59275
G01 X-46.05478 Y12.42643
G01 X-46.03303 Y12.32417
G01 X-45.98135 Y12.16512
G01 X-45.93883 Y12.06961
G01 X-45.85521 Y11.92478
G01 X-45.79377 Y11.84023
G01 X-45.68185 Y11.71594
G01 X-45.60418 Y11.64599
G01 X-45.46887 Y11.54769
G01 X-45.37835 Y11.49542
G01 X-45.22557 Y11.42740
G01 X-45.12615 Y11.39509
G01 X-44.96258 Y11.36032
G01 X-44.85861 Y11.34940
G01 X-44.69136 Y11.34940
G01 X-44.58742 Y11.36032
G01 X-44.42382 Y11.39509
G01 X-44.32440 Y11.42740
G01 X-44.17162 Y11.49542
G01 X-44.08109 Y11.54769
G01 X-43.94579 Y11.64599
G01 X-43.86812 Y11.71594
G01 X-43.75620 Y11.84023
G01 X-43.69476 Y11.92478
G01 X-43.61114 Y12.06961
G01 X-43.56862 Y12.16512
G01 X-43.51694 Y12.32417
G01 X-43.49522 Y12.42643
G01 X-43.47772 Y12.59275
G01 X-43.47772 Y12.69727
G01 X-43.49522 Y12.86362
G01 X-43.51694 Y12.96585
G01 X-43.56862 Y13.12491
G01 X-43.61114 Y13.22041
G01 X-43.69476 Y13.36524
G01 X-43.75620 Y13.44980
G01 X-43.86812 Y13.57411
G01 X-43.94579 Y13.64403
G01 X-44.08109 Y13.74233
G01 X-44.17162 Y13.79460
G01 X-44.32440 Y13.86262
G01 X-44.42382 Y13.89493
G01 X-44.58742 Y13.92971
G01 X-44.69136 Y13.94063
G01 X-44.85861 Y13.94063
G01 X-44.94124 Y13.93194
G01 X-45.60497 Y14.59567
G01 X-45.60497 Y16.90699
G01 X-45.49234 Y16.98883
G01 X-45.41465 Y17.05878
G01 X-45.29575 Y17.19084
G01 X-45.23431 Y17.27539
G01 X-45.14546 Y17.42929
G01 X-45.10294 Y17.52477
G01 X-45.08498 Y17.58002
G01 X-45.08498 Y18.46996
G01 X-45.06702 Y18.52525
G01 X-45.02450 Y18.62073
G01 X-44.93565 Y18.77463
G01 X-44.87424 Y18.85918
G01 X-44.75531 Y18.99124
G01 X-44.67764 Y19.06119
G01 X-44.56497 Y19.14306
G01 X-44.56497 Y22.16822
G01 X-44.59377 Y22.20022
G01 X-44.65521 Y22.28478
G01 X-44.73883 Y22.42961
G01 X-44.78135 Y22.52512
G01 X-44.83304 Y22.68417
G01 X-44.84497 Y22.74036
G01 X-44.84497 Y24.06956
G01 X-44.83304 Y24.12585
G01 X-44.78135 Y24.28490
G01 X-44.73883 Y24.38041
G01 X-44.65521 Y24.52524
G01 X-44.59377 Y24.60980
G01 X-44.48186 Y24.73410
G01 X-44.40418 Y24.80403
G01 X-44.26888 Y24.90235
G01 X-44.17835 Y24.95460
G01 X-44.02557 Y25.02262
G01 X-43.92616 Y25.05493
G01 X-43.76255 Y25.08970
G01 X-43.65862 Y25.10063
G01 X-43.49136 Y25.10063
G01 X-43.38742 Y25.08970
G01 X-43.22382 Y25.05493
G01 X-43.12440 Y25.02262
G01 X-42.97162 Y24.95460
G01 X-42.88110 Y24.90235
G01 X-42.74579 Y24.80403
G01 X-42.66812 Y24.73410
G01 X-42.55621 Y24.60980
G01 X-42.49476 Y24.52524
G01 X-42.41115 Y24.38041
G01 X-42.36863 Y24.28490
G01 X-42.31694 Y24.12585
G01 X-42.30497 Y24.06956
G01 X-42.30497 Y22.74036
G01 X-42.31694 Y22.68417
G01 X-42.36863 Y22.52512
G01 X-42.41115 Y22.42961
G01 X-42.49476 Y22.28478
G01 X-42.55621 Y22.20022
G01 X-42.66812 Y22.07594
G01 X-42.74579 Y22.00599
G01 X-42.88110 Y21.90769
G01 X-42.97162 Y21.85542
G01 X-43.06497 Y21.81387
G01 X-43.06497 Y19.14303
G01 X-42.95234 Y19.06119
G01 X-42.87465 Y18.99124
G01 X-42.75575 Y18.85918
G01 X-42.69431 Y18.77463
G01 X-42.62496 Y18.65451
G01 X-42.61450 Y18.61552
G01 X-42.59319 Y18.51545
G01 X-42.56502 Y18.33772
G01 X-42.55544 Y18.24671
G01 X-42.54612 Y18.06904
G01 X-42.54612 Y17.98103
G01 X-42.55544 Y17.80333
G01 X-42.56502 Y17.71232
G01 X-42.59319 Y17.53460
G01 X-42.62496 Y17.39548
G01 X-42.62499 Y17.17501
G01 X-42.61539 Y17.07748
G01 X-42.58691 Y16.98367
G01 X-42.54071 Y16.89724
G01 X-42.47853 Y16.82147
G01 X-42.40276 Y16.75927
G01 X-42.31633 Y16.71306
G01 X-42.22253 Y16.68461
G01 X-42.12499 Y16.67501
G01 X-40.42499 Y16.67501
G01 X-40.32743 Y16.68461
G01 X-40.23366 Y16.71306
G01 X-40.14719 Y16.75927
G01 X-40.07143 Y16.82147
G01 X-40.00925 Y16.89724
G01 X-39.96304 Y16.98367
G01 X-39.93460 Y17.07748
G01 X-39.92499 Y17.17501
G01 X-39.92499 Y17.42002
G01 X-37.12497 Y17.42002
G01 X-37.12497 Y17.17501
G01 X-37.11537 Y17.07748
G01 X-37.08693 Y16.98367
G01 X-37.04072 Y16.89724
G01 X-36.97854 Y16.82147
G01 X-36.90278 Y16.75927
G01 X-36.81634 Y16.71306
G01 X-36.72254 Y16.68461
G01 X-36.62498 Y16.67501
G01 X-36.40831 Y16.67504
G01 X-36.49389 Y16.62564
G01 X-36.63765 Y16.52119
G01 X-36.71532 Y16.45124
G01 X-36.83422 Y16.31918
G01 X-36.89566 Y16.23463
G01 X-36.98451 Y16.08073
G01 X-37.02703 Y15.98525
G01 X-37.08195 Y15.81624
G01 X-37.10366 Y15.71400
G01 X-37.12226 Y15.53727
G01 X-37.12226 Y15.43275
G01 X-37.11375 Y15.35190
G01 X-38.55532 Y13.91038
G01 X-38.61936 Y13.83613
G01 X-38.67382 Y13.75462
G01 X-38.69690 Y13.71142
G01 X-38.73442 Y13.62084
G01 X-38.74864 Y13.57395
G01 X-38.76777 Y13.47781
G01 X-38.77498 Y13.38002
G01 X-38.77498 Y6.64567
G01 X-39.54631 Y5.87435
G01 X-39.61811 Y5.95411
G01 X-39.69578 Y6.02403
G01 X-39.83109 Y6.12233
G01 X-39.92162 Y6.17460
G01 X-40.07440 Y6.24262
G01 X-40.17381 Y6.27493
G01 X-40.33741 Y6.30971
G01 X-40.44138 Y6.32063
G01 X-40.60861 Y6.32063
G01 X-40.71257 Y6.30971
G01 X-40.87615 Y6.27493
G01 X-40.97556 Y6.24262
G01 X-41.12834 Y6.17460
G01 X-41.21887 Y6.12233
G01 X-41.35418 Y6.02403
G01 X-41.43187 Y5.95411
G01 X-41.54376 Y5.82980
G01 X-41.58356 Y5.77504
G01 X-43.71640 Y5.77504
G01 X-43.75620 Y5.82980
G01 X-43.86812 Y5.95411
G01 X-43.94579 Y6.02403
G01 X-44.08109 Y6.12233
G01 X-44.17162 Y6.17460
G01 X-44.32440 Y6.24262
G01 X-44.42382 Y6.27493
G01 X-44.58742 Y6.30971
G01 X-44.69136 Y6.32063
G01 X-44.85861 Y6.32063
G01 X-44.96258 Y6.30971
G01 X-45.12615 Y6.27493
G01 X-45.22557 Y6.24262
G01 X-45.37835 Y6.17460
G01 X-45.46887 Y6.12233
G01 X-45.60418 Y6.02403
G01 X-45.68185 Y5.95411
G01 X-45.79377 Y5.82980
G01 X-45.83357 Y5.77504
G01 X-47.71642 Y5.77504
G01 X-47.75620 Y5.82980
G01 X-47.86811 Y5.95411
G01 X-47.94578 Y6.02403
G01 X-48.08109 Y6.12233
G01 X-48.17161 Y6.17460
G01 X-48.32439 Y6.24262
G01 X-48.42381 Y6.27493
G01 X-48.58741 Y6.30971
G01 X-48.69137 Y6.32063
G01 X-48.85861 Y6.32063
G01 X-48.96257 Y6.30971
G01 X-49.12614 Y6.27493
G01 X-49.22556 Y6.24262
G01 X-49.37837 Y6.17460
G01 X-49.46889 Y6.12233
G01 X-49.60417 Y6.02403
G01 X-49.68187 Y5.95411
G01 X-49.79378 Y5.82980
G01 X-49.83356 Y5.77504
G01 X-51.71641 Y5.77504
G01 X-51.75621 Y5.82980
G01 X-51.86810 Y5.95411
G01 X-51.94580 Y6.02403
G01 X-52.08110 Y6.12233
G01 X-52.17163 Y6.17460
G01 X-52.32441 Y6.24262
G01 X-52.42383 Y6.27493
G01 X-52.58740 Y6.30971
G01 X-52.69136 Y6.32063
G01 X-52.85860 Y6.32063
G01 X-52.96256 Y6.30971
G01 X-53.12616 Y6.27493
G01 X-53.22558 Y6.24262
G01 X-53.37836 Y6.17460
G01 X-53.46888 Y6.12233
G01 X-53.60419 Y6.02403
G01 X-53.68186 Y5.95411
G01 X-53.79378 Y5.82980
G01 X-53.85522 Y5.74524
G01 X-53.93883 Y5.60041
G01 X-53.98135 Y5.50491
G01 X-54.03304 Y5.34585
G01 X-54.05476 Y5.24362
G01 X-54.07224 Y5.07727
G01 X-54.07224 Y4.97275
G01 X-54.05476 Y4.80643
G01 X-54.03304 Y4.70417
G01 X-53.98135 Y4.54512
G01 X-53.93883 Y4.44961
G01 X-53.85522 Y4.30478
G01 X-53.79378 Y4.22023
G01 X-53.68186 Y4.09594
G01 X-53.60419 Y4.02599
G01 X-53.46888 Y3.92769
G01 X-53.37836 Y3.87542
G01 X-53.22558 Y3.80742
G01 X-53.12616 Y3.77509
G01 X-52.96256 Y3.74032
G01 X-52.85860 Y3.72940
G01 X-52.69136 Y3.72940
G01 X-52.58740 Y3.74032
G01 X-52.42383 Y3.77509
G01 X-52.32441 Y3.80742
G01 X-52.17163 Y3.87542
G01 X-52.08110 Y3.92769
G01 X-51.94580 Y4.02599
G01 X-51.86810 Y4.09594
G01 X-51.75621 Y4.22023
G01 X-51.71639 Y4.27504
G01 X-49.83361 Y4.27504
G01 X-49.79378 Y4.22023
G01 X-49.68187 Y4.09594
G01 X-49.60417 Y4.02599
G01 X-49.46889 Y3.92769
G01 X-49.37837 Y3.87542
G01 X-49.22556 Y3.80742
G01 X-49.12614 Y3.77509
G01 X-48.96257 Y3.74032
G01 X-48.85861 Y3.72940
G01 X-48.69137 Y3.72940
G01 X-48.58741 Y3.74032
G01 X-48.42381 Y3.77509
G01 X-48.32439 Y3.80742
G01 X-48.17161 Y3.87542
G01 X-48.08109 Y3.92769
G01 X-47.94578 Y4.02599
G01 X-47.86811 Y4.09594
G01 X-47.75620 Y4.22023
G01 X-47.71637 Y4.27504
G01 X-45.83359 Y4.27504
G01 X-45.79377 Y4.22023
G01 X-45.68185 Y4.09594
G01 X-45.60418 Y4.02599
G01 X-45.46887 Y3.92769
G01 X-45.37835 Y3.87542
G01 X-45.22557 Y3.80742
G01 X-45.12615 Y3.77509
G01 X-44.96258 Y3.74032
G01 X-44.85861 Y3.72940
G01 X-44.69136 Y3.72940
G01 X-44.58742 Y3.74032
G01 X-44.42382 Y3.77509
G01 X-44.32440 Y3.80742
G01 X-44.17162 Y3.87542
G01 X-44.08109 Y3.92769
G01 X-43.94579 Y4.02599
G01 X-43.86812 Y4.09594
G01 X-43.75620 Y4.22023
G01 X-43.71638 Y4.27504
G01 X-41.58359 Y4.27504
G01 X-41.54376 Y4.22023
G01 X-41.43187 Y4.09594
G01 X-41.35418 Y4.02599
G01 X-41.21887 Y3.92769
G01 X-41.12834 Y3.87542
G01 X-40.97556 Y3.80742
G01 X-40.87615 Y3.77509
G01 X-40.71257 Y3.74032
G01 X-40.60861 Y3.72940
G01 X-40.44138 Y3.72940
G01 X-40.33741 Y3.74032
G01 X-40.17381 Y3.77509
G01 X-40.07440 Y3.80742
G01 X-39.92162 Y3.87542
G01 X-39.83109 Y3.92769
G01 X-39.69578 Y4.02599
G01 X-39.61811 Y4.09594
G01 X-39.50620 Y4.22023
G01 X-39.44476 Y4.30478
G01 X-39.42731 Y4.33503
G01 X-39.22596 Y4.33745
G01 X-39.17719 Y4.34227
G01 X-39.08105 Y4.36137
G01 X-39.03417 Y4.37560
G01 X-38.94359 Y4.41314
G01 X-38.90038 Y4.43620
G01 X-38.81888 Y4.49066
G01 X-38.78100 Y4.52175
G01 X-37.49465 Y5.80468
G01 X-37.43061 Y5.87892
G01 X-37.37616 Y5.96043
G01 X-37.35307 Y6.00364
G01 X-37.31555 Y6.09421
G01 X-37.30133 Y6.14110
G01 X-37.28220 Y6.23724
G01 X-37.27499 Y6.33500
G01 X-37.27499 Y13.06938
G01 X-36.15307 Y14.19127
G01 X-35.96780 Y14.15058
G01 X-35.86384 Y14.13966
G01 X-35.68614 Y14.13966
G01 X-35.58218 Y14.15058
G01 X-35.40837 Y14.18754
G01 X-35.30895 Y14.21985
G01 X-35.14662 Y14.29211
G01 X-35.05609 Y14.34439
G01 X-34.91233 Y14.44883
G01 X-34.83466 Y14.51878
G01 X-34.71576 Y14.65084
G01 X-34.65432 Y14.73539
G01 X-34.56547 Y14.88929
G01 X-34.52295 Y14.98477
G01 X-34.46803 Y15.15378
G01 X-34.44629 Y15.25602
G01 X-34.42772 Y15.43275
G01 X-34.42772 Y15.53727
G01 X-34.44629 Y15.71400
G01 X-34.46803 Y15.81624
G01 X-34.52295 Y15.98525
G01 X-34.56547 Y16.08073
G01 X-34.65432 Y16.23463
G01 X-34.71576 Y16.31918
G01 X-34.83466 Y16.45124
G01 X-34.91233 Y16.52119
G01 X-35.05609 Y16.62564
G01 X-35.14154 Y16.67501
G01 X-34.92498 Y16.67501
G01 X-34.82744 Y16.68461
G01 X-34.73364 Y16.71306
G01 X-34.64720 Y16.75927
G01 X-34.57144 Y16.82147
G01 X-34.50926 Y16.89724
G01 X-34.46305 Y16.98367
G01 X-34.43461 Y17.07748
G01 X-34.42498 Y17.17501
G01 X-34.42495 Y17.36648
G01 X-32.04033 Y14.97969
G01 X-31.96608 Y14.91566
G01 X-31.88457 Y14.86120
G01 X-31.84137 Y14.83811
G01 X-31.75079 Y14.80060
G01 X-31.70390 Y14.78637
G01 X-31.60776 Y14.76724
G01 X-31.51000 Y14.76003
G01 X-31.14541 Y14.76003
G01 X-31.08422 Y14.67583
G01 X-30.96532 Y14.54378
G01 X-30.88765 Y14.47382
G01 X-30.74389 Y14.36938
G01 X-30.65336 Y14.31711
G01 X-30.49103 Y14.24484
G01 X-30.39161 Y14.21253
G01 X-30.21780 Y14.17560
G01 X-30.11384 Y14.16468
G01 X-29.93614 Y14.16468
G01 X-29.83218 Y14.17560
G01 X-29.65837 Y14.21253
G01 X-29.55895 Y14.24484
G01 X-29.39662 Y14.31711
G01 X-29.30609 Y14.36938
G01 X-29.16233 Y14.47382
G01 X-29.08466 Y14.54378
G01 X-28.96576 Y14.67583
G01 X-28.90432 Y14.76039
G01 X-28.81547 Y14.91429
G01 X-28.77295 Y15.00979
G01 X-28.71803 Y15.17878
G01 X-28.69629 Y15.28104
G01 X-28.67772 Y15.45774
G01 X-28.67772 Y15.56226
G01 X-28.69629 Y15.73900
G01 X-28.71803 Y15.84126
G01 X-28.77295 Y16.01024
G01 X-28.81547 Y16.10575
G01 X-28.90432 Y16.25962
G01 X-28.96576 Y16.34420
G01 X-29.08466 Y16.47626
G01 X-29.16233 Y16.54618
G01 X-29.30609 Y16.65065
G01 X-29.39720 Y16.70153
G01 X-29.57490 Y16.73930
G01 X-29.66969 Y16.75436
G01 X-29.84739 Y16.77303
G01 X-29.93614 Y16.77768
G01 X-30.11384 Y16.77768
G01 X-30.20256 Y16.77303
G01 X-30.38026 Y16.75436
G01 X-30.47505 Y16.73930
G01 X-30.65834 Y16.70003
G01 X-30.87500 Y16.70001
G01 X-30.97254 Y16.70961
G01 X-31.06634 Y16.73808
G01 X-31.15277 Y16.78428
G01 X-31.22854 Y16.84646
G01 X-31.29072 Y16.92223
G01 X-31.33692 Y17.00867
G01 X-31.36537 Y17.10247
G01 X-31.37500 Y17.20001
G01 X-31.37500 Y18.33937
G01 X-33.14893 Y20.11334
G01 X-33.17814 Y20.16271
G01 X-33.26057 Y20.28176
G01 X-33.35041 Y20.38748
G01 X-33.44886 Y20.48252
G01 X-33.49437 Y20.52113
G01 X-33.57281 Y20.54130
G01 X-33.70563 Y20.56528
G01 X-33.83466 Y20.57559
G01 X-36.31698 Y20.57656
G01 X-36.40529 Y20.57991
G01 X-36.48528 Y20.58781
G01 X-36.61809 Y20.61178
G01 X-36.75761 Y20.65161
G01 X-36.82442 Y20.67602
G01 X-37.97077 Y21.82016
G01 X-38.04440 Y21.78740
G01 X-38.14382 Y21.75509
G01 X-38.30742 Y21.72032
G01 X-38.41136 Y21.70940
G01 X-38.57862 Y21.70940
G01 X-38.68255 Y21.72032
G01 X-38.84615 Y21.75509
G01 X-38.94557 Y21.78740
G01 X-39.09835 Y21.85542
G01 X-39.18888 Y21.90769
G01 X-39.32418 Y22.00599
G01 X-39.40186 Y22.07594
G01 X-39.51377 Y22.20022
G01 X-39.57521 Y22.28478
G01 X-39.65883 Y22.42961
G01 X-39.70135 Y22.52512
G01 X-39.75304 Y22.68417
G01 X-39.76497 Y22.74036
G01 X-39.76497 Y24.06956
G01 X-39.76497 Y22.74036
G01 X-39.77694 Y22.68417
G01 X-39.82863 Y22.52512
G01 X-39.87115 Y22.42961
G01 X-39.95476 Y22.28478
G01 X-40.01621 Y22.20022
G01 X-40.12812 Y22.07594
G01 X-40.20579 Y22.00599
G01 X-40.24605 Y21.97673
G01 X-38.94532 Y20.67602
G01 X-36.82442 Y20.67602
G01 X-36.75761 Y20.65161
G01 X-36.61809 Y20.61178
G01 X-36.48528 Y20.58781
G01 X-36.35629 Y20.57752
G01 X-33.87398 Y20.57656
G01 X-33.70563 Y20.56528
G01 X-33.57281 Y20.54130
G01 X-33.49437 Y20.52113
G01 X-33.41251 Y20.44958
G01 X-33.35041 Y20.38748
G01 X-33.23103 Y20.24196
G01 X-33.14893 Y20.11334
G01 X-33.13118 Y20.02380
G01 X-33.12397 Y19.92601
G01 X-33.12397 Y18.18469
G01 X-31.19933 Y16.26003
G01 X-31.14538 Y16.26003
G01 X-31.08422 Y16.34420
G01 X-30.96532 Y16.47626
G01 X-30.88765 Y16.54618
G01 X-30.74389 Y16.65065
G01 X-30.65834 Y16.70003
G01 X-30.47505 Y16.73930
G01 X-30.38026 Y16.75436
G01 X-30.20256 Y16.77303
G01 X-30.11384 Y16.77768
G01 X-29.93614 Y16.77768
G01 X-29.84739 Y16.77303
G01 X-29.66969 Y16.75436
G01 X-29.57490 Y16.73930
G01 X-29.39156 Y16.70001
G01 X-29.17498 Y16.70001
G01 X-29.07744 Y16.70961
G01 X-28.98364 Y16.73808
G01 X-28.89720 Y16.78428
G01 X-28.82144 Y16.84646
G01 X-28.75926 Y16.92223
G01 X-28.71305 Y17.00867
G01 X-28.68461 Y17.10247
G01 X-28.67498 Y17.20001
G01 X-28.67498 Y18.90000
G01 X-28.68461 Y18.99756
G01 X-28.71305 Y19.09137
G01 X-28.75926 Y19.17780
G01 X-28.82144 Y19.25357
G01 X-28.89720 Y19.31575
G01 X-28.98364 Y19.36195
G01 X-29.07744 Y19.39040
G01 X-29.17498 Y19.40000
G01 X-30.31429 Y19.40000
G01 X-32.67164 Y21.75738
G01 X-32.74589 Y21.82141
G01 X-32.82740 Y21.87587
G01 X-32.87060 Y21.89896
G01 X-32.96118 Y21.93647
G01 X-33.00807 Y21.95070
G01 X-33.10421 Y21.96982
G01 X-33.20200 Y21.97703
G01 X-36.00631 Y21.97703
G01 X-37.19498 Y23.16570
G01 X-37.19498 Y23.80502
G01 X-37.21520 Y24.02361
G01 X-37.23694 Y24.12585
G01 X-37.28863 Y24.28490
G01 X-37.33115 Y24.38041
G01 X-37.41476 Y24.52524
G01 X-37.47621 Y24.60980
G01 X-37.58812 Y24.73410
G01 X-37.66579 Y24.80403
G01 X-37.80110 Y24.90235
G01 X-37.89162 Y24.95460
G01 X-38.04440 Y25.02262
G01 X-38.14382 Y25.05493
G01 X-38.30742 Y25.08970
G01 X-38.41136 Y25.10063
G01 X-38.57862 Y25.10063
G01 X-38.68255 Y25.08970
G01 X-38.84615 Y25.05493
G01 X-38.94557 Y25.02262
G01 X-39.09835 Y24.95460
G01 X-39.18888 Y24.90235
G01 X-39.32418 Y24.80403
G01 X-39.40186 Y24.73410
G01 X-39.51377 Y24.60980
G01 X-39.57521 Y24.52524
G01 X-39.65883 Y24.38041
G01 X-39.70135 Y24.28490
G01 X-39.75304 Y24.12585
G01 X-39.76497 Y24.06956
G01 X-39.77694 Y24.12585
G01 X-39.82863 Y24.28490
G01 X-39.87115 Y24.38041
G01 X-39.95476 Y24.52524
G01 X-40.01621 Y24.60980
G01 X-40.12812 Y24.73410
G01 X-40.20579 Y24.80403
G01 X-40.34110 Y24.90235
G01 X-40.43162 Y24.95460
G01 X-40.58440 Y25.02262
G01 X-40.68382 Y25.05493
G01 X-40.84742 Y25.08970
G01 X-40.95136 Y25.10063
G01 X-41.11862 Y25.10063
G01 X-41.22255 Y25.08970
G01 X-41.38615 Y25.05493
G01 X-41.48557 Y25.02262
G01 X-41.63835 Y24.95460
G01 X-41.72888 Y24.90235
G01 X-41.86418 Y24.80403
G01 X-41.94186 Y24.73410
G01 X-42.05377 Y24.60980
G01 X-42.11521 Y24.52524
G01 X-42.19883 Y24.38041
G01 X-42.24135 Y24.28490
G01 X-42.29304 Y24.12585
G01 X-42.30497 Y24.06956
G01 X-42.30497 Y22.74036
G01 X-42.29304 Y22.68417
G01 X-42.24135 Y22.52512
G01 X-42.19883 Y22.42961
G01 X-42.11521 Y22.28478
G01 X-42.05377 Y22.20022
G01 X-41.94186 Y22.07594
G01 X-41.86418 Y22.00599
G01 X-41.78499 Y21.94846
G01 X-41.78257 Y21.65600
G01 X-41.77777 Y21.60724
G01 X-41.75865 Y21.51110
G01 X-41.74442 Y21.46421
G01 X-41.70691 Y21.37363
G01 X-41.68382 Y21.33043
G01 X-41.62936 Y21.24892
G01 X-41.56530 Y21.17467
G01 X-39.78629 Y19.39568
G01 X-39.71207 Y19.33165
G01 X-39.63056 Y19.27719
G01 X-39.58733 Y19.25408
G01 X-39.49678 Y19.21659
G01 X-39.44989 Y19.20236
G01 X-39.35375 Y19.18324
G01 X-39.25598 Y19.17602
G01 X-37.01733 Y19.17602
G01 X-36.92680 Y19.21865
G01 X-36.77588 Y19.26132
G01 X-36.62498 Y19.27554
G01 X-34.92498 Y19.27554
G01 X-34.75907 Y19.25835
G01 X-34.59318 Y19.20681
G01 X-34.54164 Y19.04092
G01 X-34.52447 Y18.87503
G01 X-34.52447 Y17.87405
G01 X-34.52109 Y17.78570
G01 X-34.50593 Y17.65672
G01 X-34.48922 Y17.57290
G01 X-34.44939 Y17.43338
G01 X-34.42495 Y17.36648
G01 X-34.42498 Y17.17501
G01 X-34.43461 Y17.07748
G01 X-34.46305 Y16.98367
G01 X-34.50926 Y16.89724
G01 X-34.57144 Y16.82147
G01 X-34.64720 Y16.75927
G01 X-34.73364 Y16.71306
G01 X-34.82744 Y16.68461
G01 X-34.92498 Y16.67501
G01 X-35.14154 Y16.67501
G01 X-35.32495 Y16.71431
G01 X-35.41962 Y16.72934
G01 X-35.59732 Y16.74804
G01 X-35.68614 Y16.75269
G01 X-35.86384 Y16.75269
G01 X-35.95264 Y16.74804
G01 X-36.13034 Y16.72934
G01 X-36.22500 Y16.71431
G01 X-36.40831 Y16.67504
G04 P0 ( dwell for no time -- G64 should not smooth over this point )
G00 Z2.00000 ( retract )
(Block-name: block)
(Block-expand: 0)
(Block-enable: 1)

G00 X-56.51742 Y33.87404 ( rapid move to begin. )
G01 F100.00000
( Mill infeed pass 1/1 )
G01 Z-0.10000
G04 P0 ( dwell for no time -- G64 should not smooth over this point )
G01 F200.00000
G01 X-56.51742 Y33.87404
G01 X-55.94462 Y33.87404
G01 X-54.52390 Y32.45329
G01 X-54.56418 Y32.42403
G01 X-54.64186 Y32.35410
G01 X-54.75377 Y32.22980
G01 X-54.81521 Y32.14524
G01 X-54.89883 Y32.00041
G01 X-54.94135 Y31.90490
G01 X-54.97495 Y31.80150
G01 X-54.99492 Y31.64158
G01 X-55.00497 Y31.42502
G01 X-55.00497 Y30.62505
G01 X-54.99492 Y30.40846
G01 X-54.97498 Y30.24877
G01 X-54.97498 Y30.07501
G01 X-54.98318 Y29.97077
G01 X-55.00492 Y29.86854
G01 X-55.02108 Y29.81883
G01 X-55.06360 Y29.72332
G01 X-55.08971 Y29.67806
G01 X-55.15115 Y29.59350
G01 X-55.18613 Y29.55467
G01 X-55.26380 Y29.48472
G01 X-55.30609 Y29.45401
G01 X-55.39662 Y29.40173
G01 X-55.44437 Y29.38047
G01 X-55.54378 Y29.34817
G01 X-55.59489 Y29.33732
G01 X-55.69824 Y29.32637
G01 X-56.82438 Y29.32500
G01 X-56.87728 Y29.32706
G01 X-56.95508 Y29.33732
G01 X-57.00619 Y29.34817
G01 X-57.10561 Y29.38047
G01 X-57.15336 Y29.40173
G01 X-57.24388 Y29.45401
G01 X-57.28617 Y29.48472
G01 X-57.36385 Y29.55467
G01 X-57.39882 Y29.59350
G01 X-57.46027 Y29.67806
G01 X-57.48638 Y29.72332
G01 X-57.52890 Y29.81883
G01 X-57.54505 Y29.86854
G01 X-57.56679 Y29.97077
G01 X-57.57500 Y30.07501
G01 X-57.57500 Y31.97501
G01 X-57.57225 Y32.02728
G01 X-57.56679 Y32.07925
G01 X-57.54505 Y32.18151
G01 X-57.52890 Y32.23119
G01 X-57.48638 Y32.32670
G01 X-57.46027 Y32.37196
G01 X-57.39882 Y32.45652
G01 X-57.36385 Y32.49535
G01 X-57.30814 Y32.54552
G01 X-57.33565 Y32.57303
G01 X-62.42299 Y32.57303
G01 X-62.52076 Y32.58024
G01 X-62.61690 Y32.59937
G01 X-62.66379 Y32.61359
G01 X-62.75434 Y32.65111
G01 X-62.79757 Y32.67419
G01 X-62.87908 Y32.72865
G01 X-62.91695 Y32.75974
G01 X-64.83825 Y34.68105
G01 X-64.86934 Y34.71892
G01 X-64.92380 Y34.80043
G01 X-64.94689 Y34.84363
G01 X-64.98438 Y34.93421
G01 X-64.99863 Y34.98110
G01 X-65.01776 Y35.07724
G01 X-65.02497 Y35.17500
G01 X-65.12497 Y35.17500
G01 X-65.22253 Y35.18463
G01 X-65.31633 Y35.21308
G01 X-65.40277 Y35.25928
G01 X-65.47854 Y35.32146
G01 X-65.54069 Y35.39723
G01 X-65.58692 Y35.48366
G01 X-65.61537 Y35.57746
G01 X-65.62497 Y35.67500
G01 X-65.62497 Y37.37502
G01 X-65.61537 Y37.47256
G01 X-65.58692 Y37.56636
G01 X-65.54069 Y37.65280
G01 X-65.47854 Y37.72857
G01 X-65.40277 Y37.79074
G01 X-65.31633 Y37.83695
G01 X-65.22253 Y37.86540
G01 X-65.12497 Y37.87502
G01 X-64.90828 Y37.87502
G01 X-64.72502 Y37.83575
G01 X-64.63025 Y37.82069
G01 X-64.45256 Y37.80202
G01 X-64.36381 Y37.79735
G01 X-64.18611 Y37.79735
G01 X-64.09739 Y37.80202
G01 X-63.91969 Y37.82069
G01 X-63.82490 Y37.83575
G01 X-63.64153 Y37.87505
G01 X-63.42497 Y37.87502
G01 X-63.32744 Y37.86540
G01 X-63.23363 Y37.83695
G01 X-63.14720 Y37.79074
G01 X-63.12762 Y37.77467
G01 X-63.12396 Y37.76705
G01 X-63.12762 Y37.77467
G01 X-63.14720 Y37.79074
G01 X-63.23363 Y37.83695
G01 X-63.32744 Y37.86540
G01 X-63.42497 Y37.87502
G01 X-63.64153 Y37.87505
G01 X-63.55609 Y37.92437
G01 X-63.41232 Y38.02882
G01 X-63.33465 Y38.09877
G01 X-63.22698 Y38.21835
G01 X-63.12396 Y38.11538
G01 X-63.12396 Y37.76705
G01 X-63.08273 Y37.68056
G01 X-63.03905 Y37.52780
G01 X-63.02449 Y37.37502
G01 X-63.02449 Y36.37401
G01 X-63.02111 Y36.28569
G01 X-63.00595 Y36.15671
G01 X-62.98924 Y36.07289
G01 X-62.94941 Y35.93337
G01 X-62.92495 Y35.86647
G01 X-62.92500 Y35.67500
G01 X-62.93460 Y35.57746
G01 X-62.96302 Y35.48366
G01 X-63.00925 Y35.39723
G01 X-63.07143 Y35.32146
G01 X-63.14720 Y35.25928
G01 X-63.23363 Y35.21308
G01 X-63.24801 Y35.20871
G01 X-62.11233 Y34.07302
G01 X-61.13143 Y34.07302
G01 X-62.92495 Y35.86647
G01 X-61.15429 Y34.09370
G01 X-61.13143 Y34.07302
G01 X-61.06463 Y34.04861
G01 X-60.97413 Y34.02108
G01 X-60.84128 Y33.99207
G01 X-60.71230 Y33.97691
G01 X-60.62399 Y33.97353
G01 X-56.98567 Y33.97259
G01 X-56.85663 Y33.96228
G01 X-56.72382 Y33.93830
G01 X-56.58430 Y33.89847
G01 X-56.51742 Y33.87404
G01 X-55.71170 Y33.06698
G01 X-55.68061 Y33.02908
G01 X-55.62616 Y32.94760
G01 X-55.60304 Y32.90437
G01 X-55.56555 Y32.81382
G01 X-55.55133 Y32.76693
G01 X-55.53799 Y32.69998
G01 X-55.44437 Y32.66955
G01 X-55.39662 Y32.64829
G01 X-55.30609 Y32.59604
G01 X-55.26380 Y32.56530
G01 X-55.18613 Y32.49535
G01 X-55.15115 Y32.45652
G01 X-55.08971 Y32.37196
G01 X-55.06360 Y32.32670
G01 X-55.02108 Y32.23119
G01 X-55.00492 Y32.18151
G01 X-54.98318 Y32.07925
G01 X-54.97498 Y31.97501
G01 X-54.97495 Y31.80150
G01 X-54.99492 Y31.64158
G01 X-55.00497 Y31.42502
G01 X-55.00497 Y30.62505
G01 X-54.99492 Y30.40846
G01 X-54.97495 Y30.24852
G01 X-54.94135 Y30.14512
G01 X-54.89883 Y30.04961
G01 X-54.81521 Y29.90478
G01 X-54.75377 Y29.82022
G01 X-54.64186 Y29.69594
G01 X-54.56418 Y29.62599
G01 X-54.42888 Y29.52769
G01 X-54.33835 Y29.47542
G01 X-54.18557 Y29.40740
G01 X-54.08615 Y29.37509
G01 X-53.92255 Y29.34032
G01 X-53.81862 Y29.32940
G01 X-53.65136 Y29.32940
G01 X-53.54742 Y29.34032
G01 X-53.38382 Y29.37509
G01 X-53.28440 Y29.40740
G01 X-53.13162 Y29.47542
G01 X-53.04110 Y29.52769
G01 X-52.90579 Y29.62599
G01 X-52.82812 Y29.69594
G01 X-52.71621 Y29.82022
G01 X-52.65476 Y29.90478
G01 X-52.57115 Y30.04961
G01 X-52.52863 Y30.14512
G01 X-52.47694 Y30.30417
G01 X-52.46497 Y30.36036
G01 X-52.46497 Y31.68954
G01 X-52.45304 Y31.74585
G01 X-52.40135 Y31.90490
G01 X-52.35883 Y32.00041
G01 X-52.27521 Y32.14524
G01 X-52.21377 Y32.22980
G01 X-52.10186 Y32.35410
G01 X-52.02418 Y32.42403
G01 X-51.94499 Y32.48159
G01 X-51.94499 Y35.58061
G01 X-52.04422 Y35.69083
G01 X-52.10567 Y35.77541
G01 X-52.17496 Y35.89540
G01 X-52.20676 Y36.03461
G01 X-52.23490 Y36.21229
G01 X-52.24450 Y36.30332
G01 X-52.25382 Y36.48102
G01 X-52.25382 Y36.56903
G01 X-52.24450 Y36.74673
G01 X-52.23490 Y36.83776
G01 X-52.20676 Y37.01544
G01 X-52.17496 Y37.15460
G01 X-52.10567 Y37.27464
G01 X-52.04422 Y37.35920
G01 X-51.92533 Y37.49125
G01 X-51.84765 Y37.56120
G01 X-51.73498 Y37.64304
G01 X-51.73498 Y39.80438
G01 X-52.55733 Y40.62671
G01 X-52.69136 Y40.60938
G01 X-52.85860 Y40.60938
G01 X-52.96256 Y40.62033
G01 X-53.12616 Y40.65510
G01 X-53.22558 Y40.68739
G01 X-53.37836 Y40.75541
G01 X-53.46888 Y40.80768
G01 X-53.60419 Y40.90598
G01 X-53.68186 Y40.97593
G01 X-53.79378 Y41.10021
G01 X-53.85522 Y41.18479
G01 X-53.93883 Y41.32963
G01 X-53.98135 Y41.42510
G01 X-54.03304 Y41.58418
G01 X-54.05476 Y41.68642
G01 X-54.07224 Y41.85274
G01 X-54.07224 Y41.95728
G01 X-54.05476 Y42.12360
G01 X-54.03304 Y42.22584
G01 X-53.98135 Y42.38492
G01 X-53.93883 Y42.48040
G01 X-53.85522 Y42.62523
G01 X-53.79378 Y42.70981
G01 X-53.68186 Y42.83409
G01 X-53.60419 Y42.90404
G01 X-53.46888 Y43.00234
G01 X-53.37836 Y43.05462
G01 X-53.22558 Y43.12264
G01 X-53.12616 Y43.15492
G01 X-52.96256 Y43.18969
G01 X-52.85860 Y43.20064
G01 X-52.69136 Y43.20064
G01 X-52.58740 Y43.18969
G01 X-52.42383 Y43.15492
G01 X-52.32441 Y43.12264
G01 X-52.17163 Y43.05462
G01 X-52.08110 Y43.00234
G01 X-51.94580 Y42.90404
G01 X-51.86810 Y42.83409
G01 X-51.75621 Y42.70981
G01 X-51.69477 Y42.62523
G01 X-51.61113 Y42.48040
G01 X-51.56863 Y42.38492
G01 X-51.51694 Y42.22584
G01 X-51.49520 Y42.12360
G01 X-51.47773 Y41.95728
G01 X-51.47773 Y41.85274
G01 X-51.49530 Y41.68601
G01 X-50.45464 Y40.64537
G01 X-50.39061 Y40.57113
G01 X-50.33615 Y40.48962
G01 X-50.31306 Y40.44642
G01 X-50.27555 Y40.35584
G01 X-50.26132 Y40.30895
G01 X-50.24220 Y40.21281
G01 X-50.23498 Y40.11502
G01 X-50.23498 Y37.64304
G01 X-50.12233 Y37.56120
G01 X-50.04466 Y37.49125
G01 X-49.92576 Y37.35920
G01 X-49.86432 Y37.27464
G01 X-49.77547 Y37.12074
G01 X-49.73295 Y37.02524
G01 X-49.71497 Y36.96992
G01 X-49.71497 Y36.07998
G01 X-49.69703 Y36.02478
G01 X-49.65452 Y35.92928
G01 X-49.56567 Y35.77541
G01 X-49.50422 Y35.69083
G01 X-49.40499 Y35.58061
G01 X-49.40499 Y32.48159
G01 X-49.48418 Y32.42403
G01 X-49.56186 Y32.35410
G01 X-49.67377 Y32.22980
G01 X-49.73521 Y32.14524
G01 X-49.81883 Y32.00041
G01 X-49.86135 Y31.90490
G01 X-49.91304 Y31.74585
G01 X-49.92497 Y31.68956
G01 X-49.92497 Y30.36036
G01 X-49.91304 Y30.30417
G01 X-49.86135 Y30.14512
G01 X-49.81883 Y30.04961
G01 X-49.73521 Y29.90478
G01 X-49.67377 Y29.82022
G01 X-49.56186 Y29.69594
G01 X-49.48418 Y29.62599
G01 X-49.34888 Y29.52769
G01 X-49.25835 Y29.47542
G01 X-49.10557 Y29.40740
G01 X-49.00615 Y29.37509
G01 X-48.84255 Y29.34032
G01 X-48.73862 Y29.32940
G01 X-48.57136 Y29.32940
G01 X-48.46742 Y29.34032
G01 X-48.30382 Y29.37509
G01 X-48.20440 Y29.40740
G01 X-48.05162 Y29.47542
G01 X-47.96110 Y29.52769
G01 X-47.82579 Y29.62599
G01 X-47.74812 Y29.69594
G01 X-47.63621 Y29.82022
G01 X-47.57476 Y29.90478
G01 X-47.49115 Y30.04961
G01 X-47.44863 Y30.14512
G01 X-47.39694 Y30.30417
G01 X-47.38497 Y30.36036
G01 X-47.38497 Y31.68956
G01 X-47.37304 Y31.74585
G01 X-47.32135 Y31.90490
G01 X-47.27883 Y32.00041
G01 X-47.19521 Y32.14524
G01 X-47.13377 Y32.22980
G01 X-47.02186 Y32.35410
G01 X-46.94418 Y32.42403
G01 X-46.86499 Y32.48159
G01 X-46.86499 Y35.58061
G01 X-46.96422 Y35.69083
G01 X-47.02567 Y35.77541
G01 X-47.11452 Y35.92928
G01 X-47.15703 Y36.02478
G01 X-47.17497 Y36.07998
G01 X-47.17497 Y36.96992
G01 X-47.15703 Y37.02524
G01 X-47.11452 Y37.12074
G01 X-47.02567 Y37.27464
G01 X-46.96422 Y37.35920
G01 X-46.84533 Y37.49125
G01 X-46.76765 Y37.56120
G01 X-46.65498 Y37.64304
G01 X-46.65498 Y40.77502
G01 X-46.64776 Y40.87281
G01 X-46.62864 Y40.96895
G01 X-46.61441 Y41.01583
G01 X-46.57690 Y41.10641
G01 X-46.55381 Y41.14962
G01 X-46.49935 Y41.23112
G01 X-46.46826 Y41.26900
G01 X-46.05467 Y41.68599
G01 X-46.07225 Y41.85274
G01 X-46.07225 Y41.95728
G01 X-46.05478 Y42.12360
G01 X-46.03303 Y42.22584
G01 X-45.98135 Y42.38492
G01 X-45.93883 Y42.48040
G01 X-45.85521 Y42.62523
G01 X-45.79377 Y42.70981
G01 X-45.68185 Y42.83409
G01 X-45.60418 Y42.90404
G01 X-45.46887 Y43.00234
G01 X-45.37835 Y43.05462
G01 X-45.22557 Y43.12264
G01 X-45.12615 Y43.15492
G01 X-44.96258 Y43.18969
G01 X-44.85861 Y43.20064
G01 X-44.69136 Y43.20064
G01 X-44.58742 Y43.18969
G01 X-44.42382 Y43.15492
G01 X-44.32440 Y43.12264
G01 X-44.17162 Y43.05462
G01 X-44.08109 Y43.00234
G01 X-43.94579 Y42.90404
G01 X-43.86812 Y42.83409
G01 X-43.75620 Y42.70981
G01 X-43.69476 Y42.62523
G01 X-43.61114 Y42.48040
G01 X-43.56862 Y42.38492
G01 X-43.51694 Y42.22584
G01 X-43.49522 Y42.12360
G01 X-43.47772 Y41.95728
G01 X-43.47772 Y41.85274
G01 X-43.49522 Y41.68642
G01 X-43.51694 Y41.58418
G01 X-43.56862 Y41.42510
G01 X-43.61114 Y41.32963
G01 X-43.69476 Y41.18479
G01 X-43.75620 Y41.10021
G01 X-43.86812 Y40.97593
G01 X-43.94579 Y40.90598
G01 X-44.08109 Y40.80768
G01 X-44.17162 Y40.75541
G01 X-44.32440 Y40.68739
G01 X-44.42382 Y40.65510
G01 X-44.58742 Y40.62033
G01 X-44.69136 Y40.60938
G01 X-44.85861 Y40.60938
G01 X-44.99262 Y40.62671
G01 X-45.15498 Y40.46437
G01 X-45.15498 Y37.64304
G01 X-45.04233 Y37.56120
G01 X-44.96466 Y37.49125
G01 X-44.84576 Y37.35920
G01 X-44.78432 Y37.27464
G01 X-44.69547 Y37.12074
G01 X-44.65295 Y37.02524
G01 X-44.63497 Y36.96992
G01 X-44.63497 Y36.07998
G01 X-44.61703 Y36.02478
G01 X-44.57452 Y35.92928
G01 X-44.48567 Y35.77541
G01 X-44.42422 Y35.69083
G01 X-44.30533 Y35.55877
G01 X-44.22765 Y35.48882
G01 X-44.11498 Y35.40698
G01 X-44.11498 Y32.60282
G01 X-44.17835 Y32.57460
G01 X-44.26888 Y32.52235
G01 X-44.40418 Y32.42403
G01 X-44.48186 Y32.35410
G01 X-44.59377 Y32.22980
G01 X-44.65521 Y32.14524
G01 X-44.73883 Y32.00041
G01 X-44.78135 Y31.90490
G01 X-44.83304 Y31.74585
G01 X-44.84497 Y31.68956
G01 X-44.84497 Y30.36036
G01 X-44.83304 Y30.30417
G01 X-44.78135 Y30.14512
G01 X-44.73883 Y30.04961
G01 X-44.65521 Y29.90478
G01 X-44.59377 Y29.82022
G01 X-44.48186 Y29.69594
G01 X-44.40418 Y29.62599
G01 X-44.26888 Y29.52769
G01 X-44.17835 Y29.47542
G01 X-44.02557 Y29.40740
G01 X-43.92616 Y29.37509
G01 X-43.76255 Y29.34032
G01 X-43.65862 Y29.32940
G01 X-43.49136 Y29.32940
G01 X-43.38742 Y29.34032
G01 X-43.22382 Y29.37509
G01 X-43.12440 Y29.40740
G01 X-42.97162 Y29.47542
G01 X-42.88110 Y29.52769
G01 X-42.74579 Y29.62599
G01 X-42.66812 Y29.69594
G01 X-42.55621 Y29.82022
G01 X-42.49476 Y29.90478
G01 X-42.41115 Y30.04961
G01 X-42.36863 Y30.14512
G01 X-42.31694 Y30.30417
G01 X-42.30497 Y30.36036
G01 X-42.30497 Y31.68956
G01 X-42.29304 Y31.74585
G01 X-42.24135 Y31.90490
G01 X-42.19883 Y32.00041
G01 X-42.11521 Y32.14524
G01 X-42.05377 Y32.22980
G01 X-41.94186 Y32.35410
G01 X-41.86418 Y32.42403
G01 X-41.72888 Y32.52235
G01 X-41.63835 Y32.57460
G01 X-41.48557 Y32.64262
G01 X-41.38615 Y32.67493
G01 X-41.22255 Y32.70970
G01 X-41.11862 Y32.72063
G01 X-40.95136 Y32.72063
G01 X-40.84742 Y32.70970
G01 X-40.68382 Y32.67493
G01 X-40.58440 Y32.64262
G01 X-40.43162 Y32.57460
G01 X-40.34110 Y32.52235
G01 X-40.20579 Y32.42403
G01 X-40.12812 Y32.35410
G01 X-40.01621 Y32.22980
G01 X-39.95476 Y32.14524
G01 X-39.87115 Y32.00041
G01 X-39.82863 Y31.90490
G01 X-39.77694 Y31.74585
G01 X-39.76497 Y31.68956
G01 X-39.76497 Y30.36036
G01 X-39.75304 Y30.30417
G01 X-39.70135 Y30.14512
G01 X-39.64867 Y30.03201
G01 X-40.40564 Y29.27501
G01 X-59.96638 Y29.27501
G01 X-60.00621 Y29.32980
G01 X-60.11812 Y29.45408
G01 X-60.19579 Y29.52404
G01 X-60.33110 Y29.62233
G01 X-60.42163 Y29.67461
G01 X-60.57441 Y29.74263
G01 X-60.67382 Y29.77494
G01 X-60.83740 Y29.80971
G01 X-60.94136 Y29.82063
G01 X-61.10862 Y29.82063
G01 X-61.21256 Y29.80971
G01 X-61.37616 Y29.77494
G01 X-61.47557 Y29.74263
G01 X-61.62835 Y29.67461
G01 X-61.71888 Y29.62233
G01 X-61.85419 Y29.52404
G01 X-61.93186 Y29.45408
G01 X-62.03907 Y29.33503
G01 X-62.67496 Y29.33503
G01 X-62.67496 Y29.37501
G01 X-62.68459 Y29.47255
G01 X-62.71304 Y29.56635
G01 X-62.75926 Y29.65279
G01 X-62.82144 Y29.72856
G01 X-62.89719 Y29.79074
G01 X-62.98365 Y29.83696
G01 X-63.07745 Y29.86541
G01 X-63.17496 Y29.87501
G01 X-64.87496 Y29.87501
G01 X-64.97254 Y29.86541
G01 X-65.06632 Y29.83696
G01 X-65.15278 Y29.79074
G01 X-65.22855 Y29.72856
G01 X-65.29070 Y29.65279
G01 X-65.33693 Y29.56635
G01 X-65.36538 Y29.47255
G01 X-65.37496 Y29.37501
G01 X-65.37496 Y27.67502
G01 X-65.36538 Y27.57746
G01 X-65.33693 Y27.48368
G01 X-65.29070 Y27.39722
G01 X-65.22855 Y27.32145
G01 X-65.15278 Y27.25927
G01 X-65.06632 Y27.21307
G01 X-64.97254 Y27.18462
G01 X-64.87496 Y27.17502
G01 X-64.65832 Y27.17504
G01 X-64.74387 Y27.12564
G01 X-64.88763 Y27.02120
G01 X-64.96533 Y26.95124
G01 X-65.08423 Y26.81919
G01 X-65.14567 Y26.73463
G01 X-65.23452 Y26.58073
G01 X-65.27704 Y26.48526
G01 X-65.33193 Y26.31624
G01 X-65.35365 Y26.21401
G01 X-65.37221 Y26.03728
G01 X-65.37221 Y25.93275
G01 X-65.35365 Y25.75602
G01 X-65.33193 Y25.65379
G01 X-65.27704 Y25.48477
G01 X-65.23452 Y25.38930
G01 X-65.14567 Y25.23540
G01 X-65.08423 Y25.15084
G01 X-64.96533 Y25.01879
G01 X-64.88763 Y24.94883
G01 X-64.74387 Y24.84439
G01 X-64.65334 Y24.79212
G01 X-64.49099 Y24.71985
G01 X-64.39157 Y24.68755
G01 X-64.21776 Y24.65059
G01 X-64.11385 Y24.63967
G01 X-63.93615 Y24.63967
G01 X-63.83216 Y24.65059
G01 X-63.65835 Y24.68755
G01 X-63.55893 Y24.71985
G01 X-63.39663 Y24.79212
G01 X-63.30610 Y24.84439
G01 X-63.16234 Y24.94883
G01 X-63.08466 Y25.01879
G01 X-62.96574 Y25.15084
G01 X-62.90427 Y25.23540
G01 X-62.84679 Y25.33502
G01 X-62.12266 Y25.33502
G01 X-62.10521 Y25.30479
G01 X-62.04377 Y25.22021
G01 X-61.93186 Y25.09593
G01 X-61.85419 Y25.02600
G01 X-61.71888 Y24.92768
G01 X-61.62835 Y24.87543
G01 X-61.47557 Y24.80738
G01 X-61.37616 Y24.77510
G01 X-61.21256 Y24.74033
G01 X-61.10862 Y24.72940
G01 X-60.94136 Y24.72940
G01 X-60.83740 Y24.74033
G01 X-60.67382 Y24.77510
G01 X-60.57441 Y24.80738
G01 X-60.42163 Y24.87543
G01 X-60.33110 Y24.92768
G01 X-60.19579 Y25.02600
G01 X-60.11812 Y25.09593
G01 X-60.00621 Y25.22021
G01 X-59.96638 Y25.27502
G01 X-59.20563 Y25.27502
G01 X-57.57500 Y23.64437
G01 X-57.57500 Y23.00502
G01 X-57.55478 Y22.78643
G01 X-57.53304 Y22.68417
G01 X-57.48135 Y22.52512
G01 X-57.43883 Y22.42961
G01 X-57.35521 Y22.28478
G01 X-57.29377 Y22.20022
G01 X-57.18186 Y22.07594
G01 X-57.10418 Y22.00599
G01 X-56.96888 Y21.90769
G01 X-56.87835 Y21.85542
G01 X-56.72557 Y21.78740
G01 X-56.62615 Y21.75509
G01 X-56.46255 Y21.72032
G01 X-56.35862 Y21.70940
G01 X-56.19136 Y21.70940
G01 X-56.08742 Y21.72032
G01 X-55.92382 Y21.75509
G01 X-55.82440 Y21.78740
G01 X-55.67162 Y21.85542
G01 X-55.58110 Y21.90769
G01 X-55.44579 Y22.00599
G01 X-55.36812 Y22.07594
G01 X-55.25621 Y22.20022
G01 X-55.19476 Y22.28478
G01 X-55.11115 Y22.42961
G01 X-55.06863 Y22.52512
G01 X-55.01694 Y22.68417
G01 X-55.00497 Y22.74036
G01 X-55.00497 Y24.06956
G01 X-54.99304 Y24.12585
G01 X-54.94135 Y24.28490
G01 X-54.88864 Y24.39804
G01 X-58.26562 Y27.77502
G01 X-59.96638 Y27.77502
G01 X-60.00621 Y27.72023
G01 X-60.11812 Y27.59592
G01 X-60.19579 Y27.52600
G01 X-60.33110 Y27.42767
G01 X-60.42163 Y27.37542
G01 X-60.57441 Y27.30740
G01 X-60.67382 Y27.27494
G01 X-61.37570 Y27.27504
G01 X-61.47557 Y27.24263
G01 X-61.62835 Y27.17461
G01 X-61.71888 Y27.12234
G01 X-61.85419 Y27.02404
G01 X-61.93186 Y26.95409
G01 X-62.03907 Y26.83501
G01 X-62.97999 Y26.83501
G01 X-63.08466 Y26.95124
G01 X-63.16234 Y27.02120
G01 X-63.30610 Y27.12564
G01 X-63.39152 Y27.17502
G01 X-63.57491 Y27.21431
G01 X-63.66963 Y27.22935
G01 X-63.84732 Y27.24804
G01 X-63.93615 Y27.25269
G01 X-64.11385 Y27.25269
G01 X-64.20264 Y27.24804
G01 X-64.38034 Y27.22935
G01 X-64.47501 Y27.21431
G01 X-64.65832 Y27.17504
G01 X-64.47501 Y27.21431
G01 X-64.38034 Y27.22935
G01 X-64.20264 Y27.24804
G01 X-64.11385 Y27.25269
G01 X-63.93615 Y27.25269
G01 X-63.84732 Y27.24804
G01 X-63.66963 Y27.22935
G01 X-63.57491 Y27.21431
G01 X-63.39152 Y27.17502
G01 X-63.17496 Y27.17502
G01 X-63.07745 Y27.18462
G01 X-62.98365 Y27.21307
G01 X-62.89719 Y27.25927
G01 X-62.82144 Y27.32145
G01 X-62.75926 Y27.39722
G01 X-62.71304 Y27.48368
G01 X-62.68459 Y27.57746
G01 X-62.67496 Y27.67502
G01 X-62.67496 Y27.83504
G01 X-62.12269 Y27.83504
G01 X-62.10521 Y27.80479
G01 X-62.04377 Y27.72023
G01 X-61.93186 Y27.59592
G01 X-61.85419 Y27.52600
G01 X-61.71888 Y27.42767
G01 X-61.62835 Y27.37542
G01 X-61.47557 Y27.30740
G01 X-61.37616 Y27.27494
G01 X-60.67410 Y27.27504
G01 X-60.57441 Y27.24263
G01 X-60.42163 Y27.17461
G01 X-60.33110 Y27.12234
G01 X-60.19579 Y27.02404
G01 X-60.11812 Y26.95409
G01 X-60.00621 Y26.82981
G01 X-59.96641 Y26.77502
G01 X-58.84596 Y26.77261
G01 X-58.79719 Y26.76781
G01 X-58.70106 Y26.74868
G01 X-58.65417 Y26.73445
G01 X-58.56359 Y26.69694
G01 X-58.52039 Y26.67385
G01 X-58.43888 Y26.61939
G01 X-58.36463 Y26.55536
G01 X-56.79915 Y24.98986
G01 X-56.72557 Y25.02262
G01 X-56.62615 Y25.05493
G01 X-56.46255 Y25.08970
G01 X-56.35862 Y25.10063
G01 X-56.19136 Y25.10063
G01 X-56.08742 Y25.08970
G01 X-55.92382 Y25.05493
G01 X-55.82440 Y25.02262
G01 X-55.67162 Y24.95460
G01 X-55.58110 Y24.90235
G01 X-55.44579 Y24.80403
G01 X-55.36812 Y24.73410
G01 X-55.25621 Y24.60980
G01 X-55.19476 Y24.52524
G01 X-55.11115 Y24.38041
G01 X-55.06863 Y24.28490
G01 X-55.01694 Y24.12585
G01 X-55.00497 Y24.06956
G01 X-55.00497 Y22.74036
G01 X-54.99304 Y22.68417
G01 X-54.94135 Y22.52512
G01 X-54.89883 Y22.42961
G01 X-54.81521 Y22.28478
G01 X-54.75377 Y22.20022
G01 X-54.64186 Y22.07594
G01 X-54.56418 Y22.00599
G01 X-54.42888 Y21.90769
G01 X-54.33835 Y21.85542
G01 X-54.18557 Y21.78740
G01 X-54.08615 Y21.75509
G01 X-53.92255 Y21.72032
G01 X-53.81862 Y21.70940
G01 X-53.65136 Y21.70940
G01 X-53.54742 Y21.72032
G01 X-53.38382 Y21.75509
G01 X-53.28440 Y21.78740
G01 X-53.13162 Y21.85542
G01 X-53.04110 Y21.90769
G01 X-52.90579 Y22.00599
G01 X-52.82812 Y22.07594
G01 X-52.71621 Y22.20022
G01 X-52.65476 Y22.28478
G01 X-52.57115 Y22.42961
G01 X-52.52863 Y22.52512
G01 X-52.47694 Y22.68417
G01 X-52.46497 Y22.74036
G01 X-52.46497 Y24.06954
G01 X-52.45304 Y24.12585
G01 X-52.40135 Y24.28490
G01 X-52.35883 Y24.38041
G01 X-52.27521 Y24.52524
G01 X-52.21377 Y24.60980
G01 X-52.10186 Y24.73410
G01 X-52.02418 Y24.80403
G01 X-51.88888 Y24.90235
G01 X-51.79835 Y24.95460
G01 X-51.64557 Y25.02262
G01 X-51.54615 Y25.05493
G01 X-51.38255 Y25.08970
G01 X-51.27862 Y25.10063
G01 X-51.11136 Y25.10063
G01 X-51.00742 Y25.08970
G01 X-50.84382 Y25.05493
G01 X-50.74440 Y25.02262
G01 X-50.59162 Y24.95460
G01 X-50.50110 Y24.90235
G01 X-50.36579 Y24.80403
G01 X-50.28812 Y24.73410
G01 X-50.17621 Y24.60980
G01 X-50.11476 Y24.52524
G01 X-50.03115 Y24.38041
G01 X-49.98863 Y24.28490
G01 X-49.93694 Y24.12585
G01 X-49.92497 Y24.06956
G01 X-49.92497 Y22.74036
G01 X-49.91304 Y22.68417
G01 X-49.86135 Y22.52512
G01 X-49.81883 Y22.42961
G01 X-49.73521 Y22.28478
G01 X-49.67377 Y22.20022
G01 X-49.64496 Y22.16822
G01 X-49.64496 Y19.14306
G01 X-49.75764 Y19.06119
G01 X-49.83531 Y18.99124
G01 X-49.95424 Y18.85918
G01 X-50.01565 Y18.77463
G01 X-50.10450 Y18.62073
G01 X-50.14702 Y18.52525
G01 X-50.16498 Y18.46996
G01 X-50.16498 Y17.58002
G01 X-50.14702 Y17.52477
G01 X-50.10450 Y17.42929
G01 X-50.01565 Y17.27539
G01 X-49.95424 Y17.19084
G01 X-49.83531 Y17.05878
G01 X-49.75764 Y16.98883
G01 X-49.61388 Y16.88439
G01 X-49.52498 Y16.83305
G01 X-49.52498 Y13.70159
G01 X-49.60417 Y13.64403
G01 X-49.68187 Y13.57411
G01 X-49.79378 Y13.44980
G01 X-49.85523 Y13.36524
G01 X-49.93884 Y13.22041
G01 X-49.98136 Y13.12491
G01 X-50.03303 Y12.96585
G01 X-50.05477 Y12.86362
G01 X-50.07224 Y12.69727
G01 X-50.07224 Y12.59275
G01 X-50.05477 Y12.42643
G01 X-50.03303 Y12.32417
G01 X-49.98136 Y12.16512
G01 X-49.93884 Y12.06961
G01 X-49.85523 Y11.92478
G01 X-49.79378 Y11.84023
G01 X-49.68187 Y11.71594
G01 X-49.60417 Y11.64599
G01 X-49.46889 Y11.54769
G01 X-49.37837 Y11.49542
G01 X-49.22556 Y11.42740
G01 X-49.12614 Y11.39509
G01 X-48.96257 Y11.36032
G01 X-48.85861 Y11.34940
G01 X-48.69137 Y11.34940
G01 X-48.58741 Y11.36032
G01 X-48.42381 Y11.39509
G01 X-48.32439 Y11.42740
G01 X-48.17161 Y11.49542
G01 X-48.08109 Y11.54769
G01 X-47.94578 Y11.64599
G01 X-47.86811 Y11.71594
G01 X-47.75620 Y11.84023
G01 X-47.69475 Y11.92478
G01 X-47.61114 Y12.06961
G01 X-47.56862 Y12.16512
G01 X-47.51695 Y12.32417
G01 X-47.49521 Y12.42643
G01 X-47.47774 Y12.59275
G01 X-47.47774 Y12.69727
G01 X-47.49521 Y12.86362
G01 X-47.51695 Y12.96585
G01 X-47.56862 Y13.12491
G01 X-47.61114 Y13.22041
G01 X-47.69475 Y13.36524
G01 X-47.75620 Y13.44980
G01 X-47.86811 Y13.57411
G01 X-47.94578 Y13.64403
G01 X-48.02498 Y13.70156
G01 X-48.02498 Y16.99546
G01 X-47.95465 Y17.05878
G01 X-47.83575 Y17.19084
G01 X-47.77431 Y17.27539
G01 X-47.68546 Y17.42929
G01 X-47.64294 Y17.52477
G01 X-47.62498 Y17.58002
G01 X-47.62498 Y18.46996
G01 X-47.64294 Y18.52525
G01 X-47.68546 Y18.62073
G01 X-47.77431 Y18.77463
G01 X-47.83575 Y18.85918
G01 X-47.95465 Y18.99124
G01 X-48.03234 Y19.06119
G01 X-48.14497 Y19.14303
G01 X-48.14497 Y21.81387
G01 X-48.05162 Y21.85542
G01 X-47.96110 Y21.90769
G01 X-47.82579 Y22.00599
G01 X-47.74812 Y22.07594
G01 X-47.63621 Y22.20022
G01 X-47.57476 Y22.28478
G01 X-47.49115 Y22.42961
G01 X-47.44863 Y22.52512
G01 X-47.39694 Y22.68417
G01 X-47.38497 Y22.74036
G01 X-47.38497 Y24.06956
G01 X-47.39694 Y24.12585
G01 X-47.44863 Y24.28490
G01 X-47.49115 Y24.38041
G01 X-47.57476 Y24.52524
G01 X-47.63621 Y24.60980
G01 X-47.74812 Y24.73410
G01 X-47.82579 Y24.80403
G01 X-47.96110 Y24.90235
G01 X-48.05162 Y24.95460
G01 X-48.20440 Y25.02262
G01 X-48.30382 Y25.05493
G01 X-48.46742 Y25.08970
G01 X-48.57136 Y25.10063
G01 X-48.73862 Y25.10063
G01 X-48.84255 Y25.08970
G01 X-49.00615 Y25.05493
G01 X-49.10557 Y25.02262
G01 X-49.25835 Y24.95460
G01 X-49.34888 Y24.90235
G01 X-49.48418 Y24.80403
G01 X-49.56186 Y24.73410
G01 X-49.67377 Y24.60980
G01 X-49.73521 Y24.52524
G01 X-49.81883 Y24.38041
G01 X-49.86135 Y24.28490
G01 X-49.91304 Y24.12585
G01 X-49.92497 Y24.06956
G01 X-49.92497 Y22.74036
G01 X-49.93694 Y22.68417
G01 X-49.98863 Y22.52512
G01 X-50.03115 Y22.42961
G01 X-50.11476 Y22.28478
G01 X-50.17621 Y22.20022
G01 X-50.28812 Y22.07594
G01 X-50.36579 Y22.00599
G01 X-50.50110 Y21.90769
G01 X-50.59162 Y21.85542
G01 X-50.68497 Y21.81387
G01 X-50.68497 Y19.14303
G01 X-50.57234 Y19.06119
G01 X-50.49465 Y18.99124
G01 X-50.37575 Y18.85918
G01 X-50.31431 Y18.77463
G01 X-50.22546 Y18.62073
G01 X-50.18294 Y18.52525
G01 X-50.16498 Y18.46996
G01 X-50.16498 Y17.58002
G01 X-50.18294 Y17.52477
G01 X-50.22546 Y17.42929
G01 X-50.31431 Y17.27539
G01 X-50.37575 Y17.19084
G01 X-50.49465 Y17.05878
G01 X-50.57234 Y16.98883
G01 X-50.68497 Y16.90699
G01 X-50.68497 Y14.67502
G01 X-50.69218 Y14.57725
G01 X-50.71131 Y14.48111
G01 X-50.72553 Y14.43423
G01 X-50.77499 Y14.32130
G01 X-50.77499 Y13.95500
G01 X-50.78220 Y13.85724
G01 X-50.80133 Y13.76110
G01 X-50.81555 Y13.71421
G01 X-50.85307 Y13.62364
G01 X-50.87615 Y13.58043
G01 X-50.93061 Y13.49892
G01 X-50.96170 Y13.46105
G01 X-51.50582 Y12.91353
G01 X-51.49520 Y12.86362
G01 X-51.47773 Y12.69727
G01 X-51.47773 Y12.59275
G01 X-51.49520 Y12.42643
G01 X-51.51694 Y12.32417
G01 X-51.56863 Y12.16512
G01 X-51.61113 Y12.06961
G01 X-51.69477 Y11.92478
G01 X-51.75621 Y11.84023
G01 X-51.86810 Y11.71594
G01 X-51.94580 Y11.64599
G01 X-52.08110 Y11.54769
G01 X-52.17163 Y11.49542
G01 X-52.32441 Y11.42740
G01 X-52.42383 Y11.39509
G01 X-52.58740 Y11.36032
G01 X-52.69136 Y11.34940
G01 X-52.85860 Y11.34940
G01 X-52.96256 Y11.36032
G01 X-53.12616 Y11.39509
G01 X-53.22558 Y11.42740
G01 X-53.37836 Y11.49542
G01 X-53.46888 Y11.54769
G01 X-53.60419 Y11.64599
G01 X-53.68186 Y11.71594
G01 X-53.79378 Y11.84023
G01 X-53.85522 Y11.92478
G01 X-53.93883 Y12.06961
G01 X-53.98135 Y12.16512
G01 X-54.03304 Y12.32417
G01 X-54.05476 Y12.42643
G01 X-54.07224 Y12.59275
G01 X-54.07224 Y12.69727
G01 X-54.05476 Y12.86362
G01 X-54.03304 Y12.96585
G01 X-53.98135 Y13.12491
G01 X-53.93883 Y13.22041
G01 X-53.85522 Y13.36524
G01 X-53.79378 Y13.44980
G01 X-53.68186 Y13.57411
G01 X-53.60419 Y13.64403
G01 X-53.46888 Y13.74233
G01 X-53.37836 Y13.79460
G01 X-53.22558 Y13.86262
G01 X-53.12616 Y13.89493
G01 X-52.96256 Y13.92971
G01 X-52.85860 Y13.94063
G01 X-52.69136 Y13.94063
G01 X-52.60871 Y13.93194
G01 X-52.27498 Y14.26567
G01 X-52.27498 Y14.58500
G01 X-52.26777 Y14.68279
G01 X-52.24864 Y14.77893
G01 X-52.23442 Y14.82582
G01 X-52.18496 Y14.93875
G01 X-52.18496 Y16.90697
G01 X-52.29764 Y16.98883
G01 X-52.37531 Y17.05878
G01 X-52.49424 Y17.19084
G01 X-52.55565 Y17.27539
G01 X-52.64450 Y17.42929
G01 X-52.68702 Y17.52477
G01 X-52.74194 Y17.69378
G01 X-52.76368 Y17.79602
G01 X-52.78225 Y17.97275
G01 X-52.78225 Y18.07727
G01 X-52.76368 Y18.25400
G01 X-52.74194 Y18.35624
G01 X-52.68702 Y18.52525
G01 X-52.64450 Y18.62073
G01 X-52.55565 Y18.77463
G01 X-52.49424 Y18.85918
G01 X-52.37531 Y18.99124
G01 X-52.29764 Y19.06119
G01 X-52.18496 Y19.14306
G01 X-52.18496 Y22.16822
G01 X-52.21377 Y22.20022
G01 X-52.27521 Y22.28478
G01 X-52.35883 Y22.42961
G01 X-52.40135 Y22.52512
G01 X-52.45304 Y22.68417
G01 X-52.46497 Y22.74036
G01 X-52.46497 Y24.06954
G01 X-52.47694 Y24.12585
G01 X-52.52863 Y24.28490
G01 X-52.57115 Y24.38041
G01 X-52.65476 Y24.52524
G01 X-52.71621 Y24.60980
G01 X-52.82812 Y24.73410
G01 X-52.90579 Y24.80403
G01 X-53.04110 Y24.90235
G01 X-53.13162 Y24.95460
G01 X-53.28440 Y25.02262
G01 X-53.38382 Y25.05493
G01 X-53.43513 Y25.06583
G01 X-56.14432 Y27.77502
G01 X-40.09500 Y27.77502
G01 X-39.99721 Y27.78223
G01 X-39.90107 Y27.80136
G01 X-39.85418 Y27.81558
G01 X-39.76360 Y27.85310
G01 X-39.72040 Y27.87618
G01 X-39.63889 Y27.93064
G01 X-39.60102 Y27.96173
G01 X-38.19518 Y29.36417
G01 X-38.14382 Y29.37509
G01 X-38.04440 Y29.40740
G01 X-37.89162 Y29.47542
G01 X-37.80110 Y29.52769
G01 X-37.66579 Y29.62599
G01 X-37.58812 Y29.69594
G01 X-37.47621 Y29.82022
G01 X-37.41476 Y29.90478
G01 X-37.33115 Y30.04961
G01 X-37.28863 Y30.14512
G01 X-37.23694 Y30.30417
G01 X-37.21520 Y30.40643
G01 X-37.19498 Y30.62502
G01 X-37.19498 Y31.42502
G01 X-37.21520 Y31.64361
G01 X-37.23694 Y31.74585
G01 X-37.28863 Y31.90490
G01 X-37.33115 Y32.00041
G01 X-37.41476 Y32.14524
G01 X-37.47621 Y32.22980
G01 X-37.58812 Y32.35410
G01 X-37.66579 Y32.42403
G01 X-37.80110 Y32.52235
G01 X-37.89162 Y32.57460
G01 X-38.04440 Y32.64262
G01 X-38.14382 Y32.67493
G01 X-38.30742 Y32.70970
G01 X-38.41136 Y32.72063
G01 X-38.57862 Y32.72063
G01 X-38.68255 Y32.70970
G01 X-38.84615 Y32.67493
G01 X-38.94557 Y32.64262
G01 X-39.09835 Y32.57460
G01 X-39.18888 Y32.52235
G01 X-39.32418 Y32.42403
G01 X-39.40186 Y32.35410
G01 X-39.51377 Y32.22980
G01 X-39.57521 Y32.14524
G01 X-39.65883 Y32.00041
G01 X-39.70135 Y31.90490
G01 X-39.75304 Y31.74585
G01 X-39.76497 Y31.68956
G01 X-39.76497 Y30.36036
G01 X-39.77694 Y30.30417
G01 X-39.82863 Y30.14512
G01 X-39.87115 Y30.04961
G01 X-39.95476 Y29.90478
G01 X-40.01621 Y29.82022
G01 X-40.12812 Y29.69594
G01 X-40.20579 Y29.62599
G01 X-40.34110 Y29.52769
G01 X-40.43162 Y29.47542
G01 X-40.58440 Y29.40740
G01 X-40.68382 Y29.37509
G01 X-40.84742 Y29.34032
G01 X-40.95136 Y29.32940
G01 X-41.11862 Y29.32940
G01 X-41.22255 Y29.34032
G01 X-41.38615 Y29.37509
G01 X-41.48557 Y29.40740
G01 X-41.63835 Y29.47542
G01 X-41.72888 Y29.52769
G01 X-41.86418 Y29.62599
G01 X-41.94186 Y29.69594
G01 X-42.05377 Y29.82022
G01 X-42.11521 Y29.90478
G01 X-42.19883 Y30.04961
G01 X-42.24135 Y30.14512
G01 X-42.29304 Y30.30417
G01 X-42.30497 Y30.36036
G01 X-42.30497 Y31.68956
G01 X-42.31694 Y31.74585
G01 X-42.36863 Y31.90490
G01 X-42.41115 Y32.00041
G01 X-42.49476 Y32.14524
G01 X-42.55621 Y32.22980
G01 X-42.61498 Y32.29510
G01 X-42.61498 Y35.40698
G01 X-42.50233 Y35.48882
G01 X-42.42466 Y35.55877
G01 X-42.30576 Y35.69083
G01 X-42.24432 Y35.77541
G01 X-42.15547 Y35.92928
G01 X-42.11295 Y36.02478
G01 X-42.05804 Y36.19377
G01 X-42.03629 Y36.29603
G01 X-42.01773 Y36.47274
G01 X-42.01773 Y36.57729
G01 X-42.03629 Y36.75399
G01 X-42.05804 Y36.85625
G01 X-42.11295 Y37.02524
G01 X-42.15547 Y37.12074
G01 X-42.24432 Y37.27464
G01 X-42.30576 Y37.35920
G01 X-42.42466 Y37.49125
G01 X-42.50233 Y37.56120
G01 X-42.61498 Y37.64304
G01 X-42.61498 Y38.42130
G01 X-42.56553 Y38.53423
G01 X-42.55130 Y38.58112
G01 X-42.53218 Y38.67726
G01 X-42.52738 Y38.72602
G01 X-42.52496 Y39.34436
G01 X-41.24262 Y40.62671
G01 X-41.10861 Y40.60938
G01 X-40.94138 Y40.60938
G01 X-40.83741 Y40.62033
G01 X-40.67381 Y40.65510
G01 X-40.57440 Y40.68739
G01 X-40.42162 Y40.75541
G01 X-40.33109 Y40.80768
G01 X-40.19578 Y40.90598
G01 X-40.11811 Y40.97593
G01 X-40.00620 Y41.10021
G01 X-39.94476 Y41.18479
G01 X-39.86114 Y41.32963
G01 X-39.81862 Y41.42510
G01 X-39.76693 Y41.58418
G01 X-39.74521 Y41.68642
G01 X-39.72774 Y41.85274
G01 X-39.72774 Y41.95728
G01 X-39.74521 Y42.12360
G01 X-39.76693 Y42.22584
G01 X-39.81862 Y42.38492
G01 X-39.86114 Y42.48040
G01 X-39.94476 Y42.62523
G01 X-40.00620 Y42.70981
G01 X-40.11811 Y42.83409
G01 X-40.19578 Y42.90404
G01 X-40.33109 Y43.00234
G01 X-40.42162 Y43.05462
G01 X-40.57440 Y43.12264
G01 X-40.67381 Y43.15492
G01 X-40.83741 Y43.18969
G01 X-40.94138 Y43.20064
G01 X-41.10861 Y43.20064
G01 X-41.21257 Y43.18969
G01 X-41.37615 Y43.15492
G01 X-41.47556 Y43.12264
G01 X-41.62834 Y43.05462
G01 X-41.71887 Y43.00234
G01 X-41.85418 Y42.90404
G01 X-41.93187 Y42.83409
G01 X-42.04376 Y42.70981
G01 X-42.10520 Y42.62523
G01 X-42.18885 Y42.48040
G01 X-42.23134 Y42.38492
G01 X-42.28303 Y42.22584
G01 X-42.30477 Y42.12360
G01 X-42.32225 Y41.95728
G01 X-42.32225 Y41.85274
G01 X-42.30467 Y41.68599
G01 X-43.80530 Y40.18536
G01 X-43.86934 Y40.11111
G01 X-43.92379 Y40.02960
G01 X-43.94691 Y39.98637
G01 X-43.98440 Y39.89582
G01 X-43.99862 Y39.84893
G01 X-44.01775 Y39.75279
G01 X-44.02255 Y39.70403
G01 X-44.02496 Y39.03875
G01 X-44.07441 Y38.92582
G01 X-44.08864 Y38.87893
G01 X-44.10776 Y38.78279
G01 X-44.11257 Y38.73402
G01 X-44.11498 Y37.64304
G01 X-44.22765 Y37.56120
G01 X-44.30533 Y37.49125
G01 X-44.42422 Y37.35920
G01 X-44.48567 Y37.27464
G01 X-44.57452 Y37.12074
G01 X-44.61703 Y37.02524
G01 X-44.63497 Y36.96992
G01 X-44.63497 Y36.07998
G01 X-44.65295 Y36.02478
G01 X-44.69547 Y35.92928
G01 X-44.78432 Y35.77541
G01 X-44.84576 Y35.69083
G01 X-44.96466 Y35.55877
G01 X-45.04233 Y35.48882
G01 X-45.18610 Y35.38437
G01 X-45.27662 Y35.33213
G01 X-45.36499 Y35.29278
G01 X-45.36499 Y32.48159
G01 X-45.28579 Y32.42403
G01 X-45.20812 Y32.35410
G01 X-45.09621 Y32.22980
G01 X-45.03476 Y32.14524
G01 X-44.95115 Y32.00041
G01 X-44.90863 Y31.90490
G01 X-44.85694 Y31.74585
G01 X-44.84497 Y31.68956
G01 X-44.84497 Y30.36036
G01 X-44.85694 Y30.30417
G01 X-44.90863 Y30.14512
G01 X-44.95115 Y30.04961
G01 X-45.03476 Y29.90478
G01 X-45.09621 Y29.82022
G01 X-45.20812 Y29.69594
G01 X-45.28579 Y29.62599
G01 X-45.42110 Y29.52769
G01 X-45.51162 Y29.47542
G01 X-45.66440 Y29.40740
G01 X-45.76382 Y29.37509
G01 X-45.92742 Y29.34032
G01 X-46.03136 Y29.32940
G01 X-46.19862 Y29.32940
G01 X-46.30255 Y29.34032
G01 X-46.46615 Y29.37509
G01 X-46.56557 Y29.40740
G01 X-46.71835 Y29.47542
G01 X-46.80888 Y29.52769
G01 X-46.94418 Y29.62599
G01 X-47.02186 Y29.69594
G01 X-47.05909 Y29.73727
G01 X-47.13377 Y29.82022
G01 X-47.19521 Y29.90478
G01 X-47.27883 Y30.04961
G01 X-47.32135 Y30.14512
G01 X-47.37304 Y30.30417
G01 X-47.38497 Y30.36036
G01 X-47.38497 Y31.68956
G01 X-47.39694 Y31.74585
G01 X-47.44863 Y31.90490
G01 X-47.49115 Y32.00041
G01 X-47.57476 Y32.14524
G01 X-47.63621 Y32.22980
G01 X-47.74812 Y32.35410
G01 X-47.82579 Y32.42403
G01 X-47.90499 Y32.48159
G01 X-47.90499 Y35.29278
G01 X-47.81662 Y35.33213
G01 X-47.72610 Y35.38437
G01 X-47.58233 Y35.48882
G01 X-47.50466 Y35.55877
G01 X-47.38576 Y35.69083
G01 X-47.32432 Y35.77541
G01 X-47.23547 Y35.92928
G01 X-47.19295 Y36.02478
G01 X-47.17497 Y36.07998
G01 X-47.17497 Y36.96992
G01 X-47.19295 Y37.02524
G01 X-47.23547 Y37.12074
G01 X-47.32432 Y37.27464
G01 X-47.38576 Y37.35920
G01 X-47.50466 Y37.49125
G01 X-47.58233 Y37.56120
G01 X-47.69498 Y37.64304
G01 X-47.69498 Y41.18449
G01 X-47.61114 Y41.32963
G01 X-47.56862 Y41.42510
G01 X-47.51695 Y41.58418
G01 X-47.49521 Y41.68642
G01 X-47.47774 Y41.85274
G01 X-47.47774 Y41.95728
G01 X-47.49521 Y42.12360
G01 X-47.51695 Y42.22584
G01 X-47.56862 Y42.38492
G01 X-47.61114 Y42.48040
G01 X-47.69475 Y42.62523
G01 X-47.75620 Y42.70981
G01 X-47.86811 Y42.83409
G01 X-47.94578 Y42.90404
G01 X-48.08109 Y43.00234
G01 X-48.17161 Y43.05462
G01 X-48.32439 Y43.12264
G01 X-48.42381 Y43.15492
G01 X-48.58741 Y43.18969
G01 X-48.69137 Y43.20064
G01 X-48.85861 Y43.20064
G01 X-48.96257 Y43.18969
G01 X-49.12614 Y43.15492
G01 X-49.22556 Y43.12264
G01 X-49.37837 Y43.05462
G01 X-49.46889 Y43.00234
G01 X-49.60417 Y42.90404
G01 X-49.68187 Y42.83409
G01 X-49.79378 Y42.70981
G01 X-49.85523 Y42.62523
G01 X-49.93884 Y42.48040
G01 X-49.98136 Y42.38492
G01 X-50.03303 Y42.22584
G01 X-50.05477 Y42.12360
G01 X-50.07224 Y41.95728
G01 X-50.07224 Y41.85274
G01 X-50.05477 Y41.68642
G01 X-50.03303 Y41.58418
G01 X-49.98136 Y41.42510
G01 X-49.93884 Y41.32963
G01 X-49.85523 Y41.18479
G01 X-49.79378 Y41.10021
G01 X-49.68187 Y40.97593
G01 X-49.60417 Y40.90598
G01 X-49.46889 Y40.80768
G01 X-49.37837 Y40.75541
G01 X-49.22556 Y40.68739
G01 X-49.19498 Y40.67745
G01 X-49.19498 Y37.64304
G01 X-49.30765 Y37.56120
G01 X-49.38533 Y37.49125
G01 X-49.50422 Y37.35920
G01 X-49.56567 Y37.27464
G01 X-49.65452 Y37.12074
G01 X-49.69703 Y37.02524
G01 X-49.71497 Y36.96992
G01 X-49.71497 Y36.07998
G01 X-49.73295 Y36.02478
G01 X-49.77547 Y35.92928
G01 X-49.86432 Y35.77541
G01 X-49.92576 Y35.69083
G01 X-50.04466 Y35.55877
G01 X-50.12233 Y35.48882
G01 X-50.26610 Y35.38437
G01 X-50.35662 Y35.33213
G01 X-50.44499 Y35.29278
G01 X-50.44499 Y32.48159
G01 X-50.36579 Y32.42403
G01 X-50.28812 Y32.35410
G01 X-50.17621 Y32.22980
G01 X-50.11476 Y32.14524
G01 X-50.03115 Y32.00041
G01 X-49.98863 Y31.90490
G01 X-49.93694 Y31.74585
G01 X-49.92497 Y31.68956
G01 X-49.92497 Y30.36036
G01 X-49.93694 Y30.30417
G01 X-49.98863 Y30.14512
G01 X-50.03115 Y30.04961
G01 X-50.11476 Y29.90478
G01 X-50.17621 Y29.82022
G01 X-50.28812 Y29.69594
G01 X-50.36579 Y29.62599
G01 X-50.50110 Y29.52769
G01 X-50.59162 Y29.47542
G01 X-50.74440 Y29.40740
G01 X-50.84382 Y29.37509
G01 X-51.00742 Y29.34032
G01 X-51.11136 Y29.32940
G01 X-51.27862 Y29.32940
G01 X-51.38255 Y29.34032
G01 X-51.54615 Y29.37509
G01 X-51.64557 Y29.40740
G01 X-51.79835 Y29.47542
G01 X-51.88888 Y29.52769
G01 X-52.02418 Y29.62599
G01 X-52.10186 Y29.69594
G01 X-52.21377 Y29.82022
G01 X-52.27521 Y29.90478
G01 X-52.35883 Y30.04961
G01 X-52.40135 Y30.14512
G01 X-52.45304 Y30.30417
G01 X-52.46497 Y30.36036
G01 X-52.46497 Y31.68954
G01 X-52.47694 Y31.74585
G01 X-52.52863 Y31.90490
G01 X-52.57115 Y32.00041
G01 X-52.65476 Y32.14524
G01 X-52.71621 Y32.22980
G01 X-52.82812 Y32.35410
G01 X-52.90579 Y32.42403
G01 X-52.98499 Y32.48159
G01 X-52.98499 Y32.72502
G01 X-52.99220 Y32.82281
G01 X-53.01133 Y32.91895
G01 X-53.02555 Y32.96584
G01 X-53.06304 Y33.05639
G01 X-53.08616 Y33.09962
G01 X-53.14061 Y33.18113
G01 X-53.20465 Y33.25535
G01 X-54.69464 Y34.74536
G01 X-55.10363 Y35.15435
G01 X-55.17787 Y35.21841
G01 X-55.25938 Y35.27287
G01 X-55.30259 Y35.29596
G01 X-55.39316 Y35.33347
G01 X-55.44005 Y35.34770
G01 X-55.53619 Y35.36682
G01 X-55.63398 Y35.37404
G01 X-57.53146 Y35.37404
G01 X-57.56143 Y35.35704
G01 X-57.74320 Y35.29517
G01 X-57.92496 Y35.27452
G01 X-59.62496 Y35.27452
G01 X-59.78190 Y35.28991
G01 X-59.93882 Y35.33601
G01 X-60.02523 Y35.37835
G01 X-60.04073 Y35.39723
G01 X-60.08693 Y35.48366
G01 X-60.11538 Y35.57746
G01 X-60.12498 Y35.67500
G01 X-60.12498 Y37.37502
G01 X-60.11538 Y37.47256
G01 X-60.08693 Y37.56636
G01 X-60.04073 Y37.65280
G01 X-59.97855 Y37.72857
G01 X-59.90278 Y37.79074
G01 X-59.81632 Y37.83695
G01 X-59.72254 Y37.86540
G01 X-59.62498 Y37.87502
G01 X-59.40829 Y37.87502
G01 X-59.49389 Y37.92437
G01 X-59.63763 Y38.02882
G01 X-59.71533 Y38.09877
G01 X-59.83423 Y38.23083
G01 X-59.89567 Y38.31541
G01 X-59.98452 Y38.46928
G01 X-60.02704 Y38.56478
G01 X-60.08195 Y38.73377
G01 X-60.10367 Y38.83603
G01 X-60.12224 Y39.01274
G01 X-60.12224 Y39.11729
G01 X-60.10367 Y39.29399
G01 X-60.08195 Y39.39625
G01 X-60.02704 Y39.56524
G01 X-59.98452 Y39.66074
G01 X-59.89567 Y39.81464
G01 X-59.83423 Y39.89920
G01 X-59.71533 Y40.03125
G01 X-59.63763 Y40.10120
G01 X-59.49389 Y40.20565
G01 X-59.40337 Y40.25790
G01 X-59.24101 Y40.33019
G01 X-59.14162 Y40.36249
G01 X-58.96778 Y40.39943
G01 X-58.86384 Y40.41035
G01 X-58.68615 Y40.41035
G01 X-58.58218 Y40.39943
G01 X-58.51543 Y40.38523
G01 X-56.02496 Y42.87567
G01 X-56.02496 Y47.02502
G01 X-56.01775 Y47.12281
G01 X-55.99862 Y47.21895
G01 X-55.98440 Y47.26583
G01 X-55.94688 Y47.35641
G01 X-55.92379 Y47.39962
G01 X-55.86934 Y47.48112
G01 X-55.80530 Y47.55537
G01 X-54.05468 Y49.30599
G01 X-54.07224 Y49.47274
G01 X-54.07224 Y49.57728
G01 X-54.05476 Y49.74360
G01 X-54.03304 Y49.84584
G01 X-53.98135 Y50.00492
G01 X-53.93883 Y50.10040
G01 X-53.85522 Y50.24523
G01 X-53.79378 Y50.32981
G01 X-53.68186 Y50.45409
G01 X-53.60419 Y50.52404
G01 X-53.46888 Y50.62234
G01 X-53.37836 Y50.67462
G01 X-53.22558 Y50.74264
G01 X-53.12616 Y50.77492
G01 X-52.96256 Y50.80969
G01 X-52.85860 Y50.82064
G01 X-52.69136 Y50.82064
G01 X-52.58740 Y50.80969
G01 X-52.42383 Y50.77492
G01 X-52.32441 Y50.74264
G01 X-52.17163 Y50.67462
G01 X-52.08110 Y50.62234
G01 X-51.94580 Y50.52404
G01 X-51.86810 Y50.45409
G01 X-51.76089 Y50.33502
G01 X-49.78908 Y50.33502
G01 X-49.68187 Y50.45409
G01 X-49.60417 Y50.52404
G01 X-49.46889 Y50.62234
G01 X-49.37837 Y50.67462
G01 X-49.22556 Y50.74264
G01 X-49.12614 Y50.77492
G01 X-48.96257 Y50.80969
G01 X-48.85861 Y50.82064
G01 X-48.69137 Y50.82064
G01 X-48.58741 Y50.80969
G01 X-48.42381 Y50.77492
G01 X-48.32439 Y50.74264
G01 X-48.17161 Y50.67462
G01 X-48.08109 Y50.62234
G01 X-47.94578 Y50.52404
G01 X-47.86811 Y50.45409
G01 X-47.76089 Y50.33502
G01 X-45.78907 Y50.33502
G01 X-45.68185 Y50.45409
G01 X-45.60418 Y50.52404
G01 X-45.46887 Y50.62234
G01 X-45.37835 Y50.67462
G01 X-45.22557 Y50.74264
G01 X-45.12615 Y50.77492
G01 X-44.96258 Y50.80969
G01 X-44.85861 Y50.82064
G01 X-44.69136 Y50.82064
G01 X-44.58742 Y50.80969
G01 X-44.42382 Y50.77492
G01 X-44.32440 Y50.74264
G01 X-44.17162 Y50.67462
G01 X-44.08109 Y50.62234
G01 X-43.94579 Y50.52404
G01 X-43.86812 Y50.45409
G01 X-43.76090 Y50.33502
G01 X-42.03909 Y50.33502
G01 X-41.93187 Y50.45409
G01 X-41.85418 Y50.52404
G01 X-41.71887 Y50.62234
G01 X-41.62834 Y50.67462
G01 X-41.47556 Y50.74264
G01 X-41.37615 Y50.77492
G01 X-41.21257 Y50.80969
G01 X-41.10861 Y50.82064
G01 X-40.94138 Y50.82064
G01 X-40.83741 Y50.80969
G01 X-40.67381 Y50.77492
G01 X-40.57440 Y50.74264
G01 X-40.42162 Y50.67462
G01 X-40.33109 Y50.62234
G01 X-40.19578 Y50.52404
G01 X-40.11811 Y50.45409
G01 X-40.00620 Y50.32981
G01 X-39.94476 Y50.24523
G01 X-39.86114 Y50.10040
G01 X-39.81862 Y50.00492
G01 X-39.76693 Y49.84584
G01 X-39.74521 Y49.74360
G01 X-39.72774 Y49.57728
G01 X-39.72774 Y49.47274
G01 X-39.74521 Y49.30642
G01 X-39.76693 Y49.20418
G01 X-39.81862 Y49.04510
G01 X-39.86114 Y48.94963
G01 X-39.94476 Y48.80479
G01 X-40.00620 Y48.72021
G01 X-40.11811 Y48.59593
G01 X-40.19578 Y48.52598
G01 X-40.33109 Y48.42768
G01 X-40.42162 Y48.37541
G01 X-40.57440 Y48.30739
G01 X-40.67381 Y48.27510
G01 X-40.83741 Y48.24033
G01 X-40.94138 Y48.22938
G01 X-41.10861 Y48.22938
G01 X-41.21257 Y48.24033
G01 X-41.37615 Y48.27510
G01 X-41.47556 Y48.30739
G01 X-41.62834 Y48.37541
G01 X-41.71887 Y48.42768
G01 X-41.85418 Y48.52598
G01 X-41.93187 Y48.59593
G01 X-42.04376 Y48.72021
G01 X-42.10520 Y48.80479
G01 X-42.12268 Y48.83502
G01 X-43.67731 Y48.83502
G01 X-43.69476 Y48.80479
G01 X-43.75620 Y48.72021
G01 X-43.86812 Y48.59593
G01 X-43.94579 Y48.52598
G01 X-44.08109 Y48.42768
G01 X-44.17162 Y48.37541
G01 X-44.32440 Y48.30739
G01 X-44.42382 Y48.27510
G01 X-44.58742 Y48.24033
G01 X-44.69136 Y48.22938
G01 X-44.85861 Y48.22938
G01 X-44.96258 Y48.24033
G01 X-45.12615 Y48.27510
G01 X-45.22557 Y48.30739
G01 X-45.37835 Y48.37541
G01 X-45.46887 Y48.42768
G01 X-45.60418 Y48.52598
G01 X-45.68185 Y48.59593
G01 X-45.79377 Y48.72021
G01 X-45.85521 Y48.80479
G01 X-45.87266 Y48.83502
G01 X-47.67730 Y48.83502
G01 X-47.69475 Y48.80479
G01 X-47.75620 Y48.72021
G01 X-47.86811 Y48.59593
G01 X-47.94578 Y48.52598
G01 X-48.08109 Y48.42768
G01 X-48.17161 Y48.37541
G01 X-48.32439 Y48.30739
G01 X-48.42381 Y48.27510
G01 X-48.58741 Y48.24033
G01 X-48.69137 Y48.22938
G01 X-48.85861 Y48.22938
G01 X-48.96257 Y48.24033
G01 X-49.12614 Y48.27510
G01 X-49.22556 Y48.30739
G01 X-49.37837 Y48.37541
G01 X-49.46889 Y48.42768
G01 X-49.60417 Y48.52598
G01 X-49.68187 Y48.59593
G01 X-49.79378 Y48.72021
G01 X-49.85523 Y48.80479
G01 X-49.87268 Y48.83502
G01 X-51.67730 Y48.83502
G01 X-51.69477 Y48.80479
G01 X-51.75621 Y48.72021
G01 X-51.86810 Y48.59593
G01 X-51.94580 Y48.52598
G01 X-52.08110 Y48.42768
G01 X-52.17163 Y48.37541
G01 X-52.32441 Y48.30739
G01 X-52.42383 Y48.27510
G01 X-52.58740 Y48.24033
G01 X-52.69136 Y48.22938
G01 X-52.85860 Y48.22938
G01 X-52.99263 Y48.24671
G01 X-54.52497 Y46.71437
G01 X-54.52497 Y42.56500
G01 X-54.53218 Y42.46724
G01 X-54.55131 Y42.37110
G01 X-54.56553 Y42.32421
G01 X-54.60304 Y42.23364
G01 X-54.62613 Y42.19043
G01 X-54.68059 Y42.10892
G01 X-54.74462 Y42.03468
G01 X-57.45315 Y39.32620
G01 X-57.44630 Y39.29399
G01 X-57.42773 Y39.11729
G01 X-57.42773 Y39.01274
G01 X-57.44630 Y38.83603
G01 X-57.46804 Y38.73377
G01 X-57.52295 Y38.56478
G01 X-57.56547 Y38.46928
G01 X-57.65432 Y38.31541
G01 X-57.71574 Y38.23083
G01 X-57.83466 Y38.09877
G01 X-57.91233 Y38.02882
G01 X-58.05610 Y37.92437
G01 X-58.14157 Y37.87502
G01 X-58.32493 Y37.83575
G01 X-58.41970 Y37.82069
G01 X-58.59740 Y37.80202
G01 X-58.68612 Y37.79735
G01 X-58.86382 Y37.79735
G01 X-58.95257 Y37.80202
G01 X-59.13026 Y37.82069
G01 X-59.22506 Y37.83575
G01 X-59.40829 Y37.87502
G01 X-59.22506 Y37.83575
G01 X-59.13026 Y37.82069
G01 X-58.95257 Y37.80202
G01 X-58.86382 Y37.79735
G01 X-58.68612 Y37.79735
G01 X-58.59740 Y37.80202
G01 X-58.41970 Y37.82069
G01 X-58.32493 Y37.83575
G01 X-58.14157 Y37.87502
G01 X-57.92498 Y37.87502
G01 X-57.82745 Y37.86540
G01 X-57.73365 Y37.83695
G01 X-57.64721 Y37.79074
G01 X-57.57144 Y37.72857
G01 X-57.50926 Y37.65280
G01 X-57.46306 Y37.56636
G01 X-57.43459 Y37.47256
G01 X-57.42498 Y37.37502
G01 X-57.42498 Y37.33502
G01 X-54.87498 Y37.33502
G01 X-54.87498 Y37.37502
G01 X-54.86538 Y37.47256
G01 X-54.83693 Y37.56636
G01 X-54.79073 Y37.65280
G01 X-54.72855 Y37.72857
G01 X-54.65278 Y37.79074
G01 X-54.56632 Y37.83695
G01 X-54.47254 Y37.86540
G01 X-54.37498 Y37.87502
G01 X-52.67498 Y37.87502
G01 X-52.57745 Y37.86540
G01 X-52.48364 Y37.83695
G01 X-52.39721 Y37.79074
G01 X-52.32144 Y37.72857
G01 X-52.25926 Y37.65280
G01 X-52.21306 Y37.56636
G01 X-52.18458 Y37.47256
G01 X-52.17498 Y37.37502
G01 X-52.17496 Y37.15460
G01 X-52.20676 Y37.01544
G01 X-52.23490 Y36.83776
G01 X-52.24450 Y36.74673
G01 X-52.25382 Y36.56903
G01 X-52.25382 Y36.48102
G01 X-52.24450 Y36.30332
G01 X-52.23490 Y36.21229
G01 X-52.20676 Y36.03461
G01 X-52.17496 Y35.89540
G01 X-52.17498 Y35.67500
G01 X-52.18458 Y35.57746
G01 X-52.21306 Y35.48366
G01 X-52.25926 Y35.39723
G01 X-52.32144 Y35.32146
G01 X-52.39721 Y35.25928
G01 X-52.48364 Y35.21308
G01 X-52.57745 Y35.18463
G01 X-52.67498 Y35.17500
G01 X-54.37498 Y35.17500
G01 X-54.47254 Y35.18463
G01 X-54.56632 Y35.21308
G01 X-54.65278 Y35.25928
G01 X-54.72855 Y35.32146
G01 X-54.79073 Y35.39723
G01 X-54.83693 Y35.48366
G01 X-54.86538 Y35.57746
G01 X-54.87498 Y35.67500
G01 X-54.87498 Y35.83502
G01 X-57.42498 Y35.83502
G01 X-57.42498 Y35.67500
G01 X-57.43459 Y35.57746
G01 X-57.46306 Y35.48366
G01 X-57.50926 Y35.39723
G01 X-57.52552 Y35.37741
G01 X-57.56143 Y35.35704
G01 X-57.74320 Y35.29517
G01 X-57.92496 Y35.27452
G01 X-59.62496 Y35.27452
G01 X-59.78190 Y35.28991
G01 X-59.93882 Y35.33601
G01 X-60.01645 Y35.37404
G01 X-60.31332 Y35.37404
G01 X-61.62399 Y36.68468
G01 X-61.62640 Y38.47505
G01 X-61.63120 Y38.52381
G01 X-61.65033 Y38.61995
G01 X-61.66455 Y38.66684
G01 X-61.70207 Y38.75742
G01 X-61.72515 Y38.80062
G01 X-61.77961 Y38.88213
G01 X-61.84365 Y38.95638
G01 X-62.48263 Y39.59536
G01 X-62.55688 Y39.65940
G01 X-62.63839 Y39.71385
G01 X-62.68157 Y39.73694
G01 X-62.77217 Y39.77446
G01 X-62.81906 Y39.78868
G01 X-62.91519 Y39.80781
G01 X-62.96396 Y39.81261
G01 X-63.15459 Y39.81502
G01 X-63.21575 Y39.89920
G01 X-63.33465 Y40.03125
G01 X-63.41232 Y40.10120
G01 X-63.55609 Y40.20565
G01 X-63.64661 Y40.25790
G01 X-63.80892 Y40.33019
G01 X-63.90834 Y40.36249
G01 X-64.08215 Y40.39943
G01 X-64.18611 Y40.41035
G01 X-64.36381 Y40.41035
G01 X-64.46780 Y40.39943
G01 X-64.64158 Y40.36249
G01 X-64.74100 Y40.33019
G01 X-64.90335 Y40.25790
G01 X-64.99388 Y40.20565
G01 X-65.13764 Y40.10120
G01 X-65.21532 Y40.03125
G01 X-65.33421 Y39.89920
G01 X-65.39563 Y39.81464
G01 X-65.48451 Y39.66074
G01 X-65.52700 Y39.56524
G01 X-65.58194 Y39.39625
G01 X-65.60366 Y39.29399
G01 X-65.62223 Y39.11729
G01 X-65.62223 Y39.01274
G01 X-65.60366 Y38.83603
G01 X-65.58194 Y38.73377
G01 X-65.52700 Y38.56478
G01 X-65.48451 Y38.46928
G01 X-65.39563 Y38.31541
G01 X-65.33421 Y38.23083
G01 X-65.21532 Y38.09877
G01 X-65.13764 Y38.02882
G01 X-64.99388 Y37.92437
G01 X-64.90828 Y37.87502
G04 P0 ( dwell for no time -- G64 should not smooth over this point )
G00 Z2.00000 ( retract )
(Block-name: block)
(Block-expand: 0)
(Block-enable: 1)

G00 X-69.30571 Y19.29177 ( rapid move to begin. )
G01 F100.00000
( Mill infeed pass 1/1 )
G01 Z-0.10000
G04 P0 ( dwell for no time -- G64 should not smooth over this point )
G01 F200.00000
G01 X-69.30571 Y19.29177
G01 X-69.46004 Y19.24374
G01 X-69.47853 Y19.22858
G01 X-69.54073 Y19.15281
G01 X-69.58694 Y19.06635
G01 X-69.61538 Y18.97255
G01 X-69.62499 Y18.87501
G01 X-69.62499 Y18.77503
G01 X-72.17499 Y18.77503
G01 X-72.17499 Y18.87501
G01 X-72.18459 Y18.97255
G01 X-72.21304 Y19.06635
G01 X-72.25925 Y19.15281
G01 X-72.32142 Y19.22858
G01 X-72.39719 Y19.29076
G01 X-72.48365 Y19.33696
G01 X-72.57743 Y19.36541
G01 X-72.67499 Y19.37501
G01 X-74.37499 Y19.37501
G01 X-74.47253 Y19.36541
G01 X-74.56633 Y19.33696
G01 X-74.65276 Y19.29076
G01 X-74.72853 Y19.22858
G01 X-74.79071 Y19.15281
G01 X-74.83694 Y19.06635
G01 X-74.86539 Y18.97255
G01 X-74.87499 Y18.87501
G01 X-74.87496 Y18.65451
G01 X-74.84319 Y18.51545
G01 X-74.81502 Y18.33772
G01 X-74.80544 Y18.24671
G01 X-74.79612 Y18.06904
G01 X-74.79612 Y17.98103
G01 X-74.80544 Y17.80333
G01 X-74.81502 Y17.71232
G01 X-74.84319 Y17.53460
G01 X-74.86452 Y17.43450
G01 X-74.87496 Y17.39548
G01 X-74.94430 Y17.27539
G01 X-75.00575 Y17.19084
G01 X-75.12464 Y17.05878
G01 X-75.20234 Y16.98883
G01 X-75.31497 Y16.90699
G01 X-75.31497 Y15.24568
G01 X-73.74261 Y13.67332
G01 X-73.60862 Y13.69064
G01 X-73.44136 Y13.69064
G01 X-73.33740 Y13.67969
G01 X-73.17382 Y13.64492
G01 X-73.07441 Y13.61264
G01 X-72.92163 Y13.54462
G01 X-72.83110 Y13.49234
G01 X-72.69580 Y13.39404
G01 X-72.61812 Y13.32409
G01 X-72.50621 Y13.19981
G01 X-72.44477 Y13.11523
G01 X-72.36115 Y12.97040
G01 X-72.31863 Y12.87492
G01 X-72.26694 Y12.71584
G01 X-72.24520 Y12.61360
G01 X-72.22772 Y12.44729
G01 X-72.22772 Y12.34274
G01 X-72.24520 Y12.17642
G01 X-72.26694 Y12.07418
G01 X-72.31863 Y11.91510
G01 X-72.36115 Y11.81963
G01 X-72.44477 Y11.67479
G01 X-72.50621 Y11.59021
G01 X-72.61812 Y11.46593
G01 X-72.69580 Y11.39598
G01 X-72.83110 Y11.29768
G01 X-72.92163 Y11.24541
G01 X-73.07441 Y11.17739
G01 X-73.17382 Y11.14510
G01 X-73.33740 Y11.11033
G01 X-73.44136 Y11.09938
G01 X-73.60862 Y11.09938
G01 X-73.71256 Y11.11033
G01 X-73.87616 Y11.14510
G01 X-73.97557 Y11.17739
G01 X-74.12836 Y11.24541
G01 X-74.21888 Y11.29768
G01 X-74.35419 Y11.39598
G01 X-74.43186 Y11.46593
G01 X-74.54377 Y11.59021
G01 X-74.60521 Y11.67479
G01 X-74.68883 Y11.81963
G01 X-74.73135 Y11.91510
G01 X-74.78304 Y12.07418
G01 X-74.80476 Y12.17642
G01 X-74.82226 Y12.34274
G01 X-74.82226 Y12.44729
G01 X-74.80468 Y12.61406
G01 X-76.59530 Y14.40469
G01 X-76.65934 Y14.47893
G01 X-76.71380 Y14.56044
G01 X-76.73688 Y14.60364
G01 X-76.77440 Y14.69422
G01 X-76.78862 Y14.74111
G01 X-76.80775 Y14.83725
G01 X-76.81496 Y14.93501
G01 X-76.81496 Y16.90697
G01 X-76.92764 Y16.98883
G01 X-77.00531 Y17.05878
G01 X-77.12423 Y17.19084
G01 X-77.18568 Y17.27539
G01 X-77.27453 Y17.42929
G01 X-77.31702 Y17.52477
G01 X-77.33498 Y17.58002
G01 X-77.33498 Y18.46996
G01 X-77.31702 Y18.52525
G01 X-77.27453 Y18.62073
G01 X-77.18568 Y18.77463
G01 X-77.12423 Y18.85918
G01 X-77.00531 Y18.99124
G01 X-76.92764 Y19.06119
G01 X-76.81496 Y19.14306
G01 X-76.81496 Y21.94117
G01 X-76.90419 Y22.00599
G01 X-76.98187 Y22.07594
G01 X-77.09378 Y22.20022
G01 X-77.15522 Y22.28478
G01 X-77.23884 Y22.42961
G01 X-77.28136 Y22.52512
G01 X-77.33302 Y22.68417
G01 X-77.34499 Y22.74036
G01 X-77.34499 Y24.06954
G01 X-77.34499 Y22.74036
G01 X-77.35695 Y22.68417
G01 X-77.40861 Y22.52512
G01 X-77.45113 Y22.42961
G01 X-77.53475 Y22.28478
G01 X-77.59619 Y22.20022
G01 X-77.70810 Y22.07594
G01 X-77.78580 Y22.00599
G01 X-77.85497 Y21.95572
G01 X-77.85497 Y19.14303
G01 X-77.74234 Y19.06119
G01 X-77.66464 Y18.99124
G01 X-77.54575 Y18.85918
G01 X-77.48430 Y18.77463
G01 X-77.39546 Y18.62073
G01 X-77.35294 Y18.52525
G01 X-77.33498 Y18.46996
G01 X-77.33498 Y17.58002
G01 X-77.35294 Y17.52477
G01 X-77.39546 Y17.42929
G01 X-77.48430 Y17.27539
G01 X-77.54575 Y17.19084
G01 X-77.66464 Y17.05878
G01 X-77.74234 Y16.98883
G01 X-77.85497 Y16.90699
G01 X-77.85497 Y13.69064
G01 X-77.69137 Y13.69064
G01 X-77.58740 Y13.67969
G01 X-77.42383 Y13.64492
G01 X-77.32441 Y13.61264
G01 X-77.17163 Y13.54462
G01 X-77.08111 Y13.49234
G01 X-76.94580 Y13.39404
G01 X-76.86810 Y13.32409
G01 X-76.75621 Y13.19981
G01 X-76.69477 Y13.11523
G01 X-76.61113 Y12.97040
G01 X-76.56863 Y12.87492
G01 X-76.51695 Y12.71584
G01 X-76.49520 Y12.61360
G01 X-76.47773 Y12.44729
G01 X-76.47773 Y12.34274
G01 X-76.49520 Y12.17642
G01 X-76.51695 Y12.07418
G01 X-76.56863 Y11.91510
G01 X-76.61113 Y11.81963
G01 X-76.69477 Y11.67479
G01 X-76.75621 Y11.59021
G01 X-76.86810 Y11.46593
G01 X-76.94580 Y11.39598
G01 X-77.08111 Y11.29768
G01 X-77.17163 Y11.24541
G01 X-77.32441 Y11.17739
G01 X-77.42383 Y11.14510
G01 X-77.58740 Y11.11033
G01 X-77.69137 Y11.09938
G01 X-77.85860 Y11.09938
G01 X-77.96256 Y11.11033
G01 X-78.12616 Y11.14510
G01 X-78.22558 Y11.17739
G01 X-78.37836 Y11.24541
G01 X-78.46889 Y11.29768
G01 X-78.60419 Y11.39598
G01 X-78.68186 Y11.46593
G01 X-78.79378 Y11.59021
G01 X-78.85522 Y11.67479
G01 X-78.93884 Y11.81963
G01 X-78.98136 Y11.91510
G01 X-79.03304 Y12.07418
G01 X-79.05476 Y12.17642
G01 X-79.07224 Y12.34274
G01 X-79.07224 Y12.44729
G01 X-79.05466 Y12.61406
G01 X-79.16825 Y12.73105
G01 X-79.19934 Y12.76893
G01 X-79.25380 Y12.85043
G01 X-79.27688 Y12.89364
G01 X-79.31440 Y12.98422
G01 X-79.32862 Y13.03110
G01 X-79.34775 Y13.12724
G01 X-79.35496 Y13.22501
G01 X-79.35496 Y16.90697
G01 X-79.46764 Y16.98883
G01 X-79.54531 Y17.05878
G01 X-79.66423 Y17.19084
G01 X-79.72568 Y17.27539
G01 X-79.81453 Y17.42929
G01 X-79.85702 Y17.52477
G01 X-79.87498 Y17.58002
G01 X-79.87498 Y18.46996
G01 X-79.85702 Y18.52525
G01 X-79.81453 Y18.62073
G01 X-79.72568 Y18.77463
G01 X-79.66423 Y18.85918
G01 X-79.54531 Y18.99124
G01 X-79.46764 Y19.06119
G01 X-79.35496 Y19.14306
G01 X-79.35496 Y21.94117
G01 X-79.44419 Y22.00599
G01 X-79.52187 Y22.07594
G01 X-79.63378 Y22.20022
G01 X-79.69522 Y22.28478
G01 X-79.77884 Y22.42961
G01 X-79.82136 Y22.52512
G01 X-79.87302 Y22.68417
G01 X-79.88496 Y22.74036
G01 X-79.88496 Y24.06954
G01 X-79.88496 Y22.74036
G01 X-79.89695 Y22.68417
G01 X-79.94861 Y22.52512
G01 X-79.99113 Y22.42961
G01 X-80.07475 Y22.28478
G01 X-80.13619 Y22.20022
G01 X-80.24810 Y22.07594
G01 X-80.32580 Y22.00599
G01 X-80.39497 Y21.95572
G01 X-80.39497 Y19.14303
G01 X-80.28234 Y19.06119
G01 X-80.20464 Y18.99124
G01 X-80.08575 Y18.85918
G01 X-80.02430 Y18.77463
G01 X-79.93546 Y18.62073
G01 X-79.89294 Y18.52525
G01 X-79.87498 Y18.46996
G01 X-79.87498 Y17.58002
G01 X-79.89294 Y17.52477
G01 X-79.93546 Y17.42929
G01 X-80.02430 Y17.27539
G01 X-80.08575 Y17.19084
G01 X-80.20464 Y17.05878
G01 X-80.28234 Y16.98883
G01 X-80.39497 Y16.90699
G01 X-80.39497 Y13.02501
G01 X-80.40218 Y12.92724
G01 X-80.42131 Y12.83110
G01 X-80.43553 Y12.78419
G01 X-80.47305 Y12.69364
G01 X-80.50137 Y12.64259
G01 X-80.49522 Y12.61360
G01 X-80.47772 Y12.44729
G01 X-80.47772 Y12.34274
G01 X-80.49522 Y12.17642
G01 X-80.51694 Y12.07418
G01 X-80.56863 Y11.91510
G01 X-80.61115 Y11.81963
G01 X-80.69476 Y11.67479
G01 X-80.75621 Y11.59021
G01 X-80.86812 Y11.46593
G01 X-80.94579 Y11.39598
G01 X-81.08110 Y11.29768
G01 X-81.17162 Y11.24541
G01 X-81.32440 Y11.17739
G01 X-81.42382 Y11.14510
G01 X-81.58742 Y11.11033
G01 X-81.69136 Y11.09938
G01 X-81.85862 Y11.09938
G01 X-81.96255 Y11.11033
G01 X-82.12615 Y11.14510
G01 X-82.22557 Y11.17739
G01 X-82.37835 Y11.24541
G01 X-82.46888 Y11.29768
G01 X-82.60418 Y11.39598
G01 X-82.68186 Y11.46593
G01 X-82.79377 Y11.59021
G01 X-82.85521 Y11.67479
G01 X-82.93883 Y11.81963
G01 X-82.98135 Y11.91510
G01 X-83.03304 Y12.07418
G01 X-83.05478 Y12.17642
G01 X-83.07225 Y12.34274
G01 X-83.07225 Y12.44729
G01 X-83.05478 Y12.61360
G01 X-83.03304 Y12.71584
G01 X-82.98135 Y12.87492
G01 X-82.93883 Y12.97040
G01 X-82.85521 Y13.11523
G01 X-82.79377 Y13.19981
G01 X-82.68186 Y13.32409
G01 X-82.60418 Y13.39404
G01 X-82.46888 Y13.49234
G01 X-82.37835 Y13.54462
G01 X-82.22557 Y13.61264
G01 X-82.12615 Y13.64492
G01 X-81.96255 Y13.67969
G01 X-81.89496 Y13.68681
G01 X-81.89496 Y16.90697
G01 X-82.00764 Y16.98883
G01 X-82.08531 Y17.05878
G01 X-82.20423 Y17.19084
G01 X-82.26568 Y17.27539
G01 X-82.35453 Y17.42929
G01 X-82.39702 Y17.52477
G01 X-82.41498 Y17.58002
G01 X-82.41498 Y18.46996
G01 X-82.39702 Y18.52525
G01 X-82.35453 Y18.62073
G01 X-82.26568 Y18.77463
G01 X-82.20423 Y18.85918
G01 X-82.08531 Y18.99124
G01 X-82.00764 Y19.06119
G01 X-81.89496 Y19.14306
G01 X-81.89496 Y21.94117
G01 X-81.98419 Y22.00599
G01 X-82.06187 Y22.07594
G01 X-82.17378 Y22.20022
G01 X-82.23522 Y22.28478
G01 X-82.31884 Y22.42961
G01 X-82.36136 Y22.52512
G01 X-82.41302 Y22.68417
G01 X-82.42499 Y22.74036
G01 X-82.42499 Y24.06954
G01 X-82.42499 Y22.74036
G01 X-82.43695 Y22.68417
G01 X-82.48861 Y22.52512
G01 X-82.53113 Y22.42961
G01 X-82.61475 Y22.28478
G01 X-82.67619 Y22.20022
G01 X-82.78810 Y22.07594
G01 X-82.86580 Y22.00599
G01 X-82.94497 Y21.94846
G01 X-82.94497 Y19.15029
G01 X-82.82234 Y19.06119
G01 X-82.74464 Y18.99124
G01 X-82.62575 Y18.85918
G01 X-82.56430 Y18.77463
G01 X-82.47546 Y18.62073
G01 X-82.43294 Y18.52525
G01 X-82.41498 Y18.46996
G01 X-82.41498 Y17.58002
G01 X-82.43294 Y17.52477
G01 X-82.47546 Y17.42929
G01 X-82.56430 Y17.27539
G01 X-82.62575 Y17.19084
G01 X-82.74464 Y17.05878
G01 X-82.82234 Y16.98883
G01 X-82.93497 Y16.90699
G01 X-82.93497 Y15.86501
G01 X-82.94218 Y15.76722
G01 X-82.96131 Y15.67108
G01 X-82.97553 Y15.62416
G01 X-83.02498 Y15.51129
G01 X-83.02498 Y14.39501
G01 X-83.03220 Y14.29724
G01 X-83.05132 Y14.20110
G01 X-83.06555 Y14.15422
G01 X-83.10306 Y14.06364
G01 X-83.12615 Y14.02043
G01 X-83.18061 Y13.93893
G01 X-83.24464 Y13.86468
G01 X-84.49529 Y12.61404
G01 X-84.47774 Y12.44729
G01 X-84.47774 Y12.34274
G01 X-84.49521 Y12.17642
G01 X-84.51693 Y12.07418
G01 X-84.56862 Y11.91510
G01 X-84.61114 Y11.81963
G01 X-84.69476 Y11.67479
G01 X-84.75620 Y11.59021
G01 X-84.86811 Y11.46593
G01 X-84.94578 Y11.39598
G01 X-85.08109 Y11.29768
G01 X-85.17161 Y11.24541
G01 X-85.32440 Y11.17739
G01 X-85.42381 Y11.14510
G01 X-85.58741 Y11.11033
G01 X-85.69137 Y11.09938
G01 X-85.85861 Y11.09938
G01 X-85.96257 Y11.11033
G01 X-86.12615 Y11.14510
G01 X-86.22556 Y11.17739
G01 X-86.37834 Y11.24541
G01 X-86.46887 Y11.29768
G01 X-86.60417 Y11.39598
G01 X-86.68187 Y11.46593
G01 X-86.79379 Y11.59021
G01 X-86.85520 Y11.67479
G01 X-86.93885 Y11.81963
G01 X-86.98134 Y11.91510
G01 X-87.03303 Y12.07418
G01 X-87.05477 Y12.17642
G01 X-87.07225 Y12.34274
G01 X-87.07225 Y12.44729
G01 X-87.05477 Y12.61360
G01 X-87.03303 Y12.71584
G01 X-86.98134 Y12.87492
G01 X-86.93885 Y12.97040
G01 X-86.85520 Y13.11523
G01 X-86.79379 Y13.19981
G01 X-86.68187 Y13.32409
G01 X-86.60417 Y13.39404
G01 X-86.46887 Y13.49234
G01 X-86.37834 Y13.54462
G01 X-86.22556 Y13.61264
G01 X-86.12615 Y13.64492
G01 X-85.96257 Y13.67969
G01 X-85.85861 Y13.69064
G01 X-85.69137 Y13.69064
G01 X-85.55734 Y13.67332
G01 X-84.52498 Y14.70568
G01 X-84.52498 Y15.77502
G01 X-84.51777 Y15.87283
G01 X-84.49864 Y15.96897
G01 X-84.48442 Y16.01588
G01 X-84.43496 Y16.12876
G01 X-84.43496 Y16.90697
G01 X-84.54764 Y16.98883
G01 X-84.62531 Y17.05878
G01 X-84.74423 Y17.19084
G01 X-84.80568 Y17.27539
G01 X-84.89453 Y17.42929
G01 X-84.93702 Y17.52477
G01 X-84.99194 Y17.69378
G01 X-85.01368 Y17.79602
G01 X-85.03224 Y17.97275
G01 X-85.03224 Y18.07727
G01 X-85.01368 Y18.25400
G01 X-84.99194 Y18.35624
G01 X-84.93702 Y18.52525
G01 X-84.89453 Y18.62073
G01 X-84.80568 Y18.77463
G01 X-84.74423 Y18.85918
G01 X-84.62531 Y18.99124
G01 X-84.54764 Y19.06119
G01 X-84.44497 Y19.13579
G01 X-84.44497 Y21.94843
G01 X-84.52419 Y22.00599
G01 X-84.60187 Y22.07594
G01 X-84.71378 Y22.20022
G01 X-84.77522 Y22.28478
G01 X-84.85884 Y22.42961
G01 X-84.90136 Y22.52512
G01 X-84.95302 Y22.68417
G01 X-84.96496 Y22.74033
G01 X-84.96496 Y24.06969
G01 X-84.96496 Y22.74033
G01 X-84.97695 Y22.68417
G01 X-85.02861 Y22.52512
G01 X-85.07113 Y22.42961
G01 X-85.15475 Y22.28478
G01 X-85.21619 Y22.20022
G01 X-85.32810 Y22.07594
G01 X-85.40580 Y22.00599
G01 X-85.54108 Y21.90769
G01 X-85.63161 Y21.85542
G01 X-85.78442 Y21.78740
G01 X-85.88381 Y21.75509
G01 X-86.04741 Y21.72032
G01 X-86.15137 Y21.70940
G01 X-86.31860 Y21.70940
G01 X-86.42256 Y21.72032
G01 X-86.58617 Y21.75509
G01 X-86.68558 Y21.78740
G01 X-86.83836 Y21.85542
G01 X-86.92889 Y21.90769
G01 X-87.06419 Y22.00599
G01 X-87.14187 Y22.07594
G01 X-87.25378 Y22.20022
G01 X-87.31522 Y22.28478
G01 X-87.39884 Y22.42961
G01 X-87.44136 Y22.52512
G01 X-87.49302 Y22.68417
G01 X-87.50499 Y22.74038
G01 X-87.50499 Y24.06956
G01 X-87.50105 Y24.08816
G01 X-87.61456 Y24.27002
G01 X-87.66785 Y24.34762
G01 X-87.77054 Y24.48147
G01 X-87.82627 Y24.54675
G01 X-87.94143 Y24.66811
G01 X-88.00247 Y24.72603
G01 X-88.13005 Y24.83497
G01 X-88.20074 Y24.88917
G01 X-88.34093 Y24.98551
G01 X-88.47963 Y25.06679
G01 X-88.58741 Y25.08970
G01 X-88.69137 Y25.10063
G01 X-88.85860 Y25.10063
G01 X-88.96256 Y25.08970
G01 X-89.12617 Y25.05493
G01 X-89.22558 Y25.02262
G01 X-89.29917 Y24.98986
G01 X-90.36464 Y26.05536
G01 X-90.43889 Y26.11939
G01 X-90.52040 Y26.17385
G01 X-90.56363 Y26.19697
G01 X-90.65418 Y26.23446
G01 X-90.70107 Y26.24868
G01 X-90.79721 Y26.26781
G01 X-90.89500 Y26.27502
G01 X-92.71641 Y26.27502
G01 X-92.75621 Y26.32981
G01 X-92.86812 Y26.45409
G01 X-92.94579 Y26.52404
G01 X-93.08110 Y26.62234
G01 X-93.17162 Y26.67461
G01 X-93.32441 Y26.74263
G01 X-93.42407 Y26.77504
G01 X-94.12567 Y26.77504
G01 X-94.22557 Y26.74263
G01 X-94.37835 Y26.67461
G01 X-94.46888 Y26.62234
G01 X-94.60418 Y26.52404
G01 X-94.68186 Y26.45409
G01 X-94.79377 Y26.32981
G01 X-94.83357 Y26.27502
G01 X-95.66550 Y26.27502
G01 X-95.71574 Y26.34418
G01 X-95.83466 Y26.47624
G01 X-95.91233 Y26.54619
G01 X-96.05610 Y26.65063
G01 X-96.14154 Y26.70001
G01 X-96.32498 Y26.73931
G01 X-96.41962 Y26.75434
G01 X-96.59732 Y26.77304
G01 X-96.68615 Y26.77769
G01 X-96.86384 Y26.77769
G01 X-96.95264 Y26.77304
G01 X-97.13034 Y26.75434
G01 X-97.22501 Y26.73931
G01 X-97.40834 Y26.70004
G01 X-97.22501 Y26.73931
G01 X-97.13034 Y26.75434
G01 X-96.95264 Y26.77304
G01 X-96.86384 Y26.77769
G01 X-96.68615 Y26.77769
G01 X-96.59732 Y26.77304
G01 X-96.41962 Y26.75434
G01 X-96.32498 Y26.73931
G01 X-96.14154 Y26.70001
G01 X-95.92498 Y26.70001
G01 X-95.82745 Y26.70961
G01 X-95.73365 Y26.73806
G01 X-95.64721 Y26.78429
G01 X-95.57144 Y26.84647
G01 X-95.50926 Y26.92224
G01 X-95.46306 Y27.00867
G01 X-95.43459 Y27.10248
G01 X-95.42499 Y27.20001
G01 X-95.42499 Y27.27502
G01 X-94.83360 Y27.27502
G01 X-94.79377 Y27.22023
G01 X-94.68186 Y27.09592
G01 X-94.60418 Y27.02600
G01 X-94.46888 Y26.92767
G01 X-94.37835 Y26.87542
G01 X-94.22557 Y26.80740
G01 X-94.12616 Y26.77494
G01 X-93.42382 Y26.77494
G01 X-93.32441 Y26.80740
G01 X-93.17162 Y26.87542
G01 X-93.08110 Y26.92767
G01 X-92.94579 Y27.02600
G01 X-92.86812 Y27.09592
G01 X-92.75621 Y27.22023
G01 X-92.71638 Y27.27502
G01 X-90.68791 Y27.27502
G01 X-88.47963 Y25.06679
G01 X-88.34093 Y24.98551
G01 X-88.20074 Y24.88917
G01 X-88.13005 Y24.83497
G01 X-88.00247 Y24.72603
G01 X-87.94143 Y24.66811
G01 X-87.82627 Y24.54675
G01 X-87.77054 Y24.48147
G01 X-87.66785 Y24.34762
G01 X-87.61456 Y24.27002
G01 X-87.51169 Y24.10124
G01 X-87.50499 Y24.06956
G01 X-87.51169 Y24.10124
G01 X-87.50499 Y24.06956
G01 X-87.50499 Y22.74038
G01 X-87.51695 Y22.68417
G01 X-87.56861 Y22.52512
G01 X-87.61113 Y22.42961
G01 X-87.69475 Y22.28478
G01 X-87.75619 Y22.20022
G01 X-87.86810 Y22.07594
G01 X-87.94580 Y22.00599
G01 X-88.08108 Y21.90769
G01 X-88.17161 Y21.85542
G01 X-88.32442 Y21.78740
G01 X-88.42381 Y21.75509
G01 X-88.58741 Y21.72032
G01 X-88.69137 Y21.70940
G01 X-88.85860 Y21.70940
G01 X-88.96256 Y21.72032
G01 X-89.12617 Y21.75509
G01 X-89.22558 Y21.78740
G01 X-89.37836 Y21.85542
G01 X-89.46889 Y21.90769
G01 X-89.60419 Y22.00599
G01 X-89.68187 Y22.07594
G01 X-89.79378 Y22.20022
G01 X-89.85522 Y22.28478
G01 X-89.93884 Y22.42961
G01 X-89.98136 Y22.52512
G01 X-90.03302 Y22.68417
G01 X-90.05476 Y22.78643
G01 X-90.07498 Y23.00502
G01 X-90.07498 Y23.64439
G01 X-91.20564 Y24.77502
G01 X-92.71638 Y24.77502
G01 X-92.75621 Y24.72021
G01 X-92.86812 Y24.59593
G01 X-92.94579 Y24.52598
G01 X-93.08110 Y24.42768
G01 X-93.17162 Y24.37543
G01 X-93.32441 Y24.30738
G01 X-93.42382 Y24.27510
G01 X-93.58740 Y24.24033
G01 X-93.69136 Y24.22941
G01 X-93.85862 Y24.22941
G01 X-93.96255 Y24.24033
G01 X-94.12616 Y24.27510
G01 X-94.22557 Y24.30738
G01 X-94.37835 Y24.37543
G01 X-94.46888 Y24.42768
G01 X-94.60418 Y24.52598
G01 X-94.68186 Y24.59593
G01 X-94.79377 Y24.72021
G01 X-94.83360 Y24.77502
G01 X-95.64586 Y24.77502
G01 X-95.71574 Y24.67584
G01 X-95.83466 Y24.54378
G01 X-95.91233 Y24.47383
G01 X-96.05610 Y24.36938
G01 X-96.14662 Y24.31711
G01 X-96.30896 Y24.24485
G01 X-96.40837 Y24.21254
G01 X-96.58218 Y24.17558
G01 X-96.68615 Y24.16466
G01 X-96.86384 Y24.16466
G01 X-96.96778 Y24.17558
G01 X-97.14162 Y24.21254
G01 X-97.24101 Y24.24485
G01 X-97.40337 Y24.31711
G01 X-97.49389 Y24.36938
G01 X-97.63763 Y24.47383
G01 X-97.71533 Y24.54378
G01 X-97.83423 Y24.67584
G01 X-97.89567 Y24.76039
G01 X-97.98452 Y24.91429
G01 X-98.02704 Y25.00977
G01 X-98.08195 Y25.17878
G01 X-98.10367 Y25.28102
G01 X-98.12224 Y25.45775
G01 X-98.12224 Y25.56227
G01 X-98.10367 Y25.73900
G01 X-98.08195 Y25.84124
G01 X-98.02704 Y26.01025
G01 X-97.98452 Y26.10573
G01 X-97.89567 Y26.25963
G01 X-97.83423 Y26.34418
G01 X-97.71533 Y26.47624
G01 X-97.63763 Y26.54619
G01 X-97.49389 Y26.65063
G01 X-97.40834 Y26.70004
G01 X-97.62498 Y26.70001
G01 X-97.72254 Y26.70961
G01 X-97.81632 Y26.73806
G01 X-97.90278 Y26.78429
G01 X-97.97855 Y26.84647
G01 X-98.04073 Y26.92224
G01 X-98.08693 Y27.00867
G01 X-98.11538 Y27.10248
G01 X-98.12498 Y27.20001
G01 X-98.12498 Y28.90001
G01 X-98.11538 Y28.99757
G01 X-98.08693 Y29.09135
G01 X-98.04073 Y29.17781
G01 X-97.97855 Y29.25358
G01 X-97.90278 Y29.31576
G01 X-97.81632 Y29.36196
G01 X-97.72254 Y29.39041
G01 X-97.62498 Y29.40001
G01 X-95.92498 Y29.40001
G01 X-95.82745 Y29.39041
G01 X-95.73365 Y29.36196
G01 X-95.64721 Y29.31576
G01 X-95.57144 Y29.25358
G01 X-95.50926 Y29.17781
G01 X-95.46306 Y29.09135
G01 X-95.43459 Y28.99757
G01 X-95.42499 Y28.90001
G01 X-95.42499 Y28.77501
G01 X-94.83357 Y28.77501
G01 X-94.79377 Y28.82980
G01 X-94.68186 Y28.95408
G01 X-94.60418 Y29.02404
G01 X-94.46888 Y29.12233
G01 X-94.37835 Y29.17461
G01 X-94.22557 Y29.24263
G01 X-94.12616 Y29.27494
G01 X-93.96255 Y29.30971
G01 X-93.85862 Y29.32063
G01 X-93.69136 Y29.32063
G01 X-93.58740 Y29.30971
G01 X-93.42382 Y29.27494
G01 X-93.32441 Y29.24263
G01 X-93.17162 Y29.17461
G01 X-93.08110 Y29.12233
G01 X-92.94579 Y29.02404
G01 X-92.86812 Y28.95408
G01 X-92.75621 Y28.82980
G01 X-92.71641 Y28.77501
G01 X-72.60563 Y28.77501
G01 X-71.78391 Y29.59673
G01 X-71.82419 Y29.62599
G01 X-71.90187 Y29.69594
G01 X-72.01378 Y29.82022
G01 X-72.07522 Y29.90478
G01 X-72.15884 Y30.04961
G01 X-72.20136 Y30.14512
G01 X-72.25302 Y30.30417
G01 X-72.26499 Y30.36036
G01 X-72.26499 Y31.68954
G01 X-72.25302 Y31.74585
G01 X-72.20136 Y31.90490
G01 X-72.15884 Y32.00041
G01 X-72.07522 Y32.14524
G01 X-72.01378 Y32.22980
G01 X-71.90187 Y32.35410
G01 X-71.82419 Y32.42403
G01 X-71.68889 Y32.52235
G01 X-71.59836 Y32.57460
G01 X-71.44558 Y32.64262
G01 X-71.34617 Y32.67493
G01 X-71.18256 Y32.70970
G01 X-71.07860 Y32.72063
G01 X-70.91137 Y32.72063
G01 X-70.80741 Y32.70970
G01 X-70.64381 Y32.67493
G01 X-70.54442 Y32.64262
G01 X-70.39161 Y32.57460
G01 X-70.30108 Y32.52235
G01 X-70.16580 Y32.42403
G01 X-70.08810 Y32.35410
G01 X-69.97619 Y32.22980
G01 X-69.91475 Y32.14524
G01 X-69.83113 Y32.00041
G01 X-69.78861 Y31.90490
G01 X-69.73695 Y31.74585
G01 X-69.71521 Y31.64361
G01 X-69.69773 Y31.47727
G01 X-69.69499 Y31.42502
G01 X-69.69499 Y30.62502
G01 X-69.71521 Y30.40643
G01 X-69.73695 Y30.30417
G01 X-69.78861 Y30.14512
G01 X-69.83113 Y30.04961
G01 X-69.91475 Y29.90478
G01 X-69.97619 Y29.82022
G01 X-70.08810 Y29.69594
G01 X-70.16580 Y29.62599
G01 X-70.24497 Y29.56846
G01 X-70.24497 Y29.32500
G01 X-70.25219 Y29.22724
G01 X-70.27131 Y29.13110
G01 X-70.28554 Y29.08421
G01 X-70.32305 Y28.99363
G01 X-70.34614 Y28.95043
G01 X-70.40060 Y28.86892
G01 X-70.46463 Y28.79467
G01 X-71.76463 Y27.49468
G01 X-71.83888 Y27.43064
G01 X-71.92038 Y27.37619
G01 X-71.96359 Y27.35310
G01 X-72.05417 Y27.31558
G01 X-72.10105 Y27.30136
G01 X-72.19719 Y27.28223
G01 X-72.29498 Y27.27502
G01 X-88.56660 Y27.27502
G01 X-86.38520 Y25.09364
G01 X-86.31860 Y25.10063
G01 X-86.15137 Y25.10063
G01 X-86.04741 Y25.08970
G01 X-85.88381 Y25.05493
G01 X-85.78442 Y25.02262
G01 X-85.63161 Y24.95460
G01 X-85.54108 Y24.90235
G01 X-85.40580 Y24.80403
G01 X-85.32810 Y24.73410
G01 X-85.21619 Y24.60980
G01 X-85.15475 Y24.52524
G01 X-85.07113 Y24.38041
G01 X-85.02861 Y24.28490
G01 X-84.97695 Y24.12585
G01 X-84.96496 Y24.06969
G01 X-84.95302 Y24.12585
G01 X-84.90136 Y24.28490
G01 X-84.85884 Y24.38041
G01 X-84.77522 Y24.52524
G01 X-84.71378 Y24.60980
G01 X-84.60187 Y24.73410
G01 X-84.52419 Y24.80403
G01 X-84.38889 Y24.90235
G01 X-84.29836 Y24.95460
G01 X-84.14558 Y25.02262
G01 X-84.04617 Y25.05493
G01 X-83.88256 Y25.08970
G01 X-83.77860 Y25.10063
G01 X-83.61137 Y25.10063
G01 X-83.50741 Y25.08970
G01 X-83.34381 Y25.05493
G01 X-83.24442 Y25.02262
G01 X-83.09161 Y24.95460
G01 X-83.00108 Y24.90235
G01 X-82.86580 Y24.80403
G01 X-82.78810 Y24.73410
G01 X-82.67619 Y24.60980
G01 X-82.61475 Y24.52524
G01 X-82.53113 Y24.38041
G01 X-82.48861 Y24.28490
G01 X-82.43695 Y24.12585
G01 X-82.42499 Y24.06954
G01 X-82.41302 Y24.12585
G01 X-82.36136 Y24.28490
G01 X-82.31884 Y24.38041
G01 X-82.23522 Y24.52524
G01 X-82.17378 Y24.60980
G01 X-82.06187 Y24.73410
G01 X-81.98419 Y24.80403
G01 X-81.84889 Y24.90235
G01 X-81.75836 Y24.95460
G01 X-81.60558 Y25.02262
G01 X-81.50617 Y25.05493
G01 X-81.34256 Y25.08970
G01 X-81.23860 Y25.10063
G01 X-81.07137 Y25.10063
G01 X-80.96741 Y25.08970
G01 X-80.80381 Y25.05493
G01 X-80.70442 Y25.02262
G01 X-80.55161 Y24.95460
G01 X-80.46108 Y24.90235
G01 X-80.32580 Y24.80403
G01 X-80.24810 Y24.73410
G01 X-80.13619 Y24.60980
G01 X-80.07475 Y24.52524
G01 X-79.99113 Y24.38041
G01 X-79.94861 Y24.28490
G01 X-79.89695 Y24.12585
G01 X-79.88496 Y24.06954
G01 X-79.87302 Y24.12585
G01 X-79.82136 Y24.28490
G01 X-79.77884 Y24.38041
G01 X-79.69522 Y24.52524
G01 X-79.63378 Y24.60980
G01 X-79.52187 Y24.73410
G01 X-79.44419 Y24.80403
G01 X-79.30889 Y24.90235
G01 X-79.21836 Y24.95460
G01 X-79.06558 Y25.02262
G01 X-78.96617 Y25.05493
G01 X-78.80256 Y25.08970
G01 X-78.69860 Y25.10063
G01 X-78.53137 Y25.10063
G01 X-78.42741 Y25.08970
G01 X-78.26381 Y25.05493
G01 X-78.16442 Y25.02262
G01 X-78.01161 Y24.95460
G01 X-77.92108 Y24.90235
G01 X-77.78580 Y24.80403
G01 X-77.70810 Y24.73410
G01 X-77.59619 Y24.60980
G01 X-77.53475 Y24.52524
G01 X-77.45113 Y24.38041
G01 X-77.40861 Y24.28490
G01 X-77.35695 Y24.12585
G01 X-77.34499 Y24.06954
G01 X-77.33302 Y24.12585
G01 X-77.28136 Y24.28490
G01 X-77.23884 Y24.38041
G01 X-77.15522 Y24.52524
G01 X-77.09378 Y24.60980
G01 X-76.98187 Y24.73410
G01 X-76.90419 Y24.80403
G01 X-76.76889 Y24.90235
G01 X-76.67836 Y24.95460
G01 X-76.52558 Y25.02262
G01 X-76.42617 Y25.05493
G01 X-76.26256 Y25.08970
G01 X-76.15860 Y25.10063
G01 X-75.99137 Y25.10063
G01 X-75.88741 Y25.08970
G01 X-75.72381 Y25.05493
G01 X-75.62442 Y25.02262
G01 X-75.47161 Y24.95460
G01 X-75.38108 Y24.90235
G01 X-75.24580 Y24.80403
G01 X-75.16810 Y24.73410
G01 X-75.05619 Y24.60980
G01 X-74.99475 Y24.52524
G01 X-74.91113 Y24.38041
G01 X-74.86861 Y24.28490
G01 X-74.81695 Y24.12585
G01 X-74.80496 Y24.06954
G01 X-74.80496 Y22.74048
G01 X-74.81695 Y22.68417
G01 X-74.86861 Y22.52512
G01 X-74.91113 Y22.42961
G01 X-74.99475 Y22.28478
G01 X-75.05619 Y22.20022
G01 X-75.16810 Y22.07594
G01 X-75.24580 Y22.00599
G01 X-75.31497 Y21.95572
G01 X-75.31497 Y19.14303
G01 X-75.20234 Y19.06119
G01 X-75.12464 Y18.99124
G01 X-75.00575 Y18.85918
G01 X-74.94430 Y18.77463
G01 X-74.87496 Y18.65451
G01 X-74.86450 Y18.61552
G01 X-74.84319 Y18.51545
G01 X-74.81502 Y18.33772
G01 X-74.80544 Y18.24671
G01 X-74.79612 Y18.06904
G01 X-74.79612 Y17.98103
G01 X-74.80544 Y17.80333
G01 X-74.81502 Y17.71232
G01 X-74.84319 Y17.53460
G01 X-74.87496 Y17.39548
G01 X-74.87499 Y17.17501
G01 X-74.86539 Y17.07748
G01 X-74.83694 Y16.98367
G01 X-74.79071 Y16.89724
G01 X-74.72853 Y16.82147
G01 X-74.65276 Y16.75927
G01 X-74.56633 Y16.71306
G01 X-74.47253 Y16.68461
G01 X-74.37499 Y16.67501
G01 X-72.67499 Y16.67501
G01 X-72.57743 Y16.68461
G01 X-72.48365 Y16.71306
G01 X-72.39719 Y16.75927
G01 X-72.32142 Y16.82147
G01 X-72.25925 Y16.89724
G01 X-72.21304 Y16.98367
G01 X-72.18459 Y17.07748
G01 X-72.17499 Y17.17501
G01 X-72.17499 Y17.27504
G01 X-69.62499 Y17.27504
G01 X-69.62499 Y17.17501
G01 X-69.61538 Y17.07748
G01 X-69.58694 Y16.98367
G01 X-69.54073 Y16.89724
G01 X-69.47853 Y16.82147
G01 X-69.40276 Y16.75927
G01 X-69.31633 Y16.71306
G01 X-69.22252 Y16.68461
G01 X-69.12499 Y16.67501
G01 X-68.90832 Y16.67504
G01 X-68.99387 Y16.62564
G01 X-69.13764 Y16.52119
G01 X-69.21531 Y16.45124
G01 X-69.33423 Y16.31918
G01 X-69.39567 Y16.23463
G01 X-69.48452 Y16.08073
G01 X-69.52702 Y15.98525
G01 X-69.58193 Y15.81624
G01 X-69.60368 Y15.71400
G01 X-69.62224 Y15.53727
G01 X-69.62224 Y15.43275
G01 X-69.60368 Y15.25602
G01 X-69.59684 Y15.22384
G01 X-71.55531 Y13.26537
G01 X-71.61934 Y13.19112
G01 X-71.67380 Y13.10962
G01 X-71.69689 Y13.06641
G01 X-71.73441 Y12.97583
G01 X-71.74863 Y12.92895
G01 X-71.76776 Y12.83281
G01 X-71.77497 Y12.73502
G01 X-71.77497 Y6.33569
G01 X-72.51789 Y5.59279
G01 X-72.61812 Y5.70409
G01 X-72.69580 Y5.77404
G01 X-72.83110 Y5.87234
G01 X-72.92163 Y5.92462
G01 X-73.07441 Y5.99264
G01 X-73.17382 Y6.02492
G01 X-73.33740 Y6.05969
G01 X-73.44136 Y6.07064
G01 X-73.60862 Y6.07064
G01 X-73.71256 Y6.05969
G01 X-73.87616 Y6.02492
G01 X-73.97557 Y5.99264
G01 X-74.12836 Y5.92462
G01 X-74.21888 Y5.87234
G01 X-74.35419 Y5.77404
G01 X-74.43186 Y5.70409
G01 X-74.54377 Y5.57981
G01 X-74.58357 Y5.52502
G01 X-76.71641 Y5.52502
G01 X-76.75621 Y5.57981
G01 X-76.86810 Y5.70409
G01 X-76.94580 Y5.77404
G01 X-77.08111 Y5.87234
G01 X-77.17163 Y5.92462
G01 X-77.32441 Y5.99264
G01 X-77.42383 Y6.02492
G01 X-77.58740 Y6.05969
G01 X-77.69137 Y6.07064
G01 X-77.85860 Y6.07064
G01 X-77.96256 Y6.05969
G01 X-78.12616 Y6.02492
G01 X-78.22558 Y5.99264
G01 X-78.37836 Y5.92462
G01 X-78.46889 Y5.87234
G01 X-78.60419 Y5.77404
G01 X-78.68186 Y5.70409
G01 X-78.79378 Y5.57981
G01 X-78.83358 Y5.52502
G01 X-80.71640 Y5.52502
G01 X-80.75621 Y5.57981
G01 X-80.86812 Y5.70409
G01 X-80.94579 Y5.77404
G01 X-81.08110 Y5.87234
G01 X-81.17162 Y5.92462
G01 X-81.32440 Y5.99264
G01 X-81.42382 Y6.02492
G01 X-81.58742 Y6.05969
G01 X-81.69136 Y6.07064
G01 X-81.85862 Y6.07064
G01 X-81.96255 Y6.05969
G01 X-82.12615 Y6.02492
G01 X-82.22557 Y5.99264
G01 X-82.37835 Y5.92462
G01 X-82.46888 Y5.87234
G01 X-82.60418 Y5.77404
G01 X-82.68186 Y5.70409
G01 X-82.79377 Y5.57981
G01 X-82.83357 Y5.52502
G01 X-84.71640 Y5.52502
G01 X-84.75620 Y5.57981
G01 X-84.86811 Y5.70409
G01 X-84.94578 Y5.77404
G01 X-85.08109 Y5.87234
G01 X-85.17161 Y5.92462
G01 X-85.32440 Y5.99264
G01 X-85.42381 Y6.02492
G01 X-85.58741 Y6.05969
G01 X-85.69137 Y6.07064
G01 X-85.85861 Y6.07064
G01 X-85.96257 Y6.05969
G01 X-86.12615 Y6.02492
G01 X-86.22556 Y5.99264
G01 X-86.37834 Y5.92462
G01 X-86.46887 Y5.87234
G01 X-86.60417 Y5.77404
G01 X-86.68187 Y5.70409
G01 X-86.79379 Y5.57981
G01 X-86.85520 Y5.49523
G01 X-86.93885 Y5.35040
G01 X-86.98134 Y5.25492
G01 X-87.03303 Y5.09584
G01 X-87.05477 Y4.99360
G01 X-87.07225 Y4.82729
G01 X-87.07225 Y4.72274
G01 X-87.05477 Y4.55642
G01 X-87.03303 Y4.45418
G01 X-86.98134 Y4.29510
G01 X-86.93885 Y4.19963
G01 X-86.85520 Y4.05479
G01 X-86.79379 Y3.97021
G01 X-86.68187 Y3.84593
G01 X-86.60417 Y3.77598
G01 X-86.46887 Y3.67768
G01 X-86.37834 Y3.62541
G01 X-86.22556 Y3.55741
G01 X-86.12615 Y3.52513
G01 X-85.96257 Y3.49033
G01 X-85.85861 Y3.47938
G01 X-85.69137 Y3.47938
G01 X-85.58741 Y3.49033
G01 X-85.42381 Y3.52513
G01 X-85.32440 Y3.55741
G01 X-85.17161 Y3.62541
G01 X-85.08109 Y3.67768
G01 X-84.94578 Y3.77598
G01 X-84.86811 Y3.84593
G01 X-84.75620 Y3.97021
G01 X-84.71637 Y4.02503
G01 X-82.83360 Y4.02503
G01 X-82.79377 Y3.97021
G01 X-82.68186 Y3.84593
G01 X-82.60418 Y3.77598
G01 X-82.46888 Y3.67768
G01 X-82.37835 Y3.62541
G01 X-82.22557 Y3.55741
G01 X-82.12615 Y3.52513
G01 X-81.96255 Y3.49033
G01 X-81.85862 Y3.47938
G01 X-81.69136 Y3.47938
G01 X-81.58742 Y3.49033
G01 X-81.42382 Y3.52513
G01 X-81.32440 Y3.55741
G01 X-81.17162 Y3.62541
G01 X-81.08110 Y3.67768
G01 X-80.94579 Y3.77598
G01 X-80.86812 Y3.84593
G01 X-80.75621 Y3.97021
G01 X-80.71638 Y4.02503
G01 X-78.83360 Y4.02503
G01 X-78.79378 Y3.97021
G01 X-78.68186 Y3.84593
G01 X-78.60419 Y3.77598
G01 X-78.46889 Y3.67768
G01 X-78.37836 Y3.62541
G01 X-78.22558 Y3.55741
G01 X-78.12616 Y3.52513
G01 X-77.96256 Y3.49033
G01 X-77.85860 Y3.47938
G01 X-77.69137 Y3.47938
G01 X-77.58740 Y3.49033
G01 X-77.42383 Y3.52513
G01 X-77.32441 Y3.55741
G01 X-77.17163 Y3.62541
G01 X-77.08111 Y3.67768
G01 X-76.94580 Y3.77598
G01 X-76.86810 Y3.84593
G01 X-76.75621 Y3.97021
G01 X-76.71639 Y4.02503
G01 X-74.58360 Y4.02503
G01 X-74.54377 Y3.97021
G01 X-74.43186 Y3.84593
G01 X-74.35419 Y3.77598
G01 X-74.21888 Y3.67768
G01 X-74.12836 Y3.62541
G01 X-73.97557 Y3.55741
G01 X-73.87616 Y3.52513
G01 X-73.71256 Y3.49033
G01 X-73.60862 Y3.47938
G01 X-73.44136 Y3.47938
G01 X-73.33740 Y3.49033
G01 X-73.17382 Y3.52513
G01 X-73.07441 Y3.55741
G01 X-72.92163 Y3.62541
G01 X-72.83110 Y3.67768
G01 X-72.69580 Y3.77598
G01 X-72.61812 Y3.84593
G01 X-72.50621 Y3.97021
G01 X-72.46638 Y4.02503
G01 X-72.22597 Y4.02744
G01 X-72.17720 Y4.03227
G01 X-72.08106 Y4.05137
G01 X-72.03418 Y4.06559
G01 X-71.94360 Y4.10311
G01 X-71.90039 Y4.12619
G01 X-71.81889 Y4.18065
G01 X-71.74464 Y4.24469
G01 X-70.46169 Y5.53107
G01 X-70.43060 Y5.56894
G01 X-70.37614 Y5.65045
G01 X-70.35305 Y5.69365
G01 X-70.31554 Y5.78423
G01 X-70.30131 Y5.83112
G01 X-70.28219 Y5.92726
G01 X-70.27497 Y6.02502
G01 X-70.27497 Y12.42437
G01 X-68.53456 Y14.16478
G01 X-68.46779 Y14.15058
G01 X-68.36383 Y14.13966
G01 X-68.18613 Y14.13966
G01 X-68.08219 Y14.15058
G01 X-67.90838 Y14.18754
G01 X-67.80896 Y14.21985
G01 X-67.64663 Y14.29211
G01 X-67.55608 Y14.34439
G01 X-67.41234 Y14.44883
G01 X-67.33462 Y14.51878
G01 X-67.21575 Y14.65084
G01 X-67.15430 Y14.73539
G01 X-67.06543 Y14.88929
G01 X-67.02293 Y14.98477
G01 X-66.96804 Y15.15378
G01 X-66.94630 Y15.25602
G01 X-66.92773 Y15.43275
G01 X-66.92773 Y15.53727
G01 X-66.94630 Y15.71400
G01 X-66.96804 Y15.81624
G01 X-67.02293 Y15.98525
G01 X-67.06543 Y16.08073
G01 X-67.15430 Y16.23463
G01 X-67.21575 Y16.31918
G01 X-67.33462 Y16.45124
G01 X-67.41234 Y16.52119
G01 X-67.55608 Y16.62564
G01 X-67.64153 Y16.67501
G01 X-67.42499 Y16.67501
G01 X-67.32745 Y16.68461
G01 X-67.23365 Y16.71306
G01 X-67.14719 Y16.75927
G01 X-67.07140 Y16.82147
G01 X-67.00924 Y16.89724
G01 X-66.96304 Y16.98367
G01 X-66.93459 Y17.07748
G01 X-66.92499 Y17.17501
G01 X-66.92497 Y17.44753
G01 X-66.92499 Y17.17501
G01 X-66.93459 Y17.07748
G01 X-66.96304 Y16.98367
G01 X-67.00924 Y16.89724
G01 X-67.07140 Y16.82147
G01 X-67.14719 Y16.75927
G01 X-67.23365 Y16.71306
G01 X-67.32745 Y16.68461
G01 X-67.42499 Y16.67501
G01 X-67.64153 Y16.67501
G01 X-67.82494 Y16.71431
G01 X-67.91960 Y16.72934
G01 X-68.09730 Y16.74804
G01 X-68.18613 Y16.75269
G01 X-68.36383 Y16.75269
G01 X-68.45260 Y16.74804
G01 X-68.63032 Y16.72934
G01 X-68.72501 Y16.71431
G01 X-68.90832 Y16.67504
G04 P0 ( dwell for no time -- G64 should not smooth over this point )
G00 Z2.00000 ( retract )
(Block-name: block)
(Block-expand: 0)
(Block-enable: 1)

G00 X-65.62024 Y20.08463 ( rapid move to begin. )
G01 F100.00000
( Mill infeed pass 1/1 )
G01 Z-0.10000
G04 P0 ( dwell for no time -- G64 should not smooth over this point )
G01 F200.00000
G01 X-65.62024 Y20.08463
G01 X-63.87498 Y18.33940
G01 X-63.87387 Y17.18855
G01 X-63.86538 Y17.10247
G01 X-63.83694 Y17.00867
G01 X-63.79073 Y16.92223
G01 X-63.72853 Y16.84646
G01 X-63.65276 Y16.78428
G01 X-63.56632 Y16.73808
G01 X-63.47252 Y16.70961
G01 X-63.37499 Y16.70001
G01 X-63.15832 Y16.70003
G01 X-62.97506 Y16.73930
G01 X-62.88024 Y16.75436
G01 X-62.70255 Y16.77303
G01 X-62.61382 Y16.77768
G01 X-62.43613 Y16.77768
G01 X-62.34738 Y16.77303
G01 X-62.16968 Y16.75436
G01 X-62.07489 Y16.73930
G01 X-61.89719 Y16.70153
G01 X-61.80610 Y16.65065
G01 X-61.66234 Y16.54618
G01 X-61.58464 Y16.47626
G01 X-61.46574 Y16.34420
G01 X-61.40430 Y16.25962
G01 X-61.31545 Y16.10575
G01 X-61.27296 Y16.01024
G01 X-61.21804 Y15.84126
G01 X-61.19630 Y15.73900
G01 X-61.17773 Y15.56226
G01 X-61.17773 Y15.45774
G01 X-61.19630 Y15.28104
G01 X-61.21804 Y15.17878
G01 X-61.27296 Y15.00979
G01 X-61.31545 Y14.91429
G01 X-61.40430 Y14.76039
G01 X-61.46574 Y14.67583
G01 X-61.58464 Y14.54378
G01 X-61.66234 Y14.47382
G01 X-61.80610 Y14.36938
G01 X-61.89663 Y14.31711
G01 X-62.05896 Y14.24484
G01 X-62.15838 Y14.21253
G01 X-62.33219 Y14.17560
G01 X-62.43613 Y14.16468
G01 X-62.61382 Y14.16468
G01 X-62.71779 Y14.17560
G01 X-62.89160 Y14.21253
G01 X-62.99101 Y14.24484
G01 X-63.15332 Y14.31711
G01 X-63.24387 Y14.36938
G01 X-63.38763 Y14.47382
G01 X-63.46531 Y14.54378
G01 X-63.58423 Y14.67583
G01 X-63.64539 Y14.76003
G01 X-63.97895 Y14.76244
G01 X-64.02772 Y14.76724
G01 X-64.12385 Y14.78637
G01 X-64.17074 Y14.80060
G01 X-64.26129 Y14.83811
G01 X-64.30452 Y14.86120
G01 X-64.38603 Y14.91566
G01 X-64.46028 Y14.97969
G01 X-66.92497 Y17.44753
G01 X-66.97163 Y17.59139
G01 X-67.00810 Y17.77425
G01 X-67.01948 Y17.94402
G01 X-67.01948 Y18.87503
G01 X-67.04145 Y19.06383
G01 X-67.10736 Y19.25263
G01 X-67.26616 Y19.29606
G01 X-67.42497 Y19.31052
G01 X-69.12496 Y19.31052
G01 X-69.30571 Y19.29177
G01 X-69.45272 Y19.24603
G01 X-71.74599 Y19.24603
G01 X-71.84375 Y19.25324
G01 X-71.93989 Y19.27237
G01 X-71.98678 Y19.28659
G01 X-72.07736 Y19.32411
G01 X-72.12056 Y19.34720
G01 X-72.20207 Y19.40165
G01 X-72.23994 Y19.43274
G01 X-74.05530 Y21.24468
G01 X-74.11934 Y21.31892
G01 X-74.17380 Y21.40043
G01 X-74.19688 Y21.44363
G01 X-74.23440 Y21.53421
G01 X-74.24862 Y21.58110
G01 X-74.26775 Y21.67724
G01 X-74.27255 Y21.72601
G01 X-74.27496 Y21.94117
G01 X-74.36419 Y22.00599
G01 X-74.44187 Y22.07594
G01 X-74.55378 Y22.20022
G01 X-74.61522 Y22.28478
G01 X-74.69884 Y22.42961
G01 X-74.74136 Y22.52512
G01 X-74.79302 Y22.68417
G01 X-74.80496 Y22.74048
G01 X-74.80496 Y24.06954
G01 X-74.79302 Y24.12585
G01 X-74.74136 Y24.28490
G01 X-74.69884 Y24.38041
G01 X-74.61522 Y24.52524
G01 X-74.55378 Y24.60980
G01 X-74.44187 Y24.73410
G01 X-74.36419 Y24.80403
G01 X-74.22889 Y24.90235
G01 X-74.13836 Y24.95460
G01 X-73.98558 Y25.02262
G01 X-73.88617 Y25.05493
G01 X-73.72256 Y25.08970
G01 X-73.61860 Y25.10063
G01 X-73.45137 Y25.10063
G01 X-73.34741 Y25.08970
G01 X-73.18381 Y25.05493
G01 X-73.08442 Y25.02262
G01 X-72.93161 Y24.95460
G01 X-72.84108 Y24.90235
G01 X-72.70580 Y24.80403
G01 X-72.62810 Y24.73410
G01 X-72.51619 Y24.60980
G01 X-72.45475 Y24.52524
G01 X-72.37113 Y24.38041
G01 X-72.32861 Y24.28490
G01 X-72.27695 Y24.12585
G01 X-72.26496 Y24.06969
G01 X-72.26496 Y22.74033
G01 X-72.25302 Y22.68417
G01 X-72.20136 Y22.52512
G01 X-72.15884 Y22.42961
G01 X-72.07522 Y22.28478
G01 X-72.01378 Y22.20022
G01 X-71.90187 Y22.07594
G01 X-71.82419 Y22.00599
G01 X-71.74497 Y21.94843
G01 X-71.74497 Y21.51702
G01 X-71.73776 Y21.41925
G01 X-71.71863 Y21.32314
G01 X-71.70441 Y21.27622
G01 X-71.66692 Y21.18567
G01 X-71.64380 Y21.14247
G01 X-71.58937 Y21.06096
G01 X-71.55828 Y21.02309
G01 X-71.28249 Y20.74602
G01 X-71.21546 Y20.72154
G01 X-71.07609 Y20.68179
G01 X-70.94327 Y20.65781
G01 X-70.81432 Y20.64750
G01 X-66.36396 Y20.64653
G01 X-66.19566 Y20.63525
G01 X-66.05664 Y20.60973
G01 X-65.92047 Y20.49766
G01 X-65.82939 Y20.40315
G01 X-65.74651 Y20.29832
G01 X-65.69690 Y20.22400
G01 X-65.62024 Y20.08463
G01 X-65.61397 Y19.99601
G01 X-65.61397 Y18.25469
G01 X-63.63440 Y16.27514
G01 X-63.58423 Y16.34420
G01 X-63.46531 Y16.47626
G01 X-63.38763 Y16.54618
G01 X-63.24387 Y16.65065
G01 X-63.15832 Y16.70003
G01 X-62.97506 Y16.73930
G01 X-62.88024 Y16.75436
G01 X-62.70255 Y16.77303
G01 X-62.61382 Y16.77768
G01 X-62.43613 Y16.77768
G01 X-62.34738 Y16.77303
G01 X-62.16968 Y16.75436
G01 X-62.07489 Y16.73930
G01 X-61.89155 Y16.70001
G01 X-61.67499 Y16.70001
G01 X-61.57745 Y16.70961
G01 X-61.48365 Y16.73808
G01 X-61.39721 Y16.78428
G01 X-61.32145 Y16.84646
G01 X-61.25924 Y16.92223
G01 X-61.21304 Y17.00867
G01 X-61.18459 Y17.10247
G01 X-61.17499 Y17.20001
G01 X-61.17499 Y18.90000
G01 X-61.18459 Y18.99756
G01 X-61.21304 Y19.09137
G01 X-61.25924 Y19.17780
G01 X-61.32145 Y19.25357
G01 X-61.39721 Y19.31575
G01 X-61.48365 Y19.36195
G01 X-61.57745 Y19.39040
G01 X-61.67499 Y19.40000
G01 X-62.81428 Y19.40000
G01 X-65.24163 Y21.82735
G01 X-65.31588 Y21.89139
G01 X-65.39738 Y21.94584
G01 X-65.44062 Y21.96893
G01 X-65.53117 Y22.00645
G01 X-65.57805 Y22.02067
G01 X-65.67417 Y22.03980
G01 X-65.77198 Y22.04701
G01 X-70.12024 Y22.04701
G01 X-70.08810 Y22.07594
G01 X-69.97619 Y22.20022
G01 X-69.91475 Y22.28478
G01 X-69.83113 Y22.42961
G01 X-69.78861 Y22.52512
G01 X-69.73695 Y22.68417
G01 X-69.71521 Y22.78643
G01 X-69.69499 Y23.00502
G01 X-69.69499 Y23.80502
G01 X-69.71521 Y24.02361
G01 X-69.73695 Y24.12585
G01 X-69.78861 Y24.28490
G01 X-69.83113 Y24.38041
G01 X-69.91475 Y24.52524
G01 X-69.97619 Y24.60980
G01 X-70.08810 Y24.73410
G01 X-70.16580 Y24.80403
G01 X-70.30108 Y24.90235
G01 X-70.39161 Y24.95460
G01 X-70.54442 Y25.02262
G01 X-70.64381 Y25.05493
G01 X-70.80741 Y25.08970
G01 X-70.91137 Y25.10063
G01 X-71.07860 Y25.10063
G01 X-71.18256 Y25.08970
G01 X-71.34617 Y25.05493
G01 X-71.44558 Y25.02262
G01 X-71.59836 Y24.95460
G01 X-71.68889 Y24.90235
G01 X-71.82419 Y24.80403
G01 X-71.90187 Y24.73410
G01 X-72.01378 Y24.60980
G01 X-72.07522 Y24.52524
G01 X-72.15884 Y24.38041
G01 X-72.20136 Y24.28490
G01 X-72.25302 Y24.12585
G01 X-72.26496 Y24.06969
G01 X-72.26496 Y22.74033
G01 X-72.27695 Y22.68417
G01 X-72.32861 Y22.52512
G01 X-72.37113 Y22.42961
G01 X-72.45475 Y22.28478
G01 X-72.51619 Y22.20022
G01 X-72.62810 Y22.07594
G01 X-72.70027 Y22.01097
G01 X-71.43532 Y20.74602
G01 X-71.28249 Y20.74602
G04 P0 ( dwell for no time -- G64 should not smooth over this point )
G00 Z2.00000 ( retract )
(Block-name: block)
(Block-expand: 0)
(Block-enable: 1)

G00 X-87.47499 Y30.24862 ( rapid move to begin. )
G01 F100.00000
( Mill infeed pass 1/1 )
G01 Z-0.10000
G04 P0 ( dwell for no time -- G64 should not smooth over this point )
G01 F200.00000
G01 X-87.47499 Y30.24862
G01 X-87.44136 Y30.14512
G01 X-87.39884 Y30.04961
G01 X-87.31522 Y29.90478
G01 X-87.25378 Y29.82022
G01 X-87.14187 Y29.69594
G01 X-87.06419 Y29.62599
G01 X-86.92889 Y29.52769
G01 X-86.83836 Y29.47542
G01 X-86.68558 Y29.40740
G01 X-86.58617 Y29.37509
G01 X-86.42256 Y29.34032
G01 X-86.31860 Y29.32940
G01 X-86.15137 Y29.32940
G01 X-86.04741 Y29.34032
G01 X-85.88381 Y29.37509
G01 X-85.78442 Y29.40740
G01 X-85.63161 Y29.47542
G01 X-85.54108 Y29.52769
G01 X-85.40580 Y29.62599
G01 X-85.32810 Y29.69594
G01 X-85.21619 Y29.82022
G01 X-85.15475 Y29.90478
G01 X-85.07113 Y30.04961
G01 X-85.02861 Y30.14512
G01 X-84.97695 Y30.30417
G01 X-84.96496 Y30.36033
G01 X-84.96496 Y31.68969
G01 X-84.95302 Y31.74585
G01 X-84.90136 Y31.90490
G01 X-84.85884 Y32.00041
G01 X-84.77522 Y32.14524
G01 X-84.71378 Y32.22980
G01 X-84.60187 Y32.35410
G01 X-84.52419 Y32.42403
G01 X-84.44497 Y32.48159
G01 X-84.44497 Y35.37924
G01 X-84.59765 Y35.48882
G01 X-84.67532 Y35.55877
G01 X-84.79422 Y35.69083
G01 X-84.85566 Y35.77541
G01 X-84.92493 Y35.89540
G01 X-84.95676 Y36.03461
G01 X-84.98490 Y36.21229
G01 X-84.99450 Y36.30332
G01 X-85.00382 Y36.48102
G01 X-85.00382 Y36.56903
G01 X-84.99450 Y36.74673
G01 X-84.98490 Y36.83776
G01 X-84.95676 Y37.01544
G01 X-84.92496 Y37.15463
G01 X-84.85566 Y37.27464
G01 X-84.79422 Y37.35920
G01 X-84.67532 Y37.49125
G01 X-84.59765 Y37.56120
G01 X-84.48498 Y37.64304
G01 X-84.48498 Y39.05437
G01 X-86.05734 Y40.62671
G01 X-86.19137 Y40.60938
G01 X-86.35861 Y40.60938
G01 X-86.46257 Y40.62033
G01 X-86.62615 Y40.65510
G01 X-86.72556 Y40.68739
G01 X-86.87837 Y40.75541
G01 X-86.96887 Y40.80768
G01 X-87.10417 Y40.90598
G01 X-87.18187 Y40.97593
G01 X-87.29378 Y41.10021
G01 X-87.35520 Y41.18479
G01 X-87.43884 Y41.32963
G01 X-87.48136 Y41.42510
G01 X-87.53303 Y41.58418
G01 X-87.55477 Y41.68642
G01 X-87.57224 Y41.85274
G01 X-87.57224 Y41.94171
G01 X-87.62713 Y41.87720
G01 X-90.19876 Y39.30558
G01 X-90.17773 Y39.11729
G01 X-90.17773 Y39.01274
G01 X-90.19629 Y38.83603
G01 X-90.21804 Y38.73377
G01 X-90.27295 Y38.56478
G01 X-90.31547 Y38.46928
G01 X-90.40432 Y38.31541
G01 X-90.46576 Y38.23083
G01 X-90.58466 Y38.09877
G01 X-90.66233 Y38.02882
G01 X-90.80610 Y37.92437
G01 X-90.89157 Y37.87502
G01 X-91.07493 Y37.83575
G01 X-91.16970 Y37.82069
G01 X-91.34740 Y37.80202
G01 X-91.43614 Y37.79735
G01 X-91.61384 Y37.79735
G01 X-91.70256 Y37.80202
G01 X-91.88026 Y37.82069
G01 X-91.97506 Y37.83575
G01 X-92.15829 Y37.87502
G01 X-92.24389 Y37.92437
G01 X-92.38765 Y38.02882
G01 X-92.46533 Y38.09877
G01 X-92.58422 Y38.23083
G01 X-92.64567 Y38.31541
G01 X-92.73452 Y38.46928
G01 X-92.77704 Y38.56478
G01 X-92.83195 Y38.73377
G01 X-92.85367 Y38.83603
G01 X-92.87226 Y39.01274
G01 X-92.87226 Y39.11729
G01 X-92.85367 Y39.29399
G01 X-92.83195 Y39.39625
G01 X-92.77704 Y39.56524
G01 X-92.73452 Y39.66074
G01 X-92.64567 Y39.81464
G01 X-92.58422 Y39.89920
G01 X-92.46533 Y40.03125
G01 X-92.38765 Y40.10120
G01 X-92.24389 Y40.20565
G01 X-92.15336 Y40.25790
G01 X-91.99103 Y40.33019
G01 X-91.89162 Y40.36249
G01 X-91.71780 Y40.39943
G01 X-91.61384 Y40.41035
G01 X-91.43614 Y40.41035
G01 X-91.33218 Y40.39943
G01 X-91.24481 Y40.38086
G01 X-88.90747 Y42.71819
G01 X-88.90747 Y47.64252
G01 X-88.90026 Y47.74031
G01 X-88.88113 Y47.83644
G01 X-88.86691 Y47.88333
G01 X-88.82939 Y47.97391
G01 X-88.80630 Y48.01711
G01 X-88.75185 Y48.09862
G01 X-88.72076 Y48.13649
G01 X-87.55467 Y49.30599
G01 X-87.57224 Y49.47274
G01 X-87.57224 Y49.57728
G01 X-87.55477 Y49.74360
G01 X-87.53303 Y49.84584
G01 X-87.48136 Y50.00492
G01 X-87.43884 Y50.10040
G01 X-87.35520 Y50.24523
G01 X-87.29378 Y50.32981
G01 X-87.18187 Y50.45409
G01 X-87.10417 Y50.52404
G01 X-86.96887 Y50.62234
G01 X-86.87837 Y50.67462
G01 X-86.72556 Y50.74264
G01 X-86.62615 Y50.77492
G01 X-86.46257 Y50.80969
G01 X-86.35861 Y50.82064
G01 X-86.19137 Y50.82064
G01 X-86.08741 Y50.80969
G01 X-85.92381 Y50.77492
G01 X-85.82439 Y50.74264
G01 X-85.67161 Y50.67462
G01 X-85.58109 Y50.62234
G01 X-85.44578 Y50.52404
G01 X-85.36915 Y50.45503
G01 X-83.18081 Y50.45503
G01 X-83.10418 Y50.52404
G01 X-82.96888 Y50.62234
G01 X-82.87835 Y50.67462
G01 X-82.72557 Y50.74264
G01 X-82.62615 Y50.77492
G01 X-82.46258 Y50.80969
G01 X-82.35862 Y50.82064
G01 X-82.19136 Y50.82064
G01 X-82.08742 Y50.80969
G01 X-81.92382 Y50.77492
G01 X-81.82440 Y50.74264
G01 X-81.67162 Y50.67462
G01 X-81.58110 Y50.62234
G01 X-81.44579 Y50.52404
G01 X-81.36916 Y50.45503
G01 X-79.43081 Y50.45503
G01 X-79.35418 Y50.52404
G01 X-79.21887 Y50.62234
G01 X-79.12835 Y50.67462
G01 X-78.97556 Y50.74264
G01 X-78.87615 Y50.77492
G01 X-78.71257 Y50.80969
G01 X-78.60861 Y50.82064
G01 X-78.44138 Y50.82064
G01 X-78.33741 Y50.80969
G01 X-78.17381 Y50.77492
G01 X-78.07440 Y50.74264
G01 X-77.92162 Y50.67462
G01 X-77.83109 Y50.62234
G01 X-77.69579 Y50.52404
G01 X-77.61915 Y50.45503
G01 X-75.43082 Y50.45503
G01 X-75.35418 Y50.52404
G01 X-75.21888 Y50.62234
G01 X-75.12835 Y50.67462
G01 X-74.97557 Y50.74264
G01 X-74.87616 Y50.77492
G01 X-74.71256 Y50.80969
G01 X-74.60862 Y50.82064
G01 X-74.44136 Y50.82064
G01 X-74.33740 Y50.80969
G01 X-74.17382 Y50.77492
G01 X-74.07441 Y50.74264
G01 X-73.92162 Y50.67462
G01 X-73.83110 Y50.62234
G01 X-73.69579 Y50.52404
G01 X-73.61812 Y50.45409
G01 X-73.50621 Y50.32981
G01 X-73.44477 Y50.24523
G01 X-73.36115 Y50.10040
G01 X-73.31863 Y50.00492
G01 X-73.26694 Y49.84584
G01 X-73.24520 Y49.74360
G01 X-73.22772 Y49.57728
G01 X-73.22772 Y49.47274
G01 X-73.24520 Y49.30642
G01 X-73.26694 Y49.20418
G01 X-73.31863 Y49.04510
G01 X-73.36115 Y48.94963
G01 X-73.44477 Y48.80479
G01 X-73.50621 Y48.72021
G01 X-73.61812 Y48.59593
G01 X-73.69579 Y48.52598
G01 X-73.83110 Y48.42768
G01 X-73.92162 Y48.37541
G01 X-74.07441 Y48.30739
G01 X-74.17382 Y48.27510
G01 X-74.33740 Y48.24033
G01 X-74.44136 Y48.22938
G01 X-74.60862 Y48.22938
G01 X-74.71256 Y48.24033
G01 X-74.87616 Y48.27510
G01 X-74.97557 Y48.30739
G01 X-75.12835 Y48.37541
G01 X-75.21888 Y48.42768
G01 X-75.35418 Y48.52598
G01 X-75.43186 Y48.59593
G01 X-75.54377 Y48.72021
G01 X-75.60521 Y48.80479
G01 X-75.69124 Y48.95504
G01 X-77.35873 Y48.95504
G01 X-77.44476 Y48.80479
G01 X-77.50620 Y48.72021
G01 X-77.61811 Y48.59593
G01 X-77.69579 Y48.52598
G01 X-77.83109 Y48.42768
G01 X-77.92162 Y48.37541
G01 X-78.07440 Y48.30739
G01 X-78.17381 Y48.27510
G01 X-78.33741 Y48.24033
G01 X-78.44138 Y48.22938
G01 X-78.60861 Y48.22938
G01 X-78.71257 Y48.24033
G01 X-78.87615 Y48.27510
G01 X-78.97556 Y48.30739
G01 X-79.12835 Y48.37541
G01 X-79.21887 Y48.42768
G01 X-79.35418 Y48.52598
G01 X-79.43188 Y48.59593
G01 X-79.54376 Y48.72021
G01 X-79.60520 Y48.80479
G01 X-79.69123 Y48.95504
G01 X-81.10873 Y48.95504
G01 X-81.19476 Y48.80479
G01 X-81.25620 Y48.72021
G01 X-81.36812 Y48.59593
G01 X-81.44579 Y48.52598
G01 X-81.58110 Y48.42768
G01 X-81.67162 Y48.37541
G01 X-81.82440 Y48.30739
G01 X-81.92382 Y48.27510
G01 X-82.08742 Y48.24033
G01 X-82.19136 Y48.22938
G01 X-82.35862 Y48.22938
G01 X-82.46258 Y48.24033
G01 X-82.62615 Y48.27510
G01 X-82.72557 Y48.30739
G01 X-82.87835 Y48.37541
G01 X-82.96888 Y48.42768
G01 X-83.10418 Y48.52598
G01 X-83.18185 Y48.59593
G01 X-83.29377 Y48.72021
G01 X-83.35521 Y48.80479
G01 X-83.44124 Y48.95504
G01 X-85.10872 Y48.95504
G01 X-85.19475 Y48.80479
G01 X-85.25620 Y48.72021
G01 X-85.36811 Y48.59593
G01 X-85.44578 Y48.52598
G01 X-85.58109 Y48.42768
G01 X-85.67161 Y48.37541
G01 X-85.82439 Y48.30739
G01 X-85.92381 Y48.27510
G01 X-86.08741 Y48.24033
G01 X-86.19137 Y48.22938
G01 X-86.35861 Y48.22938
G01 X-86.49262 Y48.24671
G01 X-87.40748 Y47.33187
G01 X-87.40745 Y42.53475
G01 X-87.48075 Y42.22787
G01 X-87.53399 Y42.04644
G01 X-87.57224 Y41.94171
G01 X-87.53399 Y42.04644
G01 X-87.48075 Y42.22787
G01 X-87.40745 Y42.53475
G01 X-87.35520 Y42.62523
G01 X-87.29378 Y42.70981
G01 X-87.18187 Y42.83409
G01 X-87.10417 Y42.90404
G01 X-86.96887 Y43.00234
G01 X-86.87837 Y43.05462
G01 X-86.72556 Y43.12264
G01 X-86.62615 Y43.15492
G01 X-86.46257 Y43.18969
G01 X-86.35861 Y43.20064
G01 X-86.19137 Y43.20064
G01 X-86.08741 Y43.18969
G01 X-85.92381 Y43.15492
G01 X-85.82439 Y43.12264
G01 X-85.67161 Y43.05462
G01 X-85.58109 Y43.00234
G01 X-85.44578 Y42.90404
G01 X-85.36811 Y42.83409
G01 X-85.25620 Y42.70981
G01 X-85.19475 Y42.62523
G01 X-85.11114 Y42.48040
G01 X-85.06862 Y42.38492
G01 X-85.01693 Y42.22584
G01 X-84.99521 Y42.12360
G01 X-84.97774 Y41.95728
G01 X-84.97774 Y41.85274
G01 X-84.99529 Y41.68601
G01 X-83.20464 Y39.89536
G01 X-83.14061 Y39.82112
G01 X-83.08615 Y39.73961
G01 X-83.06306 Y39.69641
G01 X-83.02554 Y39.60583
G01 X-83.01132 Y39.55894
G01 X-82.99219 Y39.46280
G01 X-82.98498 Y39.36501
G01 X-82.98498 Y37.64304
G01 X-82.87233 Y37.56120
G01 X-82.79466 Y37.49125
G01 X-82.67576 Y37.35920
G01 X-82.61432 Y37.27464
G01 X-82.52547 Y37.12074
G01 X-82.48295 Y37.02524
G01 X-82.46497 Y36.96992
G01 X-82.46497 Y36.08000
G01 X-82.44703 Y36.02478
G01 X-82.40451 Y35.92928
G01 X-82.31566 Y35.77541
G01 X-82.25422 Y35.69083
G01 X-82.13532 Y35.55877
G01 X-82.05765 Y35.48882
G01 X-81.90497 Y35.37924
G01 X-81.90497 Y32.48159
G01 X-81.98419 Y32.42403
G01 X-82.06187 Y32.35410
G01 X-82.17378 Y32.22980
G01 X-82.23522 Y32.14524
G01 X-82.31884 Y32.00041
G01 X-82.36136 Y31.90490
G01 X-82.41302 Y31.74585
G01 X-82.42496 Y31.68954
G01 X-82.42496 Y30.36048
G01 X-82.41302 Y30.30417
G01 X-82.36136 Y30.14512
G01 X-82.31884 Y30.04961
G01 X-82.23522 Y29.90478
G01 X-82.17378 Y29.82022
G01 X-82.06187 Y29.69594
G01 X-81.98419 Y29.62599
G01 X-81.84889 Y29.52769
G01 X-81.75836 Y29.47542
G01 X-81.60558 Y29.40740
G01 X-81.50617 Y29.37509
G01 X-81.34256 Y29.34032
G01 X-81.23860 Y29.32940
G01 X-81.07137 Y29.32940
G01 X-80.96741 Y29.34032
G01 X-80.80381 Y29.37509
G01 X-80.70442 Y29.40740
G01 X-80.55161 Y29.47542
G01 X-80.46108 Y29.52769
G01 X-80.32580 Y29.62599
G01 X-80.24810 Y29.69594
G01 X-80.13619 Y29.82022
G01 X-80.07475 Y29.90478
G01 X-79.99113 Y30.04961
G01 X-79.94861 Y30.14512
G01 X-79.89695 Y30.30417
G01 X-79.88496 Y30.36048
G01 X-79.88496 Y31.68954
G01 X-79.87302 Y31.74585
G01 X-79.82136 Y31.90490
G01 X-79.77884 Y32.00041
G01 X-79.69522 Y32.14524
G01 X-79.63378 Y32.22980
G01 X-79.52187 Y32.35410
G01 X-79.44419 Y32.42403
G01 X-79.36497 Y32.48159
G01 X-79.36497 Y35.37924
G01 X-79.51765 Y35.48882
G01 X-79.59532 Y35.55877
G01 X-79.71422 Y35.69083
G01 X-79.77566 Y35.77541
G01 X-79.86451 Y35.92928
G01 X-79.90703 Y36.02478
G01 X-79.92497 Y36.08000
G01 X-79.92497 Y36.96992
G01 X-79.90703 Y37.02524
G01 X-79.86451 Y37.12074
G01 X-79.77566 Y37.27464
G01 X-79.71422 Y37.35920
G01 X-79.59532 Y37.49125
G01 X-79.51765 Y37.56120
G01 X-79.40498 Y37.64304
G01 X-79.40498 Y40.95172
G01 X-79.43188 Y40.97593
G01 X-79.54376 Y41.10021
G01 X-79.60520 Y41.18479
G01 X-79.68885 Y41.32963
G01 X-79.73134 Y41.42510
G01 X-79.78303 Y41.58418
G01 X-79.80477 Y41.68642
G01 X-79.82225 Y41.85274
G01 X-79.82225 Y41.95728
G01 X-79.80477 Y42.12360
G01 X-79.78303 Y42.22584
G01 X-79.73134 Y42.38492
G01 X-79.68885 Y42.48040
G01 X-79.60520 Y42.62523
G01 X-79.54376 Y42.70981
G01 X-79.43188 Y42.83409
G01 X-79.35418 Y42.90404
G01 X-79.21887 Y43.00234
G01 X-79.12835 Y43.05462
G01 X-78.97556 Y43.12264
G01 X-78.87615 Y43.15492
G01 X-78.71257 Y43.18969
G01 X-78.60861 Y43.20064
G01 X-78.44138 Y43.20064
G01 X-78.33741 Y43.18969
G01 X-78.17381 Y43.15492
G01 X-78.07440 Y43.12264
G01 X-77.92162 Y43.05462
G01 X-77.83109 Y43.00234
G01 X-77.69579 Y42.90404
G01 X-77.61811 Y42.83409
G01 X-77.50620 Y42.70981
G01 X-77.44476 Y42.62523
G01 X-77.36114 Y42.48040
G01 X-77.31862 Y42.38492
G01 X-77.26693 Y42.22584
G01 X-77.24521 Y42.12360
G01 X-77.22771 Y41.95728
G01 X-77.22771 Y41.85274
G01 X-77.24521 Y41.68642
G01 X-77.26693 Y41.58418
G01 X-77.31862 Y41.42510
G01 X-77.36114 Y41.32963
G01 X-77.44476 Y41.18479
G01 X-77.50620 Y41.10021
G01 X-77.61811 Y40.97593
G01 X-77.69579 Y40.90598
G01 X-77.83109 Y40.80768
G01 X-77.90498 Y40.76503
G01 X-77.90498 Y37.64304
G01 X-77.79233 Y37.56120
G01 X-77.71466 Y37.49125
G01 X-77.59576 Y37.35920
G01 X-77.53432 Y37.27464
G01 X-77.44547 Y37.12074
G01 X-77.40295 Y37.02524
G01 X-77.38497 Y36.96992
G01 X-77.38497 Y36.08000
G01 X-77.36703 Y36.02478
G01 X-77.32451 Y35.92928
G01 X-77.23566 Y35.77541
G01 X-77.17422 Y35.69083
G01 X-77.05532 Y35.55877
G01 X-76.97765 Y35.48882
G01 X-76.82497 Y35.37924
G01 X-76.82497 Y32.48159
G01 X-76.90419 Y32.42403
G01 X-76.98187 Y32.35410
G01 X-77.09378 Y32.22980
G01 X-77.15522 Y32.14524
G01 X-77.23884 Y32.00041
G01 X-77.28136 Y31.90490
G01 X-77.33302 Y31.74585
G01 X-77.34496 Y31.68954
G01 X-77.34496 Y30.36036
G01 X-77.33302 Y30.30417
G01 X-77.28136 Y30.14512
G01 X-77.23884 Y30.04961
G01 X-77.15522 Y29.90478
G01 X-77.09378 Y29.82022
G01 X-76.98187 Y29.69594
G01 X-76.90419 Y29.62599
G01 X-76.76889 Y29.52769
G01 X-76.67836 Y29.47542
G01 X-76.52558 Y29.40740
G01 X-76.42617 Y29.37509
G01 X-76.26256 Y29.34032
G01 X-76.15860 Y29.32940
G01 X-75.99137 Y29.32940
G01 X-75.88741 Y29.34032
G01 X-75.72381 Y29.37509
G01 X-75.62442 Y29.40740
G01 X-75.47161 Y29.47542
G01 X-75.38108 Y29.52769
G01 X-75.24580 Y29.62599
G01 X-75.16810 Y29.69594
G01 X-75.05619 Y29.82022
G01 X-74.99475 Y29.90478
G01 X-74.91113 Y30.04961
G01 X-74.86861 Y30.14512
G01 X-74.81695 Y30.30417
G01 X-74.80496 Y30.36036
G01 X-74.80496 Y31.68969
G01 X-74.79302 Y31.74585
G01 X-74.74136 Y31.90490
G01 X-74.69884 Y32.00041
G01 X-74.61522 Y32.14524
G01 X-74.55378 Y32.22980
G01 X-74.44187 Y32.35410
G01 X-74.36419 Y32.42403
G01 X-74.22889 Y32.52235
G01 X-74.13836 Y32.57460
G01 X-73.98558 Y32.64262
G01 X-73.88617 Y32.67493
G01 X-73.72256 Y32.70970
G01 X-73.61860 Y32.72063
G01 X-73.45137 Y32.72063
G01 X-73.34741 Y32.70970
G01 X-73.18381 Y32.67493
G01 X-73.08442 Y32.64262
G01 X-72.93161 Y32.57460
G01 X-72.84108 Y32.52235
G01 X-72.70580 Y32.42403
G01 X-72.62810 Y32.35410
G01 X-72.51619 Y32.22980
G01 X-72.45475 Y32.14524
G01 X-72.37113 Y32.00041
G01 X-72.32861 Y31.90490
G01 X-72.27695 Y31.74585
G01 X-72.26499 Y31.68954
G01 X-72.26499 Y30.36036
G01 X-72.27695 Y30.30417
G01 X-72.32861 Y30.14512
G01 X-72.37113 Y30.04961
G01 X-72.45475 Y29.90478
G01 X-72.51619 Y29.82022
G01 X-72.62810 Y29.69594
G01 X-72.70580 Y29.62599
G01 X-72.84108 Y29.52769
G01 X-72.93161 Y29.47542
G01 X-73.08442 Y29.40740
G01 X-73.18381 Y29.37509
G01 X-73.34741 Y29.34032
G01 X-73.45137 Y29.32940
G01 X-73.61860 Y29.32940
G01 X-73.72256 Y29.34032
G01 X-73.88617 Y29.37509
G01 X-73.98558 Y29.40740
G01 X-74.13836 Y29.47542
G01 X-74.22889 Y29.52769
G01 X-74.36419 Y29.62599
G01 X-74.44187 Y29.69594
G01 X-74.55378 Y29.82022
G01 X-74.61522 Y29.90478
G01 X-74.69884 Y30.04961
G01 X-74.74136 Y30.14512
G01 X-74.79302 Y30.30417
G01 X-74.80496 Y30.36036
G01 X-74.80496 Y31.68969
G01 X-74.81695 Y31.74585
G01 X-74.86861 Y31.90490
G01 X-74.91113 Y32.00041
G01 X-74.99475 Y32.14524
G01 X-75.05619 Y32.22980
G01 X-75.16810 Y32.35410
G01 X-75.24580 Y32.42403
G01 X-75.32497 Y32.48156
G01 X-75.32497 Y35.43606
G01 X-75.25233 Y35.48882
G01 X-75.17466 Y35.55877
G01 X-75.05576 Y35.69083
G01 X-74.99432 Y35.77541
G01 X-74.90547 Y35.92928
G01 X-74.86295 Y36.02478
G01 X-74.80803 Y36.19377
G01 X-74.78629 Y36.29603
G01 X-74.76772 Y36.47274
G01 X-74.76772 Y36.57729
G01 X-74.78629 Y36.75399
G01 X-74.80803 Y36.85625
G01 X-74.86295 Y37.02524
G01 X-74.90547 Y37.12074
G01 X-74.99432 Y37.27464
G01 X-75.05576 Y37.35920
G01 X-75.17466 Y37.49125
G01 X-75.25233 Y37.56120
G01 X-75.36498 Y37.64304
G01 X-75.36498 Y39.17134
G01 X-75.31555 Y39.28421
G01 X-75.30133 Y39.33110
G01 X-75.28220 Y39.42724
G01 X-75.27740 Y39.47601
G01 X-75.27499 Y40.09437
G01 X-74.74263 Y40.62671
G01 X-74.60862 Y40.60938
G01 X-74.44136 Y40.60938
G01 X-74.33740 Y40.62033
G01 X-74.17382 Y40.65510
G01 X-74.07441 Y40.68739
G01 X-73.92162 Y40.75541
G01 X-73.83110 Y40.80768
G01 X-73.69579 Y40.90598
G01 X-73.61812 Y40.97593
G01 X-73.50621 Y41.10021
G01 X-73.44477 Y41.18479
G01 X-73.36115 Y41.32963
G01 X-73.31863 Y41.42510
G01 X-73.26694 Y41.58418
G01 X-73.24520 Y41.68642
G01 X-73.22772 Y41.85274
G01 X-73.22772 Y41.95728
G01 X-73.24520 Y42.12360
G01 X-73.26694 Y42.22584
G01 X-73.31863 Y42.38492
G01 X-73.36115 Y42.48040
G01 X-73.44477 Y42.62523
G01 X-73.50621 Y42.70981
G01 X-73.61812 Y42.83409
G01 X-73.69579 Y42.90404
G01 X-73.83110 Y43.00234
G01 X-73.92162 Y43.05462
G01 X-74.07441 Y43.12264
G01 X-74.17382 Y43.15492
G01 X-74.33740 Y43.18969
G01 X-74.44136 Y43.20064
G01 X-74.60862 Y43.20064
G01 X-74.71256 Y43.18969
G01 X-74.87616 Y43.15492
G01 X-74.97557 Y43.12264
G01 X-75.12835 Y43.05462
G01 X-75.21888 Y43.00234
G01 X-75.35418 Y42.90404
G01 X-75.43186 Y42.83409
G01 X-75.54377 Y42.70981
G01 X-75.60521 Y42.62523
G01 X-75.68883 Y42.48040
G01 X-75.73135 Y42.38492
G01 X-75.78304 Y42.22584
G01 X-75.80476 Y42.12360
G01 X-75.82226 Y41.95728
G01 X-75.82226 Y41.85274
G01 X-75.80468 Y41.68599
G01 X-76.58827 Y40.89899
G01 X-76.61936 Y40.86112
G01 X-76.67382 Y40.77961
G01 X-76.69690 Y40.73641
G01 X-76.73442 Y40.64583
G01 X-76.74864 Y40.59894
G01 X-76.76777 Y40.50280
G01 X-76.77498 Y40.40501
G01 X-76.77498 Y39.78871
G01 X-76.82441 Y39.67583
G01 X-76.83864 Y39.62894
G01 X-76.85776 Y39.53280
G01 X-76.86498 Y39.43501
G01 X-76.86498 Y37.64304
G01 X-76.97765 Y37.56120
G01 X-77.05532 Y37.49125
G01 X-77.17422 Y37.35920
G01 X-77.23566 Y37.27464
G01 X-77.32451 Y37.12074
G01 X-77.36703 Y37.02524
G01 X-77.38497 Y36.96992
G01 X-77.38497 Y36.08000
G01 X-77.40295 Y36.02478
G01 X-77.44547 Y35.92928
G01 X-77.53432 Y35.77541
G01 X-77.59576 Y35.69083
G01 X-77.71466 Y35.55877
G01 X-77.79233 Y35.48882
G01 X-77.86497 Y35.43606
G01 X-77.86497 Y32.48156
G01 X-77.78580 Y32.42403
G01 X-77.70810 Y32.35410
G01 X-77.59619 Y32.22980
G01 X-77.53475 Y32.14524
G01 X-77.45113 Y32.00041
G01 X-77.40861 Y31.90490
G01 X-77.35695 Y31.74585
G01 X-77.34496 Y31.68954
G01 X-77.34496 Y30.36036
G01 X-77.35695 Y30.30417
G01 X-77.40861 Y30.14512
G01 X-77.45113 Y30.04961
G01 X-77.53475 Y29.90478
G01 X-77.59619 Y29.82022
G01 X-77.70810 Y29.69594
G01 X-77.78580 Y29.62599
G01 X-77.92108 Y29.52769
G01 X-78.01161 Y29.47542
G01 X-78.16442 Y29.40740
G01 X-78.26381 Y29.37509
G01 X-78.42741 Y29.34032
G01 X-78.53137 Y29.32940
G01 X-78.69860 Y29.32940
G01 X-78.80256 Y29.34032
G01 X-78.96617 Y29.37509
G01 X-79.06558 Y29.40740
G01 X-79.21836 Y29.47542
G01 X-79.30889 Y29.52769
G01 X-79.44419 Y29.62599
G01 X-79.52187 Y29.69594
G01 X-79.63378 Y29.82022
G01 X-79.69522 Y29.90478
G01 X-79.77884 Y30.04961
G01 X-79.82136 Y30.14512
G01 X-79.87302 Y30.30417
G01 X-79.88496 Y30.36048
G01 X-79.88496 Y31.68954
G01 X-79.89695 Y31.74585
G01 X-79.94861 Y31.90490
G01 X-79.99113 Y32.00041
G01 X-80.07475 Y32.14524
G01 X-80.13619 Y32.22980
G01 X-80.24810 Y32.35410
G01 X-80.32580 Y32.42403
G01 X-80.40497 Y32.48156
G01 X-80.40497 Y35.43606
G01 X-80.33233 Y35.48882
G01 X-80.25466 Y35.55877
G01 X-80.13576 Y35.69083
G01 X-80.07432 Y35.77541
G01 X-79.98547 Y35.92928
G01 X-79.94295 Y36.02478
G01 X-79.92497 Y36.08000
G01 X-79.92497 Y36.96992
G01 X-79.94295 Y37.02524
G01 X-79.98547 Y37.12074
G01 X-80.07432 Y37.27464
G01 X-80.13576 Y37.35920
G01 X-80.25466 Y37.49125
G01 X-80.33233 Y37.56120
G01 X-80.44498 Y37.64304
G01 X-80.44498 Y40.82500
G01 X-80.45219 Y40.92279
G01 X-80.47132 Y41.01893
G01 X-80.48554 Y41.06582
G01 X-80.52306 Y41.15640
G01 X-80.54615 Y41.19960
G01 X-80.60061 Y41.28111
G01 X-80.66464 Y41.35536
G01 X-80.99530 Y41.68599
G01 X-80.97772 Y41.85274
G01 X-80.97772 Y41.95728
G01 X-80.99522 Y42.12360
G01 X-81.01694 Y42.22584
G01 X-81.06863 Y42.38492
G01 X-81.11115 Y42.48040
G01 X-81.19476 Y42.62523
G01 X-81.25620 Y42.70981
G01 X-81.36812 Y42.83409
G01 X-81.44579 Y42.90404
G01 X-81.58110 Y43.00234
G01 X-81.67162 Y43.05462
G01 X-81.82440 Y43.12264
G01 X-81.92382 Y43.15492
G01 X-82.08742 Y43.18969
G01 X-82.19136 Y43.20064
G01 X-82.35862 Y43.20064
G01 X-82.46258 Y43.18969
G01 X-82.62615 Y43.15492
G01 X-82.72557 Y43.12264
G01 X-82.87835 Y43.05462
G01 X-82.96888 Y43.00234
G01 X-83.10418 Y42.90404
G01 X-83.18185 Y42.83409
G01 X-83.29377 Y42.70981
G01 X-83.35521 Y42.62523
G01 X-83.43883 Y42.48040
G01 X-83.48135 Y42.38492
G01 X-83.53304 Y42.22584
G01 X-83.55478 Y42.12360
G01 X-83.57225 Y41.95728
G01 X-83.57225 Y41.85274
G01 X-83.55478 Y41.68642
G01 X-83.53304 Y41.58418
G01 X-83.48135 Y41.42510
G01 X-83.43883 Y41.32963
G01 X-83.35521 Y41.18479
G01 X-83.29377 Y41.10021
G01 X-83.18185 Y40.97593
G01 X-83.10418 Y40.90598
G01 X-82.96888 Y40.80768
G01 X-82.87835 Y40.75541
G01 X-82.72557 Y40.68739
G01 X-82.62615 Y40.65510
G01 X-82.46258 Y40.62033
G01 X-82.35862 Y40.60938
G01 X-82.19136 Y40.60938
G01 X-82.05735 Y40.62671
G01 X-81.94498 Y40.51436
G01 X-81.94498 Y37.64304
G01 X-82.05765 Y37.56120
G01 X-82.13532 Y37.49125
G01 X-82.25422 Y37.35920
G01 X-82.31566 Y37.27464
G01 X-82.40451 Y37.12074
G01 X-82.44703 Y37.02524
G01 X-82.46497 Y36.96992
G01 X-82.46497 Y36.08000
G01 X-82.48295 Y36.02478
G01 X-82.52547 Y35.92928
G01 X-82.61432 Y35.77541
G01 X-82.67576 Y35.69083
G01 X-82.79466 Y35.55877
G01 X-82.87233 Y35.48882
G01 X-82.94497 Y35.43606
G01 X-82.94497 Y32.48156
G01 X-82.86580 Y32.42403
G01 X-82.78810 Y32.35410
G01 X-82.67619 Y32.22980
G01 X-82.61475 Y32.14524
G01 X-82.53113 Y32.00041
G01 X-82.48861 Y31.90490
G01 X-82.43695 Y31.74585
G01 X-82.42496 Y31.68954
G01 X-82.42496 Y30.36048
G01 X-82.43695 Y30.30417
G01 X-82.48861 Y30.14512
G01 X-82.53113 Y30.04961
G01 X-82.61475 Y29.90478
G01 X-82.67619 Y29.82022
G01 X-82.78810 Y29.69594
G01 X-82.86580 Y29.62599
G01 X-83.00108 Y29.52769
G01 X-83.09161 Y29.47542
G01 X-83.24442 Y29.40740
G01 X-83.34381 Y29.37509
G01 X-83.50741 Y29.34032
G01 X-83.61137 Y29.32940
G01 X-83.77860 Y29.32940
G01 X-83.88256 Y29.34032
G01 X-84.04617 Y29.37509
G01 X-84.14558 Y29.40740
G01 X-84.29836 Y29.47542
G01 X-84.38889 Y29.52769
G01 X-84.52419 Y29.62599
G01 X-84.60187 Y29.69594
G01 X-84.71378 Y29.82022
G01 X-84.77522 Y29.90478
G01 X-84.85884 Y30.04961
G01 X-84.90136 Y30.14512
G01 X-84.95302 Y30.30417
G01 X-84.96496 Y30.36033
G01 X-84.96496 Y31.68969
G01 X-84.97695 Y31.74585
G01 X-85.02861 Y31.90490
G01 X-85.07113 Y32.00041
G01 X-85.15475 Y32.14524
G01 X-85.21619 Y32.22980
G01 X-85.32810 Y32.35410
G01 X-85.40580 Y32.42403
G01 X-85.54108 Y32.52235
G01 X-85.63161 Y32.57460
G01 X-85.78442 Y32.64262
G01 X-85.88381 Y32.67493
G01 X-86.00131 Y32.69990
G01 X-88.45573 Y35.15438
G01 X-88.52998 Y35.21841
G01 X-88.61149 Y35.27287
G01 X-88.65469 Y35.29596
G01 X-88.70905 Y35.31849
G01 X-88.79216 Y35.34770
G01 X-88.88830 Y35.36682
G01 X-88.98609 Y35.37404
G01 X-90.28222 Y35.37404
G01 X-90.31837 Y35.35392
G01 X-90.49667 Y35.29438
G01 X-90.67498 Y35.27452
G01 X-92.37498 Y35.27452
G01 X-92.59070 Y35.30358
G01 X-92.77498 Y35.37802
G01 X-92.79073 Y35.39723
G01 X-92.83693 Y35.48366
G01 X-92.86538 Y35.57746
G01 X-92.87498 Y35.67500
G01 X-92.87498 Y37.37502
G01 X-92.86538 Y37.47256
G01 X-92.83693 Y37.56636
G01 X-92.79073 Y37.65280
G01 X-92.72855 Y37.72857
G01 X-92.65278 Y37.79074
G01 X-92.56632 Y37.83695
G01 X-92.47254 Y37.86540
G01 X-92.37498 Y37.87502
G01 X-92.15829 Y37.87502
G01 X-91.97506 Y37.83575
G01 X-91.88026 Y37.82069
G01 X-91.70256 Y37.80202
G01 X-91.61384 Y37.79735
G01 X-91.43614 Y37.79735
G01 X-91.34740 Y37.80202
G01 X-91.16970 Y37.82069
G01 X-91.07493 Y37.83575
G01 X-90.89157 Y37.87502
G01 X-90.67498 Y37.87502
G01 X-90.57745 Y37.86540
G01 X-90.48364 Y37.83695
G01 X-90.39721 Y37.79074
G01 X-90.32144 Y37.72857
G01 X-90.25926 Y37.65280
G01 X-90.21306 Y37.56636
G01 X-90.18458 Y37.47256
G01 X-90.17498 Y37.37502
G01 X-90.17498 Y37.31002
G01 X-87.62498 Y37.31002
G01 X-87.62498 Y37.37502
G01 X-87.61537 Y37.47256
G01 X-87.58693 Y37.56636
G01 X-87.54072 Y37.65280
G01 X-87.47854 Y37.72857
G01 X-87.40278 Y37.79074
G01 X-87.31634 Y37.83695
G01 X-87.22254 Y37.86540
G01 X-87.12498 Y37.87502
G01 X-85.42498 Y37.87502
G01 X-85.32744 Y37.86540
G01 X-85.23364 Y37.83695
G01 X-85.14721 Y37.79074
G01 X-85.07144 Y37.72857
G01 X-85.00926 Y37.65280
G01 X-84.96306 Y37.56636
G01 X-84.93458 Y37.47256
G01 X-84.92498 Y37.37502
G01 X-84.92496 Y37.15463
G01 X-84.95676 Y37.01544
G01 X-84.98490 Y36.83776
G01 X-84.99450 Y36.74673
G01 X-85.00382 Y36.56903
G01 X-85.00382 Y36.48102
G01 X-84.99450 Y36.30332
G01 X-84.98490 Y36.21229
G01 X-84.95676 Y36.03461
G01 X-84.92493 Y35.89540
G01 X-84.92498 Y35.67500
G01 X-84.93458 Y35.57746
G01 X-84.96306 Y35.48366
G01 X-85.00926 Y35.39723
G01 X-85.07144 Y35.32146
G01 X-85.14721 Y35.25928
G01 X-85.23364 Y35.21308
G01 X-85.32744 Y35.18463
G01 X-85.42498 Y35.17500
G01 X-87.12498 Y35.17500
G01 X-87.22254 Y35.18463
G01 X-87.31634 Y35.21308
G01 X-87.40278 Y35.25928
G01 X-87.47854 Y35.32146
G01 X-87.54072 Y35.39723
G01 X-87.58693 Y35.48366
G01 X-87.61537 Y35.57746
G01 X-87.62498 Y35.67500
G01 X-87.62498 Y35.81003
G01 X-90.17498 Y35.81003
G01 X-90.17498 Y35.67500
G01 X-90.18458 Y35.57746
G01 X-90.21306 Y35.48366
G01 X-90.25926 Y35.39723
G01 X-90.27498 Y35.37805
G01 X-90.31837 Y35.35392
G01 X-90.49667 Y35.29438
G01 X-90.67498 Y35.27452
G01 X-92.37498 Y35.27452
G01 X-92.59070 Y35.30358
G01 X-92.76507 Y35.37404
G01 X-92.81333 Y35.37404
G01 X-94.12397 Y36.68468
G01 X-94.12397 Y38.42602
G01 X-94.13119 Y38.52381
G01 X-94.15031 Y38.61995
G01 X-94.16454 Y38.66687
G01 X-94.20205 Y38.75742
G01 X-94.22514 Y38.80065
G01 X-94.27960 Y38.88213
G01 X-94.31069 Y38.92003
G01 X-94.98267 Y39.59536
G01 X-95.05691 Y39.65940
G01 X-95.13840 Y39.71385
G01 X-95.18163 Y39.73697
G01 X-95.27218 Y39.77446
G01 X-95.31907 Y39.78868
G01 X-95.41521 Y39.80781
G01 X-95.46397 Y39.81261
G01 X-95.65460 Y39.81502
G01 X-95.71574 Y39.89920
G01 X-95.83466 Y40.03125
G01 X-95.91233 Y40.10120
G01 X-96.05610 Y40.20565
G01 X-96.14662 Y40.25790
G01 X-96.30896 Y40.33019
G01 X-96.40837 Y40.36249
G01 X-96.58218 Y40.39943
G01 X-96.68615 Y40.41035
G01 X-96.86384 Y40.41035
G01 X-96.96778 Y40.39943
G01 X-97.14162 Y40.36249
G01 X-97.24101 Y40.33019
G01 X-97.40337 Y40.25790
G01 X-97.49389 Y40.20565
G01 X-97.63763 Y40.10120
G01 X-97.71533 Y40.03125
G01 X-97.83423 Y39.89920
G01 X-97.89567 Y39.81464
G01 X-97.98452 Y39.66074
G01 X-98.02704 Y39.56524
G01 X-98.08195 Y39.39625
G01 X-98.10367 Y39.29399
G01 X-98.12224 Y39.11729
G01 X-98.12224 Y39.01274
G01 X-98.10367 Y38.83603
G01 X-98.08195 Y38.73377
G01 X-98.02704 Y38.56478
G01 X-97.98452 Y38.46928
G01 X-97.89567 Y38.31541
G01 X-97.83423 Y38.23083
G01 X-97.71533 Y38.09877
G01 X-97.63763 Y38.02882
G01 X-97.49389 Y37.92437
G01 X-97.40827 Y37.87500
G01 X-97.22506 Y37.83575
G01 X-97.13026 Y37.82069
G01 X-96.95257 Y37.80202
G01 X-96.86384 Y37.79735
G01 X-96.68615 Y37.79735
G01 X-96.59740 Y37.80202
G01 X-96.41970 Y37.82069
G01 X-96.32493 Y37.83575
G01 X-96.14157 Y37.87505
G01 X-95.92498 Y37.87502
G01 X-95.82745 Y37.86540
G01 X-95.73365 Y37.83695
G01 X-95.64721 Y37.79074
G01 X-95.62760 Y37.77467
G01 X-95.62397 Y37.76707
G01 X-95.62760 Y37.77467
G01 X-95.64721 Y37.79074
G01 X-95.73365 Y37.83695
G01 X-95.82745 Y37.86540
G01 X-95.92498 Y37.87502
G01 X-96.14157 Y37.87505
G01 X-96.05610 Y37.92437
G01 X-95.91233 Y38.02882
G01 X-95.83466 Y38.09877
G01 X-95.72697 Y38.21835
G01 X-95.62397 Y38.11536
G01 X-95.62397 Y37.76705
G01 X-95.58272 Y37.68056
G01 X-95.53903 Y37.52780
G01 X-95.52448 Y37.37502
G01 X-95.52448 Y36.37401
G01 X-95.52110 Y36.28569
G01 X-95.50593 Y36.15671
G01 X-95.48922 Y36.07289
G01 X-95.44939 Y35.93337
G01 X-95.42499 Y35.86626
G01 X-95.42499 Y35.84378
G01 X-93.65422 Y34.07302
G01 X-93.63131 Y34.07285
G01 X-95.42514 Y35.86669
G01 X-93.63131 Y34.07285
G01 X-93.56464 Y34.04861
G01 X-93.42512 Y34.00879
G01 X-93.29230 Y33.98481
G01 X-93.16332 Y33.97452
G01 X-89.52500 Y33.97353
G01 X-89.43666 Y33.97018
G01 X-89.35665 Y33.96228
G01 X-89.26617 Y33.94780
G01 X-89.19193 Y33.89403
G01 X-89.12980 Y33.84308
G01 X-89.06500 Y33.78301
G01 X-88.28789 Y33.00455
G01 X-88.17445 Y32.86627
G01 X-88.12701 Y32.79520
G01 X-88.06069 Y32.67717
G01 X-87.96635 Y32.62017
G01 X-87.85053 Y32.53485
G01 X-87.74705 Y32.44041
G01 X-87.65358 Y32.33513
G01 X-87.56836 Y32.21595
G01 X-87.48093 Y32.05822
G01 X-87.47499 Y31.97501
G01 X-87.47499 Y31.80130
G01 X-87.47499 Y31.97501
G01 X-87.48093 Y32.05822
G01 X-87.40631 Y31.98359
G01 X-87.44136 Y31.90490
G01 X-87.47499 Y31.80130
G01 X-87.49493 Y31.64151
G01 X-87.50369 Y31.47427
G01 X-87.50499 Y30.62505
G01 X-87.49493 Y30.40854
G01 X-87.47499 Y30.24862
G01 X-87.47773 Y30.02274
G01 X-87.48319 Y29.97077
G01 X-87.50491 Y29.86854
G01 X-87.52106 Y29.81883
G01 X-87.56358 Y29.72332
G01 X-87.58972 Y29.67806
G01 X-87.65116 Y29.59350
G01 X-87.68614 Y29.55467
G01 X-87.76381 Y29.48472
G01 X-87.80610 Y29.45401
G01 X-87.89663 Y29.40173
G01 X-87.94436 Y29.38047
G01 X-88.04377 Y29.34817
G01 X-88.09490 Y29.33732
G01 X-88.19825 Y29.32637
G01 X-89.32439 Y29.32500
G01 X-89.37730 Y29.32706
G01 X-89.45507 Y29.33732
G01 X-89.50620 Y29.34817
G01 X-89.60562 Y29.38047
G01 X-89.65334 Y29.40173
G01 X-89.74387 Y29.45401
G01 X-89.78616 Y29.48472
G01 X-89.86383 Y29.55467
G01 X-89.89881 Y29.59350
G01 X-89.96025 Y29.67806
G01 X-89.98639 Y29.72332
G01 X-90.02891 Y29.81883
G01 X-90.04506 Y29.86854
G01 X-90.06678 Y29.97077
G01 X-90.07498 Y30.07501
G01 X-90.07498 Y31.97501
G01 X-90.07224 Y32.02728
G01 X-90.06678 Y32.07925
G01 X-90.04506 Y32.18151
G01 X-90.02891 Y32.23119
G01 X-89.98639 Y32.32670
G01 X-89.96025 Y32.37196
G01 X-89.89881 Y32.45652
G01 X-89.86383 Y32.49535
G01 X-89.80813 Y32.54552
G01 X-89.83564 Y32.57303
G01 X-93.96489 Y32.57303
G01 X-94.06266 Y32.58024
G01 X-94.15880 Y32.59937
G01 X-94.20568 Y32.61359
G01 X-94.29626 Y32.65111
G01 X-94.33947 Y32.67419
G01 X-94.42097 Y32.72865
G01 X-94.49522 Y32.79269
G01 X-96.87753 Y35.17500
G01 X-97.62498 Y35.17500
G01 X-97.72254 Y35.18463
G01 X-97.81632 Y35.21308
G01 X-97.90278 Y35.25928
G01 X-97.97855 Y35.32146
G01 X-98.04073 Y35.39723
G01 X-98.08693 Y35.48366
G01 X-98.11538 Y35.57746
G01 X-98.12498 Y35.67500
G01 X-98.12498 Y37.37502
G01 X-98.11538 Y37.47256
G01 X-98.08693 Y37.56636
G01 X-98.04073 Y37.65280
G01 X-97.97855 Y37.72857
G01 X-97.90278 Y37.79074
G01 X-97.81632 Y37.83695
G01 X-97.72254 Y37.86540
G01 X-97.62498 Y37.87502
G01 X-97.40827 Y37.87500

G04 P0 ( dwell for no time -- G64 should not smooth over this point )
G00 Z5.000000 ( retract )
(Block-name: block)
(Block-expand: 0)
(Block-enable: 1)

M5 ( Spindle off. )
G04 P1.000000
M9 ( Coolant off. )
M2 ( Program end. )

